id,profile,area,provision,citation,url,source_checked,effective_from,effective_to,status,reason,config_path,golden,probe,verified_at
CN-N01,CN,overtime,"Applies: 1995 onward; ordinary employees, approved alternative schedules. [Labour Law arts. 36–44, 51](https://www.mohrss.gov.cn/xxgk2020/fdzdgknr/zcfg/fl/202011/t20201102_394625.html): standard hours, rest, holidays, employer-arranged overtime at 150%/200%/300%; distinguish approved comprehensive/irregular hours and compensatory rest.","Labour Law arts. 36–44, 51",https://www.mohrss.gov.cn/xxgk2020/fdzdgknr/zcfg/fl/202011/t20201102_394625.html,2026-09-29,1995-01-01,,PARTIAL,"Register status: Partial [IN-SYSTEM 2026-09-29]. Calculation only (register correction, round 6, 28 Sep 2026): the art.44 bands are seeded in every CN version and priced by `tests/statutory-golden-cn.test.ts` — Shanghai 150/200/300% on the 21.75-day hour, Kunming 150/200%. Open: approved comprehensive/irregular-hours schedules and compensatory rest. Evidence and probe needed: Approved schedule, dated day type, actual work and rest, premium wage base, signed approval; weekday/rest/holiday boundary probes. R48 origin: CN21 (first-pass sample; migration implies no closure). [R9 2026-09-30] Probes listed: 150/200/300% in both cities (CN-SH03-1, CN-KM-WP08-1..3, run 29 Sep 2026); added, not yet run: compensatory rest in place of the rest-day premium (CN-SH03-2, CN-KM-WP08-4). Open: approved comprehensive/irregular-hours schedules.",work_rules.bands; work_rules.overtime_when; work_rules.normal_hours,"Shanghai — overtime at 150% / 200% / 300% on the 21.75-day hour (CN-N01, N02, SH03)",CN-SH03-1; CN-SH03-2; CN-KM-WP08-1; CN-KM-WP08-2; CN-KM-WP08-3; CN-KM-WP08-4,
CN-N02,CN,proration,"Applies: 1 Jan 2025 onward; all paid employee time. [MOHRSS 人社部发〔2025〕2号](https://www.mohrss.gov.cn/SYrlzyhshbzb/laodongguanxi_/zcwj/202501/t20250101_533693.html), from 1 January 2025: 20.67 standard working days/month but 21.75 paid conversion days/month and eight hours/day for daily/hourly wage conversion.",MOHRSS 人社部发〔2025〕2号,https://www.mohrss.gov.cn/SYrlzyhshbzb/laodongguanxi_/zcwj/202501/t20250101_533693.html,2026-09-29,2025-01-01,,TESTED,"Register status: Yes. Calculation only: seeded 21.75/8 divisor priced by `tests/statutory-golden-cn.test.ts` in both cities (21,750 → 1,000/day, 125/hour; unpaid day 1,000; Shanghai and Kunming joiner/leaver on working days × 21.75 day; a mid-month rise splits one month's 21.75 across its two rates by working days, January and February 2026 both 24,200 on 22,000/26,400); no production probe. Evidence and probe needed: Distinct work capacity and wage divisor; CNY21,750/month → CNY1,000/day and CNY125/hour. Closed 2026-09-29: the saved-input/output probe `tests/compliance-closure-cn-saved.test.ts` persists a Shanghai unpaid day through the `payroll_runs` transform and proves the 21.75 denominator, the CNY1,000 absence line and gross 20,750; the joiner, leaver and mid-month cases stay priced by `tests/statutory-golden-cn.test.ts`. R48 origin: CN23 (first-pass sample; migration implies no closure). [R9 2026-09-30] Probes listed: joiner, leaver and mid-month rise on the 21.75-day conversion (CN-SH43-1, CN-SH05-3, CN-KM20-1, CN-KM-WP03-1 run 29 Sep 2026); leavers CN-SH02-1 and CN-KM-WP06-1 added, not yet run. [LIT-01 2026-09-30] A weekly, daily or hourly wage reaches its month by `work_rules.rate_conversions` (seeded: a week × 52 ÷ 12, a day × days a week × 52 ÷ 12, an hour × weekly hours × 52 ÷ 12). The law states no conversion, so this is the recorded default (the engine's former built-in, now configuration); golden: tests/rate-conversions.test.ts, pending the test phase.",work_rules.ordinary_divisor_days; work_rules.proration; work_rules.rate_conversions,saved Shanghai payroll prices one unpaid day on the 21.75-day conversion (CN-N02),CN-SH43-1; CN-SH05-3; CN-KM20-1; CN-KM-WP03-1; CN-SH02-1; CN-KM-WP06-1,
CN-N03,CN,rest_holiday,"Applies: 1 Jan 2025 onward; all employees, group-specific holidays where eligible. [State Council Order 795](https://www.gov.cn/zhengce/content/202411/content_6986380.htm), from 1 January 2025: thirteen all-citizen statutory festival days, other group-specific days and substitution. The [2026 State Council General Office schedule, 国办发明电〔2025〕7号 of 4 Nov 2025](https://www.gov.cn/zhengce/content/202511/content_7047090.htm) (issuer copy since 28 Sep 2026; previously cited via a Gansu county republication) includes adjusted workdays, which are not extra statutory holidays.","State Council Order 795; 2026 State Council General Office schedule, 国办发明电〔2025〕7号 of 4 Nov 2025",https://www.gov.cn/zhengce/content/202411/content_6986380.htm,2026-09-29,2025-01-01,,GAP,"Register status: No [IN-SYSTEM 2026-09-29]. CN sealed profiles exist (CN-shanghai, CN-kunming) but no jurisdiction_holidays rows, and the 调休 adjusted working Saturdays/Sundays cannot be expressed: `jurisdiction_holidays.kind` has no working-day value, so a MON-FRI pattern needs roster rows for them. No production probe. Evidence and probe needed: Dated statutory-holiday and adjusted-workday calendar, worker's actual rest pattern; Spring Festival distinction and year boundaries. R48 origin: CN21 (first-pass sample; migration implies no closure).",jurisdiction_holidays,,,
CN-N04,CN,wages,"Applies: 1995 onward; wage-paying employers and employees. [Interim Wage Payment Regulation 劳部发〔1994〕489号](https://www.mohrss.gov.cn/xxgk2020/gzk/gz/202112/t20211228_431557.html) (MOHRSS rules library, read in the in-app browser 29 Sep 2026; replaces a Yueyang city republication), arts. 6–17: wage records/statement, at-least-monthly payday, exit settlement, paid civic/leave time, stoppage, lawful deductions, employee-loss deduction no more than 20% of monthly wage and post-deduction local minimum.",Interim Wage Payment Regulation 劳部发〔1994〕489号,https://www.mohrss.gov.cn/xxgk2020/gzk/gz/202112/t20211228_431557.html,2026-09-30,1995-01-01,,PARTIAL,"Register status: Partial [IN-SYSTEM 2026-09-29]. Calculation only (register correction, round 6): one unpaid day at the 21.75 day is priced by `tests/statutory-golden-cn.test.ts` in both cities. Open: wage statement/receipt, stoppage pay, the 20% employee-loss deduction cap. Evidence and probe needed: Pay event and proof of receipt, leave/stop reason, deduction authority, monthly wage and local minimum; reconcile with each city rule. R48 origin: CN24 (first-pass sample; migration implies no closure). [R9 2026-09-30] Probes listed: one unpaid day at the 21.75 day (CN-SH09-2, CN-KM-WP12-1, run 29 Sep 2026). 劳部发〔1994〕489号 arts.15–16 re-read on MOHRSS 30 Sep 2026: art.15(3) court-ordered 抚养费/赡养费 is expressible now as a NET/SUBTRACT ad hoc class with evidence (as TW COURT_GARNISHMENT) but was not seeded: `tests/counts-toward-matrix.test.ts` (outside this round’s files) must list the class first. Open: stoppage pay (art.12) and the art.16 20%-of-this-month cap (engine: the month’s wage in the ad hoc band context).",work_rules.proration,"Shanghai — one day of unpaid personal leave is the 21.75 day (CN-N02, N04)",CN-SH09-2; CN-KM-WP12-1,
CN-N05,CN,leave,Applies: 2008 onward; continuous-service-eligible employees. [Paid Annual Leave Regulation](https://xzfg.moj.gov.cn/front/law/detail?LawID=208) and [enterprise implementation measure](https://rsj.sh.gov.cn/trlzyhshbzbgz_17256/20200617/t0035_1388390.html): twelve continuous-work months to qualify; total verified service across employers determines 5/10/15 days at 1/10/20 years; pro-rate joining/exiting calendar years with floor; specific paid personal/sick/school/dispatch exclusions.,Paid Annual Leave Regulation; enterprise implementation measure,https://xzfg.moj.gov.cn/front/law/detail?LawID=208,2026-09-29,2008-01-01,,PARTIAL,"Register status: Partial [IN-SYSTEM 2026-09-29]. Seeded 28 Sep 2026: `ANNUAL_LEAVE` in every CN-shanghai and CN-kunming version (twelve months' cumulative service to qualify, 5/10/15 on `service_months + prior_service_months`, `CALENDAR_DAYS` + `WHOLE_DAY_DOWN`, `encash_on_exit`). `tests/leave-entitlement-golden.test.ts`: 3/30/70 months → none/5/5 on every version; `tests/statutory-golden-cn.test.ts`: 126 months → 10 days → 181/365 → 4, 90 months → 2, both cities. Open: CALENDAR_DAYS divides by the window’s days, so a leap year reads 366, not the measure’s 365; deemed service and the art.4 exclusions unmodelled. Owner rule 2026-09-28, recorded defaults (the law is silent; [人社厅函〔2009〕149号](http://www.mohrss.gov.cn/ldgxs/LDGXlaodongbiaozhun/LDGXLgongshixiujia/200904/t20090415_86611.html), read 28 Sep 2026, answers only the twelve months and cumulative service; 实施办法 arts.5/12 pro-rate only a new hire’s and a leaver’s year), in every ANNUAL_LEAVE authority of both cities: the year twelve months are first completed is granted in full from that day, not pro-rated from it (hired 1 Oct 2025 → 0 on 30 Sep 2026, 5 from 1 Oct 2026, 5 paid on a 31 Dec 2026 exit); a year cumulative service reaches 10/20 years grants the higher band in full from that day (hired 1 Jul 2016 → 5 on 30 Jun 2026, 10 from 1 Jul). Lawful as neither grants less than a pro-rated reading. Golden in `tests/statutory-golden-cn.test.ts`. Evidence and probe needed: Prior-employer and deemed service evidence, service continuity, actual leave and absence histories, calendar-year transitions; each threshold and exclusion probed. R48 origin: CN16 (first-pass sample; migration implies no closure). [Second pass 28 Sep 2026] Seeded, both cities, every sealed version (fix in place: missing transcription of unchanged law): `ANNUAL_LEAVE`, `MATERNITY_LEAVE`, `PATERNITY_LEAVE`, `MARRIAGE_LEAVE` (Shanghai 沪府规〔2022〕18号 art.2, read on shanghai.gov.cn; Yunnan regulation arts.18 and 35, read on ynrd.gov.cn), `work_rules.encashment` and `payroll.final_pay_deadlines`. Rows CN-N05/N06/N18/N20/N51, CN-SH02/SH13, CN-KM30, CN-KM-WP06. [R9 2026-09-30] Probe listed: CN-SH50-1 (run 29 Sep 2026) — a leaver’s 1.97 → 1 day paid at the further 200% of the 12-month day wage.",leave_catalogue:ANNUAL_LEAVE,Both cities — the first eligible year and a mid-year band crossing are granted in full (CN-N05 recorded defaults),CN-SH50-1,
CN-N06,CN,leave,"Applies: 2008 onward; eligible leave and separation. Same leave texts: leave taken at normal pay; unused statutory leave is 300% total day wage including normal pay already paid. Day wage averages the current employer's previous twelve wage months excluding overtime, or actual shorter tenure, divided by 21.75; no clawback of excess leave taken on exit.",Same leave texts,https://xzfg.moj.gov.cn/front/law/detail?LawID=208,2026-09-29,2008-01-01,,PARTIAL,"Register status: Partial [IN-SYSTEM 2026-09-29]. Seeded 28 Sep 2026: `work_rules.encashment` in every CN version (`earned_monthly_average(12, [""OVERTIME""]) / 21.75 * 2.0`). `tests/statutory-golden-cn.test.ts`, both cities: 4 days → 8,091.95 (not 8,229.89 with overtime), 2 days → 4,045.98. Bonus averaged in (实施办法 art.11 excludes only overtime): both bonus classes mark WAGES in every CN version since 28 Sep 2026 (fix in place); golden 12 × 22,000 + 12,000 bonus, 4 days → 8,459.77. Open: in-service unused-leave cash and written refusal unmodelled 29 Sep 2026: the `work_rules.encashment` authority text in every version, which still said the bonus was not averaged in, now matches the seed (fix in place). Evidence and probe needed: Same-employer wage history, variable/commission pay, overtime exclusions, written employee refusal, carry agreement; cash increment and exit cases. R48 origin: CN18 (first-pass sample; migration implies no closure). [R9 2026-09-30] Probe listed: CN-SH50-1 (run 29 Sep 2026) — a leaver’s 1.97 → 1 day paid at the further 200% of the 12-month day wage.",work_rules.encashment; leave_catalogue:ANNUAL_LEAVE,"Both cities — a bonus in the 12 months enters the annual-leave day wage; overtime alone is left out (CN-N05, N06)",CN-SH50-1,
CN-N07,CN,contribution,"Applies: 1 Dec 2025 onward; enrolled employees and employers; 2027 medical-law boundary. [Social Insurance Law, consolidated after the 29 Dec 2018 NPCSC amendment](http://www.npc.gov.cn/zgrdw/npc/xinwen/2019-01/07/content_2070267.htm) (the [amendment decision](https://npc.gov.cn/zgrdw/npc/xinwen/2018-12/29/content_2069931.htm) changed arts. 57, 64 and 66, merging medical and maternity fund accounting; the previously cited 2010 gov.cn text returned 404 on 28 Sep 2026): pension, medical, unemployment shared by employer/employee; work-injury and maternity employer-funded; registration, declarations, payment and corrections. [2026 Medical Security Law, NPC text adopted 28 Aug 2026](http://www.npc.gov.cn/npc/c2/c30834/202608/t20260828_457228.html) (replaces a MOFCOM copy) begins 1 January 2027, not in 2025–26. Waiver agreements are CN-N37, HK/Macao/Taiwan residents CN-N48, and arrears surcharges CN-N49.","Social Insurance Law, consolidated after the 29 Dec 2018 NPCSC amendment; amendment decision; 2026 Medical Security Law, NPC text adopted 28 Aug 2026",http://www.npc.gov.cn/zgrdw/npc/xinwen/2019-01/07/content_2070267.htm,2026-09-29,2025-12-01,,PARTIAL,"Register status: Partial [PROBE 2026-09-29]. Sealed Shanghai and Kunming pension, medical, unemployment and injury schemes now calculate from dated bases and rates; explicit `NOT_REGISTERED` can no longer silently zero them. Pension requires a recorded base for covered workers but assesses zero for a documented pension recipient even when explicitly unregistered; the other schemes assess from the base with an incomplete-registration warning. Agency registration/remittance and production output remain unverified. Evidence and probe needed: City-specific scope, five scheme rates/bases, resident/foreign/post-retirement coverage, registration and collection records; date boundary. R48 origin: CN15 (first-pass sample; migration implies no closure). [CN registration-status audit 29 Sep 2026] [Social Insurance Law arts. 10, 23, 33, 44, 53, 58, 60 and 63 (2018 consolidated)](https://www.samr.gov.cn/zw/zfxxgk/fdzdgknr/bgt/art/2023/art_e81d115419b4463ebb59ec46467fb136.html) makes ordinary employee insurance compulsory, directs the agency to assess fees where registration is missing, and requires full payment. In every Shanghai and Kunming scheme version, an explicit `NOT_REGISTERED` now `ASSESS`es `PENSION` from a declared `contribution_base`; `MEDICAL`, `UNEMPLOYMENT`, `INJURY`, and Kunming `MATERNITY` assess from that pension base. Covered workers without the base refuse, while a documented pension recipient has zero pension coverage. A positive assessment warns that registration is incomplete; a calculated charge is not proof of agency registration or remittance. [R9 2026-09-30] Probes listed: every scheme on a declared base in both cities and an unregistered worker still assessed (run 29 Sep 2026).",statutory_contributions:PENSION; statutory_contributions:MEDICAL; statutory_contributions:UNEMPLOYMENT; statutory_contributions:INJURY; statutory_contributions:MATERNITY; obligations:SI_REGISTRATION,"Shanghai — December 2025: pension, medical, unemployment, injury and housing fund on a declared base (CN-SH05, SH06, SH07, SH09)",CN-SH05-1; CN-KM-WP09-1; CN-KM28-1,
CN-N08,CN,contribution,"Applies: 1 Dec 2025 onward; fund-covered employees; amendment effective 20 Sep 2026. [Housing Provident Fund Regulation arts. 13–20 as amended by State Council Order 844](https://www.gov.cn/zhengce/content/202608/content_7078477.htm) (third revision, signed 10 Aug 2026, published 18 Aug, effective 20 Sep 2026; the State Council Gazette 2026 No. 24 copy returned HTTP 404 on 29 Sep 2026 and is no longer cited — the issuer page above is live and arts. 16–19 keep their numbers; replaces a Ministry of Ecology and Environment republication): existing worker prior-year average, first-ever worker contribution from second month, transferred worker from new employer's first paid month, employer/worker shares and remittance within five days after payday; entity/hire/exit registration has separate 30-day deadlines. The 20 September 2026 amendment changes the national percentage approval wording but creates no automatic new Shanghai/Kunming payroll rate; art. 49 expressly permits self-employed, part-time and other flexible workers to voluntarily pay under local rules, and art. 39 raises the sanction for unregistered employers to CNY50,000–300,000 after an uncured order. Revised art. 18: worker and unit ratios are each at least 5% of the prior-year monthly average wage and may not exceed a national maximum, with the specific ratio set by the fund management committee; whether a national maximum has been published (which could constrain Kunming 5–12%) is unchecked. The MOHURD explanation on moj.gov.cn redirected (302) and was not verified. City scope, rates and hardship process control the payable.",Housing Provident Fund Regulation arts. 13–20 as amended by State Council Order 844,https://www.gov.cn/zhengce/content/202608/content_7078477.htm,2026-09-29,2025-12-01,,PARTIAL,"Register status: Partial [IN-SYSTEM 2026-09-29]. Sealed Shanghai and Kunming housing-fund schemes now price dated ordinary contributions; explicit `NOT_REGISTERED` refuses for a covered worker lacking a base, but a documented pension recipient assesses zero; account setup/remittance evidence, issuer originals for 2026 city notices, existing-account Kunming floor, Mo Han fund amount and production output remain open. Evidence and probe needed: First-ever/transfer/part-time classification, employer payroll history, city rate/bounds/rounding, payday, registration and remittance evidence; 19/20 September amendment boundary and no invented flexible-worker employer deduction. R48 origin: CN12 (first-pass sample; migration implies no closure). [CN registration-status audit 29 Sep 2026] [Housing Provident Fund Regulation arts. 13–20 and 39–40, as amended by State Council Order 844 from 20 Sep 2026](https://legalinfo.moj.gov.cn/zhfxfzzx/fzzxyw/202608/t20260819_538654.html) requires account setup and full contributions; missing registration never cancels liability. `HOUSING_FUND` now `ASSESS`es an explicit `NOT_REGISTERED` status from a declared base, or assesses zero for a documented pension recipient or an evidenced first-ever worker in the first employment month. A covered worker without the base refuses. The separate Mo Han and existing-account fund blockers remain. [CN registration-status audit 29 Sep 2026] Required-election recheck, 29 Sep: all seven dated city versions had unconditional `contribution_base` on `PENSION` and `HOUSING_FUND`. The [MOHRSS-hosted employment guidance on re-employed basic-pension recipients](https://chinajob.mohrss.gov.cn/h5/c/2021-05-08/302804.shtml) and [Shanghai fund management measure art. 21](https://www.shanghai.gov.cn/qyzfgjjsjzc/20240927/2c95b2e3e9a542c2a32af7eddf25048a.html) support zero coverage for a documented pension recipient; [same measure art. 16](https://www.shanghai.gov.cn/qyzfgjjsjzc/20240927/2c95b2e3e9a542c2a32af7eddf25048a.html) and [national fund regulation art. 17](https://legalinfo.moj.gov.cn/zhfxfzzx/fzzxyw/202608/t20260819_538654.html) place a first-ever worker’s fund start in month two. The election is now conditional, and `NOT_REGISTERED` uses `ASSESS` so the covered case still refuses without a base while these documented exclusions price zero. The saved payroll probe in `tests/cn-fund-nonregistration.test.ts` covers a dated `NOT_REGISTERED` first-ever declaration with a reference and the covered missing-base refusal; it has not yet run. Foreign/permanent-resident optional fund coverage was not added to the requirement predicate here because the Kunming issuer text for the enrolment conditions was not authenticated; that branch remains fail closed without a base. [R9 2026-09-30] Probes listed: first-ever joining month nil and second month charged (CN-SH43-1/2; CN-KM20-1 run 29 Sep 2026; CN-KM20-2 added, not yet run).",statutory_contributions:HOUSING_FUND; facts.housing_fund_rate; obligations:HF_REMITTANCE,"Shanghai — the fund month after a first-ever join, and a transferred joiner (Regulation art.17; CN-SH43)",CN-SH43-1; CN-SH43-2; CN-KM20-1; CN-KM20-2,
CN-N09,CN,tax,"Applies: 1 Dec 2025 onward; salary recipients by tax residence. [IIT Law arts. 1, 3, 6](https://fgk.chinatax.gov.cn/zcfgk/c100009/c5193028/content.html) (STA law library, as amended 31 Aug 2018) and the [STA 2018 withholding measure](https://www.chinatax.gov.cn/n810219/n810744/n3752930/n3752974/c3963396/content.html): resident salary cumulative withholding at this employer, annual CNY5,000/month basic expense, special/additional deductions, prior tax withheld; no negative current-payroll refund. Nonresident salary uses a separate monthly table; monthly all-person/all-income declaration and remittance by the next month's 15th subject to tax calendar.","IIT Law arts. 1, 3, 6; STA 2018 withholding measure",https://fgk.chinatax.gov.cn/zcfgk/c100009/c5193028/content.html,2026-09-29,2025-12-01,,TESTED,"Register status: Partial [PROBE 2026-09-29]. Calculation only: cumulative withholding priced by `tests/statutory-golden-cn.test.ts` (January reset 345; December cumulative; the 35,000/1,050 → 130 probe; negative balance withholds nothing; unrecorded residence refuses; Kunming joiner 82.79, leaver-month 34.49, unpaid-day 326.99, ordinary bonus 616.20); no production probe or filing. Evidence and probe needed: Tax residence, payment month, same-employer YTD wages/deductions/tax, nonresident method, evidence-backed relief claims, filing/payment receipts. R48 origin: CN07 (first-pass sample; migration implies no closure). [CN registration-status audit 29 Sep 2026] [Individual Income Tax Law arts. 9, 12 and 14](https://www.chinatax.gov.cn/n810219/n810744/n3752930/n3752974/c3970366/content.html) makes the payer the withholding agent when taxable income is paid. `IIT`, `IIT_BONUS`, `IIT_SEVERANCE`, `IIT_INTERNAL_RETIREMENT`, and `IIT_EARLY_RETIREMENT` now `ASSESS` despite `NOT_REGISTERED`, using each class’s existing eligibility and calculation rules, with the engine’s incomplete-registration warning. A tax registration/filing receipt remains an external employer action. [Directly observed implementation gap] Distinct tax and insurance histories are required: same-employer current-year salary/withholding, prior-full-year low-income option, current-employer annual-leave wage history, prior-employer service history, and housing-fund first-ever/transfer status. Prior-employer salary is not a generic opening balance. [R9 2026-09-30] Probes listed: cumulative withholding across months on the production path (CN-SH05-3, CN-SH50-1 run 29 Sep 2026; CN-SH06-1 added, not yet run).",statutory_contributions:IIT; obligations:IIT_DECLARATION,"Shanghai — the register probe: 35,000 taxable and 1,050 withheld, then 2,000 more → 130 (CN-N09, N38)",CN-SH05-3; CN-SH50-1; CN-SH06-1; CN-N10-3,
CN-N10,CN,tax,Applies: 1 Dec 2025–31 Dec 2027; qualifying resident bonus recipient. [MOF/STA 2023 No. 30](https://fgk.chinatax.gov.cn/zcfgk/c102416/c5211524/content.html): qualifying annual one-off bonus may elect separate bonus÷12 table through 2027; [STA rule](https://www.chinatax.gov.cn/n810341/n810765/n812188/n812950/c1201370/content.html) limits this to once per person/year.,MOF/STA 2023 No. 30; STA rule,https://fgk.chinatax.gov.cn/zcfgk/c102416/c5211524/content.html,2026-09-30,2025-12-01,2027-12-31,TESTED,"Register status: Yes. Calculation only: seeded `IIT_BONUS` priced by `tests/statutory-golden-cn.test.ts` (12,000 → 360; 36,001 → 3,390.10; Kunming 36,000 → 1,080 beside its wage 316.20; second use refuses; Shanghai non-resident refuses; Kunming non-resident multi-month bonus under MOF/STA 2019 No.35 item 3(2): 60,000 → 4,740 beside wage 3,590, CN-KM-A1); no production probe. Evidence and probe needed: Bonus class, election and year-use history; CNY12,000 qualified bonus → CNY360, ordinary quarterly bonus joins wage base; second bonus and year-end cases. Closed 2026-09-29: the saved-input/output probe `tests/compliance-closure-cn-saved.test.ts` persists a CNY12,000 `ANNUAL_BONUS_SEPARATE` election through the `payroll_runs` transform and proves IIT_BONUS base 12,000 / employee 360; the remaining bonus branches stay priced by `tests/statutory-golden-cn.test.ts`. R48 origin: CN08 (first-pass sample; migration implies no closure). [R9 2026-09-30] Shanghai non-resident multi-month bonus configured 30 Sep 2026: MOF/STA 2019 No.35 item 3(2) (re-read on fgk.chinatax.gov.cn 30 Sep 2026: [(数月奖金÷6)×税率−速算扣除数]×6, 在一个公历年度内…只允许适用一次) transcribed into every CN-shanghai `IIT_BONUS` version as Kunming carries it (fix in place: the rule predates every version); the Shanghai golden now prices 12,000 → 360. Added, not yet run: CN-N10-2 (Shanghai non-resident 60,000 → 4,740 beside wage 3,590), CN-N10-3 and CN-KM-A1-2 (a second use in the year refuses the run).",statutory_contributions:IIT_BONUS; adhoc_catalogue:ANNUAL_BONUS_SEPARATE; adhoc_catalogue:BONUS,saved Shanghai payroll taxes a separately elected annual bonus at ÷12 (CN-N10),CN-N10-1; CN-N10-2; CN-N10-3; CN-KM-WP09-4; CN-KM-A1-1; CN-KM-A1-2,
CN-N11,CN,tax,"Applies: 1 Dec 2025 onward; eligible continuing resident employee. [STA 2020 No. 19](https://fgk.chinatax.gov.cn/zcfgk/c100012/c5194953/content.html): full CNY60,000 annual basic deduction from January only if the prior full year had salary declarations at the same employer each month, prior gross salary including bonus ≤CNY60,000, and continuous employment, subject to election.",STA 2020 No. 19,https://fgk.chinatax.gov.cn/zcfgk/c100012/c5194953/content.html,2026-09-29,2025-12-01,,PARTIAL,"Register status: Partial [PROBE 2026-09-29]. Calculation only (register correction, round 6): the 60,000 election is priced by `tests/statutory-golden-cn.test.ts` (Shanghai July case). Open: the prior-year same-employer qualification is an election the operator records, not derived. Evidence and probe needed: Prior-year twelve filing months, all gross wages/bonus, same-employer continuity and election; CNY10,000 January qualifying case with zero withholding. R48 origin: CN09 (first-pass sample; migration implies no closure). [R9 2026-09-30] Added, not yet run: CN-N11-1 — the 60,000 election on a 10,000 January wage withholds nothing (the qualification stays the operator’s record).",statutory_contributions:IIT,"Shanghai — first wage income in July deducts from January; the 60,000 election; the rent cap (CN-N11, N44, N54)",CN-N11-1,
CN-N12,CN,severance,"Applies: 1 Dec 2025 onward; covered employment contracts and exits. [Labour Contract Law, consolidated through its 2012 amendment](https://www.samr.gov.cn/zw/zfxxgk/fdzdgknr/bgt/art/2023/art_0abfdd261c03417b949df19d869add8d.html) and its implementing rules: written-contract failure, probation, unpaid wages, termination notice/reason, service-year-based severance and capped three-times-city-average base where applicable.","Labour Contract Law, consolidated through its 2012 amendment",https://www.samr.gov.cn/zw/zfxxgk/fdzdgknr/bgt/art/2023/art_0abfdd261c03417b949df19d869add8d.html,2026-09-30,2025-12-01,,PARTIAL,"Register status: Partial [IN-SYSTEM 2026-09-29]. CN-shanghai and CN-kunming are sealed and carry the LCL money remedies in every version — `NO_WRITTEN_CONTRACT_WAGE`, `OPEN_ENDED_CONTRACT_WAGE`, `PROBATION_EXCESS_DAMAGES`, `PROBATION_WAGE_SHORTFALL` and `SEVERANCE_PAY` with the art.40 month in lieu of notice and art.87 2N — priced by `tests/statutory-golden-cn.test.ts` (CN-N41). Open: termination-protection gates (arts. 42, 45), the notice workflow itself and a production probe. The NPC database ([flk.npc.gov.cn](https://flk.npc.gov.cn/)) renders no page outside its app (29 Sep 2026), so the live SAMR consolidation stays the cited text. Evidence and probe needed: Dated service across continuity transfers, termination reason/order, pre-exit twelve-month wage and applicable published city average; ordinary and exceptional exits. [R9 2026-09-30] Probes listed: CN-SH50-1 and CN-KM-WP09-2 (run 29 Sep 2026, half a month under six months); added, not yet run: CN-SH50-2 (carried service, twelve-year cap, uncapped 2 years 9 months → 3 months) and CN-SH50-3 (a 2025 exit on the 2024 average). Open: art.40/87 and the formation remedies on the production path; the arts.42/45 protection gates. [R9b 2026-09-30] Added, not yet run: CN-N41-1 (art.40 without notice: 0.5 month + one month in lieu, 32,625) and CN-N41-2 (art.87: twice art.47, 21,750), Kunming production path; LCL arts.40, 47, 87 re-read on samr.gov.cn 30 Sep 2026. Open: the arts.42/45 protection gates.","adhoc_catalogue:SEVERANCE_PAY; adhoc_catalogue:NO_WRITTEN_CONTRACT_WAGE; adhoc_catalogue:OPEN_ENDED_CONTRACT_WAGE.request_requirements; adhoc_catalogue:PROBATION_EXCESS_DAMAGES.request_requirements; adhoc_catalogue:PROBATION_WAGE_SHORTFALL.request_requirements; terms_facts:probation_end,post_probation_wage,open_ended_due_on; exit_facts.lcl_termination_ground; exit_facts.notice_days_given; exit_facts.renewal_offer_refused; exit_facts.lcl47_average_monthly_wage; exit_facts.lcl97_pre2008_months; exit_facts.lcl97_pre2008_compensation; exit_facts.lcl10_transferred_service_months","Shanghai — 经济补偿: a month a year, a half year rounds up, under six months is half; none on resignation or a refused renewal (CN-N41)",CN-SH50-1; CN-SH50-2; CN-SH50-3; CN-KM-WP09-2; CN-N41-1; CN-N41-2,
CN-N13,CN,other,"Applies: 1 Jan 2025 onward; retirement-age cohorts and flexible retirees. [Delayed-retirement decision and cohort tables](https://www.mot.gov.cn/hudong/xiangguanziliao/202601/t20260114_4197321.html), effective 1 January 2025; [flexible-retirement measure](https://www.mohrss.gov.cn/wap/zc/zcwj/202501/t20250101_533701.html): birth-cohort sex/former-class calculation, special work and agreed flexible early/late retirement; ordinary employment and social insurance continue during a valid flexible delay.",Delayed-retirement decision and cohort tables; flexible-retirement measure,https://www.mot.gov.cn/hudong/xiangguanziliao/202601/t20260114_4197321.html,2026-09-29,2025-01-01,,PARTIAL,"Register status: No [IN-SYSTEM 2026-09-29]. CN-shanghai and CN-kunming are sealed but this obligation has no rule/output path or production probe. Evidence and probe needed: Birth month, former legally assigned class, special-work category, official cohort table, contribution history and signed election/agreement. Tracker status PARTIAL: the golden proves only that age alone does not end pension coverage and a pension recipient is outside it; cohort retirement-age tables and flexible retirement remain a GAP. R48 origin: CN25 (first-pass sample; migration implies no closure). [R9 2026-09-30] Probe listed: CN-SH41-2 (run 29 Sep 2026) — a pensioned retiree outside insurance and the fund.",statutory_contributions:PENSION,"Shanghai — a pensioned retiree, a worker past retirement age, and a foreign worker (CN-N13, N25, SH25, SH41)",CN-SH41-2,
CN-N14,CN,other,"Applies: 1 Jul 2026 onward; managed post-age workers. [Over-age Workers Basic Rights Interim Regulation, five-department Order 56 (MOHRSS, NHC, MEM, STA, NHSA), promulgated 10 May 2026, State Council Gazette 2026 No. 16](https://www.gov.cn/gongbao/2026/issue_12786/202606/content_7071610.html), a departmental rule rather than a State Council regulation, from 1 July 2026, distinguishes post-retirement managed work from CN-N13 flexible delay; minimum wage, monthly pay, rest/overtime, employer-only work-injury and conditional pension/medical continuation.","Over-age Workers Basic Rights Interim Regulation, five-department Order 56 (MOHRSS, NHC, MEM, STA, NHSA), promulgated 10 May 2026, State Council Gazette 2026 No. 16",https://www.gov.cn/gongbao/2026/issue_12786/202606/content_7071610.html,2026-09-29,2026-07-01,,GAP,"Register status: No [IN-SYSTEM 2026-09-29]. CN-shanghai and CN-kunming are sealed but this obligation has no rule/output path or production probe. Evidence and probe needed: Retirement/benefit status, agreement to continue pension/medical, work-injury scheme and coverage, 30 June/1 July cases. R48 origin: CN26 (first-pass sample; migration implies no closure).",,,,
CN-N15,CN,records,"Applies: 1 Dec 2025 onward; migrant/construction workers and project actors. [Regulation on Wage Payment to Migrant Workers, State Council Order 724, effective 1 May 2020, State Council Gazette 2020 No. 2](https://www.gov.cn/gongbao/content/2020/content_5469641.htm) (previous gov.cn link returned 404 on 28 Sep 2026) and sector rules: real-name attendance, dedicated project wage account, monthly direct worker payment, contractor/owner advances and evidence retention where covered.","Regulation on Wage Payment to Migrant Workers, State Council Order 724, effective 1 May 2020, State Council Gazette 2020 No. 2",https://www.gov.cn/gongbao/content/2020/content_5469641.htm,2026-09-29,2020-05-01,,EXTERNAL,"Register status: No [IN-SYSTEM 2026-09-29]. No evidenced external workflow or saved compliance record; CN profile/probe also absent. Evidence and probe needed: Construction project, contract roles/value, attendance, account and bank-disbursement records, worker wage list; city-specific rules below.",,,,
CN-N16,CN,tax,"Applies: 1 Dec 2025 onward; resident claimant, each eligible relief class. [STA 2022 special-additional-deduction procedure](https://shanghai.chinatax.gov.cn/zcfw/zcjd/202311/P020231128530973219615.pdf) and [2023 No. 14 increase](https://fgk.chinatax.gov.cn/zcfgk/c100012/c5213592/content.html): seven deduction classes require individual eligibility, sharing elections and records; infant care and child education are each CNY2,000/month/child and elder support up to CNY3,000/month under the stated sharing caps. Major-illness medical expenses belong to annual reconciliation, not monthly wage withholding, per the [STA procedural rule art. 4](https://12366.chinatax.gov.cn/bzds/078/078-5-8.html).",STA 2022 special-additional-deduction procedure; 2023 No. 14 increase; STA procedural rule art. 4,https://shanghai.chinatax.gov.cn/zcfw/zcjd/202311/P020231128530973219615.pdf,2026-09-29,2025-12-01,,PARTIAL,"Register status: Partial [PROBE 2026-09-29]. CN-shanghai and CN-kunming withhold on the declared claims (`scheme.deductions`), with the CNY1,500 rent cap and the rent-versus-loan refusal priced in `tests/statutory-golden-cn.test.ts`. A 29 Sep 2026 review asked for per-item caps and sharing checks; rejected: the [STA 2022 No. 7 procedure](https://fgk.chinatax.gov.cn/zcfgk/c100012/c5196775/content.html) arts. 25–26 require the withholding agent to deduct as the taxpayer declares and 不得擅自更改纳税人提供的相关信息 — a mismatch is referred back to the taxpayer or reported to the tax office, not recomputed. Open: evidence retention and the referral workflow; no production probe. Evidence and probe needed: Declaration year, dependent/student/loan/rent evidence and spouse/sibling sharing, active month, amendments and claimant choice; keep major-illness expense out of monthly payroll and support annual reporting separately. [Directly observed implementation gap] The seven IIT special-additional-deduction classes and their separate monthly-versus-annual timing are not individually mapped in R48. In particular, adding major-illness expenses to monthly cumulative payroll deductions would be wrong; CN-N16 requires its own input and output proof. [R9 2026-09-30] Added, not yet run: CN-N11-1 — a declared 2,000 rent claim deducted at the 1,500 standard. [R9b 2026-09-30] Added, not yet run: CN-N16-1 — child education 2,000 and elderly support 3,000 deducted as declared (2023 No.14 re-read on fgk.chinatax.gov.cn 30 Sep 2026). Open: infant care, continuing education, major illness kept out of monthly payroll, sharing.",statutory_contributions:IIT,"Shanghai — first wage income in July deducts from January; the 60,000 election; the rent cap (CN-N11, N44, N54)",CN-N11-1; CN-N16-1,
CN-N17,CN,leave,"Applies: 2008 onward; annual-leave-eligible and excluded leave classes. [Annual-leave regulation art. 4](https://xzfg.moj.gov.cn/front/law/detail?LawID=208) and [enterprise measure arts. 6–9, 14](https://rsj.sh.gov.cn/trlzyhshbzbgz_17256/20200617/t0035_1388390.html): qualifying school holidays, ≥20 paid personal-leave days and accumulated sick leave of 2/3/4 months by service tier can remove this or next year's entitlement; family, marriage, funeral and maternity leave, statutory rest/holidays and work-injury continuation do not consume annual leave. Dispatched workers' paid non-working days have an offset/supplement branch.","Annual-leave regulation art. 4; enterprise measure arts. 6–9, 14",https://xzfg.moj.gov.cn/front/law/detail?LawID=208,2026-09-29,2008-01-01,,GAP,"Register status: No [IN-SYSTEM 2026-09-29]. CN-shanghai and CN-kunming are sealed but this obligation has no rule/output path or production probe. Evidence and probe needed: Leave-type/pay status, current and prior year totals, dispatch relationship; each threshold, leave already taken then following-year disqualification, and school holiday shorter/longer than entitlement. R48 origin: CN17 (first-pass sample; migration implies no closure).",leave_catalogue:ANNUAL_LEAVE,,,
CN-N18,CN,leave,"Applies: 2008 onward; annual-leave scheduling and exit. [Enterprise annual-leave measure arts. 9–13, 15](https://rsj.sh.gov.cn/trlzyhshbzbgz_17256/20200617/t0035_1388390.html): calendar-year scheduling and permitted one-year carry, written employee refusal of offered leave, exit entitlement `floor(days at employer this year/365 × full-year entitlement) - days taken` with zero floor and no clawback of excess, more generous valid terms, and correction liability.","Enterprise annual-leave measure arts. 9–13, 15",https://rsj.sh.gov.cn/trlzyhshbzbgz_17256/20200617/t0035_1388390.html,2026-09-29,2008-01-01,,PARTIAL,"Register status: Partial [PROBE 2026-09-29]. Exit formula proven on the seeded row by the CN-N05/N06 golden in both cities (none taken). Leave offer, written refusal, carry consent and the no-clawback case unprobed. Evidence and probe needed: Leave offer, written refusal, carry consent, prior wage months, exit day and past leave; 300/365 × 10 less three taken = five payable days; excess taken gives zero recovery. Exact service-tier change during year still needs authority. R48 origin: CN19, CN20 (first-pass sample; migration implies no closure). [R9 2026-09-30] Probe listed: CN-SH50-1 (run 29 Sep 2026) — a leaver’s 1.97 → 1 day paid at the further 200% of the 12-month day wage.",leave_catalogue:ANNUAL_LEAVE; work_rules.encashment,"Shanghai — a leaver’s unused statutory annual leave is paid at 200% more of the 12-month day wage (CN-N05, N06, N18)",CN-SH50-1,
CN-N19,CN,other,"Applies: 1 Dec 2025 onward; contracted or de facto employment. [Labour Contract Law arts. 4, 10–21, 38–50, 82–87](https://www.samr.gov.cn/zw/zfxxgk/fdzdgknr/bgt/art/2023/art_0abfdd261c03417b949df19d869add8d.html) and [implementation regulation arts. 6–7, 27](https://xzfg.moj.gov.cn/front/law/detail?LawID=284): communicate lawful work rules; written contract within one month, double-wage remedy for late/non-written periods; capped probation, wage at least 80% comparator and local floor; termination reason/protected status/notice, severance based on wage due, including bonus/allowances, with 12-month average and local-minimum floor.","Labour Contract Law arts. 4, 10–21, 38–50, 82–87; implementation regulation arts. 6–7, 27",https://www.samr.gov.cn/zw/zfxxgk/fdzdgknr/bgt/art/2023/art_0abfdd261c03417b949df19d869add8d.html,2026-09-29,2025-12-01,,PARTIAL,"Register status: Partial [IN-SYSTEM 2026-09-29]. The contract-formation money remedies (art. 82 double wage, art. 83 probation damages, art. 20 probation arrears, art. 47 compensation) are seeded in every CN version and priced by `tests/statutory-golden-cn.test.ts` (CN-N41). Open: work-rule communication, de facto employment classification and a production probe. Evidence and probe needed: Contract, work-rule notice, start/renew/exit dates, ordinary due wages and termination cause, protected status, city average; one-month late contract, probation, six-month service threshold, 3× cap and unlawfully ended contract. Reconcile Shanghai local wage-base terms with national art. 27.","adhoc_catalogue:SEVERANCE_PAY; adhoc_catalogue:NO_WRITTEN_CONTRACT_WAGE; adhoc_catalogue:OPEN_ENDED_CONTRACT_WAGE.request_requirements; adhoc_catalogue:PROBATION_EXCESS_DAMAGES.request_requirements; adhoc_catalogue:PROBATION_WAGE_SHORTFALL.request_requirements; terms_facts:probation_end,post_probation_wage,open_ended_due_on; exit_facts.lcl_termination_ground; exit_facts.notice_days_given; exit_facts.renewal_offer_refused; exit_facts.lcl47_average_monthly_wage; exit_facts.lcl97_pre2008_months; exit_facts.lcl97_pre2008_compensation; exit_facts.lcl10_transferred_service_months","both cities — no written contract: a second wage from the day after the first month to the day before signing, at most eleven months (CN-N41, LCL art.82, Regulation arts.6–7)",,
CN-N20,CN,leave,"Applies: 2012 onward; pregnant, birthing and nursing employees. [State Council Female Workers Special Protection Regulation arts. 5–9](https://xzfg.moj.gov.cn/mobile/law/detail?LawID=343): no salary reduction/termination for pregnancy, birth or nursing; seventh-month overtime/night-work restriction and paid prenatal exams; 98 maternity days including up to 15 prenatal, plus 15 for difficult birth and each additional infant; miscarriage 15 days under four months and 42 days at/above four months; insured maternity benefit from fund or un-insured pre-leave wage from employer; paid nursing time.",State Council Female Workers Special Protection Regulation arts. 5–9,https://xzfg.moj.gov.cn/mobile/law/detail?LawID=343,2026-09-29,2012-01-01,,PARTIAL,"Register status: Partial [IN-SYSTEM 2026-09-29]. Seeded 28 Sep 2026: `MATERNITY_LEAVE` per event in every CN version — 98 + city 60 (158), +15 difficult birth, +15 twins, miscarriage 15 / 42 (`tests/leave-entitlement-golden.test.ts`, every version). Since round 3, each infant beyond the second adds 15, counted as the recorded children born on the event date: triplets 188, difficult triplets 203, quadruplets 203 (`tests/statutory-golden-cn.test.ts`, every version). The recorded children are the infant count (one source; a separate event count could disagree with them): since 28 Sep 2026 `children.multiple_born_on(event.date)` refuses a multiple birth with fewer than two children recorded on the event date, fixed in place in every version (transcription, law unchanged). A third infant left unrecorded is indistinguishable from twins and reads as 173. Fund allowance versus employer wage seeded in round 4 (CN-SH14, CN-KM32). Open: prenatal-exam time, nursing time, the pregnancy/nursing protections. Evidence and probe needed: Pregnancy/birth/adoption and medical evidence, insured status, multiple/difficult birth, prior wage, city extra days, agency benefit and employer top-up; 4-month miscarriage and insured/uninsured split. [Second pass 28 Sep 2026] Not modelled, recorded: childcare leave in both cities (per child-birthday year; the engine’s leave year is a calendar or fiscal window), a third infant’s extra 15 maternity days, maternity allowance offset, pre-2008 severance service. (Superseded in part by round 3 below.) [Round 3 28 Sep 2026] Seeded, every version: `MATERNITY_LEAVE` adds 15 days for each infant beyond the second (Order 619 art.7), counted by `children.multiple_born_on(event.date)` (refuses fewer than two recorded, 28 Sep 2026). Kunming also gets `CHILDCARE_LEAVE` (Yunnan regulation, 10 or 15 days a calendar year). CN-N20, CN-KM12. [R9 2026-09-30] Added, not yet run: maternity leave over a whole pay month on the production path (CN-SH14-1, CN-KM32-1). Open: calendar-day charging (the engine charges maternity leave on working days, so 158 working days would outlast 158 calendar days: engine feature), multiple-birth days on the production path.",leave_catalogue:MATERNITY_LEAVE,"both cities — a third and fourth infant each add 15 maternity days, on every version (CN-N20)",CN-SH14-1; CN-KM32-1,
CN-N21,CN,leave,"Applies: 2011 onward; occupational injury or disease cases. [Work Injury Insurance Regulation arts. 14–17, 33–39](https://xzfg.moj.gov.cn/front/law/detail?LawID=610): employer injury report/recognition application within 30 days (extension by authority only); employer bears eligible cost during unjustified late filing; stop-work medical period normally ≤12 months, authorised extension ≤12 months, original wage/benefits paid monthly by employer, then disability-grade fund/employer liabilities.","Work Injury Insurance Regulation arts. 14–17, 33–39",https://xzfg.moj.gov.cn/front/law/detail?LawID=610,2026-09-29,2011-01-01,,PARTIAL,"Register status: Partial [IN-SYSTEM 2026-09-29]. 29 Sep 2026: CN-kunming `WORK_INJURY_LEAVE` in every version — per injury event, paid, certificate required, at most 731 calendar days (12 + 12 months, art. 33); owner rule 2026-09-28 default: the contract wage continues. Golden in `tests/statutory-golden-cn.test.ts`. Shanghai has no row: its measure pays the prior 12-month average (CN-SH20), which a leave row cannot price. Open: injury report/recognition deadlines, disability benefits, production probe. Evidence and probe needed: Incident and official recognition/grade, claim filing date, pre-injury wage, stop-work and extension authorisation, fund payment and employer liability; 30-day late report, 12/24-month cutoff, grade-driven switch. [R9 2026-09-30] Added, not yet run: CN-KM-WP13-1 — a certified Kunming work-injury stop-work week paid at the contract wage. Shanghai stays open (12-month average pay: engine feature).",leave_catalogue:WORK_INJURY_LEAVE,"Kunming — 停工留薪期: paid work-injury leave, at most 24 months (731 calendar days), certificate required (工伤保险条例 art.33; CN-N21)",CN-KM-WP13-1,
CN-N22,CN,filing,"Applies: 2022 consolidated rule onward; hires and exits. [Employment Services and Employment Management Regulation, consolidated through 2022](https://rst.fj.gov.cn/zw/zxwj/rsbwj/202505/t20250514_6913783.htm): employer recruitment, fair employment and truthful vacancy disclosure; employment registration within 30 days after hiring and separation filing within 15 days after end. [Labour Contract Law art. 50](https://www.samr.gov.cn/zw/zfxxgk/fdzdgknr/bgt/art/2023/art_0abfdd261c03417b949df19d869add8d.html) also requires exit certificate and record/social-insurance transfer within 15 days, with contract records retained two years.","Employment Services and Employment Management Regulation, consolidated through 2022; Labour Contract Law art. 50",https://rst.fj.gov.cn/zw/zxwj/rsbwj/202505/t20250514_6913783.htm,2026-09-29,2022-01-01,,EXTERNAL,"Register status: No [EXTERNAL 2026-09-29]. No evidenced external workflow or saved compliance record; CN profile/probe also absent; controlling source, amendment or interpretation remains open. Evidence and probe needed: Posting/classification and signed contract, hire/end dates, registration and exit certificate/transfer receipts, record retention; day-30 and day-15 boundaries and missed-filing correction.",,,,
CN-N23,CN,other,"Applies: 2021 consolidated law onward; all workers, sector branches. [Safety Production Law, consolidated through 2021](https://wb.flk.npc.gov.cn/flfg/texthtml/c4bbdc56233646b98d22c0e7915230b3.html): employer safety responsibility, training, protective equipment and truthful accident reporting; no wage/benefit reduction or dismissal for lawful emergency stoppage/evacuation. [Female-worker regulation art. 4](https://xzfg.moj.gov.cn/mobile/law/detail?LawID=343) additionally requires prohibited-job notice and protection. Sector-specific construction and hazardous-work rules need a separate applicability review.","Safety Production Law, consolidated through 2021; Female-worker regulation art. 4",https://wb.flk.npc.gov.cn/flfg/texthtml/c4bbdc56233646b98d22c0e7915230b3.html,2026-09-29,2021-01-01,,EXTERNAL,"Register status: No [EXTERNAL 2026-09-29]. No evidenced external workflow or saved compliance record; CN profile/probe also absent; controlling source, amendment or interpretation remains open. Evidence and probe needed: Actual job/risk exposure, training and permit records, hazard notices, incident and emergency-stop time, wage result; paid protected absence and accident report evidence.",,,,
CN-N24,CN,levy,"Applies: 2007 onward; quota-covered employers. [Disability Employment Regulation arts. 8–9](https://rsj.sh.gov.cn/tgwyxzfgwj_17255/20200617/t0035_1388273.html) imposes a minimum disabled-worker employment share (national floor 1.5%, local ratio controls) or an employer-only employment security levy. This is a workforce/payroll-linked employer obligation, not an employee deduction; National overlay: [MOF Announcement 2023 No. 8](https://www.gov.cn/zhengce/zhengceku/2023-03/28/content_5748750.htm), 1 Jan 2023–31 Dec 2027, charges 50% of the levy at a disabled-employment ratio of at least 1% but below the local ratio, 90% below 1%, and exempts enterprises with 30 or fewer staff; MOF Announcement 2019 No. 98 caps the employer average-wage base at 2× the local social average wage. Levy = (prior-year average headcount × local ratio − disabled employees) × employer prior-year average wage. Shanghai is CN-SH49 and Yunnan CN-KM36. The regulation link above is a Shanghai HRSS copy, not the State Council text.",Disability Employment Regulation arts. 8–9; MOF Announcement 2023 No. 8,https://rsj.sh.gov.cn/tgwyxzfgwj_17255/20200617/t0035_1388273.html,2026-09-29,2007-01-01,,EXTERNAL,"Register status: No [IN-SYSTEM 2026-09-29]. No evidenced external workflow or saved compliance record; CN profile/probe also absent; controlling source, amendment or interpretation remains open. Evidence and probe needed: Average headcount and payroll, verified disabled employment/contract/insurance, employer location, local thresholds/exemptions and tax/levy filing; under/over-quota and small-employer cases.",,,,
CN-N25,CN,contribution,"Applies: 2017 consolidated rule onward; foreign employees and employers. [Foreign Employment Management Regulation, consolidated through 2017](https://www.gov.cn/zhengce/2022-08/31/content_5711314.htm) requires valid work permission and employer/worksite match, local minimum pay and working-time/leave/safety standards. [Social Insurance Law art. 97](https://chinajob.mohrss.gov.cn/h5/c/2010-10-29/33172.shtml) and [MOHRSS foreign-insurance guidance](https://www.mohrss.gov.cn/xxgk2020/fdzdgknr/zhgl/jytabl/jydf/201811/t20181123_305417.html) require social-insurance classification with treaty exceptions. The permit regulation still references older certificate terminology; reconcile the operative work-permit process before certification.","Foreign Employment Management Regulation, consolidated through 2017; Social Insurance Law art. 97; MOHRSS foreign-insurance guidance",https://www.gov.cn/zhengce/2022-08/31/content_5711314.htm,2026-09-29,2017-01-01,,PARTIAL,"Register status: No [IN-SYSTEM 2026-09-29]. CN-shanghai and CN-kunming are sealed but this obligation has no rule/output path or production probe; controlling source, amendment or interpretation remains open. Evidence and probe needed: Nationality, treaty exemption/certificate, permit validity and named employer, city enrollment, tax residence and paid wage; valid/expired permit and treaty/ordinary SI branch. Tracker status PARTIAL: the golden proves a foreign employee is insured like anyone else and joins the fund only by agreement; permit, treaty exemption and certificate branches remain a GAP. [R9 2026-09-30] Probes listed: foreign workers insured like citizens and outside the fund without agreement (CN-SH09-1, CN-KM-A1-1 run 29 Sep 2026; CN-N10-2 added).",statutory_contributions:PENSION; statutory_contributions:MEDICAL; statutory_contributions:UNEMPLOYMENT; statutory_contributions:INJURY; statutory_contributions:HOUSING_FUND,"Shanghai — a pensioned retiree, a worker past retirement age, and a foreign worker (CN-N13, N25, SH25, SH41)",CN-SH09-1; CN-KM-A1-1; CN-N10-2,
CN-N26,CN,wages,"Applies: 2012 onward; high-temperature work in either city. [Four-agency Heatstroke Prevention Measure arts. 8–11, 17, 19](https://www.nhc.gov.cn/zhjcj/c100093/201207/2cdae24e57d04213944bcc6ef736a69b.shtml): qualifying outdoor 35°C-plus weather or indoor workplace not reducible below 33°C requires a province-set cash high-temperature allowance included in wage total; cooling drinks cannot replace it. The measure also constrains outdoor hours at 37–40°C and stops such work at 40°C, while occupational heatstroke can enter work-injury insurance. Shanghai and Yunnan amounts and validity are separate local branches.","Four-agency Heatstroke Prevention Measure arts. 8–11, 17, 19",https://www.nhc.gov.cn/zhjcj/c100093/201207/2cdae24e57d04213944bcc6ef736a69b.shtml,2026-09-29,2012-01-01,,PARTIAL,"Register status: No [IN-SYSTEM 2026-09-29]. Shanghai seeded 29 Sep 2026 (CN-SH19). Kunming: the per-working-day CNY10 of 云人社发〔2013〕98号 needs a dated exposure-day count, which neither ad hoc requests nor work days carry (shared code), and hrss.yn.gov.cn timed out on 29 Sep 2026 for the repeal check. Evidence and probe needed: Official weather observation, indoor measurement, dated exposure and assigned work hours, local allowance instrument, paid wage line and safety actions; 34.9/35°C and 32.9/33°C probes. Tracker status PARTIAL: Shanghai HEAT_ALLOWANCE priced (CN-SH19); Kunming per-day allowance a GAP (CN-KM13). [R9 2026-09-30] Probes listed: Shanghai heat allowance in and out of season (run 29 Sep 2026) and a contract figure above 300 (CN-SH19-3, added). Kunming per-day allowance still a GAP (CN-KM13).",allowance_catalogue:HEAT_ALLOWANCE,"Shanghai — the summer heat allowance is 300 a month from June to September, taxed as wages (沪人社规〔2019〕19号; CN-SH19)",CN-SH19-1; CN-SH19-2; CN-SH19-3,
CN-N27,CN,other,"Applies: 2008 onward; genuine non-full-time employment. [Labour Contract Law arts. 68–72](https://www.samr.gov.cn/zw/zfxxgk/fdzdgknr/bgt/art/2023/art_0abfdd261c03417b949df19d869add8d.html): primarily hourly work normally averages at most four hours/day and 24/week for one employer, cannot have probation, may end by either side at any time without economic compensation, hourly wage at least local hourly minimum, and wage settlement at intervals no longer than 15 days. Separate local injury-insurance coverage still applies, including Yunnan CN-KM14.",Labour Contract Law arts. 68–72,https://www.samr.gov.cn/zw/zfxxgk/fdzdgknr/bgt/art/2023/art_0abfdd261c03417b949df19d869add8d.html,2026-09-29,2008-01-01,,GAP,"Register status: No [IN-SYSTEM 2026-09-29]. No CN worker-class gate, 15-day pay-calendar rule or production probe; classification evidence absent. Evidence and probe needed: Genuine schedule/work log, hourly pay and worksite, 15-day settlement dates, prohibited probation and exit cause; 4/24-hour and day-15/16 probes, reclassify false part-time.",,,,
CN-N28,CN,other,"Applies: 2014 onward; staffing agency and host using dispatch. [MOHRSS Dispatch Interim Rules arts. 3–19](https://rsj.sh.gov.cn/trlzyhshbzbgz_17256/20240813/t0035_1427021.html): host uses only temporary, auxiliary or substitute jobs, generally at most 10% dispatched headcount; agency's worker contract lasts at least two years, wage/benefits follow equal-pay comparator and social insurance, and the agency pays at least local minimum during lawful unassigned periods. Cross-region dispatch insurance follows the host location; agency and host have different injury/safety and exit duties.",MOHRSS Dispatch Interim Rules arts. 3–19,https://rsj.sh.gov.cn/trlzyhshbzbgz_17256/20240813/t0035_1427021.html,2026-09-29,2014-01-01,,GAP,"Register status: No [IN-SYSTEM 2026-09-29]. No CN dispatch classification, host/agency allocation, benchmark wage or evidence workflow. Evidence and probe needed: Agency/host identity, permit/contract/agreement, headcount, job type and approval/publication, equal-pay comparator, unassigned months, host city and insurance filings; 9/10/11% share, assignment/benching and city transfer probes.",,,,
CN-N29,CN,other,"Applies: 2002 onward; workers below 18 and applicants below 16. [Child Labour Prohibition Regulation arts. 2, 4, 13](https://xzfg.moj.gov.cn/front/law/detail?LawID=604&Query=%E7%AB%A5%E5%B7%A5%E8%A7%84%E5%AE%9A): ordinary employers may not recruit a person below 16, must check identity and retain recruitment verification, with narrow performing-arts/sport and lawful school-practice exceptions. [Minor Worker Special Protection Rules arts. 3, 6, 9](https://www.mohrss.gov.cn/xxgk2020/fdzdgknr/zcfg/bmgz/202011/t20201102_394656.html) (劳部发〔1994〕498号, MOHRSS rules library, read 29 Sep 2026; the Beijing PDF previously cited returns 404) restrict hazardous jobs and require health checks and minor-worker registration for 16–17 year olds.","Child Labour Prohibition Regulation arts. 2, 4, 13; Minor Worker Special Protection Rules arts. 3, 6, 9",https://xzfg.moj.gov.cn/front/law/detail?LawID=604&Query=%E7%AB%A5%E5%B7%A5%E8%A7%84%E5%AE%9A,2026-09-29,2002-01-01,,GAP,"Register status: No [IN-SYSTEM 2026-09-29]. No CN age/exception gate or evidenced recruitment, registration and safety workflow; current local implementation review open. Evidence and probe needed: Verified birth date, permitted exception and guardian consent if relevant, hazard/job class, health-check/registration record; 15/16/18-year boundaries and blocked unsafe assignments.",,,,
CN-N30,CN,other,"Applies: 2018 amended law onward; occupational-hazard work. [Occupational Disease Prevention Law arts. 33–36](https://www.nhc.gov.cn/zyjks/c100152/201905/ea5d92ee3e6847feb83b662b18e08c84.shtml) requires employer disclosure/training, employer-paid pre-assignment, periodic and pre-exit health exams for hazard-exposed workers, written results and job transfer when medically contraindicated; the employer cannot terminate before the required pre-exit exam. Occupational disease recognition then feeds CN-N21 and city injury branches.",Occupational Disease Prevention Law arts. 33–36,https://www.nhc.gov.cn/zyjks/c100152/201905/ea5d92ee3e6847feb83b662b18e08c84.shtml,2026-09-29,2018-01-01,,GAP,"Register status: No [IN-SYSTEM 2026-09-29]. No evidenced hazard, exam and exit-control workflow; occupational-disease pay/insurance linkage unprobed. Evidence and probe needed: Hazard inventory, exposure and training history, medical exam and disclosure records, transfer/exit status and injury determination; attempted exit without pre-exit check must block/flag.",,,,
CN-N31,CN,other,"Applies: 2023 onward; recruitment and employment of women. [Women’s Rights Protection Law arts. 23, 25, 43–48](https://gzca.miit.gov.cn/zwgk/zcwj/zcfg/art/2022/art_47b4c78a8f52484587e1b198c52fa909.html): no prohibited sex/marriage/pregnancy recruitment screening, female-worker protection clauses and equal pay/benefits, no salary or advancement reduction for marriage, pregnancy, maternity or nursing; employer must prevent/handle workplace sexual harassment. Protected leave/pay and dismissal branches link to CN-N20 and local rules.","Women’s Rights Protection Law arts. 23, 25, 43–48",https://gzca.miit.gov.cn/zwgk/zcwj/zcfg/art/2022/art_47b4c78a8f52484587e1b198c52fa909.html,2026-09-29,2023-01-01,,EXTERNAL,"Register status: No [IN-SYSTEM 2026-09-29]. No evidenced recruitment, equal-pay or complaint workflow; no CN pay comparator/probe. Evidence and probe needed: Recruitment forms, sex-neutral job/pay comparator and change log, contract/collective clauses, complaint handling and response evidence; matched-role pay and prohibited pregnancy-test checks.",,,,
CN-N32,CN,records,"Applies: 2021 onward; payroll/HR personal data. [Personal Information Protection Law arts. 13, 17, 28–29, 38–39, 51](https://www.npc.gov.cn/WZWSREL25wYy9jMi9jMzA4MzQvMjAyMTA4L3QyMDIxMDgyMF8zMTMwODguaHRtbD9yZWY9aW1i) allows necessary HR processing under lawful work rules/collective agreement or legal duty, while requiring notice, minimisation and protection; medical, biometric and other sensitive records, outside-China transfer and processor arrangements have additional conditions. This is an HR-data workflow, not a payroll deduction.","Personal Information Protection Law arts. 13, 17, 28–29, 38–39, 51",https://www.npc.gov.cn/WZWSREL25wYy9jMi9jMzA4MzQvMjAyMTA4L3QyMDIxMDgyMF8zMTMwODguaHRtbD9yZWY9aW1i,2026-09-29,2021-01-01,,EXTERNAL,"Register status: No [IN-SYSTEM 2026-09-29]. No evidenced CN HR-data compliance workflow or processor/cross-border classification; legal and system review open. Evidence and probe needed: Data map/purpose, signed work rules, notice and access controls, medical record sensitivity, vendor/cross-border flow and retention; test unauthorised salary/health access and source of lawful processing.",,,,
CN-N33,CN,contribution,"Applies: 2025 through 31 Dec 2025; 2026 through 31 Dec 2026; employer electing unemployment-insurance job-retention refund. [人社部发〔2025〕18号](https://fgk.chinatax.gov.cn/zcfgk/c100013/c5239959/content.html) and [2026 successor 〔2026〕39号](https://www.gov.cn/zhengce/zhengceku/202607/content_7074139.htm): qualifying enterprise with at least twelve months' full unemployment-insurance contributions and prior-year no layoff or layoff rate within the published national target may receive refund up to 30% of prior-year employer+employee premiums for large enterprises, 60% for small/micro; a ≤30-worker enterprise has its separate ≤20%-headcount layoff limit. Covered non-enterprise actors differ by year. Funds may support worker living costs, SI, training or retention; this is an employer credit, never a worker payroll deduction or an automatic refund of worker withheld premiums. 2025 dispatch agencies have express pass-through/use duties. Local Shanghai/Yunnan eligibility/actual rate, approval, use and receipt require confirmation.",人社部发〔2025〕18号; 2026 successor 〔2026〕39号,https://fgk.chinatax.gov.cn/zcfgk/c100013/c5239959/content.html,2026-09-29,2025-01-01,2026-12-31,EXTERNAL,"Register status: No [EXTERNAL 2026-09-29]. Optional credit eligibility/use and dispatch pass-through have no evidenced workflow; local execution amounts and receipts unresolved. Evidence and probe needed: Entity type/size, previous-year SI payment and workforce/layoff history, annual national target, agency notice, grant destination and dispatch recipient; 30-versus-31 workers and 2025/2026 boundaries.",,,,
CN-N34,CN,other,"Applies: 1 Jan–31 Dec 2026; qualifying new hire by enterprise/social organization. [人社部发〔2026〕39号](https://www.gov.cn/zhengce/zhengceku/202607/content_7074139.htm) permits a one-time expansion grant up to CNY1,500 per hire for current-year/recently graduated unemployed university graduates or registered unemployed youths aged 16–24, after an employment contract and at least three months of full unemployment, injury and pension insurance contributions. 39号 also funds skills subsidies of CNY1,000/1,500/2,000 paid to the individual worker, not yet mapped. The grant belongs to the employer, not the employee's payslip; local level and duplicate-grant rules need confirmation. The [2025 national instrument](https://chrm.mohrss.gov.cn/announcement/%E5%9B%BD%E5%8A%A1%E9%99%A2%E5%8A%9E%E5%85%AC%E5%8E%85%E5%85%B3%E4%BA%8E%E8%BF%9B%E4%B8%80%E6%AD%A5%E5%8A%A0%E5%A4%A7%E7%A8%B3%E5%B0%B1%E4%B8%9A%E6%94%BF%E7%AD%96%E6%94%AF%E6%8C%81%E5%8A%9B%E5%BA%A6/) has a related 2025 branch, requiring a separate local rate/eligibility check for December 2025.",人社部发〔2026〕39号; 2025 national instrument,https://www.gov.cn/zhengce/zhengceku/202607/content_7074139.htm,2026-09-29,2026-01-01,2026-12-31,EXTERNAL,"Register status: No [EXTERNAL 2026-09-29]. No employer-credit eligibility/receipt workflow; 2025 local predecessor and 2026 local grant amount unresolved. Evidence and probe needed: Graduate/unemployment evidence, age and hire/contract dates, three insurance payment months, employer/affiliate duplicate grant and receipt; second/third paid month and 24/25-year age probes.",,,,
CN-N35,CN,contribution,"Applies: 26 Mar 2026 onward; national long-term-care framework, locally staged rollout. [National Medical Security Administration and seven ministries' 2026 implementation plan](https://www.nhsa.gov.cn/art/2026/3/26/art_53_20040.html) directs a roughly three-year transition to long-term-care insurance. It identifies employer and employee sharing for covered workers, a roughly 0.3% total/0.15% each benchmark, employer wage-total versus individual wage bases, and joint collection with medical insurance. It expressly permits qualifying medical-fund reallocation and requires pre-existing pilot cities to specify transition rules. These are national guideposts, not an immediately payable Shanghai or Kunming 0.15%. The plan post-dates the city's 2026 Shanghai pilot and the Yunnan/Kunming arrangements in CN-SH37/CN-KM16; reconcile any later local adoption before creating a deduction.",National Medical Security Administration and seven ministries' 2026 implementation plan,https://www.nhsa.gov.cn/art/2026/3/26/art_53_20040.html,2026-09-29,2026-03-26,,AWAITING-LAW,"Register status: No [IN-SYSTEM 2026-09-29]. No locally reconciled cross-city transition model or provenance-gated deduction; no CN sealed profile/probe. Evidence and probe needed: Local adoption/transition instrument, enrolled class, employer and individual bases, fund-account payer versus cash-wage withholding, agency transaction; prove unchanged wage net where a pilot funds care via medical accounts, then test any later local effective date. Tracker status AWAITING-LAW: the national framework stages local rollout; no Shanghai or Kunming contribution instrument under it yet (CN-SH37, CN-KM16).",,,,
CN-N36,CN,levy,"Applies: 1 Jan 2022 onward (2021 amendment); employer, including social organisations, with an established union. [Trade Union Law art. 43 as amended 24 Dec 2021](http://www.npc.gov.cn/c2/c30834/202112/t20211224_315597.html): the employer remits union funds of 2% of the monthly total wages of all employees. The 2021 amendment renumbered former art. 42 and changed the actor to 用人单位, extending it to social organisations. This is an employer-only levy, never a worker deduction. The Shanghai collection channel (tax or union), any preparatory fund where no union exists and the wage-total base need a Shanghai source; Yunnan is CN-KM35.",Trade Union Law art. 43 as amended 24 Dec 2021,http://www.npc.gov.cn/c2/c30834/202112/t20211224_315597.html,2026-09-29,2022-01-01,,EXTERNAL,"Register status: No [IN-SYSTEM 2026-09-29]. No employer-levy rule/output or remittance evidence; Shanghai collection channel, base and preparatory-fund rule not researched. Evidence and probe needed: Union establishment date, monthly total wages under the national wage-total definition, collection channel, remittance receipt; union/no-union and establishment-month probes, with unchanged worker net pay.",,,,
CN-N37,CN,contribution,"Applies: 1 Sep 2025 onward; labour disputes and the payroll terms they decide. [SPC Labour Dispute Interpretation (II), 法释〔2025〕12号](https://www.court.gov.cn/zixun/xiangqing/472691.html) ([Gazette text](http://gongbao.court.gov.cn/Details/bb72019c45453f84d920bd6375573e.html)), adopted 17 Feb 2025, 21 articles, effective 1 Sep 2025. Art. 19 (also [quoted by NHSA](https://www.nhsa.gov.cn/art/2025/8/20/art_14_17627.html)): any employer–worker agreement or worker undertaking that social insurance need not be paid is void; the worker may resign under LCL art. 38(1)(3) and claim economic compensation; after back-paying SI the employer may recover cash ""SI compensation"" it paid the worker. Art. 1: a contractor that subcontracts to an unqualified party is liable for wages and work injury. Its articles on affiliated-employer service aggregation, deemed open-ended contracts and double wages, and non-compete need article-level mapping before CN-N12, CN-N19, CN-N42 and CN-SH16 can be sealed.","SPC Labour Dispute Interpretation (II), 法释〔2025〕12号; Gazette text; quoted by NHSA",https://www.court.gov.cn/zixun/xiangqing/472691.html,2026-09-29,2025-09-01,,GAP,"Register status: No [IN-SYSTEM 2026-09-29]. No SI opt-out refusal gate, back-pay/recovery workflow or probe; articles other than 1 and 19 not mapped. Evidence and probe needed: SI enrolment status, any waiver document, cash SI allowance paid, back-payment date, resignation reason; a payroll SI opt-out flag must be refused; cash-allowance recovery only after proven back-payment.",,,,
CN-N38,CN,tax,"Applies: 1 Jan 2019 onward; resident and non-resident salary withholding. [STA 2018 No. 61](https://www.chinatax.gov.cn/n810219/n810744/n3752930/n3752974/c3963396/content.html) art. 6 with annex table 1 (resident cumulative) and art. 9 with table 3 (non-resident), under [IIT Law arts. 3 and 6](https://fgk.chinatax.gov.cn/zcfgk/c100009/c5193028/content.html). Non-resident: no insurance or fund relief. IIT Law art. 6(2) sets a non-resident's wage taxable income as the month's income less CNY5,000, and the current withholding return ([STA 2022 No. 7 annex 2](https://fgk.chinatax.gov.cn/zcfgk/c100012/c5196775/content.html), item 11(1)②) states it as 收入额减去减除费用; the special deductions of art. 6(1) are a resident's. [财税〔2006〕10号](https://fgk.chinatax.gov.cn/zcfgk/c102416/c5203070/content.html) (2006, under the old implementing regulation) is read for residents only; a review proposing it for non-residents (29 Sep 2026) was rejected on these texts, and a second (EM1, 29 Sep 2026: Kunming S4, IIT 3,136.45 claimed against 3,590) was rejected on the tax authority’s own answer: [STA Foshan bureau filing guide, 2025-10-09](https://guangdong.chinatax.gov.cn/gdsw/fssw_nsrxt_kjxz/2025-10/09/content_00a4ed7054fc4d82ac30702f52001a14.shtml) Q(十), citing IIT Law art. 6 and STA 2018 No. 61 art. 9, ""非居民个人缴纳的三险一金暂不允许扣除"". Resident annual cumulative table on cumulative taxable income: ≤36,000 at 3%, QD 0; 36,000–144,000 at 10%, QD 2,520; 144,000–300,000 at 20%, QD 16,920; 300,000–420,000 at 25%, QD 31,920; 420,000–660,000 at 30%, QD 52,920; 660,000–960,000 at 35%, QD 85,920; above 960,000 at 45%, QD 181,920. Period tax = cumulative taxable × rate − QD − tax already withheld, never below 0. Non-resident monthly table on (wage − 5,000): bands to 3,000/12,000/25,000/35,000/55,000/80,000 and above at 3/10/20/25/30/35/45%, QD 0/210/1,410/2,660/4,410/7,160/15,160. Tax to the fen. This seals the table CN-N09 describes.","STA 2018 No. 61; IIT Law arts. 3 and 6; STA 2022 No. 7 annex 2; 财税〔2006〕10号; STA Foshan bureau filing guide, 2025-10-09",https://www.chinatax.gov.cn/n810219/n810744/n3752930/n3752974/c3963396/content.html,2026-09-29,2019-01-01,,TESTED,"Register status: Partial [PROBE 2026-09-29]. Calculation only: both tables seeded and priced by `tests/statutory-golden-cn.test.ts` (130 probe, 36,000 seam, non-resident 8,000 → 90 with no insurance relief, the citation now in the golden); no production probe or filing. Evidence and probe needed: Tax residence, same-employer YTD taxable income and tax, non-resident monthly wage; CN-N09 probe 37,000 × 10% − 2,520 − 1,050 = CNY130; each band edge; non-resident CNY8,000 → CNY90. [Round 5 29 Sep 2026] Rejected: (1) non-resident SI/fund relief under 财税〔2006〕10号 — IIT Law art. 6(2) and STA 2022 No. 7 annex 2 item 11(1)② take only CNY5,000 (CN-N38); (2) per-item caps on declared special additional deductions — STA 2022 No. 7 arts. 25–26 forbid the agent to alter the declaration (CN-N16); (3) replacing the SAMR LCL text with the NPC database — flk.npc.gov.cn renders no page outside its app, so no deep link can be verified (CN-N12). [R9 2026-09-30] Probes listed: the 36,000 annual seam (CN-SH05-2) and the non-resident 25,000 seam with no insurance relief (CN-SH09-1), run 29 Sep 2026; CN-N10-2 added, not yet run.",statutory_contributions:IIT,"Shanghai — a non-resident is withheld monthly on wage − 5,000, no insurance relief (CN-N38)",CN-SH05-2; CN-SH09-1; CN-N10-2,
CN-N39,CN,tax,"Applies: 1 Jan 2019 onward; one-off payment on ending the labour relationship, early and internal retirement. [财税〔2018〕164号 item 5](http://szs.mof.gov.cn/zhengcefabu/201812/t20181227_3110164.htm) (MOF copy; the chinatax copy returned 404): (1) a lump sum paid when the labour relationship ends (economic compensation, living subsidy and similar) is exempt up to 3× the local prior-year average annual wage; the excess is not added to comprehensive income and is taxed separately on the annual comprehensive table; (2) an early-retirement lump sum is spread over the actual years from the early-retirement formalities to statutory retirement age (实际年度数), each year less the annual 60,000 deduction, taxed alone on the annual table and multiplied back by the years; (3) internal retirement follows 国税发〔1999〕58号: the lump sum ÷ months to statutory age, merged with that month’s wage less the deduction, sets the rate for the month’s wage plus the lump sum. Which published average feeds the cap is not stated; owner rule 2026-09-28 in CN-SH50.",财税〔2018〕164号 item 5,http://szs.mof.gov.cn/zhengcefabu/201812/t20181227_3110164.htm,2026-09-29,2019-01-01,,PARTIAL,"Register status: Partial [PROBE 2026-09-29]. Seeded 28 Sep 2026 (round 3) in every CN-shanghai and CN-kunming version, and proven against the seed by `tests/statutory-golden-cn.test.ts`: `IIT_SEVERANCE` (164号 5(1): excess over 36 × the recorded monthly average taxed alone on the annual table) — 895,248 on a 12,434 average → 81,367.20; Kunming 430,521.88 on 10,847.83 → 1,480; capped art.47 compensation is exactly the exemption. Matrix lists `SEVERANCE_PAY: ['IIT_SEVERANCE']` (2026-09-28); average series: owner rule 2026-09-28 — law silent (164号 says only 当地上年职工平均工资); default the same dated series and year as LCL art.47 (CN-SH50), the version default of `lcl47_average_monthly_wage`, which the scheme site resolves like every other (`stint` applies declared exit-fact defaults on every person site, 2026-09-28); lawful because it is the local government's published prior-year average. Early-retirement branch reviewed Round 6 (28 Sep 2026, every version): item 5 re-read on the STA copy (https://fgk.chinatax.gov.cn/zcfgk/c102416/c5202364/content.html) and the Heilongjiang STA 12366 page; the register’s “spread over the months left” for 5(2) was a wrong transcription — 164号 spreads over the actual years (实际年度数), fixed here. 5(2) is seeded as the ad hoc `EARLY_RETIREMENT_SUBSIDY` taxed by the scheme `IIT_EARLY_RETIREMENT`: {[(subsidy ÷ Y) − 60,000] × rate − QD} × Y on the annual table (60,000 = IIT Law art.6(1)), Y the exit fact `iit164_early_retirement_years` (owner rule 2026-09-28: a fraction allowed; unrecorded refuses). Goldens both cities: 500,000 over 4 → 15,920; 240,000 over 4 → 0; seam 192,000 over 2 → 2,160, 192,002 → 2,160.20; no years → refused. Round 6 local correction (local gates passed 29 Sep 2026): 5(3) internal retirement uses `INTERNAL_RETIREMENT_SUBSIDY` and `IIT_INTERNAL_RETIREMENT`. The wage plus the lump sum ÷ recorded months to statutory retirement age selects the monthly rate under 国税发〔1999〕58号. The [STA Shanxi annual-settlement FAQ, question 20](https://shanxi.chinatax.gov.cn/web/detail/sx-11400-548-1752086) says the one-off subsidy owes combined-month tax less simulated wage-only monthly tax, while the actual wage remains in ordinary cumulative IIT and annual comprehensive income. Both city goldens now assert CNY12,140 subsidy IIT on a CNY10,000 wage plus CNY120,000 over 24 months, with wage IIT separately assessed. Matrix rows include `INTERNAL_RETIREMENT_SUBSIDY: ['IIT_INTERNAL_RETIREMENT']`; the saved-path probe is `tests/cn-internal-retirement-saved.test.ts` (not yet run). 29 Sep 2026: 国税发〔1999〕58号 is cited from the [STA law library](https://fgk.chinatax.gov.cn/zcfgk/c100012/c5193283/content.html) (was a Zhejiang copy) and 164号 from its [STA copy](https://fgk.chinatax.gov.cn/zcfgk/c102416/c5202364/content.html) (the Heilongjiang 12366 copy timed out); item 1 is silent on meeting the cumulative method, so deducting the wage-only tax is the recorded owner-rule default, the Shanxi FAQ only corroboration. Evidence and probe needed: Exit date, payment class, dated local prior-year average wage, months to retirement; payments at, below and above the 3× cap, and severance paid with final wages taxed separately. [CN registration-status audit 29 Sep 2026] R6 internal retirement, 29 Sep: the separate subsidy tax and ordinary wage IIT calculations in all seven CN versions remain distinct. The `IIT_EARLY_RETIREMENT` authority text no longer says the internal-retirement branch is untranscribed; its rule is `IIT_INTERNAL_RETIREMENT`. The saved combined-wage/subsidy probe remains pending the combined gate. [R9 2026-09-30] Added, not yet run: CN-SH50-2 — capped compensation exactly at 36 × 12,577 = 452,772: no IIT_SEVERANCE. Open: a taxable excess, early and internal retirement on the production path.",statutory_contributions:IIT_SEVERANCE; statutory_contributions:IIT_EARLY_RETIREMENT; statutory_contributions:IIT_INTERNAL_RETIREMENT; adhoc_catalogue:EARLY_RETIREMENT_SUBSIDY; adhoc_catalogue:INTERNAL_RETIREMENT_SUBSIDY; exit_facts.iit164_early_retirement_years; exit_facts.iit164_internal_retirement_months,both cities — an early-retirement subsidy is spread over the actual years to statutory age on the annual table (CN-N39),CN-SH50-1; CN-SH50-2,
CN-N40,CN,overtime,"Applies: 1 Jan 1995 onward; ordinary-hours employees. [Labour Law arts. 41–44](https://www.mohrss.gov.cn/xxgk2020/fdzdgknr/zcfg/fl/202011/t20201102_394625.html): overtime normally at most 1 hour/day; for special reasons with health protected at most 3 hours/day and 36 hours/month; art. 42 lists emergency exceptions; art. 44 rest-day 200% is due only where no compensatory rest is arranged, while statutory-holiday 300% cannot be replaced by time off. CN-N01 states only the premiums.",Labour Law arts. 41–44,https://www.mohrss.gov.cn/xxgk2020/fdzdgknr/zcfg/fl/202011/t20201102_394625.html,2026-09-29,1995-01-01,,PARTIAL,"Register status: Partial [PROBE 2026-09-29]. Seeded `daily_ot` 3 h / `monthly_ot` 36 h limits proven by `tests/statutory-golden-cn.test.ts` in both cities: thirteen weekday overrun days — 36 hours on the OVERTIME line, the daily excess (1 h) and the monthly excess (3 h) on INCENTIVE at the same 150% (art.44 pay is owed on hours worked; the cap forbids, it does not forfeit), rest-day hours outside the measure. Breach report proven (round 3): the run carries an `OVERTIME_LIMIT_EXCEEDED` warning (40 regulated hours against 36) and a `DAILY_OVERTIME_LIMIT_EXCEEDED` warning (4 against 3), and still pays; the monthly warning cites the `monthly_ot` limit's own authority (art.41, 36 hours a month), not the whole work-rules paragraph; the daily warning (`validateDailyOvertimeHoursLimit`, `src/lib/payroll/run/validate.ts`) cites no authority although the seeded `daily_ot` limit carries one (engine defect reported, round 4). The refusal belongs to the schedule gate (`src/lib/scheduling/work-limits.ts`), not to payroll. Open: attendance punches past the cap reach payroll only as a warning (by design, payroll never refuses), art.42 emergency flag not probed, rest-day compensatory-rest substitution. Evidence and probe needed: Daily and monthly overtime hours, special-reason/emergency record, compensatory rest arranged, day type; 36/37-hour month flag, rest day with and without compensatory rest, holiday with time off still paid 300%. [Round 3 28 Sep 2026] CN-N40: the engine already reports a breach of either art.41 cap as a run warning, and the golden now asserts both warnings. By design, payroll never refuses; the schedule gate is where the cap refuses. [R9 2026-09-30] Added, not yet run: art.44 rest-day 200% only where no compensatory rest is arranged (CN-SH03-2, CN-KM-WP08-4). The art.41 caps stay golden only. [R9b 2026-09-30] Added, not yet run: CN-N40-1 — art.41 on the production path (Kunming): a 4-hour approval refused by `daily_ot` 3, twelve 3-hour days reach `monthly_ot` 36 and a thirteenth approval is refused; the 36 hours paid at 150% (6,750). Open: the art.42 emergency flag. [LIT-07 2026-09-30] Planned overtime and incentive hours are keyed in steps of `work_rules.overtime_unit_hours`: a write off the step is refused, a binding limit floors the approved hours to it, and clock hours past the plan below one step are not reported as UNPLANNED_OVERTIME. The law states no keying unit, so every CN-shanghai and CN-kunming version seeds 0.5, the recorded default (the engine's former built-in half hour, now configuration). Golden: tests/overtime-unit.test.ts, pending the test phase; no probe added.",work_rules.limits; work_rules.overtime_unit_hours,${code === SH ? 'Shanghai' : 'Kunming'} — 36 overtime hours a month and 3 a day are the art.41 caps; hours beyond them are still paid at 150% (CN-N40),CN-SH03-2; CN-KM-WP08-4; CN-N40-1,
CN-N41,CN,severance,"Applies: 1 Jan 2008 onward; contracted employment. [LCL arts. 14, 19, 37, 40, 44, 46–47, 70, 82, 87](https://www.samr.gov.cn/zw/zfxxgk/fdzdgknr/bgt/art/2023/art_0abfdd261c03417b949df19d869add8d.html) and [Implementing Regulation arts. 7, 20](https://xzfg.moj.gov.cn/front/law/detail?LawID=284): probation none for contracts under 3 months or part-time (art. 70); 3 months to under 1 year at most 1 month; 1 to under 3 years at most 2 months; 3 years or more or open-ended at most 6 months; one probation per employer. Employee notice 30 days (3 days in probation). Employer art. 40 termination: 30 days' written notice or one month's pay in lieu at the prior month's wage (Impl. art. 20). Open-ended contract after 10 years' service or on renewal after two consecutive fixed terms; one year without a written contract is deemed open-ended (Impl. art. 7); art. 82 double wage for at most 11 months. Fixed-term expiry severance is due unless the employer offered equal or better terms and the worker refused (arts. 44(1), 46(5)). Art. 47: one month per year, 6–12 months counts as a year, under 6 months half a month. Art. 87: 2× for unlawful termination.","LCL arts. 14, 19, 37, 40, 44, 46–47, 70, 82, 87; Implementing Regulation arts. 7, 20",https://www.samr.gov.cn/zw/zfxxgk/fdzdgknr/bgt/art/2023/art_0abfdd261c03417b949df19d869add8d.html,2026-09-30,2008-01-01,,TESTED,"Register status: Partial [PROBE 2026-09-29]. Seeded 28 Sep 2026 (round 3) in every CN-shanghai and CN-kunming version (ad hoc `SEVERANCE_PAY`, raised by SEPARATION), and proven against the seed by `tests/statutory-golden-cn.test.ts`, with the `lcl_termination_ground` / `notice_days_given` / `renewal_offer_refused` / `lcl47_average_monthly_wage` departure facts — 6y6m → 7 months (154,000), 5y5m → 5.5, 5 months → 0.5, art.40 short notice + previous month, art.87 2N, refused renewal / art.37 none, 3× cap × 12 years, Kunming minimum-wage floor 2,270. `tests/counts-toward-matrix.test.ts` lists CN `SEVERANCE_PAY: ['IIT_SEVERANCE']` (164号 5(1)). A December 2025 Shanghai exit (6 years → 132,000) prices the first version. Bonus inside the average (Regulation art.27): BONUS and ANNUAL_BONUS_SEPARATE mark WAGES since 28 Sep 2026; golden 6y6m with a 12,000 bonus → 7 × 23,000 = 161,000. Round 4 (28 Sep 2026, every version, fix in place: missing transcription of unchanged law): art.97 para.3 (re-read on samr.gov.cn) — art.47 years count from 1 Jan 2008 (exit fact `lcl97_pre2008_months`, required for a pre-2008 hire), the earlier service paid under the rules then in force as the recorded `lcl97_pre2008_compensation`, outside the art.47 cap; Regulation art.10 (re-read on xzfg.moj.gov.cn) — uncompensated carried service `lcl10_transferred_service_months` counts; Regulation art.25 (赔偿金的计算年限自用工之日起计算) — art.87 damages count from hire, so neither pre-2008 fact applies to them. Golden: 2005 hire, 34 pre-2008 months, 225 → 19 × 22,000 + recorded 66,000 = 484,000 (IIT 936.84); expiry with 0 recorded 418,000; art.87 22 × 2 × 22,000 = 968,000 (IIT 101,648.40); blank pre-2008 facts → request skipped with a warning; 57 + 30 carried months → 7.5 × 22,000 = 165,000. Owner rule 2026-09-28: the pre-2008 amount is a recorded figure, not a formula, because 劳部发〔1994〕481号's ground-by-ground rules and enterprise-average floor turn on facts the LCL ground codes do not carry; lawful because art.97 defers to those rules and the unit's figure is evidenced on the exit. Round 5 (28 Sep 2026, every version, fix in place: wrong transcription of unchanged law): art.47's 不满六个月 half month was read on whole months only, so a remainder of days under one month earned nothing (3 years 15 days → 66,000). The expression now counts service by `service_months_exact` (part month by its days); golden 2023-06-16 – 2026-06-30 ART_41 → 3.5 × 22,000 = 77,000, art.87 154,000. Round 5 left probation, renewal and double wage open. Round 6 (28 Sep 2026, every version, fix in place: missing transcription): Implementing Regulation arts.5–7 re-read on xzfg.moj.gov.cn. LCL art.82 para.1 with Regulation arts.6–7 is the ad hoc `NO_WRITTEN_CONTRACT_WAGE`, raised on the day the written contract is concluded or on the first anniversary: terms.monthly_wage × (service_months_exact before that day − 1), floored at 0, at most 11 (owner rule 2026-09-28: the contract monthly wage, settled in one line; IIT wage income, outside WAGES and every base). Goldens both cities: hired 1 Jan, signed 16 Apr 2026 → 2.5 × 10,000 = 25,000; signed inside the first month → 0; never signed, anniversary 1 Sep 2026 → 11 × 10,000 = 110,000. Regulation art.6 para.1 (a worker who will not sign after the first month is ended with art.47 compensation) is ground `REG_6` on `SEVERANCE_PAY`: 6 months → 22,000. Round 7 (29 Sep 2026, every version, fix in place: missing transcription of unchanged law): LCL arts.14, 19–20, 82 para.2, 83 and Implementing Regulation art.15 re-read on samr.gov.cn / xzfg.moj.gov.cn. Every CN version declares the terms facts `probation_end`, `post_probation_wage` and `open_ended_due_on` (`terms_facts`, relocated in place 30 Sep 2026); the bands read `terms.facts.post_probation_wage` and `months_through` over `terms.facts.probation_end` (hire through the probation’s last day or the rule date, part month by its days) and `terms.facts.open_ended_due_on` (due day through the rule date). Three MANUAL ad hoc lines in every CN-shanghai and CN-kunming version: `PROBATION_EXCESS_DAMAGES` (art.83 with the art.19 limit: under 3 months or part-time (art.70) 0, 3 months–1 year 1, 1–3 years 2, 3 years or open-ended 6; wage after probation × months beyond it; IIT, outside WAGES), `PROBATION_WAGE_SHORTFALL` (art.20 / Regulation art.15: max(0, 80% × wage after probation − probation monthly wage) × probation months; IIT and WAGES), `OPEN_ENDED_CONTRACT_WAGE` (art.82 para.2: monthly wage × overdue months, no cap in the law; IIT, outside WAGES). Owner rule 2026-09-28 defaults: no separate wage after probation recorded → the contract monthly wage (the agreed wage is then that wage); the Regulation’s two comparators → 80% of the agreed wage (meets either; the unit records no lowest grade for the post); the minimum-wage floor stays the version’s wage floor; the art.14 due day is recorded, not derived, because art.14 para.2 turns on the worker’s proposal and the absence of art.39/40(1)–(2) grounds, which a renewal count cannot carry — so no renewal count is recorded; sanctions default as `NO_WRITTEN_CONTRACT_WAGE`. Goldens (`tests/statutory-golden-cn.test.ts`, both cities): 1-year term, probation 3 months, wage after 10,000 → 10,000; probation to 16 Mar → 5,161.29; open-ended 6 months → 0; 2-month term, 1 month, no separate wage (10,000) → 10,000; probation paid 7,000 against agreed 10,000 × 3 months → 3,000, paid 8,000 → 0; open-ended due 1 Jan 2026, raised 15 Apr → 3.5 × 10,000 = 35,000, due 1 May → 0. `tests/counts-toward-matrix.test.ts` rows added. Limits: raise the probation lines on the probation’s last day, before a renewal moves the contract’s end (the art.19 term is read from the stint’s recorded end); a contract for a defined task has no field (record it as a term under 3 months); the one-probation-per-employer rule (art.19 para.2) and the art.21 dismissal limits are not pay and are not checked; unpaid probation days do not reduce the shortfall. Art.7’s deemed open-ended contract is a contract-record change, not pay. Evidence and probe needed: Contract type and term, renewal count, service months, prior-month wage, expiry offer and refusal, termination cause; 5/6/12-month service, second renewal, 13th month without a written contract, and unlawful-termination probes. Tracker status TESTED: every payable branch is priced by the goldens; non-pay limits (one-probation rule, art.21 dismissal limits) are not checked. [Second pass 28 Sep 2026] Proven by golden but planted, not seeded (superseded: seeded in round 3 below): 经济补偿 (CN-N41) and its tax (CN-N39). The shared `tests/counts-toward-matrix.test.ts` now lists CN `SEVERANCE_PAY: ['IIT_SEVERANCE']` (outside SI and comprehensive income; taxed alone under 164号 5(1)); the planted rows in `tests/statutory-golden-cn.test.ts` are the seed text to land, with the bonus classes now seeded as `BONUS: ['IIT', 'WAGES']` and `ANNUAL_BONUS_SEPARATE: ['IIT_BONUS', 'WAGES']` (Implementing Regulation art.27 and 实施办法 art.11 both average bonuses in; fix in place, every CN version). [Round 3 28 Sep 2026] Seeded, every CN-shanghai and CN-kunming version (fixed in place, because the law is unchanged and only its transcription was missing): the ad hoc class `SEVERANCE_PAY` (LCL arts.46–47, 87; Regulation arts.20, 25, 27), the scheme `IIT_SEVERANCE` (财税〔2018〕164号 item 5(1)) and the exit facts `lcl_termination_ground`, `notice_days_given`, `renewal_offer_refused` and `lcl47_average_monthly_wage`. The golden no longer plants them; every figure (154,000; 895,248 → 81,367.20; Kunming 430,521.88 → 1,480; December 2025 132,000) is now read through the seed. CN-N39, CN-N41. [Round 4 28 Sep 2026 (owner rule)] Severance (CN-N41, fix in place, every version): LCL art.97 para.3, Regulation arts.10 and 25 seeded as exit facts `lcl97_pre2008_months`, `lcl97_pre2008_compensation`, `lcl10_transferred_service_months` and the `SEVERANCE_PAY` expression. The pre-2008 amount is recorded: law silent on how a system should derive 劳部发〔1994〕481号 (abolished, still governing by reference); default the unit's evidenced figure; lawful because art.97 defers to those rules. [Round 4 28 Sep 2026 (owner rule)] Severance part-month remainder (CN-N41, fix in place, every version): LCL art.47 states the rule (any remainder under six months, days included, earns half a month) and it is followed exactly: the `SEVERANCE_PAY` years and remainder read `service_months_exact` instead of whole `service_months`, in the uncapped, 3×-capped and art.87 branches. [CN registration-status audit 29 Sep 2026] R6 contract claims, 29 Sep: `employment_terms` stores probation end, wage after probation and the legally determined open-ended due date, and the CN MANUAL catalogue rules calculate the corresponding art.20, 82 and 83 amounts. An approved request previously could read an absent field as zero and be captured with no payment. Each class's `request_requirements` (event within employment, dated terms, `required_when` over those terms facts) refuses `PROBATION_EXCESS_DAMAGES` or `PROBATION_WAGE_SHORTFALL` without `probation_end`, the wage-shortfall claim without a positive `post_probation_wage`, and `OPEN_ENDED_CONTRACT_WAGE` without an `open_ended_due_on` between service start and the liability event. All three refuse an event date after exit so overdue months cannot accrue beyond service. `tests/cn-contract-obligations-saved.test.ts` exercises missing and future fields and a positive recorded due date, pending the combined gate. Renewal count alone still cannot determine the art.14 due date because worker choice and statutory exceptions matter; it must be established and recorded before the sanction is raised. [R9 2026-09-30] Probes listed: CN-SH50-1 and CN-KM-WP09-2 (run 29 Sep 2026, half a month under six months); added, not yet run: CN-SH50-2 (carried service, twelve-year cap, uncapped 2 years 9 months → 3 months) and CN-SH50-3 (a 2025 exit on the 2024 average). Open: art.40/87 and the formation remedies on the production path; the arts.42/45 protection gates. [R9b 2026-09-30] Added, not yet run: CN-N41-1 (art.40 without notice, 32,625) and CN-N41-2 (art.87 double, 21,750); LCL re-read on samr.gov.cn 30 Sep 2026. Open: formation remedies (art.82 double wage: `service_months_exact` at the rule date needs a golden-confirmed figure first) and arts.42/45 gates.","adhoc_catalogue:SEVERANCE_PAY; adhoc_catalogue:NO_WRITTEN_CONTRACT_WAGE; adhoc_catalogue:OPEN_ENDED_CONTRACT_WAGE.request_requirements; adhoc_catalogue:PROBATION_EXCESS_DAMAGES.request_requirements; adhoc_catalogue:PROBATION_WAGE_SHORTFALL.request_requirements; terms_facts:probation_end,post_probation_wage,open_ended_due_on; exit_facts.lcl_termination_ground; exit_facts.notice_days_given; exit_facts.renewal_offer_refused; exit_facts.lcl47_average_monthly_wage; exit_facts.lcl97_pre2008_months; exit_facts.lcl97_pre2008_compensation; exit_facts.lcl10_transferred_service_months","Shanghai — 经济补偿: a month a year, a half year rounds up, under six months is half; none on resignation or a refused renewal (CN-N41)",CN-SH50-1; CN-SH50-2; CN-SH50-3; CN-KM-WP09-2; CN-N41-1; CN-N41-2,
CN-N42,CN,final_pay,"Applies: 1 Jan 2021 onward (SPC Interpretation I); trained or non-compete-bound workers. [LCL arts. 22–24](https://www.samr.gov.cn/zw/zfxxgk/fdzdgknr/bgt/art/2023/art_0abfdd261c03417b949df19d869add8d.html) and SPC Interpretation (I) 法释〔2020〕26号 arts. 36–38: training service-period liquidated damages may not exceed the unamortised training cost; non-compete lasts at most 2 years with monthly post-exit compensation; where no amount is agreed, 30% of the average monthly wage of the 12 months before exit, not below the local minimum; after 3 months' non-payment the worker may rescind the non-compete clause (not the labour contract). CN-SH16 holds only Shanghai's 2004 clarification; CN-N37 may change validity rules.",LCL arts. 22–24,https://www.samr.gov.cn/zw/zfxxgk/fdzdgknr/bgt/art/2023/art_0abfdd261c03417b949df19d869add8d.html,2026-09-29,2021-01-01,,GAP,"Register status: No [SOURCE 2026-09-29]. No post-exit payment schedule, cap rule or probe; official Interpretation (I) link not recorded; Interpretation (II) interaction open. Evidence and probe needed: Training cost and amortisation, service period, clause terms, exit date, 12-month wage history, local minimum, payment history; unamortised-cost cap, 30% default and 3-month non-payment probes.",,,,
CN-N43,CN,tax,"Applies: Per instrument; payroll-level IIT reliefs outside CN-N16. (a) Personal pension: [MOF/STA 2024 No. 21](https://www.gov.cn/zhengce/zhengceku/202412/content_6992498.htm), nationwide from 1 Jan 2024, up to CNY12,000/year, deductible in withholding on platform vouchers or at annual reconciliation (2022 No. 34 applied only to pilot cities). (b) Tax-advantaged commercial health insurance, 财税〔2017〕39号: CNY2,400/year (CNY200/month) in withholding. (c) Enterprise/occupational annuity, 财税〔2013〕103号: employer share not taxed when paid; worker share deductible up to 4% of a base capped at 3× the local average wage. (d) Housing fund, [财税〔2006〕10号 items 1–2](https://fgk.chinatax.gov.cn/zcfgk/c102416/c5203070/content.html): each side exempt up to 12% of the prior-year monthly average wage capped at 3× the city average; any excess is taxable wage.",MOF/STA 2024 No. 21; 财税〔2006〕10号 items 1–2,https://www.gov.cn/zhengce/zhengceku/202412/content_6992498.htm,2026-09-29,2024-01-01,,GAP,"Register status: No [IN-SYSTEM 2026-09-29]. No relief inputs, cap rules or probe; (d) linked 29 Sep 2026 — the seeded fund rates and ceilings sit inside it (Shanghai 5–7% on at most 3 × the average; Kunming 5–12% on at most 32,543), so no taxable excess arises from a seeded rate. (b) needs a monthly clamp per claim month (200 from the month after the policy is lodged), which a year-to-date deduction total cannot state; (a) and (c) need voucher and annuity-base inputs. Open. Evidence and probe needed: Voucher and policy evidence, annuity plan and base, fund rate and base against the 3× cap; Kunming 12% on a base above the tax cap and an elevated Shanghai rate must create a taxable excess.",,,,
CN-N44,CN,tax,"Applies: 1 Jul 2020 onward; resident first paid wages mid-year; student interns. STA 2020 No. 13 ([STA policy library](https://fgk.chinatax.gov.cn/)): a resident whose first wage or salary income of the year arrives mid-year deducts CNY5,000 × months from January through the current month in cumulative withholding; student-intern labour remuneration also uses the cumulative method. Separate from CN-N11 (2020 No. 19).",STA policy library,https://fgk.chinatax.gov.cn/,2026-09-29,2020-07-01,,PARTIAL,"Register status: Partial [IN-SYSTEM 2026-09-29]. Calculation only (register correction, round 6): first wage income in July deducts 5,000 from January, priced by `tests/statutory-golden-cn.test.ts`. Open: the student-intern labour-remuneration branch. Evidence and probe needed: Declaration of no earlier income this year, first pay month, intern status; July first-salary case deducts CNY35,000; intern labour-remuneration case. [R9 2026-09-30] Added, not yet run: CN-N44-1 — a July first-wage-income declaration deducts 35,000; without it 5,000. Open: the student-intern branch.",statutory_contributions:IIT,"Shanghai — first wage income in July deducts from January; the 60,000 election; the rent cap (CN-N11, N44, N54)",CN-N44-1,
CN-N45,CN,tax,"Applies: 1 Jan 2019 onward; allowance election 1 Jan 2024–31 Dec 2027; non-domiciled and foreign individuals. MOF/STA 2019 No. 35: China-source salary apportioned by China workdays ÷ calendar days, a day under 24 hours in China counting as half, with a separate senior-manager branch; the six-year rule is MOF/STA 2019 No. 34. [MOF/STA 2023 No. 29](https://fgk.chinatax.gov.cn/zcfgk/c102416/c5211526/content.html): until 31 Dec 2027 a resident foreign individual chooses either receipted tax-exempt housing, meal, laundry, relocation, home-visit, language and child-education allowances or CN-N16 special additional deductions, not both, locked for the tax year. CN-N09 mentions only a nonresident table.",MOF/STA 2023 No. 29,https://fgk.chinatax.gov.cn/zcfgk/c102416/c5211526/content.html,2026-09-29,2019-01-01,,GAP,"Register status: No [IN-SYSTEM 2026-09-29]. No apportionment, election flag, year lock or probe; 2019 No. 34/35 links not recorded. Evidence and probe needed: Domicile, China days and part-days, residence years, senior-manager status, election and receipts; mid-year switch refused, half-day counting and 90/183-day branches.",,,,
CN-N46,CN,tax,"Applies: 1 Jan 2019 onward; listed-equity separate tax to 31 Dec 2027; equity awards and non-employee labour remuneration. MOF/STA 2023 No. 25: listed-company stock options, restricted shares and similar awards to residents are taxed separately on the annual comprehensive table until 31 Dec 2027; non-listed awards follow 财税〔2016〕101号. [STA 2018 No. 61 art. 8 and table 2](https://www.chinatax.gov.cn/n810219/n810744/n3752930/n3752974/c3963396/content.html): non-employee labour remuneration is reduced by CNY800 when ≤4,000, otherwise by 20%, then prepaid at 20%, 30% (QD 2,000) above 20,000 or 40% (QD 7,000) above 50,000.",STA 2018 No. 61 art. 8 and table 2,https://www.chinatax.gov.cn/n810219/n810744/n3752930/n3752974/c3963396/content.html,2026-09-29,2019-01-01,,GAP,"Register status: No [IN-SYSTEM 2026-09-29]. No equity or labour-remuneration branch or probe; 2023 No. 25 and 2016 No. 101 links not recorded. Evidence and probe needed: Award type and listing status, exercise/vesting income; payee class and gross remuneration; 4,000/4,001 and 20,000/50,000 boundaries.",,,,
CN-N47,CN,filing,"Applies: Annually; tax year 2025 reconciliation window 1 Mar–30 Jun 2026. [STA 2018 No. 61 art. 13](https://www.chinatax.gov.cn/n810219/n810744/n3752930/n3752974/c3963396/content.html): within two months after year end the withholding agent gives each worker their income and tax-withheld figures. On request, the employer handles the worker's annual comprehensive-income reconciliation if notified by the date in the annual STA announcement.",STA 2018 No. 61 art. 13,https://www.chinatax.gov.cn/n810219/n810744/n3752930/n3752974/c3963396/content.html,2026-09-28,2019-01-01,,EXTERNAL,"Register status: Excluded. Sourced disposition, 28 Sep 2026: the annual reconciliation is the taxpayer’s filing (国家税务总局令第57号 个人所得税综合所得汇算清缴管理办法, from 26 Feb 2025, https://fgk.chinatax.gov.cn/zcfgk/c100011/c5238560/content.html arts.14, 16–17: the unit files only on the worker’s request confirmed in writing or electronically, keeps the records five years and informs the worker); the 2025 year runs 1 Mar–30 Jun 2026 (国家税务总局通告2026年第1号, https://fgk.chinatax.gov.cn/zcfgk/c102424/c5247612/content.html). No payroll amount follows. Remaining employer workflow (year-end statement under No.61 art.13, a requested filing) is outside the payroll calculation and unevidenced. Evidence and probe needed: Year-end statement delivery date, worker request and notice date, filing receipt; delivery by end-February and late-request cases. Tracker status EXTERNAL: annual reconciliation itself is the taxpayer’s filing (no payroll amount); the year-end statement and requested filing are employer duties outside the calculator. [Second pass 28 Sep 2026] Sourced dispositions: CN-N47 annual reconciliation (Order 57, 通告2026年第1号) is the worker’s filing — excluded from payroll. CN-N53 extended to Kunming (the city wage regulation sets no 13th-month, bonus or night premium).",,,,
CN-N48,CN,contribution,"Applies: 1 Jan 2020 onward; Hong Kong, Macao and Taiwan residents employed on the mainland. [人社部 国家医保局令第41号 arts. 2–3](https://www.gov.cn/zhengce/zhengceku/2019-11/29/content_5562340.htm): mandatory pension, medical, injury, unemployment and maternity insurance, with employer and worker at ordinary rates. A separate class from foreign nationals (CN-N25) and from the voluntary housing fund (CN-SH41).",人社部 国家医保局令第41号 arts. 2–3,https://www.gov.cn/zhengce/zhengceku/2019-11/29/content_5562340.htm,2026-09-29,2020-01-01,,GAP,"Register status: No [IN-SYSTEM 2026-09-29]. No worker-class input, enrolment rule or probe. Evidence and probe needed: Identity/residence-permit class, employer, city enrolment; HK resident enrolled on local rates, not as a foreigner.",,,,
CN-N49,CN,contribution,"Applies: 1 Jul 2011 onward; SI arrears and non-registration. [Social Insurance Law arts. 84, 86](http://www.npc.gov.cn/zgrdw/npc/xinwen/2019-01/07/content_2070267.htm): overdue premiums carry a 0.05%/day late fee from the due date, and 1–3× the arrears as a fine if still unpaid after an order; failure to register draws 1–3× the premium. Applies to CN-SH38/45 and CN-KM05 corrections outside any waiver window.","Social Insurance Law arts. 84, 86",http://www.npc.gov.cn/zgrdw/npc/xinwen/2019-01/07/content_2070267.htm,2026-09-29,2011-07-01,,EXTERNAL,"Register status: No [IN-SYSTEM 2026-09-29]. No arrears surcharge calculation or probe. Evidence and probe needed: Due date, payment date, order date, waiver window; one-day-late and in-window correction probes.",,,,
CN-N50,CN,minimum_wage,"Applies: 1 Mar 2004 onward; every minimum-wage test. MOLSS Order 21 最低工资规定 arts. 11–12 ([MOHRSS](https://www.mohrss.gov.cn/)): the employer publicises a new minimum within 10 days of its publication; overtime pay, middle/night-shift, high/low-temperature, underground and toxic allowances and statutory welfare are excluded from the test; the minimum also applies to piece-rate and hourly pay. The 28 Sep 2026 HRSS wage index shows 沪人社规〔2025〕10号 (CN-SH01, valid to 30 Jun 2030) as the latest Shanghai adjustment, so CNY2,740/25 stands.",MOHRSS,https://www.mohrss.gov.cn/,2026-09-29,2004-03-01,,PARTIAL,"Register status: No [IN-SYSTEM 2026-09-29]. Shanghai and Kunming read the floor on contract basic (`work_rules.wages`), so overtime and every allowance class — including the new heat allowance and the 89号 exempt receipts — are outside it by construction; the listed exclusions therefore hold, but a pay component the law would count (a standing position allowance) is also left out, which can only block, never underpay. Open: notice evidence, piece/hourly floors, article-level Order 21 URL. Evidence and probe needed: Minimum publication and notice dates, pay components, piece/hour pay; excluded allowances removed before the test; day-10/11 notice. Tracker status PARTIAL: the golden proves the Shanghai floor on contract basic net of employee shares. [R9 2026-09-30] Added, not yet run: the below-floor refusal in both cities (CN-SH01-2, CN-KM01-2, CN-KM02-2) and an excluded allowance left out of the Shanghai comparison (CN-SH01-3). Open: notice evidence, piece/hourly floors. [R9b 2026-09-30] Added, not yet run: CN-KM02-3 — the Kunming category II 2026 floor.",work_rules.wages,"Shanghai — 2,740 gross less the employee’s statutory shares fails the net floor (CN-SH01)",CN-SH01-2; CN-SH01-3; CN-KM01-2; CN-KM02-2; CN-KM02-3,
CN-N51,CN,leave,"Applies: 1980/1981 onward; marriage, funeral and home leave. 国劳总薪字〔1980〕29号: 1–3 paid days of marriage leave, or funeral leave for parents, spouse or children, plus travel days; Shanghai CN-SH13/17 and Yunnan CN-KM30 add to it. 国发〔1981〕36号 home leave (spouse 30 days/year; unmarried to parents 20 days/year or 45 days every 2 years; married to parents 20 days every 4 years; standard wage; public holidays inside count) applies only to state organs and state-owned units with at least one year's service; for private employers it is contractual only, and that disposition must be recorded. A [Jinan government Q&A](https://www.jinan.gov.cn/col/col118356/art/2026/art_22b29afa289b447fbf8d6c803a24b67c.html) is corroboration only.",Jinan government Q&A,https://www.jinan.gov.cn/col/col118356/art/2026/art_22b29afa289b447fbf8d6c803a24b67c.html,2026-09-29,1980-01-01,,PARTIAL,"Register status: Partial [IN-SYSTEM 2026-09-29]. Seeded base marriage days inside `MARRIAGE_LEAVE` (3, the discretionary maximum, plus the city addition; `tests/leave-entitlement-golden.test.ts`). Primary texts of 国劳总薪字〔1980〕29号 and 国发〔1981〕36号 still not retrieved; funeral and home leave unseeded 29 Sep 2026: `FUNERAL_LEAVE` seeded in every CN version — 3 days (the discretionary maximum, owner rule 2026-09-28, as for marriage) for the death of a parent, spouse or child, paid at the contract standard ([工资支付暂行规定 art. 11](https://www.mohrss.gov.cn/xxgk2020/gzk/gz/202112/t20211228_431557.html)); golden in `tests/statutory-golden-cn.test.ts`. Home leave is not seeded: 国发〔1981〕36号 binds state organs and state-owned units only, and no employer-ownership input exists — recorded disposition, contractual for other employers. Evidence and probe needed: Leave type and relative, employer ownership class, service, travel days; private-employer home leave contractual only; SOE spouse 30 days. [R9 2026-09-30] Probes listed: marriage leave in both cities (run 29 Sep 2026); added, not yet run: funeral leave for a parent (CN-KM-WP12-2) and a Shanghai parent-in-law (CN-SH17-1).",leave_catalogue:MARRIAGE_LEAVE; leave_catalogue:FUNERAL_LEAVE,"both cities — 丧假: three paid days for a parent, the spouse or a child, on every version (CN-N51)",CN-SH13-1; CN-KM30-1; CN-KM-WP12-2; CN-SH17-1,
CN-N52,CN,records,"Applies: Per instrument; payroll, tax and accounting record retention. [Interim Wage Payment Regulation art. 6](https://www.yueyang.gov.cn/web/2570/2584/2860/content_472952.html): wage-payment records kept at least 2 years (CN-N04 and CN-KM-WP05 give no period). [Migrant Worker Wage Regulation art. 15](https://www.gov.cn/gongbao/content/2020/content_5469641.htm): wage ledger kept at least 3 years. STA 2018 No. 60 special-additional-deduction operating measure: the withholding agent keeps deduction information for 5 years (article unverified). 会计档案管理办法 (MOF/National Archives Order 79): accounting vouchers 30 years. Kunming wage regulation art. 12 needs a check for a longer city period.",Interim Wage Payment Regulation art. 6; Migrant Worker Wage Regulation art. 15,https://www.yueyang.gov.cn/web/2570/2584/2860/content_472952.html,2026-09-29,1995-01-01,,EXTERNAL,"Register status: No [EXTERNAL 2026-09-29]. No retention schedule or purge control; STA 2018 No. 60 article and Order 79 link unverified. Evidence and probe needed: Record class, creation date, retention end; purge blocked before each period ends.",,,,
CN-N53,CN,bonus,"Applies: 1 Dec 2025 onward; night work, 13th-month pay, annual bonus. Sourced exclusion (negative finding): no national or Shanghai statute found mandates a night-work premium, 13th-month pay or an annual bonus; such pay is contractual or collective. Night/middle-shift allowances are excluded from the minimum-wage test (Order 21 art. 12; [沪人社规〔2025〕10号](https://rsj.sh.gov.cn/tgzfl_17732/20250714/t0035_1434097.html)). For Kunming, the 昆明市工资支付条例 (https://policy.mofcom.gov.cn/claw/clawContent.shtml?id=67457) sets none either (art.3 wage definition, art.15 overtime only); Yunnan provincial texts beyond it not searched.",沪人社规〔2025〕10号,https://rsj.sh.gov.cn/tgzfl_17732/20250714/t0035_1434097.html,2026-09-28,2025-12-01,,NOT-APPLICABLE,"Register status: Excluded. Sourced exclusion: no national or Shanghai statute found mandates night premium, 13th-month or annual bonus; for Kunming the 昆明市工资支付条例 (MOFCOM copy, https://policy.mofcom.gov.cn/claw/clawContent.shtml?id=67457, read 28 Sep 2026) sets none either (art.3 wage definition, art.15 overtime only). Paid, a contractual bonus is wages: `tests/statutory-golden-cn.test.ts` Shanghai ordinary bonus and Kunming 10,000 bonus → 616.20 cumulative. Contractual-term input still absent; Yunnan provincial texts beyond the city regulation not searched. Evidence and probe needed: Contract and collective clauses; zero statutory amount without a clause, contractual amount with one.",,,,
CN-N54,CN,tax,"Applies: 1 Jan 2019 onward; resident claiming the housing-rent deduction. 国发〔2018〕41号 Interim Measures for IIT Special Additional Deductions, housing-rent article: CNY1,500/month in municipalities, provincial capitals and planned cities (Shanghai, Kunming), CNY1,100 or CNY800 in smaller cities by registered population; unchanged by 2023 No. 14; rent and housing-loan interest cannot both be claimed. CN-N16 lists the evidence but not the city tier.","国发〔2018〕41号 Interim Measures for IIT Special Additional Deductions, housing-rent article",https://fgk.chinatax.gov.cn/zcfgk/c100012/c5213592/content.html,2026-09-30,2019-01-01,,TESTED,"Register status: Partial [PROBE 2026-09-29]. Calculation only: the CNY1,500 rent cap (Shanghai) and the rent-versus-loan refusal (both cities, 29 Sep 2026) are priced by `tests/statutory-golden-cn.test.ts`. The smaller-city tiers are not needed for Shanghai or Kunming. Evidence and probe needed: Work city, rental evidence, loan-interest claim; Kunming claimant CNY1,500; both claims refused. The register records no 国发〔2018〕41号 URL; url is the linked 2023 No. 14 increase notice of the same deduction measures. [R9 2026-09-30] Added, not yet run: CN-N11-1 — Shanghai rent capped at 1,500 on the production path. The rent-versus-loan refusal stays golden only. [R9b 2026-09-30] Added, not yet run: CN-N54-1 (Shanghai rent and loan interest together refuse the run) and CN-N54-2 (a Kunming claimant deducts 1,500).",statutory_contributions:IIT,Kunming — housing rent and housing-loan interest in one year refuse (国发〔2018〕41号; CN-N54),CN-N11-1; CN-N54-1; CN-N54-2,
CN-N55,CN,tax,"Applies: 1994 onward; wage-related receipts not of wage nature. [国税发〔1994〕89号 item 2](https://fgk.chinatax.gov.cn/zcfgk/c100011/c5216297/content.html) (STA regulation, in force as amended by STA Order 40): 独生子女补贴, 托儿补助费, 差旅费津贴 and 误餐补助 不属于工资、薪金性质 and are not taxed; [财税〔1995〕82号](https://shanghai.chinatax.gov.cn/zcfw/zcfgk/grsds/200402/t288617.html) confines 误餐补助 to meal fees at the finance-department standard for actual missed meals, anything else so named being wage income. IIT Law art. 4 lists the statutory exemptions.",国税发〔1994〕89号 item 2; 财税〔1995〕82号,https://fgk.chinatax.gov.cn/zcfgk/c100011/c5216297/content.html,2026-09-29,1994-01-01,,TESTED,"Register status: Partial [PROBE 2026-09-29]. Added 29 Sep 2026 in every CN-shanghai and CN-kunming version: ad hoc `ONE_CHILD_SUBSIDY`, `CHILDCARE_SUBSIDY`, `TRAVEL_ALLOWANCE`, `MISSED_MEAL_SUBSIDY` (evidence required for the last two), counting toward nothing — outside IIT, WAGES (owner rule 2026-09-28: LCL regulation art. 27 is silent on them) and the contract-basic minimum-wage test. `tests/statutory-golden-cn.test.ts`: Shanghai 20,000 + 650 → IIT 345 on 20,000; Kunming 10,000 + 650 → 83.10. Open: `tests/counts-toward-matrix.test.ts` must list the four classes; standard-within-limit evidence. Evidence and probe needed: Class of the receipt, its standard and the trip or meal evidence; a travel/meal figure paid monthly must be wages. [CN registration-status audit 29 Sep 2026] R6 CN ad hoc audit, 29 Sep: all 11 ad hoc codes in each of four Shanghai and three Kunming seed versions have one consistent `counts_toward` membership matching `tests/counts-toward-matrix.test.ts`, including separate `IIT_SEVERANCE`, `IIT_EARLY_RETIREMENT`, `IIT_INTERNAL_RETIREMENT`, and the probation/open-ended sanction classes. No seed membership mismatch was found; the matrix's behavioral gate awaits the combined test run.",adhoc_catalogue:ONE_CHILD_SUBSIDY; adhoc_catalogue:CHILDCARE_SUBSIDY; adhoc_catalogue:TRAVEL_ALLOWANCE; adhoc_catalogue:MISSED_MEAL_SUBSIDY,"both cities — 独生子女补贴, 托儿补助费, 差旅费津贴 and 误餐补助 stay out of the IIT base (国税发〔1994〕89号 item 2; CN-N55)",,
CN-SH01,CN-shanghai,minimum_wage,"Applies: 1 Jul 2025 onward; Shanghai full-/non-full-time workers. [沪人社规〔2025〕10号](https://rsj.sh.gov.cn/tgzfl_17732/20250714/t0035_1434097.html), effective 1 July 2025: monthly full-time floor CNY2,740, hourly non-full-time CNY25. Monthly qualifying pay excludes employee statutory social insurance, housing fund, overtime, night/hazard/heat allowances, meals, commute and housing subsidy.",沪人社规〔2025〕10号,https://rsj.sh.gov.cn/tgzfl_17732/20250714/t0035_1434097.html,2026-09-29,2025-07-01,,PARTIAL,"Re-judged 30 Sep 2026 against the whole provision: PARTIAL. Probe-proven: CN-SH01-1 (3,798.33 contract nets exactly 2,740 after the employee pension/medical/unemployment/housing-fund shares, `work_rules.wages.net_of_employee_schemes`, and runs) and CN-SH40-1 (4,100 → 2,815.67 runs). Unproven on the production path: (1) the below-floor refusal (2,740 gross less the employee shares must fail) — golden only in `tests/statutory-golden-cn.test.ts`; the probe harness pins saved payslip lines and cannot pin a refusal; (2) the hourly CNY25 non-full-time floor — no part-time pay class (CN-N27); (3) the item exclusions (overtime, night/hazard/heat allowances, meal, commute, housing subsidy) — excluded by construction because the floor reads contract basic, never probed with such a line in a floor case. [F24 2026-09-30: verified_at 2026-09-29 probes ran on an env-link overlay of @norbital-ai/bolt 0.0.140; package.json and pnpm-lock.yaml pin 0.0.139, which is not materialised in node_modules. Not re-run on the pin.] [R8 2026-09-30] Probe run 443/443 green: CN-SH01-1; CN-SH40-1 pass; status stays PARTIAL for the branches named above. [R9 2026-09-30] Added, not yet run: CN-SH01-2 (2,740 gross nets 1,764.70 after the employee shares: run refused, `refused` on the case — the harness now pins refusals) and CN-SH01-3 (3,700 + the 300 heat allowance: the allowance is outside the comparison, 2,648.67 refused). Still open: the hourly CNY25 non-full-time floor (block_below_when leaves PART_TIME a warning; no part-time pay class, CN-N27).",work_rules.wages.by_region; work_rules.wages.hourly_by_region; work_rules.wages.net_of_employee_schemes,"Shanghai — 2,740 gross less the employee’s statutory shares fails the net floor (CN-SH01)",CN-SH01-1; CN-SH40-1; CN-SH01-2; CN-SH01-3,2026-09-29
CN-SH02,CN-shanghai,final_pay,"Applies: 1 Dec 2025–31 Jul 2026 predecessor; 1 Aug 2026 onward replacement. [沪人社规〔2026〕10号](https://rsj.sh.gov.cn/tgzfl_17732/20260731/t0035_1442850.html), effective 1 August 2026, and [2016 predecessor](https://rsj.sh.gov.cn/tgzfl_17732/20260412/t0035_1439868.html): arts/items 1–9, 24–25 set wage composition, records, worker statement, monthly payday, cash/bank timing, final payment 在与劳动者办妥手续时 (when the formalities are completed; the exit date stands for that undated date, a recorded default), paid public activity and part-time ≤15-day settlement; annual/performance salary requires at least monthly minimum advance. Official [explanation](https://rsj.sh.gov.cn/tzcjd_17352_17352/20260731/t0035_1442849.html) reports only addressee and term changes in 2026.",沪人社规〔2026〕10号; 2016 predecessor; explanation,https://rsj.sh.gov.cn/tgzfl_17732/20260731/t0035_1442850.html,2026-09-29,2025-12-01,,PARTIAL,"Re-judged 30 Sep 2026 against the whole provision: PARTIAL. Probe-proven: CN-SH50-1 settles the final wages, leave pay and compensation in the exit month's run. Unproven: (1) the item 7 deadline (`payroll.final_pay_deadlines` 0 days, `FINAL_PAY_LATE`) — golden only (15 January leaver warned on the 31 January run, 31 January leaver not); (2) wage records, the worker statement, the monthly payday, cash/bank timing, paid public activity, the part-time ≤15-day settlement and the annual/performance-salary monthly advance — no input or output. Recorded default (law silent on the date): item 7 requires payment 在与劳动者办妥手续时 (when the formalities are completed) and dates no formalities; the exit date stands for that date, lawful because it is never later than the text allows. [F24 2026-09-30: verified_at 2026-09-29 probes ran on an env-link overlay of @norbital-ai/bolt 0.0.140; package.json and pnpm-lock.yaml pin 0.0.139, which is not materialised in node_modules. Not re-run on the pin.] [R9 2026-09-30] Added, not yet run: CN-SH02-1 — the item 7 deadline on the production path: a 15 January leaver is warned `FINAL_PAY_LATE` on the 31 January run, a 31 January leaver is not (the case pins the run’s warnings). Open: records, statement, payday, part-time 15-day settlement, annual/performance advance.",payroll.final_pay_deadlines,Shanghai — final pay is due on the exit day; a month-end run pays a mid-month leaver late (CN-SH02),CN-SH50-1; CN-SH02-1,2026-09-29
CN-SH03,CN-shanghai,overtime,"Applies: 1 Dec 2025 onward; Shanghai overtime/paid leave. Same Shanghai wage measure items 9, 13–14: overtime and paid leave base is corresponding position's normal monthly attendance wage, excluding listed bonuses/subsidies; contract then collective then 70% of actual normal wage, each floored at local minimum. Day/hour conversion uses 21.75/8. Approved comprehensive/irregular hours have separate holiday/overtime branch.","Same Shanghai wage measure items 9, 13–14",https://rsj.sh.gov.cn/tgzfl_17732/20260731/t0035_1442850.html,2026-09-29,2025-12-01,,PARTIAL,"Re-judged 30 Sep 2026 against the whole provision: PARTIAL. Probe-proven: CN-SH03-1 — 150% weekday, 200% rest day without compensatory rest and 300% statutory holiday on the contract monthly wage ÷ 21.75 ÷ 8. Unproven: (1) the approved comprehensive/irregular-hours branch (not seeded); (2) the collective-agreement base and the 70%-of-actual-normal-wage fallback, each floored at the minimum (only the contract base is seeded); (3) the exclusion of listed bonuses/subsidies from the base; (4) the paid-leave base of items 13–14. [F24 2026-09-30: verified_at 2026-09-29 probes ran on an env-link overlay of @norbital-ai/bolt 0.0.140; package.json and pnpm-lock.yaml pin 0.0.139, which is not materialised in node_modules. Not re-run on the pin.] [R9 2026-09-30] Added, not yet run: CN-SH03-2 — a bonus in the month stays outside the overtime hour (125), and rest-day work with compensatory rest arranged earns no premium. Open: comprehensive/irregular schedules, the collective and 70% fallback bases, the leave base of items 13–14.",work_rules.bands,"Shanghai — overtime at 150% / 200% / 300% on the 21.75-day hour (CN-N01, N02, SH03)",CN-SH03-1; CN-SH03-2,2026-09-29
CN-SH04,CN-shanghai,wages,"Applies: 1 Dec 2025 onward; listed exceptional pay states. Same measure items 10–12, 15–23: one-month agreed hardship delay, probation 80% comparator and local floor, stoppage, quarantine, discipline, lawful deductions, employee damage ≤20% and remaining minimum, back-pay after reinstatement.","Same measure items 10–12, 15–23",https://rsj.sh.gov.cn/tgzfl_17732/20260731/t0035_1442850.html,2026-09-29,2025-12-01,,GAP,"Register status: No [IN-SYSTEM 2026-09-29]. CN-shanghai is sealed but none of these pay states has an input or rule: hardship delay, stoppage, quarantine and discipline need a dated pay-state input and the employee-damage deduction a capped claw-back against the month's remaining wage (shared code); controlling text item-mapped, no production probe. Evidence and probe needed: Union/representative agreement and notice, comparator wage, stop/quarantine status, court/order, actual deductions and employer proofs; individual exception probes. R48 origin: CN10 (first-pass sample; migration implies no closure). [R9 2026-09-30] Engine features reported: a dated pay-state input (hardship delay, stoppage, quarantine, discipline) priced by a stored expression per state, and the month’s wage (`period.wages`) in the ad hoc band context for the ≤20% / remaining-minimum damage deduction. Court-ordered support is config-ready (see CN-KM-WP09).",,,,
CN-SH05,CN-shanghai,contribution,"Applies: 1 Jul 2025–30 Jun 2026; 1 Jul 2026 onward. [2025 social-insurance base notice](https://rsj.sh.gov.cn/tgsgg_17341/20250918/t0035_1435637.html) sets CNY7,460–37,302 from 1 July 2025; the [formal 2026 HRSS announcement of 18 Aug 2026](https://rsj.sh.gov.cn/tgsgg_17341/20260818/t0035_1443203.html) (source since 28 Sep 2026; previously the [HRSS Q&A](https://rsj.sh.gov.cn/tdjjf_17554/20260824/t0035_1443297.html); same figures in the [Shanghai Tax Bureau Q&A](https://shanghai.chinatax.gov.cn/bsfw/nszx/hdfk/202609/t481435.html)) sets CNY7,546–37,731 from 1 July 2026 on a 2025 city average of CNY12,577/month (2024: CNY12,434 in the 2025 notice), with base-difference top-up by end-September 2026 and late fees waived (CN-SH38). Existing worker uses preceding-year average; new hire or mover uses first full month, with special incomplete-first-month branch and employer/worker agreement option.",2025 social-insurance base notice; formal 2026 HRSS announcement of 18 Aug 2026; HRSS Q&A; Shanghai Tax Bureau Q&A,https://rsj.sh.gov.cn/tgsgg_17341/20250918/t0035_1435637.html,2026-09-29,2025-07-01,,PARTIAL,"Re-judged 30 Sep 2026 against the whole provision: PARTIAL. Probe-proven: 2025 bounds floor (CN-SH09-1, 6,000 → 7,460) and ceiling (CN-SH05-2, 37,302); 2026 floor and ceiling (CN-SH40-1, 7,546 / 37,731); an in-bound declared base (CN-SH05-1); the base held for the contribution year across a mid-month rise (CN-SH05-3). Added 30 Sep 2026, not yet run: CN-SH05-4 (June 2026 still on 37,302, the 30 June/1 July boundary against CN-SH40-1). Unproven: the new-hire/mover first-full-month base and the incomplete-first-month branch (the operator declares the base); the employer/worker agreement option; the CN-SH38 base-difference top-up by end-September 2026 (no true-up path). [F24 2026-09-30: verified_at 2026-09-29 probes ran on an env-link overlay of @norbital-ai/bolt 0.0.140; package.json and pnpm-lock.yaml pin 0.0.139, which is not materialised in node_modules. Not re-run on the pin.] [R8 2026-09-30] Probe run 443/443 green: CN-SH05-1; CN-SH05-2; CN-SH05-3; CN-SH05-4; CN-SH09-1; CN-SH40-1 pass; status stays PARTIAL for the branches named above.",statutory_contributions:PENSION; statutory_contributions:MEDICAL; statutory_contributions:UNEMPLOYMENT; statutory_contributions:INJURY,"Shanghai — 30 June / 1 July 2026: the new base 7,546–37,731 and fund 2,740–37,731 (CN-SH05, SH40)",CN-SH05-1; CN-SH05-2; CN-SH05-3; CN-SH05-4; CN-SH09-1; CN-SH40-1,2026-09-29
CN-SH06,CN-shanghai,contribution,"Applies: Dec 2025–28 Feb 2026 and 1 Mar 2026–28 Feb 2027 medical-rate instruments; 2026 unemployment employer-rate renewal unresolved. [沪医保规〔2025〕2号](https://shanghai.chinatax.gov.cn/zzzb/zcwj/202508/t477427.html) and [沪医保规〔2026〕2号, issuer copy dated 10 Mar 2026, joint with the finance bureau, HRSS and tax bureau](https://ybj.sh.gov.cn/gfxwj/20260313/921e047144694b61b6df8ca0c5ef2cfc.html) (replaces the tax-bureau copy) each set employer medical 9% (8.5% basic including maternity + 0.5% local supplementary) and employee medical 2%, with separate validity from 1 Mar 2025–28 Feb 2026 and 1 Mar 2026–28 Feb 2027; flexible workers' rate is 10%, outside an ordinary employer payroll. [HRSS employer-rate guidance](https://rsj.sh.gov.cn/tdjjf_17554/20250120/t0035_1430072.html) states pension 16% and employer work-injury 0.2–1.9%; the [2025 unemployment notice](https://rsj.sh.gov.cn/tshbx_17729/20250103/t0035_1429759.html) expressly limits its 0.5% employer and 0.5% worker reduction to 31 Dec 2025. A [September 2026 municipal/HRSS guide](https://www.shanghai.gov.cn/nw17239/20260913/37398bbb63ad4fffa64e0b9deb0f6afc.html) confirms then-current employee pension 8% and unemployment 0.5%, but does not supply the missing 2026 employer unemployment commencement instrument. Do not extrapolate the 2025 employer reduction. A 28 Sep 2026 search found no successor: [人社部发〔2026〕39号](https://www.gov.cn/zhengce/zhengceku/202607/content_7074139.htm) (valid 1 Jan–31 Dec 2026) covers refunds, the expansion grant and skills subsidies only, and the 2026 unemployment items in the HRSS social-insurance index (沪人社规〔2026〕4号, 7号, 18号) set no premium rate.","沪医保规〔2025〕2号; 沪医保规〔2026〕2号, issuer copy dated 10 Mar 2026, joint with the finance bureau, HRSS and tax bureau; HRSS employer-rate guidance; 2025 unemployment notice; September 2026 municipal/HRSS guide; 人社部发〔2026〕39号",https://shanghai.chinatax.gov.cn/zzzb/zcwj/202508/t477427.html,2026-09-29,2025-12-01,,PARTIAL,"Re-judged 30 Sep 2026 against the whole provision: PARTIAL. Probe-proven: pension 16/8 and medical 9/2 under both medical instruments (CN-SH05-1/05-2 December 2025, CN-SH05-3 March 2026); unemployment 0.5/0.5 for December 2025 (CN-SH05-1, CN-SH05-2, CN-SH09-1, CN-SH43-1). Unproven: the 2026 unemployment rates — missing source, not a silent law, so the owner rule does not supply a default. The 2025 instrument item 1 limits 0.5/0.5 to 1 Jan–31 Dec 2025 (re-read 30 Sep 2026); the HRSS social-insurance index (re-read 30 Sep 2026) lists no 2026 premium-rate notice (沪人社规〔2026〕2号 is injury only; 〔2026〕7号 sets benefit payment standards). Every probe from January 2026 (CN-SH09-2, 03-1, 05-3, 50-1, 40-1, 01-1, 19-1, 13-1, N10-1) charges the operator-recorded entity fact 0.5/0.5, which proves the input, not the law. Also unprobed: the 28 Feb/1 Mar 2026 medical boundary (both instruments 9/2, no figure changes). [F24 2026-09-30: verified_at 2026-09-29 probes ran on an env-link overlay of @norbital-ai/bolt 0.0.140; package.json and pnpm-lock.yaml pin 0.0.139, which is not materialised in node_modules. Not re-run on the pin.] [R9 2026-09-30] Added, not yet run: CN-SH06-1 — February 2026, the last month of 沪医保规〔2025〕2号, medical 9% / 2% (the 1 March successor is proven by CN-SH05-3). The 2026 unemployment rate stays an unsourced recorded fact.",statutory_contributions:MEDICAL; statutory_contributions:UNEMPLOYMENT; facts.unemployment_employer_rate; facts.unemployment_employee_rate,"Shanghai — December 2025: pension, medical, unemployment, injury and housing fund on a declared base (CN-SH05, SH06, SH07, SH09)",CN-SH05-1; CN-SH05-2; CN-SH05-3; CN-SH40-1; CN-SH06-1,2026-09-29
CN-SH07,CN-shanghai,contribution,"Applies: 1 Jan 2026 onward; employer injury class/float. [沪人社规〔2026〕2号](https://rsj.sh.gov.cn/tshbx_17729/20260121/t0035_1438097.html) and [floating measure 〔2026〕3号](https://rsj.sh.gov.cn/tshbx_17729/20260121/t0035_1438095.html), effective 1 January 2026: employer work-injury classes I–VIII at 0.2/0.4/0.7/0.9/1.1/1.3/1.6/1.9%, then assigned float; staffing agency class II, next-month industry reclassification.",沪人社规〔2026〕2号; floating measure 〔2026〕3号,https://rsj.sh.gov.cn/tshbx_17729/20260121/t0035_1438097.html,2026-09-29,2026-01-01,,PARTIAL,"Re-judged 30 Sep 2026 against the whole provision: PARTIAL. Probe-proven: employer-only injury on a recorded class I 0.2% (every Shanghai case; December 2025 governed by the 2024 rate notice item 2, class I 0.2% from 1 Jan 2025, https://rsj.sh.gov.cn/tshbx_17729/20250103/t0035_1429759.html, re-read 30 Sep 2026; 2026 by 沪人社规〔2026〕2号). Unproven: classes II–VIII and the assigned float (only 0.2 is probed; the rate is the agency's notice recorded as `injury_rate`); the staffing-agency class II rule; next-month industry reclassification. [F24 2026-09-30: verified_at 2026-09-29 probes ran on an env-link overlay of @norbital-ai/bolt 0.0.140; package.json and pnpm-lock.yaml pin 0.0.139, which is not materialised in node_modules. Not re-run on the pin.] [R9 2026-09-30] Added, not yet run: CN-SH07-1 — a class VIII 1.9% recorded rate charges 380 on 20,000. Still open: the float, the staffing-agency class II rule and reclassification (agency determinations the operator records).",statutory_contributions:INJURY; facts.injury_rate,"Shanghai — December 2025: pension, medical, unemployment, injury and housing fund on a declared base (CN-SH05, SH06, SH07, SH09)",CN-SH05-1; CN-SH05-2; CN-SH40-1; CN-SH07-1,2026-09-29
CN-SH08,CN-shanghai,levy,"Applies: Dec 2025 tariff; 1 Jan 2026 onward tariff; project election. [沪人社规〔2025〕28号](https://rsj.sh.gov.cn/tshbx_17729/20251222/t0035_1437542.html): construction project-value injury tariff 0.8‰ in December 2025 and 1.2‰ from January 2026, separate from ordinary employee payroll premium.",沪人社规〔2025〕28号,https://rsj.sh.gov.cn/tshbx_17729/20251222/t0035_1437542.html,2026-09-29,2025-12-01,,EXTERNAL,"Register status: No [IN-SYSTEM 2026-09-29]. CN-shanghai and CN-kunming are sealed but this obligation has no rule/output path or production probe; controlling source, amendment or interpretation remains open. Evidence and probe needed: Project insurance election/assessment, contract value and assessment event; CNY1m yields nominal CNY800/CNY1,200 before payable rounding. R48 origin: CN11 (first-pass sample; migration implies no closure).",,,,
CN-SH09,CN-shanghai,contribution,"Applies: 1 Jul 2025–30 Jun 2026; 2025 contribution year. [沪公积金管委会〔2025〕8号](https://www.shzfgjj.cn/html/newxxgk/zcwj/gfxwj/228051.html) and [official 2025 base-adjustment Q&A](https://www.shzfgjj.cn/html/newxxgk/zcjd/228183.html): base is 2024 average monthly wage clamped to CNY2,690–37,302, employer and worker ordinary rate each an equal integer 5/6/7%, supplementary each equal 1–5% if elected. Its late publication does not move the 1 July 2025 effective date. Each worker must receive the amount determination within one month. The Q&A prescribes separately rounded, whole-yuan 四舍五入 employer and worker shares before summing; the 2026 successor is CN-SH40, so do not carry forward the old ceiling after 1 July 2026.",沪公积金管委会〔2025〕8号; official 2025 base-adjustment Q&A,https://www.shzfgjj.cn/html/newxxgk/zcwj/gfxwj/228051.html,2026-09-29,2025-07-01,2026-06-30,PARTIAL,"Re-judged 30 Sep 2026 against the whole provision: PARTIAL. Probe-proven: 2025 floor 2,690 (CN-SH09-1), ceiling 37,302 (CN-SH05-2), per-side whole-yuan 四舍五入 1,522.50 → 1,523 (CN-SH09-2), foreigner joins only by agreement (CN-SH09-1; 沪公积金管委会〔2023〕3号 art.6, re-read 30 Sep 2026). Added 30 Sep 2026, not yet run: CN-SH09-3 (2025 supplementary 5%, 700.70 → 701 + 500.50 → 501 = 1,202) and CN-SH05-4 (June 2026 still on the 2025 year). Unproven: the 5/6/7% and 1–5% bands rest on centre-attributed republications (art.33 leaves rates to the annual notice; issuer www.shzfgjj.cn unresolved 29 Sep 2026); the worker amount notice within one month (external); remittance. [F24 2026-09-30: verified_at 2026-09-29 probes ran on an env-link overlay of @norbital-ai/bolt 0.0.140; package.json and pnpm-lock.yaml pin 0.0.139, which is not materialised in node_modules. Not re-run on the pin.] [R8 2026-09-30] Probe run 443/443 green: CN-SH09-1; CN-SH09-2; CN-SH09-3; CN-SH05-2; CN-SH05-4 pass; status stays PARTIAL for the branches named above.",statutory_contributions:HOUSING_FUND; facts.housing_fund_rate; facts.housing_fund_supplementary_rate,"Shanghai — the base floor and ceiling to 30 June 2026, and the fen above the ceiling (CN-SH05, SH09)",CN-SH09-1; CN-SH09-2; CN-SH09-3; CN-SH05-2; CN-SH05-4,2026-09-29
CN-SH10,CN-shanghai,records,"Applies: 1 Aug 2025 onward; covered construction project >CNY1m. [沪建规范联〔2025〕8号](https://www.shanghai.gov.cn/202520bmgfxwj/20251020/9968e031d0cb488eab999a381f2878fa.html), effective 1 August 2025: covered Shanghai building/municipal/decorating projects of investment over CNY1m require monthly labour funding to a project dedicated account and monthly direct bank wages; worker contract, real-name attendance and signed wage table; contractor responds to wage objection within three working days.",沪建规范联〔2025〕8号,https://www.shanghai.gov.cn/202520bmgfxwj/20251020/9968e031d0cb488eab999a381f2878fa.html,2026-09-29,2025-08-01,,EXTERNAL,"Register status: No [EXTERNAL 2026-09-29]. No evidenced external workflow or saved compliance record; CN profile/probe also absent; controlling source, amendment or interpretation remains open. Evidence and probe needed: Project value/type and contracting roles, worker attendance, signed pay table, bank proof and objection dates. Review all 28 articles and national overlap. Newly discovered beyond R48. [Directly observed implementation gap] The Shanghai 2025 construction-wage measure and 2026 labour-contract clarification were absent from the earlier R48 instrument sample. An independent amendment/source search has therefore changed the coverage set. No claim that the source inventory is exhaustive is justified yet.",,,,
CN-SH11,CN-shanghai,severance,"Applies: 16 Aug 2026 onward; dispatch and listed exit classes. [沪人社规〔2026〕13号](https://rsj.sh.gov.cn/tldgx_17731/20260813/t0035_1443091.html), effective 16 August 2026: for professional agency-dispatched workers, severance base follows agency-confirmed/promised wage, else published Shanghai average when worker's monthly wage cannot be determined; also medical-period, deemed same-employer military service, social-insurance arrears and continuous years after entity transfer.",沪人社规〔2026〕13号,https://rsj.sh.gov.cn/tldgx_17731/20260813/t0035_1443091.html,2026-09-29,2026-08-16,,GAP,"Register status: No [IN-SYSTEM 2026-09-29]. CN-shanghai and CN-kunming are sealed but this obligation has no rule/output path or production probe; controlling source, amendment or interpretation remains open. Evidence and probe needed: Dispatch status, agency wage evidence, city average in exit month, prior military/transfer service, contract renewal and medical-period facts; compare with predecessor. Newly discovered beyond R48.",,,,
CN-SH12,CN-shanghai,leave,"Applies: 1 Dec 2025–15 Aug 2026 only; certified sickness. 1 December 2025–15 August 2026 only: [沪劳保发〔95〕83号 items 3–5](https://rsj.sh.gov.cn/tgzfl_17732/20230901/t0035_1418018.html) set the sick-pay/illness-relief service ladders 60/70/80/90/100% within six continuous months and 40/50/60% thereafter, defined personal wage, bounds and leave-day counting. [沪劳保保发〔2000〕14号](https://rsj.sh.gov.cn/tgzfl_17732/20230901/t0035_1418013.html) required illness pay after employee pension/medical/unemployment/housing shares to reach 80% of the city minimum. The [2021 extension](https://rsj.sh.gov.cn/tqt_17733/20210508/t0035_1399394.html) gave both instruments an end date of 15 August 2026; the [current HRSS normative index](https://rsj.sh.gov.cn/tgwgfx_17726/index_28.html) marks both invalid and [HRSS expressly confirmed the 1995 notice expired](https://bmhd.rsj.sh.gov.cn/gzpy-interaction-front/consult/feedback/list?pageNo=1&pagesize=5&testpara=0). Do not apply the service ladders as a binding city rule to sickness on or after 16 August.",沪劳保发〔95〕83号 items 3–5; 沪劳保保发〔2000〕14号; 2021 extension; current HRSS normative index; HRSS expressly confirmed the 1995 notice expired,https://rsj.sh.gov.cn/tgzfl_17732/20230901/t0035_1418018.html,2026-09-29,2025-12-01,2026-08-15,GAP,"Register status: No [IN-SYSTEM 2026-09-29]. CN-shanghai and CN-kunming are sealed but this obligation has no rule/output path or production probe; controlling source, amendment or interpretation remains open. Evidence and probe needed: Dated certified sickness and leave days, this-employer continuous service, six-month boundary, valid contract/collective terms, wage base and statutory deductions; pre-expiry band and net-floor probes, including a leave spanning 15/16 August. [Directly observed implementation gap] Shanghai sickness had service and six-month percentage ladders plus a net-of-statutory 80%-of-minimum floor only through 15 August 2026 (CN-SH12); the local instruments expired, creating a real post-expiry rule boundary (CN-SH15). Kunming's art. 27 does not supply a rate. Separate dated leave/pay histories, terms and probes are needed.",,,,
CN-SH15,CN-shanghai,leave,"Applies: 16 Aug 2026 onward; certified sickness. From 16 August 2026: the expired local sick-pay ladder and local net-of-contributions floor in CN-SH12 cannot be carried forward automatically. The national [Labour Ministry 1995 Opinion item 59](https://www.mohrss.gov.cn/xxgk2020/fdzdgknr/zcfg/gfxwj/zh/202103/t20210330_412011.html) (劳部发〔1995〕309号 on MOHRSS, marked 有效, read in the in-app browser 29 Sep 2026; the Beijing PDF previously cited returns 404), still requires sick pay/illness relief during the medical period to be at least 80% of the local minimum; [Shanghai's 2026 wage-payment measure item 9](https://rsj.sh.gov.cn/tgzfl_17732/20260731/t0035_1442850.html) governs the holiday/leave-pay base. [沪府发〔2015〕40号](https://service.shanghai.gov.cn/XingZhengWenDangKuJyh/XZGFDetails.aspx?docid=6790), [extended to 2030](https://www.shanghai.gov.cn/nw12344/20250321/e8ad21ef789c4499aa54bf1fd5f6f972.html), still sets the protected medical period from this-employer tenure. Exact post-expiry sickness-pay rate and whether the former city net-of-contributions floor survives through another binding instrument need determination; contract, collective terms, lawful work rules and prior vested arrangements may set more.",Labour Ministry 1995 Opinion item 59; Shanghai's 2026 wage-payment measure item 9; 沪府发〔2015〕40号; extended to 2030,https://www.mohrss.gov.cn/xxgk2020/fdzdgknr/zcfg/gfxwj/zh/202103/t20210330_412011.html,2026-09-29,2026-08-16,,GAP,"Register status: No [SOURCE 2026-09-29]. CN-shanghai and CN-kunming are sealed but this obligation has no rule/output path or production probe; controlling source, amendment or interpretation remains open. Evidence and probe needed: Official post-expiry authority or agency written position, governing worker terms and their effective dates, protected medical period and gross/net check; refuse to seal a default post-expiry rate from the old notice. Tracker status GAP: the national floor (at least 80% of the local minimum) is readable, but no sick-pay rule or output path exists.",,,,
CN-SH13,CN-shanghai,leave,"Applies: 1 Dec 2025 onward; eligible Shanghai parents/spouses. [Shanghai family-planning reward rules, item 2–3](https://www.shanghai.gov.cn/nw12344/20221110/87151565cd6246c99854c129797d178c.html): seven additional marriage days; sixty birth-leave days beyond national maternity; ten days partner leave at normal wage, generally continuous during maternity; each parent five paid childcare days per child under three per child-birthday year. The added marriage/birth/partner days extend for statutory holidays.","Shanghai family-planning reward rules, item 2–3",https://www.shanghai.gov.cn/nw12344/20221110/87151565cd6246c99854c129797d178c.html,2026-09-29,2025-12-01,2027-10-31,PARTIAL,"Re-judged 30 Sep 2026 against the whole provision: PARTIAL. Probe-proven: CN-SH13-1 — ten days' marriage leave paid with no deduction. Unproven on the production path (goldens only): the +60 birth-leave days, the 10-day partner leave, the 5-day childcare leave per child under three in each child's birthday year (`child_years`), the holiday extension of the added days, and expiry after 31 Oct 2027. [F24 2026-09-30: verified_at 2026-09-29 probes ran on an env-link overlay of @norbital-ai/bolt 0.0.140; package.json and pnpm-lock.yaml pin 0.0.139, which is not materialised in node_modules. Not re-run on the pin.] [R9 2026-09-30] Added, not yet run: CN-SH13-2 (partner leave, married father, no deduction) and CN-SH13-3 (childcare leave for a child under three, no deduction). Open: the +60 birth days on a production path beyond CN-SH14-1, the holiday extension (holidays inside a leave are not charged by the engine), expiry after 31 Oct 2027.",leave_catalogue:MARRIAGE_LEAVE; leave_catalogue:MATERNITY_LEAVE; leave_catalogue:PATERNITY_LEAVE; leave_catalogue:CHILDCARE_LEAVE,"Shanghai — 育儿假: 5 days for each child under three, in each year from that child’s birth date (CN-SH13)",CN-SH13-1; CN-SH13-2; CN-SH13-3,2026-09-29
CN-SH14,CN-shanghai,leave,"Applies: 1 Jul 2026–30 Jun 2027; insured or uninsured birthing worker. [沪医保规〔2026〕5号](https://www.shanghai.gov.cn/gwk/search/content/79e981546eaf4727ae47502f4de955b8), effective 1 July 2026 through 30 June 2027: maternity living allowance = unit's prior-calendar-year average of each insured worker-month's contribution wage, bounded to 60–300% city average, ÷30 × eligible maternity/birth-leave days; a new unit uses its current-year worker months. If mother changed employers in prior twelve months, use weighted averages across those employers. Insurance fund pays all after ≥12 cumulative or ≥9 consecutive contribution months; below both, the fund pays months/12 and current employer advances the balance, recoverable after qualifying months. Employer pays above-cap excess and any shortfall below employee's pre-leave wage; if employer failed valid enrollment/payment it owes the entire benefit. Social insurance continues and allowance is excluded from next-year contribution-base average. The predecessor is separately registered as CN-SH21; the 2026 notice no longer fixes its old CNY3,600/600/400 medical-cost subsidies and instead refers medical costs to other national/local rules.",沪医保规〔2026〕5号,https://www.shanghai.gov.cn/gwk/search/content/79e981546eaf4727ae47502f4de955b8,2026-09-29,2026-07-01,2027-06-30,TESTED,"Register status: Partial [PROBE 2026-09-29]. Round 4 (28 Sep 2026): item 4's shortfall rule (re-read on shanghai.gov.cn: 生育生活津贴标准低于本人产假前工资标准的，差额部分由其生育或者流产时所在用人单位按国家规定支付) seeded in every Shanghai version (CN-SH21 carries the same rule) as the ad hoc `MATERNITY_ALLOWANCE_OFFSET`: `MATERNITY_LEAVE` is paid leave, so where the fund paid the allowance to the worker the recorded allowance for the settled window's leave days comes off the wage (ABSENCE, IIT base), never above those days' wage (`person.period.leave_pay.MATERNITY_LEAVE`) — golden 20,000 wage, 15,000 allowance → gross 5,000, IIT base 5,000; 25,000 allowance → capped at 20,000; part window 14 of 23 weekdays, 15,000 allowance → offset 20,000 × 14 ÷ 23 = 12,173.91, gross 7,826.09. Owner rule 2026-09-28: 产假前工资 read as the contract wage the leave prices; the allowance is exempt (财税〔2008〕8号) and not wages. Engine defect 11/20 fixed 28 Sep 2026: the ad hoc site now fills `person.period.leave_days`/`leave_full_days`/`leave_pay` and `leave.days(code)` for the leave the payslip settles, so a part month caps at the leave days' wage. Round 4 left the advance, the excess and the medical-cost benefit open. Round 6 (28 Sep 2026, every Shanghai version, fix in place: missing transcription of unchanged law — 沪医保规〔2021〕9号 carried the same rules, CN-SH21): notice re-read on shanghai.gov.cn. Item 4(1) para.2 (under 12 cumulative and 9 consecutive months the fund pays the standard × months ÷ 12, the unit 先行垫付 the rest), item 4(2) para.1 (the unit pays the part of its average above 300% of the city average) and item 6(2) (a unit that did not validly enrol or pay owes every benefit) are the new ad hoc `MATERNITY_BENEFIT_EMPLOYER` (recorded amount, exempt under 财税〔2008〕8号, outside every base); `MATERNITY_ALLOWANCE_OFFSET` now records the whole allowance standard for the days, fund share plus the employer’s. Golden: 12,000 wage, standard 15,000 ÷ 30 × 31 = 15,500, 6 months → fund 7,750, advance 7,750: offset 12,000, gross 7,750, IIT base 0; 50,000 wage, fund 38,000 at the cap + 8,500 excess: offset 46,500, gross 12,000. Recovery of the advance is the unit’s claim on the district centre after 12/9 months — outside payroll. Item 5 medical costs are paid by the fund under other rules, not payroll (only through 6(2) do they reach the unit, on the same line). Owner rule 2026-09-28 (law silent): the employer-paid share is exempt as a benefit of 生育保险性质 and is not wages. Open: `tests/counts-toward-matrix.test.ts` needs the row `MATERNITY_BENEFIT_EMPLOYER: []` (engine_defect, shared test). Evidence and probe needed: Insured-month history across employers, each employer's insured-wage average, birth/leave dates, agency benefit and employer advance/top-up/recovery, pre-leave wage, contribution continuity; June/July event and 11/12 or 8/9 contribution-month boundaries. [Directly observed implementation gap] Shanghai's July 2026 maternity benefit uses prior employers' unit wage averages and splits fund versus employer liability at contribution-history thresholds (CN-SH14). Yunnan's 2024 enacted female-worker order differs materially from its 2022 draft (CN-KM11). These were not in R48. [R9 2026-09-30] Added, not yet run: CN-SH14-1 — August 2026, a 15,000 fund allowance offsets a 20,000 maternity-leave month: gross 5,000, the allowance outside IIT. Open: the employer advance and above-cap excess (MATERNITY_BENEFIT_EMPLOYER) on the production path.",adhoc_catalogue:MATERNITY_ALLOWANCE_OFFSET; adhoc_catalogue:MATERNITY_BENEFIT_EMPLOYER,"Shanghai — the allowance paid to the worker offsets the leave wage; the employer pays the shortfall (CN-SH14, SH21)",CN-SH14-1,
CN-SH16,CN-shanghai,severance,"Applies: 1 Dec 2025 onward; extended to 15 Aug 2031; listed worker classes. [沪人社规〔2026〕12号](https://www.shanghai.gov.cn/gwk/search/content/t0035_1442792) extends [2002 contract clarification](https://rsj.sh.gov.cn/tldgx_17731/20230905/t0035_1418107.html), [2004 clarification](https://rsj.sh.gov.cn/tldgx_17731/20230905/t0035_1418108.html) and [2003 special-relationship notice](https://rsj.sh.gov.cn/tldgx_17731/20230905/t0035_1418118.html) through 15 August 2031. The 2002 text defines severance pay as wage-total salary/bonus/allowances excluding individual tax and employee statutory charges, excluding investment returns; disputed unascertainable wage base requires an agreed reference to employer or city average. The 2004 text adds post-exit monthly non-compete compensation and registration-delay loss. The special-relationship notice identifies retained-SI, internal-retirement, suspended-pay, agency-output and retiree classes with at least working-time, safety and minimum-wage protection. Read subject to the amended national Labour Contract Law and July 2026 over-age-worker rule; do not import superseded local worker penalties.",沪人社规〔2026〕12号; 2002 contract clarification; 2004 clarification; 2003 special-relationship notice,https://www.shanghai.gov.cn/gwk/search/content/t0035_1442792,2026-09-29,2025-12-01,2031-08-15,GAP,"Register status: No [IN-SYSTEM 2026-09-29]. CN-shanghai and CN-kunming are sealed but this obligation has no rule/output path or production probe; controlling source, amendment or interpretation remains open. Evidence and probe needed: Worker class, governing contract/service/non-compete, gross wage components, tax/charge and investment tags, exit/registration dates; payment or external-evidence cases and national-conflict review.",,,,
CN-SH17,CN-shanghai,leave,"Applies: 1 Dec 2025 onward; extended to 15 Aug 2031; parent-in-law bereavement. The [same 2026 extension](https://www.shanghai.gov.cn/gwk/search/content/t0035_1442792) keeps [沪劳资发〔87〕130号](https://rsj.sh.gov.cn/tgzfl_17732/20230901/t0035_1418045.html) valid to 15 August 2031: an employee approved to handle a parent-in-law's funeral may receive one to three paid bereavement days, with separate travel leave when needed; the employee bears travel expense.",same 2026 extension; 沪劳资发〔87〕130号,https://rsj.sh.gov.cn/tgzfl_17732/20230901/t0035_1418045.html,2026-09-30,2025-12-01,2031-08-15,IMPLEMENTED,"Configured 30 Sep 2026 (fix in place in every CN-shanghai version; a transcription omission, the law unchanged since 15 Oct 1987): 沪劳资发〔87〕130号, re-read on rsj.sh.gov.cn 30 Sep 2026 — 职工的岳父母或公婆死亡后，需要职工料理丧事的，由本单位行政领导批准，可给予一至三天的丧假 … 在批准的丧假和路程假期间，职工的工资照发 — `FUNERAL_LEAVE` eligibility now names PARENT_IN_LAW. Recorded default (owner rule 2026-09-28, law giving a range): the discretionary maximum 3, as for a parent; the approval is the leave approval. The golden asserts 3 for PARENT_IN_LAW in Shanghai and none in Kunming; CN-SH17-1 added, not yet run. Open: the distance-dependent travel days (paid, not seeded; no distance input).",leave_catalogue:FUNERAL_LEAVE,"both cities — 丧假: three paid days for a parent, the spouse or a child, on every version (CN-N51)",CN-SH17-1,
CN-SH18,CN-shanghai,leave,"Applies: 1 Jan 2023 onward; eligible prenatal/nursing leave. [Shanghai Women's Rights Regulation art. 45](https://ghzyj.sh.gov.cn/nw2313/20231213/c87eb35fee804625a94cf17d69ace1f4.html), effective 1 January 2023, gives valid prenatal and breastfeeding leave pay at least 80% of pre-leave wage and the city minimum, with pay-rise attendance treatment. The [city female-worker measure](https://www.shanghai.gov.cn/xxzfgzwj/20210608/47d9476f7f324e0c80529584d5ed9090.html) and [HRSS guidance](https://rsj.sh.gov.cn/tfldy_17552_17552/20250516/t0035_1432535.html) specify a conditional 2.5-month prenatal leave after 28 weeks, mandatory approval for listed certified high-risk pregnancies; [HRSS guidance](https://rsj.sh.gov.cn/tfldy_17552_17552/20230616/t0035_1416302.html) states conditional 6.5-month breastfeeding leave and mandatory approval for certified severe mother/infant conditions. Ordinary prenatal examination is paid work time.",Shanghai Women's Rights Regulation art. 45; city female-worker measure; HRSS guidance,https://ghzyj.sh.gov.cn/nw2313/20231213/c87eb35fee804625a94cf17d69ace1f4.html,2026-09-29,2023-01-01,,GAP,"Register status: No [IN-SYSTEM 2026-09-29]. CN-shanghai and CN-kunming are sealed but this obligation has no rule/output path or production probe. Evidence and probe needed: Pregnancy week, clinician/institution certificate, leave request/approval, pre-leave wage and minimum floor, attendance-based pay rises, benefit offsets; verify interactions with maternity and sick leave on 15/16 August 2026.",,,,
CN-SH19,CN-shanghai,wages,"Applies: 1 Jun 2019–31 Dec 2028; exposed Shanghai workers each June–September. [沪人社规〔2019〕19号](https://rsj.sh.gov.cn/tgzfl_17732/20260409/t0035_1439840.html) ([normative database](https://service.shanghai.gov.cn/XingZhengWenDangKuJyh/XZGFDetails.aspx?docid=REPORT_NDOC_004501); valid to 31 Dec 2028 by [沪人社规〔2023〕29号](https://service.shanghai.gov.cn/XingZhengWenDangKuJyh/XZGFDetails.aspx?docid=231114173331zoDKOF1kRDp0lxO9dqb)), [extended by 〔2023〕29号](https://rsj.sh.gov.cn/tgzfl_17732/20231214/t0035_1420075.html): CNY300/month high-temperature allowance for employer-assigned outdoor work or an indoor site that cannot be reduced below 33°C; special uncertain-site method via wage consultation. It belongs in total wages but is excluded from the city minimum-wage qualifying amount. Cooling drinks and protection remain additional employer duties.",沪人社规〔2019〕19号; normative database; 沪人社规〔2023〕29号; extended by 〔2023〕29号,https://rsj.sh.gov.cn/tgzfl_17732/20260409/t0035_1439840.html,2026-09-29,2019-06-01,2028-12-31,PARTIAL,"Re-judged 30 Sep 2026 against the whole provision: PARTIAL. Probe-proven: CN-SH19-1 — July CNY300 paid as wages, taxed, outside the declared insurance base. Added 30 Sep 2026, not yet run: CN-SH19-2 (May: nothing). Unproven: the minimum-wage exclusion (no floor case carries the allowance); a contract figure above 300; the indoor ≥33°C branch and the uncertain-site wage consultation (the assignment is the exposure record); `tests/counts-toward-matrix.test.ts` listing the class. [F24 2026-09-30: verified_at 2026-09-29 probes ran on an env-link overlay of @norbital-ai/bolt 0.0.140; package.json and pnpm-lock.yaml pin 0.0.139, which is not materialised in node_modules. Not re-run on the pin.] [R8 2026-09-30] Probe run 443/443 green: CN-SH19-1; CN-SH19-2 pass; status stays PARTIAL for the branches named above. [R9 2026-09-30] Added, not yet run: CN-SH01-3 (the allowance outside the minimum-wage comparison) and CN-SH19-3 (a CNY500 contract figure is paid, not 300). Open: the indoor ≥33°C branch and the uncertain-site consultation.",allowance_catalogue:HEAT_ALLOWANCE,"Shanghai — the summer heat allowance is 300 a month from June to September, taxed as wages (沪人社规〔2019〕19号; CN-SH19)",CN-SH19-1; CN-SH19-2; CN-SH01-3; CN-SH19-3,2026-09-29
CN-SH20,CN-shanghai,leave,"Applies: 1 Dec 2025 onward; recognised Shanghai work injury or recurrence. [Shanghai Work Injury Implementation Measure art. 37](https://rsj.sh.gov.cn/tszfgz_17261/20200617/t0035_1388557.html) and [HRSS pay guidance](https://rsj.sh.gov.cn/tgsdy_17571/20240326/t0035_1423222.html): original wage/benefits during stop-work medical leave = prior 12-month average, actual shorter tenure if under 12 months, no less than city minimum; paid monthly by employer. Extension past 12 months requires committee confirmation; after disability assessment, switch to applicable fund/employer benefit, with [recurrence generally using pre-recurrence 12-month pay](https://rsj.sh.gov.cn/tfkcx_17604/20240206/t0035_1421131.html).",Shanghai Work Injury Implementation Measure art. 37; HRSS pay guidance; recurrence generally using pre-recurrence 12-month pay,https://rsj.sh.gov.cn/tszfgz_17261/20200617/t0035_1388557.html,2026-09-29,2025-12-01,,GAP,"Register status: No [IN-SYSTEM 2026-09-29]. No CN injury-pay rule/history or saved-output probe; current local benefit schedule still needs article review 29 Sep 2026: not seeded — the leave row pays the ordinary day wage, and this measure pays the prior 12-month average (floored at the minimum), so a Shanghai row would under- or over-pay whenever the two differ; needs an average-wage leave pay (shared code). Evidence and probe needed: Recognition, pre-injury and pre-recurrence wage months, disability grade and extension order; 11/12/13-month history, minimum floor and grade/recurrence switch.",,,,
CN-SH21,CN-shanghai,leave,"Applies: 1 Dec 2025–30 Jun 2026; insured or uninsured birthing worker. [沪医保规〔2021〕9号](https://ybj.sh.gov.cn/gfxwj/20220221/896fab70895744b19f48655977d25a19.html), expressly effective through 30 June 2026: allowance = prior-year unit average wage bounded to 60–300% city average, ÷30 × maternity/birth-leave days, with weighted prior-employer unit averages for a mover. The ≥12 cumulative/≥9 consecutive insured-month fund test, proportional fund/advance/recovery, above-cap employer excess, pre-leave wage shortfall, uninsured employer liability and continuing social insurance already applied. Separately, this version set medical-expense subsidies at CNY3,600 for birth, CNY600 for natural miscarriage at ≥4 months, CNY400 below four months; CN-SH14 did not continue those fixed figures.",沪医保规〔2021〕9号,https://ybj.sh.gov.cn/gfxwj/20220221/896fab70895744b19f48655977d25a19.html,2026-09-30,2025-12-01,2026-06-30,PARTIAL,"Register status: Partial [PROBE 2026-09-29]. Round 6 (28 Sep 2026): every Shanghai version, including the three before 1 July 2026, carries the shortfall offset (`MATERNITY_ALLOWANCE_OFFSET`, round 4) and the fund-share advance, above-cap excess and non-enrolment benefit (`MATERNITY_BENEFIT_EMPLOYER`), as CN-SH14 describes; the 2026 golden prices the rule this version shares. The fixed 3,600/600/400 medical subsidies are fund-paid to the worker, outside payroll, except where the unit did not enrol (the recorded line). Open: a pre-July 2026 golden and the matrix row (CN-SH14). Evidence and probe needed: Event date, legal maternity days, unit averages and employment weights, cumulative/consecutive contribution months, insurance status, pre-leave pay, medical event class; June 30/July 1 and 3/4-month miscarriage probes. [R9b 2026-09-30] Added, not yet run: CN-SH21-1 — June 2026 (the 〔2021〕9号 version): a 15,000 allowance offsets a 20,000 maternity month, gross 5,000 (item on 差额 by the employer re-read on ybj.sh.gov.cn 30 Sep 2026). Open: MATERNITY_BENEFIT_EMPLOYER and the June 30 / July 1 event boundary.",adhoc_catalogue:MATERNITY_ALLOWANCE_OFFSET; adhoc_catalogue:MATERNITY_BENEFIT_EMPLOYER,"Shanghai — under 12 / 9 insured months the employer advances the fund’s missing twelfths; above 300% it pays the excess (CN-SH14, SH21)",CN-SH21-1,
CN-SH22,CN-shanghai,notice,"Applies: 16 Aug 2026–15 Aug 2031; Shanghai Labour Contract Law art. 41 collective redundancy. [沪人社规〔2026〕14号](https://rsj.sh.gov.cn/tldgx_17731/20260813/t0035_1443102.html): route report to city/district HRSS by employer class; present a truthful written plan, affected-worker list, severance preparation and union or elected-worker-representative consultation evidence. At least 30 days must elapse from explaining the situation to union/workers until delivery of the plan to HRSS; obtain receipt and correct an unlawful plan. The national art. 41 trigger and individual severance remain CN-N12/19. Earlier city procedure through 15 August needs predecessor review.",沪人社规〔2026〕14号,https://rsj.sh.gov.cn/tldgx_17731/20260813/t0035_1443102.html,2026-09-29,2026-08-16,2031-08-15,EXTERNAL,"Register status: No [EXTERNAL 2026-09-29]. No evidenced consultation/reporting workflow or saved receipt; predecessor and national trigger reconciliation open. Evidence and probe needed: Employer ownership/registration, total and affected headcount, consultation date, union/elected representatives, plan and severance reserve, submission/receipt date; day-29/30 and city/district routing probes.",,,,
CN-SH23,CN-shanghai,other,"Applies: 1 Jan 2026–31 Dec 2030; covered Shanghai construction general contractor. [沪人社规〔2026〕5号](https://rsj.sh.gov.cn/tldgx_17731/20260204/t0035_1438522.html) replaces 〔2022〕20号: within 20 working days after permit/commencement filing, deposit migrant-wage guarantee or equivalent bank/insurance surety. Contract-value tiers: ≥CNY100m 1% cap CNY1.2m; CNY30–100m 1.5% cap CNY0.8m; CNY10–30m 2% cap CNY0.4m; <CNY10m 3% cap CNY0.2m. A <CNY3m project with clean preceding-year record may be exempt; same-district multiple projects, 2/3-year clean history and arrears history alter the deposit, subject to annual authority determination. File surety/deposit proof, replenish after arrears, and apply for return after completion and 30-day public no-arrears notice. This is distinct from the wage payment account in CN-SH10.",沪人社规〔2026〕5号,https://rsj.sh.gov.cn/tldgx_17731/20260204/t0035_1438522.html,2026-09-29,2026-01-01,2030-12-31,EXTERNAL,"Register status: No [IN-SYSTEM 2026-09-29]. No project guarantee calculation or evidenced external deposit/return workflow; December 2025 predecessor not yet transcribed. Evidence and probe needed: Project/contract value, contractor role, permit and filing date, official annual credit classification, approved reduction/exemption, guarantee and return evidence; CNY3m/10m/30m/100m and 20-working-day probes.",,,,
CN-SH24,CN-shanghai,contribution,"Applies: 1 Dec 2025–30 Nov 2030; Shanghai engineering construction projects. [沪人社规〔2025〕29号](https://www.shanghai.gov.cn/rcjysj/20260318/eddfdbc45b2146b5833178772a85cf69.html): insure before construction. Transient/short-term construction workers unable to join employer-wide work-injury coverage, including specialty/subcontractor workers, enter project coverage; management/professional employees remain on ordinary employer coverage. Developer funds contractor, contractor enrolls and pays once before start; additional contract value is insured within 30 days, and an extension is filed ≥30 days before scheduled completion. Late coverage begins next day. Employer pays applicable disability-exit benefits; uninsured worker receives employer-paid benefits with general-contractor joint liability. Keep worker, attendance and wage records. Project-value tariff is CN-SH08.",沪人社规〔2025〕29号,https://www.shanghai.gov.cn/rcjysj/20260318/eddfdbc45b2146b5833178772a85cf69.html,2026-09-29,2025-12-01,2030-11-30,EXTERNAL,"Register status: No [IN-SYSTEM 2026-09-29]. No project/worker coverage gate, timed payment or injury-liability output and no saved external enrollment proof. Evidence and probe needed: Project and worker class, contract and changes, planned/actual start/end, enrollment/payment proof, injury date and grade, developer/contractor/subcontractor identity; before/after-start and 30-day change/extension probes.",,,,
CN-SH25,CN-shanghai,contribution,"Applies: 1 Dec 2025–30 Nov 2030; Shanghai post-retirement workers ≤65 and specified student interns. [沪人社规〔2025〕22号](https://rsj.sh.gov.cn/tshbx_17729/20251027/t0035_1436399.html) permits a separate work-injury-only enrollment for covered post-age workers and Shanghai vocational/student interns (higher-education internship ≥one month). Employer pays monthly on actual remuneration clamped to city social-insurance base bounds at assigned floating injury rate; agreement end/renewal governs enrollment. Fund covers specified injury benefits; non-fund expenses follow agreement, with no retrospective premium/fund advance under this instrument. Project-construction post-age workers follow CN-SH24. [National five-department Order 56](https://www.gov.cn/gongbao/2026/issue_12786/202606/content_7071610.html) begins 1 July 2026 and must be reconciled for managed post-age work rather than treating local optional wording as overriding mandatory national protection.",沪人社规〔2025〕22号; National five-department Order 56,https://rsj.sh.gov.cn/tshbx_17729/20251027/t0035_1436399.html,2026-09-29,2025-12-01,2030-11-30,GAP,"Re-judged 30 Sep 2026: GAP, not VERIFIED. The row's operative provision — the optional work-injury-only enrolment of post-retirement workers ≤65 and qualifying interns under 沪人社规〔2025〕22号, an employer premium on actual remuneration clamped to the city base bounds at the assigned rate — has no coverage class or premium profile. Its only probe, CN-SH41-2, shows a pensioner outside ordinary insurance (CN-N13), not that enrolment. Also open: the 1 July 2026 national Order 56 interaction and the construction-project branch (CN-SH24). [F24 2026-09-30: verified_at 2026-09-29 probes ran on an env-link overlay of @norbital-ai/bolt 0.0.140; package.json and pnpm-lock.yaml pin 0.0.139, which is not materialised in node_modules. Not re-run on the pin.]",statutory_contributions:INJURY,"Shanghai — a pensioned retiree, a worker past retirement age, and a foreign worker (CN-N13, N25, SH25, SH41)",CN-SH41-2,2026-09-29
CN-SH26,CN-shanghai,contribution,"Applies: Births from 1 Jan 2025; notice 18 Jul 2025–17 Jul 2030; eligible Shanghai employer. [沪人社规〔2025〕14号](https://rsj.sh.gov.cn/tjypx_17728/20250808/t0035_1434756.html) permits an employer subsidy, not a worker wage deduction: 50% of actual employer pension, medical/maternity, unemployment and injury contributions during maternity/birth leave, for six months from birth month. Apply once within one year after leave ends, avoid listed overlapping subsidies, and dispatch agency must pass the whole subsidy to the host bearing wage/SI expense.",沪人社规〔2025〕14号,https://rsj.sh.gov.cn/tjypx_17728/20250808/t0035_1434756.html,2026-09-29,2025-07-18,2030-07-17,EXTERNAL,"Register status: No [EXTERNAL 2026-09-29]. Optional employer-credit claim and dispatch pass-through have no evidenced workflow; no worker net-pay change to certify. Evidence and probe needed: Birth and leave dates, actual employer-paid contributions and existing subsidy claims, dispatch/host cost bearer, application deadline and grant receipt; sixth-month and overlapping-subsidy probes.",,,,
CN-SH27,CN-shanghai,levy,"Applies: 1 Jul 2025 onward; designated Shanghai platform/order workers, excluding ordinary work-injury-covered employees. [沪人社规〔2025〕17号](https://rsj.sh.gov.cn/tjypx_17728/20250819/t0035_1434960.html): covered ride, instant-delivery and same-city freight platforms register eligible order takers daily and pay per-order, not wage-based, occupational-injury levy. Base per order is CNY0.01 ride, CNY0.07 first-time or CNY0.25 other instant delivery, CNY0.18 same-city freight, subject to assigned annual float. Next-month filing/payment is within 15 days with holiday extension; platform submits an injury-benefit claim within 30 days or worker/union may within 90. Ordinary employee work injury is excluded.",沪人社规〔2025〕17号,https://rsj.sh.gov.cn/tjypx_17728/20250819/t0035_1434960.html,2026-09-29,2025-07-01,,EXTERNAL,"Register status: No [IN-SYSTEM 2026-09-29]. No platform applicability/order ledger, assigned rate, levy output or saved filing/claim workflow. Evidence and probe needed: Designated platform and service class, city order logs, assigned floated price and annual notice, worker legal class, monthly return/payment and injury claim evidence; zero/one order, first-time platform and day-15 probes.",,,,
CN-SH28,CN-shanghai,other,"Applies: 1 Oct 2025–30 Sep 2027; Shanghai injury cases and dependent survivors in specified historical cohorts. [沪人社规〔2025〕20号](https://rsj.sh.gov.cn/tshbx_17729/20250923/t0035_1435736.html) increases pre-2025 grade 1–4 monthly disability allowance by CNY56/51/48/45 and sets floors CNY9,400/8,756/8,230/7,691; qualifying pre-2025 care allowance rises CNY63/51/38 with floors CNY6,217/4,974/3,731. New 2025 injuries have those floors if ordinary benefit is lower. [沪人社规〔2025〕21号](https://rsj.sh.gov.cn/tshbx_17729/20250923/t0035_1435738.html) increases pre-2025 dependent survivor benefit CNY12/month with floors CNY1,973, or CNY2,059 for a sole elderly/orphan dependent; 2025 deaths also receive floors. Employer pays the adjustment only where it already pays the underlying benefit; otherwise the fund pays. Both were marked 失效 on the HRSS index (validity to 4 Sep 2026) and are succeeded, from 3 Sep 2026, by [沪人社规〔2026〕19号](https://rsj.sh.gov.cn/tshbx_17729/20260929/t0035_1443999.html) (disability allowance and care allowance) and [沪人社规〔2026〕20号](https://rsj.sh.gov.cn/tshbx_17729/20260929/t0035_1444015.html) (survivor benefit), each valid to 3 Sep 2028; their 2026 amounts are not yet transcribed.",沪人社规〔2025〕20号; 沪人社规〔2025〕21号; 沪人社规〔2026〕19号; 沪人社规〔2026〕20号,https://rsj.sh.gov.cn/tshbx_17729/20250923/t0035_1435736.html,2026-09-30,2025-10-01,2027-09-30,GAP,"No cohort/grade benefit adjustment or employer-liability output. Sources re-mapped 30 Sep 2026 from the HRSS social-insurance index (https://rsj.sh.gov.cn/tshbx_17729/index.html): 〔2025〕20/21号 expired; successors 沪人社规〔2026〕19号 and 20号 (3 Sep 2026) unread in full and untranscribed. Evidence and probe needed: Injury/death year, grade/care level, dependent class, prior monthly benefit, fund-versus-employer payer, retirement increase; pre-2025, 2025 and 2026 cohort probes with floor and payer switch.",,,,
CN-SH29,CN-shanghai,other,"Applies: 1 Sep 2025 onward; Shanghai disability or illness incapacity assessments. [沪人社规〔2025〕18号](https://rsj.sh.gov.cn/tshbx_17729/20250901/t0035_1435262.html): after injury stabilises or protected medical-pay period ends, employer or worker should promptly seek district labour-capacity grade assessment; submit application and complete clinical records, provide truthful evidence and cooperate. Initial result generally within 60 days, extendable 30 by committee; employer or worker may appeal within 15 days of receipt and seek reassessment after one year. A pending pre-effective-date application follows prior procedure. Official grade/notice dates control the pay switch in CN-SH20/28.",沪人社规〔2025〕18号,https://rsj.sh.gov.cn/tshbx_17729/20250901/t0035_1435262.html,2026-09-29,2025-09-01,,EXTERNAL,"Register status: No [IN-SYSTEM 2026-09-29]. No evidenced assessment workflow, dated official grade or output switch; predecessor for pending cases not mapped. Evidence and probe needed: Injury/illness status, protected period end, clinical evidence, application/decision/receipt and appeal dates; timely versus delayed assessment and grade-triggered benefit switch.",,,,
CN-SH30,CN-shanghai,other,"Applies: 1 Aug 2026–31 Jul 2031; collective-agreement negotiation dispute in Shanghai. [沪人社规〔2026〕11号](https://rsj.sh.gov.cn/tldgx_17731/20260729/t0035_1442790.html): where management and worker representatives fail to agree on signing/amending a collective contract, either side may seek district HRSS coordination. Employer applicant appoints 1–3 written representatives and supplies authorization, entity status, bargaining request and higher-level opinion; record the agency receipt, evidence, negotiated agreement or unresolved opinion. The agency's 30-day resolution period and optional 15-day extension are agency duties, not an employer payment deadline. Contract wage terms after a valid agreement feed CN-SH03.",沪人社规〔2026〕11号,https://rsj.sh.gov.cn/tldgx_17731/20260729/t0035_1442790.html,2026-09-29,2026-08-01,2031-07-31,EXTERNAL,"Register status: No [EXTERNAL 2026-09-29]. No evidenced collective-dispute workflow or signed outcome; upstream collective-contract applicability review open. Evidence and probe needed: Collective-contract version, dispute and request dates, appointed representatives, application and HRSS outcome; district routing and before/after agreement wage-base probe.",,,,
CN-SH31,CN-shanghai,contribution,"Applies: 1 Jan 2026–31 Dec 2030, with 2025 retroactive case; land-acquisition unit rather than ordinary payroll employer. [沪人社规〔2025〕24号](https://rsj.sh.gov.cn/tshbx_17729/20260123/t0035_1438176.html) allocates one-time pension/medical contributions for covered expropriated agricultural people. For employment-stage men 55–59 and women 50–54, the land-acquisition unit pays the minimum contribution years for the retirement year; a covered retirement-stage person electing employee insurance has excess over the 2022 baseline paid by that unit. 2025 completed enrollments are adjusted using the base/rate at the original completion point. This must not be charged to every Shanghai employer or employee.",沪人社规〔2025〕24号,https://rsj.sh.gov.cn/tshbx_17729/20260123/t0035_1438176.html,2026-09-29,2026-01-01,2030-12-31,NOT-APPLICABLE,"Register status: No [IN-SYSTEM 2026-09-29]. Conditional actor/one-time insurance assessment and retroactive settlement have no evidenced workflow; no general payroll rate applies. Evidence and probe needed: Legal land-acquisition actor, covered person's stage/sex/age, election, original enrollment date, applicable minimum years, 2022 baseline and agency assessment; ordinary-employer exclusion and 2025 correction probes. Tracker status NOT-APPLICABLE: the actor is the land-acquisition unit, not an ordinary payroll employer.",,,,
CN-SH32,CN-shanghai,contribution,"Applies: 7 Nov 2025–6 Nov 2030; Shanghai public-institution researcher on approved enterprise placement. [沪人社规〔2025〕25号](https://rsj.sh.gov.cn/trsrc_17730/20251107/t0035_1436659.html): an approved off-post researcher retains institution basic salary, social insurance and occupational pension while the enterprise also pays work-injury insurance on its wage income and assumes work-injury liability; institution, person and enterprise allocate other contributions/costs by agreement. Similar injury enrollment applies to approved part-time enterprise innovation. Placement and secondment need written three-party/placement terms, with salary, rewards, benefits and service years assigned to the correct payer. Applies only to the specified public-institution research arrangement.",沪人社规〔2025〕25号,https://rsj.sh.gov.cn/trsrc_17730/20251107/t0035_1436659.html,2026-09-29,2025-11-07,2030-11-06,GAP,"Register status: No [IN-SYSTEM 2026-09-29]. No special researcher/dual-payer classification, agreement evidence or enterprise injury-liability output. Evidence and probe needed: Institution/enterprise actor and researcher class, written approval/agreement, two pay streams, allocated SI/occupational pension, enterprise injury premium and event; ordinary employee exclusion and approved secondment probes.",,,,
CN-SH33,CN-shanghai,severance,"Applies: 1 Jan 2026–31 Dec 2030; approved public-benefit employment post. [沪人社规〔2025〕31号](https://rsj.sh.gov.cn/tjypx_17728/20260114/t0035_1437965.html): only a district-approved public-benefit post for an eligible hard-to-place worker takes this special branch. Employer signs a specific contract; the notice says ordinary Labour Contract Law open-ended-contract and severance provisions do not apply to that contract. Employer still pays at least Shanghai minimum wage, sick pay under contract/law, full social insurance and safe working conditions; report exit within five working days. Optional post subsidy is at most city monthly minimum and employer SI subsidy uses city contribution floor for pension/medical/unemployment, with attendance, wage and payment evidence. Existing pre-notice placements restart the subsidy term on 1 January 2026 if not exited. Do not suppress ordinary severance without confirmed approved-post status.",沪人社规〔2025〕31号,https://rsj.sh.gov.cn/tjypx_17728/20260114/t0035_1437965.html,2026-09-29,2026-01-01,2030-12-31,GAP,"Register status: No [IN-SYSTEM 2026-09-29]. No approved-post classification, severance exception, dated subsidy or evidenced agency workflow. Evidence and probe needed: District approval and worker eligibility, special contract, attendance, wage/SI paid, exit reason/date, prior subsidy term and claim receipts; ordinary-vs-approved exit and five-day reporting probes.",,,,
CN-SH34,CN-shanghai,other,"Applies: 1 Aug 2026–31 Jul 2031; Shanghai employer approved for enterprise apprenticeship. [沪人社规〔2026〕8号](https://rsj.sh.gov.cn/tjypx_17728/20260717/t0035_1442530.html): a district-approved training employer may enroll new/existing skill workers with ≥one-year contracts and current SI, including dispatched workers; worker and employer sign a training agreement, and employer maintains training/attendance records. Conditional employer training grant is CNY4,000/6,000/8,000 per worker-year for junior/intermediate/senior-plus level, paid at 80/90/100% by completion and credential conditions; claim within six months after training, without duplicate same-grade funding. Training projects filed before 1 August remain under repealed 2019 terms. No wage may be reduced merely because the employer receives a grant.",沪人社规〔2026〕8号,https://rsj.sh.gov.cn/tjypx_17728/20260717/t0035_1442530.html,2026-09-29,2026-08-01,2031-07-31,EXTERNAL,"Register status: No [EXTERNAL 2026-09-29]. Conditional training/grant workflow and predecessor terms unimplemented; no earned-wage reduction rule is authorized. Evidence and probe needed: District approval, contract/SI, training agreement, project filing date, skill level/duration, completion/credential and duplicate grants, claim date/receipt; July/August and 80/90/100% probes.",,,,
CN-SH35,CN-shanghai,other,"Applies: 1 Aug 2026–31 Jul 2031; Shanghai employer sponsoring directed pre-employment training. [沪人社规〔2026〕9号](https://rsj.sh.gov.cn/tjypx_17728/20260717/t0035_1442545.html): authorized training provider and sponsor file an approved program for eligible jobseekers. The provider, not ordinary payroll employer, may claim CNY1,500 per trainee in Shanghai or CNY1,800 outside it; 80% follows placement in Shanghai with a labour relationship and city SI within six months, remaining 20% after a further six months' employment. The provider claims within 18 months after training and retains training records five years. Approved eldercare, domestic, medical-care and long-term-care programs may include qualifying non-employees under distinct sector registration; such training must not create invented wages. Projects filed before 1 August follow predecessor terms.",沪人社规〔2026〕9号,https://rsj.sh.gov.cn/tjypx_17728/20260717/t0035_1442545.html,2026-09-29,2026-08-01,2031-07-31,EXTERNAL,"Register status: No [EXTERNAL 2026-09-29]. Conditional provider/employer evidence workflow and predecessor terms unimplemented; no direct ordinary payroll amount arises. Evidence and probe needed: Employer sponsor/provider roles, sector and trainee/worker class, program filing date, later hire/SI dates, provider grant application and six-month retention; hired/unhired and five-/six-month cases. [Second-pass index reconciliation 26 Sep 2026] Shanghai's optional directed-training and enterprise-apprenticeship programs are separate conditional branches CN-SH34–35, with no automatic ordinary wage deduction. The [2025 start-up training opinion](https://rsj.sh.gov.cn/tjypx_17728/20260116/t0035_1438023.html) principally concerns agency-organized entrepreneur training rather than an ordinary employer's wages; any employer acting as an approved training provider needs a separate program agreement. The 2025 public-benefit post scheme was not excluded: its wage and severance exception is CN-SH33.",,,,
CN-SH36,CN-shanghai,filing,"Applies: 1 May–25 Jun 2026 annual filing for the Jul 2026–Jun 2027 Shanghai social-insurance year; covered employers and individual proprietors enrolling staff. [Shanghai Tax Bureau 2026 Notice No. 1, issuer copy dated 24 Apr 2026](https://shanghai.chinatax.gov.cn/zcfw/zcfgk/sbf/202604/t480144.html) (replaces a shanghai.gov.cn search copy) requires an annual contribution-wage declaration for every current insured worker. Report 2025 calendar-year wage total divided by actual months employed; new 2026 hires use first full-month wage; grade 1–4 disability-allowance recipients use the allowance. Wage-total composition follows the cited national statistics and SI-base texts. Each employee signs confirmation, the entity stamps and retains it, and the entity periodically discloses insurance payment status to workers. Filing is via authorized tax channels. These are auditable declaration and disclosure duties distinct from calculating a monthly premium in CN-SH05. The 2025 annual filing notice and any late/correction procedure still need reconciliation for the preceding contribution year.","Shanghai Tax Bureau 2026 Notice No. 1, issuer copy dated 24 Apr 2026",https://shanghai.chinatax.gov.cn/zcfw/zcfgk/sbf/202604/t480144.html,2026-09-29,2026-05-01,2026-06-25,EXTERNAL,"Register status: No [EXTERNAL 2026-09-29]. No annual wage-base filing, employee signature, stamped retention, disclosure or receipt workflow; 2025 predecessor and corrections unresolved. Evidence and probe needed: Worker 2025 wage-total components and actual employed months, first full-month wage, grade/allowance, signed confirmation, entity-stamped retention, filed return and agency receipt, disclosure record; test 12-month worker, part-year worker, new hire and late/corrected filing.",,,,
CN-SH37,CN-shanghai,contribution,"Applies: 1 Dec–31 Dec 2025 predecessor; 1 Jan 2026–31 Dec 2027 current Shanghai long-term-care pilot. [沪府办规〔2021〕15号](https://www.shanghai.gov.cn/nw12344/20211231/d433625980cf4b8d8a4256e44d18622a.html), [extended through 2025](https://www.shanghai.gov.cn/nw12344/20231211/7f086baa05ab48dd84cf40897eeea689.html), and [沪府办规〔2025〕19号](https://www.shanghai.gov.cn/202602bgtwj/20260122/83a46aaeed2448e4a54666ceb3d663df.html) all cover city employee-medical enrollees but fund the pilot by quarterly transfer from the existing employee-medical pooled fund at 0.5% of the employer's medical contribution base. The 2026 notice supplies no separate employer remittance and no worker wage deduction. The old 2017 pilot text mentioned 1% employer and 0.1% employee with temporary personal exemption, but was superseded and must not be used for December 2025. The national March 2026 framework in CN-N35 does not by itself replace this local pilot. Employer duty is correct medical enrollment/base; agency fund transfer and care-benefit administration are separate actors. An employer that is also an approved care-service provider takes separate service/worker certification and upload duties under current arts. 9–10, 20–21.",沪府办规〔2021〕15号; extended through 2025; 沪府办规〔2025〕19号,https://www.shanghai.gov.cn/nw12344/20211231/d433625980cf4b8d8a4256e44d18622a.html,2026-09-29,2025-12-01,2027-12-31,NOT-APPLICABLE,"Register status: No [PROBE 2026-09-29]. No CN sealed profile/probe proving the zero-extra-deduction branch or payer distinction; conditional care-provider obligations lack evidenced workflow. Evidence and probe needed: Insured class and medical contribution base, city pilot version, entity provider status; December/January and March 2026 probes must produce zero separate long-term-care payroll line and zero additional cash remittance, while preserving the medical contribution; conditional care-provider contract/certification/upload evidence. Tracker status NOT-APPLICABLE: sourced exclusion — the pilot is funded by transfer from the pooled medical fund, no employer remittance or worker deduction; correctly no scheme is seeded.",,,,
CN-SH38,CN-shanghai,contribution,"Applies: 2026 July SI contribution month, clearing available 4 Sep and due by end-Sep 2026; Shanghai employer with affected active insured worker. [Shanghai Tax Bureau's district-government-published clearing guide](https://www.shanghai.gov.cn/nw17239/20260907/5b1efa2a9f004fb0897103bd4f75f559.html) applies the retroactively effective 1 July 2026 base bounds in CN-SH05 after their August publication: reconcile a declared 2026 annual wage above the old CNY37,302 ceiling or below the new CNY7,546 floor for the July 2026 contribution period, then submit and pay the difference in the tax system by 30 September 2026 without late charge during that window. An account already terminated or employer dissolved at clearing is excluded from this automatic batch; that does not itself waive an underlying arrear. Separate the July correction from normal September contributions and preserve both employer and employee shares. The [18 Aug 2026 HRSS announcement](https://rsj.sh.gov.cn/tgsgg_17341/20260818/t0035_1443203.html) itself sets the end-September top-up deadline with late fees waived (read 28 Sep 2026); only the guide's terminated-account/dissolved-employer exclusion still lacks a controlling instruction. Outside the window, CN-N49 surcharges apply.",Shanghai Tax Bureau's district-government-published clearing guide; 18 Aug 2026 HRSS announcement,https://www.shanghai.gov.cn/nw17239/20260907/5b1efa2a9f004fb0897103bd4f75f559.html,2026-09-29,2026-07-01,2026-09-30,GAP,"Register status: No [IN-SYSTEM 2026-09-29]. No retroactive SI true-up calculation, employee-share correction, filing or receipt evidence; exceptional-case instruction remains open. Evidence and probe needed: Original declared annual wage, provisional July base and paid shares, 1 July corrected bounds, worker account/employer status at clearing, tax prompt, correction/payment receipt; CNY7,500 and CNY37,500 active cases, 30 Sep/1 Oct receipt and terminated-account exception.",,,,
CN-SH39,CN-shanghai,tax,"Applies: 1 Dec 2025 onward; former Shanghai worker receiving post-exit wage, performance pay or a qualifying annual bonus. National cumulative wage-withholding and bonus rules in CN-N09–10 still apply to payment after exit. The [Shanghai Tax Bureau's 13 Aug 2026 response](https://shanghai.chinatax.gov.cn/hdjl/lygk/202608/t481321.html) and [district operating guide](https://shanghai.chinatax.gov.cn/jstax/ztzl/yshj/sycz/202608/t481260.html) require an ex-worker payment marker, exit date and post-exit tax period in the withholding client, then classify the payment as normal wages or a qualifying one-time annual bonus before declaration/payment. The guide suggests switching off another CNY5,000 expense deduction where a new employer may use it, but its own explanation says the client then recalculates the cumulative allowance to zero; this is not an authority to discard lawful same-employer YTD deductions blindly. Obtain a binding STA interpretation and a verified client-result example for old/new employer and multiple-payment cases.",Shanghai Tax Bureau's 13 Aug 2026 response; district operating guide,https://shanghai.chinatax.gov.cn/hdjl/lygk/202608/t481321.html,2026-09-29,2025-12-01,,GAP,"Register status: No [SOURCE 2026-09-29]. No CN post-exit tax period/worker-state mechanism or saved client filing; guidance's expense-deduction setting conflicts with cumulative-tax logic and needs binding clarification. Evidence and probe needed: Exit and actual payment months, same-employer YTD wages/deductions/tax, bonus election, other-employer facts only if legally relevant, client reporting field and filing receipt; compare employee paid in exit month versus after exit and two successive back-pay months.",,,,
CN-SH40,CN-shanghai,contribution,"Applies: 1 Jul 2026–30 Jun 2027; 2026 Shanghai housing-fund contribution year. [Committee notice 沪公积金管委会〔2026〕3号, issuer URL](https://www.shzfgjj.cn/html/newxxgk/zcwj/gfxwj/228478.html), dated 18 August 2026 and [full-text republication attributed to Shanghai Provident Fund](https://www.pd-italent.com/Article/202608/202608210007.shtml): base is 2025 average monthly wage, clamped to CNY2,740–37,731, effective 1 July 2026. First-time 2026 workers use their second-month full wage or actual-to-date monthly average; 2026 transfers use first full monthly wage or actual-to-date average. Ordinary employer/worker rates are equal integer 5–7%; voluntary supplementary rates are equal integer 1–5%. Published combined ordinary limits at 7% are CNY384–5,282, supplementary at 5% CNY274–3,774. The employer must tell each worker the determined contribution within one month. The original issuer notice page timed out in this review. The [official 2025 centre Q&A](https://www.shzfgjj.cn/html/newxxgk/zcjd/228183.html) and [2026 centre-attributed government-channel Q&A](https://www.thepaper.cn/newsDetail_forward_33614059) require each employer and worker ordinary share, and each supplementary share, to be rounded separately to a whole yuan using 四舍五入, then summed.","Committee notice 沪公积金管委会〔2026〕3号, issuer URL; full-text republication attributed to Shanghai Provident Fund; official 2025 centre Q&A; 2026 centre-attributed government-channel Q&A",https://www.shzfgjj.cn/html/newxxgk/zcwj/gfxwj/228478.html,2026-09-29,2026-07-01,2027-06-30,PARTIAL,"Re-judged 30 Sep 2026 against the whole provision: PARTIAL. Probe-proven: CN-SH40-1 — 2026 ceiling 37,731 at 7% + 5% supplementary (the published combined 5,282 / 3,774), per-side rounding, a transferred worker from the first month; CN-SH01-1 and CN-SH19-1 in-bound transfers. Added 30 Sep 2026, not yet run: CN-SH05-4 (June still on the 2025 year). Unproven: (1) the 2,740 floor (no 2026 case below it); (2) the first-time 2026 worker's second-month base and the actual-to-date average options; (3) the 5–7% and 1–5% bands — the issuing notice 沪公积金管委会〔2026〕3号 has never been read (www.shzfgjj.cn unresolved); the bounds themselves are derived from official text (measure art.17: 3 × 12,577 = 37,731, HRSS 18 Aug 2026; floor the prior-year minimum 2,740), the rate bands and per-side rounding for 2026 only from republications; (4) the worker notice within one month and remittance (external). [F24 2026-09-30: verified_at 2026-09-29 probes ran on an env-link overlay of @norbital-ai/bolt 0.0.140; package.json and pnpm-lock.yaml pin 0.0.139, which is not materialised in node_modules. Not re-run on the pin.] [R8 2026-09-30] Probe run 443/443 green: CN-SH40-1; CN-SH01-1; CN-SH19-1; CN-SH05-4 pass; status stays PARTIAL for the branches named above. [R9 2026-09-30] Added, not yet run: CN-SH40-2 — July 2026, a declared 2025 average of 1,508.05 contributes on the new 2,740 floor (192 each side). Open: the first-time 2026 worker second-month and actual-to-date options; the 5–7% / 1–5% bands on the unread issuer notice.",statutory_contributions:HOUSING_FUND; facts.housing_fund_rate; facts.housing_fund_supplementary_rate,Shanghai — each fund share rounds to the yuan on its own side (CN-SH40),CN-SH40-1; CN-SH01-1; CN-SH19-1; CN-SH05-4; CN-SH40-2,2026-09-29
CN-SH41,CN-shanghai,contribution,"Applies: 1 Dec 2025 onward; worker classification for Shanghai housing fund. [Shanghai Housing Fund Contribution Management Measure 沪公积金管委会〔2023〕3号 arts. 3–6](https://www.shanghai.gov.cn/qyzfgjjsjzc/20240927/2c95b2e3e9a542c2a32af7eddf25048a.html): local entities must contribute for their active employees. The dispatch agency bears the obligation for dispatched employees and agrees costs with the user entity. Individually employed/part-time workers may contribute personally. Covered foreign, overseas-permanent-resident and Hong Kong/Macao/Taiwan staff with listed documents may join on mutual agreement with the employer; that election must not be inferred from nationality alone. Retired workers already receiving pension benefits do not contribute under art. 21. Supplementary fund is voluntary for otherwise covered employees.",Shanghai Housing Fund Contribution Management Measure 沪公积金管委会〔2023〕3号 arts. 3–6,https://www.shanghai.gov.cn/qyzfgjjsjzc/20240927/2c95b2e3e9a542c2a32af7eddf25048a.html,2026-09-30,2025-12-01,,PARTIAL,"Re-judged 30 Sep 2026 against the whole provision: PARTIAL. Probe-proven: a foreign worker without agreement pays nothing and one with agreement contributes (CN-SH09-1; measure art.6, re-read 30 Sep 2026); a pensioned retiree does not contribute (CN-SH41-2; art.21). Unproven: the dispatch agency's obligation for dispatched staff (no employing/dispatch actor classification); individually employed and part-time personal contributors (art.5; outside payroll); the overseas-permanent-resident and HK/Macao/Taiwan document branch; the voluntary supplementary election as a per-worker choice. [F24 2026-09-30: verified_at 2026-09-29 probes ran on an env-link overlay of @norbital-ai/bolt 0.0.140; package.json and pnpm-lock.yaml pin 0.0.139, which is not materialised in node_modules. Not re-run on the pin.]",statutory_contributions:HOUSING_FUND,"Shanghai — a pensioned retiree, a worker past retirement age, and a foreign worker (CN-N13, N25, SH25, SH41)",CN-SH09-1; CN-SH41-2,2026-09-29
CN-SH42,CN-shanghai,filing,"Applies: 1 Dec 2025 onward; employer and worker housing-fund accounts. [Same management measure arts. 10–14, 36, 38–42](https://www.shanghai.gov.cn/qyzfgjjsjzc/20240927/2c95b2e3e9a542c2a32af7eddf25048a.html): new entity opens its fund account within 30 days; hire triggers worker account setup or transfer within 30 days; entity/worker identity changes require correction within 30 days; exiting employee's account is transferred to new employer or sealed within 30 days in the specified circumstances, and the worker is informed before sealing. The eligible temporary stop-payment branches have six- or twelve-month limits; expiry restores payment absent renewed approval. A single worker may have only one city account and may not pay twice in a month.","Same management measure arts. 10–14, 36, 38–42",https://www.shanghai.gov.cn/qyzfgjjsjzc/20240927/2c95b2e3e9a542c2a32af7eddf25048a.html,2026-09-29,2025-12-01,,EXTERNAL,"Register status: No [EXTERNAL 2026-09-29]. No evidenced registration/transfer/sealing, advance worker notice, stop-payment renewal or receipt workflow; payroll alone cannot prove account lifecycle. Evidence and probe needed: Entity/worker account IDs, hire/exit/change dates, next employer, prior account, written sealing notice, stop-payment reason/approval/expiry and agency receipts; 30-day and six-/twelve-month boundaries. R48 origin: CN14 (first-pass sample; migration implies no closure).",obligations:HF_REMITTANCE,,,
CN-SH43,CN-shanghai,contribution,"Applies: 1 Dec 2025 onward; standard, new, transferred and partial-month Shanghai wage earners. [Same management measure arts. 16–21](https://www.shanghai.gov.cn/qyzfgjjsjzc/20240927/2c95b2e3e9a542c2a32af7eddf25048a.html): existing worker base uses prior-year wage-total monthly average; first-ever worker contributes from second month, transferred worker from first month the new employer pays wages. On a partial join/exit month with wages, contribution remains due; full-month wage may determine the base, but if disputed the actual paid wage controls subject to the published minimum contribution. Employer withholds the worker share and remits both shares within five days after payday. If paid wage cannot cover worker share, worker supplies the difference. No contribution after completed retirement with pension benefits or death. National floor: [Housing Provident Fund Regulation](https://www.gov.cn/zhengce/content/202608/content_7078477.htm) (as amended by State Council Order 844, in force 20 Sep 2026; Order 844 inserted no article before art.17, so the rule was not renumbered) art.17 — new worker from the second month, transferred worker from the new unit's first wage, each on 本人当月工资 × rate; art.19 remittance within 5 days. The seed cited art.16 (the prior-year-average base rule) for the second-month rule: corrected in place in every SH and KM version (2026-09-28). Recorded default: the operator declares 本人当月工资 as `contribution_base`; golden 'the fund month after a first-ever join, and a transferred joiner'.",Same management measure arts. 16–21; Housing Provident Fund Regulation,https://www.shanghai.gov.cn/qyzfgjjsjzc/20240927/2c95b2e3e9a542c2a32af7eddf25048a.html,2026-09-29,2025-12-01,,PARTIAL,"Re-judged 30 Sep 2026 against the whole provision: PARTIAL. Probe-proven: a first-ever worker pays nothing in the joining month (CN-SH43-1); a transferred worker from the first month (CN-SH05-1, CN-SH40-1). Added 30 Sep 2026, not yet run: CN-SH43-2 (the same worker's second month charges 1,523 each side). Unproven: the partial join/exit-month dispute (actual paid wage controls, subject to the minimum); the worker-share shortfall the worker supplies; remittance within five days of payday (external); no contribution after death. [F24 2026-09-30: verified_at 2026-09-29 probes ran on an env-link overlay of @norbital-ai/bolt 0.0.140; package.json and pnpm-lock.yaml pin 0.0.139, which is not materialised in node_modules. Not re-run on the pin.] [R8 2026-09-30] Probe run 443/443 green: CN-SH43-1; CN-SH43-2; CN-SH05-1 pass; status stays PARTIAL for the branches named above.",statutory_contributions:HOUSING_FUND,"Shanghai — the fund month after a first-ever join, and a transferred joiner (Regulation art.17; CN-SH43)",CN-SH43-1; CN-SH43-2; CN-SH05-1,2026-09-29
CN-SH44,CN-shanghai,contribution,"Applies: 1 Dec 2025 onward; Shanghai entity seeking housing-fund rate reduction or deferral. [Same management measure arts. 23–26](https://www.shanghai.gov.cn/qyzfgjjsjzc/20240927/2c95b2e3e9a542c2a32af7eddf25048a.html): below-5% rate requires either two loss years with average worker pay ≤60% prior city average, or qualifying micro/small enterprise within three years of establishment. Deferral requires listed near-bankruptcy/stoppage/approved-SI-deferral, renewed loss/low-pay, or worker-consented employee-share deferral where the post-deduction wage would otherwise breach minimum. Worker congress/union approval and internal publicisation precede a fund-centre application; only approved treatment applies, for one year, with reapplication at least 30 days before expiry. Restore and settle deferred amounts when finances improve. The centre's ≤10-working-day decision is an agency target. [National regulation art. 20](https://www.gov.cn/zhengce/content/202608/content_7078477.htm) describes management-centre review then committee approval, while the Shanghai measure describes centre approval; verify valid delegation/approval route rather than accepting a self-reduction.",Same management measure arts. 23–26; National regulation art. 20,https://www.shanghai.gov.cn/qyzfgjjsjzc/20240927/2c95b2e3e9a542c2a32af7eddf25048a.html,2026-09-29,2025-12-01,,GAP,"Register status: No [IN-SYSTEM 2026-09-29]. No conditional hardship eligibility, documented worker process, agency approval, dated rate switch, expiry/reapplication or arrears settlement workflow; national/local approval-route reconciliation open. Evidence and probe needed: Loss and entity-age records, average wages, worker consent where relevant, congress/union resolution, public notice, agency approval dates/terms, restoration and arrears; unapproved 4%, approved 4%, expiry and recovery probes. R48 origin: CN14 (first-pass sample; migration implies no closure).",,,,
CN-SH45,CN-shanghai,contribution,"Applies: 1 Jul 2026 onward; previously adjusted or incorrectly paid Shanghai fund account. [2026 committee notice](https://www.shzfgjj.cn/html/newxxgk/zcwj/gfxwj/228478.html) says a unit that adjusted before 18 August need not repeat the annual filing, but the centre recalculates workers whose declared wage exceeded the old CNY37,302 ceiling under the new CNY37,731 ceiling and notifies the unit. The [centre-attributed 2026 Q&A republication](https://www.sohu.com/a/1064483946_121106832) and [Shanghai government-channel July notice](https://m.thepaper.cn/newsDetail_forward_33537882) require the employer to pay any July 2026 shortfall, even if July was already remitted; [management measure arts. 21–22, 27](https://www.shanghai.gov.cn/qyzfgjjsjzc/20240927/2c95b2e3e9a542c2a32af7eddf25048a.html) separately require short-payment correction, apportion both shares, settle arrears on merger/closure and employee confirmation for refund/correction of overpayment. The centre Q&A's original channel was not directly retrievable in this review; verify it before certification. The sohu.com republication carries no issuer authority; the shzfgjj.cn issuer notice still failed on 28 Sep 2026 (curl no connection within 20 s; in-app browser ERR_NAME_NOT_RESOLVED).","2026 committee notice; centre-attributed 2026 Q&A republication; Shanghai government-channel July notice; management measure arts. 21–22, 27",https://www.shzfgjj.cn/html/newxxgk/zcwj/gfxwj/228478.html,2026-09-29,2026-07-01,,GAP,"Register status: No [IN-SYSTEM 2026-09-29]. No dated 2026 fund true-up, correction/consent, employee-share collection, arrears or receipt workflow; primary Q&A copy and saved true-up/rounding output still unverified 29 Sep 2026: shzfgjj.cn still does not resolve; no official alternative host carries the 2026 notice (the normative database lists no annual base notice). Evidence and probe needed: Declared 2025 wage, pre/post ceiling bases, July paid shares, centre recalculation notice, employer top-up and employee-share treatment, correction/refund consent and receipt; CNY37,500 wage at 7% and previously clamped CNY37,302 must yield a July shortfall. R48 origin: CN14 (first-pass sample; migration implies no closure).",,,,
CN-SH46,CN-shanghai,contribution,"Applies: 1 Dec 2025 onward; work-injury employee receiving Shanghai housing-fund contributions. The [2023 measure art. 16](https://www.shanghai.gov.cn/qyzfgjjsjzc/20240927/2c95b2e3e9a542c2a32af7eddf25048a.html) uses prior-year monthly average wage for active workers. The [fund-centre-attributed 2026 base-adjustment Q&A, item 12](https://www.sohu.com/a/1064483946_121106832) distinguishes an injured worker retained at work and paid wages (retain that average) from one who left the work post (use the monthly disability allowance in place of wages). This is an administrative interpretation on a commercial republication with no issuer authority, requiring direct issuer confirmation and date-of-status tracking.","2023 measure art. 16; fund-centre-attributed 2026 base-adjustment Q&A, item 12",https://www.shanghai.gov.cn/qyzfgjjsjzc/20240927/2c95b2e3e9a542c2a32af7eddf25048a.html,2026-09-29,2025-12-01,,GAP,"Register status: No [IN-SYSTEM 2026-09-29]. No CN injury-status-specific fund base/output or direct centre Q&A verification. Evidence and probe needed: Official injury grade/status, retained-post wage versus post-withdrawal allowance, prior-year wage, Q&A issuer copy, monthly switch and fund assessment; same injured employee before/after leaving the post. R48 origin: CN14 (first-pass sample; migration implies no closure).",,,,
CN-SH47,CN-shanghai,filing,"Applies: 1 Jul 2026–30 Jun 2027; Shanghai unit's annual fund-base filing or same-year rate change. [沪公积金管委会〔2026〕3号 notice, full-text republication with issuer link, section VI.1–3](https://hrlib.ciic-cloud.cn/news/info?id=01m0hpmj3mq0z5gdn6zpfm9pa6): the fund centre may prefill prior-year wages from tax/SI wage-declaration data only with unit authorization; a data mismatch requires the unit to submit actual wage itself. A unit already adjusted before the August final ceiling need not file the whole annual adjustment again, but the centre re-assesses declared wages above the former CNY37,302 cap and notifies it (CN-SH45). Within the same contribution year, the unit may change its elected rate when needed; the dated effective rate and worker notice must then govern subsequent both-side contributions. The [July city housing-authority reminder](https://m.thepaper.cn/newsDetail_forward_33537882) confirms annual filing follows completion of June remittance, and sets channel conditions; these channels do not excuse a missed contribution.","沪公积金管委会〔2026〕3号 notice, full-text republication with issuer link, section VI.1–3; July city housing-authority reminder",https://hrlib.ciic-cloud.cn/news/info?id=01m0hpmj3mq0z5gdn6zpfm9pa6,2026-09-29,2026-07-01,2027-06-30,SOURCE-BLOCKED,"Register status: No [SOURCE 2026-09-29]. No evidenced unit authorization, wage-source reconciliation, same-year rate version, centre reassessment/filing receipt or saved-pay probe; original issuer notice still inaccessible 29 Sep 2026: shzfgjj.cn still does not resolve; no official alternative host carries the 2026 notice. Evidence and probe needed: Unit authorization and SI/fund identity match, verified 2025 wage, original annual filing, elected rate and its effective change, worker notice, centre result/receipt; mismatched prefill must not silently replace actual wage, and July rate-change date must split contribution output. Tracker status SOURCE-BLOCKED: shzfgjj.cn does not resolve (28–29 Sep 2026: curl, WebFetch, in-app browser). R48 origin: CN14 (first-pass sample; migration implies no closure).",,,,
CN-SH48,CN-shanghai,contribution,"Applies: 1 Jul 2026–30 Jun 2027; individual Shanghai flexible fund contributor, separate from employer-covered worker. [Same 2026 committee notice section V, full-text republication with issuer link](https://hrlib.ciic-cloud.cn/news/info?id=01m0hpmj3mq0z5gdn6zpfm9pa6): flexible contributors use the same 2026 CNY2,740–37,731 base bounds but choose an individual contribution rate 10–24%, and may change base/rate once during the housing-fund year. If an unadjusted base lies outside the new bounds, the fund centre automatically resets the base/amount and tells the individual. This is a personal payer branch, not a 10–24% employer or employee payroll share. On actual employment the actor/account transition returns to CN-SH41–43. The standing instrument, [沪公积金管委会〔2025〕1号 flexible-employment voluntary contribution measure](https://service.shanghai.gov.cn/XingZhengWenDangKuJyh/XZGFDetails.aspx?docid=250425135548UYowuLxoKgRPh048YuN) (dated 10 Apr 2025, in force 1 Jun 2025), was not previously cited; the 2026 section V operates within it.","Same 2026 committee notice section V, full-text republication with issuer link; 沪公积金管委会〔2025〕1号 flexible-employment voluntary contribution measure",https://hrlib.ciic-cloud.cn/news/info?id=01m0hpmj3mq0z5gdn6zpfm9pa6,2026-09-29,2026-07-01,2027-06-30,NOT-APPLICABLE,"Register status: No [IN-SYSTEM 2026-09-29]. No CN contributor classification, personal-versus-unit exclusion, account transition or saved-output probe; original issuer notice and full personal-scheme amendment chain open. Evidence and probe needed: Actual individual-versus-unit contribution status, election, prior change count and account transition; personal 10% case produces no ordinary employer contribution or wage deduction, then a covered employee case uses equal 5–7% employer/worker shares. Tracker status NOT-APPLICABLE: a personal flexible contributor pays outside the employer payroll; an employer-covered worker stays under CN-SH40/41. R48 origin: CN14 (first-pass sample; migration implies no closure).",,,,
CN-SH49,CN-shanghai,levy,"Applies: 1 Jan 2026–31 Dec 2030; Shanghai quota-covered employers. [沪财发〔2025〕11号 of 31 Dec 2025](https://czj.sh.gov.cn/zys_8908/zcfg_8983/zcfb_8985/shbz_9024/20260107/xxfboswf0000003535.html) extends the Shanghai disability employment security fund measure 沪财发〔2020〕9号 (previously extended in 2023 to 31 Dec 2025) to 31 Dec 2030, continuing its calculation from the 2026 collection of the 2025 levy. National reductions and the 2× wage cap are CN-N24. The Shanghai quota (reported as 1.5%) was seen only in search results; read the 9号 text before sealing.",沪财发〔2025〕11号 of 31 Dec 2025,https://czj.sh.gov.cn/zys_8908/zcfg_8983/zcfb_8985/shbz_9024/20260107/xxfboswf0000003535.html,2026-09-29,2026-01-01,2030-12-31,EXTERNAL,"Register status: No [SOURCE 2026-09-29]. No levy calculation, filing or receipt workflow; 9号 text (ratio, base, filing window) not read. Evidence and probe needed: Prior-year average headcount and wage, disabled employees, headcount size, collection year; 2025 levy collected in 2026 at <1%, 1%–quota, at quota and ≤30 staff.",,,,
CN-SH50,CN-shanghai,severance,"Applies: 1 Jul 2025–30 Jun 2026; 1 Jul 2026 onward; Shanghai exits. Published Shanghai 全口径城镇单位就业人员 monthly average wage: CNY12,434 for 2024 ([2025 HRSS notice](https://rsj.sh.gov.cn/tgsgg_17341/20250918/t0035_1435637.html)) and CNY12,577 for 2025 ([2026 HRSS announcement](https://rsj.sh.gov.cn/tgsgg_17341/20260818/t0035_1443203.html)). Candidate LCL art. 47 high-earner cap: a monthly wage above 3× average is capped at CNY37,302 or CNY37,731 by exit date, with service years capped at 12 (not stated elsewhere in this register). Whether this series is the one used for art. 47, CN-SH11 and the IIT 3× exemption (CN-N39, on an annual basis) is not confirmed.",2025 HRSS notice; 2026 HRSS announcement,https://rsj.sh.gov.cn/tgsgg_17341/20250918/t0035_1435637.html,2026-09-29,2025-07-01,,PARTIAL,"Re-judged 30 Sep 2026 against the whole provision: PARTIAL. Probe-proven: CN-SH50-1 — a March 2026 exit under six months: half a month at the 3 × 12,577 cap = 18,865.50, IIT-exempt. Unproven on the production path: the 12-year service cap for a capped earner and a 2025 exit on 12,434 (goldens only); an uncapped earner. Recorded default (owner rule 2026-09-28, law silent on series and changeover): the calendar year before the exit on the one series the city publishes — Shanghai 全口径 12,434 for 2025 exits, 12,577 for 2026 exits; Kunming 城镇非私营单位 10,531.92 (2025 exits) / 10,847.83 (2026 exits) — sealed as `lcl47_average_monthly_wage`, a recorded value overriding; lawful because art.47 names the city-published prior-year average. Recorded difference: 12,577 was published 18 Aug 2026, five months after the CN-SH50-1 exit; a run made at the 13 Mar 2026 exit could only have used 12,434 (cap 37,302 → 18,651), 214.50 below the default's 18,865.50. The product has no interim-figure or post-publication true-up path. [F24 2026-09-30: verified_at 2026-09-29 probes ran on an env-link overlay of @norbital-ai/bolt 0.0.140; package.json and pnpm-lock.yaml pin 0.0.139, which is not materialised in node_modules. Not re-run on the pin.] [R9 2026-09-30] Added, not yet run: CN-SH50-2 (the twelve-year cap for a capped earner with 180 carried months: 12 × 37,731 = 452,772, exactly the 164号 exemption; an uncapped 20,000 earner at 2 years 9 months → 60,000) and CN-SH50-3 (a December 2025 exit on the 2024 average 12,434: 0.5 × 37,302 = 18,651). Recorded difference unchanged (no interim-figure or true-up path).",exit_facts.lcl47_average_monthly_wage,"both cities — the default published average is the prior calendar year’s (owner rule 2026-09-28, CN-SH50, N39)",CN-SH50-1; CN-SH50-2; CN-SH50-3,2026-09-29
CN-SH51,CN-shanghai,leave,"Applies: 1 Nov 2022–31 Oct 2027; Shanghai worker after a family-planning procedure. [Shanghai Government 沪府规〔2022〕18号 art. 19](https://www.shanghai.gov.cn/rkjsqy2/20230417/e10b476cd14d4af6b079f644c0028d60.html) gives normal-wage paid leave from the procedure date: IUD insertion/removal 2 days, follow-up 1 day, vasectomy 7, tubal ligation 30, implant insertion 5/removal 3, diagnostic curettage 5. Simultaneous procedure periods add. Its separate abortion branches are 14/21/30 days by gestation and procedure, subject to reconciliation with the national maternity/miscarriage minimum; post-procedure sick leave and heavy-work restriction also apply.",Shanghai Government 沪府规〔2022〕18号 art. 19,https://www.shanghai.gov.cn/rkjsqy2/20230417/e10b476cd14d4af6b079f644c0028d60.html,2026-09-29,2022-11-01,2027-10-31,PARTIAL,"Register status: Partial [PROBE 2026-09-29]. Each seeded Shanghai version now has `FAMILY_PLANNING_PROCEDURE_LEAVE` with the eight non-abortion event amounts and required evidence. `tests/leave-entitlement-golden.test.ts` prices every event across all sealed versions and rejects a post-31 October 2027 Shanghai event. Open: calendar-day charging, simultaneous-procedure accumulation, abortion/national-rule interaction, 2027 successor, employer workflow and saved output probe. Evidence and probe needed: Procedure and date, medical proof, pregnancy/procedure type and any simultaneous procedures; normal-wage pay, cumulative leave and national minimum comparison. [R9 2026-09-30] Added, not yet run: CN-SH51-1 — IUD insertion, two paid days with the certificate. Open: calendar-day charging (engine: a calendar_days leave refuses a span over a rest day), simultaneous-procedure accumulation, abortion branches, 2027 successor.",leave_catalogue:FAMILY_PLANNING_PROCEDURE_LEAVE,${lineage} — family-planning procedure days on every sealed version,CN-SH51-1,
CN-KM01,CN-kunming,minimum_wage,"Applies: 1 Oct 2025–31 Aug 2026; actual Kunming district. [Signed Yunnan HRSS notice 云人社发〔2025〕19号 with district appendix, hosted by county government](https://www.ynjc.gov.cn/u/cms/jcqzfxxgk/202509/30130601xbad.pdf): from 1 October 2025, Kunming Wuhua/Panlong/Xishan/Guandu/Chenggong/Jinning, Anning and Songming CNY2,170/month or CNY21/hour; other Kunming counties and Dongchuan CNY2,020 or CNY20; Mo Han CNY1,870 or CNY19 under the “other counties” class because it remains in Mengla County despite Kunming trusteeship ([provincial authority](https://mz.yn.gov.cn/html/2026/jichulao_0702/4064382.html)). Unlike Shanghai, the full-time floor includes employee statutory social insurance and housing fund; overtime/special-work and specified housing/meal benefits are excluded. The employer must publicise the applicable floor to all workers within ten days after publication.","Signed Yunnan HRSS notice 云人社发〔2025〕19号 with district appendix, hosted by county government; provincial authority",https://www.ynjc.gov.cn/u/cms/jcqzfxxgk/202509/30130601xbad.pdf,2026-09-29,2025-10-01,2026-08-31,PARTIAL,"Re-judged 30 Sep 2026 against the whole provision: PARTIAL. Probe-proven: CN-KM01-1 — a Fumin (class II) worker at exactly 2,020 runs, with the class II fund base 2,020. That case does not tell a correct floor from a missing one: the wage equals the floor and the fund base equals the fund floor, so neither is triggered. Unproven: the below-floor refusal (golden only; the probe harness cannot pin a refusal); class I 2,170 and hourly 21/20/19; Mo Han class III 1,870 (golden only); the exclusion of overtime/special-duty allowances and housing/meal benefits from qualifying pay; the employer's publication within ten days (external); independent proof of the worksite. [F24 2026-09-30: verified_at 2026-09-29 probes ran on an env-link overlay of @norbital-ai/bolt 0.0.140; package.json and pnpm-lock.yaml pin 0.0.139, which is not materialised in node_modules. Not re-run on the pin.] [R9 2026-09-30] Added, not yet run: CN-KM01-2 (2,100 in Wuhua refused) and CN-KM01-3 (2,170 exactly passes): together they tell a correct class I floor from a missing one. Open: hourly 21/20/19, Mo Han class III on the production path, qualifying-pay exclusions.",work_rules.wages.by_region; work_rules.wages.hourly_by_region; work_rules.wages.workplace_keyed,"Kunming — 2,170 in a category I district passes in August and is blocked in September 2026 (CN-KM01, KM02)",CN-KM01-1; CN-KM01-2; CN-KM01-3,2026-09-29
CN-KM02,CN-kunming,minimum_wage,"Applies: 1 Sep 2026 onward; actual Kunming district. The [Yunnan HRSS 29 Aug 2026 signed text hosted by a county government](https://www.ynjc.gov.cn/jcqzfxxgk/zcw2023j0221/20260901/1677677.html) sets from 1 September 2026 category I CNY2,270/month or CNY22/hour for Wuhua/Panlong/Xishan/Guandu/Chenggong/Jinning, Anning and Songming; category II CNY2,120 or CNY21 for Kunming's other counties and Dongchuan. Category III CNY1,970/CNY20 applies to other Yunnan counties, not automatically to a Kunming worksite; For a verified Mo Han worksite, category III follows the notice's “other counties” class: [Yunnan's Ethnic Affairs Commission](https://mz.yn.gov.cn/html/2026/jichulao_0702/4064382.html) confirms Mo Han remains in Mengla County despite Kunming trusteeship. This is an inference from the provincial classification; the actual worksite must be recorded. The full-time qualifying wage includes worker SI/housing shares but excludes overtime, special-duty allowances, non-wage benefits and cash housing/meal subsidy. Employers must publicise the applicable new standard within ten days after the notice's 1 Sep publication.",Yunnan HRSS 29 Aug 2026 signed text hosted by a county government; Yunnan's Ethnic Affairs Commission,https://www.ynjc.gov.cn/jcqzfxxgk/zcw2023j0221/20260901/1677677.html,2026-09-29,2026-09-01,,PARTIAL,"Re-judged 30 Sep 2026 against the whole provision: PARTIAL. Probe-proven: CN-KM02-1 — a Wuhua worker at exactly 2,270 from 1 Sep 2026 runs. It does not tell a correct floor from a missing one (the wage equals the floor). Unproven: 2,170 passing August and blocked in September (golden only; refusals cannot be probed); class II 2,120 and hourly 22/21/20; Mo Han 1,970/20 (golden only); the qualifying-pay exclusions; the ten-day publication duty (external); independent worksite proof. [F24 2026-09-30: verified_at 2026-09-29 probes ran on an env-link overlay of @norbital-ai/bolt 0.0.140; package.json and pnpm-lock.yaml pin 0.0.139, which is not materialised in node_modules. Not re-run on the pin.] [R9 2026-09-30] Added, not yet run: CN-KM02-2 — 2,170 in September 2026 is refused under 2,270 (the August pass is CN-KM01-3’s January pass on the same version table). Open: class II 2,120 and hourly on the production path. [R9b 2026-09-30] Added, not yet run: CN-KM02-3 — a Fumin (category II) worker at 2,100 in September 2026 is refused under 2,120. Open: hourly floors (PART_TIME warns only), Mo Han (fund payer blocked).",work_rules.wages.by_region; work_rules.wages.hourly_by_region; work_rules.wages.workplace_keyed,"Kunming — 2,170 in a category I district passes in August and is blocked in September 2026 (CN-KM01, KM02)",CN-KM02-1; CN-KM02-2; CN-KM02-3,2026-09-29
CN-KM03,CN-kunming,contribution,"Applies: 2025 parameters; 2026 pension/unemployment/injury start unresolved; medical/maternity from 1 Sep 2026. [2025 Yunnan social-insurance parameters](https://www.dhlc.gov.cn/fsx/Web/_F0_0_6C9DO9USE71563368BE04C9C90.htm) set CNY4,357–21,789 for pension/unemployment/injury. [Four-department 云人社发〔2026〕8号, signed 21 August, reproduced in the city news portal](https://www.kunming.cn/news/c/2026-08-29/14069738.shtml) and the [provincial-government report](https://www.yn.gov.cn/hdjl/msgq/202608/t20260829_330317.html) set CNY4,403–22,017 for pension/unemployment/injury/medical-maternity. Only the medical/maternity bounds have an express 1 September 2026 start. The official [7 September 2026 county HRSS employer notice](https://www.yncxym.gov.cn/info/1011/286437.htm) independently confirms the 2026 pension/unemployment/injury bounds then in use, but does not establish their first chargeable month or any retroactive true-up. Obtain the original four-department instrument and fund-specific transition instructions.","2025 Yunnan social-insurance parameters; Four-department 云人社发〔2026〕8号, signed 21 August, reproduced in the city news portal; provincial-government report; 7 September 2026 county HRSS employer notice",https://www.dhlc.gov.cn/fsx/Web/_F0_0_6C9DO9USE71563368BE04C9C90.htm,2026-09-29,2025-01-01,,PARTIAL,"Re-judged 30 Sep 2026 against the whole provision: PARTIAL. Probe-proven: 2026 pension/unemployment/injury floor 4,403 and medical/maternity on 2025's 4,357 in January (CN-KM25-1); 2026 ceilings 22,017 and 21,789 (CN-KM03-1); 2025 ceilings (CN-KM03-2); medical on 4,403 from 1 Sep 2026 (CN-KM02-1). Unproven: the first chargeable month for pension/unemployment/injury is a recorded owner default, not law (below); the January–August true-up (no path); the medical ceiling 22,017 from September; the signed four-department original (read only in reproduction). Recorded default (owner rule 2026-09-28): the notice names the pension/unemployment/injury bounds 2026年度 and dates only medical/maternity (1 Sep 2026); default first chargeable month January 2026, lawful because it follows the instrument's own 年度 and the 31 Aug 2026 flexible-worker notice applies the same bounds to the whole year. [F24 2026-09-30: verified_at 2026-09-29 probes ran on an env-link overlay of @norbital-ai/bolt 0.0.140; package.json and pnpm-lock.yaml pin 0.0.139, which is not materialised in node_modules. Not re-run on the pin.] [R9b 2026-09-30] Added, not yet run: CN-KM03-3 — September 2026, medical and maternity on the new 22,017 ceiling (1,541.19 / 440.34, 198.15) beside pension at 22,017 and the fund cap 32,543. 云人社发〔2026〕8号 on yn.gov.cn returned 404 on 30 Sep 2026 (figures as read 29 Sep 2026). Open: the January–August true-up.",statutory_contributions:PENSION; statutory_contributions:MEDICAL; statutory_contributions:UNEMPLOYMENT; statutory_contributions:INJURY,"Kunming — January–August 2026: pension, unemployment and injury on the 2026 bounds from 1 January, medical on 2025’s (CN-KM03); the 32,543 fund cap (CN-KM05)",CN-KM03-1; CN-KM03-2; CN-KM25-1; CN-KM02-1; CN-KM03-3,2026-09-29
CN-KM04,CN-kunming,contribution,"Applies: 1 Jan 2023 rate notice onward, reviewed from 1 Dec 2025; Kunming medical/major-medical enrollees. [Kunming Social Medical Insurance Regulation arts. 10–12](https://www.kmrd.gov.cn/c/2022-04-14/524108.shtml) includes major-medical aid. The [Kunming Medical Security Bureau and Finance Bureau notice signed 30 Dec 2022](https://ybj.km.gov.cn/c/2023-02-08/4665265.shtml) ([interpretation](https://ybj.km.gov.cn/c/2023-02-08/4665299.shtml)), effective 1 Jan 2023 and read in the in-app browser on 28 Sep 2026, cuts the employer basic-medical rate from 8% to 7% excluding maternity and credits active workers' individual accounts at 2%, 1.8% after the 0.2% long-term-care transfer; the major-medical rate is unchanged. Employer maternity 0.9% on the same base is CN-KM32. The employee 2% premium is expressly set by [Yunnan Government Order 86 art. 6](https://ylbz.yn.gov.cn/index.php?c=show&id=125), listed as current with only art. 17 amended in the [provincial current-rules catalogue](https://www.yn.gov.cn/zwgk/zfxxgkpt/gkptzcwj/ynsrmzfxxyxgzml/202305/t20230505_258597.html); secondary 9%/10% employer figures are unsupported. A [reproduced 2025 agency notice](https://zc.51shebao.com/detail/838843) reports an October 2025 base of CNY4,357–21,789 and a major-medical employer charge of 0.6% × the 2024 Yunnan full-caliber urban average monthly wage (CNY7,263) = CNY43.57 per insured head, active and retired, plus a worker CNY1/month; 43.578 → 43.57 and 4,357.8 → 4,357 imply truncation, not half-up. Hold the charge as an annual formula with a rounding rule, not a constant. The 2026 amount, the agency original of that notice and any post-2023 rate notice remain unverified.",Kunming Social Medical Insurance Regulation arts. 10–12; Kunming Medical Security Bureau and Finance Bureau notice signed 30 Dec 2022; interpretation; Yunnan Government Order 86 art. 6; provincial current-rules catalogue; reproduced 2025 agency notice,https://www.kmrd.gov.cn/c/2022-04-14/524108.shtml,2026-09-29,2023-01-01,,PARTIAL,"Re-judged 30 Sep 2026 against the whole provision: PARTIAL. Probe-proven: employer 7% and employee 2% basic medical on the dated bases (every Kunming case). Unproven: the major-medical employer charge (0.6% × provincial average monthly wage per insured head, truncated) and the worker CNY1/month — not seeded; the zero-wage enrolled worker; the 2026 rate year. Source: the independent re-verification of 30 Sep 2026 could not reopen ybj.km.gov.cn or ylbz.yn.gov.cn (empty reply / ECONNREFUSED), so 7%/2% rest on the 28 Sep 2026 in-app-browser reading. [F24 2026-09-30: verified_at 2026-09-29 probes ran on an env-link overlay of @norbital-ai/bolt 0.0.140; package.json and pnpm-lock.yaml pin 0.0.139, which is not materialised in node_modules. Not re-run on the pin.] [R9b 2026-09-30] Added, not yet run: CN-KM03-3 — 7% / 2% on the September 2026 ceiling 22,017. Open: major-medical charge (not seeded), the zero-wage enrollee.",statutory_contributions:MEDICAL,"Kunming — December 2025 on a 10,000 base, and the 4,357 floor (CN-KM03, KM04, KM05, KM25–27, KM32)",CN-KM25-1; CN-KM03-3,2026-09-29
CN-KM05,CN-kunming,contribution,"Applies: 1 Oct–31 Dec 2025 floor; 1 Jan–31 Aug 2026 provisional ceiling; 2026 final ceiling retroactive to 1 Jan and new floor from 1 Sep; actual Kunming fund district. [昆公积金〔2025〕61号, 27 August 2025, full-text reproduction](https://zc.51shebao.com/detail/838183) set the CNY32,470 ceiling and CNY2,070/1,920/1,770 district floors for the 1 January–31 December 2025 contribution year, based on 2024 average wage. The [October 2025 centre change reported by a provincial outlet](https://m.yunnan.cn/system/2025/10/02/033671513.shtml) raised the floor to CNY2,170/2,020/1,870 for new/opened/transferred accounts, with the third class used for Mo Han–Mo Ding; the old ordinary existing-account floor after October needs direct reconciliation. [January 2026 interim centre notice reported by city outlet](https://www.kunming.cn/news/c/2026-01-07/14008906.shtml) retained CNY32,470 pending final data. [昆公积金〔2026〕69号 full-text reproduction](https://www.hrlawol.com/article/unlock?id=111947), [centre-attributed text](https://m12333.cn/policy/srsrb.html), and [Kunming Daily's report](https://kunming.yunnan.cn/system/2026/09/10/034148229.shtml): final CNY32,543 cap on 2025 monthly wage average for 1 Jan–31 Dec 2026, and from 1 Sep 2026 new-hire/transfer/account-reopening floors CNY2,270/2,120/1,970, with Mo Han–Mo Ding specifically in class III. Unit selects a uniform, equal worker/employer rate 5–12%. The notice states worker contribution is base × rate in whole yuan, plus an equal employer amount, and orders prior 2026 underpayment corrected. Whether the new lower bound changes existing, unchanged accounts is not explicit in the retrieved text. The [昆公积金规〔2020〕2号 management measure art. 13 full-text reproduction](https://zc.51shebao.com/detail/825467) specifies separate whole-yuan 四舍五入 for worker and employer shares; [Kunming city policy schedule](https://www.kunming.cn/news/upload/resources/file/2024/10/12/1728062.pdf) identifies that measure and confirms its 2021 commencement. The [4 Jan 2026 centre interim notice](https://zfgjj.km.gov.cn/c/2026-01-04/5047947.shtml), read in the in-app browser on 28 Sep 2026, takes the 2026 base as the 2025 calendar-year average and keeps the CNY32,470 cap and CNY2,170/2,020/1,870 floors for all contributors pending the final data, which bears on the existing-account floor for 1 Jan–31 Aug 2026. The [2025 base notice issuer URL](https://zfgjj.km.gov.cn/c/2024-12-31/4930664.shtml) and the [2020 measure page](https://zfgjj.km.gov.cn/website/government-info-public-detail.html?seqno=14714) were identified but not opened. Obtain the original centre 2025/2026 final notices and management-measure text, and check amendments.","昆公积金〔2025〕61号, 27 August 2025, full-text reproduction; October 2025 centre change reported by a provincial outlet; January 2026 interim centre notice reported by city outlet; 昆公积金〔2026〕69号 full-text reproduction; centre-attributed text; Kunming Daily's report; 昆公积金规〔2020〕2号 management measure art. 13 full-text reproduction; Kunming city policy schedule; 4 Jan 2026 centre interim notice; 2025 base notice issuer URL; 2020 measure page",https://zc.51shebao.com/detail/838183,2026-09-29,2025-10-01,,PARTIAL,"Re-judged 30 Sep 2026 against the whole provision: PARTIAL. Probe-proven: 2025 cap 32,470 (CN-KM03-2), 2026 cap 32,543 (CN-KM03-1, confirmed by Kunming Daily 10 Sep 2026), class I new-account floor 2,270 from September (CN-KM02-1) and class II 2,020 (CN-KM01-1), per-side whole-yuan rounding. Unproven: the existing-account floor after October 2025 and after September 2026 (text silent on unchanged accounts; not certified); Mo Han class III 1,870/1,970 (refuses); the January–August 2026 cap true-up; the below-floor refusal (golden only); the issuer originals and amendments. [F24 2026-09-30: verified_at 2026-09-29 probes ran on an env-link overlay of @norbital-ai/bolt 0.0.140; package.json and pnpm-lock.yaml pin 0.0.139, which is not materialised in node_modules. Not re-run on the pin.]",statutory_contributions:HOUSING_FUND; facts.housing_fund_rate,Kunming — a fund base under the new-account floor refuses while the existing-account floor is unsettled (CN-KM05),CN-KM03-1,2026-09-29
CN-KM09,CN-kunming,leave,"Applies: 2026 notice onward; covered Yunnan employees/dispatch. [Yunnan 2026 six-department annual-leave notice](https://ygj.yn.gov.cn/xwzx/zwyw/202605/t20260506_3010863.html) adds planning, employee notice and equal dispatched-worker treatment to national leave baseline; obtain signed text and assess any local exception.",Yunnan 2026 six-department annual-leave notice,https://ygj.yn.gov.cn/xwzx/zwyw/202605/t20260506_3010863.html,2026-09-29,2026-01-01,,SOURCE-BLOCKED,"Register status: No [IN-SYSTEM 2026-09-29]. No evidenced external workflow or saved compliance record; CN profile/probe also absent; controlling source, amendment or interpretation remains open. Evidence and probe needed: Leave plan/notification and dispatch coordination records; cash settlement remains CN-N05/06. Tracker status SOURCE-BLOCKED: the signed six-department notice was not retrieved; hrss.yn.gov.cn timed out on 28–29 Sep 2026. R48 origin: CN20 (first-pass sample; migration implies no closure).",leave_catalogue:ANNUAL_LEAVE,,,
CN-KM10,CN-kunming,leave,"Applies: 1 Dec 2025 onward; certified non-work illness. City Wage Payment Regulation art. 27 requires sick/non-work-injury pay within statutory medical leave under the governing rule, but gives no rate. A reported Yunnan 云劳〔1995〕118号 art. 10 has medical-period-based wage percentages; its original official text, amendment/current-force status and interaction with the national 80%-of-local-minimum safeguard must be verified before pricing.","City Wage Payment Regulation art. 27 requires sick/non-work-injury pay within statutory medical leave under the governing rule, but gives no rate. A reported Yunnan 云劳〔1995〕118号 art. 10 has medical-pe",,2026-09-29,2025-12-01,,SOURCE-BLOCKED,"Register status: No [IN-SYSTEM 2026-09-29]. CN-shanghai and CN-kunming are sealed but this obligation has no rule/output path or production probe; controlling source, amendment or interpretation remains open. Evidence and probe needed: Medical-period classification, pre-leave wage, actual sick days and local floor; do not copy Shanghai's service-year bands into Kunming. Tracker status SOURCE-BLOCKED: 云劳〔1995〕118号 original not retrieved; hrss.yn.gov.cn timed out on 28–29 Sep 2026.",,,,
CN-KM11,CN-kunming,leave,"Applies: 1 Nov 2024 onward; covered pregnant/nursing employees. [Enacted Yunnan Government Order 232](https://policy.mofcom.gov.cn/claw/clawContent.shtml?id=105672), effective 1 November 2024, arts. 6–12: pregnancy/breastfeeding cannot reduce wage or benefits; prenatal examination time counts as paid work; certified severe dysmenorrhoea grants 1–2 days; specified pregnancy months restrict overtime/night shifts; if statutory maternity/other leave is cut short for work needs, arrange compensatory rest, else pay 200% of the wage standard for unreturned days; daily breastfeeding time is at least one hour plus one per additional infant. The 2022 Justice-site text was an unenacted draft with different figures and must never be a seed authority.",Enacted Yunnan Government Order 232,https://policy.mofcom.gov.cn/claw/clawContent.shtml?id=105672,2026-09-29,2024-11-01,,GAP,"Register status: No [IN-SYSTEM 2026-09-29]. CN-shanghai and CN-kunming are sealed but this obligation has no rule/output path or production probe; controlling source, amendment or interpretation remains open. Evidence and probe needed: Pregnancy phase, doctor certificate, leave and replacement-rest history, approved hours, child count and birth dates, payroll backpay. Reconcile the enacted text with national maternity pay.",,,,
CN-KM12,CN-kunming,leave,"Applies: 2022 amended family law onward; 2025 direct-benefit change. [Yunnan's amended family-planning law reported by its legal-affairs site](https://sft.yn.gov.cn/yfzs/pages_1_3173.aspx) gives each parent ten childcare days per year for a child under three, plus five where two or more children are under three; [provincial medical administration](https://ylbz.yn.gov.cn/index.php?c=show&id=4583) confirms 158 maternity and 30 partner-care allowance days under the law. [Yunnan medical agency](https://ylbz.yn.gov.cn/index.php?c=show&id=5755) states maternity allowances have been paid directly to individuals since June 2025. The official [Yunnan Health Commission text of the third amendment, 17 Jan 2022](https://www.ynrd.gov.cn/html/2022/changweihuigonggao_0118/16355.html) is now the controlling source in place of the legal-affairs report; its marriage, surgery-leave and only-child branches are CN-KM30, CN-KM31 and CN-KM38. Kunming's 2024 maternity rules (CN-KM32, item 17) let the agency pay the allowance to the employer or the worker, which reconciles with direct payment. Whether an employer must top up an allowance below the worker's wage still needs a Yunnan source.","Yunnan's amended family-planning law reported by its legal-affairs site; provincial medical administration; Yunnan medical agency; Yunnan Health Commission text of the third amendment, 17 Jan 2022",https://www.ynrd.gov.cn/html/2022/changweihuigonggao_0118/16355.html,2026-09-30,2022-01-17,,PARTIAL,"Re-judged 30 Sep 2026 against the whole provision: PARTIAL. Probe-proven: CN-KM12-1 — two paid childcare days, no deduction. Unproven on the production path: 15 days where two or more children are under three, and the end at the third birthday (goldens only); whether an employer must top up a maternity allowance below the wage (no Yunnan source). The clause is art.18 para 2 of the 2022 third amendment (each spouse 10 days a year while a child is under 3, 5 more with two or more under 3), confirmed on the official ynrd.gov.cn text 30 Sep 2026. Recorded default: the calendar year, no carry-over and the end at the third birthday follow the 楚雄市卫生健康局 guidance of 18 Sep 2023 (https://www.cxs.gov.cn/info/9025/254978.htm). [F24 2026-09-30: verified_at 2026-09-29 probes ran on an env-link overlay of @norbital-ai/bolt 0.0.140; package.json and pnpm-lock.yaml pin 0.0.139, which is not materialised in node_modules. Not re-run on the pin.] [R9 2026-09-30] Added, not yet run: CN-KM12-2 — two children under three: eleven working days accepted (above ten). Open: the end at the third birthday on the production path. [R9b 2026-09-30] Added, not yet run: CN-KM12-3 (a child already three: leave refused INELIGIBLE) and CN-KM12-4 (one child under three: 11 days refused against the 10). Art.18 re-read on ynrd.gov.cn 30 Sep 2026.",leave_catalogue:CHILDCARE_LEAVE,"Kunming — 育儿假: 10 days a calendar year for a child under three, 15 for two or more, each parent (CN-KM12)",CN-KM12-1; CN-KM12-2; CN-KM12-3; CN-KM12-4,2026-09-29
CN-KM13,CN-kunming,wages,"Applies: 1 Dec 2025 onward; qualifying heat-exposed Kunming worker. The binding [national Heatstroke Prevention Measure art. 17](https://www.nhc.gov.cn/zhjcj/c100093/201207/2cdae24e57d04213944bcc6ef736a69b.shtml) requires cash allowance for outdoor official 35°C-plus days or indoor sites not reduced below 33°C, in addition to cooling supplies and unreduced base pay. The issuer text, [云人社发〔2013〕98号 on the Yunnan HRSS portal](https://hrss.yn.gov.cn/NewsView.aspx?NewsID=5893&ClassID=558) (signed 23 May 2013, posted 24 May 2013; replaces the weather-service report previously cited), sets CNY10 per person per working day for outdoor work at 35°C or above, or indoor work that cannot be brought below 33°C. It takes effect on publication with no stated expiry, and item 6 extends it to other employers with labour relationships. Check the Yunnan HRSS normative index for a later repeal or amendment before sealing. The province-hosted [2023 model workplace policy](https://yjglt.yn.gov.cn/html/2024/yunnanshengwenjian_0507/28617.html) is guidance, not an independent rate-setting instrument.",national Heatstroke Prevention Measure art. 17; 云人社发〔2013〕98号 on the Yunnan HRSS portal; 2023 model workplace policy,https://www.nhc.gov.cn/zhjcj/c100093/201207/2cdae24e57d04213944bcc6ef736a69b.shtml,2026-09-29,2025-12-01,,GAP,"Register status: No [IN-SYSTEM 2026-09-29]. Later repeal/amendment check of 云人社发〔2013〕98号 open; no CN exposure, allowance or saved-output path. Evidence and probe needed: Signed current provincial rate notice, weather/indoor-temperature and actual-work evidence, payslip line and wage-base exclusion; outdoor 35°C versus indoor 33°C and one worked-day probe.",,,,
CN-KM14,CN-kunming,contribution,"Applies: 2021 amendment onward; all Yunnan employees, including part-time and project-construction workers. [Yunnan Work Injury Implementation Measure art. 2 as amended by 云政规〔2021〕1号](https://yjglt.yn.gov.cn/html/2024/yunnanshengwenjian_0507/28616.html) requires employer-only injury insurance for all employees including non-full-time staff, with project insurance for engineering construction; arts. 7–10 address registration, agency-assigned floating industry rates and employer payment with zero worker deduction. The [2020 provincial pooling measure](https://yjglt.yn.gov.cn/html/2024/yunnanshengwenjian_0507/28616.html) substitutes the province-wide prior-year average where a benefit refers to the pooling-region wage.",Yunnan Work Injury Implementation Measure art. 2 as amended by 云政规〔2021〕1号; 2020 provincial pooling measure,https://yjglt.yn.gov.cn/html/2024/yunnanshengwenjian_0507/28616.html,2026-09-29,2021-01-01,,GAP,"Register status: No [IN-SYSTEM 2026-09-29]. No CN coverage/class/rate rule or saved-payment evidence; current rate float and later amendment search remain open. Evidence and probe needed: Legal employer, part-time and simultaneous-employer class, project election/cost, assigned rate notice, paid contribution and worksite; part-time worker with two employers and project/ordinary contribution probes.",statutory_contributions:INJURY,,,
CN-KM15,CN-kunming,contribution,"Applies: 2021 amendment onward; recognised Kunming injury, disability or death. [Yunnan Work Injury Implementation Measure arts. 20–21, 30, 33–40](https://yjglt.yn.gov.cn/html/2024/yunnanshengwenjian_0507/28616.html): each concurrent employer pays injury insurance; the employer at the injury event bears liability; non-network emergency care requires agency filing within seven working days. For grade 5/6 workers without a suitable job, employer pays monthly disability allowance and social insurance, topping up net amount to local minimum. At worker-requested 5/6 exits, employer one-time disability employment grant = 33/29 × province prior-year monthly average; at grade 7/8/9/10 contract-end or worker-requested exits = 22/18/13/7 × that average. The fund separately pays medical grants at 15/13/8/6/3/2 months, and occupational disease adds 30% to the fund medical grant. Grade 1–4, recurring injury, retirement and death take distinct branches; art. 40 uses nationwide prior-year urban disposable income ×20 for death and province prior-year wage ×6 for funeral.","Yunnan Work Injury Implementation Measure arts. 20–21, 30, 33–40",https://yjglt.yn.gov.cn/html/2024/yunnanshengwenjian_0507/28616.html,2026-09-29,2021-01-01,,GAP,"Register status: No [IN-SYSTEM 2026-09-29]. No CN injury-event/grade benefit engine, province reference wages, employer grant output or saved settlement proof; later local amendment search open. Evidence and probe needed: Official injury/grade and claim decision, actual employer at event, end reason, province-average year, wage and net allowance, fund grant and employer liability, retirement and occupational-disease status; grades 5/6/7/10 and 7-working-day emergency-report probes.",,,,
CN-KM16,CN-kunming,contribution,"Applies: 1 Dec 2025 onward; Kunming long-term-care pilot and 5 Feb 2026 provincial transition. [云政办规〔2025〕9号](https://www.yn.gov.cn/zwgk/zfxxgkpt/gkptzcwj/xzgfxwj/202601/t20260105_322197.html) establishes province-wide eventual employee 0.15% and employer 0.15% on medical-aligned wage bases but expressly gives existing pilot Kunming roughly three years to adjust; directly applying 0.15% to 2026 Kunming pay is unsupported. A [2025 government-university-distributed policy Q&A](https://web.ymu.edu.cn/rsc/info/1501/4363.htm) reports the Kunming pilot charges 0.2% each on the medical base, but transfers the employer part from the medical pooled fund and the personal part from the medical individual account, rather than new cash-wage withholding; retirees pay CNY8/month by account transfer. The [provincial medical agency](https://ylbz.yn.gov.cn/index.php?c=show&id=5812) confirms provincial-level insured staff joined Kunming's pilot in June 2025. Obtain signed 昆政发〔2023〕5号, its validity/renewal after reported 28 February 2026 expiry and any transition amendments before sealing either rate or wage result.",云政办规〔2025〕9号; 2025 government-university-distributed policy Q&A; provincial medical agency,https://www.yn.gov.cn/zwgk/zfxxgkpt/gkptzcwj/xzgfxwj/202601/t20260105_322197.html,2026-09-29,2025-12-01,,SOURCE-BLOCKED,"Register status: No [IN-SYSTEM 2026-09-29]. Signed pilot, expiry/transition, current rate and actual payer method remain unresolved; no long-term-care profile/output or saved remittance evidence. Evidence and probe needed: Signed Kunming pilot/transition rule, medical base, insured class, individual-account funding and agency receipt; December 2025, 4/5 February and post-February change probes, with no extra wage deduction inferred from account transfer. Tracker status SOURCE-BLOCKED: web.ymu.edu.cn returned 403 on 28 Sep 2026; signed Kunming pilot not retrieved.",,,,
CN-KM17,CN-kunming,filing,"Applies: 1 Jul 2023 onward; Kunming employer or enrolled individual proprietor, every monthly SI period. [云南税务公告〔2023〕5号, jointly issued by tax/finance/HRSS/medical/payment authorities](https://ylbz.yn.gov.cn/index.php?c=show&id=3576) changed employer pension, medical/maternity, injury and unemployment contribution filing to direct tax-department self-declaration and payment. An employer must declare or adjust each employee's contribution wage and declare the monthly amount and pay by the 20th of each month, withholding and remitting the employee share. Historical pre-July-2023 arrears, unregistered-worker arrears and policy-specific back payments instead first need HRSS/medical assessment. Ordinary employer channels are Yunnan e-tax and the social-insurance client; flexible-worker self-payment is a different actor branch. This is a filing/payment workflow, separate from calculated rates in CN-KM03–04.","云南税务公告〔2023〕5号, jointly issued by tax/finance/HRSS/medical/payment authorities",https://ylbz.yn.gov.cn/index.php?c=show&id=3576,2026-09-29,2023-07-01,,EXTERNAL,"Register status: No [IN-SYSTEM 2026-09-29]. No monthly tax self-declaration, payment/receipt or historical-arrears approval workflow; late/holiday treatment and later amendment reconciliation open. Evidence and probe needed: Insured worker and fund, declared wage and adjustment, monthly amount, tax filing/payment receipt and due date; current/new hire, 19th/20th/21st and historical-arrears approval probes.",obligations:SI_TAX_DECLARATION,,,
CN-KM18,CN-kunming,contribution,"Applies: 1 Feb 2021 onward, subject to amendment check; fund-covered worker at an actual Kunming worksite. [Kun公积金规〔2020〕2号, arts. 2–3, full-text reproduction](https://zc.51shebao.com/detail/825467), identified as operative from 1 February 2021 in a [Kunming city-published policy schedule](https://www.kunming.cn/news/upload/resources/file/2024/10/12/1728062.pdf): entities pay for active workers with an employment relationship and wages; a dispatch agency, not the user entity, bears the fund duty and agrees its cost allocation with the user. Hong Kong/Macao/Taiwan workers and foreign workers holding permanent-residence documents may participate. The measure's old 12-month-pension and hukou/residence test for voluntary contributors must not be treated as the current test after the separate 13 December 2023 pilot in CN-KM24; retired workers do not contribute. These optional and excluded branches must not create an automatic ordinary employer deduction; reconcile the 20 September 2026 national voluntary-contribution amendment in CN-N08.","Kun公积金规〔2020〕2号, arts. 2–3, full-text reproduction; Kunming city-published policy schedule",https://zc.51shebao.com/detail/825467,2026-09-29,2021-02-01,,GAP,"Register status: No [IN-SYSTEM 2026-09-29]. No CN actor/worker classification, optional-election or exclusion evidence, contribution output or probe; original measure and amendment history not directly verified. Evidence and probe needed: Employing/dispatch actor and contract, actual worksite, identity/residence and election evidence, pension history for voluntary contributor, retirement status; ordinary employee versus dispatch user, eligible foreign opt-in/opt-out, voluntary person and retiree probes.",statutory_contributions:HOUSING_FUND,,,
CN-KM19,CN-kunming,filing,"Applies: 1 Feb 2021 onward, subject to amendment check; Kunming entity and worker account events. [Same management measure arts. 6–9](https://zc.51shebao.com/detail/825467): appoint a fund officer; register a new entity within 30 days and its worker accounts within 20 days after registration; register a hire/account opening or transfer within 30 days of hire; report entity or worker identity changes within 30 days; retain one personal account per worker. On merger, split, dissolution or bankruptcy, register the change within 30 days, reconcile worker identity/balances and obtain each worker's signed confirmation before account sealing, transfer or custody and entity cancellation. Fund-centre processing and sanctions are authority outcomes, not automatic payroll calculations.",Same management measure arts. 6–9,https://zc.51shebao.com/detail/825467,2026-09-29,2021-02-01,,EXTERNAL,"Register status: No [IN-SYSTEM 2026-09-29]. No evidenced fund-officer assignment, account lifecycle, signed balance reconciliation or filing receipts; original measure and amendment history open. Evidence and probe needed: Entity registration/merger/closure and hire/change dates, designated officer, worker account ID, balance, signed confirmation and agency receipt; 20-/30-day and duplicate-account probes.",,,,
CN-KM20,CN-kunming,contribution,"Applies: 1 Feb 2021 onward; existing, new and transferred Kunming fund contributors. [Same management measure arts. 10–14](https://zc.51shebao.com/detail/825467), corroborated for rate and effect by the [Kunming city policy schedule](https://www.kunming.cn/news/upload/resources/file/2024/10/12/1728062.pdf): existing worker base is prior calendar-year monthly average wage, annually adjusted from 1 January; a first-ever worker starts the second month at that month's full wage, and a transferred worker starts in the first month of pay at the full monthly wage. Apply dated annual bounds in CN-KM05. The unit selects equal 5–12% employer and worker shares, uniform within the unit and normally one unit rate per contribution year. Withhold the worker share and remit both shares within five days after payday. Art. 13 rounds each share separately to a whole yuan, 四舍五入, before summing.",Same management measure arts. 10–14; Kunming city policy schedule,https://zc.51shebao.com/detail/825467,2026-09-29,2021-02-01,,PARTIAL,"Re-judged 30 Sep 2026 against the whole provision: PARTIAL. Probe-proven: a first-ever account pays nothing in the joining month (CN-KM20-1); a transferred account from the first month (CN-KM02-1); per-side 四舍五入 (2,270 × 5% → 114 each side, CN-KM02-1; 3,905.16 → 3,905, CN-KM03-1). Unproven: the first-ever worker's second-month contribution; the prior-calendar-year average adjusted each 1 January (the operator declares the base); one uniform unit rate per year; remittance within five days of payday (external). [F24 2026-09-30: verified_at 2026-09-29 probes ran on an env-link overlay of @norbital-ai/bolt 0.0.140; package.json and pnpm-lock.yaml pin 0.0.139, which is not materialised in node_modules. Not re-run on the pin.] [R9 2026-09-30] Added, not yet run: CN-KM20-2 — the first-ever worker’s second month charges 12% of the full 21,750 (2,610 each side). Open: the 1 January base adjustment (operator declares), one uniform unit rate, remittance.",statutory_contributions:HOUSING_FUND; facts.housing_fund_rate,"Kunming — January–August 2026: pension, unemployment and injury on the 2026 bounds from 1 January, medical on 2025’s (CN-KM03); the 32,543 fund cap (CN-KM05)",CN-KM20-1; CN-KM02-1; CN-KM20-2,2026-09-29
CN-KM21,CN-kunming,contribution,"Applies: 1 Feb 2021 onward; Kunming employer seeking fund rate below 5% or payment deferral. [Same management measure arts. 4(4), 17–20](https://zc.51shebao.com/detail/825467), corroborated by the [Kunming city policy schedule](https://www.kunming.cn/news/upload/resources/file/2024/10/12/1728062.pdf): two or more consecutive years of operating losses allow application, not self-reduction. Obtain worker-congress/union resolution or all-worker signatures, governing-body approval and two audited financial years; apply to the fund centre for committee approval or delegated centre approval. An approval lasts at most one year; renew at least 30 days before expiry. Restore normal contributions and repay deferred arrears on recovery. The ten-working-day review listed in the city schedule is an agency target.","Same management measure arts. 4(4), 17–20; Kunming city policy schedule",https://zc.51shebao.com/detail/825467,2026-09-29,2021-02-01,,GAP,"Register status: No [IN-SYSTEM 2026-09-29]. No documented eligibility/worker approval, fund-centre decision, dated rate/deferral switch or repayment workflow; original measure, current delegation and amendments open. Evidence and probe needed: Loss-year audited accounts, worker/board resolutions, agency decision and delegation evidence, start/end date, recovery and arrears; unapproved 4% versus approved 4%, expiry, renewal and repayment probes.",,,,
CN-KM22,CN-kunming,contribution,"Applies: 1 Feb 2021 onward; Kunming underpayment, overpayment or employer restructuring. [Same management measure arts. 15–16](https://zc.51shebao.com/detail/825467): pay short contributions; for excess/error, obtain the worker's confirmation and fund-centre approval before refund or corrective payment. On merger/split, assign any unpaid-liability successor before completion; on dissolution/bankruptcy, settle arrears under the applicable priority rules. This includes the 2026 cap true-up in CN-KM05, but the annual notice's exact existing-account floor scope remains separately open.",Same management measure arts. 15–16,https://zc.51shebao.com/detail/825467,2026-09-29,2021-02-01,,GAP,"Register status: No [IN-SYSTEM 2026-09-29]. No dated true-up/correction, worker confirmation, agency approval, arrears or successor-liability evidence; original measure/amendment status and annual floor scope open. Evidence and probe needed: Prior assessed and paid worker/employer shares, worker consent, centre approval/receipt, corporate event, liability successor and arrears; 2026 CNY32,500 ceiling correction, overpayment without consent, and merger with unpaid balances.",,,,
CN-KM23,CN-kunming,filing,"Applies: 1 Feb 2021 onward; Kunming wage interruption, exit or transfer. [Same management measure arts. 23–25, 33 and 36](https://zc.51shebao.com/detail/825467): seal the worker account on wage interruption with continuing employment or employment end; register exit and seal/transfer within 30 days; both the old and new employer have separate 30-day local-transfer duties. An employer using the online fund channel must sign the online-service agreement. Account filings must carry true, lawful and accurate evidence; fabricated employment is prohibited. Worker-initiated cross-city transfer and the older three-month voluntary-contributor delinquency in arts. 26–30 are not ordinary employer payroll deductions; the later personal-contributor pilot in CN-KM24 governs its own account and payment path.","Same management measure arts. 23–25, 33 and 36",https://zc.51shebao.com/detail/825467,2026-09-29,2021-02-01,,EXTERNAL,"Register status: No [IN-SYSTEM 2026-09-29]. No evidenced account sealing/transfer, employer-side deadlines, online agreement or accurate-filing workflow; original measure and amendment history open. Evidence and probe needed: Wage-interruption, exit and new-hire dates, sending/receiving employer, account status, online-channel agreement, filed evidence and receipts; sealed versus active, old/new employer at day 30, and cross-city worker request.",,,,
CN-KM24,CN-kunming,contribution,"Applies: 13 Dec 2023 onward, subject to any 2026 successor; personal flexible-work contributor, including Kunming-administered Mo Han. [昆政办规〔2023〕2号 enacted pilot arts. 2–9, 22, full-text reproduction](https://zc.51shebao.com/detail/817337), corroborated by the [Kunming fund-centre 2023 launch briefing](https://m.kunming.cn/news/c/2023-11-17/13779800.shtml), broadened voluntary housing-fund participation beyond the older 2020 measure's 12-month pension/hukou test. A qualifying non-full-time, self-employed or new-form worker opens a personal account and agreement, chooses personal deposit timing/amount, pays the entire deposit personally, and can transfer that account on becoming a unit worker. The [2023 centre implementation rules arts. 6–9 and 24, full-text reproduction](https://zc.51shebao.com/detail/818549) add personal-account uniqueness and annual minimum; on conversion to a unit worker, the unit officer may submit identity, account-transfer and labour-relationship evidence, closing the personal account and ending its special subsidy. The personal phase creates no ordinary employer remittance. Art. 22 allows the individual's fund deposit in taxable income only under national tax rules; do not invent an employer wage deduction or tax claim without a valid claimant path. The fund committee [discussed a pilot measure in March 2026](https://www.sohu.com/a/1003193952_121106902); no promulgated successor was found in this pass, so exact 2026 amendment status remains open.","昆政办规〔2023〕2号 enacted pilot arts. 2–9, 22, full-text reproduction; Kunming fund-centre 2023 launch briefing; 2023 centre implementation rules arts. 6–9 and 24, full-text reproduction; discussed a pilot measure in March 2026",https://zc.51shebao.com/detail/817337,2026-09-29,2023-12-13,,NOT-APPLICABLE,"Sourced exclusion (re-judged 30 Sep 2026, consistent with CN-SH48): a genuinely personal flexible-work contributor opens a personal account and pays the whole deposit personally, outside employer payroll; the provision creates no employer duty. On conversion to a unit worker the account transfers and ordinary unit shares follow CN-KM20; a real employee disguised as a personal contributor is the CN-KM28 classification branch.",,,,
CN-KM25,CN-kunming,contribution,"Applies: Dec 2025 onward; ordinary covered Yunnan employee pension. The [Yunnan government employment/social-security law service pack, Q82](https://yjglt.yn.gov.cn/html/2024/yunnanshengwenjian_0507/28618.html) and the [7 September 2026 HRSS employer notice](https://www.yncxym.gov.cn/info/1011/286437.htm) state employer pension 16% and worker 8%, each on its applicable personal wage base. The county notice's example at the 2026 CNY4,403 floor gives CNY704.48 employer + CNY352.24 worker. Unit-covered payroll is distinct from the self-paying flexible-worker 20% mentioned in the service pack. Apply the dated bases in CN-KM03; the 2026 base's first chargeable pension month remains open.","Yunnan government employment/social-security law service pack, Q82; 7 September 2026 HRSS employer notice",https://yjglt.yn.gov.cn/html/2024/yunnanshengwenjian_0507/28618.html,2026-09-29,2025-12-01,,PARTIAL,"Re-judged 30 Sep 2026 against the whole provision: PARTIAL. Probe-proven: 16% / 8% at the 2026 floor 4,403 (CN-KM25-1, the county notice's 704.48 / 352.24), at the 2026 ceiling (CN-KM03-1), at the 2025 ceiling (CN-KM03-2) and in bounds. Unproven: the 2026 first chargeable pension month (the CN-KM03 recorded owner default, not law) and any agency true-up; a genuine flexible self-payer producing no employer share (outside payroll; no case). [F24 2026-09-30: verified_at 2026-09-29 probes ran on an env-link overlay of @norbital-ai/bolt 0.0.140; package.json and pnpm-lock.yaml pin 0.0.139, which is not materialised in node_modules. Not re-run on the pin.]",statutory_contributions:PENSION,"Kunming — September 2026 at the 4,403 floor matches the county HRSS examples (CN-KM25, KM26)",CN-KM25-1,2026-09-29
CN-KM26,CN-kunming,contribution,"Applies: Dec 2025 onward; Yunnan employer injury insurance, including Kunming; project branch conditional. [Provincial injury-pooling measure 云人社发〔2020〕14号, issuer PDF retrieved and read on 29 Sep 2026](https://hrss.yn.gov.cn/Uploads/NewsPhoto/2020-03-12/b451dfd4-ba60-48d9-931e-2bed943dcef0.pdf), its [government interpretation](https://www.huaning.gov.cn/hnxzfxxgk/hnxrlzyhshbzjzfwj/20200417/1146789.html), and the [7 September 2026 HRSS employer notice](https://www.yncxym.gov.cn/info/1011/286437.htm): employer only, no worker deduction; industry classes I–VIII base rates 0.2/0.4/0.7/0.9/1.1/1.3/1.6/1.9%, subject to assigned floating rate. A qualifying construction/transport/energy project instead pays 1‰ of pretax project value, a project contribution rather than a monthly employee wage deduction. The 2020 interpretation says local legacy rates operated during a staged discount and the unified provincial rates followed its end; the 2026 notice confirms current rates, but the precise 2025 transition and assigned float for a given employer need agency evidence. Apply CN-KM03's dated base for ordinary coverage.","Provincial injury-pooling measure 云人社发〔2020〕14号, issuer PDF retrieved and read on 29 Sep 2026; government interpretation; 7 September 2026 HRSS employer notice",https://hrss.yn.gov.cn/Uploads/NewsPhoto/2020-03-12/b451dfd4-ba60-48d9-931e-2bed943dcef0.pdf,2026-09-29,2025-12-01,,PARTIAL,"Re-judged 30 Sep 2026 against the whole provision: PARTIAL. Probe-proven: employer-only injury at a recorded class I 0.2% on the dated base (4,403 → 8.81, CN-KM25-1; every Kunming case). Unproven: classes II–VIII and the assigned float (only 0.2 probed; agency determination recorded as `injury_rate`); the 1‰ pretax project tariff (not modelled). [F24 2026-09-30: verified_at 2026-09-29 probes ran on an env-link overlay of @norbital-ai/bolt 0.0.140; package.json and pnpm-lock.yaml pin 0.0.139, which is not materialised in node_modules. Not re-run on the pin.] [R9 2026-09-30] Added, not yet run: CN-KM26-1 — a class VIII 1.9% recorded rate charges 190 on 10,000. Open: the 1‰ project tariff.",statutory_contributions:INJURY; facts.injury_rate,"Kunming — September 2026 at the 4,403 floor matches the county HRSS examples (CN-KM25, KM26)",CN-KM25-1; CN-KM26-1,2026-09-29
CN-KM27,CN-kunming,contribution,"Applies: Dec 2025 and then-current Sep 2026; Yunnan covered unemployment worker/employer; Jan–Aug 2026 renewal date open. The [2025 HRSS notice, confirmed by county HRSS announcement](https://www.hhpb.gov.cn/info/5861/518871.htm), set a staged 1% total through 31 December 2025, split 0.7% employer/0.3% worker. The [7 September 2026 county HRSS employer notice](https://www.yncxym.gov.cn/info/1011/286437.htm) again states the 0.7/0.3% reduction is then active; at the 2026 CNY4,403 floor its example is CNY30.82 employer + CNY13.21 worker. Neither source establishes the successor instrument or the first effective date in 2026; do not silently carry the expired 2025 reduction over January–August. The underlying unreduced rate is 2% employer/1% worker, as the county notice states, but deciding when it applies requires the 2026 renewal chain. A 28 Sep 2026 check confirms the gap: 人社部发〔2026〕39号 sets no premium rate, and the Yunnan HRSS site search for 失业保险费率 lists nothing after 2022.","2025 HRSS notice, confirmed by county HRSS announcement; 7 September 2026 county HRSS employer notice",https://www.hhpb.gov.cn/info/5861/518871.htm,2026-09-29,2025-12-01,,PARTIAL,"Re-judged 30 Sep 2026 against the whole provision: PARTIAL. Probe-proven: December 2025 0.7% / 0.3% from the version itself (CN-KM03-2), under the 2025 notice that ends it on 31 Dec 2025. Unproven: January–August 2026 — every 2026 probe (CN-KM-WP09-1 and the others) charges 0.7/0.3 from operator-entered company facts, which proves the input, not the law; the 7 Sep 2026 county notice says only 目前，延续实施 and gives no start; the 2026 renewal instrument is still missing (a missing source, so no owner-rule default). [F24 2026-09-30: verified_at 2026-09-29 probes ran on an env-link overlay of @norbital-ai/bolt 0.0.140; package.json and pnpm-lock.yaml pin 0.0.139, which is not materialised in node_modules. Not re-run on the pin.]",statutory_contributions:UNEMPLOYMENT; facts.unemployment_employer_rate; facts.unemployment_employee_rate,"Kunming — December 2025 on a 10,000 base, and the 4,357 floor (CN-KM03, KM04, KM05, KM25–27, KM32)",CN-KM03-2; CN-KM-WP09-1,2026-09-29
CN-KM28,CN-kunming,contribution,"Applies: Dec 2025 onward; Yunnan mandatory pension, unemployment and injury enrollment by true employer. The [7 September 2026 county HRSS employer notice](https://www.yncxym.gov.cn/info/1011/286437.htm) expressly includes employers with staff, individual proprietors with hired staff, non-establishment institution hires and dispatch workers; probation, impending retirement or a purported worker waiver do not excuse enrollment. It prohibits fictitious personal relationships and treating an actual employee as a self-paying flexible worker to evade employer premiums. The notice restates national compulsory insurance law, rather than creating a new rate or retroactive period. Correct the employer/worker classification before applying CN-KM25–27; exact allocation in a multi-party dispatch case requires the applicable contract and national/local dispatch texts. The binding national source for the waiver point is SPC Interpretation (II) art. 19 (CN-N37); the county notice only restates it.",7 September 2026 county HRSS employer notice,https://www.yncxym.gov.cn/info/1011/286437.htm,2026-09-29,2025-12-01,,PARTIAL,"Re-judged 30 Sep 2026 against the whole provision: PARTIAL. Probe-proven: CN-KM28-1 — a worker the employer has not enrolled (NOT_REGISTERED) is still assessed for pension, unemployment and injury from the declared base; `tests/cn-fund-nonregistration.test.ts` passes (independent re-verification, 30 Sep 2026). Unproven: a purported worker waiver, probation and near-retirement (county notice §二(一)(四)(五): none excuses enrolment) — no input records them and no refusal exists; dispatch allocation between agency and user; a real employee disguised as a self-paying flexible worker (no classification gate). [F24 2026-09-30: verified_at 2026-09-29 probes ran on an env-link overlay of @norbital-ai/bolt 0.0.140; package.json and pnpm-lock.yaml pin 0.0.139, which is not materialised in node_modules. Not re-run on the pin.]",statutory_contributions:PENSION.unregistered_action; statutory_contributions:UNEMPLOYMENT.unregistered_action; statutory_contributions:INJURY.unregistered_action; obligations:SI_REGISTRATION,,CN-KM28-1,2026-09-29
CN-KM29,CN-kunming,filing,"Applies: 1 Dec 2024 onward; Yunnan unemployment-insured employers. [云人社规〔2024〕1号 Yunnan Unemployment Insurance Handling Rules](https://hrss.yn.gov.cn/Uploads/NewsPhoto//files/20241212/3b763cd4-8a47-4475-9941-a15be8b45911.pdf), four-department notice of 8 Nov 2024, in force 1 Dec 2024 (art. 85): register each new insured worker (art. 13); documents for foreign and HK/Macao/Taiwan workers (art. 14); change registration and headcount changes (arts. 16, 18); the former employer ends coverage when a worker starts a pension, emigrates or dies (art. 20); clear arrears and deregister within 30 days of dissolution (arts. 21–22).",云人社规〔2024〕1号 Yunnan Unemployment Insurance Handling Rules,https://hrss.yn.gov.cn/Uploads/NewsPhoto//files/20241212/3b763cd4-8a47-4475-9941-a15be8b45911.pdf,2026-09-29,2024-12-01,,EXTERNAL,"Register status: No [IN-SYSTEM 2026-09-29]. No enrolment, change or deregistration workflow or receipt evidence. Evidence and probe needed: Hire, change and exit dates, worker class, pension/emigration/death date, dissolution date, agency receipts; day-30/31 deregistration probe.",,,,
CN-KM30,CN-kunming,leave,"Applies: 17 Jan 2022 onward; staff of every unit type marrying under the Yunnan regulation. [Yunnan Population and Family Planning Regulation, third amendment 17 Jan 2022](https://www.ynrd.gov.cn/html/2022/changweihuigonggao_0118/16355.html) art. 18: 15 days of marriage leave on top of the national 1–3 days (CN-N51), typically 18 in total; art. 35: every leave in the regulation counts in calendar days, and working days inside the leave are paid.","Yunnan Population and Family Planning Regulation, third amendment 17 Jan 2022",https://www.ynrd.gov.cn/html/2022/changweihuigonggao_0118/16355.html,2026-09-30,2022-01-17,,PARTIAL,"Re-judged 30 Sep 2026 against the whole provision: PARTIAL. Probe-proven: CN-KM30-1 — five working days of marriage leave (Mon 12–Fri 16 Jan) paid with no deduction. Unproven: art.35 calendar-day counting — the 18-day grant is 18 calendar days with the working days inside paid, and no probe draws a span across rest days (e.g. 18 calendar days); the national 1–3 days component; the applicability test. Art.18 holds both this marriage leave and the childcare leave of CN-KM12 (confirmed on ynrd.gov.cn, 30 Sep 2026). [F24 2026-09-30: verified_at 2026-09-29 probes ran on an env-link overlay of @norbital-ai/bolt 0.0.140; package.json and pnpm-lock.yaml pin 0.0.139, which is not materialised in node_modules. Not re-run on the pin.]",leave_catalogue:MARRIAGE_LEAVE; leave_catalogue:MATERNITY_LEAVE; leave_catalogue:PATERNITY_LEAVE,"${lineage} — annual, maternity, paternity and marriage leave on every sealed version",CN-KM30-1,2026-09-29
CN-KM31,CN-kunming,leave,"Applies: 17 Jan 2022 onward; Yunnan workers after family-planning procedures. [Yunnan NPC Standing Committee 2022 third amendment, consolidated arts. 19 and 35](https://www.ynrd.gov.cn/html/2022/changweihuigonggao_0118/16355.html): paid calendar-day leave of 7 days for IUD insertion (extends maternity leave if done during it), 7 for removal, 30 for tubal ligation (extends maternity leave if done during it), 15 for vasectomy, 30 for tubal reversal, 15 for vas reversal; a remedial procedure after contraception failure gives 15 days before 4 months of pregnancy and 42 at 4 months or more. Working days inside it are paid. The living allowance for these days comes from Kunming maternity insurance (CN-KM32).","Yunnan NPC Standing Committee 2022 third amendment, consolidated arts. 19 and 35",https://www.ynrd.gov.cn/html/2022/changweihuigonggao_0118/16355.html,2026-09-29,2022-01-17,,PARTIAL,"Register status: Partial [IN-SYSTEM 2026-09-29]. Each seeded Kunming version now has `FAMILY_PLANNING_PROCEDURE_LEAVE` with eight dated event amounts and required evidence. `tests/leave-entitlement-golden.test.ts` prices every event across all sealed versions, including the four-month pregnancy boundary. Open: calendar-day charging, maternity extension and overlapping-procedure handling, employer workflow and saved output probe. Evidence and probe needed: Procedure and date, pregnancy months, proof, overlap with maternity leave; each day count and the 4-month boundary. [R9 2026-09-30] Added, not yet run: CN-KM31-1 — IUD insertion leave, five weekdays with the certificate, paid. Open: calendar-day charging across rest days (engine feature), maternity extension, overlap.",leave_catalogue:FAMILY_PLANNING_PROCEDURE_LEAVE,${lineage} — family-planning procedure days on every sealed version,CN-KM31-1,
CN-KM32,CN-kunming,leave,"Applies: 17 Jul 2024 onward; Kunming employee maternity insurance. [Kunming Medical Security Bureau and Finance Bureau rules](https://ybj.km.gov.cn/c/2024-07-25/4882692.shtml), items 2(1)–(18), 3 and 4, effective 17 Jul 2024 (based on 云政办发〔2011〕121号 and 云医保〔2019〕87号), read in the in-app browser 28 Sep 2026: maternity is merged into employee medical; the employer pays 0.9% on the medical base and the worker pays nothing; individual flexible enrollees pay no maternity premium and get no allowance. Eligibility: 6 continuous months at the birth; arrears of 3 months or less can be back-paid and count. Allowance = employer prior-year average monthly wage ÷ 30 × leave days; days 98 + 60, +15 difficult or caesarean birth, +15 per extra infant; miscarriage under 4 months 15, 4 to under 7 months 42, 7 months or more full leave. CNY1,000 nutrition grant per infant; assisted reproduction capped at CNY3,000; death grant 6 × provincial prior-year average monthly wage; births within 10 months after an employer closure are covered. Item 3: an employer that did not enrol the worker pays all these benefits itself. Item 4: public bodies keep paying wages and the allowance goes to finance. Item 17: the agency may pay the allowance to the employer or the worker. The 2023 FAQ's 12-month test is superseded.",Kunming Medical Security Bureau and Finance Bureau rules,https://ybj.km.gov.cn/c/2024-07-25/4882692.shtml,2026-09-29,2024-07-17,,PARTIAL,"Re-judged 30 Sep 2026 against the whole provision: PARTIAL. Probe-proven: the 0.9% employer maternity premium with no worker share (every Kunming case). Unproven on the production path (goldens only): the allowance offset (employer prior-year average ÷ 30 × leave days, `MATERNITY_ALLOWANCE_OFFSET`), the non-enrolling employer paying every benefit itself (item 3, `MATERNITY_BENEFIT_EMPLOYER`) and the nutrition grant; eligibility and the enrolled worker's grants are the agency's determination. The 0.9% rate was not re-checked on 30 Sep 2026 (ybj.km.gov.cn unreachable). Recorded default (owner rule 2026-09-28): Yunnan is silent on who bears an allowance below the wage; the employer tops up to the wage, lawful because 女职工劳动保护特别规定 art.5 forbids reducing pay for birth. [F24 2026-09-30: verified_at 2026-09-29 probes ran on an env-link overlay of @norbital-ai/bolt 0.0.140; package.json and pnpm-lock.yaml pin 0.0.139, which is not materialised in node_modules. Not re-run on the pin.] [R9 2026-09-30] Added, not yet run: CN-KM32-1 — a 9,000 fund allowance offsets a 12,000 maternity month, the employer topping up: gross 3,000. Open: the non-enrolling employer (MATERNITY_BENEFIT_EMPLOYER) and the nutrition grant on the production path. [R9b 2026-09-30] Added, not yet run: CN-KM03-3 — maternity 0.9% on the September 2026 ceiling 22,017 (198.15).",statutory_contributions:MATERNITY; adhoc_catalogue:MATERNITY_ALLOWANCE_OFFSET; adhoc_catalogue:MATERNITY_BENEFIT_EMPLOYER,"Kunming — the employer tops the allowance up to the wage (CN-KM32, owner rule 2026-09-28)",CN-KM25-1; CN-KM32-1; CN-KM03-3,2026-09-29
CN-KM33,CN-kunming,contribution,"Applies: 10 Jul 2026 onward; flexible, migrant and new-form workers in Yunnan employee medical insurance. Four-department Yunnan notice implementing 云政办发〔2025〕56号, [reposted by the Kunming Medical Security Bureau](https://ybj.km.gov.cn/c/2026-07-09/5095863.shtml) from the provincial WeChat channel (the signed notice was not retrieved), items 1–7: these workers join maternity insurance, with 0.5 point of their medical rate treated as maternity premium; with 12+ continuous months they get medical costs plus an allowance of (Yunnan class-I monthly minimum ÷ 30) × 98; with 6–12 months, medical costs only. Fixed maternity medical packages become CNY4,000/6,000 at tier-3 hospitals and CNY3,500/4,500 at tier-2 and below. It overrides earlier inconsistent policy. Not an employer payroll branch, but the employee-versus-self-paid classification decides whether CN-KM32 applies. The 15-measure 云政办发〔2025〕56号 (14 Dec 2025) needs its own employer-duty screen.",reposted by the Kunming Medical Security Bureau,https://ybj.km.gov.cn/c/2026-07-09/5095863.shtml,2026-09-29,2026-07-10,,NOT-APPLICABLE,"Sourced exclusion (re-judged 30 Sep 2026, consistent with CN-SH48/KM24): the flexible, migrant and new-form workers' maternity scheme is paid by the worker through their own medical premium and benefits come from the fund; no employer payroll duty. The employee-versus-self-paid classification that decides whether CN-KM32 applies is the CN-KM28 gate. 云政办发〔2025〕56号 still needs its own employer-duty screen; the signed notice was not retrieved.",,,,
CN-KM34,CN-kunming,contribution,"Applies: 27 Jun 2023 FAQ onward; Kunming insured workers reaching retirement. [Kunming Medical Security Bureau FAQ (2023) Q2](https://ybj.km.gov.cn/c/2023-06-27/4438356.shtml), read in the in-app browser 28 Sep 2026: to move to retiree medical status the insured unit files with the agency; men need 30 and women 25 contribution years including deemed pre-2003 service; a shortfall is paid in one lump sum on the last pre-retirement base × the unit rate, with nothing credited to the individual account. Flexible workers pay 5% of the Kunming urban average wage and need 15 actual years. Long-term-care top-up at 0.4% of the LTC base to reach 15 years. The FAQ does not say whether employer or worker bears the lump sum.",Kunming Medical Security Bureau FAQ (2023) Q2,https://ybj.km.gov.cn/c/2023-06-27/4438356.shtml,2026-09-29,2023-06-27,,GAP,"Register status: No [IN-SYSTEM 2026-09-29]. Lump-sum payer unsourced; FAQ is agency guidance, not a signed rule; no retirement-transition workflow or probe. Evidence and probe needed: Contribution years, deemed service, last base, unit rate, sex, retirement date; 29/30-year men and lump-sum amount probes.",,,,
CN-KM35,CN-kunming,levy,"Applies: 30 Nov 2022 onward; Yunnan employers with a union. [Yunnan Measure implementing the Trade Union Law, revised 30 Nov 2022, effective on promulgation](https://www.ynrd.gov.cn/html/2022/sssjrdcwhdsswuchy_1130/19708.html) art. 27: 2% of the prior month's total wages, deductible before enterprise income tax; art. 30: late union funds carry a 5‰/day fee. National base is CN-N36. Tax collection since 1 Jan 2009 (云地税发〔2008〕292号) and a 2% preparatory fund where no union exists come only from a secondary source (waizi.org.cn).","Yunnan Measure implementing the Trade Union Law, revised 30 Nov 2022, effective on promulgation",https://www.ynrd.gov.cn/html/2022/sssjrdcwhdsswuchy_1130/19708.html,2026-09-29,2022-11-30,,EXTERNAL,"Register status: No [IN-SYSTEM 2026-09-29]. No employer-levy rule, remittance evidence or probe; preparatory fund and current Yunnan tax-collection notice unverified. Evidence and probe needed: Union status, prior-month total wages, collection channel, remittance date and receipt; late-fee day count.",,,,
CN-KM36,CN-kunming,levy,"Applies: 1 Jan 2023–31 Dec 2027 national reductions; Yunnan quota-covered employers. [MOF 2023 No. 8 as published by the Honghe Prefecture government](https://www.hh.gov.cn/info/13011/786352.htm) (national rule CN-N24): 50%/90% tiers and the ≤30-staff exemption to 31 Dec 2027; average-wage cap 2× local social average (MOF 2019 No. 98). Levy = (prior-year average headcount × local ratio − disabled employees) × prior-year average wage. The Yunnan 1.5% ratio, annual September–November tax collection and 5‰/day late fee come only from secondary sources.",MOF 2023 No. 8 as published by the Honghe Prefecture government,https://www.hh.gov.cn/info/13011/786352.htm,2026-09-29,2023-01-01,2027-12-31,EXTERNAL,"Register status: No [IN-SYSTEM 2026-09-29]. Yunnan collection measure and ratio not read from an official source; no levy workflow or probe. Evidence and probe needed: Headcount, disabled employees, average wage, collection window; <1%, 1–1.5% and ≤30-staff probes.",,,,
CN-KM37,CN-kunming,rest_holiday,"Applies: 1 Jan 2025 onward; worksites in Shilin Yi, Luquan Yi-Miao and Xundian Hui-Yi autonomous counties; Hui workers. [State Council Order 795 art. 4](https://xzfg.moj.gov.cn/front/law/detail?LawID=1737): ethnic-minority festival holidays are set by the local government. Shilin's Torch Festival (3 days) and founding day on 18 Dec (1 day) are sourced only from Wikipedia; the autonomous regulations of all three counties and their annual notices are unread. Hui festival leave (Eid al-Fitr, Eid al-Adha) for Hui workers is a group-specific branch. Whether work on these days attracts a holiday premium is unsourced and must not be asserted.",State Council Order 795 art. 4,https://xzfg.moj.gov.cn/front/law/detail?LawID=1737,2026-09-29,2025-01-01,,SOURCE-BLOCKED,"Register status: No [IN-SYSTEM 2026-09-29]. Autonomous-county regulations and notices not retrieved; premium treatment unsourced; no calendar input or probe. Evidence and probe needed: Worksite county, worker ethnicity where the rule depends on it, dated local holiday notice; Shilin worksite versus central Kunming. Tracker status SOURCE-BLOCKED: autonomous-county regulations not retrieved; only Wikipedia sources the days.",jurisdiction_holidays,,,
CN-KM38,CN-kunming,other,"Applies: 17 Jan 2022 onward; Yunnan only-child parents. [Yunnan Population and Family Planning Regulation art. 21](https://www.ynrd.gov.cn/html/2022/changweihuigonggao_0118/16355.html): (3) an enterprise worker holding the only-child certificate receives, from the month after approved retirement, a monthly award of 5% of the provincial prior-year average monthly pension (上年度全省月平均养老金); public-body retirees get 5% of basic salary instead; (1) an only-child health fee of at least CNY10/month until the child is 14. The regulation does not name the payer; record the actor (employer, agency or finance) before excluding it from employer payroll.",Yunnan Population and Family Planning Regulation art. 21,https://www.ynrd.gov.cn/html/2022/changweihuigonggao_0118/16355.html,2026-09-29,2022-01-17,,GAP,"Register status: No [IN-SYSTEM 2026-09-29]. Payer unresolved; no award/fee rule or probe. Evidence and probe needed: Certificate, retirement date, provincial average pension version, child age; payer disposition.",,,,
CN-KM-WP01,CN-kunming,other,Applies: 1 Sep 2019 onward; Kunming covered actor/worker. Scope includes private employers and covered public bodies with employment relationships; cash remuneration is the wage. Government administration and union supervision are actor-specific external clauses. Confirm employer/worker profile before any exclusion.,昆明市工资支付条例 (Kunming Wage Payment Regulation 2019) arts. 1–5,https://www.kmrd.gov.cn/c/2019-06-18/514716.shtml,2026-09-29,2019-09-01,,NOT-APPLICABLE,"Sourced exclusion (re-judged 30 Sep 2026): arts.1–5 are purpose, scope, the wage definition and government/union supervision and change no payslip; the scope and the art.3 wage definition are applied through the operative rows CN-KM-WP02–WP21.",,,,
CN-KM-WP02,CN-kunming,wages,"Applies: 1 Sep 2019 onward; Kunming covered actor/worker. Maintain and communicate a wage-payment system to all workers; employment/collective terms must specify components, rate, form, cycle/date, overtime base and exceptional-pay standards; employment terms cannot undercut a collective agreement. Capture the governing contract/collective version and communication evidence.",昆明市工资支付条例 (Kunming Wage Payment Regulation 2019) arts. 6–7; 41(2),https://www.kmrd.gov.cn/c/2019-06-18/514716.shtml,2026-09-29,2019-09-01,,EXTERNAL,Register status: No [IN-SYSTEM 2026-09-29]. No CN rule/output probe or evidenced employer workflow; 2019 amendment check open. R48 origin: CN22 (first-pass sample; migration implies no closure).,,,,
CN-KM-WP03,CN-kunming,minimum_wage,"Applies: 1 Sep 2019 onward; Kunming covered actor/worker. Pay full wages timely, at least the applicable local minimum, in money rather than substitutes. Link to the district and wage-basis branches in CN02–03.",昆明市工资支付条例 (Kunming Wage Payment Regulation 2019) arts. 8–9,https://www.kmrd.gov.cn/c/2019-06-18/514716.shtml,2026-09-29,2019-09-01,,PARTIAL,"Re-judged 30 Sep 2026 against the whole provision: PARTIAL. Probe-proven: CN-KM-WP03-1 — the full wage due across a mid-month rise (the 21.75-day split by working days is the CN-N02 recorded default). Unproven: the art.8 minimum-wage floor on the production path — CN-KM01-1 (2,020) and CN-KM02-1 (2,270) pay exactly the floor and would pass with the floor check missing; the 2,170 August-pass / September-block case is golden only and refusals cannot be probed; timely payment and payment in money (external); the 2019 amendment check. [F24 2026-09-30: verified_at 2026-09-29 probes ran on an env-link overlay of @norbital-ai/bolt 0.0.140; package.json and pnpm-lock.yaml pin 0.0.139, which is not materialised in node_modules. Not re-run on the pin.] [R9 2026-09-30] Added, not yet run: the art.8 floor on the production path: below-floor runs refused (CN-KM01-2, CN-KM02-2). [R9b 2026-09-30] Added, not yet run: CN-KM02-3 — the category II September 2026 floor refuses the run.",work_rules.wages.by_region,,CN-KM-WP03-1; CN-KM01-2; CN-KM02-2; CN-KM02-3,2026-09-29
CN-KM-WP04,CN-kunming,wages,Applies: 1 Sep 2019 onward; Kunming covered actor/worker. Pay at least monthly and before a scheduled payday falling on a holiday/rest day. Weekly/daily/hourly wages may follow their cycle; piece/task pay with a longer cycle still needs a monthly payment; annual/performance arrangements need monthly payments and final settlement. Capture payday and work calendar.,昆明市工资支付条例 (Kunming Wage Payment Regulation 2019) arts. 10,https://www.kmrd.gov.cn/c/2019-06-18/514716.shtml,2026-09-29,2019-09-01,,GAP,Register status: No [IN-SYSTEM 2026-09-29]. No CN rule/output probe or evidenced employer workflow; 2019 amendment check open. R48 origin: CN22 (first-pass sample; migration implies no closure).,,,,
CN-KM-WP05,CN-kunming,records,"Applies: 1 Sep 2019 onward; Kunming covered actor/worker. Pay the worker or a written delegate, or credit their bank account on time. Keep named wage records with work hours, overtime, gross, each deduction and net; give the individual a wage statement. Verify fields, delivery and retention evidence.",昆明市工资支付条例 (Kunming Wage Payment Regulation 2019) arts. 11–12,https://www.kmrd.gov.cn/c/2019-06-18/514716.shtml,2026-09-29,2019-09-01,,GAP,Register status: No [IN-SYSTEM 2026-09-29]. No CN rule/output probe or evidenced employer workflow; 2019 amendment check open. R48 origin: CN22 (first-pass sample; migration implies no closure).,,,,
CN-KM-WP06,CN-kunming,final_pay,"Applies: 1 Sep 2019 onward; Kunming covered actor/worker. On termination, the city text says pay all wages once within five working days after the employment ends; national Interim Wage Payment Regulation art. 9 calls for full payment at termination. Resolve their legal interaction before choosing the deadline. Final pay needs an actual calendar and disbursement status, not just a calculated amount.",昆明市工资支付条例 (Kunming Wage Payment Regulation 2019) arts. 13,https://www.kmrd.gov.cn/c/2019-06-18/514716.shtml,2026-09-29,2019-09-01,,PARTIAL,"Re-judged 30 Sep 2026 against the whole provision: PARTIAL. Probe-proven: CN-KM-WP09-2 — the final wage, compensation and IIT amounts in the exit month's run. Unproven: the art.13 duty to pay everything in one payment within five working days (`payroll.final_pay_deadlines` 5 WORKING_DAYS) — golden only (15 January leaver due 22 January, late on the 31st; 27 January leaver due 3 February, in time); the probe pins amounts, not dates; disbursement status. [F24 2026-09-30: verified_at 2026-09-29 probes ran on an env-link overlay of @norbital-ai/bolt 0.0.140; package.json and pnpm-lock.yaml pin 0.0.139, which is not materialised in node_modules. Not re-run on the pin.] [R9 2026-09-30] Added, not yet run: CN-KM-WP06-1 — five working days on the production path: the 15 January leaver (due 22 January) is warned on the 31 January run, the 27 January leaver (due 3 February) is not.",payroll.final_pay_deadlines,Kunming — final pay within five working days of the end of the relationship (CN-KM-WP06),CN-KM-WP09-2; CN-KM-WP06-1,2026-09-29
CN-KM-WP07,CN-kunming,wages,"Applies: 1 Sep 2019 onward; Kunming covered actor/worker. A production/financing difficulty permits a delay of at most thirty days only after agreement with union or worker representatives and HRSS filing. Capture agreement, filing and new deadline; no automatic grace period.",昆明市工资支付条例 (Kunming Wage Payment Regulation 2019) arts. 14,https://www.kmrd.gov.cn/c/2019-06-18/514716.shtml,2026-09-29,2019-09-01,,GAP,Register status: No [IN-SYSTEM 2026-09-29]. No CN rule/output probe or evidenced employer workflow; 2019 amendment check open. R48 origin: CN22 (first-pass sample; migration implies no closure).,,,,
CN-KM-WP08,CN-kunming,overtime,"Applies: 1 Sep 2019 onward; Kunming covered actor/worker. Employer-arranged work outside statutory hours requires pay under national rules. Reconcile Labour Law art. 44, the contractual overtime base, approved work-schedule exceptions and the CN21 holiday calendar.",昆明市工资支付条例 (Kunming Wage Payment Regulation 2019) arts. 15,https://www.kmrd.gov.cn/c/2019-06-18/514716.shtml,2026-09-29,2019-09-01,,PARTIAL,"Re-judged 30 Sep 2026 against the whole provision: PARTIAL. Probe-proven: 150% weekday (CN-KM-WP08-1), 200% rest day without compensatory rest (WP08-2), 300% statutory holiday (WP08-3), on 21,750 ÷ 21.75 ÷ 8. Unproven: compensatory rest in place of the rest-day premium; approved comprehensive/irregular schedules; a contractual overtime base other than the monthly wage; the 2019 amendment check. [F24 2026-09-30: verified_at 2026-09-29 probes ran on an env-link overlay of @norbital-ai/bolt 0.0.140; package.json and pnpm-lock.yaml pin 0.0.139, which is not materialised in node_modules. Not re-run on the pin.] [R9 2026-09-30] Added, not yet run: CN-KM-WP08-4 — compensatory rest in place of the rest-day premium: no premium. Open: approved schedules, a contractual base other than the monthly wage.",work_rules.bands,"Kunming — overtime at 150% / 200% on the 21.75-day hour (CN-N01, N02, KM-WP08)",CN-KM-WP08-1; CN-KM-WP08-2; CN-KM-WP08-3; CN-KM-WP08-4,2026-09-29
CN-KM-WP09,CN-kunming,wages,"Applies: 1 Sep 2019 onward; Kunming covered actor/worker. Withhold/remit employee tax and social insurance, court-ordered support and other amounts authorised by law; this is not a blanket permission for employer deductions. Capture legal basis and order.",昆明市工资支付条例 (Kunming Wage Payment Regulation 2019) arts. 16,https://www.kmrd.gov.cn/c/2019-06-18/514716.shtml,2026-09-30,2019-09-01,,PARTIAL,"Re-judged 30 Sep 2026 against the whole provision: PARTIAL. Probe-proven: withholding of tax, the worker's social insurance and the housing-fund share (CN-KM-WP09-1 and every Kunming case). Unproven: court-ordered 抚养费/赡养费 and other deductions laws and regulations prescribe (art.16) — no deduction class or order input; the refusal of any deduction without a legal basis; the 2019 amendment check. [F24 2026-09-30: verified_at 2026-09-29 probes ran on an env-link overlay of @norbital-ai/bolt 0.0.140; package.json and pnpm-lock.yaml pin 0.0.139, which is not materialised in node_modules. Not re-run on the pin.] [R9 2026-09-30] Court-ordered 抚养费/赡养费 (昆明市工资支付条例 art.16; 劳部发〔1994〕489号 art.15(3), re-read on MOHRSS 30 Sep 2026) is expressible as a NET/SUBTRACT ad hoc class with evidence REQUIRED (the TW COURT_GARNISHMENT shape); not seeded this round because `tests/counts-toward-matrix.test.ts` must first list the class (a file outside this round). No engine change needed.",statutory_contributions:IIT; statutory_contributions:PENSION; statutory_contributions:MEDICAL; statutory_contributions:UNEMPLOYMENT; statutory_contributions:INJURY,"Kunming — December 2025 on a 10,000 base, and the 4,357 floor (CN-KM03, KM04, KM05, KM25–27, KM32)",CN-KM-WP09-1,2026-09-29
CN-KM-WP10,CN-kunming,records,"Applies: 1 Sep 2019 onward; Kunming covered actor/worker. Construction-specific real-name attendance/wage ledger (two years after completion and full payment), dedicated wage account, labour-cost funding, guarantee and contractor/owner advance or clearance duties. Capture project/actor and advance evidence; distinguish worker wage from employer-only security.",昆明市工资支付条例 (Kunming Wage Payment Regulation 2019) arts. 17–22,https://www.kmrd.gov.cn/c/2019-06-18/514716.shtml,2026-09-29,2019-09-01,,EXTERNAL,Register status: No [IN-SYSTEM 2026-09-29]. No CN rule/output probe or evidenced employer workflow; 2019 amendment check open. R48 origin: CN22 (first-pass sample; migration implies no closure).,,,,
CN-KM-WP11,CN-kunming,wages,"Applies: 1 Sep 2019 onward; Kunming covered actor/worker. Treat specified lawful civic, representative, jury and union activities during statutory work time as normal paid work. Capture event class and hours.",昆明市工资支付条例 (Kunming Wage Payment Regulation 2019) arts. 23,https://www.kmrd.gov.cn/c/2019-06-18/514716.shtml,2026-09-29,2019-09-01,,GAP,Register status: No [IN-SYSTEM 2026-09-29]. No CN rule/output probe or evidenced employer workflow; 2019 amendment check open. R48 origin: CN22 (first-pass sample; migration implies no closure).,,,,
CN-KM-WP12,CN-kunming,leave,Applies: 1 Sep 2019 onward; Kunming covered actor/worker. Pay family/marriage/maternity/funeral and other statutory leave under law or contract; for personal leave deduct only the absent period's wage. Leave classification and contract terms are required.,昆明市工资支付条例 (Kunming Wage Payment Regulation 2019) arts. 24–25,https://www.kmrd.gov.cn/c/2019-06-18/514716.shtml,2026-09-29,2019-09-01,,PARTIAL,"Re-judged 30 Sep 2026 against the whole provision: PARTIAL. Probe-proven: personal leave deducts only the absent day (CN-KM-WP12-1: 21,750 ÷ 21.75 = 1,000; art.25); paid marriage (CN-KM30-1) and childcare (CN-KM12-1) leave with no deduction. Unproven: maternity, funeral and family-visit leave pay on the production path; leave paid under contract terms; the 2019 amendment check. [F24 2026-09-30: verified_at 2026-09-29 probes ran on an env-link overlay of @norbital-ai/bolt 0.0.140; package.json and pnpm-lock.yaml pin 0.0.139, which is not materialised in node_modules. Not re-run on the pin.] [R9 2026-09-30] Added, not yet run: funeral leave for a parent (CN-KM-WP12-2) and maternity leave (CN-KM32-1). Open: family-visit leave, contract leave pay.",leave_catalogue:MARRIAGE_LEAVE; leave_catalogue:MATERNITY_LEAVE; leave_catalogue:FUNERAL_LEAVE; leave_catalogue:UNPAID_LEAVE,"${lineage} — annual, maternity, paternity and marriage leave on every sealed version",CN-KM-WP12-1; CN-KM-WP12-2; CN-KM32-1,2026-09-29
CN-KM-WP13,CN-kunming,leave,"Applies: 1 Sep 2019 onward; Kunming covered actor/worker. Keep original monthly wages during certified work-injury medical leave, normally up to twelve months; a city labour-capacity committee may extend at most twelve more. Disability-grade assessment changes the payment route.",昆明市工资支付条例 (Kunming Wage Payment Regulation 2019) arts. 26,https://www.kmrd.gov.cn/c/2019-06-18/514716.shtml,2026-09-29,2019-09-01,,PARTIAL,"Register status: Partial [IN-SYSTEM 2026-09-29]. `WORK_INJURY_LEAVE` seeded 29 Sep 2026 on 工伤保险条例 art. 33 (CN-N21); the city article itself is still unread (kmrd.gov.cn timed out) and the 2019 amendment check is open. R48 origin: CN22 (first-pass sample; migration implies no closure). [R9 2026-09-30] Added, not yet run: CN-KM-WP13-1 — WORK_INJURY_LEAVE Monday–Friday with the certificate, no deduction. Open: the city article (kmrd.gov.cn), a span over a rest day (calendar_days leave refuses one: engine feature).",leave_catalogue:WORK_INJURY_LEAVE,"Kunming — 停工留薪期: paid work-injury leave, at most 24 months (731 calendar days), certificate required (工伤保险条例 art.33; CN-N21)",CN-KM-WP13-1,
CN-KM-WP14,CN-kunming,leave,Applies: 1 Sep 2019 onward; Kunming covered actor/worker. Sick/non-work-injury leave within the statutory medical period has its own sick-pay standard under other law. Do not infer a zero or full-pay rate from this article; identify the governing medical-period/pay instruments.,昆明市工资支付条例 (Kunming Wage Payment Regulation 2019) arts. 27,https://www.kmrd.gov.cn/c/2019-06-18/514716.shtml,2026-09-29,2019-09-01,,SOURCE-BLOCKED,"Register status: No [IN-SYSTEM 2026-09-29]. No CN rule/output probe or evidenced employer workflow; 2019 amendment check open. Tracker status SOURCE-BLOCKED: the governing sick-pay instrument is CN-KM10, whose original was not retrieved. R48 origin: CN22 (first-pass sample; migration implies no closure).",,,,
CN-KM-WP15,CN-kunming,wages,"Applies: 1 Sep 2019 onward; Kunming covered actor/worker. For stoppage not caused by the worker, pay contracted wages within one wage cycle; after that, agree a new pay method with workers who provide labour. National Interim Wage Payment Regulation art. 12 additionally preserves the local minimum for normal work and has a separate no-work branch; reconcile both.",昆明市工资支付条例 (Kunming Wage Payment Regulation 2019) arts. 28,https://www.kmrd.gov.cn/c/2019-06-18/514716.shtml,2026-09-29,2019-09-01,,GAP,Register status: No [IN-SYSTEM 2026-09-29]. No CN rule/output probe or evidenced employer workflow; 2019 amendment check open. R48 origin: CN22 (first-pass sample; migration implies no closure).,,,,
CN-KM-WP16,CN-kunming,wages,"Applies: 1 Sep 2019 onward; Kunming covered actor/worker. Employee-caused-loss recovery needs a contract/collective basis and agreed amount; every deduction must leave at least minimum wage and the employer must give written cause, amount and timing. In disputes the employer bears proof; without proof, no compensation may be demanded. National Interim Wage Payment Regulation art. 16 also limits each month's deduction to 20% of that month's wages.",昆明市工资支付条例 (Kunming Wage Payment Regulation 2019) arts. 29; 38 second paragraph,https://www.kmrd.gov.cn/c/2019-06-18/514716.shtml,2026-09-29,2019-09-01,,GAP,Register status: No [IN-SYSTEM 2026-09-29]. No CN rule/output probe or evidenced employer workflow; 2019 amendment check open. R48 origin: CN22 (first-pass sample; migration implies no closure).,,,,
CN-KM-WP17,CN-kunming,wages,Applies: 1 Sep 2019 onward; Kunming covered actor/worker. Discipline or non-custodial criminal status does not remove pay for normal work; changed jobs require changed terms. Reversal of an employer's dismissal can require wages for arbitration/litigation at the original rate.,昆明市工资支付条例 (Kunming Wage Payment Regulation 2019) arts. 30–31,https://www.kmrd.gov.cn/c/2019-06-18/514716.shtml,2026-09-29,2019-09-01,,GAP,Register status: No [IN-SYSTEM 2026-09-29]. No CN rule/output probe or evidenced employer workflow; 2019 amendment check open. R48 origin: CN22 (first-pass sample; migration implies no closure).,,,,
CN-KM-WP18,CN-kunming,other,"Applies: 1 Sep 2019 onward; Kunming covered actor/worker. Government monitoring/investigation and worker dispute routes include an employer duty to provide true records on inspection (art. 34), possible advance injury pay (art. 39) and response to serious arrears (art. 40). Government-only investigation and complaint powers are external; evidence and ordered payments remain relevant. The distinct art. 38 wage fallback is CN-KM-WP21.",昆明市工资支付条例 (Kunming Wage Payment Regulation 2019) arts. 32–40,https://www.kmrd.gov.cn/c/2019-06-18/514716.shtml,2026-09-29,2019-09-01,,EXTERNAL,Register status: No [IN-SYSTEM 2026-09-29]. Government-only clauses need written scope disposition; operative employer branch lacks evidence and amendment check. R48 origin: CN22 (first-pass sample; migration implies no closure).,,,,
CN-KM-WP19,CN-kunming,other,"Applies: 1 Sep 2019 onward; Kunming covered actor/worker. Correction orders can require wage shortfalls, overtime, separation compensation and, after non-payment, an extra 50%–100% of amounts due. Construction and obstruction fines depend on the cited order/violation; never deduct an employer fine from a worker automatically.",昆明市工资支付条例 (Kunming Wage Payment Regulation 2019) arts. 41–46,https://www.kmrd.gov.cn/c/2019-06-18/514716.shtml,2026-09-29,2019-09-01,,EXTERNAL,Register status: No [IN-SYSTEM 2026-09-29]. No CN rule/output probe or evidenced employer workflow; 2019 amendment check open. R48 origin: CN22 (first-pass sample; migration implies no closure).,,,,
CN-KM-WP20,CN-kunming,other,Applies: 1 Sep 2019 onward; Kunming covered actor/worker. Official misconduct is government-actor scope; art. 48 defines impermissible wage withholding/delay with listed exceptions; art. 49 starts this text on 1 September 2019 and repeals the 2004 city regulation. Check amendment history before using the 2019 wording throughout 2025–26.,昆明市工资支付条例 (Kunming Wage Payment Regulation 2019) arts. 47–49,https://www.kmrd.gov.cn/c/2019-06-18/514716.shtml,2026-09-29,2019-09-01,,EXTERNAL,Register status: No [IN-SYSTEM 2026-09-29]. Government-only clauses need written scope disposition; operative employer branch lacks evidence and amendment check. R48 origin: CN22 (first-pass sample; migration implies no closure).,,,,
CN-KM-WP21,CN-kunming,wages,"Applies: 1 Sep 2019 onward; Kunming covered actor/worker. Second-pass branch found, 26 September: where no lawful written employment contract exists and the wage amount is disputed, the employer bears proof; if it cannot prove the amount, pay by reference to the employer's same-job average wage. This is a dispute/evidence outcome, not a general default for missing salary data. Capture contract status, dispute/order, employer proof result, job comparability, same-employer peer wage period and the adjudicated amount. Probe a proven amount against an unproven amount with a different same-job average, then verify correction and saved pay. No CN input, calculation or output path exists.",昆明市工资支付条例 (Kunming Wage Payment Regulation 2019) arts. 38 first paragraph,https://www.kmrd.gov.cn/c/2019-06-18/514716.shtml,2026-09-29,2019-09-01,,EXTERNAL,Register status: No [IN-SYSTEM 2026-09-29]. No CN rule/output probe or evidenced employer workflow; 2019 amendment check open. R48 origin: CN22 (first-pass sample; migration implies no closure).,,,,
CN-SH-A2,CN,severance,"LCL art.47 (under six months earns half a month; under 12 months the average is over the months actually worked) and Implementing Regulation art.27 (the wage due, 应得工资): for a leaver hired in the exit month, the monthly average is the contract monthly wage (terms.monthly_wage) whenever the stint served no month before the exit month; art.20’s previous month likewise.",Labour Contract Law art.47; LCL Implementing Regulation art.27,https://xzfg.moj.gov.cn/front/law/detail?LawID=284,2026-09-28,2025-12-01,,TESTED,"Owner rule 2026-09-28 default recorded (law silent on reading the month before its own payslip exists): earned_monthly_average(12, [], person.terms.monthly_wage); lawful because the part month averages to the monthly wage due, floored at the minimum wage. [Round 4 28 Sep 2026 (owner rule)] Severance for a leaver hired in the exit month (CN-SH-A2, CN-N41, fix in place, every CN-shanghai and CN-kunming version): LCL art.47 states the rule (under six months earns half a month; 工作不满12个月的，按照实际工作的月数计算平均工资) and Implementing Regulation art.27 ([moj.gov.cn](https://xzfg.moj.gov.cn/front/law/detail?LawID=284), read 28 Sep 2026) sets the wage as the wage due (应得工资). The run refused (`Earned monthly average needs at least one month of service`) because no earlier payslip covers the one month worked. Law silent on reading that month before its own payslip exists; default the contract monthly wage (`terms.monthly_wage`) as the average whenever the stint served no month before the exit's month — `earned_monthly_average(12, [], person.terms.monthly_wage)` — and the same for art.20's previous month (`earned_monthly_average(1, …)`); lawful because the part month counts as its share and so averages to the monthly wage due, still floored at the minimum wage. Golden: `Both cities — 经济补偿 for a leaver hired in the exit month` (11,000; art.40 without notice 33,000; Kunming 5,000). [R9 2026-09-30] Added, not yet run: CN-SH50-3 — a leaver hired and leaving in December 2025 averages the contract month (50,000), capped to 37,302 × 0.5.",exit_facts.lcl47_average_monthly_wage; adhoc_catalogue:SEVERANCE_PAY,Both cities — 经济补偿 for a leaver hired in the exit month: the one month worked at the wage due (CN-SH-A2),CN-SH50-3,
CN-KM-A1,CN-kunming,tax,"A non-resident’s 数月奖金 received in one month is taxed apart from that month’s wages, spread over 6 months, no deduction, on the monthly table — [(bonus ÷ 6) × rate − quick deduction] × 6 — once per non-resident per calendar year.",MOF/STA 2019 No.35 item 3(2),https://fgk.chinatax.gov.cn/zcfgk/c102416/c5202332/content.html,2026-09-30,2019-01-01,,PARTIAL,"Re-judged 30 Sep 2026 against the whole provision: PARTIAL. Probe-proven: CN-KM-A1-1 — [(60,000 ÷ 6) × 10% − 210] × 6 = 4,740 apart from the month's wage. Unproven on the production path: the once-per-non-resident-per-calendar-year limit (a second use refuses — golden only; refusals cannot be probed). CN-shanghai still refuses a non-resident multi-month bonus (a Shanghai GAP for the same national rule). Recorded choice: an ordinary `BONUS` joins the month (STA 2018 No.61 art.9); choosing `ANNUAL_BONUS_SEPARATE` is the operator's. [F24 2026-09-30: verified_at 2026-09-29 probes ran on an env-link overlay of @norbital-ai/bolt 0.0.140; package.json and pnpm-lock.yaml pin 0.0.139, which is not materialised in node_modules. Not re-run on the pin.] [R9 2026-09-30] Added, not yet run: CN-KM-A1-2 — the once-per-calendar-year limit (a second multi-month bonus refuses the February run). The Shanghai GAP is closed in config: every CN-shanghai `IIT_BONUS` carries the same rule (CN-N10-2).",statutory_contributions:IIT_BONUS; adhoc_catalogue:ANNUAL_BONUS_SEPARATE,"Kunming — a non-resident’s multi-month bonus: ÷ 6 on the monthly table, × 6, apart from the wage, once a year (MOF/STA 2019 No.35 item 3(2); CN-KM-A1)",CN-KM-A1-1; CN-KM-A1-2; CN-N10-2,2026-09-29
CN-X-SCOPE,CN,other,Register scope and certification: every payroll/HR obligation at a Shanghai or Kunming worksite from 1 December 2025; certification open for both cities; no CN production probe; the source denominator is not closed.,"China obligation register (review contract, review log)",https://rsj.sh.gov.cn/tgwgfx_17726/,2026-09-29,2025-12-01,,PARTIAL,"Certification open: no production-path probe for either city; source denominator open. [R48 migration] The complete R48 China sample is carried into this independent register; R48's own wording was a first-pass sample, so migration does not imply legal completeness. Its 26 national/local IDs map as follows. All 21 `CN-KM-WP` article IDs retain the same number in the article register above. R48's proposed examples remain expectations, not executed results. The shared tracker can be removed only after all nine jurisdiction registers, not merely this one, have been reconciled. [R48 migration] The 2026 Shanghai sick-pay expiry, Shanghai construction-wage measure, maternity/parental branches, extended contract/bereavement rules and independent HR obligations were not closed by R48; they are separately inventoried above. No R48 CN gap is marked implemented or legally closed by this migration. [Source and coverage review 28 Sep 2026] Independent source review of this register. Each finding was re-checked by a second pass before it was applied. Nothing below is certified; every row stays `No`. [Source and coverage review 28 Sep 2026] Sources replaced in place (amendment history kept in the row): CN-N03 2026 holiday schedule now cites the State Council General Office notice 国办发明电〔2025〕7号, not a Gansu county copy. CN-N07 now cites the Social Insurance Law as consolidated after the 29 Dec 2018 amendment of arts. 57, 64 and 66 (the 2010 gov.cn link is dead) and the NPC text of the Medical Security Law (adopted 28 Aug 2026, effective 1 Jan 2027). CN-N08 and CN-SH44 cite State Council Order 844 on gov.cn and the Gazette 2026 No. 24, not a Ministry of Ecology and Environment copy. CN-N14 and CN-SH25 cite Order 56 in the State Council Gazette 2026 No. 16 as a five-department rule (the Tianjin tax copy returned 403). CN-N15 cites Order 724 in the Gazette 2020 No. 2 (old link 404). CN-N33/N34 cite 人社部发〔2026〕39号 on gov.cn. CN-SH05 cites the formal HRSS announcement of 18 Aug 2026 (CNY12,577 2025 average). CN-SH06 cites 沪医保规〔2026〕2号 on the Shanghai Medical Security Bureau site. CN-SH36 cites the Shanghai Tax Bureau copy of 通告2026年第1号. CN-KM13 cites the Yunnan HRSS text of 云人社发〔2013〕98号. CN-KM04 and CN-KM05 now cite agency pages read in the in-app browser. The narrative bullets in the 26 September section above still show the old links as a record of that pass. [Source and coverage review 28 Sep 2026] Corrected content: CN-SH03's CNY75 is total overtime pay, not premium (premium CNY25). CN-SH38's end-September deadline and late-fee waiver rest on the HRSS announcement. CN-KM04 now holds the 7% employer rate from 1 Jan 2023 and the major-medical charge as a per-head formula with truncation, replacing a fixed CNY43.57 constant. CN-N24 now states the MOF 2023 No. 8 tiers, the ≤30-staff exemption and the MOF 2019 No. 98 cap. [Source and coverage review 28 Sep 2026] New rows: CN-N36–N54 (trade-union funds, SPC Interpretation (II), IIT tables, termination-payment tax, overtime caps, contract/severance rules, non-compete and training, other IIT reliefs, first mid-year salary, non-domiciled workers, equity and labour remuneration, annual reconciliation, HK/Macao/Taiwan SI, SI late fees, Minimum Wage Provisions, marriage/funeral/home leave, record retention, a sourced exclusion for night premium and 13th-month pay, housing-rent tier); CN-SH49–50 (disability levy extension to 2030, published average wage for caps); CN-KM29–38 (unemployment handling rules, marriage and surgery leave, Kunming maternity rules, 2026 flexible-worker maternity, retirement medical years, Yunnan union funds, Yunnan disability levy, autonomous-county holidays, only-child award). [Round 4 28 Sep 2026 (owner rule)] Owner rule 2026-09-28: where the law states a rule it is followed exactly; where it is silent the most defensible lawful default is sealed and recorded as ""law silent; default X; lawful because Y"". [Round 4 28 Sep 2026 (owner rule)] Engine, reported not patched (shared code): exit-fact defaults are not applied on the scheme assessment site (`IIT_SEVERANCE` repeats the default); the ad hoc entry site has no leave data (`leave: {}` in `src/lib/payroll/money.ts`, `period.leave_pay` filled only for schemes), so the maternity offset cannot cap itself at the leave days' wage in a part month; leave events carry no infant count (CN-N20; closed 28 Sep 2026: the recorded children are the count, and fewer than two on a multiple birth refuses); the daily overtime warning cites no authority (CN-N40). [CN registration-status audit 29 Sep 2026] Review of remaining `No` local rows found no standalone, source-complete seed transcription: Shanghai project injury needs project assessment; Shanghai long-term care correctly has no additional payroll contribution but needs an output probe; Kunming heat allowance needs exposure/workday facts and a current-amendment check; the other rows need missing worker/event/history inputs, shared rule behavior, issuer text, or evidence workflow. [Round 5 29 Sep 2026] Sources replaced: 财税〔2008〕8号 → [STA law library](https://fgk.chinatax.gov.cn/zcfgk/c102416/c5203344/content.html) in every seed version (the gov.cn copy is 404; the [Shanghai tax bureau forwarding](https://shanghai.chinatax.gov.cn/zcfw/zcfgk/grsds/200804/t288933.html) is live too); 劳部发〔1994〕489号 → [MOHRSS](https://www.mohrss.gov.cn/xxgk2020/gzk/gz/202112/t20211228_431557.html); 劳部发〔1995〕309号 item 59 → [MOHRSS](https://www.mohrss.gov.cn/xxgk2020/fdzdgknr/zcfg/gfxwj/zh/202103/t20210330_412011.html); 未成年工特殊保护规定 → [MOHRSS](https://www.mohrss.gov.cn/xxgk2020/fdzdgknr/zcfg/bmgz/202011/t20201102_394656.html); 国税发〔1999〕58号 → [STA](https://fgk.chinatax.gov.cn/zcfgk/c100012/c5193283/content.html); 164号 Heilongjiang copy dropped for the STA copy; IIT Law and 财税〔2006〕10号 now linked in every IIT authority; the dead State Council Gazette link is removed from CN-N08; the dead shzfgjj.cn links in the Shanghai fund authorities are replaced by the live 2023 measure art. 17 and the HRSS average-wage notices. [Round 5 29 Sep 2026] Seeded (every version): CN-N55 exempt receipts; `FUNERAL_LEAVE` (CN-N51); Shanghai `HEAT_ALLOWANCE` (CN-SH19); Kunming `WORK_INJURY_LEAVE` (CN-N21, CN-KM-WP13); the `work_rules.encashment` authority text corrected (CN-N06). Kunming rent-versus-loan refusal probed (CN-N54). [Round 5 29 Sep 2026] Shared code, not changed here: `tests/counts-toward-matrix.test.ts` must add the five new classes to `MATRIX['CN-shanghai']`. Still unmodelled for want of an engine input or path: comprehensive-hours schedules (CN-N01), 调休 working days (CN-N03, `jurisdiction_holidays.kind`), stoppage pay and the 20% damage claw-back (CN-N04, CN-SH04), annual-leave disqualifications and in-service refusal (CN-N05, N17, N18), retirement cohorts and post-age workers (CN-N13, N14), treaty SI exemptions (CN-N25), part-time and dispatch classes (CN-N27, N28), the SI opt-out gate (CN-N37), non-resident termination pay (CN-N39), per-month relief caps (CN-N43), intern, foreign-apportionment, equity and HK/Macao/Taiwan branches (CN-N44–N48), Shanghai sick-pay and injury average pay (CN-SH12, SH20), Kunming per-day heat (CN-KM13), fund true-ups (CN-SH38, SH43–46, CN-KM22). [Round 5 29 Sep 2026] Unreachable 29 Sep 2026: shzfgjj.cn (DNS), hrss.yn.gov.cn, kmrd.gov.cn, heilongjiang.chinatax.gov.cn (timeouts), flk.npc.gov.cn (no render), yn.gov.cn (403). [Directly observed implementation gap] CN sealed jurisdiction settings, statutory schemes, leave catalogues and dated Shanghai/Kunming selection now exist with targeted golden probes. Production and saved-input output remain unverified. [First independent probes (expected examples, not production results)] `CN-SH01` versus `CN-KM01`: same CNY2,740 (Shanghai) or CNY2,170 (core Kunming) normal full-time gross with CNY200 employee statutory share must produce different floor decisions. `CN-N09`: November same-employer YTD taxable CNY35,000 and tax CNY1,050, December incremental taxable CNY2,000 → December withholding CNY130; test zero floor, January reset and nonresident branch. `CN-N06`: CNY21,750 12-month qualifying average, two unused annual-leave days, normal wage already paid → additional CNY4,000. `CN-SH03`: CNY4,350 overtime base → CNY25/hour and CNY75 for two extra weekday hours. `CN-KM02`: core district CNY2,170 monthly passes August 2026, fails September by CNY100. These are expected examples from legal sources, not production results. [Register scope] Scope: employment and payroll from 1 December 2025 onward, at an actual Shanghai or Kunming worksite. Review date: 27 September 2026; source and coverage review 28 September 2026. This is the independent China obligation register. Certification: open for both cities. There is no `seed/jurisdiction/CN/` profile or CN production probe. A documented obligation is not evidence that its calculation, remittance or delivery works. [Review contract] Every ID below needs: (1) controlling national/provincial/city text and amendment history, (2) effective interval, (3) actor and worker classification, (4) required input and its provenance, (5) sealed rule version or an explicit external workflow, (6) independent normal, boundary and exception cases against saved payroll output, and (7) a second legal review. A blank input must refuse a payroll run where it controls a payable; it must not select a convenient default. A newly published rate must be a new dated version, including any retroactive top-up liability. `OPEN` means some of this evidence is missing. [Legal-source denominator] The population to certify is all employer and worker payroll/HR obligations applicable to an employment or covered worker relationship at a Shanghai or Kunming worksite for each date from 1 December 2025, including conditional construction, platform, dispatch, public-benefit, public-research and post-retirement branches. Amounts paid directly by a public insurance agency to a former worker, and government-only administration, are excluded from the ordinary employer calculation only after actor and payer are recorded; any employer contribution, document, claim, top-up or repayment duty returns to scope. Contractual and collective terms can increase statutory minima and must be recorded as inputs. This register is not yet a closed source denominator. [Register note] `No` below means the required automated mechanism or auditable human/organizational workflow lacks production evidence. It is not a statement that every individual employer presently violates the underlying law. Government-only or inapplicable branches are described in the actor/scope text, not silently erased.",,,,
CN-X-WORKSITE,CN,other,"Minimum-wage and labour-protection standards apply at the actual contract performance place, unless the parties agreed a higher employer-registration-place standard; social-insurance enrolment follows the employing relationship and local registration, not the physical worksite.",LCL Implementing Regulation art.14; Shanghai HRSS cross-city work Q&A; Shanghai HRSS cross-city SI remittance answer,https://xzfg.moj.gov.cn/front/law/detail?LawID=284,2026-09-29,2008-01-01,,IMPLEMENTED,"Guard configured as payroll.worksite_coverage (source worksite, covered_by_wage_regions, all four spans) and payroll.registration_scope LINEAGE in every CN-shanghai and CN-kunming version (29 Sep 2026); saved probes in tests/cn-worksite-profile.test.ts not yet run (combined gate). GAP: a mixed-city company, a higher agreed employer-location standard and per-employment SI/fund locality are unsupported. [CN registration-status audit 29 Sep 2026] Mixed-city source and saved-path boundary, 29 Sep: [Labour Contract Law Implementing Regulation art. 14](https://xzfg.moj.gov.cn/front/law/detail?LawID=284), confirmed in a [Shanghai HRSS cross-city work Q&A](https://rsj.sh.gov.cn/tfkcx_17604/20250826/t0035_1435147.html), applies minimum-wage and labour-protection standards at the actual contract performance place, except a higher employer-registration-place standard the parties agreed to use. A [Shanghai HRSS answer on cross-city social-insurance remittance](https://rsj.sh.gov.cn/tzxgzbldfqk_17405/20251011/t0035_1436006.html) says enrolment follows the employing relationship and local registration; physical worksite alone cannot select an insurance or fund payer/location. `world.ts` loads one company lineage and full scheme catalogue, and `payroll_runs` captures one settings version/hash. Therefore no automatic worksite-to-whole-profile switch is lawful. The CN guard compares every employed day in the salary window with the selected profile’s exact seeded `wages.by_region` keys: Shanghai `SHANGHAI`; Kunming its named district/Mo Han keys. Missing, unknown, or other-city sites refuse before gather/save. An absent site has no explicit contract performance evidence; `company.region` is the employer region and cannot fill it. This guard does not settle a higher agreed employer-location standard or route different cities through one run; those require per-employment wage-law, registration and fund facts, multi-profile loading, per-payslip settings identity and changed saved-run replay. A prior leaver with a later payment is covered by the post-exit guard below. Saved transform probes are pending the combined test gate. [CN registration-status audit 29 Sep 2026] Post-exit CN payroll, 29 Sep: an approved claim or ad hoc payment can keep an ended employment in the run after its salary window. The active-day worksite guard does not see that person. `gatherRun` now checks every service day’s dated contract worksite against the selected city profile before pricing that post-exit payment; missing or out-of-city history refuses. `tests/cn-worksite-profile.test.ts` includes the saved-path refusal and in-city control, pending the combined test gate. Employer social-insurance and housing-fund registration still follow their own entity records; this guard does not infer either from the worksite. [CN registration-status audit 29 Sep 2026] Cross-city statutory facts, 29 Sep: the shared version-realignment reader previously mapped any `CN` scheme fact with a matching code to the picked city, so a Shanghai pension or housing-fund declaration could silently supply a Kunming base. It now realigns CN facts only across versions of the exact settings lineage (`CN-shanghai` or `CN-kunming`). `tests/cn-worksite-profile.test.ts` includes saved-run refusals for foreign-city pension and fund facts without local bases, pending the combined test gate. The model still lacks explicit social-insurance and fund account locality independent of the employer’s selected settings lineage; a mixed-city company cannot be priced by worksite alone. [CN registration-status audit 29 Sep 2026] Attendance cutoff, 29 Sep: the company-level CN site guard covered salary dates, but a December run can price November 21–30 overtime. `gatherRun` now refuses any employed day outside the selected city across each worker’s own salary, attendance and deferred-arrears spans, which also covers a cadence different from the company’s. A saved refusal probe puts 25 November overtime at a Kunming site under a Shanghai December salary run. The probe is pending the combined test gate. A supported cross-city run still requires dated wage-law segments and their version/hash identities in saved pay evidence while keeping employer insurance/fund lineage independent; the refusal remains for any foreign or unrecorded site. [Register scope] The company needs the worker's actual worksite district, employing legal entity, employment/retirement class, written contract and collective-agreement terms, work schedule approval, tax residence, prior service and same-employer reporting history. The current payroll configuration exposes `company.region` and basic employment terms, but has no CN-specific assurance that `region` is the actual worksite district. Neither a citywide Kunming rate nor a gross-wage Shanghai floor check is safe.",work_rules.wages.by_region; payroll.worksite_coverage; payroll.registration_scope,,,
CN-X-SI-ROUNDING,CN,rounding,"Social-insurance shares round to the fen, half-up, per side (law silent; owner-rule default). Housing-fund shares round separately to the whole yuan per side (CN-SH09/SH40, CN-KM18–23).",Shanghai Tax Bureau employer SI payment guide (no rounding stated); Kunming county HRSS 2026 examples,https://shanghai.chinatax.gov.cn/xwdt/ztzl/zcgll/sbfxc/jfdw/202206/t463153.html,2026-09-28,2025-12-01,,TESTED,"Owner rule 2026-09-28: law silent; default the fen, half-up, per side; lawful because no instrument prescribes coarser rounding and the fen is the exact amount. The 见分进角 rule appears only in non-official sources and is not adopted. [Second pass 28 Sep 2026] Still blocked on 28 Sep 2026: (1) 沪公积金管委会〔2026〕3号 — shzfgjj.cn does not resolve (`curl: Could not resolve host`; in-app browser navigation fails), and the Shanghai normative-document database’s committee listing (service.shanghai.gov.cn, CITY_03) does not carry the annual base notices; CN-SH40/45–48 stay on republications. (2) Kunming 2026 pension/unemployment/injury base start (CN-KM03): the Yunnan HRSS policy index (hrss.yn.gov.cn InfoPublic, read 28 Sep) does not list 云人社发〔2026〕8号; the HRSS/tax [2026 flexible-worker notice](https://hrss.yn.gov.cn/NewsView.aspx?NewsID=65797&ClassID=558) (31 Aug 2026) uses the same 4,403–22,017 “2026年度” bounds with payment windows from 1 September but states no employer first chargeable month. The seed keeps refusing a base outside both years’ bounds for January–August. (3) Social-insurance rounding: no official Shanghai instrument found — the Shanghai Tax Bureau SI policy index lists only the 2026 wage-declaration and e-service notices; the “见分进角” rule for employee shares appears only in non-official sources and is not adopted, so Shanghai stays at the fen (open). Kunming’s fen half-up is evidenced by the county HRSS examples (0.3% × 4,403 = 13.209 → 13.21; 0.7% → 30.821 → 30.82). [Round 3 28 Sep 2026 (still open, sources)] SI rounding: no official Shanghai or Kunming text was found. The Shanghai Tax Bureau's employer SI payment guide (https://shanghai.chinatax.gov.cn/xwdt/ztzl/zcgll/sbfxc/jfdw/202206/t463153.html) states no rounding, and ""见分进角 / 四舍五入到角"" appears only on non-official blogs. Shanghai stays at the fen (closed in round 4 under the owner rule); the Kunming fen evidence is unchanged. [Round 4 28 Sep 2026 (owner rule)] Social-insurance rounding (both cities): law silent; default the fen, half-up, per side (already seeded); lawful because no instrument prescribes coarser rounding and the fen is the exact amount (Kunming's county examples are fen figures). Closed. [R9 2026-09-30] Probes listed: 188.655 → 188.66 (CN-SH40-1) and the county examples 704.48 / 352.24 / 30.82 / 13.21 / 8.81 (CN-KM25-1), run 29 Sep 2026.",statutory_contributions:PENSION; statutory_contributions:MEDICAL; statutory_contributions:UNEMPLOYMENT; statutory_contributions:INJURY; statutory_contributions:MATERNITY,"Kunming — September 2026 at the 4,403 floor matches the county HRSS examples (CN-KM25, KM26)",CN-SH40-1; CN-KM25-1,
CN-X-DRIFT-SOURCES,CN,records,"The statutory-drift automation must research every China, Shanghai, Yunnan and Kunming issuer (official hosts only, no commercial republishers).",Official issuer list for CN drift research,https://www.gov.cn,2026-09-28,2025-12-01,,IMPLEMENTED,"Resolved 28 Sep 2026; statutory-drift.test fails for any seeded jurisdiction without sources. Hosts are a src constant keyed on the jurisdiction code. [Source and coverage review 28 Sep 2026] Outside this file: `src/lib/statutory_sources.ts` has keys MY, SG, TW, PH, ID and VN only, so the drift automation researches no China, Shanghai, Yunnan or Kunming issuer. The list is per lineage and there is no `seed/jurisdiction/CN/` profile, so a CN entry (flk.npc.gov.cn, npc.gov.cn, gov.cn, mohrss.gov.cn, chinatax.gov.cn, fgk.chinatax.gov.cn, nhsa.gov.cn, rsj.sh.gov.cn, ybj.sh.gov.cn, shzfgjj.cn, shanghai.chinatax.gov.cn, shanghai.gov.cn, service.shanghai.gov.cn, czj.sh.gov.cn, hrss.yn.gov.cn, yn.gov.cn, ylbz.yn.gov.cn, kmrd.gov.cn, ybj.km.gov.cn, zfgjj.km.gov.cn; no commercial republishers) should land together with that lineage. Resolved 28 September 2026: `STATUTORY_SOURCES.CN` (both city lineages share jurisdiction code CN) carries that list plus xzfg.moj.gov.cn, and statutory-drift.test fails for any seeded jurisdiction without sources. The shared matrix, fixture and leave-completeness tests now register CN-shanghai and CN-kunming; since the second pass below their leave golden also measures the seeded annual, maternity, paternity and marriage rows. The 2026 adjusted working Saturdays/Sundays (CN-N03) have no representation: `jurisdiction_holidays.kind` has no working-day value, so they need roster rows.",sources.research_domains,,,
CN-X-AGENCY-BENEFITS,CN-shanghai,other,"Shanghai 2026 unemployment-benefit administration, enterprise pension-benefit calculation, unemployment-benefit rate, unemployed-person holiday aid, and resident-pension/survivor-benefit notices are agency-paid or former-worker benefits: no current employee wage deduction or employer wage payment.",Shanghai HRSS 2026 benefit notices,https://rsj.sh.gov.cn/tshbx_17729/20260812/t0035_1443067.html,2026-09-27,2025-12-01,,NOT-APPLICABLE,"Sourced exclusion; employer exit/insurance-record duties remain CN-N07/N22; employer-paid survivor liability is CN-SH28. [Second-pass index reconciliation 26 Sep 2026] [2026 Shanghai unemployment benefit administration](https://rsj.sh.gov.cn/tshbx_17729/20260812/t0035_1443067.html), [enterprise pension benefit calculation](https://rsj.sh.gov.cn/tshbx_17729/20260813/t0035_1443100.html), [unemployment benefit rate](https://rsj.sh.gov.cn/tshbx_17729/20260702/t0035_1442080.html), [unemployed-person holiday aid](https://rsj.sh.gov.cn/tshbx_17729/20260127/t0035_1438246.html), and resident-pension/survivor-benefit notices concern agency-paid or former-worker benefits. They create no ordinary current employee wage deduction or employer wage payment in this register; employer exit/insurance-record duties remain CN-N07/22. A specific employer-paid survivor liability belongs in CN-SH28.",,,,
CN-X-SH-ORDERS,CN-shanghai,other,Shanghai Government Order 24 (from 1 March 2026) repealed the old Basic Medical Insurance Supervision Measure without setting a premium; Order 26 (from 15 August 2026) changes sanitation/noise/radiation rules: no payroll-rate branch.,Shanghai Government Orders 24 and 26,https://www.shanghai.gov.cn/cmsres/c0/c01352c7097348e3b944aa7b51fc22cd/641299459056befae1a84cdcc8c4977d.pdf,2026-09-27,2026-03-01,,NOT-APPLICABLE,"Sourced exclusion; sector occupational-safety duties still need a separate applicability review. [Second-pass index reconciliation 26 Sep 2026] [Shanghai government rule Order 24](https://www.shanghai.gov.cn/cmsres/c0/c01352c7097348e3b944aa7b51fc22cd/641299459056befae1a84cdcc8c4977d.pdf), effective 1 March 2026, repealed the old municipal Basic Medical Insurance Supervision Measure but did not itself set a new worker/employer premium. The current long-term-care pilot references its own current liability rules; do not import the repealed 2021 pilot's enforcement cross-reference. [Order 26](https://www.shanghai.gov.cn/202616szfgz/20260820/1092b902878a43de94c0501851242ff3.html), effective 15 August 2026, changes sanitation/noise/radiation rules and creates no general payroll-rate branch. Sector occupational-safety duties still need a separate applicability review.",,,,
CN-SRC-NAT,CN,other,"Source family: National legislature, State Council, MOHRSS, STA, NHSA and housing-fund ministry — every instrument operative from 1 Dec 2025 must be mapped.",National issuer denominator,https://www.mohrss.gov.cn,2026-09-27,2025-12-01,,PARTIAL,"Partial: employment, wage, leave, SI, IIT, safety, injury, retirement and construction texts mapped in CN-N rows; subsidiary notices, amendments and 2026 effective-date review open. [Source family] National legislature, State Council, MOHRSS, STA, NHSA and housing-fund ministry: Partial. Employment, wage, leave, SI, IIT, safety, injury, retirement and construction texts mapped in CN-N; subsidiary notices, amendments and 2026 effective-date review remain open.",,,,
CN-SRC-SH-HRSS,CN-shanghai,other,Source family: Shanghai HRSS current normative index — every still-effective instrument must be mapped.,Shanghai HRSS current normative index,https://rsj.sh.gov.cn/tgwgfx_17726/,2026-09-27,2025-12-01,,PARTIAL,"Two 2025–26 index pages screened 26 Sep 2026; older valid instruments and invalidated predecessors open. [Second-pass index reconciliation 26 Sep 2026] On 26 September 2026 the [Shanghai HRSS current index](https://rsj.sh.gov.cn/tgwgfx_17726/) and [preceding page](https://rsj.sh.gov.cn/tgwgfx_17726/index_2.html) were screened for 2025–26 instruments operative in the review window. The newly found employer/worker branches are CN-SH22–33. The earlier CN-SH02, 07–08, 11–12 and 16 already map other listed instruments. These two index pages are a dated delta search, not a closed denominator of all still-effective older Shanghai law; tax, medical-insurance, housing-fund, municipal legislature and national portals remain separate source families. [Second-pass index reconciliation 26 Sep 2026] Direct links and claimed rates/dates in newly added CN-SH22–33 and the provincial transition in CN-KM16 were read against their cited issuing/hosting official texts. Other pre-existing rows were not all independently revalidated in this pass; each retains its own open source/implementation status. [Source family] Shanghai HRSS current normative index: Two 2025–26 index pages screened on 26 September 2026; mapped or expressly disposed below. Older valid instruments and invalidated/predecessor versions remain open.",,,,
CN-SRC-SH-AGENCIES,CN-shanghai,other,"Source family: Shanghai municipal legislature/government, medical bureau, housing-fund centre and local tax bureau.",Shanghai agency directories,https://www.shzfgjj.cn/html/newxxgk/zcjd/228183.html,2026-09-29,2025-12-01,,SOURCE-BLOCKED,"shzfgjj.cn unresolvable (DNS, 28–29 Sep 2026: curl, WebFetch, in-app browser; no Internet Archive 200 snapshot). [Second-pass index reconciliation 26 Sep 2026] A separate 26 September delta read of [Shanghai's 2026 medical-rate renewal](https://shanghai.chinatax.gov.cn/zzzb/zcwj/202603/t479836.html), [2025 predecessor](https://shanghai.chinatax.gov.cn/zzzb/zcwj/202508/t477427.html), [2026 annual contribution-wage filing notice](https://www.shanghai.gov.cn/gwk/search/content/ca6685bd116e4ff29a32303c6405851b), and the [current long-term-care pilot](https://www.shanghai.gov.cn/202602bgtwj/20260122/83a46aaeed2448e4a54666ceb3d663df.html) produced CN-SH06/36–37. [Yunnan's 2023 tax declaration order](https://ylbz.yn.gov.cn/index.php?c=show&id=3576) produced CN-KM17. The [national 2026 long-term-care plan](https://www.nhsa.gov.cn/art/2026/3/26/art_53_20040.html) produced CN-N35. These were missed by the two-page Shanghai HRSS index search because their issuing families differ; that is concrete evidence why the issuer denominator is still open. [Source and coverage review 28 Sep 2026] Still blocked on 28 Sep 2026: the 2026 Shanghai housing-fund committee notice 沪公积金管委会〔2026〕3号 on shzfgjj.cn (curl no connection within 20 s; in-app browser ERR_NAME_NOT_RESOLVED), so CN-SH40 and CN-SH45–48 still rest on non-official republications (pd-italent.com, hrlib.ciic-cloud.cn, sohu.com, thepaper.cn). No 2026 Shanghai employer unemployment-rate instrument was found (CN-SH06), and no 2026 national or Yunnan continuation of the 0.7%/0.3% rate (CN-KM27). kmrd.gov.cn, yn.gov.cn, ylbz.yn.gov.cn, ygj.yn.gov.cn, yncxym.gov.cn and dhlc.gov.cn gave no response to a 15 s curl; web.ymu.edu.cn (CN-KM16) returned 403, m12333.cn (CN-KM05) 412, the rsj.beijing.gov.cn PDF (CN-N29, CN-SH15) 521, and the MOJ explanation of Order 844 redirected (302). The in-app browser does reach ybj.km.gov.cn and zfgjj.km.gov.cn. The mohrss.gov.cn copy of a Kunming wage regulation is the repealed 2004 text and must not be used for CN-KM-WP rows. [Directly observed implementation gap] Several signed local insurance notices, directly accessible 2026 Shanghai/Kunming housing-fund issuer texts, 2026 employer-unemployment continuation, other payment rounding, local sick/maternity pay and Kunming medical-period rules remain missing. Shanghai's official 2025 fund notice and the 2026 fund notice's identified issuer URL are already recorded; the latter must still be independently read. A payroll amount computed from an unverified rate would not be certified. [Source family] Shanghai municipal legislature/government, medical bureau, housing-fund centre, local tax bureau: Partial. Dated 2025/2026 medical-rate notices, 2021/2026 long-term-care pilot versions, 2026 tax annual SI-wage filing notice, the 2023 housing-fund management measure and 2025/2026 annual housing-fund notices are mapped below. The official [2025 fund-centre Q&A](https://www.shzfgjj.cn/html/newxxgk/zcjd/228183.html) and [2026 centre-attributed government-channel Q&A](https://www.thepaper.cn/newsDetail_forward_33614059) confirm per-side whole-yuan half-up rounding; this closes the Shanghai formula question, not output verification. The full agency directories, 2026 employer unemployment renewal, 2025 annual SI-filing predecessor and maternity-medical successor remain open. The 2026 fund-centre notice's issuer URL was identified but timed out; its full text was checked against a republication attributed to the centre.",,,,
CN-SRC-YN,CN-kunming,other,"Source family: Yunnan government, HRSS, medical bureau and housing-fund authority.",Yunnan provincial current-law directory,https://www.yn.gov.cn/zwgk/zfxxgkpt/gkptzcwj/xzgfxwj/,2026-09-29,2025-12-01,,SOURCE-BLOCKED,"hrss.yn.gov.cn and ylbz/ygj timed out; yn.gov.cn 403 in the browser (28–29 Sep 2026). [Second-pass index reconciliation 26 Sep 2026] The [Yunnan provincial current-law directory](https://www.yn.gov.cn/zwgk/zfxxgkpt/gkptzcwj/xzgfxwj/) was read; its linked Yunnan HRSS, medical-insurance and Kunming city directories timed out in this pass. Accordingly their full current-law and repeal catalogues were not reconciled. CN-KM03–05, 10, 13, 16 and CN-KM-WP01–21 retain explicit missing-original/amendment flags; no source-denominator closure or city certification follows from this pass. [Source family] Yunnan government, HRSS, medical bureau and housing-fund authority: Partial. Current Yunnan government directory and named texts read; linked HRSS/medical indexes timed out, and originals for multiple rates and Kunming long-term-care transition remain open.",,,,
CN-SRC-KM,CN-kunming,other,"Source family: Kunming legislature, government, medical bureau and housing-fund centre.",Kunming city directories,https://www.kunming.cn/news/upload/resources/file/2024/10/12/1728062.pdf,2026-09-29,2025-12-01,,SOURCE-BLOCKED,"kmrd.gov.cn timed out / ERR_EMPTY_RESPONSE; zfgjj.km.gov.cn 2026 notice timed out (28–29 Sep 2026). [Source family] Kunming legislature, government, medical bureau and housing-fund centre: Partial. 2019 city wage text inventoried by article; post-2019 amendment/repeal catalogue and current city directory inaccessible in this pass. A full-text reproduction of the 2020 housing-fund management measure was reconciled with a [Kunming city-published policy schedule](https://www.kunming.cn/news/upload/resources/file/2024/10/12/1728062.pdf) that identifies its number, effect and rate/hardship branches; its original issuer text and intervening amendments still need retrieval. Worksite district, medical and 2025/2026 housing notice originals remain open.",,,,
