id,profile,area,provision,citation,url,source_checked,effective_from,effective_to,status,reason,config_path,golden,probe,verified_at
JP-SCOPE-01,JP,other,"National law versus prefectural, municipal, insurer, industry and worker-specific law; effective date selected by event, pay-due, pay, contribution or fiscal year as each instrument prescribes.",MHLW minimum wage (https://www.mhlw.go.jp/stf/seisakunitsuite/bunya/0000041788.html); NTA 2026 withholding (https://www.nta.go.jp/publication/pamph/gensen/zeigakuhyo2026/01.htm); JPS rates (https://www.nenkin.go.jp/service/kounen/hokenryo/ryogaku/ryogakuhyo/20200825.html),https://www.mhlw.go.jp/stf/seisakunitsuite/bunya/0000041788.html,2026-09-29,2025-12-01,,GAP,"JP lineage not yet seeded. Enumerate all source instruments and amendment histories; no JP version exists. Legal denominator backlog carried from the register: Labour Standards Act and Enforcement Regulation (JP-LS01–12 are first-pass groups only; e-Gov shows the Act last amended by 令和8年法律第60号 in force 2026-07-17 and the Regulation by 令和8年厚生労働省令第57号 in force 2026-04-01, neither yet dispositioned); Labour Contract, Part-Time/Fixed-Term, dispatch and union instruments; Occupational Safety and Health Act and sector regulations; Health Insurance (e-Gov: amended by 令和8年法律第31号 in force 2026-08-01, not yet dispositioned), Employees' Pension, JPS premium adjustment, employment/work-injury insurance and collection instruments; NTA withholding and the Local Tax Act; equality, childcare/care, older/disability, immigration and My Number instruments; every prefectural/industry minimum-wage determination and permit. Shared model blockers carried from the register: companies expose one generic region/risk_class, so a JP lineage needs dated worksite prefecture and industry per person/day, health insurer/branch separate from residence, standard-remuneration decision events, per-bonus same-insurer history, municipality resident-tax notices as twelve dated installments, dated wage due/paid events per payment (a run-level pay_due_date cannot represent partial, unpaid or retroactive pay), and selectable 0.50-yen rounding. Every missing required fact must refuse, never charge zero; no seed-only JP pilot is safe until the runtime refuses unsupported worksites, insurers, worker types and pay events. MY-nihon has jurisdiction_code MY and supplies no Japanese rule. (Register status 2026-09-29: No [IN-SYSTEM 2026-09-29].)",settings.jp.lineage,,,
JP-LAB-01,JP,wages,"Wage contract, pay cycle, direct/full payment, permitted deductions, wage ledger and payslip/records; classify ordinary, bonus, in-kind, expense and retirement payments.","Labour Standards Act (https://www.japaneselawtranslation.go.jp/en/laws/download/3567/09/s22Aa000490304en14.0_h30A71.pdf), arts. 11, 15, 24, 89, 108–109",https://www.japaneselawtranslation.go.jp/en/laws/download/3567/09/s22Aa000490304en14.0_h30A71.pdf,2026-09-29,2025-12-01,,GAP,"JP lineage not yet seeded. Reconcile current Japanese text, exceptions and employer agreements; model component inclusion and lawful deductions. (Register status 2026-09-29: No [IN-SYSTEM 2026-09-29].)",payroll.jp.wage_payment_rules,,,
JP-LAB-02,JP,hours,"Normal work 8h/day and 40h/week, statutory rest, breaks, special/variable schedules, 36 agreement and overtime caps; site, sector, age and approved exemptions select branches.","MHLW work rules (https://www.mhlw.go.jp/stf/seisakunitsuite/bunya/koyou_roudou/roudouseisaku/chushoukigyou/joken_kankyou_rule.html); Labour Standards Act (https://www.japaneselawtranslation.go.jp/en/laws/download/3567/09/s22Aa000490304en14.0_h30A71.pdf), arts. 32–36",https://www.mhlw.go.jp/stf/seisakunitsuite/bunya/koyou_roudou/roudouseisaku/chushoukigyou/joken_kankyou_rule.html,2026-09-29,2025-12-01,,GAP,"JP lineage not yet seeded. Derive schedules and caps from dated inputs and agreement evidence; independently probe days, weeks, months, years and exceptional limits. (Register status 2026-09-29: No [IN-SYSTEM 2026-09-29].)",work_rules.jp.hours,,,
JP-LAB-03,JP,overtime,"Ordinary overtime 25%, statutory holiday 35%, night 22:00–05:00 25%, monthly overtime over 60h 50%; overlapping premiums and eligible hourly wage base.",MHLW premium guidance (https://www.mhlw.go.jp/stf/seisakunitsuite/bunya/koyou_roudou/roudouseisaku/chushoukigyou/joken_kankyou_rule.html); Labour Standards Act art. 37,https://laws.e-gov.go.jp/law/322AC0000000049,2026-09-29,2025-12-01,,GAP,"JP lineage not yet seeded. Reconcile calculation divisor, excluded payments, cumulative 60h and overlaps with dated work records. (Register status 2026-09-29: No [IN-SYSTEM 2026-09-29].)",work_rules.jp.overtime_premiums,,,
JP-LAB-04,JP,leave,"Annual paid leave: six-month/attendance eligibility, proportional part-time entitlement, annual five-day employer duty, attendance and carryover/history; leave wage method may vary.",Labour Standards Act art. 39; MHLW work rules (https://www.mhlw.go.jp/stf/seisakunitsuite/bunya/koyou_roudou/roudouseisaku/chushoukigyou/joken_kankyou_rule.html),https://laws.e-gov.go.jp/law/322AC0000000049,2026-09-29,2025-12-01,,GAP,"JP lineage not yet seeded. Current instrument, accrual ledger, opening balance and paid leave amount probes. (Register status 2026-09-29: No [IN-SYSTEM 2026-09-29].)",leave_types:JP_ANNUAL_PAID,,,
JP-LAB-05,JP,leave,"Maternity, childcare, birth, nursing, family-care and related leave/short-time rights; distinguish employer pay from public benefits and social-insurance premium exemptions.",MHLW 2025 childcare/family-care amendments and consolidated law (https://www.mhlw.go.jp/stf/seisakunitsuite/bunya/0000130583.html),https://www.mhlw.go.jp/stf/seisakunitsuite/bunya/0000130583.html,2026-09-29,2025-12-01,,GAP,"JP lineage not yet seeded. Article/worker/date crosswalk, 2025 April/October changes, pay/exemption histories and boundary probes. (Register status 2026-09-29: No [IN-SYSTEM 2026-09-29].)",leave_types:JP_CHILDCARE_FAMILY,,,
JP-LAB-06,JP,notice,"Termination notice/pay in lieu, final wages, conditional retirement allowance and employment certificate; reason and tenure matter.","Labour Standards Act arts. 20, 22–23, 89; MHLW retirement-pay rule (https://www.check-roudou.mhlw.go.jp/qa/roudousya/syuugyoukisoku/q4.html)",https://laws.e-gov.go.jp/law/322AC0000000049,2026-09-29,2025-12-01,,GAP,"JP lineage not yet seeded. Reconcile exceptions, dates, employer rules, final payment and tax treatment. Do not assume universal statutory severance. (Register status 2026-09-29: No [IN-SYSTEM 2026-09-29].)",work_rules.jp.dismissal_notice,,,
JP-MW-01,JP,minimum_wage,"For each prefecture select the regional minimum wage by actual workplace and date the work is performed, then classify worker and compare eligible wages/hour. If a pay calculation period straddles a rate's start, the higher floor governs work from the effective day even when all wages are paid in one later run.",MHLW 2025 regional table (https://www.mhlw.go.jp/content/11200000/001753407.xlsx); current quick table (https://saiteichingin.mhlw.go.jp/table/page_list_nationallist.php); Osaka Labour Bureau's crossing-pay-period instruction (https://jsite.mhlw.go.jp/osaka-roudoukyoku/saichin2026kaisei.html); wage-base guidance (https://saiteichingin.mhlw.go.jp/point/page_point_targetwages.html),https://www.mhlw.go.jp/content/11200000/001753407.xlsx,2026-09-29,2025-12-01,,GAP,"JP lineage not yet seeded. No JP work-day/worksite floor selector, complete Gazette-date census or split-period production probe. Closure case: 47 dated determinations, predecessor rates where support begins mid-transition, Gazette publication, exclusions and production work-day split probes; a pay-date selector would be wrong. See JP-RF01–47 below. Source refresh 2026-09-29: MHLW's 令和8年度 national list (content/11200000/001753404.pdf) labels every successor amount 答申された改定額 with planned 発効日 1 Oct–2 Dec 2026; per-prefecture rows are JP-RF01–47 (current order) and JP-RF01-R8–JP-RF47-R8 (successor). MHLW excludes bonuses, overtime/holiday/night premiums, commuting, family and attendance allowances from the comparison (saiteichingin.mhlw.go.jp/point/page_point_targetwages.html). Independent expected case: Tokyo worker paid JPY220,000/month on 2,064 annual scheduled hours (172 average monthly hours) gives JPY1,279.069…/hour under Regulation Art. 2 — meets JPY1,226 on 30 September 2026, fails JPY1,280 from 1 October 2026; JPY220,160 meets it. (Register status 2026-09-29: No [IN-SYSTEM 2026-09-29].)",work_rules.wages.hourly_by_region,,,
JP-MW-02,JP,minimum_wage,"For each applicable specific minimum wage, resolve covered industry/worker, exceptions, unit, effective date and conflict with regional floor; approved minimum-wage reduction permits are individual. The 223-row live prefectural table still lists Nara's wood/furniture order even though the ministry's 1 April 2026 census counts 222 prefectural orders plus one nationwide order; see JP-SF-T03.","MHLW specific floors (https://www.mhlw.go.jp/stf/seisakunitsuite/bunya/koyou_roudou/roudoukijun/chingin/newpage_43846.html); Minimum Wage Act (https://www.japaneselawtranslation.go.jp/en/laws/download/3937/09/s34Aa001370301en14.0_h24A27.pdf), arts. 4, 6–7; Nara council's abolition decision (https://jsite.mhlw.go.jp/nara-roudoukyoku/content/contents/002629442.pdf)",https://www.mhlw.go.jp/stf/seisakunitsuite/bunya/koyou_roudou/roudoukijun/chingin/newpage_43846.html,2026-09-29,2025-12-01,,GAP,"JP lineage not yet seeded. No dated specific-floor selector, complete instrument/exclusion census or production boundary probes; Nara's final Gazette text remains unlinked. Closure case: Nara transition is identified, but obtain the final Gazette abolition text/date, operative instruments and scope for the remaining JP-SF rows, legacy daily cases and approved reductions. Source refresh 2026-09-29: the live prefectural industry table (saiteichingin.mhlw.go.jp/table/page_indlist_nationallist.html) still has 223 rows; amounts and dates match the register, but 14 more rows now carry ※ (注2: the regional floor applies instead) after the 令和7 regional increases — Aomori ×3, Yamanashi ×2, Kochi ×2, Nagasaki ×3, Oita ×4. MHLW's 1 April 2026 count is 222 prefectural + 1 nationwide; the extra live row is the abolished Nara wood/furniture order (JP-SF149, JP-SF-T03). Specific-floor revisions for 令和8年度 are not yet shown. (Register status 2026-09-29: No [IN-SYSTEM 2026-09-29].)",work_rules.wages.jp_specific_by_industry,,,
JP-TAX-01,JP,tax,"Wage withholding by 2025/2026 pay-due date; monthly/daily/bonus table, 甲/乙/丙 declaration, social-insurance deduction, dependent count and bonus prior-month/tenfold exceptions.",NTA table selection (https://www.nta.go.jp/taxes/shiraberu/taxanswer/gensen/2511.htm); 2026 tables (https://www.nta.go.jp/publication/pamph/gensen/zeigakuhyo2026/01.htm),https://www.nta.go.jp/taxes/shiraberu/taxanswer/gensen/2511.htm,2026-09-29,2025-12-01,,GAP,"JP lineage not yet seeded. Load exact tables, forms, rounding and negative cases; 2025-to-2026 and 2026-to-2027 boundaries. Source refresh 2026-09-29 (NTA 令和8年分 源泉徴収税額表, zeigakuhyo2026): monthly 甲欄 is zero below JPY105,000 after social insurance; 乙欄 below JPY105,000 is 3.063%; separate daily (丙欄) and bonus-rate tables; the table input is pay after specified employee social-insurance deductions. Bonus uses the 算出率の表 except no prior-month wage or bonus over 10× prior-month wage, which uses the monthly table. Branches split into JP-TAX-18–23. (Register status 2026-09-29: No [IN-SYSTEM 2026-09-29].)",tax_tables:JP_GENSEN_2026,,,
JP-TAX-02,JP,tax,"Taxable pay versus exempt commuting, in-kind benefits, allowances, nonresidents and split employment; retroactive 2025 commuting limit change.",NTA 2025 commuting change (https://www.nta.go.jp/users/gensen/2025tsukin/index.htm); NTA withholding index (https://www.nta.go.jp/users/gensen/),https://www.nta.go.jp/users/gensen/2025tsukin/index.htm,2026-09-29,2025-12-01,,GAP,"JP lineage not yet seeded. Component-level taxability, distance/transport facts, prior-period correction and residence/treaty branches. 2025 commuting change (NTA 2025tsukin): revised automobile/bicycle limits promulgated 20 November 2025 apply to allowances due from 1 April 2025 (55 km+: JPY31,600 → 38,700; 45–55 km: JPY28,000 → 32,300); the December 2025 year-end adjustment must correct earlier-2025 taxable commuting pay. (Register status 2026-09-29: No [IN-SYSTEM 2026-09-29].)",pay_components.jp_income_tax_exempt,,,
JP-TAX-03,JP,tax,"Year-end adjustment: eligibility, annual wage and tax history, former-employer withholding slip, 2025/2026 deduction reforms, spouse/dependents/specified relatives, insurance, housing and other declarations, refund or additional collection.",NTA 2025 guide (https://www.nta.go.jp/publication/pamph/gensen/nencho2025/01.htm); NTA 2026 guide (https://www.nta.go.jp/publication/pamph/gensen/nencho2026/01.htm); former-employer rule (https://www.nta.go.jp/taxes/shiraberu/taxanswer/gensen/2674.htm),https://www.nta.go.jp/publication/pamph/gensen/nencho2025/01.htm,2026-09-29,2025-12-01,,GAP,"JP lineage not yet seeded. Itemize every form/deduction branch, verified opening history, annual tax table and settlement; never default missing prior-employer evidence to zero. NTA 2025 year-end calculation guide pp.35–39: aggregate 2025 wages and prior withholding including qualifying unpaid wages and taxable benefits in kind; a former employer's wages enter only on its withholding slip (defer otherwise); taxable annual salary floored to JPY1,000, annual tax ×102.1%, floored to JPY100 before settlement. 2025 deduction amounts are JP-TAX-29; 2026 are JP-TAX-15. (Register status 2026-09-29: No [IN-SYSTEM 2026-09-29].)",tax_rules:JP_NENMATSU,,,
JP-TAX-04,JP,tax,"Retirement-payment income tax: service years, overlapping prior retirement benefits, worker declaration, special officer/short-service branches, separate taxable-base/rounding and withholding table.",NTA retirement withholding (https://www.nta.go.jp/taxes/shiraberu/taxanswer/gensen/2732.htm); 2026 fast table (https://www.nta.go.jp/taxes/shiraberu/taxanswer/gensen/2732_besshi.htm),https://www.nta.go.jp/taxes/shiraberu/taxanswer/gensen/2732.htm,2026-09-29,2025-12-01,,GAP,"JP lineage not yet seeded. Instrument and opening-history review, retirement-specific saved-payroll probes. Split into JP-TAX-25 (退職所得控除), JP-TAX-26 (1/2, short-term and specified-officer rules), JP-TAX-27 (no declaration → 20.42%) and JP-TAX-28 (2026 overlap-period change). (Register status 2026-09-29: No [IN-SYSTEM 2026-09-29].)",tax_rules:JP_RETIREMENT_INCOME,,,
JP-TAX-05,JP,filing,Remit withheld national tax normally by next month's 10th; approved small-payroll special cycle differs; issue employee statements and annual legal reports by current rules.,NTA remittance (https://www.nta.go.jp/taxes/shiraberu/taxanswer/gensen/2505.htm); 2026 statutory-report guide (https://www.nta.go.jp/publication/pamph/hotei/tebiki2026/index.htm),https://www.nta.go.jp/taxes/shiraberu/taxanswer/gensen/2505.htm,2026-09-29,2025-12-01,,EXTERNAL,"JP lineage not yet seeded. Employer duty outside the calculator; no JP obligation or evidence record yet. Approval/headcount facts, deadline/calendar, filing threshold and 2027 electronic-submission changes. (Register status 2026-09-29: No [EXTERNAL 2026-09-29].)",obligations:JP_GENSEN_REMITTANCE,,,
JP-TAX-06,JP,filing,"Annual legal reporting differs by payment/event date: resident retirement-pay withholding-slip reporting applies to all resident recipients for retirement payments fixed from 1 January 2026 (previously corporation officers only); death benefits use the inheritance-tax report instead. From submissions on 1 January 2027, a municipal salary-payment report may count as tax-office salary-slip submission. Electronic filing becomes mandatory at 30 prior-base-year records per report type (rather than 100 before 2027).",NTA legal-report obligation and dates (https://www.nta.go.jp/taxes/shiraberu/taxanswer/hotei/7400.htm),https://www.nta.go.jp/taxes/shiraberu/taxanswer/hotei/7400.htm,2026-09-29,2025-12-01,,EXTERNAL,"JP lineage not yet seeded. Employer duty outside the calculator; no JP obligation or evidence record yet. Report recipient/payer scope, 2025/26/27 boundaries, municipality deemed-submission evidence, form content, My Number treatment, January-31 deadline and electronic volume threshold probes. (Register status 2026-09-29: No [EXTERNAL 2026-09-29].)",obligations:JP_HOTEI_CHOSHO,,,
JP-TAX-07,JP,tax,"From 1 April 2026 payable commuting allowance, the income-tax exemption increases for one-way vehicle commutes of at least 65 km; qualifying employer-paid parking adds actual monthly parking cost up to JPY5,000 to the relevant distance-band allowance, including eligible mixed transport within its overall JPY150,000 cap. A later top-up of a pre-April entitlement keeps the old rule.",NTA April 2026 commuting schedule and commencement (https://www.nta.go.jp/users/gensen/2026tsukin/index.htm),https://www.nta.go.jp/users/gensen/2026tsukin/index.htm,2026-09-29,2026-04-01,,GAP,"JP lineage not yet seeded. No JP 2026 distance/parking tax-exemption selection or paid-due-date production probe. Closure case: Mode, one-way distance, parking location/actual fee, original pay-due date and top-up identity, mixed transit, all band edges and year-end corrections; probe 64.99/65/75/95 km and JPY4,999/5,001 parking. (Register status 2026-09-29: No [IN-SYSTEM 2026-09-29].)",pay_components.jp_commuting_exemption,,,
JP-TAX-08,JP,tax,"From 1 April 2026 provided, employer meals in kind remain untaxed only if the worker pays at least half the meal's value and the employer-funded balance is at most JPY7,500 per month (formerly JPY3,500); cash instead of qualifying late-night meal can be exempt up to JPY650 per occasion (formerly JPY300).",NTA meal and night-food circular changes (https://www.nta.go.jp/users/gensen/2026shokuji/index.htm),https://www.nta.go.jp/users/gensen/2026shokuji/index.htm,2026-09-29,2026-04-01,,GAP,"JP lineage not yet seeded. No JP in-kind meal/cash-night-food taxability rule, history or production boundary probe. Closure case: Meal fair value, actual worker collection, monthly accumulation, delivery date, shift/night qualification and cash-versus-in-kind classification; probe 50%/49.99%, JPY7,500/7,501 and JPY650/651 on both sides of April. (Register status 2026-09-29: No [IN-SYSTEM 2026-09-29].)",pay_components.jp_meal_exemption,,,
JP-TAX-09,JP,filing,"From 24 September 2026 NTA system renewal, some paper withholding/remittance and legal-report forms changed. The remittance form's former eight-digit 整理番号 field became a 13-digit お問い合わせ番号 field; the tax office prints that number on its notices. Older vendor-generated forms can still be submitted under NTA's notice, so this is a form-version/input reconciliation, not a new payroll tax rate.",NTA system-renewal notice (https://www.nta.go.jp/taxes/shiraberu/sodan/system.htm); NTA withholding remittance form guide (https://www.nta.go.jp/law/jimu-unei/shotoku/gensen/080623/03.htm),https://www.nta.go.jp/taxes/shiraberu/sodan/system.htm,2026-09-29,2026-09-24,,EXTERNAL,"JP lineage not yet seeded. Employer duty outside the calculator; no JP obligation or evidence record yet. No JP authority-form generation/submission or saved evidence; affected form versions remain unreconciled. Closure case: Identify affected form and acceptance-start versions, tax-office-issued identifier, pay-period and taxable payment fields, zero-tax output and electronic filing; probe pre/post renewal and ordinary/special remittance. (Register status 2026-09-29: No [EXTERNAL 2026-09-29].)",obligations:JP_GENSEN_REMITTANCE_FORM,,,
JP-TAX-10,JP,filing,"The NTA corrected its 2026 salary and retirement withholding-slip reporting guide on 18 September 2026: for unpaid retirement benefits, report uncollected withholding tax in the remarks field; a 2026 salary-slip annotation distinguishes year-end adjustments made from 1 December; disaster-relief withholding deferment has its own field/report classification.",NTA correction notice (https://www.nta.go.jp/publication/pamph/hotei/tebiki2026/teisei/index.htm); official errata (https://www.nta.go.jp/publication/pamph/hotei/tebiki2026/PDF/seigo.pdf),https://www.nta.go.jp/publication/pamph/hotei/tebiki2026/teisei/index.htm,2026-09-29,2026-09-18,,EXTERNAL,"JP lineage not yet seeded. Employer duty outside the calculator; no JP obligation or evidence record yet. No JP slip/form generation, unpaid retirement reporting or corrected-field production probe. Closure case: Map corrected report field/version and payment/outstanding amount; probe unpaid retirement at certificate date, pre/post-December adjustment and disaster relief. (Register status 2026-09-29: No [EXTERNAL 2026-09-29].)",obligations:JP_HOTEI_CHOSHO,,,
JP-TAX-11,JP,tax,"For a nonresident individual, Japanese-source wages, personal-service remuneration and retirement pay are generally subject to 20.42% withholding on payment, including an overseas payment by a payer with a Japanese office; residence, work location, payer and treaty can change the result. A treaty reduction/exemption ordinarily requires a treaty notification through the payer by the day before payment. Foreign-currency pay uses the NTA's prescribed telegraphic buying-rate date.","NTA nonresident withholding, current 1 April 2026 (https://www.nta.go.jp/taxes/shiraberu/taxanswer/gensen/2884.htm), Income Tax Act arts. 161, 212–213",https://www.nta.go.jp/taxes/shiraberu/taxanswer/gensen/2884.htm,2026-09-29,2025-12-01,,GAP,"JP lineage not yet seeded. No JP nonresident source-allocation, treaty-evidence or currency conversion mechanism/probe. Closure case: Dated tax residence, Japan workdays/source allocation, payer office and cost bearer, country/treaty/article, filed treaty notice, currency/rate date; probe resident-to-nonresident, domestic versus foreign duty, prepayment treaty filing and foreign currency. (Register status 2026-09-29: No [IN-SYSTEM 2026-09-29].)",tax_rules:JP_NONRESIDENT,,,
JP-TAX-12,JP,tax,"A qualifying worker/officer leaving for at least one planned year of overseas assignment generally changes tax residence; if annual wages due are ≤JPY20m and a deductions declaration exists, the employer performs year-end adjustment before departure, applying the NTA's departure-date deduction tests. After departure, overseas-duty wages of a nonresident employee generally have no Japanese withholding, whereas domestic-company director pay generally retains 20.42% unless the stated employee-role exception applies; bonuses covering Japan duty require allocation.","NTA overseas-transfer payroll and departure adjustment, current 1 April 2026 (https://www.nta.go.jp/taxes/shiraberu/taxanswer/gensen/2517.htm), Income Tax Act arts. 190, 161, 212–213",https://www.nta.go.jp/taxes/shiraberu/taxanswer/gensen/2517.htm,2026-09-29,2025-12-01,,GAP,"JP lineage not yet seeded. No JP departure-triggered adjustment, split-duty pay allocation or director/nonresident withholding probe. Closure case: Assignment expectation and departure date, employee/officer roles, wages/deductions due to departure, pay-period and bonus duty dates, Japan versus overseas duty, treaty; probe 11/12-month posting, JPY20m edge, employee versus director and mixed-duty bonus. (Register status 2026-09-29: No [IN-SYSTEM 2026-09-29].)",tax_rules:JP_DEPARTURE,,,
JP-TAX-13,JP,tax,"Employer-provided housing has a separate income-tax valuation from JP-SI-09's social-insurance prefecture table. For employees, monthly equivalent rent is based on annual building/land fixed-asset-tax bases and floor area; when the employee pays at least 50% of that calculated rent, the housing benefit is not taxable, whereas free or lower-rent housing generally creates taxable wage. Cash housing allowance or employee-direct lease reimbursement is taxable; certain mandatory on-site housing can be exempt. For officers, small housing (≤132 m² or ≤99 m² by building life), larger owned versus leased housing, and luxury housing have different rent bases; the employee 50% exemption cannot simply be applied to directors.","NTA employee housing, current 1 April 2026 (https://www.nta.go.jp/taxes/shiraberu/taxanswer/gensen/2597.htm); NTA officer housing, current 1 April 2026 (https://www.nta.go.jp/taxes/shiraberu/taxanswer/gensen/2600.htm); NTA 2025 withholding guide (https://www.nta.go.jp/publication/pamph/gensen/aramashi2024/)",https://www.nta.go.jp/taxes/shiraberu/taxanswer/gensen/2597.htm,2026-09-29,2025-12-01,,GAP,"JP lineage not yet seeded. No JP property-level taxable-housing valuation or role/evidence boundary probe. Closure case: Occupant role, property ownership/lease, asset-tax valuation year, floor area/building life, employer and worker rent, on-site necessity and luxury assessment; verify Dec 2025 versus 2026 source continuity and probe 49.99/50% employee charge, cash allowance and small/large/luxury director housing. (Register status 2026-09-29: No [IN-SYSTEM 2026-09-29].)",pay_components.jp_housing_benefit,,,
JP-TAX-14,JP,tax,"On return to Japanese tax residence after an overseas assignment, wages/bonus due after return are withheld as resident income on the full payment even if earned partly during nonresidence. If the worker submits the deductions declaration after return, the employer's year-end adjustment covers wages due from return to year end; eligible insurance-premium deductions are restricted to amounts paid after return, while personal/dependent deductions follow the resident rules. This is different from the departure branch JP-TAX-12.","NTA return-from-overseas withholding and year-end adjustment, current 1 April 2026 (https://www.nta.go.jp/taxes/shiraberu/taxanswer/gensen/2518.htm), Income Tax Act arts. 183, 190",https://www.nta.go.jp/taxes/shiraberu/taxanswer/gensen/2518.htm,2026-09-29,2025-12-01,,GAP,"JP lineage not yet seeded. No JP return-date resident tax selector or bounded year-end-history/deduction production probe. Closure case: Dated return/residence, wage/bonus due dates and assessment span, declaration date, post-return premium payments and prior tax history; probe bonus earned abroad but due after return versus before return, and year-end adjustment with pre-return insurance payments. (Register status 2026-09-29: No [IN-SYSTEM 2026-09-29].)",tax_rules:JP_RETURN_RESIDENT,,,
JP-TAX-15,JP,tax,"2026 annual income-tax reform: the higher basic deduction, JPY740,000 minimum salary-income deduction, and revised dependent/relative income tests generally take effect 1 December 2026 for 2026 annual income. January–November 2026 monthly/daily/bonus withholding stays on the 2026 tables; the December year-end adjustment recomputes the full-year tax under the new annual table and reconciles amounts already withheld. A relative newly eligible from 1 December requires a revised worker declaration before inclusion in December withholding. The revised periodic tables start with wages due 1 January 2027, not the December 2026 run.","NTA 2026 reform commencement (https://www.nta.go.jp/users/gensen/2026kiso/index.htm); NTA 2026 amendment guide, pp. 1–2 (https://www.nta.go.jp/publication/pamph/gensen/2026kaisei.pdf); NTA 2026 year-end guide, pp. 3–4 (https://www.nta.go.jp/publication/pamph/gensen/nencho2026/pdf/102.pdf)",https://www.nta.go.jp/users/gensen/2026kiso/index.htm,2026-09-29,2026-12-01,,GAP,"JP lineage not yet seeded. No JP 2026 annual-table, declaration-effective-date or year-end settlement production probe. Closure case: Annual wage and prior tax ledger, complete official annual table, total family income/class, declaration receipt date, salary-income special bands and December adjustment eligibility; probe November/December 2026/January 2027 due dates, JPY1.32m/3.36m/4.89m/6.55m income edges, a newly qualifying relative and early final-pay worker. Source refresh 2026-09-29, correction: NTA No.1199 (re-read) sets the 令和8年分・令和9年分 resident basic deduction at JPY1.04m for total income up to JPY4.89m, JPY670k for JPY4.89m–6.55m, JPY620k for JPY6.55m–23.5m, then JPY480k/320k/160k/0 to JPY25m; from 令和10年分 JPY990k up to JPY1.32m and JPY620k above; the nonresident maximum is JPY620k. The register's JPY880k/680k/630k/580k bands were the 令和7年分 amounts (JP-TAX-29). NTA No.1410: 令和8・9年分 salary-income deduction minimum JPY740,000 up to JPY2.2m (then 30%+80k / 20%+440k / 10%+1.1m / JPY1.95m cap), with fixed results at JPY691k–741k (none) and JPY2.191m–2.2m (JPY1.451m/1.453m/1.456m); below JPY6.6m 所得税法別表第五 governs. NTA 2026kiso page: 施行 1 December 2026; withholding before December 2026 unchanged. (Register status 2026-09-29: No [IN-SYSTEM 2026-09-29].)",tax_rules:JP_NENMATSU_2026,,,
JP-TAX-16,JP,tax,"2026–27 dependent-under-23 life-insurance deduction: for a worker with a qualifying dependent younger than 23, new-policy general life-insurance premiums have deduction bands of full premium through JPY30,000; half plus JPY15,000 through JPY60,000; quarter plus JPY30,000 through JPY120,000; then JPY60,000. The general-life limit becomes JPY60,000 (formerly JPY40,000), including the stated combination with old-policy premiums, while the combined general-life/medical/pension insurance-deduction ceiling remains JPY120,000. This is a year-end deduction, not a monthly cash allowance.","NTA 2026 year-end guide, p. 4 (https://www.nta.go.jp/publication/pamph/gensen/nencho2026/pdf/102.pdf), 2026–27 tax years",https://www.nta.go.jp/publication/pamph/gensen/nencho2026/pdf/102.pdf,2026-09-29,2026-12-01,,GAP,"JP lineage not yet seeded. No JP documented insurance-policy/deduction history or annual cap/band production probe. Closure case: Dependent age/status, insurance certificate and old/new policy amounts, payment year, other insurance deductions and annual table; probe ages 22/23, premiums JPY30k/60k/120k and old/new-policy mix in 2025 versus 2026 adjustments. (Register status 2026-09-29: No [IN-SYSTEM 2026-09-29].)",tax_rules:JP_NENMATSU_2026.life_insurance,,,
JP-TAX-17,JP,filing,"The NTA says eLTAX's combined electronic salary-report/withholding-slip filing function ends with September 2026. From 1 January 2027, submitting a salary-payment report to the municipality is deemed tax-office submission of the corresponding salary withholding slip, while the employer must still issue an individual slip to each worker; the deemed rule does not dispose of every other statutory report type.",NTA deemed-submission and eLTAX cutover page (https://www.nta.go.jp/users/gensen/hotei/index/minashi.htm),https://www.nta.go.jp/users/gensen/hotei/index/minashi.htm,2026-09-29,2027-01-01,,EXTERNAL,"JP lineage not yet seeded. Employer duty outside the calculator; no JP obligation or evidence record yet. No JP authority-submission route/version, receipt or worker-slip delivery workflow. Closure case: Filing date, report type/recipient municipality, successful receipt, tax-office deemed status, worker delivery and exception/form content; probe September/October 2026 legacy combined filing and January 2027 municipality filing with worker slip preserved. (Register status 2026-09-29: No [EXTERNAL 2026-09-29].)",obligations:JP_KYUYO_SHIHARAI_HOKOKUSHO,,,
JP-RES-01,JP,tax,"Withhold municipality-notified resident tax/forest-environment tax from June–following May pay; amount comes from individual municipality notice, not national tax formula; midyear joining/termination and municipality transfer matter.",Shinjuku special collection (https://www.city.shinjuku.lg.jp/hoken/file04_04_00001.html); Yokohama termination rule (https://www.city.yokohama.lg.jp/kurashi/koseki-zei-hoken/zeikin/jigyosya/shizei/choshu/kirikaeiraisyo.html),https://www.city.shinjuku.lg.jp/hoken/file04_04_00001.html,2026-09-29,2025-12-01,,GAP,"JP lineage not yet seeded. Municipality notice ingestion, twelve scheduled installments, changes, January–April termination lump collection, employer reporting and next-month 10th remittance. (Register status 2026-09-29: No [IN-SYSTEM 2026-09-29].)",facts.jp.resident_tax_notice,,,
JP-RES-02,JP,tax,"Withhold/remit resident tax on taxable retirement pay to proper municipality, distinct from annual resident-tax installment.",Yokohama retirement special collection (https://www.city.yokohama.lg.jp/kurashi/koseki-zei-hoken/zeikin/jigyosya/shizei/choshu/kirikaeiraisyo.html),https://www.city.yokohama.lg.jp/kurashi/koseki-zei-hoken/zeikin/jigyosya/shizei/choshu/kirikaeiraisyo.html,2026-09-29,2025-12-01,,GAP,"JP lineage not yet seeded. Municipality, January-1 residence, tax base/rates and filing/next-month deadline. (Register status 2026-09-29: No [IN-SYSTEM 2026-09-29].)",tax_rules:JP_RESIDENT_TAX_RETIREMENT,,,
JP-RES-03,JP,filing,"A municipality-approved employer with fewer than ten people regularly receiving wages may keep monthly resident-tax withholding but remit June–November deductions by 10 December and December–May deductions by 10 June, instead of the ordinary next-month tenth. If headcount becomes ten or more, report loss of the special-remittance condition without delay. This exception is authority approval and municipality specific; it does not change worker installment amounts.","Shinjuku special-remittance application, deadlines and loss notice (https://www.city.shinjuku.lg.jp/hoken/file04_00007.html), current 3 April 2025",https://www.city.shinjuku.lg.jp/hoken/file04_00007.html,2026-09-29,2025-12-01,,EXTERNAL,"JP lineage not yet seeded. Employer duty outside the calculator; no JP obligation or evidence record yet. No JP municipality-approval/headcount remittance schedule or payment-evidence probe. Closure case: Municipality approval ID/effective and cancellation dates, regular payee count, monthly notice installments, remitted versus unpaid balance and holiday adjustments; probe 9/10 workers, December/June due dates and headcount change mid-cycle. (Register status 2026-09-29: No [EXTERNAL 2026-09-29].)",obligations:JP_RESIDENT_TAX_REMITTANCE,,,
JP-RES-04,JP,tax,"Exit/transfer resident-tax collection follows the municipality's notice and movement filing. Yokohama requires an employee-movement notice by the tenth of the month after exit; if a salary report was filed and the worker left by 1 April, the new-year notice is due 15 April. June–December exits generally switch unpaid installments to personal payment unless lump collection is requested; January–April exits require lump collection from remaining wage/retirement pay, subject to lawful available payment. A worker transferring to another employer may continue special collection after the old/new employer handoff and municipality filing; a midyear hire can switch unpaid personal installments on request. Report an erroneous 1 January address to the correct municipality, including cancellation/correction of the earlier salary report.","Yokohama movement, lump collection, transfer and correction rules, updated 13 August 2026 (https://www.city.yokohama.lg.jp/kurashi/koseki-zei-hoken/zeikin/jigyosya/shizei/choshu/kirikaeiraisyo.html)",https://www.city.yokohama.lg.jp/kurashi/koseki-zei-hoken/zeikin/jigyosya/shizei/choshu/kirikaeiraisyo.html,2026-09-29,2025-12-01,,GAP,"JP lineage not yet seeded. No JP event-based municipal withholding reassignment, movement filing or amended-notice production probe. Closure case: Municipality and notice year, exit/transfer/hire dates, remaining pay, worker lump/transfer request, old/new employer evidence, salary-report address and corrected notice; probe 31 December/1 January/30 April exits, zero final pay, second-employer handoff and wrong January-1 municipality. (Register status 2026-09-29: No [IN-SYSTEM 2026-09-29].)",facts.jp.resident_tax_notice.exit,,,
JP-RES-05,JP,tax,"For municipalities issuing electronic resident-tax special-collection notices, an eLTAX salary-report submission may elect signed employer and/or worker notice originals in electronic form, each independently chosen instead of paper. The employer must match each worker notice and password-information file to the correct recipient number and deliver it confidentially; Yokohama's download window is 60 days. A revised authority notice supersedes the earlier installment schedule only after receipt and reconciliation.","Yokohama electronic-notice election and worker distribution, updated 5 January 2026 (https://www.city.yokohama.lg.jp/kurashi/koseki-zei-hoken/zeikin/jigyosya/shizei/choshu/tokuchozeitu.html); Shinjuku electronic notices (https://www.city.shinjuku.lg.jp/hoken/zeimu01_000001_00035.html)",https://www.city.yokohama.lg.jp/kurashi/koseki-zei-hoken/zeikin/jigyosya/shizei/choshu/tokuchozeitu.html,2026-09-29,2025-12-01,,GAP,"JP lineage not yet seeded. No JP municipality-notice ingestion, secure recipient distribution or superseding-notice production probe. Closure case: Municipality/eLTAX filing, elected medium, employer/recipient IDs, notice issue/revision dates, secure worker delivery and retrieval proof; probe paper/electronic combinations, duplicate or changed recipient number, 60-day expiry and revised installment. (Register status 2026-09-29: No [IN-SYSTEM 2026-09-29].)",facts.jp.resident_tax_notice.electronic,,,
JP-RES-06,JP,tax,Shinjuku's 2025 fiscal-year onward treatment for a worker with wages from multiple employers aggregates their salary income for resident tax and assigns all salary-derived special collection to the primary salary payer. This selection does not follow JP-SI-08's health-insurance primary workplace or JP-EI-05's selected two jobs. Other income and pension withholding can remain on separate collection routes.,"Shinjuku resident-tax guidance, §給与からの特別徴収 (https://www.city.shinjuku.lg.jp/hoken/file04_03_00001.html), 2025 fiscal year",https://www.city.shinjuku.lg.jp/hoken/file04_03_00001.html,2026-09-29,2025-12-01,,GAP,"JP lineage not yet seeded. No JP municipality-authorized primary payer, multiple-employer notice or independent collection-route production probe. Closure case: Municipality-issued primary-payer notice, multiple wage payers and income category, fiscal year, employer reassignment and worker notice; reconcile the nationwide/local authority scope before generalizing beyond Shinjuku, and probe two jobs with a non-primary employer. (Register status 2026-09-29: No [IN-SYSTEM 2026-09-29].)",facts.jp.resident_tax_primary_payer,,,
JP-SI-01,JP,contribution,"Determine health/pension enrolment by workplace and employee, including short-time worker 20h, headcount, student, wage and contract-duration conditions; dates and statutory transitional changes. The JPY88,000 scheduled-monthly-wage enrolment condition is abolished 1 October 2026 by promulgated commencement decree, whereas it still applies before that date.",MHLW enrolment (https://www.mhlw.go.jp/tekiyoukakudai/jugyouin/taisho/); 2025 amendment Act art. 1(1)(ix) (https://www.shugiin.go.jp/internet/itdb_housei.nsf/html/housei/21720250620074.htm); 2026 Cabinet Order No. 275 (https://www.mhlw.go.jp/hourei/doc/hourei/H260911T0020.pdf); JPS acquisition decision (https://www.nenkin.go.jp/service/kounen/hokenryo/hoshu/20120330.html),https://www.mhlw.go.jp/tekiyoukakudai/jugyouin/taisho/,2026-09-29,2025-12-01,,GAP,"JP lineage not yet seeded. October boundary now legally dated; employer/worker evidence, other membership exceptions and gain/loss filing still need mechanisms and probes. (Register status 2026-09-29: No [IN-SYSTEM 2026-09-29].)",facts.jp.social_insurance_enrolment,,,
JP-SI-02,JP,contribution,"Health, care (age), pension and 2026 child-support premiums by correct insurer/branch, insurance month, standard monthly remuneration grade and applicable shared rate.",JPS premium table (https://www.nenkin.go.jp/service/kounen/hokenryo/ryogaku/ryogakuhyo/20200825.html); Kyokai Kenpo prefecture rates (https://www.kyoukaikenpo.or.jp/about/business/insurance_rate/rate_prefectures/); child-support start (https://www.cfa.go.jp/policies/kodomokosodateshienkinseido),https://www.nenkin.go.jp/service/kounen/hokenryo/ryogaku/ryogakuhyo/20200825.html,2026-09-29,2025-12-01,,GAP,"JP lineage not yet seeded. Grade/rate tables for all governing months and insurer branches, ages, collection timing and rounding; 2026 April insurance versus May-pay boundary. Source refresh 2026-09-29: Kyokai 令和8年度 prefectural rates apply from the March 2026 insurance month (April remittance) and are all 47 unchanged from the register (JP-KK01–47); care rate 1.62% (令和7年度 1.59%); child/childcare support 0.23% from April 2026 insurance (JP-SI-14). The actual employer's insurer branch and insurance month select the rate, not residence or payslip month. Health grades are JP-SI-20. (Register status 2026-09-29: No [IN-SYSTEM 2026-09-29].)",statutory_contributions:JP_HEALTH,,,
JP-SI-03,JP,contribution,"Acquisition, annual September and qualifying midyear standard-monthly-remuneration decisions; base months/days, fixed-pay change and two-grade test.",JPS acquisition (https://www.nenkin.go.jp/service/kounen/hokenryo/hoshu/20120330.html); regular decision (https://www.nenkin.go.jp/service/kounen/hokenryo/hoshu/20121017.html); midyear revision (https://www.nenkin.go.jp/service/kounen/hokenryo/hoshu/20150515-02.html),https://www.nenkin.go.jp/service/kounen/hokenryo/hoshu/20120330.html,2026-09-29,2025-12-01,,GAP,"JP lineage not yet seeded. Pre-support opening grade and prior April–June/fixed-pay history, forms, eligibility and effective-month probes. JPS acquisition decision: remuneration at the new job by prescribed estimation, filing within five days; an acquisition 1 June–31 December keeps the grade to the next August. Regular decision (定時決定): April–June eligible remuneration, grade from September to next August, filed by 10 July (JP-FIL-01). Midyear revision (随時改定): fixed-pay change + three eligible months + generally two grades, effective the fourth month, with one-grade ceiling/floor exceptions (JP-FIL-02). Base days: 17 (11 for covered short-time workers). Standard monthly remuneration is not each month's gross or a former employer's salary. (Register status 2026-09-29: No [IN-SYSTEM 2026-09-29].)",facts.jp.standard_monthly_remuneration,,,
JP-SI-04,JP,contribution,"Standard bonus by payment month, JPY1,000 floor, pension monthly cap and health April–March same-insurer cumulative cap; insurer changes and filings.",JPS bonus guidance (https://www.nenkin.go.jp/service/kounen/hokenryo/hoshu/20141203.html),https://www.nenkin.go.jp/service/kounen/hokenryo/hoshu/20141203.html,2026-09-29,2025-12-01,,GAP,"JP lineage not yet seeded. Same-insurer previous-employer bonus history, monthly aggregation, caps, status-loss month and five-day filing probes. JPS pension guidance: 18.3% pension rate split equally on the monthly grade or standard bonus; payments four or more times a year enter monthly remuneration. Bonus: aggregate same-month payments, floor to JPY1,000, pension cap JPY1.5m/month, health cap JPY5.73m per April–March under the same insurer (a different insurer starts a new cap); filing within five days (JP-FIL-03). Re-read 2026-09-29 in the Kyokai 令和8年度 premium table notes, which state both caps. (Register status 2026-09-29: No [IN-SYSTEM 2026-09-29].)",facts.jp.standard_bonus,,,
JP-SI-05,JP,contribution,"Separate office-total and employee-share rounding, bonus included: office total is the sum of unrounded insured-person premium amounts with sub-yen total discarded; salary/bonus employee deduction rounds an exact 0.50 yen down, above 0.50 up; a worker paying the employer cash rounds 0.50 up. An employer/worker agreement can override the default; employer share is notified office total less employee deductions.","JPS calculation method, §§1–3 (https://www.nenkin.go.jp/service/kounen/hokenryo/nofu/20121026.html)",https://www.nenkin.go.jp/service/kounen/hokenryo/nofu/20121026.html,2026-09-29,2025-12-01,,GAP,"JP lineage not yet seeded. Distinguish deduction versus cash payment and agreement, run exact .49/.50/.51 probes, reconcile employer/employee shares to office notice. Generic per-person round-half-up is wrong at .50 for payroll deductions. (Register status 2026-09-29: No [IN-SYSTEM 2026-09-29].)",statutory_contributions:JP_HEALTH.rounding,,,
JP-SI-06,JP,contribution,"Optional JPS premium-adjustment scheme for eligible newly covered short-time workers at eligible establishments: for standard monthly remuneration ≤JPY126,000 and a timely establishment election, reduce the employee health/pension share by grade-based 2–25% of total premium for months 1–24, then half that reduction for months 25–36; employer temporarily pays the extra and receives a later offset. Bonus, care and child-support contributions are excluded.",JPS scheme (https://www.nenkin.go.jp/service/kounen/hokenryo/hokenryochosei/gaiyo.html); eligible establishments (https://www.nenkin.go.jp/service/kounen/hokenryo/hokenryochosei/jigyosho.html); eligible workers (https://www.nenkin.go.jp/service/kounen/hokenryo/hokenryochosei/hihokensha.html); calculation (https://www.nenkin.go.jp/service/kounen/hokenryo/hokenryochosei/keisan.html); stop/restart (https://www.nenkin.go.jp/service/kounen/hokenryo/hokenryochosei/teishi.html),https://www.nenkin.go.jp/service/kounen/hokenryo/hokenryochosei/gaiyo.html,2026-09-29,2026-10-01,,GAP,"JP lineage not yet seeded. Dated election/qualification evidence, six-grade calculation and rounding, automatic stop/restart and three-year clock, employer temporary liability and offset, delinquency exception; compare opted-in versus opted-out payroll. Carried detail: eligible routes are voluntary specified-establishment status 1 October 2026–30 September 2035 and phased size expansion (36–50 members from October 2027, 21–35 from October 2029, 11–20 from October 2032, 10 or fewer from October 2035); filing by the end of the month before the second anniversary of qualification (October 2026 voluntary → 30 September 2028). Applies to every eligible short-time worker at grade ≤JPY126,000; excludes multi-establishment and leave-exempt workers. Reduction = grade × health or pension total rate × 25/20/14/9/5/2% (grades 88k/98k/104k/110k/118k/126k) for months 1–24 and half for 25–36, rounded half-up to the yen (distinct from JP-SI-05). Zero eligible workers before the deadline stops the clock; employer offset three months later. (Register status 2026-09-29: No [IN-SYSTEM 2026-09-29].)",statutory_contributions:JP_PREMIUM_ADJUSTMENT,,,
JP-SI-07,JP,contribution,"Health/pension premium exemptions during qualifying maternity and childcare leave use insurance-month and leave-span tests; same-month childcare leave can exempt monthly premium with at least 14 days, but bonus exemption has a separate over-one-month/bonus-month-end test.",JPS childcare premium-exemption rule (https://www.nenkin.go.jp/section/faq/kounen/hokenryo/20140912.html),https://www.nenkin.go.jp/section/faq/kounen/hokenryo/20140912.html,2026-09-29,2025-12-01,,GAP,"JP lineage not yet seeded. No dated JP leave-to-premium mechanism, employer declaration or production boundary probe. Closure case: Pregnancy/leave dates, maternity precedence, month-end and 14-day rules, bonus timing, notice and return-to-work corrections; probe 13/14 days and one-month bonus boundary. (Register status 2026-09-29: No [IN-SYSTEM 2026-09-29].)",facts.jp.premium_exemption,,,
JP-SI-08,JP,contribution,"An employee insured at two or more applicable workplaces selects a primary establishment/insurer by filing within ten days; JPS combines remuneration from all workplaces to decide the standard monthly grade, applies the selected insurer's health rate and allocates the resulting premium to employers in proportion to their own remuneration. JPS notifies each employer of its share. A covered public-sector mutual-aid job can force its selection. This differs from EI's 65-plus multi-job rule.","JPS multi-workplace guidance, updated 25 December 2025 (https://www.nenkin.go.jp/service/kounen/tekiyo/hihokensha1/20131022.html)",https://www.nenkin.go.jp/service/kounen/tekiyo/hihokensha1/20131022.html,2026-09-29,2025-12-01,,GAP,"JP lineage not yet seeded. No multi-workplace remuneration, selected-insurer, apportioned-premium or notification history mechanism/probe. Closure case: Other-workplace insured status/pay, selected insurer and evidence, combined grade, JPS allocation notice, each employer's deduction and changes; probe two employers with unequal pay, insurer switch and mutual-aid exception. (Register status 2026-09-29: No [IN-SYSTEM 2026-09-29].)",facts.jp.multi_workplace_insurance,,,
JP-SI-09,JP,contribution,"1 April 2026: JPS changed the prefecture table for in-kind meals counted toward standard remuneration; 1 October 2026 changes in-kind housing from living-room area per tatami mat to total floor area per square metre, with all prefecture values changed. Other goods generally use market value, subject to a labour agreement; a health-insurance society may have its own rules. Use the worksite/managed-branch or dispatching agency's prefecture as JPS directs, and prorate midmonth housing. The change in official in-kind value can count as a fixed-pay change for midyear grade revision; closing date does not shift the in-kind month.",JPS 2026 schedule and Q&A (https://www.nenkin.go.jp/service/kounen/hokenryo/hoshu/20150511.files/2026.pdf); JPS consolidated value index (https://www.nenkin.go.jp/service/kounen/hokenryo/hoshu/20150511.html),https://www.nenkin.go.jp/service/kounen/hokenryo/hoshu/20150511.files/2026.pdf,2026-09-29,2025-12-01,,GAP,"JP lineage not yet seeded. No JP prefecture/insurer in-kind valuation schedule, area-unit transition or downstream grade production probe. Closure case: All 47 food/housing value rows, dated food period and housing area unit, employee charge, employer branch/dispatch relationship, insurer society rule, midmonth occupancy and grade revision; probe March/April meals, 30 September/1 October housing, branch versus worker residence, and grade change. (Register status 2026-09-29: No [IN-SYSTEM 2026-09-29].)",settings.jp.in_kind_value,,,
JP-SI-10,JP,contribution,"Under an applicable bilateral social-security agreement, a qualifying temporary inbound assignee may remain in the sending-country system and receive a Japanese pension/health contribution exemption only for covered branches with a foreign authority certificate of coverage and applicable filing; reciprocal outbound assignments can retain Japanese coverage. The often-cited five-year assignment term is subject to each country's agreement and approved extensions, and an agreement may cover only pension rather than health.",JPS inbound selection (https://www.nenkin.go.jp/service/shaho-kyotei/shikumi/nijukanyuboshi/fromother01.html); JPS certificate and filing procedure (https://www.nenkin.go.jp/service/shaho-kyotei/shikumi/nijukanyuboshi/20120802-02.html); JPS agreement index (https://www.nenkin.go.jp/service/shaho-kyotei/shaho.html),https://www.nenkin.go.jp/service/shaho-kyotei/shikumi/nijukanyuboshi/fromother01.html,2026-09-29,2025-12-01,,GAP,"JP lineage not yet seeded. No country-specific treaty selection, coverage-certificate evidence or contribution-exemption production probe. Closure case: Country/agreement/effective period, assignment plan, employment continuity, covered insurance branches, valid certificate and extension, Japanese workplace filing; probe certified versus uncertified inbound worker and five-year/extension boundary. (Register status 2026-09-29: No [IN-SYSTEM 2026-09-29].)",facts.jp.totalization_certificate,,,
JP-SI-11,JP,contribution,"The Japan–Austria agreement began 1 December 2025, precisely at this inventory's start. A certified Austrian-to-Japan temporary employee assigned for at most five planned years can be exempt from Japanese pension and employment insurance but remains in Japanese health insurance as well as Austrian sickness insurance. A certified Japan-to-Austria assignee retains Japanese pension/EI, yet Austrian sickness and accident insurance can still apply. A bilateral agreed extension can reach an eight-year combined term. Employment that began before commencement has a distinct transition.","JPS Austria country rule, §§1, 4–5 (https://www.nenkin.go.jp/service/shaho-kyotei/kunibetsu/notice/austria.html); JPS commencement/forms (https://www.nenkin.go.jp/shinsei/kyotei/austria/austria1.html)",https://www.nenkin.go.jp/service/shaho-kyotei/kunibetsu/notice/austria.html,2026-09-29,2025-12-01,,GAP,"JP lineage not yet seeded. No Austria-specific agreement dates/covered-branch logic, certificate evidence or production probe. Closure case: Direction, commencement/assignment dates, signed coverage certificate, pension/EI/health branch selection, pre-existing assignment and approved extension; probe 30 November versus 1 December 2025, inbound pension/EI zero but Japanese health retained, and five/eight-year boundary. (Register status 2026-09-29: No [IN-SYSTEM 2026-09-29].)",facts.jp.totalization_certificate.AT,,,
JP-SI-12,JP,contribution,"Age and exit transitions: Kyokai care-insurance payroll contributions start for the insurance month containing the day before the 40th birthday and cease from the month containing the day before the 65th birthday; municipality care collection from 65 is a separate obligation. Ordinary employees leave employees' pension at 70, with the 70th-birthday predecessor as the attainment date; JPS waives the employer's 70-plus worker filing only when the worker stays at the same workplace and the deemed remuneration grade is unchanged, otherwise filing is due within five days. Health-insurance coverage ends on the 75th birthday. Retirement/death loss is the following day, transfer/contract-change loss the same day; JPS loss filing is due within five days. Same-month pension acquisition/loss can generate a contribution refund after alternative cover, which the employer must pass back to the worker.","Kyokai age-40/65 examples (https://www.kyoukaikenpo.or.jp/shibu/ibaraki/public_relations/009/); JPS 70-plus filing exception (https://www.nenkin.go.jp/oshirase/topics/2019/2019031501.html); JPS loss dates, refund and filing, updated 2 December 2025 (https://www.nenkin.go.jp/service/kounen/tekiyo/hihokensha1/20150407-02.html)",https://www.kyoukaikenpo.or.jp/shibu/ibaraki/public_relations/009/,2026-09-29,2025-12-01,,GAP,"JP lineage not yet seeded. No JP age-specific membership/month selector, exit-reason filing/refund or production boundary probe. Closure case: Birth date, insurer, coverage and worksite continuity, prior/new grades, reason/event date, successor cover and JPS refund; probe birthdays on the first/second day of a month, 69→70, 74→75, 31 March retirement versus 1 April loss, and same-month re-enrolment. (Register status 2026-09-29: No [IN-SYSTEM 2026-09-29].)",facts.jp.social_insurance_enrolment.age,,,
JP-SI-13,JP,records,"From 2 December 2025, previously issued paper Kyokai health-insurance cards no longer establish treatment eligibility (unless coverage already ended sooner). The employee/dependant uses an activated My Number health card or Kyokai's qualification-confirmation document; acquisition/dependant-change forms must request that document when needed. On loss, an employer submitting the Kyokai loss filing returns issued qualification-confirmation and related certificates, or files a nonreturn notice if unrecoverable. The employee's national ID number itself must follow JP-HR-11's restricted handling.","JPS 1 December 2025 paper-card cutoff and new acquisition-form field (https://www.nenkin.go.jp/oshirase/taisetu/2024/202410/1018.html); JPS loss-document rule, updated 2 December 2025 (https://www.nenkin.go.jp/service/kounen/tekiyo/hihokensha1/20150407-02.html)",https://www.nenkin.go.jp/oshirase/taisetu/2024/202410/1018.html,2026-09-29,2025-12-02,,EXTERNAL,"JP lineage not yet seeded. Employer duty outside the calculator; no JP obligation or evidence record yet. No JP card/document eligibility, acquisition-form request or departure-document workflow/probe. Closure case: Insurer, worker/dependant enrolment and loss dates, ID-card activation, document issue/return status, required form flag and privacy evidence; probe 1/2 December eligibility, entrant lacking activated card, dependant change and unreturned document. (Register status 2026-09-29: No [EXTERNAL 2026-09-29].)",obligations:JP_HEALTH_CARD_DOCUMENTS,,,
JP-SI-14,JP,contribution,"2026 child/childcare support contribution: from the April 2026 insurance month (ordinarily withheld from May pay), the employee-insurance 2026 rate is 0.23% of standard monthly remuneration and standard bonus, generally shared equally by employer and employee and collected with health insurance. It is due for enrolled employees including an overseas assignee who retains Japanese health cover, but follows medical/pension premium exemption during qualifying maternity/childcare leave. National Health Insurance and late-elderly medical coverage instead use municipality/region insurer amounts and are not automatically employer payroll deductions.","Children and Families Agency 2026 amount/start/coverage (https://www.cfa.go.jp/policies/kodomokosodateshienkinseido); agency employer leaflet, p. 2 (https://www.cfa.go.jp/assets/contents/node/basic_page/field_ref_resources/fb3dbb28-102a-4840-90a5-00ad2e0d117f/0049a2f8/20260226policies-kodomokosodateshienkinseido-11.pdf); Kyokai 2026 rate (https://www.kyoukaikenpo.or.jp/about/business/insurance_rate/003/)",https://www.cfa.go.jp/policies/kodomokosodateshienkinseido,2026-09-29,2026-04-01,,GAP,"JP lineage not yet seeded. No JP child-support rated component, month/bonus/leave selector or production boundary probe. Closure case: Insurer/insurance month, monthly grade and standard bonus, enrolment/overseas continuation, exempt leave and JPS employee-share rounding; probe March versus April insurance, April bonus, leave exemption and nonemployee insurer. (Register status 2026-09-29: No [IN-SYSTEM 2026-09-29].)",statutory_contributions:JP_CHILD_SUPPORT_LEVY,,,
JP-SI-15,JP,bonus,"Bonus classification and cap history: pay for labour made three or fewer times yearly is generally a social-insurance bonus; four or more recurring payments feed monthly standard remuneration instead. JPS requires a bonus filing within five days of payment (and a no-bonus report for a registered bonus month with no payment). A bonus in an insurance-loss month is generally not premium-bearing, except same-month acquisition/loss as specified; nevertheless health standard bonus paid before loss, including a leave-exempt bonus, still consumes the same-insurer April–March JPY5.73m cap. On transfer/re-entry, cap aggregation can require a worker-requested cumulative declaration, later correction and refund; two payments in one month are aggregated for the JPY1.5m monthly pension cap.","JPS bonus classification, filings, exceptions and cumulative cap, updated 16 October 2025 (https://www.nenkin.go.jp/service/kounen/hokenryo/hoshu/20141203.html), §§1–4",https://www.nenkin.go.jp/service/kounen/hokenryo/hoshu/20141203.html,2026-09-29,2025-12-01,,GAP,"JP lineage not yet seeded. No JP recurring-pay classification, nonpremium cap accumulation, transfer declaration/correction or filing production probe. Closure case: Payment frequency/contract, scheduled-month register, gain/loss and leave dates, other-worksite insurer history, each bonus payment, cap declaration and JPS decision; probe 3/4 payments, loss month and same-month gain/loss, exempt bonus followed by taxable bonus near cap, two same-month bonuses and no-bonus filing. Carried example: JPY5m earlier standard bonus under the same insurer + a JPY1m new bonus leaves JPY730k of health standard-bonus capacity (subject to the cumulative declaration); a different insurer starts a separate JPY5.73m cap. (Register status 2026-09-29: No [IN-SYSTEM 2026-09-29].)",facts.jp.standard_bonus,,,
JP-EI-01,JP,contribution,"Employment-insurance membership by 31-day prospect, normal weekly 20h and statutory exceptions; employment category and entry/exit filings.",MHLW enrolment (https://www.mhlw.go.jp/stf/seisakunitsuite/bunya/0000147331.html),https://www.mhlw.go.jp/stf/seisakunitsuite/bunya/0000147331.html,2026-09-29,2025-12-01,,GAP,"JP lineage not yet seeded. Exact worker exclusions, short-time/multiple-job branches, dated eligibility and filing deadlines. (Register status 2026-09-29: No [IN-SYSTEM 2026-09-29].)",facts.jp.employment_insurance_enrolment,,,
JP-EI-02,JP,contribution,"Employment-insurance employee/employer premium by eligible wage base and business category; 2025/26 fiscal rate transition (general business 5.5/9 per 1,000 to 5/8.5 on 1 April 2026). For ordinary payroll, the wage closing date selects the new rate: a March close paid in April remains at the 2025 rate.",MHLW dated rate register (https://www.mhlw.go.jp/stf/seisakunitsuite/bunya/0000108634.html); Ishikawa Labour Bureau 2026 rate notice (https://jsite.mhlw.go.jp/ishikawa-roudoukyoku/content/contents/002623198.pdf); Yamagata annual-return instructions (https://jsite.mhlw.go.jp/yamagata-roudoukyoku/content/contents/002587832.pdf),https://www.mhlw.go.jp/stf/seisakunitsuite/bunya/0000108634.html,2026-09-29,2025-12-01,,GAP,"JP lineage not yet seeded. No JP wage-closing-date selector, class/exclusion data or production boundary probe. Closure case: All three industry classes and sector exceptions, wage components, special bonus closing-date treatment, fiscal boundary and annual reconciliation; rounding is JP-EI-03. Source refresh 2026-09-29: MHLW 令和8年度 rate leaflet (content/001692566.pdf) confirms worker/employer per mille general 5/8.5, agriculture/forestry/fisheries/sake 6/9.5, construction 6/10.5 from 1 April 2026 (令和7年度 5.5/9, 6.5/10, 6.5/11); 二事業 3.5 (construction 4.5) employer-only; horticulture services, cattle/horse raising, dairy, poultry, pig farming, inland aquaculture and specified seafarers use the general rate. Registers JP-EIR-01–03. Closing-date selection: a March close paid in April keeps the 令和7年度 rate. (Register status 2026-09-29: No [IN-SYSTEM 2026-09-29].)",statutory_contributions:JP_EMPLOYMENT_INSURANCE,,,
JP-EI-03,JP,contribution,"Employment-insurance deduction rounding differs by settlement mode: from wages, exact 0.50 yen rounds down and a fraction greater than 0.50 rounds up; cash collection rounds 0.50 up. Annual labour-insurance return assigns a wage to the fiscal year of its wage closing date, even when paid after 1 April, and combines workers' compensation/employment rates where wage bases coincide before discarding the fractional yen.","MHLW annual declaration and rounding (https://www.mhlw.go.jp/www2/topics/seido/daijin/hoken/980916_3.htm); Yamagata Labour Bureau 2026 annual-return instructions, p. 8 (https://jsite.mhlw.go.jp/yamagata-roudoukyoku/content/contents/002587832.pdf); MHLW annual-return FAQ (https://www.mhlw.go.jp/bunya/roudoukijun/roudouhoken01/situmon.html)",https://www.mhlw.go.jp/www2/topics/seido/daijin/hoken/980916_3.htm,2026-09-29,2025-12-01,,GAP,"JP lineage not yet seeded. No JP 0.50 rounding, closing-date fiscal assignment or annual-return production probe. Closure case: Exact .49/.50/.51 salary-versus-cash, March-closing/April-payment fiscal return, shared-base aggregation and per-payment deduction-rate selector probes. Yamagata Labour Bureau 2026 annual-return instructions p.8: wages belong to the fiscal year of their wage closing date. Example: JPY101,000 at the 2025 general rate gives JPY555.50 → JPY555 withheld from wages, JPY556 if collected in cash. (Register status 2026-09-29: No [IN-SYSTEM 2026-09-29].)",statutory_contributions:JP_EMPLOYMENT_INSURANCE.rounding,,,
JP-EI-04,JP,contribution,"Distinguish employer wage during childcare/care absence from public employment-insurance benefits. New birth-postleave and child-shortened-hours benefits began 1 April 2025, with qualifying insured worker, other-parent/child-age and prior-wage conditions; employer filing and pay evidence affects eligibility.",MHLW April 2025 benefit changes (https://www.mhlw.go.jp/stf/newpage_51380.html); MHLW childcare benefit guidance (https://www.mhlw.go.jp/stf/seisakunitsuite/bunya/0000135090_00001.html),https://www.mhlw.go.jp/stf/newpage_51380.html,2026-09-29,2025-12-01,,GAP,"JP lineage not yet seeded. Public benefit and employer payroll are not separated by a JP eligibility/filing mechanism or probe. Closure case: Enumerate each benefit and claim condition, previous-wage reference period, employer wage offset, application dates and insurer decision; probe prior employment and part-month leave. (Register status 2026-09-29: No [IN-SYSTEM 2026-09-29].)",leave_types:JP_CHILDCARE_FAMILY.benefit,,,
JP-EI-05,JP,contribution,"Existing 65-plus multi-job holder exception: on the worker's application, two employments with 5 to under 20 contracted hours each, at least 20 hours combined and at least 31 days' expected employment each can acquire special EI status from application day, without retroactivity. The worker selects at most two different employers; each selected employer supplies required forms/records and calculates premium on its own wages. One-site termination, reduced hours or switch to ordinary 20-hour cover changes status/forms; application cannot trigger retaliation.",MHLW employer/insured FAQ (https://www.mhlw.go.jp/stf/seisakunitsuite/bunya/0000139508_00002.html),https://www.mhlw.go.jp/stf/seisakunitsuite/bunya/0000139508_00002.html,2026-09-29,2025-12-01,,GAP,"JP lineage not yet seeded. No multi-employer EI election/status history, employer form or own-wage premium production probe. Closure case: Verified other-employer contracts, age, selection/application/approval date, each employment's hours/term, own wages, change/loss event and form evidence; probe 64/65, 4.99/5/19.99/20 hours, combined 19.99/20, 30/31 days and one-site exit. (Register status 2026-09-29: No [IN-SYSTEM 2026-09-29].)",facts.jp.employment_insurance_enrolment.multi_job,,,
JP-EI-06,JP,filing,"Ordinary EI requires acquisition filing by the 10th of the next month, loss and separation certificate within ten days after loss, and intra-company transfer filing within ten days after the event; establishment opening/closure and employer-detail changes have separate ten-day filings. Worker/public-benefit certifications for old-age continuation, childcare and care require their own wage/attendance evidence and benefit deadlines.",MHLW employer procedure table (https://www.mhlw.go.jp/stf/seisakunitsuite/bunya/koyou_roudou/koyou/koyouhoken/tetsuduki_ichiran01.html),https://www.mhlw.go.jp/stf/seisakunitsuite/bunya/koyou_roudou/koyou/koyouhoken/tetsuduki_ichiran01.html,2026-09-29,2025-12-01,,EXTERNAL,"JP lineage not yet seeded. Employer duty outside the calculator; no JP obligation or evidence record yet. No JP EI filing scheduler, certificate output or filing/receipt evidence. Closure case: Event and filing dates, separation reason/ledger, transfer/site identity, benefit request and evidence; probe hire month-end, exit/death, intra-company transfer, closure and leave application deadlines. (Register status 2026-09-29: No [EXTERNAL 2026-09-29].)",obligations:JP_EI_FILINGS,,,
JP-WC-01,JP,contribution,"Employer-only workers' compensation contribution by industry; rate, eligible wages, construction special calculations and annual declaration.",MHLW workers' compensation rates (https://www.mhlw.go.jp/stf/seisakunitsuite/bunya/koyou_roudou/roudoukijun/rousai/rousaihoken06/rousai_hokenritsu_kaitei.html); annual return (https://www.mhlw.go.jp/stf/seisakunitsuite/bunya/koyou_roudou/roudoukijun/hoken/roudouhoken21/index.html),https://www.mhlw.go.jp/stf/seisakunitsuite/bunya/koyou_roudou/roudoukijun/rousai/rousaihoken06/rousai_hokenritsu_kaitei.html,2026-09-29,2025-12-01,,GAP,"JP lineage not yet seeded. Complete industry rate and employer-liability tables, activity facts and returns. (Register status 2026-09-29: No [IN-SYSTEM 2026-09-29].)",statutory_contributions:JP_WORKERS_COMP,,,
JP-WC-02,JP,wages,"For a qualifying work injury, employer pays statutory absence compensation for the first three waiting days, normally 60% of Labour Standards Act average wages. Public workers' compensation absence benefit starts day four (60% plus a distinct 20% special payment); commuting injuries and insurer offsets have separate branches.",MHLW injury/absence employer guide (https://www.mhlw.go.jp/stf/seisakunitsuite/bunya/koyou_roudou/roudoukijun/zigyonushi/rousai/index.html); MHLW benefit calculation (https://www.mhlw.go.jp/stf/seisakunitsuite/bunya/0000154476.html),https://www.mhlw.go.jp/stf/seisakunitsuite/bunya/koyou_roudou/roudoukijun/zigyonushi/rousai/index.html,2026-09-29,2025-12-01,,GAP,"JP lineage not yet seeded. No JP employer waiting-day compensation or insurer-benefit separation in a production probe. Closure case: Accident cause, waiting-day calendar, average-wage base, employer payment and public claim/decision, salary overlap and corrections; probe days 1–4 and work versus commuting injury. (Register status 2026-09-29: No [IN-SYSTEM 2026-09-29].)",pay_components.jp_injury_waiting_days,,,
JP-HIST-01,JP,records,"Import verified opening remuneration grades, insurer-specific bonus totals, taxable wage/withholding, resident-tax notices, leave/work/absence, retirement service and corrections from before 1 December 2025.","Sources in JP-TAX-03, JP-RES-01, JP-SI-03/04, JP-LAB-04",https://www.nta.go.jp/taxes/shiraberu/taxanswer/gensen/2674.htm,2026-09-29,2025-12-01,,GAP,JP lineage not yet seeded. Versioned source evidence and refusal tests when history is required but absent. (Register status 2026-09-29: No [IN-SYSTEM 2026-09-29].),employment_statutory_facts.jp_opening,,,
JP-OUT-01,JP,filing,"Reconcile payslip, statutory reports, remittances and reversals to each calculation with traceable period, rate version, source and input evidence.",NTA legal-report guide (https://www.nta.go.jp/publication/pamph/hotei/tebiki2026/index.htm); JPS remittance (https://www.nenkin.go.jp/service/kounen/hokenryo/nofu/nofu.html); MHLW annual insurance return (https://www.mhlw.go.jp/stf/seisakunitsuite/bunya/koyou_roudou/roudoukijun/hoken/roudouhoken21/index.html),https://www.nta.go.jp/publication/pamph/hotei/tebiki2026/index.htm,2026-09-29,2025-12-01,,EXTERNAL,"JP lineage not yet seeded. Employer duty outside the calculator; no JP obligation or evidence record yet. Production outputs, filing schemas/deadlines, mutation/reversal and reconciliation probes. (Register status 2026-09-29: No [EXTERNAL 2026-09-29].)",obligations:JP_RECONCILIATION,,,
JP-HR-01,JP,other,"Give the worker the legally required written employment conditions on hiring/renewal: period, place/work and their change ranges, hours, wages/payment, exit, fixed-term renewal limits; disclose indefinite-conversion opportunity and resulting conditions at the triggering renewal. Track explanation before adding/shortening a renewal cap.",MHLW 2024 condition-disclosure reform (https://www.mhlw.go.jp/stf/newpage_32105.html); MHLW fixed-term conversion (https://muki.mhlw.go.jp/),https://www.mhlw.go.jp/stf/newpage_32105.html,2026-09-29,2025-12-01,,GAP,"JP lineage not yet seeded. Current Act/ordinance crosswalk, signed/delivered contract and amendment history, effective terms, five-year renewal accumulation and specialist/older-worker exceptions; hiring, renewal and conversion probes. Source refresh 2026-09-29: the cited MHLW 2024 condition-disclosure PDF (content/001360796.pdf) now returns 404; replaced by the MHLW 2024 労働条件明示 rule page. (Register status 2026-09-29: No [IN-SYSTEM 2026-09-29].)",settings.jp.hr_01,,,
JP-HR-02,JP,other,"Part-time/fixed-term remuneration and all treatment require the correct ordinary-worker comparator, no unreasonable or prohibited discriminatory difference, written hiring particulars and explanation on request.",MHLW Part-Time and Fixed-Term Employment Act guide (https://www.mhlw.go.jp/stf/seisakunitsuite/bunya/0000061842.html); MHLW same-pay guide (https://hatarakikatakaikaku.mhlw.go.jp/same.html),https://www.mhlw.go.jp/stf/seisakunitsuite/bunya/0000061842.html,2026-09-29,2025-12-01,,GAP,"JP lineage not yet seeded. Comparator, role/responsibility/transfer facts, each allowance/bonus/leave/benefit and explanation record; independent parity/adverse probes. (Register status 2026-09-29: No [IN-SYSTEM 2026-09-29].)",settings.jp.hr_02,,,
JP-HR-03,JP,other,"If the worker is dispatched, distinguish dispatching agency from client workplace; choose client-region/specific minimum wage, appropriate equal/balanced treatment route and information exchange, with 1 October 2026 explanation changes.","MHLW dispatch worker equal-treatment guidance (https://www.mhlw.go.jp/stf/seisakunitsuite/bunya/0000077386_00001.html); Minimum Wage Act arts. 13, 18 below",https://www.mhlw.go.jp/stf/seisakunitsuite/bunya/0000077386_00001.html,2026-09-29,2025-12-01,,GAP,"JP lineage not yet seeded. Contract/licence, client site, comparison or worker agreement, benefit and wage floors, information/notice, time limit and record branches. (Register status 2026-09-29: No [IN-SYSTEM 2026-09-29].)",settings.jp.hr_03,,,
JP-HR-04,JP,other,"Prohibit sex/pregnancy/parental-leave discrimination and perform required sexual, maternity/childcare and power-harassment prevention, consultation and adverse-treatment controls; customer harassment and job-applicant sexual-harassment duties start 1 October 2026.",MHLW equality (https://www.mhlw.go.jp/stf/seisakunitsuite/bunya/koyou_roudou/koyoukintou/danjokintou/index.html); MHLW harassment reform (https://www.mhlw.go.jp/stf/seisakunitsuite/bunya/koyou_roudou/koyoukintou/seisaku06/),https://www.mhlw.go.jp/stf/seisakunitsuite/bunya/koyou_roudou/koyoukintou/danjokintou/index.html,2026-09-29,2025-12-01,,EXTERNAL,"JP lineage not yet seeded. Employer duty outside the calculator; no JP obligation or evidence record yet. Applicable law/guidelines, dated policy and complaint/response evidence, pay/assignment/termination adverse-effect controls and reform-date probes. (Register status 2026-09-29: No [EXTERNAL 2026-09-29].)",obligations:JP_HR_04,,,
JP-HR-05,JP,leave,"Apply 2025 childcare/family-care reforms beyond leave pay: child-nursing leave expansion, overtime-limit eligibility, individual care-leave notice/intention check and 40-year-old information, two or more flexible-work measures for qualifying parents, individual child-care intention check, and childcare-leave uptake publication for employers over 300.",MHLW 2025 parenting reform (https://www.mhlw.go.jp/seisakunitsuite/bunya/koyou_roudou/koyoukintou/ryouritsu/ikuji/law-amendment/); MHLW care reform (https://www.mhlw.go.jp/seisakunitsuite/bunya/koyou_roudou/koyoukintou/ryouritsu/kaigo/law-amendment/),https://www.mhlw.go.jp/seisakunitsuite/bunya/koyou_roudou/koyoukintou/ryouritsu/ikuji/law-amendment/,2026-09-29,2025-12-01,,GAP,"JP lineage not yet seeded. April/October 2025 effective branches, employee/child/care facts, written notice/election, environment, publication and leave/pay/benefit interfaces. (Register status 2026-09-29: No [IN-SYSTEM 2026-09-29].)",settings.jp.hr_05,,,
JP-HR-06,JP,filing,"From 1 April 2026, employers with 101 or more regularly employed workers must publish the gender pay gap and female-manager ratio; the pay-gap branch was previously mandatory at 301 or more, while the female-manager ratio is newly mandatory at 101 or more. First publication under the amendment uses the first fiscal year ending on/after 1 April 2026 and is due roughly three months after the next fiscal year begins; other required selected indicators differ for 101–300 versus 301-plus employers.",MHLW gender pay-gap reform (https://www.mhlw.go.jp/stf/seisakunitsuite/bunya/koyou_roudou/koyoukintou/seisaku09/index.html); MHLW/Tokyo Labour Bureau 2026 publication timing FAQ (https://jsite.mhlw.go.jp/tokyo-roudoukyoku/content/contents/002609287.pdf),https://www.mhlw.go.jp/stf/seisakunitsuite/bunya/koyou_roudou/koyoukintou/seisaku09/index.html,2026-09-29,2026-04-01,,EXTERNAL,"JP lineage not yet seeded. Employer duty outside the calculator; no JP obligation or evidence record yet. No JP employer-size/year report selector, required-indicator calculation or dated publication evidence/probe. Closure case: Count regular workers, each fiscal-year cohort, calculate and verify full-time/part-time/all-worker pay-gap and manager indicators, select extra size-specific indicators and preserve publication evidence; probe 100/101/300/301 and a fiscal year crossing 1 April 2026. (Register status 2026-09-29: No [EXTERNAL 2026-09-29].)",obligations:JP_HR_06,,,
JP-HR-07,JP,filing,"Verify immigration/work permission and report hiring/leaving of covered foreign workers; EI-insured hires use EI acquisition/loss notices, others use the separate foreign-worker report.",MHLW foreign-worker reporting (https://www.mhlw.go.jp/stf/seisakunitsuite/bunya/koyou_roudou/koyou/gaikokujin/todokede/index.html),https://www.mhlw.go.jp/stf/seisakunitsuite/bunya/koyou_roudou/koyou/gaikokujin/todokede/index.html,2026-09-29,2025-12-01,,EXTERNAL,"JP lineage not yet seeded. Employer duty outside the calculator; no JP obligation or evidence record yet. Status/nationality/document evidence, diplomatic/official/special-permanent-resident exemptions, 10th-next-month/10-days-after-loss versus next-month-end filing deadlines and amendments. (Register status 2026-09-29: No [EXTERNAL 2026-09-29].)",obligations:JP_HR_07,,,
JP-HR-08,JP,levy,Meet older-worker and disability employment measures and annual 1 June employer reports where in scope; private disability employment rate rises from 2.5% to 2.7% and reporting-size threshold from 40 to 37.5 regular workers on 1 July 2026.,MHLW annual older/disability report (https://www.mhlw.go.jp/stf/seisakunitsuite/bunya/koyou_roudou/koyou/koureisha/index_00001.html); MHLW disability report threshold (https://www.mhlw.go.jp/stf/seisakunitsuite/bunya/koyou_roudou/koyou/shougaisha-koyou_00002.html); Hokkaido Labour Bureau rate change (https://jsite.mhlw.go.jp/hokkaido-hellowork/list/abashiri/newpage_00007.html),https://www.mhlw.go.jp/stf/seisakunitsuite/bunya/koyou_roudou/koyou/koureisha/index_00001.html,2026-09-29,2025-12-01,,GAP,"JP lineage not yet seeded. Employer class/denominator, disability and age evidence, exemptions and statutory levy/reward scope, June-1 report versus July rate boundary. (Register status 2026-09-29: No [IN-SYSTEM 2026-09-29].)",settings.jp.hr_08,,,
JP-HR-09,JP,other,"Respect applicable collective agreements, worker-representative agreements and union rights when selecting pay, working-time, deductions and disciplinary terms; do not retaliate for membership or protected activity or improperly refuse bargaining.",Labour Union Act art. 7 (https://www.mhlw.go.jp/web/t_doc?dataId=73001000&dataType=0); MHLW union rights (https://www.mhlw.go.jp/stf/seisakunitsuite/bunya/koyou_roudou/roudouseisaku/roudoukumiai/index.html),https://www.mhlw.go.jp/web/t_doc?dataId=73001000&dataType=0,2026-09-29,2025-12-01,,GAP,"JP lineage not yet seeded. Collective/representative instruments and scope are absent from JP configuration; no payroll or HR compliance probe. Closure case: Employer/worker bargaining-unit scope, agreements and filed majority-representative instruments, dates, hierarchy and adverse-action evidence; payroll interaction probes. (Register status 2026-09-29: No [IN-SYSTEM 2026-09-29].)",settings.jp.hr_09,,,
JP-HR-10,JP,leave,"Provide medically directed maternity-health accommodations such as commute relief, rest, shorter hours or work restrictions when a pregnant/postnatal worker requests them; determine pay from the separate lawful agreement/benefit rather than assuming all accommodation time paid.",MHLW maternity-health card guidance (https://www.bosei-navi.mhlw.go.jp/renraku_card/); MHLW card-not-mandatory FAQ (https://www.bosei-navi.mhlw.go.jp/faq/faq04.html),https://www.bosei-navi.mhlw.go.jp/renraku_card/,2026-09-29,2025-12-01,,GAP,"JP lineage not yet seeded. Accommodation evidence and pay classification have no JP mechanism or production check. Closure case: Medical guidance/request, exact accommodation, dates, wage agreement, leave and public-benefit interface; request with/without card probes. (Register status 2026-09-29: No [IN-SYSTEM 2026-09-29].)",settings.jp.hr_10,,,
JP-HR-11,JP,records,"Collect/use employee and dependant My Number only for permitted tax/social-insurance administration; control access, records, retention and disposal, and omit My Number from the employee copy of the withholding slip.",Personal Information Protection Commission business guideline (https://www.ppc.go.jp/legal/policy/my_number_guideline_jigyosha/); employee withholding-slip copy FAQ (https://www.ppc.go.jp/all_faq_index/faq5-q5-2/),https://www.ppc.go.jp/legal/policy/my_number_guideline_jigyosha/,2026-09-29,2025-12-01,,GAP,"JP lineage not yet seeded. No reviewed JP document/output/privacy path or authority-versus-employee form probe. Closure case: Purpose, consent/identity checks where applicable, employer/processor controls, authority-form versus worker-copy field sets and legal retention/deletion schedule. (Register status 2026-09-29: No [IN-SYSTEM 2026-09-29].)",settings.jp.hr_11,,,
JP-HR-12,JP,filing,Prepare/update and publish the next-generation childcare support employer action plan when applicable; from 1 April 2025 employers with over 100 workers must analyse parental-leave uptake and working hours and set numeric goals when preparing/changing the plan.,MHLW 2025 Next Generation Act reform (https://www.mhlw.go.jp/seisakunitsuite/bunya/koyou_roudou/koyoukintou/ryouritsu/ikuji/law-amendment/),https://www.mhlw.go.jp/seisakunitsuite/bunya/koyou_roudou/koyoukintou/ryouritsu/ikuji/law-amendment/,2026-09-29,2025-12-01,,EXTERNAL,"JP lineage not yet seeded. Employer duty outside the calculator; no JP obligation or evidence record yet. Employer plan/metric/report workflow is absent and statutory exceptions and timing are not fully reviewed. Closure case: Employer count, action-plan lifecycle and publication, gendered leave and monthly overtime/holiday-hours cohorts, quantitative targets and authority filings. (Register status 2026-09-29: No [EXTERNAL 2026-09-29].)",obligations:JP_HR_12,,,
JP-HR-13,JP,other,"From 1 October 2026, an employer hiring a part-time or fixed-term worker must add to the employment-conditions notice that the worker may request an explanation of the content and reasons for treatment differences from an ordinary worker under Part-Time and Fixed-Term Employment Act art. 14(2). This joins the existing hire-time disclosures on pay rise, retirement allowance, bonus and consultation contact; a worker hired before the start date is a separate version case.","MHLW 2026 Order No. 87 and amendment page (https://www.mhlw.go.jp/stf/seisakunitsuite/bunya/0000144972.html); MHLW April 2026 worker/employer leaflet, p. 1 (https://www.mhlw.go.jp/content/001698010.pdf)",https://www.mhlw.go.jp/stf/seisakunitsuite/bunya/0000144972.html,2026-09-29,2026-10-01,,GAP,"JP lineage not yet seeded. No dated JP employment-notice template, delivery evidence or part-time/fixed-term commencement probe. Closure case: Dated hire and worker type, delivered notice/version and its explanation-right clause; probe 30 September versus 1 October 2026 hire and ordinary-worker exclusion. (Register status 2026-09-29: No [IN-SYSTEM 2026-09-29].)",settings.jp.hr_13,,,
JP-HR-14,JP,other,"From 1 October 2026, apply the revised equal-pay guideline to each actual comparator and treatment purpose: a bonus or retirement allowance can be unreasonable when its purpose also fits a part-time/fixed-term worker but the amount is not balanced to role differences; the same no-accident allowance follows identical work, family allowance a comparable prospect of continued service, housing allowance comparable transfer-with-relocation eligibility, and sick-leave wage protection comparable continued service where ordinary workers receive it. The guideline also addresses service awards, summer/winter leave and facility-use terms. These tests depend on their stated facts; they are not unconditional identical-pay rules.","MHLW Notice No. 203 and commencement (https://www.mhlw.go.jp/stf/seisakunitsuite/bunya/0000144972.html); MHLW April 2026 leaflet, pp. 2–3 (https://www.mhlw.go.jp/content/001698010.pdf)",https://www.mhlw.go.jp/stf/seisakunitsuite/bunya/0000144972.html,2026-09-29,2026-10-01,,GAP,"JP lineage not yet seeded. No JP comparator and treatment-purpose decision evidence or production parity/refusal probes for the amended guideline. Closure case: Worker/comparator contracts, work and transfer scope, bonus/allowance purpose, service expectation, facility and leave terms, dated decision explanation; probe each allowance with matched versus unmatched statutory facts around 1 October. (Register status 2026-09-29: No [IN-SYSTEM 2026-09-29].)",settings.jp.hr_14,,,
JP-HR-15,JP,other,"From 1 October 2026, the amended part-time/fixed-term employment-management guidance clarifies that the majority representative consulted on work-rule creation/change must be a nonmanager selected by an independent vote/show of hands; do not retaliate for proper representative activity and provide practical support. On a worker's request, explain treatment differences and relevant measures in an intelligible form using supporting material; issuing a document containing every explanation point is an alternative to an oral explanation with material. Some further publication/discussion steps are guidance or effort duties, so their legal force must remain separate.","MHLW Notice No. 202 and commencement (https://www.mhlw.go.jp/stf/seisakunitsuite/bunya/0000144972.html); MHLW April 2026 leaflet, pp. 4–5 (https://www.mhlw.go.jp/content/001698010.pdf)",https://www.mhlw.go.jp/stf/seisakunitsuite/bunya/0000144972.html,2026-09-29,2026-10-01,,EXTERNAL,"JP lineage not yet seeded. Employer duty outside the calculator; no JP obligation or evidence record yet. No JP representative election and treatment-explanation evidence workflow or classification probe for mandatory versus effort duties. Closure case: Site-level representative election/management facts, work-rule change, treatment-explanation request/response and materials, adverse-action evidence, mandatory versus effort classification; probe valid/invalid representative and requested/no-request explanation. (Register status 2026-09-29: No [EXTERNAL 2026-09-29].)",obligations:JP_HR_15,,,
JP-HR-16,JP,other,"From 1 October 2026, a dispatching employer must state the worker's right to request an explanation of treatment differences both when about to hire a dispatched worker and when about to dispatch that worker. The dispatch-stage notice is required under either client-comparison or compliant labour-management-agreement treatment; it is separate from the ordinary employment-conditions notice and the dispatch work-conditions notice.",MHLW 2026 dispatched-worker amendment and model forms (https://www.mhlw.go.jp/stf/seisakunitsuite/bunya/0000077386_00001.html); 2026 Order No. 87 (https://www.mhlw.go.jp/content/001696904.pdf),https://www.mhlw.go.jp/stf/seisakunitsuite/bunya/0000077386_00001.html,2026-09-29,2026-10-01,,GAP,"JP lineage not yet seeded. No JP dispatch-stage notice/form evidence or date/treatment-route probe; generic hiring disclosure cannot satisfy both events. Closure case: Dispatching-employer role, hire/assignment date, treatment route, each issued notice and delivery proof; probe a 30 September versus 1 October hire followed by a later dispatch under both treatment routes. (Register status 2026-09-29: No [IN-SYSTEM 2026-09-29].)",settings.jp.hr_16,,,
JP-HR-17,JP,wages,"Under the 2026 fiscal-year dispatch labour-management-agreement route, the agreed wage must reach the ministry's occupation-, skill/experience- and region-specific general-wage benchmark, with basic pay/bonus/allowances converted to a comparable hourly amount and commuting/retirement components tested separately. The location can be the client establishment rather than the worker's physical work point: the ministry gives a Tokyo client establishment/Saitama non-independent worksite example resolved to Tokyo. A current minimum wage still applies independently. The client-comparison route requires its own comparator information and treatment review.","MHLW 2026 fiscal-year general-wage circular, pp. 1–4 (https://www.mhlw.go.jp/content/001547248.pdf); MHLW dispatch equal-pay and yearly benchmark index (https://www.mhlw.go.jp/stf/seisakunitsuite/bunya/0000077386_00001.html)",https://www.mhlw.go.jp/content/001547248.pdf,2026-09-29,2026-04-01,,GAP,"JP lineage not yet seeded. No JP dispatch agreement/comparator model, 2026 occupation/region tables or parallel minimum-wage production probe. Closure case: Employer/dispatch route, valid representative agreement, client establishment independence, occupation/statistics table and geographic index, experience/ability level, wage components, pay hours, separate commuting/retirement amounts and comparator data; probe Tokyo-client/Saitama non-independent point versus independent site, two occupations and each 2025/26 fiscal benchmark. (Register status 2026-09-29: No [IN-SYSTEM 2026-09-29].)",settings.jp.hr_17,,,
JP-HR-18,JP,leave,"From 1 April 2026, Labour Policies Comprehensive Promotion Act art. 27-3 makes treatment-and-work coexistence support an effort duty for employers of workers needing repeated/continuing medical treatment. The 10 February 2026 guideline calls for a request/consultation route, private handling of medical data, a worker-specific physician/occupational-health review and suitable worktime, location, task or leave arrangements; paid sickness leave is not created automatically. Keep separate the Occupational Safety and Health Act's existing mandatory medical-check follow-up and medically justified work restrictions.","MHLW Notice No. 28, applied 1 April 2026, §§1–4 (https://www.mhlw.go.jp/web/t_doc?dataId=75ac0780&dataType=0&pageNo=1); MHLW employer reform notice (https://www.mhlw.go.jp/stf/seisakunitsuite/bunya/0000115267.html)",https://www.mhlw.go.jp/web/t_doc?dataId=75ac0780&dataType=0&pageNo=1,2026-09-29,2026-04-01,,GAP,"JP lineage not yet seeded. No JP treatment-support request/privacy/accommodation evidence or pay-rule integration; existing medical-duty and new effort-duty branches have no separate production checks. Closure case: Disease/treatment need, worker request and consent, physician opinion, dated accommodation, employer sick-leave/pay rule and data access; probe working treatment, unpaid versus contractual paid leave and medically necessary restriction; classify effort versus mandatory components distinctly. (Register status 2026-09-29: No [IN-SYSTEM 2026-09-29].)",settings.jp.hr_18,,,
JP-OHS-01,JP,other,"Appoint required safety/health managers, industrial physician and site committees based on establishment headcount/industry; hold and record required deliberation and report appointments/changes.",MHLW safety/health committee FAQ (https://www.mhlw.go.jp/stf/seisakunitsuite/bunya/koyou_roudou/roudoukijun/faq/1.html); Tokyo Labour Bureau appointment guide (https://jsite.mhlw.go.jp/tokyo-roudoukyoku/riyousha_mokuteki_menu/jigyounushi/jigyounushi_jouhou/senninnhoukoku.html),https://www.mhlw.go.jp/stf/seisakunitsuite/bunya/koyou_roudou/roudoukijun/faq/1.html,2026-09-29,2025-12-01,,EXTERNAL,"JP lineage not yet seeded. Employer duty outside the calculator; no JP obligation or evidence record yet. Classify each actual site/industry and dated headcount, appointment/departure/meeting/report evidence; 49/50 and sector boundary probes. (Register status 2026-09-29: No [EXTERNAL 2026-09-29].)",obligations:JP_OHS_01,,,
JP-OHS-02,JP,other,"Provide legally required entry, periodic and hazard-specific medical checks, records, follow-up and reports; classify paid work time for special examinations separately from ordinary examination treatment.",MHLW medical-check and wage FAQ (https://www.mhlw.go.jp/seisakunitsuite/bunya/koyou_roudou/roudoukijun/faq/2.html); Safety and Health Regulation (https://www.mhlw.go.jp/web/t_doc?dataId=74003000&dataType=0&pageNo=2),https://www.mhlw.go.jp/seisakunitsuite/bunya/koyou_roudou/roudoukijun/faq/2.html,2026-09-29,2025-12-01,,EXTERNAL,"JP lineage not yet seeded. Employer duty outside the calculator; no JP obligation or evidence record yet. Worker/role/hazard scope, exam cadence, site-size report threshold, health-data controls and payroll wage/leave interface. (Register status 2026-09-29: No [EXTERNAL 2026-09-29].)",obligations:JP_OHS_02,,,
JP-OHS-03,JP,other,Conduct stress checks and high-stress response with confidentiality and inspection report where due. The 2025 amended Act extends mandatory checks to sites under 50 workers from 1 April 2028.,MHLW stress-check reform (https://www.mhlw.go.jp/bunya/roudoukijun/anzeneisei12/); MHLW 50-plus report (https://www.mhlw.go.jp/stf/newpage_70557.html),https://www.mhlw.go.jp/bunya/roudoukijun/anzeneisei12/,2026-09-29,2025-12-01,,EXTERNAL,"JP lineage not yet seeded. Employer duty outside the calculator; no JP obligation or evidence record yet. 2025–28 site-size/date branches, frequency, consent/privacy, physician interview, employer report and no-retaliation controls. (Register status 2026-09-29: No [EXTERNAL 2026-09-29].)",obligations:JP_OHS_03,,,
JP-OHS-04,JP,other,"Preserve objective working-time/health-risk records and arrange physician interview, opinion and remedial action for qualifying long-hours/high-risk workers, including exempt/deemed-hours categories.",MHLW working-time record and three-year retention (https://www.check-roudou.mhlw.go.jp/qa/roudousya/roudoujikan/q5.html); Safety and Health Regulation (https://www.mhlw.go.jp/web/t_doc?dataId=74003000&dataType=0&pageNo=2),https://www.check-roudou.mhlw.go.jp/qa/roudousya/roudoujikan/q5.html,2026-09-29,2025-12-01,,EXTERNAL,"JP lineage not yet seeded. Employer duty outside the calculator; no JP obligation or evidence record yet. Exact worker thresholds, recorded overtime across payroll and health periods, request/notification/physician evidence, retention and worker-category probes. (Register status 2026-09-29: No [EXTERNAL 2026-09-29].)",obligations:JP_OHS_04,,,
JP-OHS-05,JP,filing,"Submit worker death/injury/illness reports for work-caused events, with separate four-plus and under-four-day absence routes; electronic submission has been mandatory since 1 January 2025.",MHLW 2025 accident-report reform (https://www.mhlw.go.jp/stf/seisakunitsuite/bunya/koyou_roudou/roudoukijun/denshishinsei_00002.html),https://www.mhlw.go.jp/stf/seisakunitsuite/bunya/koyou_roudou/roudoukijun/denshishinsei_00002.html,2026-09-29,2025-12-01,,EXTERNAL,"JP lineage not yet seeded. Employer duty outside the calculator; no JP obligation or evidence record yet. Event causation, absence-day count, report timing/content, insurer claim and payroll employer-compensation reconciliation; 3/4-day and death cases. (Register status 2026-09-29: No [EXTERNAL 2026-09-29].)",obligations:JP_OHS_05,,,
JP-OHS-06,JP,other,"Apply industry/task-specific safety, risk assessment, chemical/exposure, protective equipment and training duties to the actual worksite and worker; incidents may create insurer and employer wage/compensation obligations.",MHLW construction-sector safety guide (https://laws.e-gov.go.jp/law/347AC0000000057); Occupational Safety and Health Act (https://www.mhlw.go.jp/web/t_doc?dataId=74001000),https://laws.e-gov.go.jp/law/347AC0000000057,2026-09-29,2025-12-01,,EXTERNAL,"JP lineage not yet seeded. Employer duty outside the calculator; no JP obligation or evidence record yet. Enumerate current Act, regulation and sector instruments article by article, with worksite/hazard evidence; this row is an unbounded review lead, not a completed denominator. Source refresh 2026-09-29: the MHLW construction working-time site did not respond; cite the Act on e-Gov instead. (Register status 2026-09-29: No [EXTERNAL 2026-09-29].)",obligations:JP_OHS_06,,,
JP-OHS-07,JP,other,"1 April 2026: the 2025 Occupational Safety and Health Act amendment extends specified site/prime-contractor coordination, direction, emergency-rescue and safety-machine obligations to work performed alongside nonemployee independent contractors and working officers; the applicable article depends on industry, site control, joint work and role. It does not convert every contractor into a payroll employee.","MHLW 2025 amendment notice, Part I.1–3 and commencement (https://www.mhlw.go.jp/web/t_doc?dataId=00tc9164&dataType=1&pageNo=1), arts. 15, 15-3, 25-2, 29–31-4, 32–34 and 97",https://www.mhlw.go.jp/web/t_doc?dataId=00tc9164&dataType=1&pageNo=1,2026-09-29,2026-04-01,,EXTERNAL,"JP lineage not yet seeded. Employer duty outside the calculator; no JP obligation or evidence record yet. No contractor/site safety applicability or evidence workflow; article-level regulations and exceptions remain unreconciled. Closure case: Map each operative article to establishment, principal/contractor and worker role; retain site coordination, instructions, rescue, inspection and non-retaliation records; probe one employee-plus-contractor site, contractor-only site and direct versus prime contractor. (Register status 2026-09-29: No [EXTERNAL 2026-09-29].)",obligations:JP_OHS_07,,,
JP-OHS-08,JP,other,"1 April 2026: employers must endeavour to improve work environment and work management for older workers' accident prevention, under amended Occupational Safety and Health Act art. 62-2. The statutory verb is an effort duty, not a fixed allowance or universal payroll charge.","MHLW amendment notice, Part V and commencement (https://www.mhlw.go.jp/web/t_doc?dataId=00tc9164&dataType=1&pageNo=1)",https://www.mhlw.go.jp/web/t_doc?dataId=00tc9164&dataType=1&pageNo=1,2026-09-29,2026-04-01,,EXTERNAL,"JP lineage not yet seeded. Employer duty outside the calculator; no JP obligation or evidence record yet. No HR safety-risk review/evidence workflow; implementing guidance and task-specific application still need review. Closure case: Identify older-worker site/task risk and published guidance, record assessment and measures; probe older-worker hazardous task versus no applicable risk. (Register status 2026-09-29: No [EXTERNAL 2026-09-29].)",obligations:JP_OHS_08,,,
JP-OHS-09,JP,other,"1 January 2026: specified machinery self-inspections must follow ministerial standards under amended Occupational Safety and Health Act art. 45(3); 1 April 2026 changes to registered design/manufacture examination and covered machinery/training affect employers that manufacture, import, install or use the listed equipment.","MHLW amendment notice, Part IV.1–3 and commencement (https://www.mhlw.go.jp/web/t_doc?dataId=00tc9164&dataType=1&pageNo=1)",https://www.mhlw.go.jp/web/t_doc?dataId=00tc9164&dataType=1&pageNo=1,2026-09-29,2026-01-01,,EXTERNAL,"JP lineage not yet seeded. Employer duty outside the calculator; no JP obligation or evidence record yet. No equipment/inspection/training inventory or evidence workflow; implementing equipment lists and transition rules are not reconciled. Closure case: Enumerate affected equipment, employer role, ministerial standards, approved inspector/training and transition evidence; probe a covered machine inspected either side of January and a noncovered workplace. (Register status 2026-09-29: No [EXTERNAL 2026-09-29].)",obligations:JP_OHS_09,,,
JP-KK01,JP,contribution,"Kyokai Kenpo 北海道 branch general health-insurance rate (total, shared equally): 10.31% for 令和7年度 insurance months to February 2026; 10.28% from the March 2026 insurance month (April remittance). Care (ages 40–64) adds 1.62% and child support 0.23% from April 2026 insurance.",Health Insurance Act art. 160; Kyokai Kenpo 令和8年度都道府県単位保険料率 (https://www.kyoukaikenpo.or.jp/about/business/insurance_rate/rate_prefectures/r08/),https://www.kyoukaikenpo.or.jp/about/business/insurance_rate/rate_prefectures/r08/,2026-09-29,2025-12-01,,GAP,"JP lineage not yet seeded. Re-read 2026-09-29: both columns match the official table. Needs the employer establishment's Kyokai branch (not worker residence), grade table (JP-SI-20), insurance-month selection, 50-sen employee rounding (JP-SI-05) and a February/March 2026 boundary probe. (Register status 2026-09-29: No [IN-SYSTEM 2026-09-29].)",statutory_contributions:JP_HEALTH.kyokai_rate_by_prefecture.北海道,,,
JP-KK02,JP,contribution,"Kyokai Kenpo 青森県 branch general health-insurance rate (total, shared equally): 9.85% for 令和7年度 insurance months to February 2026; 9.85% from the March 2026 insurance month (April remittance). Care (ages 40–64) adds 1.62% and child support 0.23% from April 2026 insurance.",Health Insurance Act art. 160; Kyokai Kenpo 令和8年度都道府県単位保険料率 (https://www.kyoukaikenpo.or.jp/about/business/insurance_rate/rate_prefectures/r08/),https://www.kyoukaikenpo.or.jp/about/business/insurance_rate/rate_prefectures/r08/,2026-09-29,2025-12-01,,GAP,"JP lineage not yet seeded. Re-read 2026-09-29: both columns match the official table. Needs the employer establishment's Kyokai branch (not worker residence), grade table (JP-SI-20), insurance-month selection, 50-sen employee rounding (JP-SI-05) and a February/March 2026 boundary probe. (Register status 2026-09-29: No [IN-SYSTEM 2026-09-29].)",statutory_contributions:JP_HEALTH.kyokai_rate_by_prefecture.青森県,,,
JP-KK03,JP,contribution,"Kyokai Kenpo 岩手県 branch general health-insurance rate (total, shared equally): 9.62% for 令和7年度 insurance months to February 2026; 9.51% from the March 2026 insurance month (April remittance). Care (ages 40–64) adds 1.62% and child support 0.23% from April 2026 insurance.",Health Insurance Act art. 160; Kyokai Kenpo 令和8年度都道府県単位保険料率 (https://www.kyoukaikenpo.or.jp/about/business/insurance_rate/rate_prefectures/r08/),https://www.kyoukaikenpo.or.jp/about/business/insurance_rate/rate_prefectures/r08/,2026-09-29,2025-12-01,,GAP,"JP lineage not yet seeded. Re-read 2026-09-29: both columns match the official table. Needs the employer establishment's Kyokai branch (not worker residence), grade table (JP-SI-20), insurance-month selection, 50-sen employee rounding (JP-SI-05) and a February/March 2026 boundary probe. (Register status 2026-09-29: No [IN-SYSTEM 2026-09-29].)",statutory_contributions:JP_HEALTH.kyokai_rate_by_prefecture.岩手県,,,
JP-KK04,JP,contribution,"Kyokai Kenpo 宮城県 branch general health-insurance rate (total, shared equally): 10.11% for 令和7年度 insurance months to February 2026; 10.10% from the March 2026 insurance month (April remittance). Care (ages 40–64) adds 1.62% and child support 0.23% from April 2026 insurance.",Health Insurance Act art. 160; Kyokai Kenpo 令和8年度都道府県単位保険料率 (https://www.kyoukaikenpo.or.jp/about/business/insurance_rate/rate_prefectures/r08/),https://www.kyoukaikenpo.or.jp/about/business/insurance_rate/rate_prefectures/r08/,2026-09-29,2025-12-01,,GAP,"JP lineage not yet seeded. Re-read 2026-09-29: both columns match the official table. Needs the employer establishment's Kyokai branch (not worker residence), grade table (JP-SI-20), insurance-month selection, 50-sen employee rounding (JP-SI-05) and a February/March 2026 boundary probe. (Register status 2026-09-29: No [IN-SYSTEM 2026-09-29].)",statutory_contributions:JP_HEALTH.kyokai_rate_by_prefecture.宮城県,,,
JP-KK05,JP,contribution,"Kyokai Kenpo 秋田県 branch general health-insurance rate (total, shared equally): 10.01% for 令和7年度 insurance months to February 2026; 10.01% from the March 2026 insurance month (April remittance). Care (ages 40–64) adds 1.62% and child support 0.23% from April 2026 insurance.",Health Insurance Act art. 160; Kyokai Kenpo 令和8年度都道府県単位保険料率 (https://www.kyoukaikenpo.or.jp/about/business/insurance_rate/rate_prefectures/r08/),https://www.kyoukaikenpo.or.jp/about/business/insurance_rate/rate_prefectures/r08/,2026-09-29,2025-12-01,,GAP,"JP lineage not yet seeded. Re-read 2026-09-29: both columns match the official table. Needs the employer establishment's Kyokai branch (not worker residence), grade table (JP-SI-20), insurance-month selection, 50-sen employee rounding (JP-SI-05) and a February/March 2026 boundary probe. (Register status 2026-09-29: No [IN-SYSTEM 2026-09-29].)",statutory_contributions:JP_HEALTH.kyokai_rate_by_prefecture.秋田県,,,
JP-KK06,JP,contribution,"Kyokai Kenpo 山形県 branch general health-insurance rate (total, shared equally): 9.75% for 令和7年度 insurance months to February 2026; 9.75% from the March 2026 insurance month (April remittance). Care (ages 40–64) adds 1.62% and child support 0.23% from April 2026 insurance.",Health Insurance Act art. 160; Kyokai Kenpo 令和8年度都道府県単位保険料率 (https://www.kyoukaikenpo.or.jp/about/business/insurance_rate/rate_prefectures/r08/),https://www.kyoukaikenpo.or.jp/about/business/insurance_rate/rate_prefectures/r08/,2026-09-29,2025-12-01,,GAP,"JP lineage not yet seeded. Re-read 2026-09-29: both columns match the official table. Needs the employer establishment's Kyokai branch (not worker residence), grade table (JP-SI-20), insurance-month selection, 50-sen employee rounding (JP-SI-05) and a February/March 2026 boundary probe. (Register status 2026-09-29: No [IN-SYSTEM 2026-09-29].)",statutory_contributions:JP_HEALTH.kyokai_rate_by_prefecture.山形県,,,
JP-KK07,JP,contribution,"Kyokai Kenpo 福島県 branch general health-insurance rate (total, shared equally): 9.62% for 令和7年度 insurance months to February 2026; 9.50% from the March 2026 insurance month (April remittance). Care (ages 40–64) adds 1.62% and child support 0.23% from April 2026 insurance.",Health Insurance Act art. 160; Kyokai Kenpo 令和8年度都道府県単位保険料率 (https://www.kyoukaikenpo.or.jp/about/business/insurance_rate/rate_prefectures/r08/),https://www.kyoukaikenpo.or.jp/about/business/insurance_rate/rate_prefectures/r08/,2026-09-29,2025-12-01,,GAP,"JP lineage not yet seeded. Re-read 2026-09-29: both columns match the official table. Needs the employer establishment's Kyokai branch (not worker residence), grade table (JP-SI-20), insurance-month selection, 50-sen employee rounding (JP-SI-05) and a February/March 2026 boundary probe. (Register status 2026-09-29: No [IN-SYSTEM 2026-09-29].)",statutory_contributions:JP_HEALTH.kyokai_rate_by_prefecture.福島県,,,
JP-KK08,JP,contribution,"Kyokai Kenpo 茨城県 branch general health-insurance rate (total, shared equally): 9.67% for 令和7年度 insurance months to February 2026; 9.52% from the March 2026 insurance month (April remittance). Care (ages 40–64) adds 1.62% and child support 0.23% from April 2026 insurance.",Health Insurance Act art. 160; Kyokai Kenpo 令和8年度都道府県単位保険料率 (https://www.kyoukaikenpo.or.jp/about/business/insurance_rate/rate_prefectures/r08/),https://www.kyoukaikenpo.or.jp/about/business/insurance_rate/rate_prefectures/r08/,2026-09-29,2025-12-01,,GAP,"JP lineage not yet seeded. Re-read 2026-09-29: both columns match the official table. Needs the employer establishment's Kyokai branch (not worker residence), grade table (JP-SI-20), insurance-month selection, 50-sen employee rounding (JP-SI-05) and a February/March 2026 boundary probe. (Register status 2026-09-29: No [IN-SYSTEM 2026-09-29].)",statutory_contributions:JP_HEALTH.kyokai_rate_by_prefecture.茨城県,,,
JP-KK09,JP,contribution,"Kyokai Kenpo 栃木県 branch general health-insurance rate (total, shared equally): 9.82% for 令和7年度 insurance months to February 2026; 9.82% from the March 2026 insurance month (April remittance). Care (ages 40–64) adds 1.62% and child support 0.23% from April 2026 insurance.",Health Insurance Act art. 160; Kyokai Kenpo 令和8年度都道府県単位保険料率 (https://www.kyoukaikenpo.or.jp/about/business/insurance_rate/rate_prefectures/r08/),https://www.kyoukaikenpo.or.jp/about/business/insurance_rate/rate_prefectures/r08/,2026-09-29,2025-12-01,,GAP,"JP lineage not yet seeded. Re-read 2026-09-29: both columns match the official table. Needs the employer establishment's Kyokai branch (not worker residence), grade table (JP-SI-20), insurance-month selection, 50-sen employee rounding (JP-SI-05) and a February/March 2026 boundary probe. (Register status 2026-09-29: No [IN-SYSTEM 2026-09-29].)",statutory_contributions:JP_HEALTH.kyokai_rate_by_prefecture.栃木県,,,
JP-KK10,JP,contribution,"Kyokai Kenpo 群馬県 branch general health-insurance rate (total, shared equally): 9.77% for 令和7年度 insurance months to February 2026; 9.68% from the March 2026 insurance month (April remittance). Care (ages 40–64) adds 1.62% and child support 0.23% from April 2026 insurance.",Health Insurance Act art. 160; Kyokai Kenpo 令和8年度都道府県単位保険料率 (https://www.kyoukaikenpo.or.jp/about/business/insurance_rate/rate_prefectures/r08/),https://www.kyoukaikenpo.or.jp/about/business/insurance_rate/rate_prefectures/r08/,2026-09-29,2025-12-01,,GAP,"JP lineage not yet seeded. Re-read 2026-09-29: both columns match the official table. Needs the employer establishment's Kyokai branch (not worker residence), grade table (JP-SI-20), insurance-month selection, 50-sen employee rounding (JP-SI-05) and a February/March 2026 boundary probe. (Register status 2026-09-29: No [IN-SYSTEM 2026-09-29].)",statutory_contributions:JP_HEALTH.kyokai_rate_by_prefecture.群馬県,,,
JP-KK11,JP,contribution,"Kyokai Kenpo 埼玉県 branch general health-insurance rate (total, shared equally): 9.76% for 令和7年度 insurance months to February 2026; 9.67% from the March 2026 insurance month (April remittance). Care (ages 40–64) adds 1.62% and child support 0.23% from April 2026 insurance.",Health Insurance Act art. 160; Kyokai Kenpo 令和8年度都道府県単位保険料率 (https://www.kyoukaikenpo.or.jp/about/business/insurance_rate/rate_prefectures/r08/),https://www.kyoukaikenpo.or.jp/about/business/insurance_rate/rate_prefectures/r08/,2026-09-29,2025-12-01,,GAP,"JP lineage not yet seeded. Re-read 2026-09-29: both columns match the official table. Needs the employer establishment's Kyokai branch (not worker residence), grade table (JP-SI-20), insurance-month selection, 50-sen employee rounding (JP-SI-05) and a February/March 2026 boundary probe. (Register status 2026-09-29: No [IN-SYSTEM 2026-09-29].)",statutory_contributions:JP_HEALTH.kyokai_rate_by_prefecture.埼玉県,,,
JP-KK12,JP,contribution,"Kyokai Kenpo 千葉県 branch general health-insurance rate (total, shared equally): 9.79% for 令和7年度 insurance months to February 2026; 9.73% from the March 2026 insurance month (April remittance). Care (ages 40–64) adds 1.62% and child support 0.23% from April 2026 insurance.",Health Insurance Act art. 160; Kyokai Kenpo 令和8年度都道府県単位保険料率 (https://www.kyoukaikenpo.or.jp/about/business/insurance_rate/rate_prefectures/r08/),https://www.kyoukaikenpo.or.jp/about/business/insurance_rate/rate_prefectures/r08/,2026-09-29,2025-12-01,,GAP,"JP lineage not yet seeded. Re-read 2026-09-29: both columns match the official table. Needs the employer establishment's Kyokai branch (not worker residence), grade table (JP-SI-20), insurance-month selection, 50-sen employee rounding (JP-SI-05) and a February/March 2026 boundary probe. (Register status 2026-09-29: No [IN-SYSTEM 2026-09-29].)",statutory_contributions:JP_HEALTH.kyokai_rate_by_prefecture.千葉県,,,
JP-KK13,JP,contribution,"Kyokai Kenpo 東京都 branch general health-insurance rate (total, shared equally): 9.91% for 令和7年度 insurance months to February 2026; 9.85% from the March 2026 insurance month (April remittance). Care (ages 40–64) adds 1.62% and child support 0.23% from April 2026 insurance.",Health Insurance Act art. 160; Kyokai Kenpo 令和8年度都道府県単位保険料率 (https://www.kyoukaikenpo.or.jp/about/business/insurance_rate/rate_prefectures/r08/),https://www.kyoukaikenpo.or.jp/about/business/insurance_rate/rate_prefectures/r08/,2026-09-29,2025-12-01,,GAP,"JP lineage not yet seeded. Re-read 2026-09-29: both columns match the official table. Needs the employer establishment's Kyokai branch (not worker residence), grade table (JP-SI-20), insurance-month selection, 50-sen employee rounding (JP-SI-05) and a February/March 2026 boundary probe. (Register status 2026-09-29: No [IN-SYSTEM 2026-09-29].)",statutory_contributions:JP_HEALTH.kyokai_rate_by_prefecture.東京都,,,
JP-KK14,JP,contribution,"Kyokai Kenpo 神奈川県 branch general health-insurance rate (total, shared equally): 9.92% for 令和7年度 insurance months to February 2026; 9.92% from the March 2026 insurance month (April remittance). Care (ages 40–64) adds 1.62% and child support 0.23% from April 2026 insurance.",Health Insurance Act art. 160; Kyokai Kenpo 令和8年度都道府県単位保険料率 (https://www.kyoukaikenpo.or.jp/about/business/insurance_rate/rate_prefectures/r08/),https://www.kyoukaikenpo.or.jp/about/business/insurance_rate/rate_prefectures/r08/,2026-09-29,2025-12-01,,GAP,"JP lineage not yet seeded. Re-read 2026-09-29: both columns match the official table. Needs the employer establishment's Kyokai branch (not worker residence), grade table (JP-SI-20), insurance-month selection, 50-sen employee rounding (JP-SI-05) and a February/March 2026 boundary probe. (Register status 2026-09-29: No [IN-SYSTEM 2026-09-29].)",statutory_contributions:JP_HEALTH.kyokai_rate_by_prefecture.神奈川県,,,
JP-KK15,JP,contribution,"Kyokai Kenpo 新潟県 branch general health-insurance rate (total, shared equally): 9.55% for 令和7年度 insurance months to February 2026; 9.21% from the March 2026 insurance month (April remittance). Care (ages 40–64) adds 1.62% and child support 0.23% from April 2026 insurance.",Health Insurance Act art. 160; Kyokai Kenpo 令和8年度都道府県単位保険料率 (https://www.kyoukaikenpo.or.jp/about/business/insurance_rate/rate_prefectures/r08/),https://www.kyoukaikenpo.or.jp/about/business/insurance_rate/rate_prefectures/r08/,2026-09-29,2025-12-01,,GAP,"JP lineage not yet seeded. Re-read 2026-09-29: both columns match the official table. Needs the employer establishment's Kyokai branch (not worker residence), grade table (JP-SI-20), insurance-month selection, 50-sen employee rounding (JP-SI-05) and a February/March 2026 boundary probe. (Register status 2026-09-29: No [IN-SYSTEM 2026-09-29].)",statutory_contributions:JP_HEALTH.kyokai_rate_by_prefecture.新潟県,,,
JP-KK16,JP,contribution,"Kyokai Kenpo 富山県 branch general health-insurance rate (total, shared equally): 9.65% for 令和7年度 insurance months to February 2026; 9.59% from the March 2026 insurance month (April remittance). Care (ages 40–64) adds 1.62% and child support 0.23% from April 2026 insurance.",Health Insurance Act art. 160; Kyokai Kenpo 令和8年度都道府県単位保険料率 (https://www.kyoukaikenpo.or.jp/about/business/insurance_rate/rate_prefectures/r08/),https://www.kyoukaikenpo.or.jp/about/business/insurance_rate/rate_prefectures/r08/,2026-09-29,2025-12-01,,GAP,"JP lineage not yet seeded. Re-read 2026-09-29: both columns match the official table. Needs the employer establishment's Kyokai branch (not worker residence), grade table (JP-SI-20), insurance-month selection, 50-sen employee rounding (JP-SI-05) and a February/March 2026 boundary probe. (Register status 2026-09-29: No [IN-SYSTEM 2026-09-29].)",statutory_contributions:JP_HEALTH.kyokai_rate_by_prefecture.富山県,,,
JP-KK17,JP,contribution,"Kyokai Kenpo 石川県 branch general health-insurance rate (total, shared equally): 9.88% for 令和7年度 insurance months to February 2026; 9.70% from the March 2026 insurance month (April remittance). Care (ages 40–64) adds 1.62% and child support 0.23% from April 2026 insurance.",Health Insurance Act art. 160; Kyokai Kenpo 令和8年度都道府県単位保険料率 (https://www.kyoukaikenpo.or.jp/about/business/insurance_rate/rate_prefectures/r08/),https://www.kyoukaikenpo.or.jp/about/business/insurance_rate/rate_prefectures/r08/,2026-09-29,2025-12-01,,GAP,"JP lineage not yet seeded. Re-read 2026-09-29: both columns match the official table. Needs the employer establishment's Kyokai branch (not worker residence), grade table (JP-SI-20), insurance-month selection, 50-sen employee rounding (JP-SI-05) and a February/March 2026 boundary probe. (Register status 2026-09-29: No [IN-SYSTEM 2026-09-29].)",statutory_contributions:JP_HEALTH.kyokai_rate_by_prefecture.石川県,,,
JP-KK18,JP,contribution,"Kyokai Kenpo 福井県 branch general health-insurance rate (total, shared equally): 9.94% for 令和7年度 insurance months to February 2026; 9.71% from the March 2026 insurance month (April remittance). Care (ages 40–64) adds 1.62% and child support 0.23% from April 2026 insurance.",Health Insurance Act art. 160; Kyokai Kenpo 令和8年度都道府県単位保険料率 (https://www.kyoukaikenpo.or.jp/about/business/insurance_rate/rate_prefectures/r08/),https://www.kyoukaikenpo.or.jp/about/business/insurance_rate/rate_prefectures/r08/,2026-09-29,2025-12-01,,GAP,"JP lineage not yet seeded. Re-read 2026-09-29: both columns match the official table. Needs the employer establishment's Kyokai branch (not worker residence), grade table (JP-SI-20), insurance-month selection, 50-sen employee rounding (JP-SI-05) and a February/March 2026 boundary probe. (Register status 2026-09-29: No [IN-SYSTEM 2026-09-29].)",statutory_contributions:JP_HEALTH.kyokai_rate_by_prefecture.福井県,,,
JP-KK19,JP,contribution,"Kyokai Kenpo 山梨県 branch general health-insurance rate (total, shared equally): 9.89% for 令和7年度 insurance months to February 2026; 9.55% from the March 2026 insurance month (April remittance). Care (ages 40–64) adds 1.62% and child support 0.23% from April 2026 insurance.",Health Insurance Act art. 160; Kyokai Kenpo 令和8年度都道府県単位保険料率 (https://www.kyoukaikenpo.or.jp/about/business/insurance_rate/rate_prefectures/r08/),https://www.kyoukaikenpo.or.jp/about/business/insurance_rate/rate_prefectures/r08/,2026-09-29,2025-12-01,,GAP,"JP lineage not yet seeded. Re-read 2026-09-29: both columns match the official table. Needs the employer establishment's Kyokai branch (not worker residence), grade table (JP-SI-20), insurance-month selection, 50-sen employee rounding (JP-SI-05) and a February/March 2026 boundary probe. (Register status 2026-09-29: No [IN-SYSTEM 2026-09-29].)",statutory_contributions:JP_HEALTH.kyokai_rate_by_prefecture.山梨県,,,
JP-KK20,JP,contribution,"Kyokai Kenpo 長野県 branch general health-insurance rate (total, shared equally): 9.69% for 令和7年度 insurance months to February 2026; 9.63% from the March 2026 insurance month (April remittance). Care (ages 40–64) adds 1.62% and child support 0.23% from April 2026 insurance.",Health Insurance Act art. 160; Kyokai Kenpo 令和8年度都道府県単位保険料率 (https://www.kyoukaikenpo.or.jp/about/business/insurance_rate/rate_prefectures/r08/),https://www.kyoukaikenpo.or.jp/about/business/insurance_rate/rate_prefectures/r08/,2026-09-29,2025-12-01,,GAP,"JP lineage not yet seeded. Re-read 2026-09-29: both columns match the official table. Needs the employer establishment's Kyokai branch (not worker residence), grade table (JP-SI-20), insurance-month selection, 50-sen employee rounding (JP-SI-05) and a February/March 2026 boundary probe. (Register status 2026-09-29: No [IN-SYSTEM 2026-09-29].)",statutory_contributions:JP_HEALTH.kyokai_rate_by_prefecture.長野県,,,
JP-KK21,JP,contribution,"Kyokai Kenpo 岐阜県 branch general health-insurance rate (total, shared equally): 9.93% for 令和7年度 insurance months to February 2026; 9.80% from the March 2026 insurance month (April remittance). Care (ages 40–64) adds 1.62% and child support 0.23% from April 2026 insurance.",Health Insurance Act art. 160; Kyokai Kenpo 令和8年度都道府県単位保険料率 (https://www.kyoukaikenpo.or.jp/about/business/insurance_rate/rate_prefectures/r08/),https://www.kyoukaikenpo.or.jp/about/business/insurance_rate/rate_prefectures/r08/,2026-09-29,2025-12-01,,GAP,"JP lineage not yet seeded. Re-read 2026-09-29: both columns match the official table. Needs the employer establishment's Kyokai branch (not worker residence), grade table (JP-SI-20), insurance-month selection, 50-sen employee rounding (JP-SI-05) and a February/March 2026 boundary probe. (Register status 2026-09-29: No [IN-SYSTEM 2026-09-29].)",statutory_contributions:JP_HEALTH.kyokai_rate_by_prefecture.岐阜県,,,
JP-KK22,JP,contribution,"Kyokai Kenpo 静岡県 branch general health-insurance rate (total, shared equally): 9.80% for 令和7年度 insurance months to February 2026; 9.61% from the March 2026 insurance month (April remittance). Care (ages 40–64) adds 1.62% and child support 0.23% from April 2026 insurance.",Health Insurance Act art. 160; Kyokai Kenpo 令和8年度都道府県単位保険料率 (https://www.kyoukaikenpo.or.jp/about/business/insurance_rate/rate_prefectures/r08/),https://www.kyoukaikenpo.or.jp/about/business/insurance_rate/rate_prefectures/r08/,2026-09-29,2025-12-01,,GAP,"JP lineage not yet seeded. Re-read 2026-09-29: both columns match the official table. Needs the employer establishment's Kyokai branch (not worker residence), grade table (JP-SI-20), insurance-month selection, 50-sen employee rounding (JP-SI-05) and a February/March 2026 boundary probe. (Register status 2026-09-29: No [IN-SYSTEM 2026-09-29].)",statutory_contributions:JP_HEALTH.kyokai_rate_by_prefecture.静岡県,,,
JP-KK23,JP,contribution,"Kyokai Kenpo 愛知県 branch general health-insurance rate (total, shared equally): 10.03% for 令和7年度 insurance months to February 2026; 9.93% from the March 2026 insurance month (April remittance). Care (ages 40–64) adds 1.62% and child support 0.23% from April 2026 insurance.",Health Insurance Act art. 160; Kyokai Kenpo 令和8年度都道府県単位保険料率 (https://www.kyoukaikenpo.or.jp/about/business/insurance_rate/rate_prefectures/r08/),https://www.kyoukaikenpo.or.jp/about/business/insurance_rate/rate_prefectures/r08/,2026-09-29,2025-12-01,,GAP,"JP lineage not yet seeded. Re-read 2026-09-29: both columns match the official table. Needs the employer establishment's Kyokai branch (not worker residence), grade table (JP-SI-20), insurance-month selection, 50-sen employee rounding (JP-SI-05) and a February/March 2026 boundary probe. (Register status 2026-09-29: No [IN-SYSTEM 2026-09-29].)",statutory_contributions:JP_HEALTH.kyokai_rate_by_prefecture.愛知県,,,
JP-KK24,JP,contribution,"Kyokai Kenpo 三重県 branch general health-insurance rate (total, shared equally): 9.99% for 令和7年度 insurance months to February 2026; 9.77% from the March 2026 insurance month (April remittance). Care (ages 40–64) adds 1.62% and child support 0.23% from April 2026 insurance.",Health Insurance Act art. 160; Kyokai Kenpo 令和8年度都道府県単位保険料率 (https://www.kyoukaikenpo.or.jp/about/business/insurance_rate/rate_prefectures/r08/),https://www.kyoukaikenpo.or.jp/about/business/insurance_rate/rate_prefectures/r08/,2026-09-29,2025-12-01,,GAP,"JP lineage not yet seeded. Re-read 2026-09-29: both columns match the official table. Needs the employer establishment's Kyokai branch (not worker residence), grade table (JP-SI-20), insurance-month selection, 50-sen employee rounding (JP-SI-05) and a February/March 2026 boundary probe. (Register status 2026-09-29: No [IN-SYSTEM 2026-09-29].)",statutory_contributions:JP_HEALTH.kyokai_rate_by_prefecture.三重県,,,
JP-KK25,JP,contribution,"Kyokai Kenpo 滋賀県 branch general health-insurance rate (total, shared equally): 9.97% for 令和7年度 insurance months to February 2026; 9.88% from the March 2026 insurance month (April remittance). Care (ages 40–64) adds 1.62% and child support 0.23% from April 2026 insurance.",Health Insurance Act art. 160; Kyokai Kenpo 令和8年度都道府県単位保険料率 (https://www.kyoukaikenpo.or.jp/about/business/insurance_rate/rate_prefectures/r08/),https://www.kyoukaikenpo.or.jp/about/business/insurance_rate/rate_prefectures/r08/,2026-09-29,2025-12-01,,GAP,"JP lineage not yet seeded. Re-read 2026-09-29: both columns match the official table. Needs the employer establishment's Kyokai branch (not worker residence), grade table (JP-SI-20), insurance-month selection, 50-sen employee rounding (JP-SI-05) and a February/March 2026 boundary probe. (Register status 2026-09-29: No [IN-SYSTEM 2026-09-29].)",statutory_contributions:JP_HEALTH.kyokai_rate_by_prefecture.滋賀県,,,
JP-KK26,JP,contribution,"Kyokai Kenpo 京都府 branch general health-insurance rate (total, shared equally): 10.03% for 令和7年度 insurance months to February 2026; 9.89% from the March 2026 insurance month (April remittance). Care (ages 40–64) adds 1.62% and child support 0.23% from April 2026 insurance.",Health Insurance Act art. 160; Kyokai Kenpo 令和8年度都道府県単位保険料率 (https://www.kyoukaikenpo.or.jp/about/business/insurance_rate/rate_prefectures/r08/),https://www.kyoukaikenpo.or.jp/about/business/insurance_rate/rate_prefectures/r08/,2026-09-29,2025-12-01,,GAP,"JP lineage not yet seeded. Re-read 2026-09-29: both columns match the official table. Needs the employer establishment's Kyokai branch (not worker residence), grade table (JP-SI-20), insurance-month selection, 50-sen employee rounding (JP-SI-05) and a February/March 2026 boundary probe. (Register status 2026-09-29: No [IN-SYSTEM 2026-09-29].)",statutory_contributions:JP_HEALTH.kyokai_rate_by_prefecture.京都府,,,
JP-KK27,JP,contribution,"Kyokai Kenpo 大阪府 branch general health-insurance rate (total, shared equally): 10.24% for 令和7年度 insurance months to February 2026; 10.13% from the March 2026 insurance month (April remittance). Care (ages 40–64) adds 1.62% and child support 0.23% from April 2026 insurance.",Health Insurance Act art. 160; Kyokai Kenpo 令和8年度都道府県単位保険料率 (https://www.kyoukaikenpo.or.jp/about/business/insurance_rate/rate_prefectures/r08/),https://www.kyoukaikenpo.or.jp/about/business/insurance_rate/rate_prefectures/r08/,2026-09-29,2025-12-01,,GAP,"JP lineage not yet seeded. Re-read 2026-09-29: both columns match the official table. Needs the employer establishment's Kyokai branch (not worker residence), grade table (JP-SI-20), insurance-month selection, 50-sen employee rounding (JP-SI-05) and a February/March 2026 boundary probe. (Register status 2026-09-29: No [IN-SYSTEM 2026-09-29].)",statutory_contributions:JP_HEALTH.kyokai_rate_by_prefecture.大阪府,,,
JP-KK28,JP,contribution,"Kyokai Kenpo 兵庫県 branch general health-insurance rate (total, shared equally): 10.16% for 令和7年度 insurance months to February 2026; 10.12% from the March 2026 insurance month (April remittance). Care (ages 40–64) adds 1.62% and child support 0.23% from April 2026 insurance.",Health Insurance Act art. 160; Kyokai Kenpo 令和8年度都道府県単位保険料率 (https://www.kyoukaikenpo.or.jp/about/business/insurance_rate/rate_prefectures/r08/),https://www.kyoukaikenpo.or.jp/about/business/insurance_rate/rate_prefectures/r08/,2026-09-29,2025-12-01,,GAP,"JP lineage not yet seeded. Re-read 2026-09-29: both columns match the official table. Needs the employer establishment's Kyokai branch (not worker residence), grade table (JP-SI-20), insurance-month selection, 50-sen employee rounding (JP-SI-05) and a February/March 2026 boundary probe. (Register status 2026-09-29: No [IN-SYSTEM 2026-09-29].)",statutory_contributions:JP_HEALTH.kyokai_rate_by_prefecture.兵庫県,,,
JP-KK29,JP,contribution,"Kyokai Kenpo 奈良県 branch general health-insurance rate (total, shared equally): 10.02% for 令和7年度 insurance months to February 2026; 9.91% from the March 2026 insurance month (April remittance). Care (ages 40–64) adds 1.62% and child support 0.23% from April 2026 insurance.",Health Insurance Act art. 160; Kyokai Kenpo 令和8年度都道府県単位保険料率 (https://www.kyoukaikenpo.or.jp/about/business/insurance_rate/rate_prefectures/r08/),https://www.kyoukaikenpo.or.jp/about/business/insurance_rate/rate_prefectures/r08/,2026-09-29,2025-12-01,,GAP,"JP lineage not yet seeded. Re-read 2026-09-29: both columns match the official table. Needs the employer establishment's Kyokai branch (not worker residence), grade table (JP-SI-20), insurance-month selection, 50-sen employee rounding (JP-SI-05) and a February/March 2026 boundary probe. (Register status 2026-09-29: No [IN-SYSTEM 2026-09-29].)",statutory_contributions:JP_HEALTH.kyokai_rate_by_prefecture.奈良県,,,
JP-KK30,JP,contribution,"Kyokai Kenpo 和歌山県 branch general health-insurance rate (total, shared equally): 10.19% for 令和7年度 insurance months to February 2026; 10.06% from the March 2026 insurance month (April remittance). Care (ages 40–64) adds 1.62% and child support 0.23% from April 2026 insurance.",Health Insurance Act art. 160; Kyokai Kenpo 令和8年度都道府県単位保険料率 (https://www.kyoukaikenpo.or.jp/about/business/insurance_rate/rate_prefectures/r08/),https://www.kyoukaikenpo.or.jp/about/business/insurance_rate/rate_prefectures/r08/,2026-09-29,2025-12-01,,GAP,"JP lineage not yet seeded. Re-read 2026-09-29: both columns match the official table. Needs the employer establishment's Kyokai branch (not worker residence), grade table (JP-SI-20), insurance-month selection, 50-sen employee rounding (JP-SI-05) and a February/March 2026 boundary probe. (Register status 2026-09-29: No [IN-SYSTEM 2026-09-29].)",statutory_contributions:JP_HEALTH.kyokai_rate_by_prefecture.和歌山県,,,
JP-KK31,JP,contribution,"Kyokai Kenpo 鳥取県 branch general health-insurance rate (total, shared equally): 9.93% for 令和7年度 insurance months to February 2026; 9.86% from the March 2026 insurance month (April remittance). Care (ages 40–64) adds 1.62% and child support 0.23% from April 2026 insurance.",Health Insurance Act art. 160; Kyokai Kenpo 令和8年度都道府県単位保険料率 (https://www.kyoukaikenpo.or.jp/about/business/insurance_rate/rate_prefectures/r08/),https://www.kyoukaikenpo.or.jp/about/business/insurance_rate/rate_prefectures/r08/,2026-09-29,2025-12-01,,GAP,"JP lineage not yet seeded. Re-read 2026-09-29: both columns match the official table. Needs the employer establishment's Kyokai branch (not worker residence), grade table (JP-SI-20), insurance-month selection, 50-sen employee rounding (JP-SI-05) and a February/March 2026 boundary probe. (Register status 2026-09-29: No [IN-SYSTEM 2026-09-29].)",statutory_contributions:JP_HEALTH.kyokai_rate_by_prefecture.鳥取県,,,
JP-KK32,JP,contribution,"Kyokai Kenpo 島根県 branch general health-insurance rate (total, shared equally): 9.94% for 令和7年度 insurance months to February 2026; 9.94% from the March 2026 insurance month (April remittance). Care (ages 40–64) adds 1.62% and child support 0.23% from April 2026 insurance.",Health Insurance Act art. 160; Kyokai Kenpo 令和8年度都道府県単位保険料率 (https://www.kyoukaikenpo.or.jp/about/business/insurance_rate/rate_prefectures/r08/),https://www.kyoukaikenpo.or.jp/about/business/insurance_rate/rate_prefectures/r08/,2026-09-29,2025-12-01,,GAP,"JP lineage not yet seeded. Re-read 2026-09-29: both columns match the official table. Needs the employer establishment's Kyokai branch (not worker residence), grade table (JP-SI-20), insurance-month selection, 50-sen employee rounding (JP-SI-05) and a February/March 2026 boundary probe. (Register status 2026-09-29: No [IN-SYSTEM 2026-09-29].)",statutory_contributions:JP_HEALTH.kyokai_rate_by_prefecture.島根県,,,
JP-KK33,JP,contribution,"Kyokai Kenpo 岡山県 branch general health-insurance rate (total, shared equally): 10.17% for 令和7年度 insurance months to February 2026; 10.05% from the March 2026 insurance month (April remittance). Care (ages 40–64) adds 1.62% and child support 0.23% from April 2026 insurance.",Health Insurance Act art. 160; Kyokai Kenpo 令和8年度都道府県単位保険料率 (https://www.kyoukaikenpo.or.jp/about/business/insurance_rate/rate_prefectures/r08/),https://www.kyoukaikenpo.or.jp/about/business/insurance_rate/rate_prefectures/r08/,2026-09-29,2025-12-01,,GAP,"JP lineage not yet seeded. Re-read 2026-09-29: both columns match the official table. Needs the employer establishment's Kyokai branch (not worker residence), grade table (JP-SI-20), insurance-month selection, 50-sen employee rounding (JP-SI-05) and a February/March 2026 boundary probe. (Register status 2026-09-29: No [IN-SYSTEM 2026-09-29].)",statutory_contributions:JP_HEALTH.kyokai_rate_by_prefecture.岡山県,,,
JP-KK34,JP,contribution,"Kyokai Kenpo 広島県 branch general health-insurance rate (total, shared equally): 9.97% for 令和7年度 insurance months to February 2026; 9.78% from the March 2026 insurance month (April remittance). Care (ages 40–64) adds 1.62% and child support 0.23% from April 2026 insurance.",Health Insurance Act art. 160; Kyokai Kenpo 令和8年度都道府県単位保険料率 (https://www.kyoukaikenpo.or.jp/about/business/insurance_rate/rate_prefectures/r08/),https://www.kyoukaikenpo.or.jp/about/business/insurance_rate/rate_prefectures/r08/,2026-09-29,2025-12-01,,GAP,"JP lineage not yet seeded. Re-read 2026-09-29: both columns match the official table. Needs the employer establishment's Kyokai branch (not worker residence), grade table (JP-SI-20), insurance-month selection, 50-sen employee rounding (JP-SI-05) and a February/March 2026 boundary probe. (Register status 2026-09-29: No [IN-SYSTEM 2026-09-29].)",statutory_contributions:JP_HEALTH.kyokai_rate_by_prefecture.広島県,,,
JP-KK35,JP,contribution,"Kyokai Kenpo 山口県 branch general health-insurance rate (total, shared equally): 10.36% for 令和7年度 insurance months to February 2026; 10.15% from the March 2026 insurance month (April remittance). Care (ages 40–64) adds 1.62% and child support 0.23% from April 2026 insurance.",Health Insurance Act art. 160; Kyokai Kenpo 令和8年度都道府県単位保険料率 (https://www.kyoukaikenpo.or.jp/about/business/insurance_rate/rate_prefectures/r08/),https://www.kyoukaikenpo.or.jp/about/business/insurance_rate/rate_prefectures/r08/,2026-09-29,2025-12-01,,GAP,"JP lineage not yet seeded. Re-read 2026-09-29: both columns match the official table. Needs the employer establishment's Kyokai branch (not worker residence), grade table (JP-SI-20), insurance-month selection, 50-sen employee rounding (JP-SI-05) and a February/March 2026 boundary probe. (Register status 2026-09-29: No [IN-SYSTEM 2026-09-29].)",statutory_contributions:JP_HEALTH.kyokai_rate_by_prefecture.山口県,,,
JP-KK36,JP,contribution,"Kyokai Kenpo 徳島県 branch general health-insurance rate (total, shared equally): 10.47% for 令和7年度 insurance months to February 2026; 10.24% from the March 2026 insurance month (April remittance). Care (ages 40–64) adds 1.62% and child support 0.23% from April 2026 insurance.",Health Insurance Act art. 160; Kyokai Kenpo 令和8年度都道府県単位保険料率 (https://www.kyoukaikenpo.or.jp/about/business/insurance_rate/rate_prefectures/r08/),https://www.kyoukaikenpo.or.jp/about/business/insurance_rate/rate_prefectures/r08/,2026-09-29,2025-12-01,,GAP,"JP lineage not yet seeded. Re-read 2026-09-29: both columns match the official table. Needs the employer establishment's Kyokai branch (not worker residence), grade table (JP-SI-20), insurance-month selection, 50-sen employee rounding (JP-SI-05) and a February/March 2026 boundary probe. (Register status 2026-09-29: No [IN-SYSTEM 2026-09-29].)",statutory_contributions:JP_HEALTH.kyokai_rate_by_prefecture.徳島県,,,
JP-KK37,JP,contribution,"Kyokai Kenpo 香川県 branch general health-insurance rate (total, shared equally): 10.21% for 令和7年度 insurance months to February 2026; 10.02% from the March 2026 insurance month (April remittance). Care (ages 40–64) adds 1.62% and child support 0.23% from April 2026 insurance.",Health Insurance Act art. 160; Kyokai Kenpo 令和8年度都道府県単位保険料率 (https://www.kyoukaikenpo.or.jp/about/business/insurance_rate/rate_prefectures/r08/),https://www.kyoukaikenpo.or.jp/about/business/insurance_rate/rate_prefectures/r08/,2026-09-29,2025-12-01,,GAP,"JP lineage not yet seeded. Re-read 2026-09-29: both columns match the official table. Needs the employer establishment's Kyokai branch (not worker residence), grade table (JP-SI-20), insurance-month selection, 50-sen employee rounding (JP-SI-05) and a February/March 2026 boundary probe. (Register status 2026-09-29: No [IN-SYSTEM 2026-09-29].)",statutory_contributions:JP_HEALTH.kyokai_rate_by_prefecture.香川県,,,
JP-KK38,JP,contribution,"Kyokai Kenpo 愛媛県 branch general health-insurance rate (total, shared equally): 10.18% for 令和7年度 insurance months to February 2026; 9.98% from the March 2026 insurance month (April remittance). Care (ages 40–64) adds 1.62% and child support 0.23% from April 2026 insurance.",Health Insurance Act art. 160; Kyokai Kenpo 令和8年度都道府県単位保険料率 (https://www.kyoukaikenpo.or.jp/about/business/insurance_rate/rate_prefectures/r08/),https://www.kyoukaikenpo.or.jp/about/business/insurance_rate/rate_prefectures/r08/,2026-09-29,2025-12-01,,GAP,"JP lineage not yet seeded. Re-read 2026-09-29: both columns match the official table. Needs the employer establishment's Kyokai branch (not worker residence), grade table (JP-SI-20), insurance-month selection, 50-sen employee rounding (JP-SI-05) and a February/March 2026 boundary probe. (Register status 2026-09-29: No [IN-SYSTEM 2026-09-29].)",statutory_contributions:JP_HEALTH.kyokai_rate_by_prefecture.愛媛県,,,
JP-KK39,JP,contribution,"Kyokai Kenpo 高知県 branch general health-insurance rate (total, shared equally): 10.13% for 令和7年度 insurance months to February 2026; 10.05% from the March 2026 insurance month (April remittance). Care (ages 40–64) adds 1.62% and child support 0.23% from April 2026 insurance.",Health Insurance Act art. 160; Kyokai Kenpo 令和8年度都道府県単位保険料率 (https://www.kyoukaikenpo.or.jp/about/business/insurance_rate/rate_prefectures/r08/),https://www.kyoukaikenpo.or.jp/about/business/insurance_rate/rate_prefectures/r08/,2026-09-29,2025-12-01,,GAP,"JP lineage not yet seeded. Re-read 2026-09-29: both columns match the official table. Needs the employer establishment's Kyokai branch (not worker residence), grade table (JP-SI-20), insurance-month selection, 50-sen employee rounding (JP-SI-05) and a February/March 2026 boundary probe. (Register status 2026-09-29: No [IN-SYSTEM 2026-09-29].)",statutory_contributions:JP_HEALTH.kyokai_rate_by_prefecture.高知県,,,
JP-KK40,JP,contribution,"Kyokai Kenpo 福岡県 branch general health-insurance rate (total, shared equally): 10.31% for 令和7年度 insurance months to February 2026; 10.11% from the March 2026 insurance month (April remittance). Care (ages 40–64) adds 1.62% and child support 0.23% from April 2026 insurance.",Health Insurance Act art. 160; Kyokai Kenpo 令和8年度都道府県単位保険料率 (https://www.kyoukaikenpo.or.jp/about/business/insurance_rate/rate_prefectures/r08/),https://www.kyoukaikenpo.or.jp/about/business/insurance_rate/rate_prefectures/r08/,2026-09-29,2025-12-01,,GAP,"JP lineage not yet seeded. Re-read 2026-09-29: both columns match the official table. Needs the employer establishment's Kyokai branch (not worker residence), grade table (JP-SI-20), insurance-month selection, 50-sen employee rounding (JP-SI-05) and a February/March 2026 boundary probe. (Register status 2026-09-29: No [IN-SYSTEM 2026-09-29].)",statutory_contributions:JP_HEALTH.kyokai_rate_by_prefecture.福岡県,,,
JP-KK41,JP,contribution,"Kyokai Kenpo 佐賀県 branch general health-insurance rate (total, shared equally): 10.78% for 令和7年度 insurance months to February 2026; 10.55% from the March 2026 insurance month (April remittance). Care (ages 40–64) adds 1.62% and child support 0.23% from April 2026 insurance.",Health Insurance Act art. 160; Kyokai Kenpo 令和8年度都道府県単位保険料率 (https://www.kyoukaikenpo.or.jp/about/business/insurance_rate/rate_prefectures/r08/),https://www.kyoukaikenpo.or.jp/about/business/insurance_rate/rate_prefectures/r08/,2026-09-29,2025-12-01,,GAP,"JP lineage not yet seeded. Re-read 2026-09-29: both columns match the official table. Needs the employer establishment's Kyokai branch (not worker residence), grade table (JP-SI-20), insurance-month selection, 50-sen employee rounding (JP-SI-05) and a February/March 2026 boundary probe. (Register status 2026-09-29: No [IN-SYSTEM 2026-09-29].)",statutory_contributions:JP_HEALTH.kyokai_rate_by_prefecture.佐賀県,,,
JP-KK42,JP,contribution,"Kyokai Kenpo 長崎県 branch general health-insurance rate (total, shared equally): 10.41% for 令和7年度 insurance months to February 2026; 10.06% from the March 2026 insurance month (April remittance). Care (ages 40–64) adds 1.62% and child support 0.23% from April 2026 insurance.",Health Insurance Act art. 160; Kyokai Kenpo 令和8年度都道府県単位保険料率 (https://www.kyoukaikenpo.or.jp/about/business/insurance_rate/rate_prefectures/r08/),https://www.kyoukaikenpo.or.jp/about/business/insurance_rate/rate_prefectures/r08/,2026-09-29,2025-12-01,,GAP,"JP lineage not yet seeded. Re-read 2026-09-29: both columns match the official table. Needs the employer establishment's Kyokai branch (not worker residence), grade table (JP-SI-20), insurance-month selection, 50-sen employee rounding (JP-SI-05) and a February/March 2026 boundary probe. (Register status 2026-09-29: No [IN-SYSTEM 2026-09-29].)",statutory_contributions:JP_HEALTH.kyokai_rate_by_prefecture.長崎県,,,
JP-KK43,JP,contribution,"Kyokai Kenpo 熊本県 branch general health-insurance rate (total, shared equally): 10.12% for 令和7年度 insurance months to February 2026; 10.08% from the March 2026 insurance month (April remittance). Care (ages 40–64) adds 1.62% and child support 0.23% from April 2026 insurance.",Health Insurance Act art. 160; Kyokai Kenpo 令和8年度都道府県単位保険料率 (https://www.kyoukaikenpo.or.jp/about/business/insurance_rate/rate_prefectures/r08/),https://www.kyoukaikenpo.or.jp/about/business/insurance_rate/rate_prefectures/r08/,2026-09-29,2025-12-01,,GAP,"JP lineage not yet seeded. Re-read 2026-09-29: both columns match the official table. Needs the employer establishment's Kyokai branch (not worker residence), grade table (JP-SI-20), insurance-month selection, 50-sen employee rounding (JP-SI-05) and a February/March 2026 boundary probe. (Register status 2026-09-29: No [IN-SYSTEM 2026-09-29].)",statutory_contributions:JP_HEALTH.kyokai_rate_by_prefecture.熊本県,,,
JP-KK44,JP,contribution,"Kyokai Kenpo 大分県 branch general health-insurance rate (total, shared equally): 10.25% for 令和7年度 insurance months to February 2026; 10.08% from the March 2026 insurance month (April remittance). Care (ages 40–64) adds 1.62% and child support 0.23% from April 2026 insurance.",Health Insurance Act art. 160; Kyokai Kenpo 令和8年度都道府県単位保険料率 (https://www.kyoukaikenpo.or.jp/about/business/insurance_rate/rate_prefectures/r08/),https://www.kyoukaikenpo.or.jp/about/business/insurance_rate/rate_prefectures/r08/,2026-09-29,2025-12-01,,GAP,"JP lineage not yet seeded. Re-read 2026-09-29: both columns match the official table. Needs the employer establishment's Kyokai branch (not worker residence), grade table (JP-SI-20), insurance-month selection, 50-sen employee rounding (JP-SI-05) and a February/March 2026 boundary probe. (Register status 2026-09-29: No [IN-SYSTEM 2026-09-29].)",statutory_contributions:JP_HEALTH.kyokai_rate_by_prefecture.大分県,,,
JP-KK45,JP,contribution,"Kyokai Kenpo 宮崎県 branch general health-insurance rate (total, shared equally): 10.09% for 令和7年度 insurance months to February 2026; 9.77% from the March 2026 insurance month (April remittance). Care (ages 40–64) adds 1.62% and child support 0.23% from April 2026 insurance.",Health Insurance Act art. 160; Kyokai Kenpo 令和8年度都道府県単位保険料率 (https://www.kyoukaikenpo.or.jp/about/business/insurance_rate/rate_prefectures/r08/),https://www.kyoukaikenpo.or.jp/about/business/insurance_rate/rate_prefectures/r08/,2026-09-29,2025-12-01,,GAP,"JP lineage not yet seeded. Re-read 2026-09-29: both columns match the official table. Needs the employer establishment's Kyokai branch (not worker residence), grade table (JP-SI-20), insurance-month selection, 50-sen employee rounding (JP-SI-05) and a February/March 2026 boundary probe. (Register status 2026-09-29: No [IN-SYSTEM 2026-09-29].)",statutory_contributions:JP_HEALTH.kyokai_rate_by_prefecture.宮崎県,,,
JP-KK46,JP,contribution,"Kyokai Kenpo 鹿児島県 branch general health-insurance rate (total, shared equally): 10.31% for 令和7年度 insurance months to February 2026; 10.13% from the March 2026 insurance month (April remittance). Care (ages 40–64) adds 1.62% and child support 0.23% from April 2026 insurance.",Health Insurance Act art. 160; Kyokai Kenpo 令和8年度都道府県単位保険料率 (https://www.kyoukaikenpo.or.jp/about/business/insurance_rate/rate_prefectures/r08/),https://www.kyoukaikenpo.or.jp/about/business/insurance_rate/rate_prefectures/r08/,2026-09-29,2025-12-01,,GAP,"JP lineage not yet seeded. Re-read 2026-09-29: both columns match the official table. Needs the employer establishment's Kyokai branch (not worker residence), grade table (JP-SI-20), insurance-month selection, 50-sen employee rounding (JP-SI-05) and a February/March 2026 boundary probe. (Register status 2026-09-29: No [IN-SYSTEM 2026-09-29].)",statutory_contributions:JP_HEALTH.kyokai_rate_by_prefecture.鹿児島県,,,
JP-KK47,JP,contribution,"Kyokai Kenpo 沖縄県 branch general health-insurance rate (total, shared equally): 9.44% for 令和7年度 insurance months to February 2026; 9.44% from the March 2026 insurance month (April remittance). Care (ages 40–64) adds 1.62% and child support 0.23% from April 2026 insurance.",Health Insurance Act art. 160; Kyokai Kenpo 令和8年度都道府県単位保険料率 (https://www.kyoukaikenpo.or.jp/about/business/insurance_rate/rate_prefectures/r08/),https://www.kyoukaikenpo.or.jp/about/business/insurance_rate/rate_prefectures/r08/,2026-09-29,2025-12-01,,GAP,"JP lineage not yet seeded. Re-read 2026-09-29: both columns match the official table. Needs the employer establishment's Kyokai branch (not worker residence), grade table (JP-SI-20), insurance-month selection, 50-sen employee rounding (JP-SI-05) and a February/March 2026 boundary probe. (Register status 2026-09-29: No [IN-SYSTEM 2026-09-29].)",statutory_contributions:JP_HEALTH.kyokai_rate_by_prefecture.沖縄県,,,
JP-EIR-01,JP,contribution,"Employment-insurance rate, General: worker 5.5‰ / employer 9‰ (total 14.5‰) for FY2025 (to 31 March 2026); worker 5‰ / employer 8.5‰ (total 13.5‰) from 1 April 2026, per mille of eligible wages, selected by wage closing date.",Labour Insurance Premium Collection Act art. 12; MHLW 令和8年度の雇用保険料率 (https://www.mhlw.go.jp/content/001692566.pdf),https://www.mhlw.go.jp/content/001692566.pdf,2026-09-29,2025-12-01,,GAP,"JP lineage not yet seeded. Re-read 2026-09-29: values match the MHLW 令和8年度 leaflet. Industry eligibility, wage base, rounding and production checks absent. (Register status 2026-09-29: No [IN-SYSTEM 2026-09-29].)",statutory_contributions:JP_EMPLOYMENT_INSURANCE.rate.general,,,
JP-EIR-02,JP,contribution,"Employment-insurance rate, Agriculture, forestry, fisheries and sake manufacture (subject to listed exceptions): worker 6.5‰ / employer 10‰ (total 16.5‰) for FY2025 (to 31 March 2026); worker 6‰ / employer 9.5‰ (total 15.5‰) from 1 April 2026, per mille of eligible wages, selected by wage closing date.",Labour Insurance Premium Collection Act art. 12; MHLW 令和8年度の雇用保険料率 (https://www.mhlw.go.jp/content/001692566.pdf),https://www.mhlw.go.jp/content/001692566.pdf,2026-09-29,2025-12-01,,GAP,"JP lineage not yet seeded. Re-read 2026-09-29: values match the MHLW 令和8年度 leaflet. Industry eligibility, wage base, rounding and production checks absent. (Register status 2026-09-29: No [IN-SYSTEM 2026-09-29].)",statutory_contributions:JP_EMPLOYMENT_INSURANCE.rate.agriculture_sake,,,
JP-EIR-03,JP,contribution,"Employment-insurance rate, Construction: worker 6.5‰ / employer 11‰ (total 17.5‰) for FY2025 (to 31 March 2026); worker 6‰ / employer 10.5‰ (total 16.5‰) from 1 April 2026, per mille of eligible wages, selected by wage closing date.",Labour Insurance Premium Collection Act art. 12; MHLW 令和8年度の雇用保険料率 (https://www.mhlw.go.jp/content/001692566.pdf),https://www.mhlw.go.jp/content/001692566.pdf,2026-09-29,2025-12-01,,GAP,"JP lineage not yet seeded. Re-read 2026-09-29: values match the MHLW 令和8年度 leaflet. Industry eligibility, wage base, rounding and production checks absent. (Register status 2026-09-29: No [IN-SYSTEM 2026-09-29].)",statutory_contributions:JP_EMPLOYMENT_INSURANCE.rate.construction,,,
JP-TAX-07-BANDS,JP,tax,"Monthly income-tax-exempt commuting allowance for vehicle/bicycle commuters from 1 April 2026 (payable date): Under 2 km JPY0; 2 to under 10 km JPY4,200; 10 to under 15 km JPY7,300; 15 to under 25 km JPY13,500; 25 to under 35 km JPY19,700; 35 to under 45 km JPY25,900; 45 to under 55 km JPY32,300; 55 to under 65 km JPY38,700; 65 to under 75 km JPY45,700; 75 to under 85 km JPY52,700; 85 to under 95 km JPY59,600; 95 km or more JPY66,400; qualifying parking adds actual cost up to JPY5,000; public transport/mixed JPY150,000 cap. Before April 2026 the 55 km+ bands were all JPY38,700.",Income Tax Act art. 9(1)(v); NTA 2026 commuting schedule (https://www.nta.go.jp/users/gensen/2026tsukin/index.htm),https://www.nta.go.jp/users/gensen/2026tsukin/index.htm,2026-09-29,2026-04-01,,GAP,"JP lineage not yet seeded. Re-read 2026-09-29: all twelve bands and the pre-April column match the NTA table. Probe each boundary (2/10/15/25/35/45/55/65/75/85/95 km), JPY4,999/5,001 parking and a pre-April top-up. Income-tax exemption only — not an EI wage-base or minimum-wage exclusion. (Register status 2026-09-29: No [IN-SYSTEM 2026-09-29].)",pay_components.jp_commuting_exemption.bands,,,
JP-INK01,JP,contribution,"北海道 social-insurance in-kind value per person: meals JPY24,300/month, 810/day (breakfast 200, lunch 280, dinner 330) to 31 March 2026, then JPY25,500/month, 850/day (210/300/340) from 1 April 2026; housing JPY1,110/tatami of living rooms through 30 September 2026, JPY530/m² of total floor area from 1 October 2026. Sub-yen results are truncated.",Health Insurance Act art. 46; Employees' Pension Insurance Act art. 25; MHLW notice via JPS 2025 and 2026 schedules (https://www.nenkin.go.jp/service/kounen/hokenryo/hoshu/20150511.files/2026.pdf),https://www.nenkin.go.jp/service/kounen/hokenryo/hoshu/20150511.files/2026.pdf,2026-09-29,2025-12-01,,GAP,"JP lineage not yet seeded. Re-read 2026-09-29: all values match both JPS PDFs. Needs worksite/managed-branch prefecture, dispatching-agency rule, health-society exception, employee charge, midmonth occupancy and grade-revision probe. (Register status 2026-09-29: No [IN-SYSTEM 2026-09-29].)",settings.jp.in_kind_value.北海道,,,
JP-INK02,JP,contribution,"青森県 social-insurance in-kind value per person: meals JPY23,400/month, 780/day (breakfast 200, lunch 270, dinner 310) to 31 March 2026, then JPY24,300/month, 810/day (200/280/330) from 1 April 2026; housing JPY1,040/tatami of living rooms through 30 September 2026, JPY460/m² of total floor area from 1 October 2026. Sub-yen results are truncated.",Health Insurance Act art. 46; Employees' Pension Insurance Act art. 25; MHLW notice via JPS 2025 and 2026 schedules (https://www.nenkin.go.jp/service/kounen/hokenryo/hoshu/20150511.files/2026.pdf),https://www.nenkin.go.jp/service/kounen/hokenryo/hoshu/20150511.files/2026.pdf,2026-09-29,2025-12-01,,GAP,"JP lineage not yet seeded. Re-read 2026-09-29: all values match both JPS PDFs. Needs worksite/managed-branch prefecture, dispatching-agency rule, health-society exception, employee charge, midmonth occupancy and grade-revision probe. (Register status 2026-09-29: No [IN-SYSTEM 2026-09-29].)",settings.jp.in_kind_value.青森県,,,
JP-INK03,JP,contribution,"岩手県 social-insurance in-kind value per person: meals JPY23,400/month, 780/day (breakfast 200, lunch 270, dinner 310) to 31 March 2026, then JPY24,600/month, 820/day (210/290/320) from 1 April 2026; housing JPY1,110/tatami of living rooms through 30 September 2026, JPY520/m² of total floor area from 1 October 2026. Sub-yen results are truncated.",Health Insurance Act art. 46; Employees' Pension Insurance Act art. 25; MHLW notice via JPS 2025 and 2026 schedules (https://www.nenkin.go.jp/service/kounen/hokenryo/hoshu/20150511.files/2026.pdf),https://www.nenkin.go.jp/service/kounen/hokenryo/hoshu/20150511.files/2026.pdf,2026-09-29,2025-12-01,,GAP,"JP lineage not yet seeded. Re-read 2026-09-29: all values match both JPS PDFs. Needs worksite/managed-branch prefecture, dispatching-agency rule, health-society exception, employee charge, midmonth occupancy and grade-revision probe. (Register status 2026-09-29: No [IN-SYSTEM 2026-09-29].)",settings.jp.in_kind_value.岩手県,,,
JP-INK04,JP,contribution,"宮城県 social-insurance in-kind value per person: meals JPY23,400/month, 780/day (breakfast 200, lunch 270, dinner 310) to 31 March 2026, then JPY24,600/month, 820/day (210/290/320) from 1 April 2026; housing JPY1,520/tatami of living rooms through 30 September 2026, JPY680/m² of total floor area from 1 October 2026. Sub-yen results are truncated.",Health Insurance Act art. 46; Employees' Pension Insurance Act art. 25; MHLW notice via JPS 2025 and 2026 schedules (https://www.nenkin.go.jp/service/kounen/hokenryo/hoshu/20150511.files/2026.pdf),https://www.nenkin.go.jp/service/kounen/hokenryo/hoshu/20150511.files/2026.pdf,2026-09-29,2025-12-01,,GAP,"JP lineage not yet seeded. Re-read 2026-09-29: all values match both JPS PDFs. Needs worksite/managed-branch prefecture, dispatching-agency rule, health-society exception, employee charge, midmonth occupancy and grade-revision probe. (Register status 2026-09-29: No [IN-SYSTEM 2026-09-29].)",settings.jp.in_kind_value.宮城県,,,
JP-INK05,JP,contribution,"秋田県 social-insurance in-kind value per person: meals JPY23,700/month, 790/day (breakfast 200, lunch 280, dinner 310) to 31 March 2026, then JPY24,600/month, 820/day (210/290/320) from 1 April 2026; housing JPY1,110/tatami of living rooms through 30 September 2026, JPY490/m² of total floor area from 1 October 2026. Sub-yen results are truncated.",Health Insurance Act art. 46; Employees' Pension Insurance Act art. 25; MHLW notice via JPS 2025 and 2026 schedules (https://www.nenkin.go.jp/service/kounen/hokenryo/hoshu/20150511.files/2026.pdf),https://www.nenkin.go.jp/service/kounen/hokenryo/hoshu/20150511.files/2026.pdf,2026-09-29,2025-12-01,,GAP,"JP lineage not yet seeded. Re-read 2026-09-29: all values match both JPS PDFs. Needs worksite/managed-branch prefecture, dispatching-agency rule, health-society exception, employee charge, midmonth occupancy and grade-revision probe. (Register status 2026-09-29: No [IN-SYSTEM 2026-09-29].)",settings.jp.in_kind_value.秋田県,,,
JP-INK06,JP,contribution,"山形県 social-insurance in-kind value per person: meals JPY24,000/month, 800/day (breakfast 200, lunch 280, dinner 320) to 31 March 2026, then JPY25,200/month, 840/day (210/290/340) from 1 April 2026; housing JPY1,250/tatami of living rooms through 30 September 2026, JPY540/m² of total floor area from 1 October 2026. Sub-yen results are truncated.",Health Insurance Act art. 46; Employees' Pension Insurance Act art. 25; MHLW notice via JPS 2025 and 2026 schedules (https://www.nenkin.go.jp/service/kounen/hokenryo/hoshu/20150511.files/2026.pdf),https://www.nenkin.go.jp/service/kounen/hokenryo/hoshu/20150511.files/2026.pdf,2026-09-29,2025-12-01,,GAP,"JP lineage not yet seeded. Re-read 2026-09-29: all values match both JPS PDFs. Needs worksite/managed-branch prefecture, dispatching-agency rule, health-society exception, employee charge, midmonth occupancy and grade-revision probe. (Register status 2026-09-29: No [IN-SYSTEM 2026-09-29].)",settings.jp.in_kind_value.山形県,,,
JP-INK07,JP,contribution,"福島県 social-insurance in-kind value per person: meals JPY23,400/month, 780/day (breakfast 200, lunch 270, dinner 310) to 31 March 2026, then JPY24,300/month, 810/day (200/280/330) from 1 April 2026; housing JPY1,200/tatami of living rooms through 30 September 2026, JPY540/m² of total floor area from 1 October 2026. Sub-yen results are truncated.",Health Insurance Act art. 46; Employees' Pension Insurance Act art. 25; MHLW notice via JPS 2025 and 2026 schedules (https://www.nenkin.go.jp/service/kounen/hokenryo/hoshu/20150511.files/2026.pdf),https://www.nenkin.go.jp/service/kounen/hokenryo/hoshu/20150511.files/2026.pdf,2026-09-29,2025-12-01,,GAP,"JP lineage not yet seeded. Re-read 2026-09-29: all values match both JPS PDFs. Needs worksite/managed-branch prefecture, dispatching-agency rule, health-society exception, employee charge, midmonth occupancy and grade-revision probe. (Register status 2026-09-29: No [IN-SYSTEM 2026-09-29].)",settings.jp.in_kind_value.福島県,,,
JP-INK08,JP,contribution,"茨城県 social-insurance in-kind value per person: meals JPY23,400/month, 780/day (breakfast 200, lunch 270, dinner 310) to 31 March 2026, then JPY24,300/month, 810/day (200/280/330) from 1 April 2026; housing JPY1,340/tatami of living rooms through 30 September 2026, JPY600/m² of total floor area from 1 October 2026. Sub-yen results are truncated.",Health Insurance Act art. 46; Employees' Pension Insurance Act art. 25; MHLW notice via JPS 2025 and 2026 schedules (https://www.nenkin.go.jp/service/kounen/hokenryo/hoshu/20150511.files/2026.pdf),https://www.nenkin.go.jp/service/kounen/hokenryo/hoshu/20150511.files/2026.pdf,2026-09-29,2025-12-01,,GAP,"JP lineage not yet seeded. Re-read 2026-09-29: all values match both JPS PDFs. Needs worksite/managed-branch prefecture, dispatching-agency rule, health-society exception, employee charge, midmonth occupancy and grade-revision probe. (Register status 2026-09-29: No [IN-SYSTEM 2026-09-29].)",settings.jp.in_kind_value.茨城県,,,
JP-INK09,JP,contribution,"栃木県 social-insurance in-kind value per person: meals JPY23,400/month, 780/day (breakfast 200, lunch 270, dinner 310) to 31 March 2026, then JPY24,300/month, 810/day (200/280/330) from 1 April 2026; housing JPY1,320/tatami of living rooms through 30 September 2026, JPY590/m² of total floor area from 1 October 2026. Sub-yen results are truncated.",Health Insurance Act art. 46; Employees' Pension Insurance Act art. 25; MHLW notice via JPS 2025 and 2026 schedules (https://www.nenkin.go.jp/service/kounen/hokenryo/hoshu/20150511.files/2026.pdf),https://www.nenkin.go.jp/service/kounen/hokenryo/hoshu/20150511.files/2026.pdf,2026-09-29,2025-12-01,,GAP,"JP lineage not yet seeded. Re-read 2026-09-29: all values match both JPS PDFs. Needs worksite/managed-branch prefecture, dispatching-agency rule, health-society exception, employee charge, midmonth occupancy and grade-revision probe. (Register status 2026-09-29: No [IN-SYSTEM 2026-09-29].)",settings.jp.in_kind_value.栃木県,,,
JP-INK10,JP,contribution,"群馬県 social-insurance in-kind value per person: meals JPY23,100/month, 770/day (breakfast 190, lunch 270, dinner 310) to 31 March 2026, then JPY23,700/month, 790/day (200/280/310) from 1 April 2026; housing JPY1,280/tatami of living rooms through 30 September 2026, JPY550/m² of total floor area from 1 October 2026. Sub-yen results are truncated.",Health Insurance Act art. 46; Employees' Pension Insurance Act art. 25; MHLW notice via JPS 2025 and 2026 schedules (https://www.nenkin.go.jp/service/kounen/hokenryo/hoshu/20150511.files/2026.pdf),https://www.nenkin.go.jp/service/kounen/hokenryo/hoshu/20150511.files/2026.pdf,2026-09-29,2025-12-01,,GAP,"JP lineage not yet seeded. Re-read 2026-09-29: all values match both JPS PDFs. Needs worksite/managed-branch prefecture, dispatching-agency rule, health-society exception, employee charge, midmonth occupancy and grade-revision probe. (Register status 2026-09-29: No [IN-SYSTEM 2026-09-29].)",settings.jp.in_kind_value.群馬県,,,
JP-INK11,JP,contribution,"埼玉県 social-insurance in-kind value per person: meals JPY23,400/month, 780/day (breakfast 200, lunch 270, dinner 310) to 31 March 2026, then JPY24,300/month, 810/day (200/280/330) from 1 April 2026; housing JPY1,810/tatami of living rooms through 30 September 2026, JPY840/m² of total floor area from 1 October 2026. Sub-yen results are truncated.",Health Insurance Act art. 46; Employees' Pension Insurance Act art. 25; MHLW notice via JPS 2025 and 2026 schedules (https://www.nenkin.go.jp/service/kounen/hokenryo/hoshu/20150511.files/2026.pdf),https://www.nenkin.go.jp/service/kounen/hokenryo/hoshu/20150511.files/2026.pdf,2026-09-29,2025-12-01,,GAP,"JP lineage not yet seeded. Re-read 2026-09-29: all values match both JPS PDFs. Needs worksite/managed-branch prefecture, dispatching-agency rule, health-society exception, employee charge, midmonth occupancy and grade-revision probe. (Register status 2026-09-29: No [IN-SYSTEM 2026-09-29].)",settings.jp.in_kind_value.埼玉県,,,
JP-INK12,JP,contribution,"千葉県 social-insurance in-kind value per person: meals JPY23,700/month, 790/day (breakfast 200, lunch 280, dinner 310) to 31 March 2026, then JPY24,900/month, 830/day (210/290/330) from 1 April 2026; housing JPY1,760/tatami of living rooms through 30 September 2026, JPY830/m² of total floor area from 1 October 2026. Sub-yen results are truncated.",Health Insurance Act art. 46; Employees' Pension Insurance Act art. 25; MHLW notice via JPS 2025 and 2026 schedules (https://www.nenkin.go.jp/service/kounen/hokenryo/hoshu/20150511.files/2026.pdf),https://www.nenkin.go.jp/service/kounen/hokenryo/hoshu/20150511.files/2026.pdf,2026-09-29,2025-12-01,,GAP,"JP lineage not yet seeded. Re-read 2026-09-29: all values match both JPS PDFs. Needs worksite/managed-branch prefecture, dispatching-agency rule, health-society exception, employee charge, midmonth occupancy and grade-revision probe. (Register status 2026-09-29: No [IN-SYSTEM 2026-09-29].)",settings.jp.in_kind_value.千葉県,,,
JP-INK13,JP,contribution,"東京都 social-insurance in-kind value per person: meals JPY24,300/month, 810/day (breakfast 200, lunch 280, dinner 330) to 31 March 2026, then JPY25,500/month, 850/day (210/300/340) from 1 April 2026; housing JPY2,830/tatami of living rooms through 30 September 2026, JPY1,330/m² of total floor area from 1 October 2026. Sub-yen results are truncated.",Health Insurance Act art. 46; Employees' Pension Insurance Act art. 25; MHLW notice via JPS 2025 and 2026 schedules (https://www.nenkin.go.jp/service/kounen/hokenryo/hoshu/20150511.files/2026.pdf),https://www.nenkin.go.jp/service/kounen/hokenryo/hoshu/20150511.files/2026.pdf,2026-09-29,2025-12-01,,GAP,"JP lineage not yet seeded. Re-read 2026-09-29: all values match both JPS PDFs. Needs worksite/managed-branch prefecture, dispatching-agency rule, health-society exception, employee charge, midmonth occupancy and grade-revision probe. (Register status 2026-09-29: No [IN-SYSTEM 2026-09-29].)",settings.jp.in_kind_value.東京都,,,
JP-INK14,JP,contribution,"神奈川県 social-insurance in-kind value per person: meals JPY24,300/month, 810/day (breakfast 200, lunch 280, dinner 330) to 31 March 2026, then JPY25,200/month, 840/day (210/290/340) from 1 April 2026; housing JPY2,150/tatami of living rooms through 30 September 2026, JPY1,010/m² of total floor area from 1 October 2026. Sub-yen results are truncated.",Health Insurance Act art. 46; Employees' Pension Insurance Act art. 25; MHLW notice via JPS 2025 and 2026 schedules (https://www.nenkin.go.jp/service/kounen/hokenryo/hoshu/20150511.files/2026.pdf),https://www.nenkin.go.jp/service/kounen/hokenryo/hoshu/20150511.files/2026.pdf,2026-09-29,2025-12-01,,GAP,"JP lineage not yet seeded. Re-read 2026-09-29: all values match both JPS PDFs. Needs worksite/managed-branch prefecture, dispatching-agency rule, health-society exception, employee charge, midmonth occupancy and grade-revision probe. (Register status 2026-09-29: No [IN-SYSTEM 2026-09-29].)",settings.jp.in_kind_value.神奈川県,,,
JP-INK15,JP,contribution,"新潟県 social-insurance in-kind value per person: meals JPY23,700/month, 790/day (breakfast 200, lunch 280, dinner 310) to 31 March 2026, then JPY24,600/month, 820/day (210/290/320) from 1 April 2026; housing JPY1,360/tatami of living rooms through 30 September 2026, JPY580/m² of total floor area from 1 October 2026. Sub-yen results are truncated.",Health Insurance Act art. 46; Employees' Pension Insurance Act art. 25; MHLW notice via JPS 2025 and 2026 schedules (https://www.nenkin.go.jp/service/kounen/hokenryo/hoshu/20150511.files/2026.pdf),https://www.nenkin.go.jp/service/kounen/hokenryo/hoshu/20150511.files/2026.pdf,2026-09-29,2025-12-01,,GAP,"JP lineage not yet seeded. Re-read 2026-09-29: all values match both JPS PDFs. Needs worksite/managed-branch prefecture, dispatching-agency rule, health-society exception, employee charge, midmonth occupancy and grade-revision probe. (Register status 2026-09-29: No [IN-SYSTEM 2026-09-29].)",settings.jp.in_kind_value.新潟県,,,
JP-INK16,JP,contribution,"富山県 social-insurance in-kind value per person: meals JPY24,300/month, 810/day (breakfast 200, lunch 280, dinner 330) to 31 March 2026, then JPY24,900/month, 830/day (210/290/330) from 1 April 2026; housing JPY1,290/tatami of living rooms through 30 September 2026, JPY560/m² of total floor area from 1 October 2026. Sub-yen results are truncated.",Health Insurance Act art. 46; Employees' Pension Insurance Act art. 25; MHLW notice via JPS 2025 and 2026 schedules (https://www.nenkin.go.jp/service/kounen/hokenryo/hoshu/20150511.files/2026.pdf),https://www.nenkin.go.jp/service/kounen/hokenryo/hoshu/20150511.files/2026.pdf,2026-09-29,2025-12-01,,GAP,"JP lineage not yet seeded. Re-read 2026-09-29: all values match both JPS PDFs. Needs worksite/managed-branch prefecture, dispatching-agency rule, health-society exception, employee charge, midmonth occupancy and grade-revision probe. (Register status 2026-09-29: No [IN-SYSTEM 2026-09-29].)",settings.jp.in_kind_value.富山県,,,
JP-INK17,JP,contribution,"石川県 social-insurance in-kind value per person: meals JPY24,300/month, 810/day (breakfast 200, lunch 280, dinner 330) to 31 March 2026, then JPY25,200/month, 840/day (210/290/340) from 1 April 2026; housing JPY1,340/tatami of living rooms through 30 September 2026, JPY580/m² of total floor area from 1 October 2026. Sub-yen results are truncated.",Health Insurance Act art. 46; Employees' Pension Insurance Act art. 25; MHLW notice via JPS 2025 and 2026 schedules (https://www.nenkin.go.jp/service/kounen/hokenryo/hoshu/20150511.files/2026.pdf),https://www.nenkin.go.jp/service/kounen/hokenryo/hoshu/20150511.files/2026.pdf,2026-09-29,2025-12-01,,GAP,"JP lineage not yet seeded. Re-read 2026-09-29: all values match both JPS PDFs. Needs worksite/managed-branch prefecture, dispatching-agency rule, health-society exception, employee charge, midmonth occupancy and grade-revision probe. (Register status 2026-09-29: No [IN-SYSTEM 2026-09-29].)",settings.jp.in_kind_value.石川県,,,
JP-INK18,JP,contribution,"福井県 social-insurance in-kind value per person: meals JPY24,300/month, 810/day (breakfast 200, lunch 280, dinner 330) to 31 March 2026, then JPY25,500/month, 850/day (210/300/340) from 1 April 2026; housing JPY1,220/tatami of living rooms through 30 September 2026, JPY540/m² of total floor area from 1 October 2026. Sub-yen results are truncated.",Health Insurance Act art. 46; Employees' Pension Insurance Act art. 25; MHLW notice via JPS 2025 and 2026 schedules (https://www.nenkin.go.jp/service/kounen/hokenryo/hoshu/20150511.files/2026.pdf),https://www.nenkin.go.jp/service/kounen/hokenryo/hoshu/20150511.files/2026.pdf,2026-09-29,2025-12-01,,GAP,"JP lineage not yet seeded. Re-read 2026-09-29: all values match both JPS PDFs. Needs worksite/managed-branch prefecture, dispatching-agency rule, health-society exception, employee charge, midmonth occupancy and grade-revision probe. (Register status 2026-09-29: No [IN-SYSTEM 2026-09-29].)",settings.jp.in_kind_value.福井県,,,
JP-INK19,JP,contribution,"山梨県 social-insurance in-kind value per person: meals JPY23,400/month, 780/day (breakfast 200, lunch 270, dinner 310) to 31 March 2026, then JPY24,300/month, 810/day (200/280/330) from 1 April 2026; housing JPY1,260/tatami of living rooms through 30 September 2026, JPY560/m² of total floor area from 1 October 2026. Sub-yen results are truncated.",Health Insurance Act art. 46; Employees' Pension Insurance Act art. 25; MHLW notice via JPS 2025 and 2026 schedules (https://www.nenkin.go.jp/service/kounen/hokenryo/hoshu/20150511.files/2026.pdf),https://www.nenkin.go.jp/service/kounen/hokenryo/hoshu/20150511.files/2026.pdf,2026-09-29,2025-12-01,,GAP,"JP lineage not yet seeded. Re-read 2026-09-29: all values match both JPS PDFs. Needs worksite/managed-branch prefecture, dispatching-agency rule, health-society exception, employee charge, midmonth occupancy and grade-revision probe. (Register status 2026-09-29: No [IN-SYSTEM 2026-09-29].)",settings.jp.in_kind_value.山梨県,,,
JP-INK20,JP,contribution,"長野県 social-insurance in-kind value per person: meals JPY22,800/month, 760/day (breakfast 190, lunch 270, dinner 300) to 31 March 2026, then JPY23,700/month, 790/day (200/280/310) from 1 April 2026; housing JPY1,250/tatami of living rooms through 30 September 2026, JPY560/m² of total floor area from 1 October 2026. Sub-yen results are truncated.",Health Insurance Act art. 46; Employees' Pension Insurance Act art. 25; MHLW notice via JPS 2025 and 2026 schedules (https://www.nenkin.go.jp/service/kounen/hokenryo/hoshu/20150511.files/2026.pdf),https://www.nenkin.go.jp/service/kounen/hokenryo/hoshu/20150511.files/2026.pdf,2026-09-29,2025-12-01,,GAP,"JP lineage not yet seeded. Re-read 2026-09-29: all values match both JPS PDFs. Needs worksite/managed-branch prefecture, dispatching-agency rule, health-society exception, employee charge, midmonth occupancy and grade-revision probe. (Register status 2026-09-29: No [IN-SYSTEM 2026-09-29].)",settings.jp.in_kind_value.長野県,,,
JP-INK21,JP,contribution,"岐阜県 social-insurance in-kind value per person: meals JPY23,100/month, 770/day (breakfast 190, lunch 270, dinner 310) to 31 March 2026, then JPY24,300/month, 810/day (200/280/330) from 1 April 2026; housing JPY1,230/tatami of living rooms through 30 September 2026, JPY540/m² of total floor area from 1 October 2026. Sub-yen results are truncated.",Health Insurance Act art. 46; Employees' Pension Insurance Act art. 25; MHLW notice via JPS 2025 and 2026 schedules (https://www.nenkin.go.jp/service/kounen/hokenryo/hoshu/20150511.files/2026.pdf),https://www.nenkin.go.jp/service/kounen/hokenryo/hoshu/20150511.files/2026.pdf,2026-09-29,2025-12-01,,GAP,"JP lineage not yet seeded. Re-read 2026-09-29: all values match both JPS PDFs. Needs worksite/managed-branch prefecture, dispatching-agency rule, health-society exception, employee charge, midmonth occupancy and grade-revision probe. (Register status 2026-09-29: No [IN-SYSTEM 2026-09-29].)",settings.jp.in_kind_value.岐阜県,,,
JP-INK22,JP,contribution,"静岡県 social-insurance in-kind value per person: meals JPY23,100/month, 770/day (breakfast 190, lunch 270, dinner 310) to 31 March 2026, then JPY24,300/month, 810/day (200/280/330) from 1 April 2026; housing JPY1,460/tatami of living rooms through 30 September 2026, JPY650/m² of total floor area from 1 October 2026. Sub-yen results are truncated.",Health Insurance Act art. 46; Employees' Pension Insurance Act art. 25; MHLW notice via JPS 2025 and 2026 schedules (https://www.nenkin.go.jp/service/kounen/hokenryo/hoshu/20150511.files/2026.pdf),https://www.nenkin.go.jp/service/kounen/hokenryo/hoshu/20150511.files/2026.pdf,2026-09-29,2025-12-01,,GAP,"JP lineage not yet seeded. Re-read 2026-09-29: all values match both JPS PDFs. Needs worksite/managed-branch prefecture, dispatching-agency rule, health-society exception, employee charge, midmonth occupancy and grade-revision probe. (Register status 2026-09-29: No [IN-SYSTEM 2026-09-29].)",settings.jp.in_kind_value.静岡県,,,
JP-INK23,JP,contribution,"愛知県 social-insurance in-kind value per person: meals JPY23,400/month, 780/day (breakfast 200, lunch 270, dinner 310) to 31 March 2026, then JPY24,300/month, 810/day (200/280/330) from 1 April 2026; housing JPY1,560/tatami of living rooms through 30 September 2026, JPY710/m² of total floor area from 1 October 2026. Sub-yen results are truncated.",Health Insurance Act art. 46; Employees' Pension Insurance Act art. 25; MHLW notice via JPS 2025 and 2026 schedules (https://www.nenkin.go.jp/service/kounen/hokenryo/hoshu/20150511.files/2026.pdf),https://www.nenkin.go.jp/service/kounen/hokenryo/hoshu/20150511.files/2026.pdf,2026-09-29,2025-12-01,,GAP,"JP lineage not yet seeded. Re-read 2026-09-29: all values match both JPS PDFs. Needs worksite/managed-branch prefecture, dispatching-agency rule, health-society exception, employee charge, midmonth occupancy and grade-revision probe. (Register status 2026-09-29: No [IN-SYSTEM 2026-09-29].)",settings.jp.in_kind_value.愛知県,,,
JP-INK24,JP,contribution,"三重県 social-insurance in-kind value per person: meals JPY23,700/month, 790/day (breakfast 200, lunch 280, dinner 310) to 31 March 2026, then JPY24,900/month, 830/day (210/290/330) from 1 April 2026; housing JPY1,260/tatami of living rooms through 30 September 2026, JPY580/m² of total floor area from 1 October 2026. Sub-yen results are truncated.",Health Insurance Act art. 46; Employees' Pension Insurance Act art. 25; MHLW notice via JPS 2025 and 2026 schedules (https://www.nenkin.go.jp/service/kounen/hokenryo/hoshu/20150511.files/2026.pdf),https://www.nenkin.go.jp/service/kounen/hokenryo/hoshu/20150511.files/2026.pdf,2026-09-29,2025-12-01,,GAP,"JP lineage not yet seeded. Re-read 2026-09-29: all values match both JPS PDFs. Needs worksite/managed-branch prefecture, dispatching-agency rule, health-society exception, employee charge, midmonth occupancy and grade-revision probe. (Register status 2026-09-29: No [IN-SYSTEM 2026-09-29].)",settings.jp.in_kind_value.三重県,,,
JP-INK25,JP,contribution,"滋賀県 social-insurance in-kind value per person: meals JPY23,700/month, 790/day (breakfast 200, lunch 280, dinner 310) to 31 March 2026, then JPY24,600/month, 820/day (210/290/320) from 1 April 2026; housing JPY1,410/tatami of living rooms through 30 September 2026, JPY640/m² of total floor area from 1 October 2026. Sub-yen results are truncated.",Health Insurance Act art. 46; Employees' Pension Insurance Act art. 25; MHLW notice via JPS 2025 and 2026 schedules (https://www.nenkin.go.jp/service/kounen/hokenryo/hoshu/20150511.files/2026.pdf),https://www.nenkin.go.jp/service/kounen/hokenryo/hoshu/20150511.files/2026.pdf,2026-09-29,2025-12-01,,GAP,"JP lineage not yet seeded. Re-read 2026-09-29: all values match both JPS PDFs. Needs worksite/managed-branch prefecture, dispatching-agency rule, health-society exception, employee charge, midmonth occupancy and grade-revision probe. (Register status 2026-09-29: No [IN-SYSTEM 2026-09-29].)",settings.jp.in_kind_value.滋賀県,,,
JP-INK26,JP,contribution,"京都府 social-insurance in-kind value per person: meals JPY24,000/month, 800/day (breakfast 200, lunch 280, dinner 320) to 31 March 2026, then JPY25,200/month, 840/day (210/290/340) from 1 April 2026; housing JPY1.810/tatami of living rooms through 30 September 2026, JPY830/m² of total floor area from 1 October 2026. Sub-yen results are truncated.",Health Insurance Act art. 46; Employees' Pension Insurance Act art. 25; MHLW notice via JPS 2025 and 2026 schedules (https://www.nenkin.go.jp/service/kounen/hokenryo/hoshu/20150511.files/2026.pdf),https://www.nenkin.go.jp/service/kounen/hokenryo/hoshu/20150511.files/2026.pdf,2026-09-29,2025-12-01,,GAP,"JP lineage not yet seeded. Re-read 2026-09-29: all values match both JPS PDFs. The JPS PDF prints Kyoto's through-September housing value as 1.810 (dot, not comma); re-read 2026-09-29, still printed so — obtain JPS clarification before use. Needs worksite/managed-branch prefecture, dispatching-agency rule, health-society exception, employee charge, midmonth occupancy and grade-revision probe. (Register status 2026-09-29: No [IN-SYSTEM 2026-09-29].)",settings.jp.in_kind_value.京都府,,,
JP-INK27,JP,contribution,"大阪府 social-insurance in-kind value per person: meals JPY23,700/month, 790/day (breakfast 200, lunch 280, dinner 310) to 31 March 2026, then JPY24,600/month, 820/day (210/290/320) from 1 April 2026; housing JPY1,780/tatami of living rooms through 30 September 2026, JPY820/m² of total floor area from 1 October 2026. Sub-yen results are truncated.",Health Insurance Act art. 46; Employees' Pension Insurance Act art. 25; MHLW notice via JPS 2025 and 2026 schedules (https://www.nenkin.go.jp/service/kounen/hokenryo/hoshu/20150511.files/2026.pdf),https://www.nenkin.go.jp/service/kounen/hokenryo/hoshu/20150511.files/2026.pdf,2026-09-29,2025-12-01,,GAP,"JP lineage not yet seeded. Re-read 2026-09-29: all values match both JPS PDFs. Needs worksite/managed-branch prefecture, dispatching-agency rule, health-society exception, employee charge, midmonth occupancy and grade-revision probe. (Register status 2026-09-29: No [IN-SYSTEM 2026-09-29].)",settings.jp.in_kind_value.大阪府,,,
JP-INK28,JP,contribution,"兵庫県 social-insurance in-kind value per person: meals JPY23,700/month, 790/day (breakfast 200, lunch 280, dinner 310) to 31 March 2026, then JPY24,900/month, 830/day (210/290/330) from 1 April 2026; housing JPY1,580/tatami of living rooms through 30 September 2026, JPY730/m² of total floor area from 1 October 2026. Sub-yen results are truncated.",Health Insurance Act art. 46; Employees' Pension Insurance Act art. 25; MHLW notice via JPS 2025 and 2026 schedules (https://www.nenkin.go.jp/service/kounen/hokenryo/hoshu/20150511.files/2026.pdf),https://www.nenkin.go.jp/service/kounen/hokenryo/hoshu/20150511.files/2026.pdf,2026-09-29,2025-12-01,,GAP,"JP lineage not yet seeded. Re-read 2026-09-29: all values match both JPS PDFs. Needs worksite/managed-branch prefecture, dispatching-agency rule, health-society exception, employee charge, midmonth occupancy and grade-revision probe. (Register status 2026-09-29: No [IN-SYSTEM 2026-09-29].)",settings.jp.in_kind_value.兵庫県,,,
JP-INK29,JP,contribution,"奈良県 social-insurance in-kind value per person: meals JPY23,100/month, 770/day (breakfast 190, lunch 270, dinner 310) to 31 March 2026, then JPY24,300/month, 810/day (200/280/330) from 1 April 2026; housing JPY1,310/tatami of living rooms through 30 September 2026, JPY580/m² of total floor area from 1 October 2026. Sub-yen results are truncated.",Health Insurance Act art. 46; Employees' Pension Insurance Act art. 25; MHLW notice via JPS 2025 and 2026 schedules (https://www.nenkin.go.jp/service/kounen/hokenryo/hoshu/20150511.files/2026.pdf),https://www.nenkin.go.jp/service/kounen/hokenryo/hoshu/20150511.files/2026.pdf,2026-09-29,2025-12-01,,GAP,"JP lineage not yet seeded. Re-read 2026-09-29: all values match both JPS PDFs. Needs worksite/managed-branch prefecture, dispatching-agency rule, health-society exception, employee charge, midmonth occupancy and grade-revision probe. (Register status 2026-09-29: No [IN-SYSTEM 2026-09-29].)",settings.jp.in_kind_value.奈良県,,,
JP-INK30,JP,contribution,"和歌山県 social-insurance in-kind value per person: meals JPY23,700/month, 790/day (breakfast 200, lunch 280, dinner 310) to 31 March 2026, then JPY24,600/month, 820/day (210/290/320) from 1 April 2026; housing JPY1,170/tatami of living rooms through 30 September 2026, JPY490/m² of total floor area from 1 October 2026. Sub-yen results are truncated.",Health Insurance Act art. 46; Employees' Pension Insurance Act art. 25; MHLW notice via JPS 2025 and 2026 schedules (https://www.nenkin.go.jp/service/kounen/hokenryo/hoshu/20150511.files/2026.pdf),https://www.nenkin.go.jp/service/kounen/hokenryo/hoshu/20150511.files/2026.pdf,2026-09-29,2025-12-01,,GAP,"JP lineage not yet seeded. Re-read 2026-09-29: all values match both JPS PDFs. Needs worksite/managed-branch prefecture, dispatching-agency rule, health-society exception, employee charge, midmonth occupancy and grade-revision probe. (Register status 2026-09-29: No [IN-SYSTEM 2026-09-29].)",settings.jp.in_kind_value.和歌山県,,,
JP-INK31,JP,contribution,"鳥取県 social-insurance in-kind value per person: meals JPY24,300/month, 810/day (breakfast 200, lunch 280, dinner 330) to 31 March 2026, then JPY25,500/month, 850/day (210/300/340) from 1 April 2026; housing JPY1,190/tatami of living rooms through 30 September 2026, JPY500/m² of total floor area from 1 October 2026. Sub-yen results are truncated.",Health Insurance Act art. 46; Employees' Pension Insurance Act art. 25; MHLW notice via JPS 2025 and 2026 schedules (https://www.nenkin.go.jp/service/kounen/hokenryo/hoshu/20150511.files/2026.pdf),https://www.nenkin.go.jp/service/kounen/hokenryo/hoshu/20150511.files/2026.pdf,2026-09-29,2025-12-01,,GAP,"JP lineage not yet seeded. Re-read 2026-09-29: all values match both JPS PDFs. Needs worksite/managed-branch prefecture, dispatching-agency rule, health-society exception, employee charge, midmonth occupancy and grade-revision probe. (Register status 2026-09-29: No [IN-SYSTEM 2026-09-29].)",settings.jp.in_kind_value.鳥取県,,,
JP-INK32,JP,contribution,"島根県 social-insurance in-kind value per person: meals JPY24,300/month, 810/day (breakfast 200, lunch 280, dinner 330) to 31 March 2026, then JPY25,500/month, 850/day (210/300/340) from 1 April 2026; housing JPY1,150/tatami of living rooms through 30 September 2026, JPY500/m² of total floor area from 1 October 2026. Sub-yen results are truncated.",Health Insurance Act art. 46; Employees' Pension Insurance Act art. 25; MHLW notice via JPS 2025 and 2026 schedules (https://www.nenkin.go.jp/service/kounen/hokenryo/hoshu/20150511.files/2026.pdf),https://www.nenkin.go.jp/service/kounen/hokenryo/hoshu/20150511.files/2026.pdf,2026-09-29,2025-12-01,,GAP,"JP lineage not yet seeded. Re-read 2026-09-29: all values match both JPS PDFs. Needs worksite/managed-branch prefecture, dispatching-agency rule, health-society exception, employee charge, midmonth occupancy and grade-revision probe. (Register status 2026-09-29: No [IN-SYSTEM 2026-09-29].)",settings.jp.in_kind_value.島根県,,,
JP-INK33,JP,contribution,"岡山県 social-insurance in-kind value per person: meals JPY24,000/month, 800/day (breakfast 200, lunch 280, dinner 320) to 31 March 2026, then JPY24,900/month, 830/day (210/290/330) from 1 April 2026; housing JPY1,360/tatami of living rooms through 30 September 2026, JPY620/m² of total floor area from 1 October 2026. Sub-yen results are truncated.",Health Insurance Act art. 46; Employees' Pension Insurance Act art. 25; MHLW notice via JPS 2025 and 2026 schedules (https://www.nenkin.go.jp/service/kounen/hokenryo/hoshu/20150511.files/2026.pdf),https://www.nenkin.go.jp/service/kounen/hokenryo/hoshu/20150511.files/2026.pdf,2026-09-29,2025-12-01,,GAP,"JP lineage not yet seeded. Re-read 2026-09-29: all values match both JPS PDFs. Needs worksite/managed-branch prefecture, dispatching-agency rule, health-society exception, employee charge, midmonth occupancy and grade-revision probe. (Register status 2026-09-29: No [IN-SYSTEM 2026-09-29].)",settings.jp.in_kind_value.岡山県,,,
JP-INK34,JP,contribution,"広島県 social-insurance in-kind value per person: meals JPY24,000/month, 800/day (breakfast 200, lunch 280, dinner 320) to 31 March 2026, then JPY25,200/month, 840/day (210/290/340) from 1 April 2026; housing JPY1,410/tatami of living rooms through 30 September 2026, JPY670/m² of total floor area from 1 October 2026. Sub-yen results are truncated.",Health Insurance Act art. 46; Employees' Pension Insurance Act art. 25; MHLW notice via JPS 2025 and 2026 schedules (https://www.nenkin.go.jp/service/kounen/hokenryo/hoshu/20150511.files/2026.pdf),https://www.nenkin.go.jp/service/kounen/hokenryo/hoshu/20150511.files/2026.pdf,2026-09-29,2025-12-01,,GAP,"JP lineage not yet seeded. Re-read 2026-09-29: all values match both JPS PDFs. Needs worksite/managed-branch prefecture, dispatching-agency rule, health-society exception, employee charge, midmonth occupancy and grade-revision probe. (Register status 2026-09-29: No [IN-SYSTEM 2026-09-29].)",settings.jp.in_kind_value.広島県,,,
JP-INK35,JP,contribution,"山口県 social-insurance in-kind value per person: meals JPY24,000/month, 800/day (breakfast 200, lunch 280, dinner 320) to 31 March 2026, then JPY25,200/month, 840/day (210/290/340) from 1 April 2026; housing JPY1,140/tatami of living rooms through 30 September 2026, JPY500/m² of total floor area from 1 October 2026. Sub-yen results are truncated.",Health Insurance Act art. 46; Employees' Pension Insurance Act art. 25; MHLW notice via JPS 2025 and 2026 schedules (https://www.nenkin.go.jp/service/kounen/hokenryo/hoshu/20150511.files/2026.pdf),https://www.nenkin.go.jp/service/kounen/hokenryo/hoshu/20150511.files/2026.pdf,2026-09-29,2025-12-01,,GAP,"JP lineage not yet seeded. Re-read 2026-09-29: all values match both JPS PDFs. Needs worksite/managed-branch prefecture, dispatching-agency rule, health-society exception, employee charge, midmonth occupancy and grade-revision probe. (Register status 2026-09-29: No [IN-SYSTEM 2026-09-29].)",settings.jp.in_kind_value.山口県,,,
JP-INK36,JP,contribution,"徳島県 social-insurance in-kind value per person: meals JPY23,700/month, 790/day (breakfast 200, lunch 280, dinner 310) to 31 March 2026, then JPY24,900/month, 830/day (210/290/330) from 1 April 2026; housing JPY1,160/tatami of living rooms through 30 September 2026, JPY510/m² of total floor area from 1 October 2026. Sub-yen results are truncated.",Health Insurance Act art. 46; Employees' Pension Insurance Act art. 25; MHLW notice via JPS 2025 and 2026 schedules (https://www.nenkin.go.jp/service/kounen/hokenryo/hoshu/20150511.files/2026.pdf),https://www.nenkin.go.jp/service/kounen/hokenryo/hoshu/20150511.files/2026.pdf,2026-09-29,2025-12-01,,GAP,"JP lineage not yet seeded. Re-read 2026-09-29: all values match both JPS PDFs. Needs worksite/managed-branch prefecture, dispatching-agency rule, health-society exception, employee charge, midmonth occupancy and grade-revision probe. (Register status 2026-09-29: No [IN-SYSTEM 2026-09-29].)",settings.jp.in_kind_value.徳島県,,,
JP-INK37,JP,contribution,"香川県 social-insurance in-kind value per person: meals JPY23,700/month, 790/day (breakfast 200, lunch 280, dinner 310) to 31 March 2026, then JPY24,900/month, 830/day (210/290/330) from 1 April 2026; housing JPY1,210/tatami of living rooms through 30 September 2026, JPY550/m² of total floor area from 1 October 2026. Sub-yen results are truncated.",Health Insurance Act art. 46; Employees' Pension Insurance Act art. 25; MHLW notice via JPS 2025 and 2026 schedules (https://www.nenkin.go.jp/service/kounen/hokenryo/hoshu/20150511.files/2026.pdf),https://www.nenkin.go.jp/service/kounen/hokenryo/hoshu/20150511.files/2026.pdf,2026-09-29,2025-12-01,,GAP,"JP lineage not yet seeded. Re-read 2026-09-29: all values match both JPS PDFs. Needs worksite/managed-branch prefecture, dispatching-agency rule, health-society exception, employee charge, midmonth occupancy and grade-revision probe. (Register status 2026-09-29: No [IN-SYSTEM 2026-09-29].)",settings.jp.in_kind_value.香川県,,,
JP-INK38,JP,contribution,"愛媛県 social-insurance in-kind value per person: meals JPY23,700/month, 790/day (breakfast 200, lunch 280, dinner 310) to 31 March 2026, then JPY24,900/month, 830/day (210/290/330) from 1 April 2026; housing JPY1,130/tatami of living rooms through 30 September 2026, JPY500/m² of total floor area from 1 October 2026. Sub-yen results are truncated.",Health Insurance Act art. 46; Employees' Pension Insurance Act art. 25; MHLW notice via JPS 2025 and 2026 schedules (https://www.nenkin.go.jp/service/kounen/hokenryo/hoshu/20150511.files/2026.pdf),https://www.nenkin.go.jp/service/kounen/hokenryo/hoshu/20150511.files/2026.pdf,2026-09-29,2025-12-01,,GAP,"JP lineage not yet seeded. Re-read 2026-09-29: all values match both JPS PDFs. Needs worksite/managed-branch prefecture, dispatching-agency rule, health-society exception, employee charge, midmonth occupancy and grade-revision probe. (Register status 2026-09-29: No [IN-SYSTEM 2026-09-29].)",settings.jp.in_kind_value.愛媛県,,,
JP-INK39,JP,contribution,"高知県 social-insurance in-kind value per person: meals JPY24,000/month, 800/day (breakfast 200, lunch 280, dinner 320) to 31 March 2026, then JPY25,200/month, 840/day (210/290/340) from 1 April 2026; housing JPY1,130/tatami of living rooms through 30 September 2026, JPY490/m² of total floor area from 1 October 2026. Sub-yen results are truncated.",Health Insurance Act art. 46; Employees' Pension Insurance Act art. 25; MHLW notice via JPS 2025 and 2026 schedules (https://www.nenkin.go.jp/service/kounen/hokenryo/hoshu/20150511.files/2026.pdf),https://www.nenkin.go.jp/service/kounen/hokenryo/hoshu/20150511.files/2026.pdf,2026-09-29,2025-12-01,,GAP,"JP lineage not yet seeded. Re-read 2026-09-29: all values match both JPS PDFs. Needs worksite/managed-branch prefecture, dispatching-agency rule, health-society exception, employee charge, midmonth occupancy and grade-revision probe. (Register status 2026-09-29: No [IN-SYSTEM 2026-09-29].)",settings.jp.in_kind_value.高知県,,,
JP-INK40,JP,contribution,"福岡県 social-insurance in-kind value per person: meals JPY23,400/month, 780/day (breakfast 200, lunch 270, dinner 310) to 31 March 2026, then JPY24,600/month, 820/day (210/290/320) from 1 April 2026; housing JPY1,430/tatami of living rooms through 30 September 2026, JPY670/m² of total floor area from 1 October 2026. Sub-yen results are truncated.",Health Insurance Act art. 46; Employees' Pension Insurance Act art. 25; MHLW notice via JPS 2025 and 2026 schedules (https://www.nenkin.go.jp/service/kounen/hokenryo/hoshu/20150511.files/2026.pdf),https://www.nenkin.go.jp/service/kounen/hokenryo/hoshu/20150511.files/2026.pdf,2026-09-29,2025-12-01,,GAP,"JP lineage not yet seeded. Re-read 2026-09-29: all values match both JPS PDFs. Needs worksite/managed-branch prefecture, dispatching-agency rule, health-society exception, employee charge, midmonth occupancy and grade-revision probe. (Register status 2026-09-29: No [IN-SYSTEM 2026-09-29].)",settings.jp.in_kind_value.福岡県,,,
JP-INK41,JP,contribution,"佐賀県 social-insurance in-kind value per person: meals JPY23,100/month, 770/day (breakfast 190, lunch 270, dinner 310) to 31 March 2026, then JPY24,300/month, 810/day (200/280/330) from 1 April 2026; housing JPY1,170/tatami of living rooms through 30 September 2026, JPY510/m² of total floor area from 1 October 2026. Sub-yen results are truncated.",Health Insurance Act art. 46; Employees' Pension Insurance Act art. 25; MHLW notice via JPS 2025 and 2026 schedules (https://www.nenkin.go.jp/service/kounen/hokenryo/hoshu/20150511.files/2026.pdf),https://www.nenkin.go.jp/service/kounen/hokenryo/hoshu/20150511.files/2026.pdf,2026-09-29,2025-12-01,,GAP,"JP lineage not yet seeded. Re-read 2026-09-29: all values match both JPS PDFs. Needs worksite/managed-branch prefecture, dispatching-agency rule, health-society exception, employee charge, midmonth occupancy and grade-revision probe. (Register status 2026-09-29: No [IN-SYSTEM 2026-09-29].)",settings.jp.in_kind_value.佐賀県,,,
JP-INK42,JP,contribution,"長崎県 social-insurance in-kind value per person: meals JPY24,000/month, 800/day (breakfast 200, lunch 280, dinner 320) to 31 March 2026, then JPY24,900/month, 830/day (210/290/330) from 1 April 2026; housing JPY1,150/tatami of living rooms through 30 September 2026, JPY510/m² of total floor area from 1 October 2026. Sub-yen results are truncated.",Health Insurance Act art. 46; Employees' Pension Insurance Act art. 25; MHLW notice via JPS 2025 and 2026 schedules (https://www.nenkin.go.jp/service/kounen/hokenryo/hoshu/20150511.files/2026.pdf),https://www.nenkin.go.jp/service/kounen/hokenryo/hoshu/20150511.files/2026.pdf,2026-09-29,2025-12-01,,GAP,"JP lineage not yet seeded. Re-read 2026-09-29: all values match both JPS PDFs. Needs worksite/managed-branch prefecture, dispatching-agency rule, health-society exception, employee charge, midmonth occupancy and grade-revision probe. (Register status 2026-09-29: No [IN-SYSTEM 2026-09-29].)",settings.jp.in_kind_value.長崎県,,,
JP-INK43,JP,contribution,"熊本県 social-insurance in-kind value per person: meals JPY24,000/month, 800/day (breakfast 200, lunch 280, dinner 320) to 31 March 2026, then JPY25,200/month, 840/day (210/290/340) from 1 April 2026; housing JPY1,150/tatami of living rooms through 30 September 2026, JPY530/m² of total floor area from 1 October 2026. Sub-yen results are truncated.",Health Insurance Act art. 46; Employees' Pension Insurance Act art. 25; MHLW notice via JPS 2025 and 2026 schedules (https://www.nenkin.go.jp/service/kounen/hokenryo/hoshu/20150511.files/2026.pdf),https://www.nenkin.go.jp/service/kounen/hokenryo/hoshu/20150511.files/2026.pdf,2026-09-29,2025-12-01,,GAP,"JP lineage not yet seeded. Re-read 2026-09-29: all values match both JPS PDFs. Needs worksite/managed-branch prefecture, dispatching-agency rule, health-society exception, employee charge, midmonth occupancy and grade-revision probe. (Register status 2026-09-29: No [IN-SYSTEM 2026-09-29].)",settings.jp.in_kind_value.熊本県,,,
JP-INK44,JP,contribution,"大分県 social-insurance in-kind value per person: meals JPY23,400/month, 780/day (breakfast 200, lunch 270, dinner 310) to 31 March 2026, then JPY24,600/month, 820/day (210/290/320) from 1 April 2026; housing JPY1,170/tatami of living rooms through 30 September 2026, JPY530/m² of total floor area from 1 October 2026. Sub-yen results are truncated.",Health Insurance Act art. 46; Employees' Pension Insurance Act art. 25; MHLW notice via JPS 2025 and 2026 schedules (https://www.nenkin.go.jp/service/kounen/hokenryo/hoshu/20150511.files/2026.pdf),https://www.nenkin.go.jp/service/kounen/hokenryo/hoshu/20150511.files/2026.pdf,2026-09-29,2025-12-01,,GAP,"JP lineage not yet seeded. Re-read 2026-09-29: all values match both JPS PDFs. Needs worksite/managed-branch prefecture, dispatching-agency rule, health-society exception, employee charge, midmonth occupancy and grade-revision probe. (Register status 2026-09-29: No [IN-SYSTEM 2026-09-29].)",settings.jp.in_kind_value.大分県,,,
JP-INK45,JP,contribution,"宮崎県 social-insurance in-kind value per person: meals JPY22,800/month, 760/day (breakfast 190, lunch 270, dinner 300) to 31 March 2026, then JPY24,300/month, 810/day (200/280/330) from 1 April 2026; housing JPY1,080/tatami of living rooms through 30 September 2026, JPY490/m² of total floor area from 1 October 2026. Sub-yen results are truncated.",Health Insurance Act art. 46; Employees' Pension Insurance Act art. 25; MHLW notice via JPS 2025 and 2026 schedules (https://www.nenkin.go.jp/service/kounen/hokenryo/hoshu/20150511.files/2026.pdf),https://www.nenkin.go.jp/service/kounen/hokenryo/hoshu/20150511.files/2026.pdf,2026-09-29,2025-12-01,,GAP,"JP lineage not yet seeded. Re-read 2026-09-29: all values match both JPS PDFs. Needs worksite/managed-branch prefecture, dispatching-agency rule, health-society exception, employee charge, midmonth occupancy and grade-revision probe. (Register status 2026-09-29: No [IN-SYSTEM 2026-09-29].)",settings.jp.in_kind_value.宮崎県,,,
JP-INK46,JP,contribution,"鹿児島県 social-insurance in-kind value per person: meals JPY23,100/month, 770/day (breakfast 190, lunch 270, dinner 310) to 31 March 2026, then JPY24,300/month, 810/day (200/280/330) from 1 April 2026; housing JPY1,110/tatami of living rooms through 30 September 2026, JPY470/m² of total floor area from 1 October 2026. Sub-yen results are truncated.",Health Insurance Act art. 46; Employees' Pension Insurance Act art. 25; MHLW notice via JPS 2025 and 2026 schedules (https://www.nenkin.go.jp/service/kounen/hokenryo/hoshu/20150511.files/2026.pdf),https://www.nenkin.go.jp/service/kounen/hokenryo/hoshu/20150511.files/2026.pdf,2026-09-29,2025-12-01,,GAP,"JP lineage not yet seeded. Re-read 2026-09-29: all values match both JPS PDFs. Needs worksite/managed-branch prefecture, dispatching-agency rule, health-society exception, employee charge, midmonth occupancy and grade-revision probe. (Register status 2026-09-29: No [IN-SYSTEM 2026-09-29].)",settings.jp.in_kind_value.鹿児島県,,,
JP-INK47,JP,contribution,"沖縄県 social-insurance in-kind value per person: meals JPY25,200/month, 840/day (breakfast 210, lunch 290, dinner 340) to 31 March 2026, then JPY26,400/month, 880/day (220/310/350) from 1 April 2026; housing JPY1,290/tatami of living rooms through 30 September 2026, JPY620/m² of total floor area from 1 October 2026. Sub-yen results are truncated.",Health Insurance Act art. 46; Employees' Pension Insurance Act art. 25; MHLW notice via JPS 2025 and 2026 schedules (https://www.nenkin.go.jp/service/kounen/hokenryo/hoshu/20150511.files/2026.pdf),https://www.nenkin.go.jp/service/kounen/hokenryo/hoshu/20150511.files/2026.pdf,2026-09-29,2025-12-01,,GAP,"JP lineage not yet seeded. Re-read 2026-09-29: all values match both JPS PDFs. Needs worksite/managed-branch prefecture, dispatching-agency rule, health-society exception, employee charge, midmonth occupancy and grade-revision probe. (Register status 2026-09-29: No [IN-SYSTEM 2026-09-29].)",settings.jp.in_kind_value.沖縄県,,,
JP-CC01,JP,leave,"Child-nursing leave reaches the end of elementary grade 3 and covers class closure and school entry/exit ceremonies; a written labour agreement can still exclude workers scheduled at most two days/week, but no longer those with under six months' service.",MHLW childcare reform (https://www.mhlw.go.jp/seisakunitsuite/bunya/koyou_roudou/koyoukintou/ryouritsu/ikuji/law-amendment/),https://www.mhlw.go.jp/seisakunitsuite/bunya/koyou_roudou/koyoukintou/ryouritsu/ikuji/law-amendment/,2026-09-29,2025-04-01,,GAP,"JP lineage not yet seeded. Leave entitlement and employer evidence have no JP saved-input probe. Closure case: Child grade/date, reason, work schedule, agreement and leave/pay election; test grade 3/4 and 5/6 service months. (Register status 2026-09-29: No [IN-SYSTEM 2026-09-29].)",leave_types:JP_CHILDCARE_FAMILY.cc01,,,
JP-CC02,JP,leave,A worker with a child below school-start age can request exemption from ordinary scheduled overtime; former child-under-three limit ended.,MHLW childcare reform (https://www.mhlw.go.jp/seisakunitsuite/bunya/koyou_roudou/koyoukintou/ryouritsu/ikuji/law-amendment/),https://www.mhlw.go.jp/seisakunitsuite/bunya/koyou_roudou/koyoukintou/ryouritsu/ikuji/law-amendment/,2026-09-29,2025-04-01,,GAP,"JP lineage not yet seeded. No JP scheduling or refusal mechanism verified. Closure case: Child date, request, work plan and protection; test child-age boundary and refused extra shift. (Register status 2026-09-29: No [IN-SYSTEM 2026-09-29].)",leave_types:JP_CHILDCARE_FAMILY.cc02,,,
JP-CC03,JP,filing,"Employer childcare-leave uptake publication now reaches employers with over 300 workers, using an allowed prior-fiscal-year male uptake ratio.",MHLW childcare reform (https://www.mhlw.go.jp/seisakunitsuite/bunya/koyou_roudou/koyoukintou/ryouritsu/ikuji/law-amendment/),https://www.mhlw.go.jp/seisakunitsuite/bunya/koyou_roudou/koyoukintou/ryouritsu/ikuji/law-amendment/,2026-09-29,2025-04-01,,EXTERNAL,"JP lineage not yet seeded. No employer report calculation or publication path. Closure case: Count 300/301, fiscal cohort, numerator/denominator, publication date and evidence. (Register status 2026-09-29: No [IN-SYSTEM 2026-09-29].)",obligations:JP_CC03,,,
JP-CC04,JP,other,"For a worker caring for a child aged three until school start, employer offers at least two of five flexible-work measures; worker may choose one and a majority union/representative is heard.",MHLW childcare reform (https://www.mhlw.go.jp/seisakunitsuite/bunya/koyou_roudou/koyoukintou/ryouritsu/ikuji/law-amendment/),https://www.mhlw.go.jp/seisakunitsuite/bunya/koyou_roudou/koyoukintou/ryouritsu/ikuji/law-amendment/,2026-09-29,2025-10-01,,GAP,"JP lineage not yet seeded. Site/worker selections and payroll effect are unmodelled for JP. Closure case: Site choices, worker election, dates, agreed pay/hours and consultation proof; test one versus two offers. (Register status 2026-09-29: No [IN-SYSTEM 2026-09-29].)",leave_types:JP_CHILDCARE_FAMILY.cc04,,,
JP-CC05,JP,other,"Before the third birthday, employer individually explains its flexible measures and checks the worker's intended use in the statutory window.",MHLW childcare reform (https://www.mhlw.go.jp/seisakunitsuite/bunya/koyou_roudou/koyoukintou/ryouritsu/ikuji/law-amendment/),https://www.mhlw.go.jp/seisakunitsuite/bunya/koyou_roudou/koyoukintou/ryouritsu/ikuji/law-amendment/,2026-09-29,2025-10-01,,GAP,"JP lineage not yet seeded. No dated communication evidence path. Closure case: Child age, notice/response channel, dated contents and offered measures; probe early/late notice. (Register status 2026-09-29: No [IN-SYSTEM 2026-09-29].)",leave_types:JP_CHILDCARE_FAMILY.cc05,,,
JP-CC06,JP,other,"At pregnancy/birth disclosure and again before the child's third birthday, employer individually elicits work/care preferences and considers them.",MHLW childcare reform (https://www.mhlw.go.jp/seisakunitsuite/bunya/koyou_roudou/koyoukintou/ryouritsu/ikuji/law-amendment/),https://www.mhlw.go.jp/seisakunitsuite/bunya/koyou_roudou/koyoukintou/ryouritsu/ikuji/law-amendment/,2026-09-29,2025-10-01,,GAP,"JP lineage not yet seeded. No HR preference and response workflow verified. Closure case: Event/window, documented hours/location/workload preferences and response; probe both triggers. (Register status 2026-09-29: No [IN-SYSTEM 2026-09-29].)",leave_types:JP_CHILDCARE_FAMILY.cc06,,,
JP-CC07,JP,filing,"When preparing/changing an action plan, employers with over 100 workers analyse male childcare-leave uptake and full-time overtime/holiday hours and set numeric goals.",MHLW Next Generation Act reform (https://www.mhlw.go.jp/seisakunitsuite/bunya/koyou_roudou/koyoukintou/ryouritsu/ikuji/law-amendment/),https://www.mhlw.go.jp/seisakunitsuite/bunya/koyou_roudou/koyoukintou/ryouritsu/ikuji/law-amendment/,2026-09-29,2025-04-01,,EXTERNAL,"JP lineage not yet seeded. No employer plan, hours metric or filing workflow. Closure case: Count 100/101, plan event, underlying leave/hour history, targets and filed/public plan. (Register status 2026-09-29: No [IN-SYSTEM 2026-09-29].)",obligations:JP_CC07,,,
JP-CC08,JP,other,A worker disclosing family-care need receives individual notice and intention check; employer also provides care-system information around the worker's 40th year.,MHLW family-care reform (https://www.mhlw.go.jp/seisakunitsuite/bunya/koyou_roudou/koyoukintou/ryouritsu/kaigo/law-amendment/),https://www.mhlw.go.jp/seisakunitsuite/bunya/koyou_roudou/koyoukintou/ryouritsu/kaigo/law-amendment/,2026-09-29,2025-04-01,,GAP,"JP lineage not yet seeded. No care-event/age notice evidence or refusal probe. Closure case: Care event, employee age, content/channel and response; probe birthday/fiscal-year information window and later care event. (Register status 2026-09-29: No [IN-SYSTEM 2026-09-29].)",leave_types:JP_CHILDCARE_FAMILY.cc08,,,
JP-CC09,JP,other,"Employer establishes at least one of the prescribed care-leave support environment measures, such as training, consultation, examples or policy notice.",MHLW family-care reform (https://www.mhlw.go.jp/seisakunitsuite/bunya/koyou_roudou/koyoukintou/ryouritsu/kaigo/law-amendment/),https://www.mhlw.go.jp/seisakunitsuite/bunya/koyou_roudou/koyoukintou/ryouritsu/kaigo/law-amendment/,2026-09-29,2025-04-01,,EXTERNAL,JP lineage not yet seeded. No employer measure record or compliance check. Closure case: Employer/site measure and dated evidence; probe no measure versus one evidenced measure. (Register status 2026-09-29: No [IN-SYSTEM 2026-09-29].),obligations:JP_CC09,,,
JP-CC10,JP,leave,A labour agreement cannot exclude a worker from care leave solely for having under six months' service; the at-most-two-days/week exclusion remains.,MHLW family-care reform (https://www.mhlw.go.jp/seisakunitsuite/bunya/koyou_roudou/koyoukintou/ryouritsu/kaigo/law-amendment/),https://www.mhlw.go.jp/seisakunitsuite/bunya/koyou_roudou/koyoukintou/ryouritsu/kaigo/law-amendment/,2026-09-29,2025-04-01,,GAP,"JP lineage not yet seeded. No JP care-leave agreement/eligibility probe. Closure case: Service, scheduled days and agreement; probe five-month worker at two versus three days/week. (Register status 2026-09-29: No [IN-SYSTEM 2026-09-29].)",leave_types:JP_CHILDCARE_FAMILY.cc10,,,
JP-RF01,JP,minimum_wage,"北海道 regional minimum wage (令和7年度): JPY1,075/hour for work performed 2025-10-04 to 2026-09-30, selected by work date and worksite.","Minimum Wage Act arts. 4, 9, 14; MHLW H14–R8 regional revision workbook (https://www.mhlw.go.jp/content/11200000/001753407.xlsx); live quick table (https://saiteichingin.mhlw.go.jp/table/page_list_nationallist.php)",https://www.mhlw.go.jp/content/11200000/001753407.xlsx,2026-09-29,2025-10-04,2026-09-30,GAP,"JP lineage not yet seeded. Re-read 2026-09-29: amount matches MHLW's workbook and quick table. Needs worksite prefecture per work day, dispatch client location, higher specific floor and permit selection, and a work-date split probe across 2026-09-30/2026-10-01. (Register status 2026-09-29: No [IN-SYSTEM 2026-09-29].)",work_rules.wages.hourly_by_region.北海道,,,
JP-RF01-R8,JP,minimum_wage,"北海道 regional minimum wage (令和8年度): JPY1,131/hour for work performed from 2026-10-01.",Minimum Wage Act arts. 10–14; MHLW 令和8年度地域別最低賃金全国一覧 (https://www.mhlw.go.jp/content/11200000/001753404.pdf),https://jsite.mhlw.go.jp/hokkaido-roudoukyoku/minimum_wage.html,2026-09-29,2026-10-01,,GAP,"JP lineage not yet seeded. Final decision confirmed by Hokkaido Labour Bureau (https://jsite.mhlw.go.jp/hokkaido-roudoukyoku/minimum_wage.html), re-read 2026-09-29; amount and 発効日 match MHLW's 令和8年度 list. Needs the same work-date selector and a 2026-09-30/2026-10-01 split-period probe (Osaka states the new rate applies from the effective day even inside a pay period).",work_rules.wages.hourly_by_region.北海道,,,
JP-RF02,JP,minimum_wage,"青森県 regional minimum wage (令和7年度): JPY1,029/hour for work performed 2025-11-21 to 2026-10-28, selected by work date and worksite.","Minimum Wage Act arts. 4, 9, 14; MHLW H14–R8 regional revision workbook (https://www.mhlw.go.jp/content/11200000/001753407.xlsx); live quick table (https://saiteichingin.mhlw.go.jp/table/page_list_nationallist.php)",https://www.mhlw.go.jp/content/11200000/001753407.xlsx,2026-09-29,2025-11-21,2026-10-28,GAP,"JP lineage not yet seeded. Re-read 2026-09-29: amount matches MHLW's workbook and quick table. Needs worksite prefecture per work day, dispatch client location, higher specific floor and permit selection, and a work-date split probe across 2026-10-28/2026-10-29. (Register status 2026-09-29: No [IN-SYSTEM 2026-09-29].)",work_rules.wages.hourly_by_region.青森県,,,
JP-RF02-R8,JP,minimum_wage,"青森県 regional minimum wage (令和8年度): JPY1,090/hour for work performed from 2026-10-29.",Minimum Wage Act arts. 10–14; MHLW 令和8年度地域別最低賃金全国一覧 (https://www.mhlw.go.jp/content/11200000/001753404.pdf),https://www.mhlw.go.jp/content/11200000/001753404.pdf,2026-09-29,2026-10-29,,AWAITING-LAW,"MHLW's 令和8年度 national list (re-read 2026-09-29) shows JPY1,090 as 答申された改定額 with 発効日 2026-10-29; MHLW's 3 September 2026 release says every successor was a council recommendation to be decided after objections. No issuer statement of the prefectural director's decision/官報公示 was confirmed for this prefecture. Minimum Wage Act art. 14(2) makes a decision effective 30 days after publication, so a 2026-10-29 start implies publication by 2026-09-29; confirm the Gazette before sealing. JP lineage not yet seeded.",work_rules.wages.hourly_by_region.青森県,,,
JP-RF03,JP,minimum_wage,"岩手県 regional minimum wage (令和7年度): JPY1,031/hour for work performed 2025-12-01 to 2026-11-30, selected by work date and worksite.","Minimum Wage Act arts. 4, 9, 14; MHLW H14–R8 regional revision workbook (https://www.mhlw.go.jp/content/11200000/001753407.xlsx); live quick table (https://saiteichingin.mhlw.go.jp/table/page_list_nationallist.php)",https://www.mhlw.go.jp/content/11200000/001753407.xlsx,2026-09-29,2025-12-01,2026-11-30,GAP,"JP lineage not yet seeded. Re-read 2026-09-29: amount matches MHLW's workbook and quick table. Needs worksite prefecture per work day, dispatch client location, higher specific floor and permit selection, and a work-date split probe across 2026-11-30/2026-12-01. (Register status 2026-09-29: No [IN-SYSTEM 2026-09-29].)",work_rules.wages.hourly_by_region.岩手県,,,
JP-RF03-R8,JP,minimum_wage,"岩手県 regional minimum wage (令和8年度): JPY1,090/hour for work performed from 2026-12-01.",Minimum Wage Act arts. 10–14; MHLW 令和8年度地域別最低賃金全国一覧 (https://www.mhlw.go.jp/content/11200000/001753404.pdf),https://www.mhlw.go.jp/content/11200000/001753404.pdf,2026-09-29,2026-12-01,,AWAITING-LAW,"MHLW's 令和8年度 national list (re-read 2026-09-29) shows JPY1,090 as 答申された改定額 with 発効日 2026-12-01; MHLW's 3 September 2026 release says every successor was a council recommendation to be decided after objections. No issuer statement of the prefectural director's decision/官報公示 was confirmed for this prefecture. Minimum Wage Act art. 14(2) makes a decision effective 30 days after publication, so a 2026-12-01 start implies publication by 2026-11-01; confirm the Gazette before sealing. JP lineage not yet seeded.",work_rules.wages.hourly_by_region.岩手県,,,
JP-RF04,JP,minimum_wage,"宮城県 regional minimum wage (令和7年度): JPY1,038/hour for work performed 2025-10-04 to 2026-09-30, selected by work date and worksite.","Minimum Wage Act arts. 4, 9, 14; MHLW H14–R8 regional revision workbook (https://www.mhlw.go.jp/content/11200000/001753407.xlsx); live quick table (https://saiteichingin.mhlw.go.jp/table/page_list_nationallist.php)",https://www.mhlw.go.jp/content/11200000/001753407.xlsx,2026-09-29,2025-10-04,2026-09-30,GAP,"JP lineage not yet seeded. Re-read 2026-09-29: amount matches MHLW's workbook and quick table. Needs worksite prefecture per work day, dispatch client location, higher specific floor and permit selection, and a work-date split probe across 2026-09-30/2026-10-01. (Register status 2026-09-29: No [IN-SYSTEM 2026-09-29].)",work_rules.wages.hourly_by_region.宮城県,,,
JP-RF04-R8,JP,minimum_wage,"宮城県 regional minimum wage (令和8年度): JPY1,098/hour for work performed from 2026-10-01.",Minimum Wage Act arts. 10–14; MHLW 令和8年度地域別最低賃金全国一覧 (https://www.mhlw.go.jp/content/11200000/001753404.pdf),https://jsite.mhlw.go.jp/miyagi-roudoukyoku/content/contents/002799063.pdf,2026-09-29,2026-10-01,,GAP,"JP lineage not yet seeded. Final decision confirmed by Miyagi Labour Bureau (1 September Gazette) (https://jsite.mhlw.go.jp/miyagi-roudoukyoku/content/contents/002799063.pdf), re-read 2026-09-29; amount and 発効日 match MHLW's 令和8年度 list. Needs the same work-date selector and a 2026-09-30/2026-10-01 split-period probe (Osaka states the new rate applies from the effective day even inside a pay period).",work_rules.wages.hourly_by_region.宮城県,,,
JP-RF05,JP,minimum_wage,"秋田県 regional minimum wage (令和7年度): JPY1,031/hour for work performed 2026-03-31 to 2026-10-13, selected by work date and worksite.","Minimum Wage Act arts. 4, 9, 14; MHLW H14–R8 regional revision workbook (https://www.mhlw.go.jp/content/11200000/001753407.xlsx); live quick table (https://saiteichingin.mhlw.go.jp/table/page_list_nationallist.php)",https://www.mhlw.go.jp/content/11200000/001753407.xlsx,2026-09-29,2026-03-31,2026-10-13,GAP,"JP lineage not yet seeded. Re-read 2026-09-29: amount matches MHLW's workbook and quick table. MHLW's H14–R8 workbook prints this 令和7年度 date with year 2025 (2025-03-31); the register's 2026 date is kept because the 令和7年度 round cannot take effect before its August 2025 decision and the live quick table shows the same amount — obtain the Gazette to confirm. Needs worksite prefecture per work day, dispatch client location, higher specific floor and permit selection, and a work-date split probe across 2026-10-13/2026-10-14. (Register status 2026-09-29: No [IN-SYSTEM 2026-09-29].)",work_rules.wages.hourly_by_region.秋田県,,,
JP-RF05-R8,JP,minimum_wage,"秋田県 regional minimum wage (令和8年度): JPY1,090/hour for work performed from 2026-10-14.",Minimum Wage Act arts. 10–14; MHLW 令和8年度地域別最低賃金全国一覧 (https://www.mhlw.go.jp/content/11200000/001753404.pdf),https://www.mhlw.go.jp/content/11200000/001753404.pdf,2026-09-29,2026-10-14,,AWAITING-LAW,"MHLW's 令和8年度 national list (re-read 2026-09-29) shows JPY1,090 as 答申された改定額 with 発効日 2026-10-14; MHLW's 3 September 2026 release says every successor was a council recommendation to be decided after objections. No issuer statement of the prefectural director's decision/官報公示 was confirmed for this prefecture. Minimum Wage Act art. 14(2) makes a decision effective 30 days after publication, so a 2026-10-14 start implies publication by 2026-09-14; confirm the Gazette before sealing. JP lineage not yet seeded.",work_rules.wages.hourly_by_region.秋田県,,,
JP-RF06,JP,minimum_wage,"山形県 regional minimum wage (令和7年度): JPY1,032/hour for work performed 2025-12-23 to 2026-10-29, selected by work date and worksite.","Minimum Wage Act arts. 4, 9, 14; MHLW H14–R8 regional revision workbook (https://www.mhlw.go.jp/content/11200000/001753407.xlsx); live quick table (https://saiteichingin.mhlw.go.jp/table/page_list_nationallist.php)",https://www.mhlw.go.jp/content/11200000/001753407.xlsx,2026-09-29,2025-12-23,2026-10-29,GAP,"JP lineage not yet seeded. Re-read 2026-09-29: amount matches MHLW's workbook and quick table. Needs worksite prefecture per work day, dispatch client location, higher specific floor and permit selection, and a work-date split probe across 2026-10-29/2026-10-30. (Register status 2026-09-29: No [IN-SYSTEM 2026-09-29].)",work_rules.wages.hourly_by_region.山形県,,,
JP-RF06-R8,JP,minimum_wage,"山形県 regional minimum wage (令和8年度): JPY1,092/hour for work performed from 2026-10-30.",Minimum Wage Act arts. 10–14; MHLW 令和8年度地域別最低賃金全国一覧 (https://www.mhlw.go.jp/content/11200000/001753404.pdf),https://www.mhlw.go.jp/content/11200000/001753404.pdf,2026-09-29,2026-10-30,,AWAITING-LAW,"MHLW's 令和8年度 national list (re-read 2026-09-29) shows JPY1,092 as 答申された改定額 with 発効日 2026-10-30; MHLW's 3 September 2026 release says every successor was a council recommendation to be decided after objections. No issuer statement of the prefectural director's decision/官報公示 was confirmed for this prefecture. Minimum Wage Act art. 14(2) makes a decision effective 30 days after publication, so a 2026-10-30 start implies publication by 2026-09-30; confirm the Gazette before sealing. JP lineage not yet seeded.",work_rules.wages.hourly_by_region.山形県,,,
JP-RF07,JP,minimum_wage,"福島県 regional minimum wage (令和7年度): JPY1,033/hour for work performed 2026-01-01 to 2026-10-15, selected by work date and worksite.","Minimum Wage Act arts. 4, 9, 14; MHLW H14–R8 regional revision workbook (https://www.mhlw.go.jp/content/11200000/001753407.xlsx); live quick table (https://saiteichingin.mhlw.go.jp/table/page_list_nationallist.php)",https://www.mhlw.go.jp/content/11200000/001753407.xlsx,2026-09-29,2026-01-01,2026-10-15,GAP,"JP lineage not yet seeded. Re-read 2026-09-29: amount matches MHLW's workbook and quick table. MHLW's H14–R8 workbook prints this 令和7年度 date with year 2025 (2025-01-01); the register's 2026 date is kept because the 令和7年度 round cannot take effect before its August 2025 decision and the live quick table shows the same amount — obtain the Gazette to confirm. Needs worksite prefecture per work day, dispatch client location, higher specific floor and permit selection, and a work-date split probe across 2026-10-15/2026-10-16. (Register status 2026-09-29: No [IN-SYSTEM 2026-09-29].)",work_rules.wages.hourly_by_region.福島県,,,
JP-RF07-R8,JP,minimum_wage,"福島県 regional minimum wage (令和8年度): JPY1,094/hour for work performed from 2026-10-16.",Minimum Wage Act arts. 10–14; MHLW 令和8年度地域別最低賃金全国一覧 (https://www.mhlw.go.jp/content/11200000/001753404.pdf),https://www.mhlw.go.jp/content/11200000/001753404.pdf,2026-09-29,2026-10-16,,AWAITING-LAW,"MHLW's 令和8年度 national list (re-read 2026-09-29) shows JPY1,094 as 答申された改定額 with 発効日 2026-10-16; MHLW's 3 September 2026 release says every successor was a council recommendation to be decided after objections. No issuer statement of the prefectural director's decision/官報公示 was confirmed for this prefecture. Minimum Wage Act art. 14(2) makes a decision effective 30 days after publication, so a 2026-10-16 start implies publication by 2026-09-16; confirm the Gazette before sealing. JP lineage not yet seeded.",work_rules.wages.hourly_by_region.福島県,,,
JP-RF08,JP,minimum_wage,"東京都 regional minimum wage (令和7年度): JPY1,226/hour for work performed 2025-10-03 to 2026-09-30, selected by work date and worksite.","Minimum Wage Act arts. 4, 9, 14; MHLW H14–R8 regional revision workbook (https://www.mhlw.go.jp/content/11200000/001753407.xlsx); live quick table (https://saiteichingin.mhlw.go.jp/table/page_list_nationallist.php)",https://www.mhlw.go.jp/content/11200000/001753407.xlsx,2026-09-29,2025-10-03,2026-09-30,GAP,"JP lineage not yet seeded. Re-read 2026-09-29: amount matches MHLW's workbook and quick table. Needs worksite prefecture per work day, dispatch client location, higher specific floor and permit selection, and a work-date split probe across 2026-09-30/2026-10-01. (Register status 2026-09-29: No [IN-SYSTEM 2026-09-29].)",work_rules.wages.hourly_by_region.東京都,,,
JP-RF08-R8,JP,minimum_wage,"東京都 regional minimum wage (令和8年度): JPY1,280/hour for work performed from 2026-10-01.",Minimum Wage Act arts. 10–14; MHLW 令和8年度地域別最低賃金全国一覧 (https://www.mhlw.go.jp/content/11200000/001753404.pdf),https://jsite.mhlw.go.jp/tokyo-hellowork/list/kiba/minimum-wage-information_2026.html,2026-09-29,2026-10-01,,GAP,"JP lineage not yet seeded. Final decision confirmed by Tokyo Labour Bureau (官報公示 1 September) (https://jsite.mhlw.go.jp/tokyo-hellowork/list/kiba/minimum-wage-information_2026.html), re-read 2026-09-29; amount and 発効日 match MHLW's 令和8年度 list. Needs the same work-date selector and a 2026-09-30/2026-10-01 split-period probe (Osaka states the new rate applies from the effective day even inside a pay period).",work_rules.wages.hourly_by_region.東京都,,,
JP-RF09,JP,minimum_wage,"茨城県 regional minimum wage (令和7年度): JPY1,074/hour for work performed 2025-10-12 to 2026-10-17, selected by work date and worksite.","Minimum Wage Act arts. 4, 9, 14; MHLW H14–R8 regional revision workbook (https://www.mhlw.go.jp/content/11200000/001753407.xlsx); live quick table (https://saiteichingin.mhlw.go.jp/table/page_list_nationallist.php)",https://www.mhlw.go.jp/content/11200000/001753407.xlsx,2026-09-29,2025-10-12,2026-10-17,GAP,"JP lineage not yet seeded. Re-read 2026-09-29: amount matches MHLW's workbook and quick table. Needs worksite prefecture per work day, dispatch client location, higher specific floor and permit selection, and a work-date split probe across 2026-10-17/2026-10-18. (Register status 2026-09-29: No [IN-SYSTEM 2026-09-29].)",work_rules.wages.hourly_by_region.茨城県,,,
JP-RF09-R8,JP,minimum_wage,"茨城県 regional minimum wage (令和8年度): JPY1,136/hour for work performed from 2026-10-18.",Minimum Wage Act arts. 10–14; MHLW 令和8年度地域別最低賃金全国一覧 (https://www.mhlw.go.jp/content/11200000/001753404.pdf),https://www.mhlw.go.jp/content/11200000/001753404.pdf,2026-09-29,2026-10-18,,AWAITING-LAW,"MHLW's 令和8年度 national list (re-read 2026-09-29) shows JPY1,136 as 答申された改定額 with 発効日 2026-10-18; MHLW's 3 September 2026 release says every successor was a council recommendation to be decided after objections. No issuer statement of the prefectural director's decision/官報公示 was confirmed for this prefecture. Minimum Wage Act art. 14(2) makes a decision effective 30 days after publication, so a 2026-10-18 start implies publication by 2026-09-18; confirm the Gazette before sealing. JP lineage not yet seeded.",work_rules.wages.hourly_by_region.茨城県,,,
JP-RF10,JP,minimum_wage,"栃木県 regional minimum wage (令和7年度): JPY1,068/hour for work performed 2025-10-01 to 2026-09-30, selected by work date and worksite.","Minimum Wage Act arts. 4, 9, 14; MHLW H14–R8 regional revision workbook (https://www.mhlw.go.jp/content/11200000/001753407.xlsx); live quick table (https://saiteichingin.mhlw.go.jp/table/page_list_nationallist.php)",https://www.mhlw.go.jp/content/11200000/001753407.xlsx,2026-09-29,2025-10-01,2026-09-30,GAP,"JP lineage not yet seeded. Re-read 2026-09-29: amount matches MHLW's workbook and quick table. Needs worksite prefecture per work day, dispatch client location, higher specific floor and permit selection, and a work-date split probe across 2026-09-30/2026-10-01. (Register status 2026-09-29: No [IN-SYSTEM 2026-09-29].)",work_rules.wages.hourly_by_region.栃木県,,,
JP-RF10-R8,JP,minimum_wage,"栃木県 regional minimum wage (令和8年度): JPY1,125/hour for work performed from 2026-10-01.",Minimum Wage Act arts. 10–14; MHLW 令和8年度地域別最低賃金全国一覧 (https://www.mhlw.go.jp/content/11200000/001753404.pdf),https://www.mhlw.go.jp/content/11200000/001753404.pdf,2026-09-29,2026-10-01,,AWAITING-LAW,"MHLW's 令和8年度 national list (re-read 2026-09-29) shows JPY1,125 as 答申された改定額 with 発効日 2026-10-01; MHLW's 3 September 2026 release says every successor was a council recommendation to be decided after objections. No issuer statement of the prefectural director's decision/官報公示 was confirmed for this prefecture. Minimum Wage Act art. 14(2) makes a decision effective 30 days after publication, so a 2026-10-01 start implies publication by 2026-09-01; confirm the Gazette before sealing. JP lineage not yet seeded.",work_rules.wages.hourly_by_region.栃木県,,,
JP-RF11,JP,minimum_wage,"群馬県 regional minimum wage (令和7年度): JPY1,063/hour for work performed 2026-03-01 to 2026-10-02, selected by work date and worksite.","Minimum Wage Act arts. 4, 9, 14; MHLW H14–R8 regional revision workbook (https://www.mhlw.go.jp/content/11200000/001753407.xlsx); live quick table (https://saiteichingin.mhlw.go.jp/table/page_list_nationallist.php)",https://www.mhlw.go.jp/content/11200000/001753407.xlsx,2026-09-29,2026-03-01,2026-10-02,GAP,"JP lineage not yet seeded. Re-read 2026-09-29: amount matches MHLW's workbook and quick table. MHLW's H14–R8 workbook prints this 令和7年度 date with year 2025 (2025-03-01); the register's 2026 date is kept because the 令和7年度 round cannot take effect before its August 2025 decision and the live quick table shows the same amount — obtain the Gazette to confirm. Needs worksite prefecture per work day, dispatch client location, higher specific floor and permit selection, and a work-date split probe across 2026-10-02/2026-10-03. (Register status 2026-09-29: No [IN-SYSTEM 2026-09-29].)",work_rules.wages.hourly_by_region.群馬県,,,
JP-RF11-R8,JP,minimum_wage,"群馬県 regional minimum wage (令和8年度): JPY1,120/hour for work performed from 2026-10-03.",Minimum Wage Act arts. 10–14; MHLW 令和8年度地域別最低賃金全国一覧 (https://www.mhlw.go.jp/content/11200000/001753404.pdf),https://www.mhlw.go.jp/content/11200000/001753404.pdf,2026-09-29,2026-10-03,,AWAITING-LAW,"MHLW's 令和8年度 national list (re-read 2026-09-29) shows JPY1,120 as 答申された改定額 with 発効日 2026-10-03; MHLW's 3 September 2026 release says every successor was a council recommendation to be decided after objections. No issuer statement of the prefectural director's decision/官報公示 was confirmed for this prefecture. Minimum Wage Act art. 14(2) makes a decision effective 30 days after publication, so a 2026-10-03 start implies publication by 2026-09-03; confirm the Gazette before sealing. JP lineage not yet seeded.",work_rules.wages.hourly_by_region.群馬県,,,
JP-RF12,JP,minimum_wage,"埼玉県 regional minimum wage (令和7年度): JPY1,141/hour for work performed 2025-11-01 to 2026-09-30, selected by work date and worksite.","Minimum Wage Act arts. 4, 9, 14; MHLW H14–R8 regional revision workbook (https://www.mhlw.go.jp/content/11200000/001753407.xlsx); live quick table (https://saiteichingin.mhlw.go.jp/table/page_list_nationallist.php)",https://www.mhlw.go.jp/content/11200000/001753407.xlsx,2026-09-29,2025-11-01,2026-09-30,GAP,"JP lineage not yet seeded. Re-read 2026-09-29: amount matches MHLW's workbook and quick table. Needs worksite prefecture per work day, dispatch client location, higher specific floor and permit selection, and a work-date split probe across 2026-09-30/2026-10-01. (Register status 2026-09-29: No [IN-SYSTEM 2026-09-29].)",work_rules.wages.hourly_by_region.埼玉県,,,
JP-RF12-R8,JP,minimum_wage,"埼玉県 regional minimum wage (令和8年度): JPY1,196/hour for work performed from 2026-10-01.",Minimum Wage Act arts. 10–14; MHLW 令和8年度地域別最低賃金全国一覧 (https://www.mhlw.go.jp/content/11200000/001753404.pdf),https://www.mhlw.go.jp/content/11200000/001753404.pdf,2026-09-29,2026-10-01,,AWAITING-LAW,"MHLW's 令和8年度 national list (re-read 2026-09-29) shows JPY1,196 as 答申された改定額 with 発効日 2026-10-01; MHLW's 3 September 2026 release says every successor was a council recommendation to be decided after objections. No issuer statement of the prefectural director's decision/官報公示 was confirmed for this prefecture. Minimum Wage Act art. 14(2) makes a decision effective 30 days after publication, so a 2026-10-01 start implies publication by 2026-09-01; confirm the Gazette before sealing. JP lineage not yet seeded.",work_rules.wages.hourly_by_region.埼玉県,,,
JP-RF13,JP,minimum_wage,"千葉県 regional minimum wage (令和7年度): JPY1,140/hour for work performed 2025-10-03 to 2026-09-30, selected by work date and worksite.","Minimum Wage Act arts. 4, 9, 14; MHLW H14–R8 regional revision workbook (https://www.mhlw.go.jp/content/11200000/001753407.xlsx); live quick table (https://saiteichingin.mhlw.go.jp/table/page_list_nationallist.php)",https://www.mhlw.go.jp/content/11200000/001753407.xlsx,2026-09-29,2025-10-03,2026-09-30,GAP,"JP lineage not yet seeded. Re-read 2026-09-29: amount matches MHLW's workbook and quick table. Needs worksite prefecture per work day, dispatch client location, higher specific floor and permit selection, and a work-date split probe across 2026-09-30/2026-10-01. (Register status 2026-09-29: No [IN-SYSTEM 2026-09-29].)",work_rules.wages.hourly_by_region.千葉県,,,
JP-RF13-R8,JP,minimum_wage,"千葉県 regional minimum wage (令和8年度): JPY1,195/hour for work performed from 2026-10-01.",Minimum Wage Act arts. 10–14; MHLW 令和8年度地域別最低賃金全国一覧 (https://www.mhlw.go.jp/content/11200000/001753404.pdf),https://www.mhlw.go.jp/content/11200000/001753404.pdf,2026-09-29,2026-10-01,,AWAITING-LAW,"MHLW's 令和8年度 national list (re-read 2026-09-29) shows JPY1,195 as 答申された改定額 with 発効日 2026-10-01; MHLW's 3 September 2026 release says every successor was a council recommendation to be decided after objections. No issuer statement of the prefectural director's decision/官報公示 was confirmed for this prefecture. Minimum Wage Act art. 14(2) makes a decision effective 30 days after publication, so a 2026-10-01 start implies publication by 2026-09-01; confirm the Gazette before sealing. JP lineage not yet seeded.",work_rules.wages.hourly_by_region.千葉県,,,
JP-RF14,JP,minimum_wage,"神奈川県 regional minimum wage (令和7年度): JPY1,225/hour for work performed 2025-10-04 to 2026-09-30, selected by work date and worksite.","Minimum Wage Act arts. 4, 9, 14; MHLW H14–R8 regional revision workbook (https://www.mhlw.go.jp/content/11200000/001753407.xlsx); live quick table (https://saiteichingin.mhlw.go.jp/table/page_list_nationallist.php)",https://www.mhlw.go.jp/content/11200000/001753407.xlsx,2026-09-29,2025-10-04,2026-09-30,GAP,"JP lineage not yet seeded. Re-read 2026-09-29: amount matches MHLW's workbook and quick table. Needs worksite prefecture per work day, dispatch client location, higher specific floor and permit selection, and a work-date split probe across 2026-09-30/2026-10-01. (Register status 2026-09-29: No [IN-SYSTEM 2026-09-29].)",work_rules.wages.hourly_by_region.神奈川県,,,
JP-RF14-R8,JP,minimum_wage,"神奈川県 regional minimum wage (令和8年度): JPY1,279/hour for work performed from 2026-10-01.",Minimum Wage Act arts. 10–14; MHLW 令和8年度地域別最低賃金全国一覧 (https://www.mhlw.go.jp/content/11200000/001753404.pdf),https://jsite.mhlw.go.jp/kanagawa-roudoukyoku/home/houdou/20260827_00001.html,2026-09-29,2026-10-01,,GAP,"JP lineage not yet seeded. Final decision confirmed by Kanagawa Labour Bureau (官報公示 31 August) (https://jsite.mhlw.go.jp/kanagawa-roudoukyoku/home/houdou/20260827_00001.html), re-read 2026-09-29; amount and 発効日 match MHLW's 令和8年度 list. Needs the same work-date selector and a 2026-09-30/2026-10-01 split-period probe (Osaka states the new rate applies from the effective day even inside a pay period).",work_rules.wages.hourly_by_region.神奈川県,,,
JP-RF15,JP,minimum_wage,"新潟県 regional minimum wage (令和7年度): JPY1,050/hour for work performed 2025-10-02 to 2026-09-30, selected by work date and worksite.","Minimum Wage Act arts. 4, 9, 14; MHLW H14–R8 regional revision workbook (https://www.mhlw.go.jp/content/11200000/001753407.xlsx); live quick table (https://saiteichingin.mhlw.go.jp/table/page_list_nationallist.php)",https://www.mhlw.go.jp/content/11200000/001753407.xlsx,2026-09-29,2025-10-02,2026-09-30,GAP,"JP lineage not yet seeded. Re-read 2026-09-29: amount matches MHLW's workbook and quick table. Needs worksite prefecture per work day, dispatch client location, higher specific floor and permit selection, and a work-date split probe across 2026-09-30/2026-10-01. (Register status 2026-09-29: No [IN-SYSTEM 2026-09-29].)",work_rules.wages.hourly_by_region.新潟県,,,
JP-RF15-R8,JP,minimum_wage,"新潟県 regional minimum wage (令和8年度): JPY1,108/hour for work performed from 2026-10-01.",Minimum Wage Act arts. 10–14; MHLW 令和8年度地域別最低賃金全国一覧 (https://www.mhlw.go.jp/content/11200000/001753404.pdf),https://www.mhlw.go.jp/content/11200000/001753404.pdf,2026-09-29,2026-10-01,,AWAITING-LAW,"MHLW's 令和8年度 national list (re-read 2026-09-29) shows JPY1,108 as 答申された改定額 with 発効日 2026-10-01; MHLW's 3 September 2026 release says every successor was a council recommendation to be decided after objections. No issuer statement of the prefectural director's decision/官報公示 was confirmed for this prefecture. Minimum Wage Act art. 14(2) makes a decision effective 30 days after publication, so a 2026-10-01 start implies publication by 2026-09-01; confirm the Gazette before sealing. JP lineage not yet seeded.",work_rules.wages.hourly_by_region.新潟県,,,
JP-RF16,JP,minimum_wage,"富山県 regional minimum wage (令和7年度): JPY1,062/hour for work performed 2025-10-12 to 2026-09-30, selected by work date and worksite.","Minimum Wage Act arts. 4, 9, 14; MHLW H14–R8 regional revision workbook (https://www.mhlw.go.jp/content/11200000/001753407.xlsx); live quick table (https://saiteichingin.mhlw.go.jp/table/page_list_nationallist.php)",https://www.mhlw.go.jp/content/11200000/001753407.xlsx,2026-09-29,2025-10-12,2026-09-30,GAP,"JP lineage not yet seeded. Re-read 2026-09-29: amount matches MHLW's workbook and quick table. Needs worksite prefecture per work day, dispatch client location, higher specific floor and permit selection, and a work-date split probe across 2026-09-30/2026-10-01. (Register status 2026-09-29: No [IN-SYSTEM 2026-09-29].)",work_rules.wages.hourly_by_region.富山県,,,
JP-RF16-R8,JP,minimum_wage,"富山県 regional minimum wage (令和8年度): JPY1,119/hour for work performed from 2026-10-01.",Minimum Wage Act arts. 10–14; MHLW 令和8年度地域別最低賃金全国一覧 (https://www.mhlw.go.jp/content/11200000/001753404.pdf),https://www.mhlw.go.jp/content/11200000/001753404.pdf,2026-09-29,2026-10-01,,AWAITING-LAW,"MHLW's 令和8年度 national list (re-read 2026-09-29) shows JPY1,119 as 答申された改定額 with 発効日 2026-10-01; MHLW's 3 September 2026 release says every successor was a council recommendation to be decided after objections. No issuer statement of the prefectural director's decision/官報公示 was confirmed for this prefecture. Minimum Wage Act art. 14(2) makes a decision effective 30 days after publication, so a 2026-10-01 start implies publication by 2026-09-01; confirm the Gazette before sealing. JP lineage not yet seeded.",work_rules.wages.hourly_by_region.富山県,,,
JP-RF17,JP,minimum_wage,"石川県 regional minimum wage (令和7年度): JPY1,054/hour for work performed 2025-10-08 to 2026-10-02, selected by work date and worksite.","Minimum Wage Act arts. 4, 9, 14; MHLW H14–R8 regional revision workbook (https://www.mhlw.go.jp/content/11200000/001753407.xlsx); live quick table (https://saiteichingin.mhlw.go.jp/table/page_list_nationallist.php)",https://www.mhlw.go.jp/content/11200000/001753407.xlsx,2026-09-29,2025-10-08,2026-10-02,GAP,"JP lineage not yet seeded. Re-read 2026-09-29: amount matches MHLW's workbook and quick table. Needs worksite prefecture per work day, dispatch client location, higher specific floor and permit selection, and a work-date split probe across 2026-10-02/2026-10-03. (Register status 2026-09-29: No [IN-SYSTEM 2026-09-29].)",work_rules.wages.hourly_by_region.石川県,,,
JP-RF17-R8,JP,minimum_wage,"石川県 regional minimum wage (令和8年度): JPY1,113/hour for work performed from 2026-10-03.",Minimum Wage Act arts. 10–14; MHLW 令和8年度地域別最低賃金全国一覧 (https://www.mhlw.go.jp/content/11200000/001753404.pdf),https://www.mhlw.go.jp/content/11200000/001753404.pdf,2026-09-29,2026-10-03,,AWAITING-LAW,"MHLW's 令和8年度 national list (re-read 2026-09-29) shows JPY1,113 as 答申された改定額 with 発効日 2026-10-03; MHLW's 3 September 2026 release says every successor was a council recommendation to be decided after objections. No issuer statement of the prefectural director's decision/官報公示 was confirmed for this prefecture. Minimum Wage Act art. 14(2) makes a decision effective 30 days after publication, so a 2026-10-03 start implies publication by 2026-09-03; confirm the Gazette before sealing. JP lineage not yet seeded.",work_rules.wages.hourly_by_region.石川県,,,
JP-RF18,JP,minimum_wage,"福井県 regional minimum wage (令和7年度): JPY1,053/hour for work performed 2025-10-08 to 2026-10-03, selected by work date and worksite.","Minimum Wage Act arts. 4, 9, 14; MHLW H14–R8 regional revision workbook (https://www.mhlw.go.jp/content/11200000/001753407.xlsx); live quick table (https://saiteichingin.mhlw.go.jp/table/page_list_nationallist.php)",https://www.mhlw.go.jp/content/11200000/001753407.xlsx,2026-09-29,2025-10-08,2026-10-03,GAP,"JP lineage not yet seeded. Re-read 2026-09-29: amount matches MHLW's workbook and quick table. Needs worksite prefecture per work day, dispatch client location, higher specific floor and permit selection, and a work-date split probe across 2026-10-03/2026-10-04. (Register status 2026-09-29: No [IN-SYSTEM 2026-09-29].)",work_rules.wages.hourly_by_region.福井県,,,
JP-RF18-R8,JP,minimum_wage,"福井県 regional minimum wage (令和8年度): JPY1,112/hour for work performed from 2026-10-04.",Minimum Wage Act arts. 10–14; MHLW 令和8年度地域別最低賃金全国一覧 (https://www.mhlw.go.jp/content/11200000/001753404.pdf),https://www.mhlw.go.jp/content/11200000/001753404.pdf,2026-09-29,2026-10-04,,AWAITING-LAW,"MHLW's 令和8年度 national list (re-read 2026-09-29) shows JPY1,112 as 答申された改定額 with 発効日 2026-10-04; MHLW's 3 September 2026 release says every successor was a council recommendation to be decided after objections. No issuer statement of the prefectural director's decision/官報公示 was confirmed for this prefecture. Minimum Wage Act art. 14(2) makes a decision effective 30 days after publication, so a 2026-10-04 start implies publication by 2026-09-04; confirm the Gazette before sealing. JP lineage not yet seeded.",work_rules.wages.hourly_by_region.福井県,,,
JP-RF19,JP,minimum_wage,"山梨県 regional minimum wage (令和7年度): JPY1,052/hour for work performed 2025-12-01 to 2026-10-31, selected by work date and worksite.","Minimum Wage Act arts. 4, 9, 14; MHLW H14–R8 regional revision workbook (https://www.mhlw.go.jp/content/11200000/001753407.xlsx); live quick table (https://saiteichingin.mhlw.go.jp/table/page_list_nationallist.php)",https://www.mhlw.go.jp/content/11200000/001753407.xlsx,2026-09-29,2025-12-01,2026-10-31,GAP,"JP lineage not yet seeded. Re-read 2026-09-29: amount matches MHLW's workbook and quick table. Needs worksite prefecture per work day, dispatch client location, higher specific floor and permit selection, and a work-date split probe across 2026-10-31/2026-11-01. (Register status 2026-09-29: No [IN-SYSTEM 2026-09-29].)",work_rules.wages.hourly_by_region.山梨県,,,
JP-RF19-R8,JP,minimum_wage,"山梨県 regional minimum wage (令和8年度): JPY1,113/hour for work performed from 2026-11-01.",Minimum Wage Act arts. 10–14; MHLW 令和8年度地域別最低賃金全国一覧 (https://www.mhlw.go.jp/content/11200000/001753404.pdf),https://www.mhlw.go.jp/content/11200000/001753404.pdf,2026-09-29,2026-11-01,,AWAITING-LAW,"MHLW's 令和8年度 national list (re-read 2026-09-29) shows JPY1,113 as 答申された改定額 with 発効日 2026-11-01; MHLW's 3 September 2026 release says every successor was a council recommendation to be decided after objections. No issuer statement of the prefectural director's decision/官報公示 was confirmed for this prefecture. Minimum Wage Act art. 14(2) makes a decision effective 30 days after publication, so a 2026-11-01 start implies publication by 2026-10-02; confirm the Gazette before sealing. JP lineage not yet seeded.",work_rules.wages.hourly_by_region.山梨県,,,
JP-RF20,JP,minimum_wage,"長野県 regional minimum wage (令和7年度): JPY1,061/hour for work performed 2025-10-03 to 2026-10-01, selected by work date and worksite.","Minimum Wage Act arts. 4, 9, 14; MHLW H14–R8 regional revision workbook (https://www.mhlw.go.jp/content/11200000/001753407.xlsx); live quick table (https://saiteichingin.mhlw.go.jp/table/page_list_nationallist.php)",https://www.mhlw.go.jp/content/11200000/001753407.xlsx,2026-09-29,2025-10-03,2026-10-01,GAP,"JP lineage not yet seeded. Re-read 2026-09-29: amount matches MHLW's workbook and quick table. Needs worksite prefecture per work day, dispatch client location, higher specific floor and permit selection, and a work-date split probe across 2026-10-01/2026-10-02. (Register status 2026-09-29: No [IN-SYSTEM 2026-09-29].)",work_rules.wages.hourly_by_region.長野県,,,
JP-RF20-R8,JP,minimum_wage,"長野県 regional minimum wage (令和8年度): JPY1,117/hour for work performed from 2026-10-02.",Minimum Wage Act arts. 10–14; MHLW 令和8年度地域別最低賃金全国一覧 (https://www.mhlw.go.jp/content/11200000/001753404.pdf),https://www.mhlw.go.jp/content/11200000/001753404.pdf,2026-09-29,2026-10-02,,AWAITING-LAW,"MHLW's 令和8年度 national list (re-read 2026-09-29) shows JPY1,117 as 答申された改定額 with 発効日 2026-10-02; MHLW's 3 September 2026 release says every successor was a council recommendation to be decided after objections. No issuer statement of the prefectural director's decision/官報公示 was confirmed for this prefecture. Minimum Wage Act art. 14(2) makes a decision effective 30 days after publication, so a 2026-10-02 start implies publication by 2026-09-02; confirm the Gazette before sealing. JP lineage not yet seeded.",work_rules.wages.hourly_by_region.長野県,,,
JP-RF21,JP,minimum_wage,"岐阜県 regional minimum wage (令和7年度): JPY1,065/hour for work performed 2025-10-18 to 2026-09-30, selected by work date and worksite.","Minimum Wage Act arts. 4, 9, 14; MHLW H14–R8 regional revision workbook (https://www.mhlw.go.jp/content/11200000/001753407.xlsx); live quick table (https://saiteichingin.mhlw.go.jp/table/page_list_nationallist.php)",https://www.mhlw.go.jp/content/11200000/001753407.xlsx,2026-09-29,2025-10-18,2026-09-30,GAP,"JP lineage not yet seeded. Re-read 2026-09-29: amount matches MHLW's workbook and quick table. Needs worksite prefecture per work day, dispatch client location, higher specific floor and permit selection, and a work-date split probe across 2026-09-30/2026-10-01. (Register status 2026-09-29: No [IN-SYSTEM 2026-09-29].)",work_rules.wages.hourly_by_region.岐阜県,,,
JP-RF21-R8,JP,minimum_wage,"岐阜県 regional minimum wage (令和8年度): JPY1,121/hour for work performed from 2026-10-01.",Minimum Wage Act arts. 10–14; MHLW 令和8年度地域別最低賃金全国一覧 (https://www.mhlw.go.jp/content/11200000/001753404.pdf),https://www.mhlw.go.jp/content/11200000/001753404.pdf,2026-09-29,2026-10-01,,AWAITING-LAW,"MHLW's 令和8年度 national list (re-read 2026-09-29) shows JPY1,121 as 答申された改定額 with 発効日 2026-10-01; MHLW's 3 September 2026 release says every successor was a council recommendation to be decided after objections. No issuer statement of the prefectural director's decision/官報公示 was confirmed for this prefecture. Minimum Wage Act art. 14(2) makes a decision effective 30 days after publication, so a 2026-10-01 start implies publication by 2026-09-01; confirm the Gazette before sealing. JP lineage not yet seeded.",work_rules.wages.hourly_by_region.岐阜県,,,
JP-RF22,JP,minimum_wage,"静岡県 regional minimum wage (令和7年度): JPY1,097/hour for work performed 2025-11-01 to 2026-10-14, selected by work date and worksite.","Minimum Wage Act arts. 4, 9, 14; MHLW H14–R8 regional revision workbook (https://www.mhlw.go.jp/content/11200000/001753407.xlsx); live quick table (https://saiteichingin.mhlw.go.jp/table/page_list_nationallist.php)",https://www.mhlw.go.jp/content/11200000/001753407.xlsx,2026-09-29,2025-11-01,2026-10-14,GAP,"JP lineage not yet seeded. Re-read 2026-09-29: amount matches MHLW's workbook and quick table. Needs worksite prefecture per work day, dispatch client location, higher specific floor and permit selection, and a work-date split probe across 2026-10-14/2026-10-15. (Register status 2026-09-29: No [IN-SYSTEM 2026-09-29].)",work_rules.wages.hourly_by_region.静岡県,,,
JP-RF22-R8,JP,minimum_wage,"静岡県 regional minimum wage (令和8年度): JPY1,154/hour for work performed from 2026-10-15.",Minimum Wage Act arts. 10–14; MHLW 令和8年度地域別最低賃金全国一覧 (https://www.mhlw.go.jp/content/11200000/001753404.pdf),https://www.mhlw.go.jp/content/11200000/001753404.pdf,2026-09-29,2026-10-15,,AWAITING-LAW,"MHLW's 令和8年度 national list (re-read 2026-09-29) shows JPY1,154 as 答申された改定額 with 発効日 2026-10-15; MHLW's 3 September 2026 release says every successor was a council recommendation to be decided after objections. No issuer statement of the prefectural director's decision/官報公示 was confirmed for this prefecture. Minimum Wage Act art. 14(2) makes a decision effective 30 days after publication, so a 2026-10-15 start implies publication by 2026-09-15; confirm the Gazette before sealing. JP lineage not yet seeded.",work_rules.wages.hourly_by_region.静岡県,,,
JP-RF23,JP,minimum_wage,"愛知県 regional minimum wage (令和7年度): JPY1,140/hour for work performed 2025-10-18 to 2026-09-30, selected by work date and worksite.","Minimum Wage Act arts. 4, 9, 14; MHLW H14–R8 regional revision workbook (https://www.mhlw.go.jp/content/11200000/001753407.xlsx); live quick table (https://saiteichingin.mhlw.go.jp/table/page_list_nationallist.php)",https://www.mhlw.go.jp/content/11200000/001753407.xlsx,2026-09-29,2025-10-18,2026-09-30,GAP,"JP lineage not yet seeded. Re-read 2026-09-29: amount matches MHLW's workbook and quick table. Needs worksite prefecture per work day, dispatch client location, higher specific floor and permit selection, and a work-date split probe across 2026-09-30/2026-10-01. (Register status 2026-09-29: No [IN-SYSTEM 2026-09-29].)",work_rules.wages.hourly_by_region.愛知県,,,
JP-RF23-R8,JP,minimum_wage,"愛知県 regional minimum wage (令和8年度): JPY1,195/hour for work performed from 2026-10-01.",Minimum Wage Act arts. 10–14; MHLW 令和8年度地域別最低賃金全国一覧 (https://www.mhlw.go.jp/content/11200000/001753404.pdf),https://www.mhlw.go.jp/content/11200000/001753404.pdf,2026-09-29,2026-10-01,,AWAITING-LAW,"MHLW's 令和8年度 national list (re-read 2026-09-29) shows JPY1,195 as 答申された改定額 with 発効日 2026-10-01; MHLW's 3 September 2026 release says every successor was a council recommendation to be decided after objections. No issuer statement of the prefectural director's decision/官報公示 was confirmed for this prefecture. Minimum Wage Act art. 14(2) makes a decision effective 30 days after publication, so a 2026-10-01 start implies publication by 2026-09-01; confirm the Gazette before sealing. JP lineage not yet seeded.",work_rules.wages.hourly_by_region.愛知県,,,
JP-RF24,JP,minimum_wage,"京都府 regional minimum wage (令和7年度): JPY1,122/hour for work performed 2025-11-21 to 2026-11-15, selected by work date and worksite.","Minimum Wage Act arts. 4, 9, 14; MHLW H14–R8 regional revision workbook (https://www.mhlw.go.jp/content/11200000/001753407.xlsx); live quick table (https://saiteichingin.mhlw.go.jp/table/page_list_nationallist.php)",https://www.mhlw.go.jp/content/11200000/001753407.xlsx,2026-09-29,2025-11-21,2026-11-15,GAP,"JP lineage not yet seeded. Re-read 2026-09-29: amount matches MHLW's workbook and quick table. Needs worksite prefecture per work day, dispatch client location, higher specific floor and permit selection, and a work-date split probe across 2026-11-15/2026-11-16. (Register status 2026-09-29: No [IN-SYSTEM 2026-09-29].)",work_rules.wages.hourly_by_region.京都府,,,
JP-RF24-R8,JP,minimum_wage,"京都府 regional minimum wage (令和8年度): JPY1,180/hour for work performed from 2026-11-16.",Minimum Wage Act arts. 10–14; MHLW 令和8年度地域別最低賃金全国一覧 (https://www.mhlw.go.jp/content/11200000/001753404.pdf),https://jsite.mhlw.go.jp/kyoto-roudoukyoku/news_topics/houdou/_00281.html,2026-09-29,2026-11-16,,GAP,"JP lineage not yet seeded. Final decision confirmed by Kyoto Labour Bureau (改正決定・官報公示) (https://jsite.mhlw.go.jp/kyoto-roudoukyoku/news_topics/houdou/_00281.html), re-read 2026-09-29; amount and 発効日 match MHLW's 令和8年度 list. Needs the same work-date selector and a 2026-11-15/2026-11-16 split-period probe (Osaka states the new rate applies from the effective day even inside a pay period).",work_rules.wages.hourly_by_region.京都府,,,
JP-RF25,JP,minimum_wage,"大阪府 regional minimum wage (令和7年度): JPY1,177/hour for work performed 2025-10-16 to 2026-09-30, selected by work date and worksite.","Minimum Wage Act arts. 4, 9, 14; MHLW H14–R8 regional revision workbook (https://www.mhlw.go.jp/content/11200000/001753407.xlsx); live quick table (https://saiteichingin.mhlw.go.jp/table/page_list_nationallist.php)",https://www.mhlw.go.jp/content/11200000/001753407.xlsx,2026-09-29,2025-10-16,2026-09-30,GAP,"JP lineage not yet seeded. Re-read 2026-09-29: amount matches MHLW's workbook and quick table. Needs worksite prefecture per work day, dispatch client location, higher specific floor and permit selection, and a work-date split probe across 2026-09-30/2026-10-01. (Register status 2026-09-29: No [IN-SYSTEM 2026-09-29].)",work_rules.wages.hourly_by_region.大阪府,,,
JP-RF25-R8,JP,minimum_wage,"大阪府 regional minimum wage (令和8年度): JPY1,231/hour for work performed from 2026-10-01.",Minimum Wage Act arts. 10–14; MHLW 令和8年度地域別最低賃金全国一覧 (https://www.mhlw.go.jp/content/11200000/001753404.pdf),https://jsite.mhlw.go.jp/osaka-roudoukyoku/saichin2026kaisei.html,2026-09-29,2026-10-01,,GAP,"JP lineage not yet seeded. Final decision confirmed by Osaka Labour Bureau (https://jsite.mhlw.go.jp/osaka-roudoukyoku/saichin2026kaisei.html), re-read 2026-09-29; amount and 発効日 match MHLW's 令和8年度 list. Needs the same work-date selector and a 2026-09-30/2026-10-01 split-period probe (Osaka states the new rate applies from the effective day even inside a pay period).",work_rules.wages.hourly_by_region.大阪府,,,
JP-RF26,JP,minimum_wage,"三重県 regional minimum wage (令和7年度): JPY1,087/hour for work performed 2025-11-21 to 2026-09-30, selected by work date and worksite.","Minimum Wage Act arts. 4, 9, 14; MHLW H14–R8 regional revision workbook (https://www.mhlw.go.jp/content/11200000/001753407.xlsx); live quick table (https://saiteichingin.mhlw.go.jp/table/page_list_nationallist.php)",https://www.mhlw.go.jp/content/11200000/001753407.xlsx,2026-09-29,2025-11-21,2026-09-30,GAP,"JP lineage not yet seeded. Re-read 2026-09-29: amount matches MHLW's workbook and quick table. Needs worksite prefecture per work day, dispatch client location, higher specific floor and permit selection, and a work-date split probe across 2026-09-30/2026-10-01. (Register status 2026-09-29: No [IN-SYSTEM 2026-09-29].)",work_rules.wages.hourly_by_region.三重県,,,
JP-RF26-R8,JP,minimum_wage,"三重県 regional minimum wage (令和8年度): JPY1,143/hour for work performed from 2026-10-01.",Minimum Wage Act arts. 10–14; MHLW 令和8年度地域別最低賃金全国一覧 (https://www.mhlw.go.jp/content/11200000/001753404.pdf),https://www.mhlw.go.jp/content/11200000/001753404.pdf,2026-09-29,2026-10-01,,AWAITING-LAW,"MHLW's 令和8年度 national list (re-read 2026-09-29) shows JPY1,143 as 答申された改定額 with 発効日 2026-10-01; MHLW's 3 September 2026 release says every successor was a council recommendation to be decided after objections. No issuer statement of the prefectural director's decision/官報公示 was confirmed for this prefecture. Minimum Wage Act art. 14(2) makes a decision effective 30 days after publication, so a 2026-10-01 start implies publication by 2026-09-01; confirm the Gazette before sealing. JP lineage not yet seeded.",work_rules.wages.hourly_by_region.三重県,,,
JP-RF27,JP,minimum_wage,"滋賀県 regional minimum wage (令和7年度): JPY1,080/hour for work performed 2025-10-05 to 2026-10-02, selected by work date and worksite.","Minimum Wage Act arts. 4, 9, 14; MHLW H14–R8 regional revision workbook (https://www.mhlw.go.jp/content/11200000/001753407.xlsx); live quick table (https://saiteichingin.mhlw.go.jp/table/page_list_nationallist.php)",https://www.mhlw.go.jp/content/11200000/001753407.xlsx,2026-09-29,2025-10-05,2026-10-02,GAP,"JP lineage not yet seeded. Re-read 2026-09-29: amount matches MHLW's workbook and quick table. Needs worksite prefecture per work day, dispatch client location, higher specific floor and permit selection, and a work-date split probe across 2026-10-02/2026-10-03. (Register status 2026-09-29: No [IN-SYSTEM 2026-09-29].)",work_rules.wages.hourly_by_region.滋賀県,,,
JP-RF27-R8,JP,minimum_wage,"滋賀県 regional minimum wage (令和8年度): JPY1,136/hour for work performed from 2026-10-03.",Minimum Wage Act arts. 10–14; MHLW 令和8年度地域別最低賃金全国一覧 (https://www.mhlw.go.jp/content/11200000/001753404.pdf),https://www.mhlw.go.jp/content/11200000/001753404.pdf,2026-09-29,2026-10-03,,AWAITING-LAW,"MHLW's 令和8年度 national list (re-read 2026-09-29) shows JPY1,136 as 答申された改定額 with 発効日 2026-10-03; MHLW's 3 September 2026 release says every successor was a council recommendation to be decided after objections. No issuer statement of the prefectural director's decision/官報公示 was confirmed for this prefecture. Minimum Wage Act art. 14(2) makes a decision effective 30 days after publication, so a 2026-10-03 start implies publication by 2026-09-03; confirm the Gazette before sealing. JP lineage not yet seeded.",work_rules.wages.hourly_by_region.滋賀県,,,
JP-RF28,JP,minimum_wage,"兵庫県 regional minimum wage (令和7年度): JPY1,116/hour for work performed 2025-10-04 to 2026-09-30, selected by work date and worksite.","Minimum Wage Act arts. 4, 9, 14; MHLW H14–R8 regional revision workbook (https://www.mhlw.go.jp/content/11200000/001753407.xlsx); live quick table (https://saiteichingin.mhlw.go.jp/table/page_list_nationallist.php)",https://www.mhlw.go.jp/content/11200000/001753407.xlsx,2026-09-29,2025-10-04,2026-09-30,GAP,"JP lineage not yet seeded. Re-read 2026-09-29: amount matches MHLW's workbook and quick table. Needs worksite prefecture per work day, dispatch client location, higher specific floor and permit selection, and a work-date split probe across 2026-09-30/2026-10-01. (Register status 2026-09-29: No [IN-SYSTEM 2026-09-29].)",work_rules.wages.hourly_by_region.兵庫県,,,
JP-RF28-R8,JP,minimum_wage,"兵庫県 regional minimum wage (令和8年度): JPY1,172/hour for work performed from 2026-10-01.",Minimum Wage Act arts. 10–14; MHLW 令和8年度地域別最低賃金全国一覧 (https://www.mhlw.go.jp/content/11200000/001753404.pdf),https://www.mhlw.go.jp/content/11200000/001753404.pdf,2026-09-29,2026-10-01,,AWAITING-LAW,"MHLW's 令和8年度 national list (re-read 2026-09-29) shows JPY1,172 as 答申された改定額 with 発効日 2026-10-01; MHLW's 3 September 2026 release says every successor was a council recommendation to be decided after objections. No issuer statement of the prefectural director's decision/官報公示 was confirmed for this prefecture. Minimum Wage Act art. 14(2) makes a decision effective 30 days after publication, so a 2026-10-01 start implies publication by 2026-09-01; confirm the Gazette before sealing. JP lineage not yet seeded.",work_rules.wages.hourly_by_region.兵庫県,,,
JP-RF29,JP,minimum_wage,"奈良県 regional minimum wage (令和7年度): JPY1,051/hour for work performed 2025-11-16 to 2026-10-03, selected by work date and worksite.","Minimum Wage Act arts. 4, 9, 14; MHLW H14–R8 regional revision workbook (https://www.mhlw.go.jp/content/11200000/001753407.xlsx); live quick table (https://saiteichingin.mhlw.go.jp/table/page_list_nationallist.php)",https://www.mhlw.go.jp/content/11200000/001753407.xlsx,2026-09-29,2025-11-16,2026-10-03,GAP,"JP lineage not yet seeded. Re-read 2026-09-29: amount matches MHLW's workbook and quick table. Needs worksite prefecture per work day, dispatch client location, higher specific floor and permit selection, and a work-date split probe across 2026-10-03/2026-10-04. (Register status 2026-09-29: No [IN-SYSTEM 2026-09-29].)",work_rules.wages.hourly_by_region.奈良県,,,
JP-RF29-R8,JP,minimum_wage,"奈良県 regional minimum wage (令和8年度): JPY1,107/hour for work performed from 2026-10-04.",Minimum Wage Act arts. 10–14; MHLW 令和8年度地域別最低賃金全国一覧 (https://www.mhlw.go.jp/content/11200000/001753404.pdf),https://jsite.mhlw.go.jp/nara-roudoukyoku/newpage_01186.html,2026-09-29,2026-10-04,,GAP,"JP lineage not yet seeded. Final decision confirmed by Nara Labour Bureau (正式に決定) (https://jsite.mhlw.go.jp/nara-roudoukyoku/newpage_01186.html), re-read 2026-09-29; amount and 発効日 match MHLW's 令和8年度 list. Needs the same work-date selector and a 2026-10-03/2026-10-04 split-period probe (Osaka states the new rate applies from the effective day even inside a pay period).",work_rules.wages.hourly_by_region.奈良県,,,
JP-RF30,JP,minimum_wage,"和歌山県 regional minimum wage (令和7年度): JPY1,045/hour for work performed 2025-11-01 to 2026-10-02, selected by work date and worksite.","Minimum Wage Act arts. 4, 9, 14; MHLW H14–R8 regional revision workbook (https://www.mhlw.go.jp/content/11200000/001753407.xlsx); live quick table (https://saiteichingin.mhlw.go.jp/table/page_list_nationallist.php)",https://www.mhlw.go.jp/content/11200000/001753407.xlsx,2026-09-29,2025-11-01,2026-10-02,GAP,"JP lineage not yet seeded. Re-read 2026-09-29: amount matches MHLW's workbook and quick table. Needs worksite prefecture per work day, dispatch client location, higher specific floor and permit selection, and a work-date split probe across 2026-10-02/2026-10-03. (Register status 2026-09-29: No [IN-SYSTEM 2026-09-29].)",work_rules.wages.hourly_by_region.和歌山県,,,
JP-RF30-R8,JP,minimum_wage,"和歌山県 regional minimum wage (令和8年度): JPY1,101/hour for work performed from 2026-10-03.",Minimum Wage Act arts. 10–14; MHLW 令和8年度地域別最低賃金全国一覧 (https://www.mhlw.go.jp/content/11200000/001753404.pdf),https://www.mhlw.go.jp/content/11200000/001753404.pdf,2026-09-29,2026-10-03,,AWAITING-LAW,"MHLW's 令和8年度 national list (re-read 2026-09-29) shows JPY1,101 as 答申された改定額 with 発効日 2026-10-03; MHLW's 3 September 2026 release says every successor was a council recommendation to be decided after objections. No issuer statement of the prefectural director's decision/官報公示 was confirmed for this prefecture. Minimum Wage Act art. 14(2) makes a decision effective 30 days after publication, so a 2026-10-03 start implies publication by 2026-09-03; confirm the Gazette before sealing. JP lineage not yet seeded.",work_rules.wages.hourly_by_region.和歌山県,,,
JP-RF31,JP,minimum_wage,"鳥取県 regional minimum wage (令和7年度): JPY1,030/hour for work performed 2025-10-04 to 2026-10-02, selected by work date and worksite.","Minimum Wage Act arts. 4, 9, 14; MHLW H14–R8 regional revision workbook (https://www.mhlw.go.jp/content/11200000/001753407.xlsx); live quick table (https://saiteichingin.mhlw.go.jp/table/page_list_nationallist.php)",https://www.mhlw.go.jp/content/11200000/001753407.xlsx,2026-09-29,2025-10-04,2026-10-02,GAP,"JP lineage not yet seeded. Re-read 2026-09-29: amount matches MHLW's workbook and quick table. Needs worksite prefecture per work day, dispatch client location, higher specific floor and permit selection, and a work-date split probe across 2026-10-02/2026-10-03. (Register status 2026-09-29: No [IN-SYSTEM 2026-09-29].)",work_rules.wages.hourly_by_region.鳥取県,,,
JP-RF31-R8,JP,minimum_wage,"鳥取県 regional minimum wage (令和8年度): JPY1,090/hour for work performed from 2026-10-03.",Minimum Wage Act arts. 10–14; MHLW 令和8年度地域別最低賃金全国一覧 (https://www.mhlw.go.jp/content/11200000/001753404.pdf),https://www.mhlw.go.jp/content/11200000/001753404.pdf,2026-09-29,2026-10-03,,AWAITING-LAW,"MHLW's 令和8年度 national list (re-read 2026-09-29) shows JPY1,090 as 答申された改定額 with 発効日 2026-10-03; MHLW's 3 September 2026 release says every successor was a council recommendation to be decided after objections. No issuer statement of the prefectural director's decision/官報公示 was confirmed for this prefecture. Minimum Wage Act art. 14(2) makes a decision effective 30 days after publication, so a 2026-10-03 start implies publication by 2026-09-03; confirm the Gazette before sealing. JP lineage not yet seeded.",work_rules.wages.hourly_by_region.鳥取県,,,
JP-RF32,JP,minimum_wage,"島根県 regional minimum wage (令和7年度): JPY1,033/hour for work performed 2025-11-17 to 2026-10-09, selected by work date and worksite.","Minimum Wage Act arts. 4, 9, 14; MHLW H14–R8 regional revision workbook (https://www.mhlw.go.jp/content/11200000/001753407.xlsx); live quick table (https://saiteichingin.mhlw.go.jp/table/page_list_nationallist.php)",https://www.mhlw.go.jp/content/11200000/001753407.xlsx,2026-09-29,2025-11-17,2026-10-09,GAP,"JP lineage not yet seeded. Re-read 2026-09-29: amount matches MHLW's workbook and quick table. Needs worksite prefecture per work day, dispatch client location, higher specific floor and permit selection, and a work-date split probe across 2026-10-09/2026-10-10. (Register status 2026-09-29: No [IN-SYSTEM 2026-09-29].)",work_rules.wages.hourly_by_region.島根県,,,
JP-RF32-R8,JP,minimum_wage,"島根県 regional minimum wage (令和8年度): JPY1,092/hour for work performed from 2026-10-10.",Minimum Wage Act arts. 10–14; MHLW 令和8年度地域別最低賃金全国一覧 (https://www.mhlw.go.jp/content/11200000/001753404.pdf),https://www.mhlw.go.jp/content/11200000/001753404.pdf,2026-09-29,2026-10-10,,AWAITING-LAW,"MHLW's 令和8年度 national list (re-read 2026-09-29) shows JPY1,092 as 答申された改定額 with 発効日 2026-10-10; MHLW's 3 September 2026 release says every successor was a council recommendation to be decided after objections. No issuer statement of the prefectural director's decision/官報公示 was confirmed for this prefecture. Minimum Wage Act art. 14(2) makes a decision effective 30 days after publication, so a 2026-10-10 start implies publication by 2026-09-10; confirm the Gazette before sealing. JP lineage not yet seeded.",work_rules.wages.hourly_by_region.島根県,,,
JP-RF33,JP,minimum_wage,"岡山県 regional minimum wage (令和7年度): JPY1,047/hour for work performed 2025-12-01 to 2026-10-01, selected by work date and worksite.","Minimum Wage Act arts. 4, 9, 14; MHLW H14–R8 regional revision workbook (https://www.mhlw.go.jp/content/11200000/001753407.xlsx); live quick table (https://saiteichingin.mhlw.go.jp/table/page_list_nationallist.php)",https://www.mhlw.go.jp/content/11200000/001753407.xlsx,2026-09-29,2025-12-01,2026-10-01,GAP,"JP lineage not yet seeded. Re-read 2026-09-29: amount matches MHLW's workbook and quick table. Needs worksite prefecture per work day, dispatch client location, higher specific floor and permit selection, and a work-date split probe across 2026-10-01/2026-10-02. (Register status 2026-09-29: No [IN-SYSTEM 2026-09-29].)",work_rules.wages.hourly_by_region.岡山県,,,
JP-RF33-R8,JP,minimum_wage,"岡山県 regional minimum wage (令和8年度): JPY1,104/hour for work performed from 2026-10-02.",Minimum Wage Act arts. 10–14; MHLW 令和8年度地域別最低賃金全国一覧 (https://www.mhlw.go.jp/content/11200000/001753404.pdf),https://www.mhlw.go.jp/content/11200000/001753404.pdf,2026-09-29,2026-10-02,,AWAITING-LAW,"MHLW's 令和8年度 national list (re-read 2026-09-29) shows JPY1,104 as 答申された改定額 with 発効日 2026-10-02; MHLW's 3 September 2026 release says every successor was a council recommendation to be decided after objections. No issuer statement of the prefectural director's decision/官報公示 was confirmed for this prefecture. Minimum Wage Act art. 14(2) makes a decision effective 30 days after publication, so a 2026-10-02 start implies publication by 2026-09-02; confirm the Gazette before sealing. JP lineage not yet seeded.",work_rules.wages.hourly_by_region.岡山県,,,
JP-RF34,JP,minimum_wage,"広島県 regional minimum wage (令和7年度): JPY1,085/hour for work performed 2025-11-01 to 2026-10-10, selected by work date and worksite.","Minimum Wage Act arts. 4, 9, 14; MHLW H14–R8 regional revision workbook (https://www.mhlw.go.jp/content/11200000/001753407.xlsx); live quick table (https://saiteichingin.mhlw.go.jp/table/page_list_nationallist.php)",https://www.mhlw.go.jp/content/11200000/001753407.xlsx,2026-09-29,2025-11-01,2026-10-10,GAP,"JP lineage not yet seeded. Re-read 2026-09-29: amount matches MHLW's workbook and quick table. Needs worksite prefecture per work day, dispatch client location, higher specific floor and permit selection, and a work-date split probe across 2026-10-10/2026-10-11. (Register status 2026-09-29: No [IN-SYSTEM 2026-09-29].)",work_rules.wages.hourly_by_region.広島県,,,
JP-RF34-R8,JP,minimum_wage,"広島県 regional minimum wage (令和8年度): JPY1,141/hour for work performed from 2026-10-11.",Minimum Wage Act arts. 10–14; MHLW 令和8年度地域別最低賃金全国一覧 (https://www.mhlw.go.jp/content/11200000/001753404.pdf),https://www.mhlw.go.jp/content/11200000/001753404.pdf,2026-09-29,2026-10-11,,AWAITING-LAW,"MHLW's 令和8年度 national list (re-read 2026-09-29) shows JPY1,141 as 答申された改定額 with 発効日 2026-10-11; MHLW's 3 September 2026 release says every successor was a council recommendation to be decided after objections. No issuer statement of the prefectural director's decision/官報公示 was confirmed for this prefecture. Minimum Wage Act art. 14(2) makes a decision effective 30 days after publication, so a 2026-10-11 start implies publication by 2026-09-11; confirm the Gazette before sealing. JP lineage not yet seeded.",work_rules.wages.hourly_by_region.広島県,,,
JP-RF35,JP,minimum_wage,"山口県 regional minimum wage (令和7年度): JPY1,043/hour for work performed 2025-10-16 to 2026-10-07, selected by work date and worksite.","Minimum Wage Act arts. 4, 9, 14; MHLW H14–R8 regional revision workbook (https://www.mhlw.go.jp/content/11200000/001753407.xlsx); live quick table (https://saiteichingin.mhlw.go.jp/table/page_list_nationallist.php)",https://www.mhlw.go.jp/content/11200000/001753407.xlsx,2026-09-29,2025-10-16,2026-10-07,GAP,"JP lineage not yet seeded. Re-read 2026-09-29: amount matches MHLW's workbook and quick table. Needs worksite prefecture per work day, dispatch client location, higher specific floor and permit selection, and a work-date split probe across 2026-10-07/2026-10-08. (Register status 2026-09-29: No [IN-SYSTEM 2026-09-29].)",work_rules.wages.hourly_by_region.山口県,,,
JP-RF35-R8,JP,minimum_wage,"山口県 regional minimum wage (令和8年度): JPY1,101/hour for work performed from 2026-10-08.",Minimum Wage Act arts. 10–14; MHLW 令和8年度地域別最低賃金全国一覧 (https://www.mhlw.go.jp/content/11200000/001753404.pdf),https://www.mhlw.go.jp/content/11200000/001753404.pdf,2026-09-29,2026-10-08,,AWAITING-LAW,"MHLW's 令和8年度 national list (re-read 2026-09-29) shows JPY1,101 as 答申された改定額 with 発効日 2026-10-08; MHLW's 3 September 2026 release says every successor was a council recommendation to be decided after objections. No issuer statement of the prefectural director's decision/官報公示 was confirmed for this prefecture. Minimum Wage Act art. 14(2) makes a decision effective 30 days after publication, so a 2026-10-08 start implies publication by 2026-09-08; confirm the Gazette before sealing. JP lineage not yet seeded.",work_rules.wages.hourly_by_region.山口県,,,
JP-RF36,JP,minimum_wage,"徳島県 regional minimum wage (令和7年度): JPY1,046/hour for work performed 2026-01-01 to 2026-10-31, selected by work date and worksite.","Minimum Wage Act arts. 4, 9, 14; MHLW H14–R8 regional revision workbook (https://www.mhlw.go.jp/content/11200000/001753407.xlsx); live quick table (https://saiteichingin.mhlw.go.jp/table/page_list_nationallist.php)",https://www.mhlw.go.jp/content/11200000/001753407.xlsx,2026-09-29,2026-01-01,2026-10-31,GAP,"JP lineage not yet seeded. Re-read 2026-09-29: amount matches MHLW's workbook and quick table. MHLW's H14–R8 workbook prints this 令和7年度 date with year 2025 (2025-01-01); the register's 2026 date is kept because the 令和7年度 round cannot take effect before its August 2025 decision and the live quick table shows the same amount — obtain the Gazette to confirm. Needs worksite prefecture per work day, dispatch client location, higher specific floor and permit selection, and a work-date split probe across 2026-10-31/2026-11-01. (Register status 2026-09-29: No [IN-SYSTEM 2026-09-29].)",work_rules.wages.hourly_by_region.徳島県,,,
JP-RF36-R8,JP,minimum_wage,"徳島県 regional minimum wage (令和8年度): JPY1,103/hour for work performed from 2026-11-01.",Minimum Wage Act arts. 10–14; MHLW 令和8年度地域別最低賃金全国一覧 (https://www.mhlw.go.jp/content/11200000/001753404.pdf),https://www.mhlw.go.jp/content/11200000/001753404.pdf,2026-09-29,2026-11-01,,AWAITING-LAW,"MHLW's 令和8年度 national list (re-read 2026-09-29) shows JPY1,103 as 答申された改定額 with 発効日 2026-11-01; MHLW's 3 September 2026 release says every successor was a council recommendation to be decided after objections. No issuer statement of the prefectural director's decision/官報公示 was confirmed for this prefecture. Minimum Wage Act art. 14(2) makes a decision effective 30 days after publication, so a 2026-11-01 start implies publication by 2026-10-02; confirm the Gazette before sealing. JP lineage not yet seeded.",work_rules.wages.hourly_by_region.徳島県,,,
JP-RF37,JP,minimum_wage,"香川県 regional minimum wage (令和7年度): JPY1,036/hour for work performed 2025-10-18 to 2026-09-30, selected by work date and worksite.","Minimum Wage Act arts. 4, 9, 14; MHLW H14–R8 regional revision workbook (https://www.mhlw.go.jp/content/11200000/001753407.xlsx); live quick table (https://saiteichingin.mhlw.go.jp/table/page_list_nationallist.php)",https://www.mhlw.go.jp/content/11200000/001753407.xlsx,2026-09-29,2025-10-18,2026-09-30,GAP,"JP lineage not yet seeded. Re-read 2026-09-29: amount matches MHLW's workbook and quick table. Needs worksite prefecture per work day, dispatch client location, higher specific floor and permit selection, and a work-date split probe across 2026-09-30/2026-10-01. (Register status 2026-09-29: No [IN-SYSTEM 2026-09-29].)",work_rules.wages.hourly_by_region.香川県,,,
JP-RF37-R8,JP,minimum_wage,"香川県 regional minimum wage (令和8年度): JPY1,092/hour for work performed from 2026-10-01.",Minimum Wage Act arts. 10–14; MHLW 令和8年度地域別最低賃金全国一覧 (https://www.mhlw.go.jp/content/11200000/001753404.pdf),https://www.mhlw.go.jp/content/11200000/001753404.pdf,2026-09-29,2026-10-01,,AWAITING-LAW,"MHLW's 令和8年度 national list (re-read 2026-09-29) shows JPY1,092 as 答申された改定額 with 発効日 2026-10-01; MHLW's 3 September 2026 release says every successor was a council recommendation to be decided after objections. No issuer statement of the prefectural director's decision/官報公示 was confirmed for this prefecture. Minimum Wage Act art. 14(2) makes a decision effective 30 days after publication, so a 2026-10-01 start implies publication by 2026-09-01; confirm the Gazette before sealing. JP lineage not yet seeded.",work_rules.wages.hourly_by_region.香川県,,,
JP-RF38,JP,minimum_wage,"愛媛県 regional minimum wage (令和7年度): JPY1,033/hour for work performed 2025-12-01 to 2026-10-31, selected by work date and worksite.","Minimum Wage Act arts. 4, 9, 14; MHLW H14–R8 regional revision workbook (https://www.mhlw.go.jp/content/11200000/001753407.xlsx); live quick table (https://saiteichingin.mhlw.go.jp/table/page_list_nationallist.php)",https://www.mhlw.go.jp/content/11200000/001753407.xlsx,2026-09-29,2025-12-01,2026-10-31,GAP,"JP lineage not yet seeded. Re-read 2026-09-29: amount matches MHLW's workbook and quick table. Needs worksite prefecture per work day, dispatch client location, higher specific floor and permit selection, and a work-date split probe across 2026-10-31/2026-11-01. (Register status 2026-09-29: No [IN-SYSTEM 2026-09-29].)",work_rules.wages.hourly_by_region.愛媛県,,,
JP-RF38-R8,JP,minimum_wage,"愛媛県 regional minimum wage (令和8年度): JPY1,093/hour for work performed from 2026-11-01.",Minimum Wage Act arts. 10–14; MHLW 令和8年度地域別最低賃金全国一覧 (https://www.mhlw.go.jp/content/11200000/001753404.pdf),https://www.mhlw.go.jp/content/11200000/001753404.pdf,2026-09-29,2026-11-01,,AWAITING-LAW,"MHLW's 令和8年度 national list (re-read 2026-09-29) shows JPY1,093 as 答申された改定額 with 発効日 2026-11-01; MHLW's 3 September 2026 release says every successor was a council recommendation to be decided after objections. No issuer statement of the prefectural director's decision/官報公示 was confirmed for this prefecture. Minimum Wage Act art. 14(2) makes a decision effective 30 days after publication, so a 2026-11-01 start implies publication by 2026-10-02; confirm the Gazette before sealing. JP lineage not yet seeded.",work_rules.wages.hourly_by_region.愛媛県,,,
JP-RF39,JP,minimum_wage,"高知県 regional minimum wage (令和7年度): JPY1,023/hour for work performed 2025-12-01 to 2026-10-28, selected by work date and worksite.","Minimum Wage Act arts. 4, 9, 14; MHLW H14–R8 regional revision workbook (https://www.mhlw.go.jp/content/11200000/001753407.xlsx); live quick table (https://saiteichingin.mhlw.go.jp/table/page_list_nationallist.php)",https://www.mhlw.go.jp/content/11200000/001753407.xlsx,2026-09-29,2025-12-01,2026-10-28,GAP,"JP lineage not yet seeded. Re-read 2026-09-29: amount matches MHLW's workbook and quick table. Needs worksite prefecture per work day, dispatch client location, higher specific floor and permit selection, and a work-date split probe across 2026-10-28/2026-10-29. (Register status 2026-09-29: No [IN-SYSTEM 2026-09-29].)",work_rules.wages.hourly_by_region.高知県,,,
JP-RF39-R8,JP,minimum_wage,"高知県 regional minimum wage (令和8年度): JPY1,086/hour for work performed from 2026-10-29.",Minimum Wage Act arts. 10–14; MHLW 令和8年度地域別最低賃金全国一覧 (https://www.mhlw.go.jp/content/11200000/001753404.pdf),https://www.mhlw.go.jp/content/11200000/001753404.pdf,2026-09-29,2026-10-29,,AWAITING-LAW,"MHLW's 令和8年度 national list (re-read 2026-09-29) shows JPY1,086 as 答申された改定額 with 発効日 2026-10-29; MHLW's 3 September 2026 release says every successor was a council recommendation to be decided after objections. No issuer statement of the prefectural director's decision/官報公示 was confirmed for this prefecture. Minimum Wage Act art. 14(2) makes a decision effective 30 days after publication, so a 2026-10-29 start implies publication by 2026-09-29; confirm the Gazette before sealing. JP lineage not yet seeded.",work_rules.wages.hourly_by_region.高知県,,,
JP-RF40,JP,minimum_wage,"福岡県 regional minimum wage (令和7年度): JPY1,057/hour for work performed 2025-11-16 to 2026-10-03, selected by work date and worksite.","Minimum Wage Act arts. 4, 9, 14; MHLW H14–R8 regional revision workbook (https://www.mhlw.go.jp/content/11200000/001753407.xlsx); live quick table (https://saiteichingin.mhlw.go.jp/table/page_list_nationallist.php)",https://www.mhlw.go.jp/content/11200000/001753407.xlsx,2026-09-29,2025-11-16,2026-10-03,GAP,"JP lineage not yet seeded. Re-read 2026-09-29: amount matches MHLW's workbook and quick table. Needs worksite prefecture per work day, dispatch client location, higher specific floor and permit selection, and a work-date split probe across 2026-10-03/2026-10-04. (Register status 2026-09-29: No [IN-SYSTEM 2026-09-29].)",work_rules.wages.hourly_by_region.福岡県,,,
JP-RF40-R8,JP,minimum_wage,"福岡県 regional minimum wage (令和8年度): JPY1,114/hour for work performed from 2026-10-04.",Minimum Wage Act arts. 10–14; MHLW 令和8年度地域別最低賃金全国一覧 (https://www.mhlw.go.jp/content/11200000/001753404.pdf),https://www.mhlw.go.jp/content/11200000/001753404.pdf,2026-09-29,2026-10-04,,AWAITING-LAW,"MHLW's 令和8年度 national list (re-read 2026-09-29) shows JPY1,114 as 答申された改定額 with 発効日 2026-10-04; MHLW's 3 September 2026 release says every successor was a council recommendation to be decided after objections. No issuer statement of the prefectural director's decision/官報公示 was confirmed for this prefecture. Minimum Wage Act art. 14(2) makes a decision effective 30 days after publication, so a 2026-10-04 start implies publication by 2026-09-04; confirm the Gazette before sealing. JP lineage not yet seeded.",work_rules.wages.hourly_by_region.福岡県,,,
JP-RF41,JP,minimum_wage,"佐賀県 regional minimum wage (令和7年度): JPY1,030/hour for work performed 2025-11-21 to 2026-11-14, selected by work date and worksite.","Minimum Wage Act arts. 4, 9, 14; MHLW H14–R8 regional revision workbook (https://www.mhlw.go.jp/content/11200000/001753407.xlsx); live quick table (https://saiteichingin.mhlw.go.jp/table/page_list_nationallist.php)",https://www.mhlw.go.jp/content/11200000/001753407.xlsx,2026-09-29,2025-11-21,2026-11-14,GAP,"JP lineage not yet seeded. Re-read 2026-09-29: amount matches MHLW's workbook and quick table. Needs worksite prefecture per work day, dispatch client location, higher specific floor and permit selection, and a work-date split probe across 2026-11-14/2026-11-15. (Register status 2026-09-29: No [IN-SYSTEM 2026-09-29].)",work_rules.wages.hourly_by_region.佐賀県,,,
JP-RF41-R8,JP,minimum_wage,"佐賀県 regional minimum wage (令和8年度): JPY1,095/hour for work performed from 2026-11-15.",Minimum Wage Act arts. 10–14; MHLW 令和8年度地域別最低賃金全国一覧 (https://www.mhlw.go.jp/content/11200000/001753404.pdf),https://www.mhlw.go.jp/content/11200000/001753404.pdf,2026-09-29,2026-11-15,,AWAITING-LAW,"MHLW's 令和8年度 national list (re-read 2026-09-29) shows JPY1,095 as 答申された改定額 with 発効日 2026-11-15; MHLW's 3 September 2026 release says every successor was a council recommendation to be decided after objections. No issuer statement of the prefectural director's decision/官報公示 was confirmed for this prefecture. Minimum Wage Act art. 14(2) makes a decision effective 30 days after publication, so a 2026-11-15 start implies publication by 2026-10-16; confirm the Gazette before sealing. JP lineage not yet seeded.",work_rules.wages.hourly_by_region.佐賀県,,,
JP-RF42,JP,minimum_wage,"長崎県 regional minimum wage (令和7年度): JPY1,031/hour for work performed 2025-12-01 to 2026-11-01, selected by work date and worksite.","Minimum Wage Act arts. 4, 9, 14; MHLW H14–R8 regional revision workbook (https://www.mhlw.go.jp/content/11200000/001753407.xlsx); live quick table (https://saiteichingin.mhlw.go.jp/table/page_list_nationallist.php)",https://www.mhlw.go.jp/content/11200000/001753407.xlsx,2026-09-29,2025-12-01,2026-11-01,GAP,"JP lineage not yet seeded. Re-read 2026-09-29: amount matches MHLW's workbook and quick table. Needs worksite prefecture per work day, dispatch client location, higher specific floor and permit selection, and a work-date split probe across 2026-11-01/2026-11-02. (Register status 2026-09-29: No [IN-SYSTEM 2026-09-29].)",work_rules.wages.hourly_by_region.長崎県,,,
JP-RF42-R8,JP,minimum_wage,"長崎県 regional minimum wage (令和8年度): JPY1,087/hour for work performed from 2026-11-02.",Minimum Wage Act arts. 10–14; MHLW 令和8年度地域別最低賃金全国一覧 (https://www.mhlw.go.jp/content/11200000/001753404.pdf),https://www.mhlw.go.jp/content/11200000/001753404.pdf,2026-09-29,2026-11-02,,AWAITING-LAW,"MHLW's 令和8年度 national list (re-read 2026-09-29) shows JPY1,087 as 答申された改定額 with 発効日 2026-11-02; MHLW's 3 September 2026 release says every successor was a council recommendation to be decided after objections. No issuer statement of the prefectural director's decision/官報公示 was confirmed for this prefecture. Minimum Wage Act art. 14(2) makes a decision effective 30 days after publication, so a 2026-11-02 start implies publication by 2026-10-03; confirm the Gazette before sealing. JP lineage not yet seeded.",work_rules.wages.hourly_by_region.長崎県,,,
JP-RF43,JP,minimum_wage,"大分県 regional minimum wage (令和7年度): JPY1,035/hour for work performed 2026-01-01 to 2026-10-31, selected by work date and worksite.","Minimum Wage Act arts. 4, 9, 14; MHLW H14–R8 regional revision workbook (https://www.mhlw.go.jp/content/11200000/001753407.xlsx); live quick table (https://saiteichingin.mhlw.go.jp/table/page_list_nationallist.php)",https://www.mhlw.go.jp/content/11200000/001753407.xlsx,2026-09-29,2026-01-01,2026-10-31,GAP,"JP lineage not yet seeded. Re-read 2026-09-29: amount matches MHLW's workbook and quick table. MHLW's H14–R8 workbook prints this 令和7年度 date with year 2025 (2025-01-01); the register's 2026 date is kept because the 令和7年度 round cannot take effect before its August 2025 decision and the live quick table shows the same amount — obtain the Gazette to confirm. Needs worksite prefecture per work day, dispatch client location, higher specific floor and permit selection, and a work-date split probe across 2026-10-31/2026-11-01. (Register status 2026-09-29: No [IN-SYSTEM 2026-09-29].)",work_rules.wages.hourly_by_region.大分県,,,
JP-RF43-R8,JP,minimum_wage,"大分県 regional minimum wage (令和8年度): JPY1,096/hour for work performed from 2026-11-01.",Minimum Wage Act arts. 10–14; MHLW 令和8年度地域別最低賃金全国一覧 (https://www.mhlw.go.jp/content/11200000/001753404.pdf),https://www.mhlw.go.jp/content/11200000/001753404.pdf,2026-09-29,2026-11-01,,AWAITING-LAW,"MHLW's 令和8年度 national list (re-read 2026-09-29) shows JPY1,096 as 答申された改定額 with 発効日 2026-11-01; MHLW's 3 September 2026 release says every successor was a council recommendation to be decided after objections. No issuer statement of the prefectural director's decision/官報公示 was confirmed for this prefecture. Minimum Wage Act art. 14(2) makes a decision effective 30 days after publication, so a 2026-11-01 start implies publication by 2026-10-02; confirm the Gazette before sealing. JP lineage not yet seeded.",work_rules.wages.hourly_by_region.大分県,,,
JP-RF44,JP,minimum_wage,"熊本県 regional minimum wage (令和7年度): JPY1,034/hour for work performed 2026-01-01 to 2026-11-30, selected by work date and worksite.","Minimum Wage Act arts. 4, 9, 14; MHLW H14–R8 regional revision workbook (https://www.mhlw.go.jp/content/11200000/001753407.xlsx); live quick table (https://saiteichingin.mhlw.go.jp/table/page_list_nationallist.php)",https://www.mhlw.go.jp/content/11200000/001753407.xlsx,2026-09-29,2026-01-01,2026-11-30,GAP,"JP lineage not yet seeded. Re-read 2026-09-29: amount matches MHLW's workbook and quick table. MHLW's H14–R8 workbook prints this 令和7年度 date with year 2025 (2025-01-01); the register's 2026 date is kept because the 令和7年度 round cannot take effect before its August 2025 decision and the live quick table shows the same amount — obtain the Gazette to confirm. Needs worksite prefecture per work day, dispatch client location, higher specific floor and permit selection, and a work-date split probe across 2026-11-30/2026-12-01. (Register status 2026-09-29: No [IN-SYSTEM 2026-09-29].)",work_rules.wages.hourly_by_region.熊本県,,,
JP-RF44-R8,JP,minimum_wage,"熊本県 regional minimum wage (令和8年度): JPY1,092/hour for work performed from 2026-12-01.",Minimum Wage Act arts. 10–14; MHLW 令和8年度地域別最低賃金全国一覧 (https://www.mhlw.go.jp/content/11200000/001753404.pdf),https://www.mhlw.go.jp/content/11200000/001753404.pdf,2026-09-29,2026-12-01,,AWAITING-LAW,"MHLW's 令和8年度 national list (re-read 2026-09-29) shows JPY1,092 as 答申された改定額 with 発効日 2026-12-01; MHLW's 3 September 2026 release says every successor was a council recommendation to be decided after objections. No issuer statement of the prefectural director's decision/官報公示 was confirmed for this prefecture. Minimum Wage Act art. 14(2) makes a decision effective 30 days after publication, so a 2026-12-01 start implies publication by 2026-11-01; confirm the Gazette before sealing. JP lineage not yet seeded.",work_rules.wages.hourly_by_region.熊本県,,,
JP-RF45,JP,minimum_wage,"宮崎県 regional minimum wage (令和7年度): JPY1,023/hour for work performed 2025-11-16 to 2026-10-23, selected by work date and worksite.","Minimum Wage Act arts. 4, 9, 14; MHLW H14–R8 regional revision workbook (https://www.mhlw.go.jp/content/11200000/001753407.xlsx); live quick table (https://saiteichingin.mhlw.go.jp/table/page_list_nationallist.php)",https://www.mhlw.go.jp/content/11200000/001753407.xlsx,2026-09-29,2025-11-16,2026-10-23,GAP,"JP lineage not yet seeded. Re-read 2026-09-29: amount matches MHLW's workbook and quick table. Needs worksite prefecture per work day, dispatch client location, higher specific floor and permit selection, and a work-date split probe across 2026-10-23/2026-10-24. (Register status 2026-09-29: No [IN-SYSTEM 2026-09-29].)",work_rules.wages.hourly_by_region.宮崎県,,,
JP-RF45-R8,JP,minimum_wage,"宮崎県 regional minimum wage (令和8年度): JPY1,085/hour for work performed from 2026-10-24.",Minimum Wage Act arts. 10–14; MHLW 令和8年度地域別最低賃金全国一覧 (https://www.mhlw.go.jp/content/11200000/001753404.pdf),https://www.mhlw.go.jp/content/11200000/001753404.pdf,2026-09-29,2026-10-24,,AWAITING-LAW,"MHLW's 令和8年度 national list (re-read 2026-09-29) shows JPY1,085 as 答申された改定額 with 発効日 2026-10-24; MHLW's 3 September 2026 release says every successor was a council recommendation to be decided after objections. No issuer statement of the prefectural director's decision/官報公示 was confirmed for this prefecture. Minimum Wage Act art. 14(2) makes a decision effective 30 days after publication, so a 2026-10-24 start implies publication by 2026-09-24; confirm the Gazette before sealing. JP lineage not yet seeded.",work_rules.wages.hourly_by_region.宮崎県,,,
JP-RF46,JP,minimum_wage,"鹿児島県 regional minimum wage (令和7年度): JPY1,026/hour for work performed 2025-11-01 to 2026-10-24, selected by work date and worksite.","Minimum Wage Act arts. 4, 9, 14; MHLW H14–R8 regional revision workbook (https://www.mhlw.go.jp/content/11200000/001753407.xlsx); live quick table (https://saiteichingin.mhlw.go.jp/table/page_list_nationallist.php)",https://www.mhlw.go.jp/content/11200000/001753407.xlsx,2026-09-29,2025-11-01,2026-10-24,GAP,"JP lineage not yet seeded. Re-read 2026-09-29: amount matches MHLW's workbook and quick table. Needs worksite prefecture per work day, dispatch client location, higher specific floor and permit selection, and a work-date split probe across 2026-10-24/2026-10-25. (Register status 2026-09-29: No [IN-SYSTEM 2026-09-29].)",work_rules.wages.hourly_by_region.鹿児島県,,,
JP-RF46-R8,JP,minimum_wage,"鹿児島県 regional minimum wage (令和8年度): JPY1,090/hour for work performed from 2026-10-25.",Minimum Wage Act arts. 10–14; MHLW 令和8年度地域別最低賃金全国一覧 (https://www.mhlw.go.jp/content/11200000/001753404.pdf),https://www.mhlw.go.jp/content/11200000/001753404.pdf,2026-09-29,2026-10-25,,AWAITING-LAW,"MHLW's 令和8年度 national list (re-read 2026-09-29) shows JPY1,090 as 答申された改定額 with 発効日 2026-10-25; MHLW's 3 September 2026 release says every successor was a council recommendation to be decided after objections. No issuer statement of the prefectural director's decision/官報公示 was confirmed for this prefecture. Minimum Wage Act art. 14(2) makes a decision effective 30 days after publication, so a 2026-10-25 start implies publication by 2026-09-25; confirm the Gazette before sealing. JP lineage not yet seeded.",work_rules.wages.hourly_by_region.鹿児島県,,,
JP-RF47,JP,minimum_wage,"沖縄県 regional minimum wage (令和7年度): JPY1,023/hour for work performed 2025-12-01 to 2026-12-01, selected by work date and worksite.","Minimum Wage Act arts. 4, 9, 14; MHLW H14–R8 regional revision workbook (https://www.mhlw.go.jp/content/11200000/001753407.xlsx); live quick table (https://saiteichingin.mhlw.go.jp/table/page_list_nationallist.php)",https://www.mhlw.go.jp/content/11200000/001753407.xlsx,2026-09-29,2025-12-01,2026-12-01,GAP,"JP lineage not yet seeded. Re-read 2026-09-29: amount matches MHLW's workbook and quick table. Needs worksite prefecture per work day, dispatch client location, higher specific floor and permit selection, and a work-date split probe across 2026-12-01/2026-12-02. (Register status 2026-09-29: No [IN-SYSTEM 2026-09-29].)",work_rules.wages.hourly_by_region.沖縄県,,,
JP-RF47-R8,JP,minimum_wage,"沖縄県 regional minimum wage (令和8年度): JPY1,086/hour for work performed from 2026-12-02.",Minimum Wage Act arts. 10–14; MHLW 令和8年度地域別最低賃金全国一覧 (https://www.mhlw.go.jp/content/11200000/001753404.pdf),https://www.mhlw.go.jp/content/11200000/001753404.pdf,2026-09-29,2026-12-02,,AWAITING-LAW,"MHLW's 令和8年度 national list (re-read 2026-09-29) shows JPY1,086 as 答申された改定額 with 発効日 2026-12-02; MHLW's 3 September 2026 release says every successor was a council recommendation to be decided after objections. No issuer statement of the prefectural director's decision/官報公示 was confirmed for this prefecture. Minimum Wage Act art. 14(2) makes a decision effective 30 days after publication, so a 2026-12-02 start implies publication by 2026-11-02; confirm the Gazette before sealing. JP lineage not yet seeded.",work_rules.wages.hourly_by_region.沖縄県,,,
JP-SF-T01,JP,minimum_wage,"Ishikawa metal products: JPY763/hour and JPY6,102/day, 26 December 1999","Minimum Wage Act arts. 15–19, 2007 amendment supplemental art. 5; MHLW live industry table (https://saiteichingin.mhlw.go.jp/table/page_indlist_nationallist.html)",https://saiteichingin.mhlw.go.jp/table/page_indlist_nationallist.html,2026-09-29,2025-12-01,,GAP,JP lineage not yet seeded. Legacy determination and comparison mechanism require verification; no production check. Closure case: Obtain the surviving determination and exclusions; apply the lawful regional comparison to both wage units and dated worker facts. (Register status 2026-09-29: No [IN-SYSTEM 2026-09-29].),work_rules.wages.jp_specific_by_industry.SF-T01,,,
JP-SF-T02,JP,minimum_wage,"Mie iron castings/pipes: JPY739/hour and JPY5,907/day, 15 December 1998","Minimum Wage Act arts. 15–19, 2007 amendment supplemental art. 5; MHLW live industry table (https://saiteichingin.mhlw.go.jp/table/page_indlist_nationallist.html)",https://saiteichingin.mhlw.go.jp/table/page_indlist_nationallist.html,2026-09-29,2025-12-01,,GAP,JP lineage not yet seeded. Legacy determination and comparison mechanism require verification; no production check. Closure case: Same check for Mie and the covered industry/worker. (Register status 2026-09-29: No [IN-SYSTEM 2026-09-29].),work_rules.wages.jp_specific_by_industry.SF-T02,,,
JP-SF-T03,JP,minimum_wage,"Nara wood/furniture old-industry determination, amended 25 January 1989: ordinary covered workers JPY4,148/day (hourly-paid JPY519/hour); skilled workers with two years' qualifying task service JPY6,527/day (hourly-paid JPY816/hour). Excludes under-18, 65-plus, under-three-month trainees and mainly cleaning/tidying workers; attendance, commuting and family allowances are excluded from this order's wage base. Nara council's 2 March 2026 recommendation proposed abolition the day before its Gazette publication; Nara bureau expected 1 April publication, and the ministry's 1 April census plus current Nara industry list support cessation by 1 April 2026.","Minimum Wage Act arts. 15–19, 2007 amendment supplemental art. 5; MHLW live industry table (https://saiteichingin.mhlw.go.jp/table/page_indlist_nationallist.html); Nara council's 2 March 2026 recommendation (https://jsite.mhlw.go.jp/nara-roudoukyoku/content/contents/002629442.pdf); Nara bureau (https://jsite.mhlw.go.jp/nara-roudoukyoku/newpage_01053.html); ministry's 1 April census (https://www.mhlw.go.jp/content/11200000/001665408.pdf); current Nara industry list (https://jsite.mhlw.go.jp/nara-roudoukyoku/hourei_seido_tetsuzuki/tingin/hourei_seido/saiteitingin008.html)",https://saiteichingin.mhlw.go.jp/table/page_indlist_nationallist.html,2026-09-29,2025-12-01,2026-03-31,GAP,"JP lineage not yet seeded. No JP transitional old-industry wage-unit/worker selector, source-complete final abolition date or production boundary probe. Closure case: Count difference identified. Obtain final Gazette abolition text/date and original operative order; select ordinary versus skilled duties, actual wage unit and regional floor through the last operative day, and exclude this order after abolition. Probe 31 March/1 April 2026, 7 versus 8 scheduled hours, age 17/18/64/65, trainee month 2/3 and skilled service 23/24 months. (Register status 2026-09-29: No [SOURCE 2026-09-29].)",work_rules.wages.jp_specific_by_industry.SF-T03,,,
JP-SF-T04,JP,minimum_wage,"Nationwide nonmetallic mining: JPY5,772/day from 17 May 1989 for underground workers at establishments chiefly prospecting/mining the listed Mining Act minerals. Excludes age 65+, trainees within three months of hire, and workers mainly cleaning/tidying; attendance, commuting and family allowances are outside this determination's wage base.","Minimum Wage Act arts. 15–19, 2007 amendment supplemental art. 5; MHLW live industry table (https://saiteichingin.mhlw.go.jp/table/page_indlist_nationallist.html); Nationwide nonmetallic mining (https://www.mhlw.go.jp/stf/seisakunitsuite/bunya/koyou_roudou/roudoukijun/chingin/newpage_43846.html)",https://saiteichingin.mhlw.go.jp/table/page_indlist_nationallist.html,2026-09-29,2025-12-01,,GAP,"JP lineage not yet seeded. Legacy determination and comparison mechanism require verification; no production check. Closure case: Source scope is now enumerated. Capture mineral/establishment and underground-duty facts, age, training/hire date, task mix and wage components. Reconcile the original Gazette and legacy daily-to-regional comparison before a dated calculation probe; the count anomaly is resolved by JP-SF-T03. (Register status 2026-09-29: No [IN-SYSTEM 2026-09-29].)",work_rules.wages.jp_specific_by_industry.SF-T04,,,
JP-SF-T05,JP,minimum_wage,"Fukui textile/metalworking machinery: JPY933/hour. The live table says 24 December 2022, but the Fukui Labour Bureau, ministry's FY2025 PDF and formal bureau council minutes say 24 December 2023. The minutes additionally record Gazette publication on 22 November 2023 and a JPY18 rise to JPY933.","Minimum Wage Act arts. 15–19, 2007 amendment supplemental art. 5; MHLW live industry table (https://saiteichingin.mhlw.go.jp/table/page_indlist_nationallist.html); Fukui Labour Bureau (https://jsite.mhlw.go.jp/fukui-roudoukyoku/hourei_seido_tetsuzuki/_120606); ministry's FY2025 PDF (https://www.mhlw.go.jp/content/11200000/001638874.pdf); formal bureau council minutes (https://jsite.mhlw.go.jp/fukui-roudoukyoku/content/contents/001778070.pdf)",https://saiteichingin.mhlw.go.jp/table/page_indlist_nationallist.html,2026-09-29,2025-12-01,,GAP,JP lineage not yet seeded. Legacy determination and comparison mechanism require verification; no production check. Closure case: Effective year resolved to 2023 against three official records; the live table is wrong. Obtain the Gazette decision text and worker exclusions before sealing; the notice of Gazette publication is stronger evidence for the operative date but is not the full instrument. (Register status 2026-09-29: No [IN-SYSTEM 2026-09-29].),work_rules.wages.jp_specific_by_industry.SF-T05,,,
JP-SF-T06,JP,minimum_wage,"Ibaraki JP-SF037 is JPY1,115/hour from 19 March 2026. The live table marks it ※, although the regional floor is JPY1,074 until 17 October 2026 and JPY1,136 from 18 October 2026.","Minimum Wage Act arts. 15–19, 2007 amendment supplemental art. 5; MHLW live industry table (https://saiteichingin.mhlw.go.jp/table/page_indlist_nationallist.html); Ibaraki Labour Bureau (https://jsite.mhlw.go.jp/ibaraki-roudoukyoku/roudoukyoku/gyoumu_naiyou/kijunbu/chingin/chingin01.html)",https://saiteichingin.mhlw.go.jp/table/page_indlist_nationallist.html,2026-09-29,2026-03-19,,GAP,"JP lineage not yet seeded. No JP dated regional/specific floor comparison, worker-scope evidence or straddling-period production probe. Closure case: Ibaraki Labour Bureau (https://jsite.mhlw.go.jp/ibaraki-roudoukyoku/roudoukyoku/gyoumu_naiyou/kijunbu/chingin/chingin01.html) confirms the industry rate, worker exclusions and future regional rate. Select the higher applicable floor by work date, including work on both sides of a change inside one pay period; never use the live ※ marker as an undated rule. Gazette and production boundary probe remain open. (Register status 2026-09-29: No [IN-SYSTEM 2026-09-29].)",work_rules.wages.jp_specific_by_industry.SF-T06,,,
JP-SF001,JP,minimum_wage,"北海道 specific (industry) minimum wage — 処理牛乳・乳飲料、乳製品、砂糖・でんぷん糖類製造業: 1113円/hour, effective 2025-12-01; MHLW marks it ※ — the higher regional floor applies instead.","Minimum Wage Act arts. 6, 15–19; MHLW live industry table (https://saiteichingin.mhlw.go.jp/table/page_indlist_nationallist.html)",https://saiteichingin.mhlw.go.jp/table/page_indlist_nationallist.html,2026-09-29,2025-12-01,,GAP,"JP lineage not yet seeded. Displayed rate is provisional; operative order, worker scope, exclusions and production check absent. Needs the Gazette order, covered industry/occupation, worker exclusions, concurrency with the dated regional floor and a work-date probe. (Register status 2026-09-29: No [IN-SYSTEM 2026-09-29].)",work_rules.wages.jp_specific_by_industry.SF001,,,
JP-SF002,JP,minimum_wage,"北海道 specific (industry) minimum wage — 鉄鋼業: 1165円/hour, effective 2025-12-01.","Minimum Wage Act arts. 6, 15–19; MHLW live industry table (https://saiteichingin.mhlw.go.jp/table/page_indlist_nationallist.html)",https://saiteichingin.mhlw.go.jp/table/page_indlist_nationallist.html,2026-09-29,2025-12-01,,GAP,"JP lineage not yet seeded. Displayed rate is provisional; operative order, worker scope, exclusions and production check absent. Needs the Gazette order, covered industry/occupation, worker exclusions, concurrency with the dated regional floor and a work-date probe. (Register status 2026-09-29: No [IN-SYSTEM 2026-09-29].)",work_rules.wages.jp_specific_by_industry.SF002,,,
JP-SF003,JP,minimum_wage,"北海道 specific (industry) minimum wage — 電子部品・デバイス・電子回路、電気機械器具、情報通信機械器具製造業: 1116円/hour, effective 2025-12-01; MHLW marks it ※ — the higher regional floor applies instead.","Minimum Wage Act arts. 6, 15–19; MHLW live industry table (https://saiteichingin.mhlw.go.jp/table/page_indlist_nationallist.html)",https://saiteichingin.mhlw.go.jp/table/page_indlist_nationallist.html,2026-09-29,2025-12-01,,GAP,"JP lineage not yet seeded. Displayed rate is provisional; operative order, worker scope, exclusions and production check absent. Needs the Gazette order, covered industry/occupation, worker exclusions, concurrency with the dated regional floor and a work-date probe. (Register status 2026-09-29: No [IN-SYSTEM 2026-09-29].)",work_rules.wages.jp_specific_by_industry.SF003,,,
JP-SF004,JP,minimum_wage,"北海道 specific (industry) minimum wage — 船舶製造・修理業、船体ブロック製造業: 1105円/hour, effective 2025-12-01; MHLW marks it ※ — the higher regional floor applies instead.","Minimum Wage Act arts. 6, 15–19; MHLW live industry table (https://saiteichingin.mhlw.go.jp/table/page_indlist_nationallist.html)",https://saiteichingin.mhlw.go.jp/table/page_indlist_nationallist.html,2026-09-29,2025-12-01,,GAP,"JP lineage not yet seeded. Displayed rate is provisional; operative order, worker scope, exclusions and production check absent. Needs the Gazette order, covered industry/occupation, worker exclusions, concurrency with the dated regional floor and a work-date probe. (Register status 2026-09-29: No [IN-SYSTEM 2026-09-29].)",work_rules.wages.jp_specific_by_industry.SF004,,,
JP-SF005,JP,minimum_wage,"青森県 specific (industry) minimum wage — 鉄鋼業: 1109円/hour, effective 2025-12-21.","Minimum Wage Act arts. 6, 15–19; MHLW live industry table (https://saiteichingin.mhlw.go.jp/table/page_indlist_nationallist.html)",https://saiteichingin.mhlw.go.jp/table/page_indlist_nationallist.html,2026-09-29,2025-12-21,,GAP,"JP lineage not yet seeded. Displayed rate is provisional; operative order, worker scope, exclusions and production check absent. Needs the Gazette order, covered industry/occupation, worker exclusions, concurrency with the dated regional floor and a work-date probe. (Register status 2026-09-29: No [IN-SYSTEM 2026-09-29].)",work_rules.wages.jp_specific_by_industry.SF005,,,
JP-SF006,JP,minimum_wage,"青森県 specific (industry) minimum wage — 電子部品・デバイス・電子回路、電気機械器具、情報通信機械器具製造業: 1045円/hour, effective 2025-12-21; MHLW marks it ※ — the higher regional floor applies instead.","Minimum Wage Act arts. 6, 15–19; MHLW live industry table (https://saiteichingin.mhlw.go.jp/table/page_indlist_nationallist.html)",https://saiteichingin.mhlw.go.jp/table/page_indlist_nationallist.html,2026-09-29,2025-12-21,,GAP,"JP lineage not yet seeded. Displayed rate is provisional; operative order, worker scope, exclusions and production check absent. Source refresh 2026-09-29: the live table now marks this row ※ (register did not). Needs the Gazette order, covered industry/occupation, worker exclusions, concurrency with the dated regional floor and a work-date probe. (Register status 2026-09-29: No [IN-SYSTEM 2026-09-29].)",work_rules.wages.jp_specific_by_industry.SF006,,,
JP-SF007,JP,minimum_wage,"青森県 specific (industry) minimum wage — 百貨店、総合スーパーマーケット、その他の各種商品小売業: 956円/hour, effective 2024-12-21; MHLW marks it ※ — the higher regional floor applies instead.","Minimum Wage Act arts. 6, 15–19; MHLW live industry table (https://saiteichingin.mhlw.go.jp/table/page_indlist_nationallist.html)",https://saiteichingin.mhlw.go.jp/table/page_indlist_nationallist.html,2026-09-29,2024-12-21,,GAP,"JP lineage not yet seeded. Displayed rate is provisional; operative order, worker scope, exclusions and production check absent. Source refresh 2026-09-29: the live table now marks this row ※ (register did not). Needs the Gazette order, covered industry/occupation, worker exclusions, concurrency with the dated regional floor and a work-date probe. (Register status 2026-09-29: No [IN-SYSTEM 2026-09-29].)",work_rules.wages.jp_specific_by_industry.SF007,,,
JP-SF008,JP,minimum_wage,"青森県 specific (industry) minimum wage — 自動車小売業: 963円/hour, effective 2024-12-21; MHLW marks it ※ — the higher regional floor applies instead.","Minimum Wage Act arts. 6, 15–19; MHLW live industry table (https://saiteichingin.mhlw.go.jp/table/page_indlist_nationallist.html)",https://saiteichingin.mhlw.go.jp/table/page_indlist_nationallist.html,2026-09-29,2024-12-21,,GAP,"JP lineage not yet seeded. Displayed rate is provisional; operative order, worker scope, exclusions and production check absent. Source refresh 2026-09-29: the live table now marks this row ※ (register did not). Needs the Gazette order, covered industry/occupation, worker exclusions, concurrency with the dated regional floor and a work-date probe. (Register status 2026-09-29: No [IN-SYSTEM 2026-09-29].)",work_rules.wages.jp_specific_by_industry.SF008,,,
JP-SF009,JP,minimum_wage,"岩手県 specific (industry) minimum wage — 鉄鋼業、金属線製品、その他の金属製品製造業: 1072円/hour, effective 2026-01-15.","Minimum Wage Act arts. 6, 15–19; MHLW live industry table (https://saiteichingin.mhlw.go.jp/table/page_indlist_nationallist.html)",https://saiteichingin.mhlw.go.jp/table/page_indlist_nationallist.html,2026-09-29,2026-01-15,,GAP,"JP lineage not yet seeded. Displayed rate is provisional; operative order, worker scope, exclusions and production check absent. Needs the Gazette order, covered industry/occupation, worker exclusions, concurrency with the dated regional floor and a work-date probe. (Register status 2026-09-29: No [IN-SYSTEM 2026-09-29].)",work_rules.wages.jp_specific_by_industry.SF009,,,
JP-SF010,JP,minimum_wage,"岩手県 specific (industry) minimum wage — 電子部品・デバイス・電子回路、電気機械器具、情報通信機械器具製造業: 1039円/hour, effective 2026-01-15.","Minimum Wage Act arts. 6, 15–19; MHLW live industry table (https://saiteichingin.mhlw.go.jp/table/page_indlist_nationallist.html)",https://saiteichingin.mhlw.go.jp/table/page_indlist_nationallist.html,2026-09-29,2026-01-15,,GAP,"JP lineage not yet seeded. Displayed rate is provisional; operative order, worker scope, exclusions and production check absent. Needs the Gazette order, covered industry/occupation, worker exclusions, concurrency with the dated regional floor and a work-date probe. (Register status 2026-09-29: No [IN-SYSTEM 2026-09-29].)",work_rules.wages.jp_specific_by_industry.SF010,,,
JP-SF011,JP,minimum_wage,"岩手県 specific (industry) minimum wage — 光学器械器具・レンズ、時計・同部分品製造業: 1052円/hour, effective 2026-02-01.","Minimum Wage Act arts. 6, 15–19; MHLW live industry table (https://saiteichingin.mhlw.go.jp/table/page_indlist_nationallist.html)",https://saiteichingin.mhlw.go.jp/table/page_indlist_nationallist.html,2026-09-29,2026-02-01,,GAP,"JP lineage not yet seeded. Displayed rate is provisional; operative order, worker scope, exclusions and production check absent. Needs the Gazette order, covered industry/occupation, worker exclusions, concurrency with the dated regional floor and a work-date probe. (Register status 2026-09-29: No [IN-SYSTEM 2026-09-29].)",work_rules.wages.jp_specific_by_industry.SF011,,,
JP-SF012,JP,minimum_wage,"岩手県 specific (industry) minimum wage — 各種商品小売業: 767円/hour, effective 2016-12-11.","Minimum Wage Act arts. 6, 15–19; MHLW live industry table (https://saiteichingin.mhlw.go.jp/table/page_indlist_nationallist.html)",https://saiteichingin.mhlw.go.jp/table/page_indlist_nationallist.html,2026-09-29,2016-12-11,,GAP,"JP lineage not yet seeded. Displayed rate is provisional; operative order, worker scope, exclusions and production check absent. Needs the Gazette order, covered industry/occupation, worker exclusions, concurrency with the dated regional floor and a work-date probe. (Register status 2026-09-29: No [IN-SYSTEM 2026-09-29].)",work_rules.wages.jp_specific_by_industry.SF012,,,
JP-SF013,JP,minimum_wage,"岩手県 specific (industry) minimum wage — 自動車小売業: 1068円/hour, effective 2026-01-15.","Minimum Wage Act arts. 6, 15–19; MHLW live industry table (https://saiteichingin.mhlw.go.jp/table/page_indlist_nationallist.html)",https://saiteichingin.mhlw.go.jp/table/page_indlist_nationallist.html,2026-09-29,2026-01-15,,GAP,"JP lineage not yet seeded. Displayed rate is provisional; operative order, worker scope, exclusions and production check absent. Needs the Gazette order, covered industry/occupation, worker exclusions, concurrency with the dated regional floor and a work-date probe. (Register status 2026-09-29: No [IN-SYSTEM 2026-09-29].)",work_rules.wages.jp_specific_by_industry.SF013,,,
JP-SF014,JP,minimum_wage,"岩手県 specific (industry) minimum wage — 百貨店,総合スーパー: 800円/hour, effective 2018-12-28.","Minimum Wage Act arts. 6, 15–19; MHLW live industry table (https://saiteichingin.mhlw.go.jp/table/page_indlist_nationallist.html)",https://saiteichingin.mhlw.go.jp/table/page_indlist_nationallist.html,2026-09-29,2018-12-28,,GAP,"JP lineage not yet seeded. Displayed rate is provisional; operative order, worker scope, exclusions and production check absent. Needs the Gazette order, covered industry/occupation, worker exclusions, concurrency with the dated regional floor and a work-date probe. (Register status 2026-09-29: No [IN-SYSTEM 2026-09-29].)",work_rules.wages.jp_specific_by_industry.SF014,,,
JP-SF015,JP,minimum_wage,"宮城県 specific (industry) minimum wage — 鉄鋼業: 1125円/hour, effective 2025-12-15.","Minimum Wage Act arts. 6, 15–19; MHLW live industry table (https://saiteichingin.mhlw.go.jp/table/page_indlist_nationallist.html)",https://saiteichingin.mhlw.go.jp/table/page_indlist_nationallist.html,2026-09-29,2025-12-15,,GAP,"JP lineage not yet seeded. Displayed rate is provisional; operative order, worker scope, exclusions and production check absent. Needs the Gazette order, covered industry/occupation, worker exclusions, concurrency with the dated regional floor and a work-date probe. (Register status 2026-09-29: No [IN-SYSTEM 2026-09-29].)",work_rules.wages.jp_specific_by_industry.SF015,,,
JP-SF016,JP,minimum_wage,"宮城県 specific (industry) minimum wage — 電子部品・デバイス・電子回路、電気機械器具、情報通信機械器具製造業: 1077円/hour, effective 2025-12-15; MHLW marks it ※ — the higher regional floor applies instead.","Minimum Wage Act arts. 6, 15–19; MHLW live industry table (https://saiteichingin.mhlw.go.jp/table/page_indlist_nationallist.html)",https://saiteichingin.mhlw.go.jp/table/page_indlist_nationallist.html,2026-09-29,2025-12-15,,GAP,"JP lineage not yet seeded. Displayed rate is provisional; operative order, worker scope, exclusions and production check absent. Needs the Gazette order, covered industry/occupation, worker exclusions, concurrency with the dated regional floor and a work-date probe. (Register status 2026-09-29: No [IN-SYSTEM 2026-09-29].)",work_rules.wages.jp_specific_by_industry.SF016,,,
JP-SF017,JP,minimum_wage,"宮城県 specific (industry) minimum wage — 自動車小売業: 1101円/hour, effective 2025-12-15.","Minimum Wage Act arts. 6, 15–19; MHLW live industry table (https://saiteichingin.mhlw.go.jp/table/page_indlist_nationallist.html)",https://saiteichingin.mhlw.go.jp/table/page_indlist_nationallist.html,2026-09-29,2025-12-15,,GAP,"JP lineage not yet seeded. Displayed rate is provisional; operative order, worker scope, exclusions and production check absent. Needs the Gazette order, covered industry/occupation, worker exclusions, concurrency with the dated regional floor and a work-date probe. (Register status 2026-09-29: No [IN-SYSTEM 2026-09-29].)",work_rules.wages.jp_specific_by_industry.SF017,,,
JP-SF018,JP,minimum_wage,"秋田県 specific (industry) minimum wage — 非鉄金属精錬・精製業: 1091円/hour, effective 2025-12-25.","Minimum Wage Act arts. 6, 15–19; MHLW live industry table (https://saiteichingin.mhlw.go.jp/table/page_indlist_nationallist.html)",https://saiteichingin.mhlw.go.jp/table/page_indlist_nationallist.html,2026-09-29,2025-12-25,,GAP,"JP lineage not yet seeded. Displayed rate is provisional; operative order, worker scope, exclusions and production check absent. Needs the Gazette order, covered industry/occupation, worker exclusions, concurrency with the dated regional floor and a work-date probe. (Register status 2026-09-29: No [IN-SYSTEM 2026-09-29].)",work_rules.wages.jp_specific_by_industry.SF018,,,
JP-SF019,JP,minimum_wage,"秋田県 specific (industry) minimum wage — 電子部品・デバイス・電子回路、電池、電子応用装置、その他の電気機械器具、映像・音響機械器具、電子計算機・同附属装置製造業: 1032円/hour, effective 2026-03-31; MHLW marks it ※ — the higher regional floor applies instead.","Minimum Wage Act arts. 6, 15–19; MHLW live industry table (https://saiteichingin.mhlw.go.jp/table/page_indlist_nationallist.html)",https://saiteichingin.mhlw.go.jp/table/page_indlist_nationallist.html,2026-09-29,2026-03-31,,GAP,"JP lineage not yet seeded. Displayed rate is provisional; operative order, worker scope, exclusions and production check absent. Needs the Gazette order, covered industry/occupation, worker exclusions, concurrency with the dated regional floor and a work-date probe. (Register status 2026-09-29: No [IN-SYSTEM 2026-09-29].)",work_rules.wages.jp_specific_by_industry.SF019,,,
JP-SF020,JP,minimum_wage,"秋田県 specific (industry) minimum wage — 自動車・同附属品製造業: 1060円/hour, effective 2026-03-31; MHLW marks it ※ — the higher regional floor applies instead.","Minimum Wage Act arts. 6, 15–19; MHLW live industry table (https://saiteichingin.mhlw.go.jp/table/page_indlist_nationallist.html)",https://saiteichingin.mhlw.go.jp/table/page_indlist_nationallist.html,2026-09-29,2026-03-31,,GAP,"JP lineage not yet seeded. Displayed rate is provisional; operative order, worker scope, exclusions and production check absent. Needs the Gazette order, covered industry/occupation, worker exclusions, concurrency with the dated regional floor and a work-date probe. (Register status 2026-09-29: No [IN-SYSTEM 2026-09-29].)",work_rules.wages.jp_specific_by_industry.SF020,,,
JP-SF021,JP,minimum_wage,"秋田県 specific (industry) minimum wage — 自動車(新車)、自動車部分品・附属品小売業: 1032円/hour, effective 2026-03-31; MHLW marks it ※ — the higher regional floor applies instead.","Minimum Wage Act arts. 6, 15–19; MHLW live industry table (https://saiteichingin.mhlw.go.jp/table/page_indlist_nationallist.html)",https://saiteichingin.mhlw.go.jp/table/page_indlist_nationallist.html,2026-09-29,2026-03-31,,GAP,"JP lineage not yet seeded. Displayed rate is provisional; operative order, worker scope, exclusions and production check absent. Needs the Gazette order, covered industry/occupation, worker exclusions, concurrency with the dated regional floor and a work-date probe. (Register status 2026-09-29: No [IN-SYSTEM 2026-09-29].)",work_rules.wages.jp_specific_by_industry.SF021,,,
JP-SF022,JP,minimum_wage,"山形県 specific (industry) minimum wage — ポンプ・圧縮機器、一般産業用機械・装置、他に分類されないはん用機械・装置、化学機械・同装置、真空装置・真空機器製造業: 1070円/hour, effective 2025-12-23.","Minimum Wage Act arts. 6, 15–19; MHLW live industry table (https://saiteichingin.mhlw.go.jp/table/page_indlist_nationallist.html)",https://saiteichingin.mhlw.go.jp/table/page_indlist_nationallist.html,2026-09-29,2025-12-23,,GAP,"JP lineage not yet seeded. Displayed rate is provisional; operative order, worker scope, exclusions and production check absent. Needs the Gazette order, covered industry/occupation, worker exclusions, concurrency with the dated regional floor and a work-date probe. (Register status 2026-09-29: No [IN-SYSTEM 2026-09-29].)",work_rules.wages.jp_specific_by_industry.SF022,,,
JP-SF023,JP,minimum_wage,"山形県 specific (industry) minimum wage — 電子部品・デバイス・電子回路、電気機械器具、情報通信機械器具製造業: 1055円/hour, effective 2025-12-23.","Minimum Wage Act arts. 6, 15–19; MHLW live industry table (https://saiteichingin.mhlw.go.jp/table/page_indlist_nationallist.html)",https://saiteichingin.mhlw.go.jp/table/page_indlist_nationallist.html,2026-09-29,2025-12-23,,GAP,"JP lineage not yet seeded. Displayed rate is provisional; operative order, worker scope, exclusions and production check absent. Needs the Gazette order, covered industry/occupation, worker exclusions, concurrency with the dated regional floor and a work-date probe. (Register status 2026-09-29: No [IN-SYSTEM 2026-09-29].)",work_rules.wages.jp_specific_by_industry.SF023,,,
JP-SF024,JP,minimum_wage,"山形県 specific (industry) minimum wage — 自動車・同附属品製造業: 1070円/hour, effective 2025-12-23.","Minimum Wage Act arts. 6, 15–19; MHLW live industry table (https://saiteichingin.mhlw.go.jp/table/page_indlist_nationallist.html)",https://saiteichingin.mhlw.go.jp/table/page_indlist_nationallist.html,2026-09-29,2025-12-23,,GAP,"JP lineage not yet seeded. Displayed rate is provisional; operative order, worker scope, exclusions and production check absent. Needs the Gazette order, covered industry/occupation, worker exclusions, concurrency with the dated regional floor and a work-date probe. (Register status 2026-09-29: No [IN-SYSTEM 2026-09-29].)",work_rules.wages.jp_specific_by_industry.SF024,,,
JP-SF025,JP,minimum_wage,"山形県 specific (industry) minimum wage — 自動車整備業: 1017円/hour, effective 2024-12-25.","Minimum Wage Act arts. 6, 15–19; MHLW live industry table (https://saiteichingin.mhlw.go.jp/table/page_indlist_nationallist.html)",https://saiteichingin.mhlw.go.jp/table/page_indlist_nationallist.html,2026-09-29,2024-12-25,,GAP,"JP lineage not yet seeded. Displayed rate is provisional; operative order, worker scope, exclusions and production check absent. Needs the Gazette order, covered industry/occupation, worker exclusions, concurrency with the dated regional floor and a work-date probe. (Register status 2026-09-29: No [IN-SYSTEM 2026-09-29].)",work_rules.wages.jp_specific_by_industry.SF025,,,
JP-SF026,JP,minimum_wage,"福島県 specific (industry) minimum wage — 非鉄金属製造業: 996円/hour, effective 2025-01-04; MHLW marks it ※ — the higher regional floor applies instead.","Minimum Wage Act arts. 6, 15–19; MHLW live industry table (https://saiteichingin.mhlw.go.jp/table/page_indlist_nationallist.html)",https://saiteichingin.mhlw.go.jp/table/page_indlist_nationallist.html,2026-09-29,2025-01-04,,GAP,"JP lineage not yet seeded. Displayed rate is provisional; operative order, worker scope, exclusions and production check absent. Needs the Gazette order, covered industry/occupation, worker exclusions, concurrency with the dated regional floor and a work-date probe. (Register status 2026-09-29: No [IN-SYSTEM 2026-09-29].)",work_rules.wages.jp_specific_by_industry.SF026,,,
JP-SF027,JP,minimum_wage,"福島県 specific (industry) minimum wage — 電子部品・デバイス・電子回路、電気機械器具、情報通信機械器具製造業: 880円/hour, effective 2022-12-30; MHLW marks it ※ — the higher regional floor applies instead.","Minimum Wage Act arts. 6, 15–19; MHLW live industry table (https://saiteichingin.mhlw.go.jp/table/page_indlist_nationallist.html)",https://saiteichingin.mhlw.go.jp/table/page_indlist_nationallist.html,2026-09-29,2022-12-30,,GAP,"JP lineage not yet seeded. Displayed rate is provisional; operative order, worker scope, exclusions and production check absent. Needs the Gazette order, covered industry/occupation, worker exclusions, concurrency with the dated regional floor and a work-date probe. (Register status 2026-09-29: No [IN-SYSTEM 2026-09-29].)",work_rules.wages.jp_specific_by_industry.SF027,,,
JP-SF028,JP,minimum_wage,"福島県 specific (industry) minimum wage — 輸送用機械器具製造業: 1005円/hour, effective 2024-12-21; MHLW marks it ※ — the higher regional floor applies instead.","Minimum Wage Act arts. 6, 15–19; MHLW live industry table (https://saiteichingin.mhlw.go.jp/table/page_indlist_nationallist.html)",https://saiteichingin.mhlw.go.jp/table/page_indlist_nationallist.html,2026-09-29,2024-12-21,,GAP,"JP lineage not yet seeded. Displayed rate is provisional; operative order, worker scope, exclusions and production check absent. Needs the Gazette order, covered industry/occupation, worker exclusions, concurrency with the dated regional floor and a work-date probe. (Register status 2026-09-29: No [IN-SYSTEM 2026-09-29].)",work_rules.wages.jp_specific_by_industry.SF028,,,
JP-SF029,JP,minimum_wage,"福島県 specific (industry) minimum wage — 計量器・測定器・分析機器・試験機・測量機械器具・理化学機械器具、時計・同部品、眼鏡製造業: 928円/hour, effective 2024-01-12; MHLW marks it ※ — the higher regional floor applies instead.","Minimum Wage Act arts. 6, 15–19; MHLW live industry table (https://saiteichingin.mhlw.go.jp/table/page_indlist_nationallist.html)",https://saiteichingin.mhlw.go.jp/table/page_indlist_nationallist.html,2026-09-29,2024-01-12,,GAP,"JP lineage not yet seeded. Displayed rate is provisional; operative order, worker scope, exclusions and production check absent. Needs the Gazette order, covered industry/occupation, worker exclusions, concurrency with the dated regional floor and a work-date probe. (Register status 2026-09-29: No [IN-SYSTEM 2026-09-29].)",work_rules.wages.jp_specific_by_industry.SF029,,,
JP-SF030,JP,minimum_wage,"福島県 specific (industry) minimum wage — 自動車小売業: 1098円/hour, effective 2026-01-08.","Minimum Wage Act arts. 6, 15–19; MHLW live industry table (https://saiteichingin.mhlw.go.jp/table/page_indlist_nationallist.html)",https://saiteichingin.mhlw.go.jp/table/page_indlist_nationallist.html,2026-09-29,2026-01-08,,GAP,"JP lineage not yet seeded. Displayed rate is provisional; operative order, worker scope, exclusions and production check absent. Needs the Gazette order, covered industry/occupation, worker exclusions, concurrency with the dated regional floor and a work-date probe. (Register status 2026-09-29: No [IN-SYSTEM 2026-09-29].)",work_rules.wages.jp_specific_by_industry.SF030,,,
JP-SF031,JP,minimum_wage,"東京都 specific (industry) minimum wage — 鉄鋼業: 871円/hour, effective 2014-03-23; MHLW marks it ※ — the higher regional floor applies instead.","Minimum Wage Act arts. 6, 15–19; MHLW live industry table (https://saiteichingin.mhlw.go.jp/table/page_indlist_nationallist.html)",https://saiteichingin.mhlw.go.jp/table/page_indlist_nationallist.html,2026-09-29,2014-03-23,,GAP,"JP lineage not yet seeded. Displayed rate is provisional; operative order, worker scope, exclusions and production check absent. Needs the Gazette order, covered industry/occupation, worker exclusions, concurrency with the dated regional floor and a work-date probe. (Register status 2026-09-29: No [IN-SYSTEM 2026-09-29].)",work_rules.wages.jp_specific_by_industry.SF031,,,
JP-SF032,JP,minimum_wage,"東京都 specific (industry) minimum wage — はん用機械器具、生産用機械器具製造業: 832円/hour, effective 2010-12-31; MHLW marks it ※ — the higher regional floor applies instead.","Minimum Wage Act arts. 6, 15–19; MHLW live industry table (https://saiteichingin.mhlw.go.jp/table/page_indlist_nationallist.html)",https://saiteichingin.mhlw.go.jp/table/page_indlist_nationallist.html,2026-09-29,2010-12-31,,GAP,"JP lineage not yet seeded. Displayed rate is provisional; operative order, worker scope, exclusions and production check absent. Needs the Gazette order, covered industry/occupation, worker exclusions, concurrency with the dated regional floor and a work-date probe. (Register status 2026-09-29: No [IN-SYSTEM 2026-09-29].)",work_rules.wages.jp_specific_by_industry.SF032,,,
JP-SF033,JP,minimum_wage,"東京都 specific (industry) minimum wage — 業務用機械器具、電気機械器具、情報通信機械器具、時計・同部分品、眼鏡製造業: 829円/hour, effective 2010-12-31; MHLW marks it ※ — the higher regional floor applies instead.","Minimum Wage Act arts. 6, 15–19; MHLW live industry table (https://saiteichingin.mhlw.go.jp/table/page_indlist_nationallist.html)",https://saiteichingin.mhlw.go.jp/table/page_indlist_nationallist.html,2026-09-29,2010-12-31,,GAP,"JP lineage not yet seeded. Displayed rate is provisional; operative order, worker scope, exclusions and production check absent. Needs the Gazette order, covered industry/occupation, worker exclusions, concurrency with the dated regional floor and a work-date probe. (Register status 2026-09-29: No [IN-SYSTEM 2026-09-29].)",work_rules.wages.jp_specific_by_industry.SF033,,,
JP-SF034,JP,minimum_wage,"東京都 specific (industry) minimum wage — 自動車・同附属品製造業、船舶製造・修理業，舶用機関製造業、航空機・同附属品製造業: 838円/hour, effective 2012-02-18; MHLW marks it ※ — the higher regional floor applies instead.","Minimum Wage Act arts. 6, 15–19; MHLW live industry table (https://saiteichingin.mhlw.go.jp/table/page_indlist_nationallist.html)",https://saiteichingin.mhlw.go.jp/table/page_indlist_nationallist.html,2026-09-29,2012-02-18,,GAP,"JP lineage not yet seeded. Displayed rate is provisional; operative order, worker scope, exclusions and production check absent. Needs the Gazette order, covered industry/occupation, worker exclusions, concurrency with the dated regional floor and a work-date probe. (Register status 2026-09-29: No [IN-SYSTEM 2026-09-29].)",work_rules.wages.jp_specific_by_industry.SF034,,,
JP-SF035,JP,minimum_wage,"茨城県 specific (industry) minimum wage — 鉄鋼業: 1166円/hour, effective 2026-03-01.","Minimum Wage Act arts. 6, 15–19; MHLW live industry table (https://saiteichingin.mhlw.go.jp/table/page_indlist_nationallist.html)",https://saiteichingin.mhlw.go.jp/table/page_indlist_nationallist.html,2026-09-29,2026-03-01,,GAP,"JP lineage not yet seeded. Displayed rate is provisional; operative order, worker scope, exclusions and production check absent. Needs the Gazette order, covered industry/occupation, worker exclusions, concurrency with the dated regional floor and a work-date probe. (Register status 2026-09-29: No [IN-SYSTEM 2026-09-29].)",work_rules.wages.jp_specific_by_industry.SF035,,,
JP-SF036,JP,minimum_wage,"茨城県 specific (industry) minimum wage — はん用機械器具、生産用機械器具、業務用機械器具製造業: 1105円/hour, effective 2026-03-01; MHLW marks it ※ — the higher regional floor applies instead.","Minimum Wage Act arts. 6, 15–19; MHLW live industry table (https://saiteichingin.mhlw.go.jp/table/page_indlist_nationallist.html)",https://saiteichingin.mhlw.go.jp/table/page_indlist_nationallist.html,2026-09-29,2026-03-01,,GAP,"JP lineage not yet seeded. Displayed rate is provisional; operative order, worker scope, exclusions and production check absent. Needs the Gazette order, covered industry/occupation, worker exclusions, concurrency with the dated regional floor and a work-date probe. (Register status 2026-09-29: No [IN-SYSTEM 2026-09-29].)",work_rules.wages.jp_specific_by_industry.SF036,,,
JP-SF037,JP,minimum_wage,"茨城県 specific (industry) minimum wage — 計量器・測定器・分析機器・試験機・理化学機械器具、医療用機械器具・医療用品、光学機械器具・レンズ、電子部品･デバイス・電子回路、電気機械器具、情報通信機械器具、時計・同部分品製造業: 1115円/hour, effective 2026-03-19; MHLW marks it ※ — the higher regional floor applies instead.","Minimum Wage Act arts. 6, 15–19; MHLW live industry table (https://saiteichingin.mhlw.go.jp/table/page_indlist_nationallist.html)",https://saiteichingin.mhlw.go.jp/table/page_indlist_nationallist.html,2026-09-29,2026-03-19,,GAP,"JP lineage not yet seeded. Displayed rate is provisional; operative order, worker scope, exclusions and production check absent. Needs the Gazette order, covered industry/occupation, worker exclusions, concurrency with the dated regional floor and a work-date probe. (Register status 2026-09-29: No [IN-SYSTEM 2026-09-29].)",work_rules.wages.jp_specific_by_industry.SF037,,,
JP-SF038,JP,minimum_wage,"茨城県 specific (industry) minimum wage — 各種商品小売業: 881円/hour, effective 2021-12-31; MHLW marks it ※ — the higher regional floor applies instead.","Minimum Wage Act arts. 6, 15–19; MHLW live industry table (https://saiteichingin.mhlw.go.jp/table/page_indlist_nationallist.html)",https://saiteichingin.mhlw.go.jp/table/page_indlist_nationallist.html,2026-09-29,2021-12-31,,GAP,"JP lineage not yet seeded. Displayed rate is provisional; operative order, worker scope, exclusions and production check absent. Needs the Gazette order, covered industry/occupation, worker exclusions, concurrency with the dated regional floor and a work-date probe. (Register status 2026-09-29: No [IN-SYSTEM 2026-09-29].)",work_rules.wages.jp_specific_by_industry.SF038,,,
JP-SF039,JP,minimum_wage,"栃木県 specific (industry) minimum wage — 塗料製造業: 1159円/hour, effective 2025-12-31.","Minimum Wage Act arts. 6, 15–19; MHLW live industry table (https://saiteichingin.mhlw.go.jp/table/page_indlist_nationallist.html)",https://saiteichingin.mhlw.go.jp/table/page_indlist_nationallist.html,2026-09-29,2025-12-31,,GAP,"JP lineage not yet seeded. Displayed rate is provisional; operative order, worker scope, exclusions and production check absent. Needs the Gazette order, covered industry/occupation, worker exclusions, concurrency with the dated regional floor and a work-date probe. (Register status 2026-09-29: No [IN-SYSTEM 2026-09-29].)",work_rules.wages.jp_specific_by_industry.SF039,,,
JP-SF040,JP,minimum_wage,"栃木県 specific (industry) minimum wage — はん用機械器具、生産用機械器具、業務用機械器具製造業: 1070円/hour, effective 2025-12-31; MHLW marks it ※ — the higher regional floor applies instead.","Minimum Wage Act arts. 6, 15–19; MHLW live industry table (https://saiteichingin.mhlw.go.jp/table/page_indlist_nationallist.html)",https://saiteichingin.mhlw.go.jp/table/page_indlist_nationallist.html,2026-09-29,2025-12-31,,GAP,"JP lineage not yet seeded. Displayed rate is provisional; operative order, worker scope, exclusions and production check absent. Needs the Gazette order, covered industry/occupation, worker exclusions, concurrency with the dated regional floor and a work-date probe. (Register status 2026-09-29: No [IN-SYSTEM 2026-09-29].)",work_rules.wages.jp_specific_by_industry.SF040,,,
JP-SF041,JP,minimum_wage,"栃木県 specific (industry) minimum wage — 電子部品・デバイス・電子回路、電気機械器具、情報通信機械器具製造業: 1105円/hour, effective 2025-12-31; MHLW marks it ※ — the higher regional floor applies instead.","Minimum Wage Act arts. 6, 15–19; MHLW live industry table (https://saiteichingin.mhlw.go.jp/table/page_indlist_nationallist.html)",https://saiteichingin.mhlw.go.jp/table/page_indlist_nationallist.html,2026-09-29,2025-12-31,,GAP,"JP lineage not yet seeded. Displayed rate is provisional; operative order, worker scope, exclusions and production check absent. Needs the Gazette order, covered industry/occupation, worker exclusions, concurrency with the dated regional floor and a work-date probe. (Register status 2026-09-29: No [IN-SYSTEM 2026-09-29].)",work_rules.wages.jp_specific_by_industry.SF041,,,
JP-SF042,JP,minimum_wage,"栃木県 specific (industry) minimum wage — 自動車・同附属品製造業: 1114円/hour, effective 2025-12-31; MHLW marks it ※ — the higher regional floor applies instead.","Minimum Wage Act arts. 6, 15–19; MHLW live industry table (https://saiteichingin.mhlw.go.jp/table/page_indlist_nationallist.html)",https://saiteichingin.mhlw.go.jp/table/page_indlist_nationallist.html,2026-09-29,2025-12-31,,GAP,"JP lineage not yet seeded. Displayed rate is provisional; operative order, worker scope, exclusions and production check absent. Needs the Gazette order, covered industry/occupation, worker exclusions, concurrency with the dated regional floor and a work-date probe. (Register status 2026-09-29: No [IN-SYSTEM 2026-09-29].)",work_rules.wages.jp_specific_by_industry.SF042,,,
JP-SF043,JP,minimum_wage,"栃木県 specific (industry) minimum wage — 計量器・測定器・分析機器・試験機・測量機械器具製造業、医療用機械器具・医療用品製造業、光学機械器具・レンズ製造業、医療用計測器製造業、時計・同部分品製造業: 1104円/hour, effective 2025-12-31; MHLW marks it ※ — the higher regional floor applies instead.","Minimum Wage Act arts. 6, 15–19; MHLW live industry table (https://saiteichingin.mhlw.go.jp/table/page_indlist_nationallist.html)",https://saiteichingin.mhlw.go.jp/table/page_indlist_nationallist.html,2026-09-29,2025-12-31,,GAP,"JP lineage not yet seeded. Displayed rate is provisional; operative order, worker scope, exclusions and production check absent. Needs the Gazette order, covered industry/occupation, worker exclusions, concurrency with the dated regional floor and a work-date probe. (Register status 2026-09-29: No [IN-SYSTEM 2026-09-29].)",work_rules.wages.jp_specific_by_industry.SF043,,,
JP-SF044,JP,minimum_wage,"栃木県 specific (industry) minimum wage — 各種商品小売業: 874円/hour, effective 2020-12-31; MHLW marks it ※ — the higher regional floor applies instead.","Minimum Wage Act arts. 6, 15–19; MHLW live industry table (https://saiteichingin.mhlw.go.jp/table/page_indlist_nationallist.html)",https://saiteichingin.mhlw.go.jp/table/page_indlist_nationallist.html,2026-09-29,2020-12-31,,GAP,"JP lineage not yet seeded. Displayed rate is provisional; operative order, worker scope, exclusions and production check absent. Needs the Gazette order, covered industry/occupation, worker exclusions, concurrency with the dated regional floor and a work-date probe. (Register status 2026-09-29: No [IN-SYSTEM 2026-09-29].)",work_rules.wages.jp_specific_by_industry.SF044,,,
JP-SF045,JP,minimum_wage,"群馬県 specific (industry) minimum wage — 製鋼・製鋼圧延業、鉄素形材製造業: 1131円/hour, effective 2026-01-01.","Minimum Wage Act arts. 6, 15–19; MHLW live industry table (https://saiteichingin.mhlw.go.jp/table/page_indlist_nationallist.html)",https://saiteichingin.mhlw.go.jp/table/page_indlist_nationallist.html,2026-09-29,2026-01-01,,GAP,"JP lineage not yet seeded. Displayed rate is provisional; operative order, worker scope, exclusions and production check absent. Needs the Gazette order, covered industry/occupation, worker exclusions, concurrency with the dated regional floor and a work-date probe. (Register status 2026-09-29: No [IN-SYSTEM 2026-09-29].)",work_rules.wages.jp_specific_by_industry.SF045,,,
JP-SF046,JP,minimum_wage,"群馬県 specific (industry) minimum wage — ポンプ・圧縮機器、一般産業用機械・装置、その他のはん用機械・同部分品、金属加工機械、その他の生産用機械・同部分品、事務用機械器具、サービス用・娯楽用機械器具製造業: 1120円/hour, effective 2026-01-01.","Minimum Wage Act arts. 6, 15–19; MHLW live industry table (https://saiteichingin.mhlw.go.jp/table/page_indlist_nationallist.html)",https://saiteichingin.mhlw.go.jp/table/page_indlist_nationallist.html,2026-09-29,2026-01-01,,GAP,"JP lineage not yet seeded. Displayed rate is provisional; operative order, worker scope, exclusions and production check absent. Needs the Gazette order, covered industry/occupation, worker exclusions, concurrency with the dated regional floor and a work-date probe. (Register status 2026-09-29: No [IN-SYSTEM 2026-09-29].)",work_rules.wages.jp_specific_by_industry.SF046,,,
JP-SF047,JP,minimum_wage,"群馬県 specific (industry) minimum wage — 電子部品・デバイス・電子回路、電気機械器具、情報通信機械器具製造業: 1120円/hour, effective 2026-01-01.","Minimum Wage Act arts. 6, 15–19; MHLW live industry table (https://saiteichingin.mhlw.go.jp/table/page_indlist_nationallist.html)",https://saiteichingin.mhlw.go.jp/table/page_indlist_nationallist.html,2026-09-29,2026-01-01,,GAP,"JP lineage not yet seeded. Displayed rate is provisional; operative order, worker scope, exclusions and production check absent. Needs the Gazette order, covered industry/occupation, worker exclusions, concurrency with the dated regional floor and a work-date probe. (Register status 2026-09-29: No [IN-SYSTEM 2026-09-29].)",work_rules.wages.jp_specific_by_industry.SF047,,,
JP-SF048,JP,minimum_wage,"群馬県 specific (industry) minimum wage — 輸送用機械器具製造業: 1120円/hour, effective 2026-01-01.","Minimum Wage Act arts. 6, 15–19; MHLW live industry table (https://saiteichingin.mhlw.go.jp/table/page_indlist_nationallist.html)",https://saiteichingin.mhlw.go.jp/table/page_indlist_nationallist.html,2026-09-29,2026-01-01,,GAP,"JP lineage not yet seeded. Displayed rate is provisional; operative order, worker scope, exclusions and production check absent. Needs the Gazette order, covered industry/occupation, worker exclusions, concurrency with the dated regional floor and a work-date probe. (Register status 2026-09-29: No [IN-SYSTEM 2026-09-29].)",work_rules.wages.jp_specific_by_industry.SF048,,,
JP-SF049,JP,minimum_wage,"埼玉県 specific (industry) minimum wage — 非鉄金属製造業: 1161円/hour, effective 2025-12-01; MHLW marks it ※ — the higher regional floor applies instead.","Minimum Wage Act arts. 6, 15–19; MHLW live industry table (https://saiteichingin.mhlw.go.jp/table/page_indlist_nationallist.html)",https://saiteichingin.mhlw.go.jp/table/page_indlist_nationallist.html,2026-09-29,2025-12-01,,GAP,"JP lineage not yet seeded. Displayed rate is provisional; operative order, worker scope, exclusions and production check absent. Needs the Gazette order, covered industry/occupation, worker exclusions, concurrency with the dated regional floor and a work-date probe. (Register status 2026-09-29: No [IN-SYSTEM 2026-09-29].)",work_rules.wages.jp_specific_by_industry.SF049,,,
JP-SF050,JP,minimum_wage,"埼玉県 specific (industry) minimum wage — 電子部品・デバイス・電子回路、電気機械器具、情報通信機械器具製造業: 1168円/hour, effective 2025-12-01; MHLW marks it ※ — the higher regional floor applies instead.","Minimum Wage Act arts. 6, 15–19; MHLW live industry table (https://saiteichingin.mhlw.go.jp/table/page_indlist_nationallist.html)",https://saiteichingin.mhlw.go.jp/table/page_indlist_nationallist.html,2026-09-29,2025-12-01,,GAP,"JP lineage not yet seeded. Displayed rate is provisional; operative order, worker scope, exclusions and production check absent. Needs the Gazette order, covered industry/occupation, worker exclusions, concurrency with the dated regional floor and a work-date probe. (Register status 2026-09-29: No [IN-SYSTEM 2026-09-29].)",work_rules.wages.jp_specific_by_industry.SF050,,,
JP-SF051,JP,minimum_wage,"埼玉県 specific (industry) minimum wage — 輸送用機械器具製造業: 1165円/hour, effective 2025-12-01; MHLW marks it ※ — the higher regional floor applies instead.","Minimum Wage Act arts. 6, 15–19; MHLW live industry table (https://saiteichingin.mhlw.go.jp/table/page_indlist_nationallist.html)",https://saiteichingin.mhlw.go.jp/table/page_indlist_nationallist.html,2026-09-29,2025-12-01,,GAP,"JP lineage not yet seeded. Displayed rate is provisional; operative order, worker scope, exclusions and production check absent. Needs the Gazette order, covered industry/occupation, worker exclusions, concurrency with the dated regional floor and a work-date probe. (Register status 2026-09-29: No [IN-SYSTEM 2026-09-29].)",work_rules.wages.jp_specific_by_industry.SF051,,,
JP-SF052,JP,minimum_wage,"埼玉県 specific (industry) minimum wage — 光学機械器具・レンズ、時計・同部分品製造業: 1177円/hour, effective 2025-12-01; MHLW marks it ※ — the higher regional floor applies instead.","Minimum Wage Act arts. 6, 15–19; MHLW live industry table (https://saiteichingin.mhlw.go.jp/table/page_indlist_nationallist.html)",https://saiteichingin.mhlw.go.jp/table/page_indlist_nationallist.html,2026-09-29,2025-12-01,,GAP,"JP lineage not yet seeded. Displayed rate is provisional; operative order, worker scope, exclusions and production check absent. Needs the Gazette order, covered industry/occupation, worker exclusions, concurrency with the dated regional floor and a work-date probe. (Register status 2026-09-29: No [IN-SYSTEM 2026-09-29].)",work_rules.wages.jp_specific_by_industry.SF052,,,
JP-SF053,JP,minimum_wage,"埼玉県 specific (industry) minimum wage — 各種商品小売業: 849円/hour, effective 2016-12-01; MHLW marks it ※ — the higher regional floor applies instead.","Minimum Wage Act arts. 6, 15–19; MHLW live industry table (https://saiteichingin.mhlw.go.jp/table/page_indlist_nationallist.html)",https://saiteichingin.mhlw.go.jp/table/page_indlist_nationallist.html,2026-09-29,2016-12-01,,GAP,"JP lineage not yet seeded. Displayed rate is provisional; operative order, worker scope, exclusions and production check absent. Needs the Gazette order, covered industry/occupation, worker exclusions, concurrency with the dated regional floor and a work-date probe. (Register status 2026-09-29: No [IN-SYSTEM 2026-09-29].)",work_rules.wages.jp_specific_by_industry.SF053,,,
JP-SF054,JP,minimum_wage,"埼玉県 specific (industry) minimum wage — 自動車小売業: 1152円/hour, effective 2025-12-01; MHLW marks it ※ — the higher regional floor applies instead.","Minimum Wage Act arts. 6, 15–19; MHLW live industry table (https://saiteichingin.mhlw.go.jp/table/page_indlist_nationallist.html)",https://saiteichingin.mhlw.go.jp/table/page_indlist_nationallist.html,2026-09-29,2025-12-01,,GAP,"JP lineage not yet seeded. Displayed rate is provisional; operative order, worker scope, exclusions and production check absent. Needs the Gazette order, covered industry/occupation, worker exclusions, concurrency with the dated regional floor and a work-date probe. (Register status 2026-09-29: No [IN-SYSTEM 2026-09-29].)",work_rules.wages.jp_specific_by_industry.SF054,,,
JP-SF055,JP,minimum_wage,"千葉県 specific (industry) minimum wage — 調味料製造業: 889円/hour, effective 2017-12-25; MHLW marks it ※ — the higher regional floor applies instead.","Minimum Wage Act arts. 6, 15–19; MHLW live industry table (https://saiteichingin.mhlw.go.jp/table/page_indlist_nationallist.html)",https://saiteichingin.mhlw.go.jp/table/page_indlist_nationallist.html,2026-09-29,2017-12-25,,GAP,"JP lineage not yet seeded. Displayed rate is provisional; operative order, worker scope, exclusions and production check absent. Needs the Gazette order, covered industry/occupation, worker exclusions, concurrency with the dated regional floor and a work-date probe. (Register status 2026-09-29: No [IN-SYSTEM 2026-09-29].)",work_rules.wages.jp_specific_by_industry.SF055,,,
JP-SF056,JP,minimum_wage,"千葉県 specific (industry) minimum wage — 鉄鋼業: 1210円/hour, effective 2025-12-25.","Minimum Wage Act arts. 6, 15–19; MHLW live industry table (https://saiteichingin.mhlw.go.jp/table/page_indlist_nationallist.html)",https://saiteichingin.mhlw.go.jp/table/page_indlist_nationallist.html,2026-09-29,2025-12-25,,GAP,"JP lineage not yet seeded. Displayed rate is provisional; operative order, worker scope, exclusions and production check absent. Needs the Gazette order, covered industry/occupation, worker exclusions, concurrency with the dated regional floor and a work-date probe. (Register status 2026-09-29: No [IN-SYSTEM 2026-09-29].)",work_rules.wages.jp_specific_by_industry.SF056,,,
JP-SF057,JP,minimum_wage,"千葉県 specific (industry) minimum wage — はん用機械器具、生産用機械器具製造業: 922円/hour, effective 2018-12-25; MHLW marks it ※ — the higher regional floor applies instead.","Minimum Wage Act arts. 6, 15–19; MHLW live industry table (https://saiteichingin.mhlw.go.jp/table/page_indlist_nationallist.html)",https://saiteichingin.mhlw.go.jp/table/page_indlist_nationallist.html,2026-09-29,2018-12-25,,GAP,"JP lineage not yet seeded. Displayed rate is provisional; operative order, worker scope, exclusions and production check absent. Needs the Gazette order, covered industry/occupation, worker exclusions, concurrency with the dated regional floor and a work-date probe. (Register status 2026-09-29: No [IN-SYSTEM 2026-09-29].)",work_rules.wages.jp_specific_by_industry.SF057,,,
JP-SF058,JP,minimum_wage,"千葉県 specific (industry) minimum wage — 電子部品・デバイス・電子回路、電気機械器具、情報通信機械器具製造業: 1169円/hour, effective 2025-12-25; MHLW marks it ※ — the higher regional floor applies instead.","Minimum Wage Act arts. 6, 15–19; MHLW live industry table (https://saiteichingin.mhlw.go.jp/table/page_indlist_nationallist.html)",https://saiteichingin.mhlw.go.jp/table/page_indlist_nationallist.html,2026-09-29,2025-12-25,,GAP,"JP lineage not yet seeded. Displayed rate is provisional; operative order, worker scope, exclusions and production check absent. Needs the Gazette order, covered industry/occupation, worker exclusions, concurrency with the dated regional floor and a work-date probe. (Register status 2026-09-29: No [IN-SYSTEM 2026-09-29].)",work_rules.wages.jp_specific_by_industry.SF058,,,
JP-SF059,JP,minimum_wage,"千葉県 specific (industry) minimum wage — 計量器・測定器・分析機器・試験機・測量機械器具・理化学機械器具製造業、医療用機械器具・医療用品製造業、光学機械器具・レンズ製造業、時計・同部分品製造業、眼鏡製造業: 887円/hour, effective 2017-12-25; MHLW marks it ※ — the higher regional floor applies instead.","Minimum Wage Act arts. 6, 15–19; MHLW live industry table (https://saiteichingin.mhlw.go.jp/table/page_indlist_nationallist.html)",https://saiteichingin.mhlw.go.jp/table/page_indlist_nationallist.html,2026-09-29,2017-12-25,,GAP,"JP lineage not yet seeded. Displayed rate is provisional; operative order, worker scope, exclusions and production check absent. Needs the Gazette order, covered industry/occupation, worker exclusions, concurrency with the dated regional floor and a work-date probe. (Register status 2026-09-29: No [IN-SYSTEM 2026-09-29].)",work_rules.wages.jp_specific_by_industry.SF059,,,
JP-SF060,JP,minimum_wage,"千葉県 specific (industry) minimum wage — 各種商品小売業: 848円/hour, effective 2016-12-25; MHLW marks it ※ — the higher regional floor applies instead.","Minimum Wage Act arts. 6, 15–19; MHLW live industry table (https://saiteichingin.mhlw.go.jp/table/page_indlist_nationallist.html)",https://saiteichingin.mhlw.go.jp/table/page_indlist_nationallist.html,2026-09-29,2016-12-25,,GAP,"JP lineage not yet seeded. Displayed rate is provisional; operative order, worker scope, exclusions and production check absent. Needs the Gazette order, covered industry/occupation, worker exclusions, concurrency with the dated regional floor and a work-date probe. (Register status 2026-09-29: No [IN-SYSTEM 2026-09-29].)",work_rules.wages.jp_specific_by_industry.SF060,,,
JP-SF061,JP,minimum_wage,"千葉県 specific (industry) minimum wage — 自動車(新車）小売業: 922円/hour, effective 2018-12-25; MHLW marks it ※ — the higher regional floor applies instead.","Minimum Wage Act arts. 6, 15–19; MHLW live industry table (https://saiteichingin.mhlw.go.jp/table/page_indlist_nationallist.html)",https://saiteichingin.mhlw.go.jp/table/page_indlist_nationallist.html,2026-09-29,2018-12-25,,GAP,"JP lineage not yet seeded. Displayed rate is provisional; operative order, worker scope, exclusions and production check absent. Needs the Gazette order, covered industry/occupation, worker exclusions, concurrency with the dated regional floor and a work-date probe. (Register status 2026-09-29: No [IN-SYSTEM 2026-09-29].)",work_rules.wages.jp_specific_by_industry.SF061,,,
JP-SF062,JP,minimum_wage,"神奈川県 specific (industry) minimum wage — 塗料製造業: 894円/hour, effective 2015-03-01; MHLW marks it ※ — the higher regional floor applies instead.","Minimum Wage Act arts. 6, 15–19; MHLW live industry table (https://saiteichingin.mhlw.go.jp/table/page_indlist_nationallist.html)",https://saiteichingin.mhlw.go.jp/table/page_indlist_nationallist.html,2026-09-29,2015-03-01,,GAP,"JP lineage not yet seeded. Displayed rate is provisional; operative order, worker scope, exclusions and production check absent. Needs the Gazette order, covered industry/occupation, worker exclusions, concurrency with the dated regional floor and a work-date probe. (Register status 2026-09-29: No [IN-SYSTEM 2026-09-29].)",work_rules.wages.jp_specific_by_industry.SF062,,,
JP-SF063,JP,minimum_wage,"神奈川県 specific (industry) minimum wage — 鉄鋼業: 874円/hour, effective 2014-03-15; MHLW marks it ※ — the higher regional floor applies instead.","Minimum Wage Act arts. 6, 15–19; MHLW live industry table (https://saiteichingin.mhlw.go.jp/table/page_indlist_nationallist.html)",https://saiteichingin.mhlw.go.jp/table/page_indlist_nationallist.html,2026-09-29,2014-03-15,,GAP,"JP lineage not yet seeded. Displayed rate is provisional; operative order, worker scope, exclusions and production check absent. Needs the Gazette order, covered industry/occupation, worker exclusions, concurrency with the dated regional floor and a work-date probe. (Register status 2026-09-29: No [IN-SYSTEM 2026-09-29].)",work_rules.wages.jp_specific_by_industry.SF063,,,
JP-SF064,JP,minimum_wage,"神奈川県 specific (industry) minimum wage — 非鉄金属・同合金圧延業、電線・ケーブル製造業: 821円/hour, effective 2010-12-20; MHLW marks it ※ — the higher regional floor applies instead.","Minimum Wage Act arts. 6, 15–19; MHLW live industry table (https://saiteichingin.mhlw.go.jp/table/page_indlist_nationallist.html)",https://saiteichingin.mhlw.go.jp/table/page_indlist_nationallist.html,2026-09-29,2010-12-20,,GAP,"JP lineage not yet seeded. Displayed rate is provisional; operative order, worker scope, exclusions and production check absent. Needs the Gazette order, covered industry/occupation, worker exclusions, concurrency with the dated regional floor and a work-date probe. (Register status 2026-09-29: No [IN-SYSTEM 2026-09-29].)",work_rules.wages.jp_specific_by_industry.SF064,,,
JP-SF065,JP,minimum_wage,"神奈川県 specific (industry) minimum wage — ボイラ・原動機、ポンプ・圧縮機器、一般産業用機械・装置、建設機械・鉱山機械、金属加工機械製造業: 857円/hour, effective 2013-03-01; MHLW marks it ※ — the higher regional floor applies instead.","Minimum Wage Act arts. 6, 15–19; MHLW live industry table (https://saiteichingin.mhlw.go.jp/table/page_indlist_nationallist.html)",https://saiteichingin.mhlw.go.jp/table/page_indlist_nationallist.html,2026-09-29,2013-03-01,,GAP,"JP lineage not yet seeded. Displayed rate is provisional; operative order, worker scope, exclusions and production check absent. Needs the Gazette order, covered industry/occupation, worker exclusions, concurrency with the dated regional floor and a work-date probe. (Register status 2026-09-29: No [IN-SYSTEM 2026-09-29].)",work_rules.wages.jp_specific_by_industry.SF065,,,
JP-SF066,JP,minimum_wage,"神奈川県 specific (industry) minimum wage — 電子部品・デバイス・電子回路、電気機械器具、情報通信機械器具製造業: 890円/hour, effective 2015-03-01; MHLW marks it ※ — the higher regional floor applies instead.","Minimum Wage Act arts. 6, 15–19; MHLW live industry table (https://saiteichingin.mhlw.go.jp/table/page_indlist_nationallist.html)",https://saiteichingin.mhlw.go.jp/table/page_indlist_nationallist.html,2026-09-29,2015-03-01,,GAP,"JP lineage not yet seeded. Displayed rate is provisional; operative order, worker scope, exclusions and production check absent. Needs the Gazette order, covered industry/occupation, worker exclusions, concurrency with the dated regional floor and a work-date probe. (Register status 2026-09-29: No [IN-SYSTEM 2026-09-29].)",work_rules.wages.jp_specific_by_industry.SF066,,,
JP-SF067,JP,minimum_wage,"神奈川県 specific (industry) minimum wage — 輸送用機械器具製造業: 855円/hour, effective 2013-03-01; MHLW marks it ※ — the higher regional floor applies instead.","Minimum Wage Act arts. 6, 15–19; MHLW live industry table (https://saiteichingin.mhlw.go.jp/table/page_indlist_nationallist.html)",https://saiteichingin.mhlw.go.jp/table/page_indlist_nationallist.html,2026-09-29,2013-03-01,,GAP,"JP lineage not yet seeded. Displayed rate is provisional; operative order, worker scope, exclusions and production check absent. Needs the Gazette order, covered industry/occupation, worker exclusions, concurrency with the dated regional floor and a work-date probe. (Register status 2026-09-29: No [IN-SYSTEM 2026-09-29].)",work_rules.wages.jp_specific_by_industry.SF067,,,
JP-SF068,JP,minimum_wage,"神奈川県 specific (industry) minimum wage — 自動車小売業: 842円/hour, effective 2011-12-21; MHLW marks it ※ — the higher regional floor applies instead.","Minimum Wage Act arts. 6, 15–19; MHLW live industry table (https://saiteichingin.mhlw.go.jp/table/page_indlist_nationallist.html)",https://saiteichingin.mhlw.go.jp/table/page_indlist_nationallist.html,2026-09-29,2011-12-21,,GAP,"JP lineage not yet seeded. Displayed rate is provisional; operative order, worker scope, exclusions and production check absent. Needs the Gazette order, covered industry/occupation, worker exclusions, concurrency with the dated regional floor and a work-date probe. (Register status 2026-09-29: No [IN-SYSTEM 2026-09-29].)",work_rules.wages.jp_specific_by_industry.SF068,,,
JP-SF069,JP,minimum_wage,"新潟県 specific (industry) minimum wage — 電子部品・デバイス・電子回路、電気機械器具、情報通信機械器具製造業: 1005円/hour, effective 2023-12-27; MHLW marks it ※ — the higher regional floor applies instead.","Minimum Wage Act arts. 6, 15–19; MHLW live industry table (https://saiteichingin.mhlw.go.jp/table/page_indlist_nationallist.html)",https://saiteichingin.mhlw.go.jp/table/page_indlist_nationallist.html,2026-09-29,2023-12-27,,GAP,"JP lineage not yet seeded. Displayed rate is provisional; operative order, worker scope, exclusions and production check absent. Needs the Gazette order, covered industry/occupation, worker exclusions, concurrency with the dated regional floor and a work-date probe. (Register status 2026-09-29: No [IN-SYSTEM 2026-09-29].)",work_rules.wages.jp_specific_by_industry.SF069,,,
JP-SF070,JP,minimum_wage,"新潟県 specific (industry) minimum wage — 各種商品小売業: 932円/hour, effective 2023-12-30; MHLW marks it ※ — the higher regional floor applies instead.","Minimum Wage Act arts. 6, 15–19; MHLW live industry table (https://saiteichingin.mhlw.go.jp/table/page_indlist_nationallist.html)",https://saiteichingin.mhlw.go.jp/table/page_indlist_nationallist.html,2026-09-29,2023-12-30,,GAP,"JP lineage not yet seeded. Displayed rate is provisional; operative order, worker scope, exclusions and production check absent. Needs the Gazette order, covered industry/occupation, worker exclusions, concurrency with the dated regional floor and a work-date probe. (Register status 2026-09-29: No [IN-SYSTEM 2026-09-29].)",work_rules.wages.jp_specific_by_industry.SF070,,,
JP-SF071,JP,minimum_wage,"新潟県 specific (industry) minimum wage — 自動車(新車)、自動車部分品・附属品小売業: 1053円/hour, effective 2025-12-14; MHLW marks it ※ — the higher regional floor applies instead.","Minimum Wage Act arts. 6, 15–19; MHLW live industry table (https://saiteichingin.mhlw.go.jp/table/page_indlist_nationallist.html)",https://saiteichingin.mhlw.go.jp/table/page_indlist_nationallist.html,2026-09-29,2025-12-14,,GAP,"JP lineage not yet seeded. Displayed rate is provisional; operative order, worker scope, exclusions and production check absent. Needs the Gazette order, covered industry/occupation, worker exclusions, concurrency with the dated regional floor and a work-date probe. (Register status 2026-09-29: No [IN-SYSTEM 2026-09-29].)",work_rules.wages.jp_specific_by_industry.SF071,,,
JP-SF072,JP,minimum_wage,"富山県 specific (industry) minimum wage — アルミニウム第２次製錬・精製業、アルミニウム・同合金圧延業、アルミニウム・同合金鋳物、アルミニウム・同合金ダイカスト、金属製サッシ・ドア、建築用金属製品、アルミニウム・同合金プレス製品製造業: 781円/hour, effective 2015-12-26; MHLW marks it ※ — the higher regional floor applies instead.","Minimum Wage Act arts. 6, 15–19; MHLW live industry table (https://saiteichingin.mhlw.go.jp/table/page_indlist_nationallist.html)",https://saiteichingin.mhlw.go.jp/table/page_indlist_nationallist.html,2026-09-29,2015-12-26,,GAP,"JP lineage not yet seeded. Displayed rate is provisional; operative order, worker scope, exclusions and production check absent. Needs the Gazette order, covered industry/occupation, worker exclusions, concurrency with the dated regional floor and a work-date probe. (Register status 2026-09-29: No [IN-SYSTEM 2026-09-29].)",work_rules.wages.jp_specific_by_industry.SF072,,,
JP-SF073,JP,minimum_wage,"富山県 specific (industry) minimum wage — 玉軸受・ころ軸受、他に分類されないはん用機械・装置、トラクタ、金属工作機械、機械工具、ロボット、自動車・同附属品製造業: 1035円/hour, effective 2024-12-27; MHLW marks it ※ — the higher regional floor applies instead.","Minimum Wage Act arts. 6, 15–19; MHLW live industry table (https://saiteichingin.mhlw.go.jp/table/page_indlist_nationallist.html)",https://saiteichingin.mhlw.go.jp/table/page_indlist_nationallist.html,2026-09-29,2024-12-27,,GAP,"JP lineage not yet seeded. Displayed rate is provisional; operative order, worker scope, exclusions and production check absent. Needs the Gazette order, covered industry/occupation, worker exclusions, concurrency with the dated regional floor and a work-date probe. (Register status 2026-09-29: No [IN-SYSTEM 2026-09-29].)",work_rules.wages.jp_specific_by_industry.SF073,,,
JP-SF074,JP,minimum_wage,"富山県 specific (industry) minimum wage — 電子部品・デバイス・電子回路、電気機械器具、情報通信機械器具製造業: 1002円/hour, effective 2024-12-26; MHLW marks it ※ — the higher regional floor applies instead.","Minimum Wage Act arts. 6, 15–19; MHLW live industry table (https://saiteichingin.mhlw.go.jp/table/page_indlist_nationallist.html)",https://saiteichingin.mhlw.go.jp/table/page_indlist_nationallist.html,2026-09-29,2024-12-26,,GAP,"JP lineage not yet seeded. Displayed rate is provisional; operative order, worker scope, exclusions and production check absent. Needs the Gazette order, covered industry/occupation, worker exclusions, concurrency with the dated regional floor and a work-date probe. (Register status 2026-09-29: No [IN-SYSTEM 2026-09-29].)",work_rules.wages.jp_specific_by_industry.SF074,,,
JP-SF075,JP,minimum_wage,"富山県 specific (industry) minimum wage — 百貨店、総合スーパーマーケット: 1003円/hour, effective 2024-12-26; MHLW marks it ※ — the higher regional floor applies instead.","Minimum Wage Act arts. 6, 15–19; MHLW live industry table (https://saiteichingin.mhlw.go.jp/table/page_indlist_nationallist.html)",https://saiteichingin.mhlw.go.jp/table/page_indlist_nationallist.html,2026-09-29,2024-12-26,,GAP,"JP lineage not yet seeded. Displayed rate is provisional; operative order, worker scope, exclusions and production check absent. Needs the Gazette order, covered industry/occupation, worker exclusions, concurrency with the dated regional floor and a work-date probe. (Register status 2026-09-29: No [IN-SYSTEM 2026-09-29].)",work_rules.wages.jp_specific_by_industry.SF075,,,
JP-SF076,JP,minimum_wage,"富山県 specific (industry) minimum wage — 自動車(新車)小売業: 769円/hour, effective 2011-01-20; MHLW marks it ※ — the higher regional floor applies instead.","Minimum Wage Act arts. 6, 15–19; MHLW live industry table (https://saiteichingin.mhlw.go.jp/table/page_indlist_nationallist.html)",https://saiteichingin.mhlw.go.jp/table/page_indlist_nationallist.html,2026-09-29,2011-01-20,,GAP,"JP lineage not yet seeded. Displayed rate is provisional; operative order, worker scope, exclusions and production check absent. Needs the Gazette order, covered industry/occupation, worker exclusions, concurrency with the dated regional floor and a work-date probe. (Register status 2026-09-29: No [IN-SYSTEM 2026-09-29].)",work_rules.wages.jp_specific_by_industry.SF076,,,
JP-SF077,JP,minimum_wage,"石川県 specific (industry) minimum wage — 綿紡績、化学繊維紡績、毛紡績、その他の紡績、染色整理、綱、漁網、網地製造業: 782円/hour, effective 2017-12-31; MHLW marks it ※ — the higher regional floor applies instead.","Minimum Wage Act arts. 6, 15–19; MHLW live industry table (https://saiteichingin.mhlw.go.jp/table/page_indlist_nationallist.html)",https://saiteichingin.mhlw.go.jp/table/page_indlist_nationallist.html,2026-09-29,2017-12-31,,GAP,"JP lineage not yet seeded. Displayed rate is provisional; operative order, worker scope, exclusions and production check absent. Needs the Gazette order, covered industry/occupation, worker exclusions, concurrency with the dated regional floor and a work-date probe. (Register status 2026-09-29: No [IN-SYSTEM 2026-09-29].)",work_rules.wages.jp_specific_by_industry.SF077,,,
JP-SF078,JP,minimum_wage,"石川県 specific (industry) minimum wage — 洋食器・刃物・手道具・金物類、金属素形材製品、ボルト・ナット・リベット・小ねじ・木ねじ等、その他の金属製品製造業: 763円/hour, 6102円/day (legacy unit), effective 1999-12-26; MHLW marks it ※ — the higher regional floor applies instead.","Minimum Wage Act arts. 6, 15–19; MHLW live industry table (https://saiteichingin.mhlw.go.jp/table/page_indlist_nationallist.html)",https://saiteichingin.mhlw.go.jp/table/page_indlist_nationallist.html,2026-09-29,1999-12-26,,GAP,"JP lineage not yet seeded. Displayed rate is provisional; operative order, worker scope, exclusions and production check absent. Needs the Gazette order, covered industry/occupation, worker exclusions, concurrency with the dated regional floor and a work-date probe. (Register status 2026-09-29: No [IN-SYSTEM 2026-09-29].)",work_rules.wages.jp_specific_by_industry.SF078,,,
JP-SF079,JP,minimum_wage,"石川県 specific (industry) minimum wage — 金属素形材製品、ボルト・ナット・リベット・小ねじ・木ねじ等、その他の金属製品、はん用機械器具、生産用機械器具、発電用・送電用・配電用電気機械器具、産業用電気機械器具製造業: 1090円/hour, effective 2025-12-31; MHLW marks it ※ — the higher regional floor applies instead.","Minimum Wage Act arts. 6, 15–19; MHLW live industry table (https://saiteichingin.mhlw.go.jp/table/page_indlist_nationallist.html)",https://saiteichingin.mhlw.go.jp/table/page_indlist_nationallist.html,2026-09-29,2025-12-31,,GAP,"JP lineage not yet seeded. Displayed rate is provisional; operative order, worker scope, exclusions and production check absent. Needs the Gazette order, covered industry/occupation, worker exclusions, concurrency with the dated regional floor and a work-date probe. (Register status 2026-09-29: No [IN-SYSTEM 2026-09-29].)",work_rules.wages.jp_specific_by_industry.SF079,,,
JP-SF080,JP,minimum_wage,"石川県 specific (industry) minimum wage — 電子部品・デバイス・電子回路、民生用電気機械器具、電子応用装置、情報通信機械器具製造業: 1064円/hour, effective 2025-12-31; MHLW marks it ※ — the higher regional floor applies instead.","Minimum Wage Act arts. 6, 15–19; MHLW live industry table (https://saiteichingin.mhlw.go.jp/table/page_indlist_nationallist.html)",https://saiteichingin.mhlw.go.jp/table/page_indlist_nationallist.html,2026-09-29,2025-12-31,,GAP,"JP lineage not yet seeded. Displayed rate is provisional; operative order, worker scope, exclusions and production check absent. Needs the Gazette order, covered industry/occupation, worker exclusions, concurrency with the dated regional floor and a work-date probe. (Register status 2026-09-29: No [IN-SYSTEM 2026-09-29].)",work_rules.wages.jp_specific_by_industry.SF080,,,
JP-SF081,JP,minimum_wage,"石川県 specific (industry) minimum wage — 自動車・同附属品、自転車・同部分品製造業: 1090円/hour, effective 2025-12-31; MHLW marks it ※ — the higher regional floor applies instead.","Minimum Wage Act arts. 6, 15–19; MHLW live industry table (https://saiteichingin.mhlw.go.jp/table/page_indlist_nationallist.html)",https://saiteichingin.mhlw.go.jp/table/page_indlist_nationallist.html,2026-09-29,2025-12-31,,GAP,"JP lineage not yet seeded. Displayed rate is provisional; operative order, worker scope, exclusions and production check absent. Needs the Gazette order, covered industry/occupation, worker exclusions, concurrency with the dated regional floor and a work-date probe. (Register status 2026-09-29: No [IN-SYSTEM 2026-09-29].)",work_rules.wages.jp_specific_by_industry.SF081,,,
JP-SF082,JP,minimum_wage,"石川県 specific (industry) minimum wage — 百貨店、総合スーパーマーケット: 1060円/hour, effective 2025-12-31; MHLW marks it ※ — the higher regional floor applies instead.","Minimum Wage Act arts. 6, 15–19; MHLW live industry table (https://saiteichingin.mhlw.go.jp/table/page_indlist_nationallist.html)",https://saiteichingin.mhlw.go.jp/table/page_indlist_nationallist.html,2026-09-29,2025-12-31,,GAP,"JP lineage not yet seeded. Displayed rate is provisional; operative order, worker scope, exclusions and production check absent. Needs the Gazette order, covered industry/occupation, worker exclusions, concurrency with the dated regional floor and a work-date probe. (Register status 2026-09-29: No [IN-SYSTEM 2026-09-29].)",work_rules.wages.jp_specific_by_industry.SF082,,,
JP-SF083,JP,minimum_wage,"福井県 specific (industry) minimum wage — 紡績業，化学繊維、織物、染色整理業: 830円/hour, effective 2019-12-24; MHLW marks it ※ — the higher regional floor applies instead.","Minimum Wage Act arts. 6, 15–19; MHLW live industry table (https://saiteichingin.mhlw.go.jp/table/page_indlist_nationallist.html)",https://saiteichingin.mhlw.go.jp/table/page_indlist_nationallist.html,2026-09-29,2019-12-24,,GAP,"JP lineage not yet seeded. Displayed rate is provisional; operative order, worker scope, exclusions and production check absent. Needs the Gazette order, covered industry/occupation, worker exclusions, concurrency with the dated regional floor and a work-date probe. (Register status 2026-09-29: No [IN-SYSTEM 2026-09-29].)",work_rules.wages.jp_specific_by_industry.SF083,,,
JP-SF084,JP,minimum_wage,"福井県 specific (industry) minimum wage — 繊維機械、金属加工機械製造業: 933円/hour, effective 2022-12-24; MHLW marks it ※ — the higher regional floor applies instead.","Minimum Wage Act arts. 6, 15–19; MHLW live industry table (https://saiteichingin.mhlw.go.jp/table/page_indlist_nationallist.html)",https://saiteichingin.mhlw.go.jp/table/page_indlist_nationallist.html,2026-09-29,2022-12-24,,GAP,"JP lineage not yet seeded. Displayed rate is provisional; operative order, worker scope, exclusions and production check absent. Needs the Gazette order, covered industry/occupation, worker exclusions, concurrency with the dated regional floor and a work-date probe. (Register status 2026-09-29: No [IN-SYSTEM 2026-09-29].)",work_rules.wages.jp_specific_by_industry.SF084,,,
JP-SF085,JP,minimum_wage,"福井県 specific (industry) minimum wage — 電子デバイス、電子部品、記録メディア、電子回路、ユニット部品、その他の電子部品・デバイス・電子回路、発電用・送電用・配電用電気機械器具、産業用電気機械器具、電子応用装置、通信機械器具・同関連機械器具、映像・音響機械器具製造業: 857円/hour, effective 2019-12-24; MHLW marks it ※ — the higher regional floor applies instead.","Minimum Wage Act arts. 6, 15–19; MHLW live industry table (https://saiteichingin.mhlw.go.jp/table/page_indlist_nationallist.html)",https://saiteichingin.mhlw.go.jp/table/page_indlist_nationallist.html,2026-09-29,2019-12-24,,GAP,"JP lineage not yet seeded. Displayed rate is provisional; operative order, worker scope, exclusions and production check absent. Needs the Gazette order, covered industry/occupation, worker exclusions, concurrency with the dated regional floor and a work-date probe. (Register status 2026-09-29: No [IN-SYSTEM 2026-09-29].)",work_rules.wages.jp_specific_by_industry.SF085,,,
JP-SF086,JP,minimum_wage,"福井県 specific (industry) minimum wage — 百貨店，総合スーパー: 840円/hour, effective 2020-12-24; MHLW marks it ※ — the higher regional floor applies instead.","Minimum Wage Act arts. 6, 15–19; MHLW live industry table (https://saiteichingin.mhlw.go.jp/table/page_indlist_nationallist.html)",https://saiteichingin.mhlw.go.jp/table/page_indlist_nationallist.html,2026-09-29,2020-12-24,,GAP,"JP lineage not yet seeded. Displayed rate is provisional; operative order, worker scope, exclusions and production check absent. Needs the Gazette order, covered industry/occupation, worker exclusions, concurrency with the dated regional floor and a work-date probe. (Register status 2026-09-29: No [IN-SYSTEM 2026-09-29].)",work_rules.wages.jp_specific_by_industry.SF086,,,
JP-SF087,JP,minimum_wage,"山梨県 specific (industry) minimum wage — 電子部品・デバイス・電子回路、電気機械器具、情報通信機械器具製造業: 1100円/hour, effective 2026-02-15; MHLW marks it ※ — the higher regional floor applies instead.","Minimum Wage Act arts. 6, 15–19; MHLW live industry table (https://saiteichingin.mhlw.go.jp/table/page_indlist_nationallist.html)",https://saiteichingin.mhlw.go.jp/table/page_indlist_nationallist.html,2026-09-29,2026-02-15,,GAP,"JP lineage not yet seeded. Displayed rate is provisional; operative order, worker scope, exclusions and production check absent. Source refresh 2026-09-29: the live table now marks this row ※ (register did not). Needs the Gazette order, covered industry/occupation, worker exclusions, concurrency with the dated regional floor and a work-date probe. (Register status 2026-09-29: No [IN-SYSTEM 2026-09-29].)",work_rules.wages.jp_specific_by_industry.SF087,,,
JP-SF088,JP,minimum_wage,"山梨県 specific (industry) minimum wage — 自動車・同附属品製造業: 1089円/hour, effective 2026-03-01; MHLW marks it ※ — the higher regional floor applies instead.","Minimum Wage Act arts. 6, 15–19; MHLW live industry table (https://saiteichingin.mhlw.go.jp/table/page_indlist_nationallist.html)",https://saiteichingin.mhlw.go.jp/table/page_indlist_nationallist.html,2026-09-29,2026-03-01,,GAP,"JP lineage not yet seeded. Displayed rate is provisional; operative order, worker scope, exclusions and production check absent. Source refresh 2026-09-29: the live table now marks this row ※ (register did not). Needs the Gazette order, covered industry/occupation, worker exclusions, concurrency with the dated regional floor and a work-date probe. (Register status 2026-09-29: No [IN-SYSTEM 2026-09-29].)",work_rules.wages.jp_specific_by_industry.SF088,,,
JP-SF089,JP,minimum_wage,"長野県 specific (industry) minimum wage — 印刷、製版業: 850円/hour, effective 2019-12-31; MHLW marks it ※ — the higher regional floor applies instead.","Minimum Wage Act arts. 6, 15–19; MHLW live industry table (https://saiteichingin.mhlw.go.jp/table/page_indlist_nationallist.html)",https://saiteichingin.mhlw.go.jp/table/page_indlist_nationallist.html,2026-09-29,2019-12-31,,GAP,"JP lineage not yet seeded. Displayed rate is provisional; operative order, worker scope, exclusions and production check absent. Needs the Gazette order, covered industry/occupation, worker exclusions, concurrency with the dated regional floor and a work-date probe. (Register status 2026-09-29: No [IN-SYSTEM 2026-09-29].)",work_rules.wages.jp_specific_by_industry.SF089,,,
JP-SF090,JP,minimum_wage,"長野県 specific (industry) minimum wage — はん用機械器具、生産用機械器具、業務用機械器具、自動車・同附属品、船舶製造・修理業、舶用機関製造業: 1105円/hour, effective 2025-12-28; MHLW marks it ※ — the higher regional floor applies instead.","Minimum Wage Act arts. 6, 15–19; MHLW live industry table (https://saiteichingin.mhlw.go.jp/table/page_indlist_nationallist.html)",https://saiteichingin.mhlw.go.jp/table/page_indlist_nationallist.html,2026-09-29,2025-12-28,,GAP,"JP lineage not yet seeded. Displayed rate is provisional; operative order, worker scope, exclusions and production check absent. Needs the Gazette order, covered industry/occupation, worker exclusions, concurrency with the dated regional floor and a work-date probe. (Register status 2026-09-29: No [IN-SYSTEM 2026-09-29].)",work_rules.wages.jp_specific_by_industry.SF090,,,
JP-SF091,JP,minimum_wage,"長野県 specific (industry) minimum wage — 計量器・測定器・分析機器・試験機、医療用機械器具・医療用品、光学機械器具・レンズ、電子部品・デバイス・電子回路、電気機械器具、情報通信機械器具、時計・同部分品、眼鏡製造業: 1095円/hour, effective 2026-01-01; MHLW marks it ※ — the higher regional floor applies instead.","Minimum Wage Act arts. 6, 15–19; MHLW live industry table (https://saiteichingin.mhlw.go.jp/table/page_indlist_nationallist.html)",https://saiteichingin.mhlw.go.jp/table/page_indlist_nationallist.html,2026-09-29,2026-01-01,,GAP,"JP lineage not yet seeded. Displayed rate is provisional; operative order, worker scope, exclusions and production check absent. Needs the Gazette order, covered industry/occupation, worker exclusions, concurrency with the dated regional floor and a work-date probe. (Register status 2026-09-29: No [IN-SYSTEM 2026-09-29].)",work_rules.wages.jp_specific_by_industry.SF091,,,
JP-SF092,JP,minimum_wage,"長野県 specific (industry) minimum wage — 各種商品小売業: 950円/hour, effective 2023-12-31; MHLW marks it ※ — the higher regional floor applies instead.","Minimum Wage Act arts. 6, 15–19; MHLW live industry table (https://saiteichingin.mhlw.go.jp/table/page_indlist_nationallist.html)",https://saiteichingin.mhlw.go.jp/table/page_indlist_nationallist.html,2026-09-29,2023-12-31,,GAP,"JP lineage not yet seeded. Displayed rate is provisional; operative order, worker scope, exclusions and production check absent. Needs the Gazette order, covered industry/occupation, worker exclusions, concurrency with the dated regional floor and a work-date probe. (Register status 2026-09-29: No [IN-SYSTEM 2026-09-29].)",work_rules.wages.jp_specific_by_industry.SF092,,,
JP-SF093,JP,minimum_wage,"岐阜県 specific (industry) minimum wage — 電子部品・デバイス・電子回路、電気機械器具、情報通信機械器具製造業: 965円/hour, effective 2023-12-21; MHLW marks it ※ — the higher regional floor applies instead.","Minimum Wage Act arts. 6, 15–19; MHLW live industry table (https://saiteichingin.mhlw.go.jp/table/page_indlist_nationallist.html)",https://saiteichingin.mhlw.go.jp/table/page_indlist_nationallist.html,2026-09-29,2023-12-21,,GAP,"JP lineage not yet seeded. Displayed rate is provisional; operative order, worker scope, exclusions and production check absent. Needs the Gazette order, covered industry/occupation, worker exclusions, concurrency with the dated regional floor and a work-date probe. (Register status 2026-09-29: No [IN-SYSTEM 2026-09-29].)",work_rules.wages.jp_specific_by_industry.SF093,,,
JP-SF094,JP,minimum_wage,"岐阜県 specific (industry) minimum wage — 自動車・同附属品製造業: 1117円/hour, effective 2025-12-21; MHLW marks it ※ — the higher regional floor applies instead.","Minimum Wage Act arts. 6, 15–19; MHLW live industry table (https://saiteichingin.mhlw.go.jp/table/page_indlist_nationallist.html)",https://saiteichingin.mhlw.go.jp/table/page_indlist_nationallist.html,2026-09-29,2025-12-21,,GAP,"JP lineage not yet seeded. Displayed rate is provisional; operative order, worker scope, exclusions and production check absent. Needs the Gazette order, covered industry/occupation, worker exclusions, concurrency with the dated regional floor and a work-date probe. (Register status 2026-09-29: No [IN-SYSTEM 2026-09-29].)",work_rules.wages.jp_specific_by_industry.SF094,,,
JP-SF095,JP,minimum_wage,"岐阜県 specific (industry) minimum wage — 航空機・同附属品製造業: 1049円/hour, effective 2024-12-21; MHLW marks it ※ — the higher regional floor applies instead.","Minimum Wage Act arts. 6, 15–19; MHLW live industry table (https://saiteichingin.mhlw.go.jp/table/page_indlist_nationallist.html)",https://saiteichingin.mhlw.go.jp/table/page_indlist_nationallist.html,2026-09-29,2024-12-21,,GAP,"JP lineage not yet seeded. Displayed rate is provisional; operative order, worker scope, exclusions and production check absent. Needs the Gazette order, covered industry/occupation, worker exclusions, concurrency with the dated regional floor and a work-date probe. (Register status 2026-09-29: No [IN-SYSTEM 2026-09-29].)",work_rules.wages.jp_specific_by_industry.SF095,,,
JP-SF096,JP,minimum_wage,"静岡県 specific (industry) minimum wage — パルプ・紙・加工紙製造業: 786円/hour, effective 2015-12-31; MHLW marks it ※ — the higher regional floor applies instead.","Minimum Wage Act arts. 6, 15–19; MHLW live industry table (https://saiteichingin.mhlw.go.jp/table/page_indlist_nationallist.html)",https://saiteichingin.mhlw.go.jp/table/page_indlist_nationallist.html,2026-09-29,2015-12-31,,GAP,"JP lineage not yet seeded. Displayed rate is provisional; operative order, worker scope, exclusions and production check absent. Needs the Gazette order, covered industry/occupation, worker exclusions, concurrency with the dated regional floor and a work-date probe. (Register status 2026-09-29: No [IN-SYSTEM 2026-09-29].)",work_rules.wages.jp_specific_by_industry.SF096,,,
JP-SF097,JP,minimum_wage,"静岡県 specific (industry) minimum wage — タイヤ・チューブ、ゴムベルト・ゴムホース・工業用ゴム製品製造業: 915円/hour, effective 2021-12-20; MHLW marks it ※ — the higher regional floor applies instead.","Minimum Wage Act arts. 6, 15–19; MHLW live industry table (https://saiteichingin.mhlw.go.jp/table/page_indlist_nationallist.html)",https://saiteichingin.mhlw.go.jp/table/page_indlist_nationallist.html,2026-09-29,2021-12-20,,GAP,"JP lineage not yet seeded. Displayed rate is provisional; operative order, worker scope, exclusions and production check absent. Needs the Gazette order, covered industry/occupation, worker exclusions, concurrency with the dated regional floor and a work-date probe. (Register status 2026-09-29: No [IN-SYSTEM 2026-09-29].)",work_rules.wages.jp_specific_by_industry.SF097,,,
JP-SF098,JP,minimum_wage,"静岡県 specific (industry) minimum wage — 鉄鋼、非鉄金属製造業: 1117円/hour, effective 2025-12-21; MHLW marks it ※ — the higher regional floor applies instead.","Minimum Wage Act arts. 6, 15–19; MHLW live industry table (https://saiteichingin.mhlw.go.jp/table/page_indlist_nationallist.html)",https://saiteichingin.mhlw.go.jp/table/page_indlist_nationallist.html,2026-09-29,2025-12-21,,GAP,"JP lineage not yet seeded. Displayed rate is provisional; operative order, worker scope, exclusions and production check absent. Needs the Gazette order, covered industry/occupation, worker exclusions, concurrency with the dated regional floor and a work-date probe. (Register status 2026-09-29: No [IN-SYSTEM 2026-09-29].)",work_rules.wages.jp_specific_by_industry.SF098,,,
JP-SF099,JP,minimum_wage,"静岡県 specific (industry) minimum wage — はん用機械器具、生産用機械器具、業務用機械器具、輸送用機械器具製造業: 1133円/hour, effective 2025-12-21; MHLW marks it ※ — the higher regional floor applies instead.","Minimum Wage Act arts. 6, 15–19; MHLW live industry table (https://saiteichingin.mhlw.go.jp/table/page_indlist_nationallist.html)",https://saiteichingin.mhlw.go.jp/table/page_indlist_nationallist.html,2026-09-29,2025-12-21,,GAP,"JP lineage not yet seeded. Displayed rate is provisional; operative order, worker scope, exclusions and production check absent. Needs the Gazette order, covered industry/occupation, worker exclusions, concurrency with the dated regional floor and a work-date probe. (Register status 2026-09-29: No [IN-SYSTEM 2026-09-29].)",work_rules.wages.jp_specific_by_industry.SF099,,,
JP-SF100,JP,minimum_wage,"静岡県 specific (industry) minimum wage — 電子部品・デバイス・電子回路、電気機械器具、情報通信機械器具製造業: 1042円/hour, effective 2024-12-21; MHLW marks it ※ — the higher regional floor applies instead.","Minimum Wage Act arts. 6, 15–19; MHLW live industry table (https://saiteichingin.mhlw.go.jp/table/page_indlist_nationallist.html)",https://saiteichingin.mhlw.go.jp/table/page_indlist_nationallist.html,2026-09-29,2024-12-21,,GAP,"JP lineage not yet seeded. Displayed rate is provisional; operative order, worker scope, exclusions and production check absent. Needs the Gazette order, covered industry/occupation, worker exclusions, concurrency with the dated regional floor and a work-date probe. (Register status 2026-09-29: No [IN-SYSTEM 2026-09-29].)",work_rules.wages.jp_specific_by_industry.SF100,,,
JP-SF101,JP,minimum_wage,"静岡県 specific (industry) minimum wage — 各種商品小売業: 886円/hour, effective 2019-12-21; MHLW marks it ※ — the higher regional floor applies instead.","Minimum Wage Act arts. 6, 15–19; MHLW live industry table (https://saiteichingin.mhlw.go.jp/table/page_indlist_nationallist.html)",https://saiteichingin.mhlw.go.jp/table/page_indlist_nationallist.html,2026-09-29,2019-12-21,,GAP,"JP lineage not yet seeded. Displayed rate is provisional; operative order, worker scope, exclusions and production check absent. Needs the Gazette order, covered industry/occupation, worker exclusions, concurrency with the dated regional floor and a work-date probe. (Register status 2026-09-29: No [IN-SYSTEM 2026-09-29].)",work_rules.wages.jp_specific_by_industry.SF101,,,
JP-SF102,JP,minimum_wage,"愛知県 specific (industry) minimum wage — 染色整理業: 732円/hour, effective 2008-12-16; MHLW marks it ※ — the higher regional floor applies instead.","Minimum Wage Act arts. 6, 15–19; MHLW live industry table (https://saiteichingin.mhlw.go.jp/table/page_indlist_nationallist.html)",https://saiteichingin.mhlw.go.jp/table/page_indlist_nationallist.html,2026-09-29,2008-12-16,,GAP,"JP lineage not yet seeded. Displayed rate is provisional; operative order, worker scope, exclusions and production check absent. Needs the Gazette order, covered industry/occupation, worker exclusions, concurrency with the dated regional floor and a work-date probe. (Register status 2026-09-29: No [IN-SYSTEM 2026-09-29].)",work_rules.wages.jp_specific_by_industry.SF102,,,
JP-SF103,JP,minimum_wage,"愛知県 specific (industry) minimum wage — 製鉄業、製鋼・製鋼圧延業、鋼材製造業: 1175円/hour, effective 2025-12-16; MHLW marks it ※ — the higher regional floor applies instead.","Minimum Wage Act arts. 6, 15–19; MHLW live industry table (https://saiteichingin.mhlw.go.jp/table/page_indlist_nationallist.html)",https://saiteichingin.mhlw.go.jp/table/page_indlist_nationallist.html,2026-09-29,2025-12-16,,GAP,"JP lineage not yet seeded. Displayed rate is provisional; operative order, worker scope, exclusions and production check absent. Needs the Gazette order, covered industry/occupation, worker exclusions, concurrency with the dated regional floor and a work-date probe. (Register status 2026-09-29: No [IN-SYSTEM 2026-09-29].)",work_rules.wages.jp_specific_by_industry.SF103,,,
JP-SF104,JP,minimum_wage,"愛知県 specific (industry) minimum wage — はん用機械器具、生産用機械器具、業務用機械器具製造業: 968円/hour, effective 2021-12-16; MHLW marks it ※ — the higher regional floor applies instead.","Minimum Wage Act arts. 6, 15–19; MHLW live industry table (https://saiteichingin.mhlw.go.jp/table/page_indlist_nationallist.html)",https://saiteichingin.mhlw.go.jp/table/page_indlist_nationallist.html,2026-09-29,2021-12-16,,GAP,"JP lineage not yet seeded. Displayed rate is provisional; operative order, worker scope, exclusions and production check absent. Needs the Gazette order, covered industry/occupation, worker exclusions, concurrency with the dated regional floor and a work-date probe. (Register status 2026-09-29: No [IN-SYSTEM 2026-09-29].)",work_rules.wages.jp_specific_by_industry.SF104,,,
JP-SF105,JP,minimum_wage,"愛知県 specific (industry) minimum wage — 電子部品・デバイス・電子回路、電気機械器具、情報通信機械器具製造業: 901円/hour, effective 2018-12-16; MHLW marks it ※ — the higher regional floor applies instead.","Minimum Wage Act arts. 6, 15–19; MHLW live industry table (https://saiteichingin.mhlw.go.jp/table/page_indlist_nationallist.html)",https://saiteichingin.mhlw.go.jp/table/page_indlist_nationallist.html,2026-09-29,2018-12-16,,GAP,"JP lineage not yet seeded. Displayed rate is provisional; operative order, worker scope, exclusions and production check absent. Needs the Gazette order, covered industry/occupation, worker exclusions, concurrency with the dated regional floor and a work-date probe. (Register status 2026-09-29: No [IN-SYSTEM 2026-09-29].)",work_rules.wages.jp_specific_by_industry.SF105,,,
JP-SF106,JP,minimum_wage,"愛知県 specific (industry) minimum wage — 輸送用機械器具製造業: 1146円/hour, effective 2025-12-16; MHLW marks it ※ — the higher regional floor applies instead.","Minimum Wage Act arts. 6, 15–19; MHLW live industry table (https://saiteichingin.mhlw.go.jp/table/page_indlist_nationallist.html)",https://saiteichingin.mhlw.go.jp/table/page_indlist_nationallist.html,2026-09-29,2025-12-16,,GAP,"JP lineage not yet seeded. Displayed rate is provisional; operative order, worker scope, exclusions and production check absent. Needs the Gazette order, covered industry/occupation, worker exclusions, concurrency with the dated regional floor and a work-date probe. (Register status 2026-09-29: No [IN-SYSTEM 2026-09-29].)",work_rules.wages.jp_specific_by_industry.SF106,,,
JP-SF107,JP,minimum_wage,"愛知県 specific (industry) minimum wage — 計量器・測定器・分析機器・試験機、光学機械器具・レンズ、時計・同部分品製造業: 875円/hour, effective 2017-12-16; MHLW marks it ※ — the higher regional floor applies instead.","Minimum Wage Act arts. 6, 15–19; MHLW live industry table (https://saiteichingin.mhlw.go.jp/table/page_indlist_nationallist.html)",https://saiteichingin.mhlw.go.jp/table/page_indlist_nationallist.html,2026-09-29,2017-12-16,,GAP,"JP lineage not yet seeded. Displayed rate is provisional; operative order, worker scope, exclusions and production check absent. Needs the Gazette order, covered industry/occupation, worker exclusions, concurrency with the dated regional floor and a work-date probe. (Register status 2026-09-29: No [IN-SYSTEM 2026-09-29].)",work_rules.wages.jp_specific_by_industry.SF107,,,
JP-SF108,JP,minimum_wage,"愛知県 specific (industry) minimum wage — 各種商品小売業: 847円/hour, effective 2016-12-16; MHLW marks it ※ — the higher regional floor applies instead.","Minimum Wage Act arts. 6, 15–19; MHLW live industry table (https://saiteichingin.mhlw.go.jp/table/page_indlist_nationallist.html)",https://saiteichingin.mhlw.go.jp/table/page_indlist_nationallist.html,2026-09-29,2016-12-16,,GAP,"JP lineage not yet seeded. Displayed rate is provisional; operative order, worker scope, exclusions and production check absent. Needs the Gazette order, covered industry/occupation, worker exclusions, concurrency with the dated regional floor and a work-date probe. (Register status 2026-09-29: No [IN-SYSTEM 2026-09-29].)",work_rules.wages.jp_specific_by_industry.SF108,,,
JP-SF109,JP,minimum_wage,"愛知県 specific (industry) minimum wage — 自動車(新車)、自動車部分品・附属品小売業: 800円/hour, effective 2007-12-16; MHLW marks it ※ — the higher regional floor applies instead.","Minimum Wage Act arts. 6, 15–19; MHLW live industry table (https://saiteichingin.mhlw.go.jp/table/page_indlist_nationallist.html)",https://saiteichingin.mhlw.go.jp/table/page_indlist_nationallist.html,2026-09-29,2007-12-16,,GAP,"JP lineage not yet seeded. Displayed rate is provisional; operative order, worker scope, exclusions and production check absent. Needs the Gazette order, covered industry/occupation, worker exclusions, concurrency with the dated regional floor and a work-date probe. (Register status 2026-09-29: No [IN-SYSTEM 2026-09-29].)",work_rules.wages.jp_specific_by_industry.SF109,,,
JP-SF110,JP,minimum_wage,"愛知県 specific (industry) minimum wage — 自動車(新車)小売業: 943円/hour, effective 2020-12-16; MHLW marks it ※ — the higher regional floor applies instead.","Minimum Wage Act arts. 6, 15–19; MHLW live industry table (https://saiteichingin.mhlw.go.jp/table/page_indlist_nationallist.html)",https://saiteichingin.mhlw.go.jp/table/page_indlist_nationallist.html,2026-09-29,2020-12-16,,GAP,"JP lineage not yet seeded. Displayed rate is provisional; operative order, worker scope, exclusions and production check absent. Needs the Gazette order, covered industry/occupation, worker exclusions, concurrency with the dated regional floor and a work-date probe. (Register status 2026-09-29: No [IN-SYSTEM 2026-09-29].)",work_rules.wages.jp_specific_by_industry.SF110,,,
JP-SF111,JP,minimum_wage,"京都府 specific (industry) minimum wage — 金属素形材製品、ボルト・ナット・リベット・小ねじ・木ねじ等製造業: 933円/hour, effective 2019-12-22; MHLW marks it ※ — the higher regional floor applies instead.","Minimum Wage Act arts. 6, 15–19; MHLW live industry table (https://saiteichingin.mhlw.go.jp/table/page_indlist_nationallist.html)",https://saiteichingin.mhlw.go.jp/table/page_indlist_nationallist.html,2026-09-29,2019-12-22,,GAP,"JP lineage not yet seeded. Displayed rate is provisional; operative order, worker scope, exclusions and production check absent. Needs the Gazette order, covered industry/occupation, worker exclusions, concurrency with the dated regional floor and a work-date probe. (Register status 2026-09-29: No [IN-SYSTEM 2026-09-29].)",work_rules.wages.jp_specific_by_industry.SF111,,,
JP-SF112,JP,minimum_wage,"京都府 specific (industry) minimum wage — ポンプ・圧縮機器製造業、一般産業用機械・装置製造業、その他のはん用機械・同部分品製造業、繊維機械製造業、生活関連産業用機械製造業、基礎素材産業用機械製造業、金属加工機械製造業、半導体・フラットパネルディスプレイ製造装置製造業、その他の生産用機械・同部分品製造業、事務用機械器具製造業、サービス用・娯楽用機械器具製造業、建設機械・鉱山機械製造業: 822円/hour, effective 2008-12-21; MHLW marks it ※ — the higher regional floor applies instead.","Minimum Wage Act arts. 6, 15–19; MHLW live industry table (https://saiteichingin.mhlw.go.jp/table/page_indlist_nationallist.html)",https://saiteichingin.mhlw.go.jp/table/page_indlist_nationallist.html,2026-09-29,2008-12-21,,GAP,"JP lineage not yet seeded. Displayed rate is provisional; operative order, worker scope, exclusions and production check absent. Needs the Gazette order, covered industry/occupation, worker exclusions, concurrency with the dated regional floor and a work-date probe. (Register status 2026-09-29: No [IN-SYSTEM 2026-09-29].)",work_rules.wages.jp_specific_by_industry.SF112,,,
JP-SF113,JP,minimum_wage,"京都府 specific (industry) minimum wage — 電子部品・デバイス・電子回路、電気機械器具、情報通信機械器具製造業: 1136円/hour, effective 2026-01-24; MHLW marks it ※ — the higher regional floor applies instead.","Minimum Wage Act arts. 6, 15–19; MHLW live industry table (https://saiteichingin.mhlw.go.jp/table/page_indlist_nationallist.html)",https://saiteichingin.mhlw.go.jp/table/page_indlist_nationallist.html,2026-09-29,2026-01-24,,GAP,"JP lineage not yet seeded. Displayed rate is provisional; operative order, worker scope, exclusions and production check absent. Needs the Gazette order, covered industry/occupation, worker exclusions, concurrency with the dated regional floor and a work-date probe. (Register status 2026-09-29: No [IN-SYSTEM 2026-09-29].)",work_rules.wages.jp_specific_by_industry.SF113,,,
JP-SF114,JP,minimum_wage,"京都府 specific (industry) minimum wage — 輸送用機械器具、建設機械・鉱山機械製造業: 1076円/hour, effective 2025-01-19; MHLW marks it ※ — the higher regional floor applies instead.","Minimum Wage Act arts. 6, 15–19; MHLW live industry table (https://saiteichingin.mhlw.go.jp/table/page_indlist_nationallist.html)",https://saiteichingin.mhlw.go.jp/table/page_indlist_nationallist.html,2026-09-29,2025-01-19,,GAP,"JP lineage not yet seeded. Displayed rate is provisional; operative order, worker scope, exclusions and production check absent. Needs the Gazette order, covered industry/occupation, worker exclusions, concurrency with the dated regional floor and a work-date probe. (Register status 2026-09-29: No [IN-SYSTEM 2026-09-29].)",work_rules.wages.jp_specific_by_industry.SF114,,,
JP-SF115,JP,minimum_wage,"京都府 specific (industry) minimum wage — 各種商品小売業: 938円/hour, effective 2022-01-26; MHLW marks it ※ — the higher regional floor applies instead.","Minimum Wage Act arts. 6, 15–19; MHLW live industry table (https://saiteichingin.mhlw.go.jp/table/page_indlist_nationallist.html)",https://saiteichingin.mhlw.go.jp/table/page_indlist_nationallist.html,2026-09-29,2022-01-26,,GAP,"JP lineage not yet seeded. Displayed rate is provisional; operative order, worker scope, exclusions and production check absent. Needs the Gazette order, covered industry/occupation, worker exclusions, concurrency with the dated regional floor and a work-date probe. (Register status 2026-09-29: No [IN-SYSTEM 2026-09-29].)",work_rules.wages.jp_specific_by_industry.SF115,,,
JP-SF116,JP,minimum_wage,"京都府 specific (industry) minimum wage — 自動車(新車)小売業: 939円/hour, effective 2022-01-26; MHLW marks it ※ — the higher regional floor applies instead.","Minimum Wage Act arts. 6, 15–19; MHLW live industry table (https://saiteichingin.mhlw.go.jp/table/page_indlist_nationallist.html)",https://saiteichingin.mhlw.go.jp/table/page_indlist_nationallist.html,2026-09-29,2022-01-26,,GAP,"JP lineage not yet seeded. Displayed rate is provisional; operative order, worker scope, exclusions and production check absent. Needs the Gazette order, covered industry/occupation, worker exclusions, concurrency with the dated regional floor and a work-date probe. (Register status 2026-09-29: No [IN-SYSTEM 2026-09-29].)",work_rules.wages.jp_specific_by_industry.SF116,,,
JP-SF117,JP,minimum_wage,"大阪府 specific (industry) minimum wage — 塗料製造業: 1191円/hour, effective 2025-12-04; MHLW marks it ※ — the higher regional floor applies instead.","Minimum Wage Act arts. 6, 15–19; MHLW live industry table (https://saiteichingin.mhlw.go.jp/table/page_indlist_nationallist.html)",https://saiteichingin.mhlw.go.jp/table/page_indlist_nationallist.html,2026-09-29,2025-12-04,,GAP,"JP lineage not yet seeded. Displayed rate is provisional; operative order, worker scope, exclusions and production check absent. Needs the Gazette order, covered industry/occupation, worker exclusions, concurrency with the dated regional floor and a work-date probe. (Register status 2026-09-29: No [IN-SYSTEM 2026-09-29].)",work_rules.wages.jp_specific_by_industry.SF117,,,
JP-SF118,JP,minimum_wage,"大阪府 specific (industry) minimum wage — 鉄鋼業: 1185円/hour, effective 2025-12-01; MHLW marks it ※ — the higher regional floor applies instead.","Minimum Wage Act arts. 6, 15–19; MHLW live industry table (https://saiteichingin.mhlw.go.jp/table/page_indlist_nationallist.html)",https://saiteichingin.mhlw.go.jp/table/page_indlist_nationallist.html,2026-09-29,2025-12-01,,GAP,"JP lineage not yet seeded. Displayed rate is provisional; operative order, worker scope, exclusions and production check absent. Needs the Gazette order, covered industry/occupation, worker exclusions, concurrency with the dated regional floor and a work-date probe. (Register status 2026-09-29: No [IN-SYSTEM 2026-09-29].)",work_rules.wages.jp_specific_by_industry.SF118,,,
JP-SF119,JP,minimum_wage,"大阪府 specific (industry) minimum wage — 非鉄金属・同合金圧延業、電線・ケーブル製造業: 1180円/hour, effective 2025-12-01; MHLW marks it ※ — the higher regional floor applies instead.","Minimum Wage Act arts. 6, 15–19; MHLW live industry table (https://saiteichingin.mhlw.go.jp/table/page_indlist_nationallist.html)",https://saiteichingin.mhlw.go.jp/table/page_indlist_nationallist.html,2026-09-29,2025-12-01,,GAP,"JP lineage not yet seeded. Displayed rate is provisional; operative order, worker scope, exclusions and production check absent. Needs the Gazette order, covered industry/occupation, worker exclusions, concurrency with the dated regional floor and a work-date probe. (Register status 2026-09-29: No [IN-SYSTEM 2026-09-29].)",work_rules.wages.jp_specific_by_industry.SF119,,,
JP-SF120,JP,minimum_wage,"大阪府 specific (industry) minimum wage — はん用機械器具製造業、生産用機械器具製造業、業務用機械器具製造業、暖房・調理等装置、配管工事用附属品、金属線製品製造業、船舶製造・修理業、舶用機関製造業: 1197円/hour, effective 2025-12-01; MHLW marks it ※ — the higher regional floor applies instead.","Minimum Wage Act arts. 6, 15–19; MHLW live industry table (https://saiteichingin.mhlw.go.jp/table/page_indlist_nationallist.html)",https://saiteichingin.mhlw.go.jp/table/page_indlist_nationallist.html,2026-09-29,2025-12-01,,GAP,"JP lineage not yet seeded. Displayed rate is provisional; operative order, worker scope, exclusions and production check absent. Needs the Gazette order, covered industry/occupation, worker exclusions, concurrency with the dated regional floor and a work-date probe. (Register status 2026-09-29: No [IN-SYSTEM 2026-09-29].)",work_rules.wages.jp_specific_by_industry.SF120,,,
JP-SF121,JP,minimum_wage,"大阪府 specific (industry) minimum wage — 電子部品・デバイス・電子回路、電気機械器具、情報通信機械器具製造業: 1197円/hour, effective 2025-12-04; MHLW marks it ※ — the higher regional floor applies instead.","Minimum Wage Act arts. 6, 15–19; MHLW live industry table (https://saiteichingin.mhlw.go.jp/table/page_indlist_nationallist.html)",https://saiteichingin.mhlw.go.jp/table/page_indlist_nationallist.html,2026-09-29,2025-12-04,,GAP,"JP lineage not yet seeded. Displayed rate is provisional; operative order, worker scope, exclusions and production check absent. Needs the Gazette order, covered industry/occupation, worker exclusions, concurrency with the dated regional floor and a work-date probe. (Register status 2026-09-29: No [IN-SYSTEM 2026-09-29].)",work_rules.wages.jp_specific_by_industry.SF121,,,
JP-SF122,JP,minimum_wage,"大阪府 specific (industry) minimum wage — 自動車・同附属品製造業: 1194円/hour, effective 2025-12-01; MHLW marks it ※ — the higher regional floor applies instead.","Minimum Wage Act arts. 6, 15–19; MHLW live industry table (https://saiteichingin.mhlw.go.jp/table/page_indlist_nationallist.html)",https://saiteichingin.mhlw.go.jp/table/page_indlist_nationallist.html,2026-09-29,2025-12-01,,GAP,"JP lineage not yet seeded. Displayed rate is provisional; operative order, worker scope, exclusions and production check absent. Needs the Gazette order, covered industry/occupation, worker exclusions, concurrency with the dated regional floor and a work-date probe. (Register status 2026-09-29: No [IN-SYSTEM 2026-09-29].)",work_rules.wages.jp_specific_by_industry.SF122,,,
JP-SF123,JP,minimum_wage,"大阪府 specific (industry) minimum wage — 自動車小売業: 993円/hour, effective 2021-12-01; MHLW marks it ※ — the higher regional floor applies instead.","Minimum Wage Act arts. 6, 15–19; MHLW live industry table (https://saiteichingin.mhlw.go.jp/table/page_indlist_nationallist.html)",https://saiteichingin.mhlw.go.jp/table/page_indlist_nationallist.html,2026-09-29,2021-12-01,,GAP,"JP lineage not yet seeded. Displayed rate is provisional; operative order, worker scope, exclusions and production check absent. Needs the Gazette order, covered industry/occupation, worker exclusions, concurrency with the dated regional floor and a work-date probe. (Register status 2026-09-29: No [IN-SYSTEM 2026-09-29].)",work_rules.wages.jp_specific_by_industry.SF123,,,
JP-SF124,JP,minimum_wage,"三重県 specific (industry) minimum wage — ガラス・同製品製造業: 923円/hour, effective 2021-12-21; MHLW marks it ※ — the higher regional floor applies instead.","Minimum Wage Act arts. 6, 15–19; MHLW live industry table (https://saiteichingin.mhlw.go.jp/table/page_indlist_nationallist.html)",https://saiteichingin.mhlw.go.jp/table/page_indlist_nationallist.html,2026-09-29,2021-12-21,,GAP,"JP lineage not yet seeded. Displayed rate is provisional; operative order, worker scope, exclusions and production check absent. Needs the Gazette order, covered industry/occupation, worker exclusions, concurrency with the dated regional floor and a work-date probe. (Register status 2026-09-29: No [IN-SYSTEM 2026-09-29].)",work_rules.wages.jp_specific_by_industry.SF124,,,
JP-SF125,JP,minimum_wage,"三重県 specific (industry) minimum wage — 銑鉄鋳物、可鍛鋳鉄、鋳鉄管製造業: 739円/hour, 5907円/day (legacy unit), effective 1998-12-15; MHLW marks it ※ — the higher regional floor applies instead.","Minimum Wage Act arts. 6, 15–19; MHLW live industry table (https://saiteichingin.mhlw.go.jp/table/page_indlist_nationallist.html)",https://saiteichingin.mhlw.go.jp/table/page_indlist_nationallist.html,2026-09-29,1998-12-15,,GAP,"JP lineage not yet seeded. Displayed rate is provisional; operative order, worker scope, exclusions and production check absent. Needs the Gazette order, covered industry/occupation, worker exclusions, concurrency with the dated regional floor and a work-date probe. (Register status 2026-09-29: No [IN-SYSTEM 2026-09-29].)",work_rules.wages.jp_specific_by_industry.SF125,,,
JP-SF126,JP,minimum_wage,"三重県 specific (industry) minimum wage — 電線・ケーブル製造業: 1097円/hour, effective 2025-12-21; MHLW marks it ※ — the higher regional floor applies instead.","Minimum Wage Act arts. 6, 15–19; MHLW live industry table (https://saiteichingin.mhlw.go.jp/table/page_indlist_nationallist.html)",https://saiteichingin.mhlw.go.jp/table/page_indlist_nationallist.html,2026-09-29,2025-12-21,,GAP,"JP lineage not yet seeded. Displayed rate is provisional; operative order, worker scope, exclusions and production check absent. Needs the Gazette order, covered industry/occupation, worker exclusions, concurrency with the dated regional floor and a work-date probe. (Register status 2026-09-29: No [IN-SYSTEM 2026-09-29].)",work_rules.wages.jp_specific_by_industry.SF126,,,
JP-SF127,JP,minimum_wage,"三重県 specific (industry) minimum wage — 洋食器・刃物・手道具・金物類製造業: 843円/hour, effective 2015-12-20; MHLW marks it ※ — the higher regional floor applies instead.","Minimum Wage Act arts. 6, 15–19; MHLW live industry table (https://saiteichingin.mhlw.go.jp/table/page_indlist_nationallist.html)",https://saiteichingin.mhlw.go.jp/table/page_indlist_nationallist.html,2026-09-29,2015-12-20,,GAP,"JP lineage not yet seeded. Displayed rate is provisional; operative order, worker scope, exclusions and production check absent. Needs the Gazette order, covered industry/occupation, worker exclusions, concurrency with the dated regional floor and a work-date probe. (Register status 2026-09-29: No [IN-SYSTEM 2026-09-29].)",work_rules.wages.jp_specific_by_industry.SF127,,,
JP-SF128,JP,minimum_wage,"三重県 specific (industry) minimum wage — 一般機械器具製造業: 762円/hour, effective 2003-12-15; MHLW marks it ※ — the higher regional floor applies instead.","Minimum Wage Act arts. 6, 15–19; MHLW live industry table (https://saiteichingin.mhlw.go.jp/table/page_indlist_nationallist.html)",https://saiteichingin.mhlw.go.jp/table/page_indlist_nationallist.html,2026-09-29,2003-12-15,,GAP,"JP lineage not yet seeded. Displayed rate is provisional; operative order, worker scope, exclusions and production check absent. Needs the Gazette order, covered industry/occupation, worker exclusions, concurrency with the dated regional floor and a work-date probe. (Register status 2026-09-29: No [IN-SYSTEM 2026-09-29].)",work_rules.wages.jp_specific_by_industry.SF128,,,
JP-SF129,JP,minimum_wage,"三重県 specific (industry) minimum wage — 電子部品・デバイス・電子回路、電気機械器具、情報通信機械器具製造業: 1031円/hour, effective 2024-12-21; MHLW marks it ※ — the higher regional floor applies instead.","Minimum Wage Act arts. 6, 15–19; MHLW live industry table (https://saiteichingin.mhlw.go.jp/table/page_indlist_nationallist.html)",https://saiteichingin.mhlw.go.jp/table/page_indlist_nationallist.html,2026-09-29,2024-12-21,,GAP,"JP lineage not yet seeded. Displayed rate is provisional; operative order, worker scope, exclusions and production check absent. Needs the Gazette order, covered industry/occupation, worker exclusions, concurrency with the dated regional floor and a work-date probe. (Register status 2026-09-29: No [IN-SYSTEM 2026-09-29].)",work_rules.wages.jp_specific_by_industry.SF129,,,
JP-SF130,JP,minimum_wage,"三重県 specific (industry) minimum wage — 建設機械・鉱山機械製造業、自動車・同附属品製造業、船舶製造・修理業、舶用機関製造業、産業用運搬車両・同部分品・附属品製造業、その他の輸送用機械器具製造業: 1111円/hour, effective 2025-12-21; MHLW marks it ※ — the higher regional floor applies instead.","Minimum Wage Act arts. 6, 15–19; MHLW live industry table (https://saiteichingin.mhlw.go.jp/table/page_indlist_nationallist.html)",https://saiteichingin.mhlw.go.jp/table/page_indlist_nationallist.html,2026-09-29,2025-12-21,,GAP,"JP lineage not yet seeded. Displayed rate is provisional; operative order, worker scope, exclusions and production check absent. Needs the Gazette order, covered industry/occupation, worker exclusions, concurrency with the dated regional floor and a work-date probe. (Register status 2026-09-29: No [IN-SYSTEM 2026-09-29].)",work_rules.wages.jp_specific_by_industry.SF130,,,
JP-SF131,JP,minimum_wage,"滋賀県 specific (industry) minimum wage — 紡績業，化学繊維製造業、その他の織物業、染色整理業、繊維粗製品製造業、その他の繊維製品製造業: 789円/hour, effective 2016-12-30; MHLW marks it ※ — the higher regional floor applies instead.","Minimum Wage Act arts. 6, 15–19; MHLW live industry table (https://saiteichingin.mhlw.go.jp/table/page_indlist_nationallist.html)",https://saiteichingin.mhlw.go.jp/table/page_indlist_nationallist.html,2026-09-29,2016-12-30,,GAP,"JP lineage not yet seeded. Displayed rate is provisional; operative order, worker scope, exclusions and production check absent. Needs the Gazette order, covered industry/occupation, worker exclusions, concurrency with the dated regional floor and a work-date probe. (Register status 2026-09-29: No [IN-SYSTEM 2026-09-29].)",work_rules.wages.jp_specific_by_industry.SF131,,,
JP-SF132,JP,minimum_wage,"滋賀県 specific (industry) minimum wage — ガラス・同製品、セメント・同製品、衛生陶器、炭素・黒鉛製品、炭素繊維製造業: 1099円/hour, effective 2025-12-28; MHLW marks it ※ — the higher regional floor applies instead.","Minimum Wage Act arts. 6, 15–19; MHLW live industry table (https://saiteichingin.mhlw.go.jp/table/page_indlist_nationallist.html)",https://saiteichingin.mhlw.go.jp/table/page_indlist_nationallist.html,2026-09-29,2025-12-28,,GAP,"JP lineage not yet seeded. Displayed rate is provisional; operative order, worker scope, exclusions and production check absent. Needs the Gazette order, covered industry/occupation, worker exclusions, concurrency with the dated regional floor and a work-date probe. (Register status 2026-09-29: No [IN-SYSTEM 2026-09-29].)",work_rules.wages.jp_specific_by_industry.SF132,,,
JP-SF133,JP,minimum_wage,"滋賀県 specific (industry) minimum wage — はん用機械器具、生産用機械器具、業務用機械器具製造業: 1114円/hour, effective 2025-12-28; MHLW marks it ※ — the higher regional floor applies instead.","Minimum Wage Act arts. 6, 15–19; MHLW live industry table (https://saiteichingin.mhlw.go.jp/table/page_indlist_nationallist.html)",https://saiteichingin.mhlw.go.jp/table/page_indlist_nationallist.html,2026-09-29,2025-12-28,,GAP,"JP lineage not yet seeded. Displayed rate is provisional; operative order, worker scope, exclusions and production check absent. Needs the Gazette order, covered industry/occupation, worker exclusions, concurrency with the dated regional floor and a work-date probe. (Register status 2026-09-29: No [IN-SYSTEM 2026-09-29].)",work_rules.wages.jp_specific_by_industry.SF133,,,
JP-SF134,JP,minimum_wage,"滋賀県 specific (industry) minimum wage — 計量器・測定器・分析機器・試験機、光学機械器具・レンズ、電子部品・デバイス・電子回路、電気機械器具、情報通信機械器具製造業: 1105円/hour, effective 2025-12-28; MHLW marks it ※ — the higher regional floor applies instead.","Minimum Wage Act arts. 6, 15–19; MHLW live industry table (https://saiteichingin.mhlw.go.jp/table/page_indlist_nationallist.html)",https://saiteichingin.mhlw.go.jp/table/page_indlist_nationallist.html,2026-09-29,2025-12-28,,GAP,"JP lineage not yet seeded. Displayed rate is provisional; operative order, worker scope, exclusions and production check absent. Needs the Gazette order, covered industry/occupation, worker exclusions, concurrency with the dated regional floor and a work-date probe. (Register status 2026-09-29: No [IN-SYSTEM 2026-09-29].)",work_rules.wages.jp_specific_by_industry.SF134,,,
JP-SF135,JP,minimum_wage,"滋賀県 specific (industry) minimum wage — 自動車・同附属品製造業: 1115円/hour, effective 2025-12-28; MHLW marks it ※ — the higher regional floor applies instead.","Minimum Wage Act arts. 6, 15–19; MHLW live industry table (https://saiteichingin.mhlw.go.jp/table/page_indlist_nationallist.html)",https://saiteichingin.mhlw.go.jp/table/page_indlist_nationallist.html,2026-09-29,2025-12-28,,GAP,"JP lineage not yet seeded. Displayed rate is provisional; operative order, worker scope, exclusions and production check absent. Needs the Gazette order, covered industry/occupation, worker exclusions, concurrency with the dated regional floor and a work-date probe. (Register status 2026-09-29: No [IN-SYSTEM 2026-09-29].)",work_rules.wages.jp_specific_by_industry.SF135,,,
JP-SF136,JP,minimum_wage,"滋賀県 specific (industry) minimum wage — 各種商品小売業: 840円/hour, effective 2018-12-29; MHLW marks it ※ — the higher regional floor applies instead.","Minimum Wage Act arts. 6, 15–19; MHLW live industry table (https://saiteichingin.mhlw.go.jp/table/page_indlist_nationallist.html)",https://saiteichingin.mhlw.go.jp/table/page_indlist_nationallist.html,2026-09-29,2018-12-29,,GAP,"JP lineage not yet seeded. Displayed rate is provisional; operative order, worker scope, exclusions and production check absent. Needs the Gazette order, covered industry/occupation, worker exclusions, concurrency with the dated regional floor and a work-date probe. (Register status 2026-09-29: No [IN-SYSTEM 2026-09-29].)",work_rules.wages.jp_specific_by_industry.SF136,,,
JP-SF137,JP,minimum_wage,"兵庫県 specific (industry) minimum wage — 繊維工業: 800円/hour, effective 2016-03-01; MHLW marks it ※ — the higher regional floor applies instead.","Minimum Wage Act arts. 6, 15–19; MHLW live industry table (https://saiteichingin.mhlw.go.jp/table/page_indlist_nationallist.html)",https://saiteichingin.mhlw.go.jp/table/page_indlist_nationallist.html,2026-09-29,2016-03-01,,GAP,"JP lineage not yet seeded. Displayed rate is provisional; operative order, worker scope, exclusions and production check absent. Needs the Gazette order, covered industry/occupation, worker exclusions, concurrency with the dated regional floor and a work-date probe. (Register status 2026-09-29: No [IN-SYSTEM 2026-09-29].)",work_rules.wages.jp_specific_by_industry.SF137,,,
JP-SF138,JP,minimum_wage,"兵庫県 specific (industry) minimum wage — 塗料製造業: 1158円/hour, effective 2025-12-01; MHLW marks it ※ — the higher regional floor applies instead.","Minimum Wage Act arts. 6, 15–19; MHLW live industry table (https://saiteichingin.mhlw.go.jp/table/page_indlist_nationallist.html)",https://saiteichingin.mhlw.go.jp/table/page_indlist_nationallist.html,2026-09-29,2025-12-01,,GAP,"JP lineage not yet seeded. Displayed rate is provisional; operative order, worker scope, exclusions and production check absent. Needs the Gazette order, covered industry/occupation, worker exclusions, concurrency with the dated regional floor and a work-date probe. (Register status 2026-09-29: No [IN-SYSTEM 2026-09-29].)",work_rules.wages.jp_specific_by_industry.SF138,,,
JP-SF139,JP,minimum_wage,"兵庫県 specific (industry) minimum wage — 鉄鋼業: 1180円/hour, effective 2025-12-01.","Minimum Wage Act arts. 6, 15–19; MHLW live industry table (https://saiteichingin.mhlw.go.jp/table/page_indlist_nationallist.html)",https://saiteichingin.mhlw.go.jp/table/page_indlist_nationallist.html,2026-09-29,2025-12-01,,GAP,"JP lineage not yet seeded. Displayed rate is provisional; operative order, worker scope, exclusions and production check absent. Needs the Gazette order, covered industry/occupation, worker exclusions, concurrency with the dated regional floor and a work-date probe. (Register status 2026-09-29: No [IN-SYSTEM 2026-09-29].)",work_rules.wages.jp_specific_by_industry.SF139,,,
JP-SF140,JP,minimum_wage,"兵庫県 specific (industry) minimum wage — はん用機械器具製造業、生産用機械器具製造業、業務用機械器具製造業: 1150円/hour, effective 2025-12-01; MHLW marks it ※ — the higher regional floor applies instead.","Minimum Wage Act arts. 6, 15–19; MHLW live industry table (https://saiteichingin.mhlw.go.jp/table/page_indlist_nationallist.html)",https://saiteichingin.mhlw.go.jp/table/page_indlist_nationallist.html,2026-09-29,2025-12-01,,GAP,"JP lineage not yet seeded. Displayed rate is provisional; operative order, worker scope, exclusions and production check absent. Needs the Gazette order, covered industry/occupation, worker exclusions, concurrency with the dated regional floor and a work-date probe. (Register status 2026-09-29: No [IN-SYSTEM 2026-09-29].)",work_rules.wages.jp_specific_by_industry.SF140,,,
JP-SF141,JP,minimum_wage,"兵庫県 specific (industry) minimum wage — 電子部品・デバイス・電子回路製造業、電気機械器具製造業、情報通信機械器具製造業: 1117円/hour, effective 2025-12-01; MHLW marks it ※ — the higher regional floor applies instead.","Minimum Wage Act arts. 6, 15–19; MHLW live industry table (https://saiteichingin.mhlw.go.jp/table/page_indlist_nationallist.html)",https://saiteichingin.mhlw.go.jp/table/page_indlist_nationallist.html,2026-09-29,2025-12-01,,GAP,"JP lineage not yet seeded. Displayed rate is provisional; operative order, worker scope, exclusions and production check absent. Needs the Gazette order, covered industry/occupation, worker exclusions, concurrency with the dated regional floor and a work-date probe. (Register status 2026-09-29: No [IN-SYSTEM 2026-09-29].)",work_rules.wages.jp_specific_by_industry.SF141,,,
JP-SF142,JP,minimum_wage,"兵庫県 specific (industry) minimum wage — 輸送用機械器具製造業: 1188円/hour, effective 2025-12-01.","Minimum Wage Act arts. 6, 15–19; MHLW live industry table (https://saiteichingin.mhlw.go.jp/table/page_indlist_nationallist.html)",https://saiteichingin.mhlw.go.jp/table/page_indlist_nationallist.html,2026-09-29,2025-12-01,,GAP,"JP lineage not yet seeded. Displayed rate is provisional; operative order, worker scope, exclusions and production check absent. Needs the Gazette order, covered industry/occupation, worker exclusions, concurrency with the dated regional floor and a work-date probe. (Register status 2026-09-29: No [IN-SYSTEM 2026-09-29].)",work_rules.wages.jp_specific_by_industry.SF142,,,
JP-SF143,JP,minimum_wage,"兵庫県 specific (industry) minimum wage — 計量器・測定器・分析機器・試験機・測量機械器具製造業: 1117円/hour, effective 2025-12-01; MHLW marks it ※ — the higher regional floor applies instead.","Minimum Wage Act arts. 6, 15–19; MHLW live industry table (https://saiteichingin.mhlw.go.jp/table/page_indlist_nationallist.html)",https://saiteichingin.mhlw.go.jp/table/page_indlist_nationallist.html,2026-09-29,2025-12-01,,GAP,"JP lineage not yet seeded. Displayed rate is provisional; operative order, worker scope, exclusions and production check absent. Needs the Gazette order, covered industry/occupation, worker exclusions, concurrency with the dated regional floor and a work-date probe. (Register status 2026-09-29: No [IN-SYSTEM 2026-09-29].)",work_rules.wages.jp_specific_by_industry.SF143,,,
JP-SF144,JP,minimum_wage,"兵庫県 specific (industry) minimum wage — 各種商品小売業: 797円/hour, effective 2016-02-01; MHLW marks it ※ — the higher regional floor applies instead.","Minimum Wage Act arts. 6, 15–19; MHLW live industry table (https://saiteichingin.mhlw.go.jp/table/page_indlist_nationallist.html)",https://saiteichingin.mhlw.go.jp/table/page_indlist_nationallist.html,2026-09-29,2016-02-01,,GAP,"JP lineage not yet seeded. Displayed rate is provisional; operative order, worker scope, exclusions and production check absent. Needs the Gazette order, covered industry/occupation, worker exclusions, concurrency with the dated regional floor and a work-date probe. (Register status 2026-09-29: No [IN-SYSTEM 2026-09-29].)",work_rules.wages.jp_specific_by_industry.SF144,,,
JP-SF145,JP,minimum_wage,"兵庫県 specific (industry) minimum wage — 自動車小売業: 963円/hour, effective 2022-12-01; MHLW marks it ※ — the higher regional floor applies instead.","Minimum Wage Act arts. 6, 15–19; MHLW live industry table (https://saiteichingin.mhlw.go.jp/table/page_indlist_nationallist.html)",https://saiteichingin.mhlw.go.jp/table/page_indlist_nationallist.html,2026-09-29,2022-12-01,,GAP,"JP lineage not yet seeded. Displayed rate is provisional; operative order, worker scope, exclusions and production check absent. Needs the Gazette order, covered industry/occupation, worker exclusions, concurrency with the dated regional floor and a work-date probe. (Register status 2026-09-29: No [IN-SYSTEM 2026-09-29].)",work_rules.wages.jp_specific_by_industry.SF145,,,
JP-SF146,JP,minimum_wage,"奈良県 specific (industry) minimum wage — はん用機械器具、生産用機械器具、業務用機械器具製造業: 905円/hour, effective 2021-12-29; MHLW marks it ※ — the higher regional floor applies instead.","Minimum Wage Act arts. 6, 15–19; MHLW live industry table (https://saiteichingin.mhlw.go.jp/table/page_indlist_nationallist.html)",https://saiteichingin.mhlw.go.jp/table/page_indlist_nationallist.html,2026-09-29,2021-12-29,,GAP,"JP lineage not yet seeded. Displayed rate is provisional; operative order, worker scope, exclusions and production check absent. Needs the Gazette order, covered industry/occupation, worker exclusions, concurrency with the dated regional floor and a work-date probe. (Register status 2026-09-29: No [IN-SYSTEM 2026-09-29].)",work_rules.wages.jp_specific_by_industry.SF146,,,
JP-SF147,JP,minimum_wage,"奈良県 specific (industry) minimum wage — 電子部品・デバイス・電子回路、発電用・送電用・配電用電気機械器具、産業用電気機械器具、民生用電気機械器具製造業: 891円/hour, effective 2021-12-29; MHLW marks it ※ — the higher regional floor applies instead.","Minimum Wage Act arts. 6, 15–19; MHLW live industry table (https://saiteichingin.mhlw.go.jp/table/page_indlist_nationallist.html)",https://saiteichingin.mhlw.go.jp/table/page_indlist_nationallist.html,2026-09-29,2021-12-29,,GAP,"JP lineage not yet seeded. Displayed rate is provisional; operative order, worker scope, exclusions and production check absent. Needs the Gazette order, covered industry/occupation, worker exclusions, concurrency with the dated regional floor and a work-date probe. (Register status 2026-09-29: No [IN-SYSTEM 2026-09-29].)",work_rules.wages.jp_specific_by_industry.SF147,,,
JP-SF148,JP,minimum_wage,"奈良県 specific (industry) minimum wage — 自動車小売業: 892円/hour, effective 2021-12-29; MHLW marks it ※ — the higher regional floor applies instead.","Minimum Wage Act arts. 6, 15–19; MHLW live industry table (https://saiteichingin.mhlw.go.jp/table/page_indlist_nationallist.html)",https://saiteichingin.mhlw.go.jp/table/page_indlist_nationallist.html,2026-09-29,2021-12-29,,GAP,"JP lineage not yet seeded. Displayed rate is provisional; operative order, worker scope, exclusions and production check absent. Needs the Gazette order, covered industry/occupation, worker exclusions, concurrency with the dated regional floor and a work-date probe. (Register status 2026-09-29: No [IN-SYSTEM 2026-09-29].)",work_rules.wages.jp_specific_by_industry.SF148,,,
JP-SF149,JP,minimum_wage,"奈良県 specific (industry) minimum wage — 木材・木製品・家具・装備品製造業: 816円/hour, 6527円/day (legacy unit), effective 1989-01-25; MHLW marks it ※ — the higher regional floor applies instead.","Minimum Wage Act arts. 6, 15–19; MHLW live industry table (https://saiteichingin.mhlw.go.jp/table/page_indlist_nationallist.html)",https://saiteichingin.mhlw.go.jp/table/page_indlist_nationallist.html,2026-09-29,1989-01-25,2026-03-31,GAP,"JP lineage not yet seeded. Stale live listing after the 2026 abolition; retain only for pre-abolition history. JP-SF-T03 records the ordinary/skilled rates, worker exclusions, count reconciliation and unresolved Gazette/probe. Needs the Gazette order, covered industry/occupation, worker exclusions, concurrency with the dated regional floor and a work-date probe. (Register status 2026-09-29: No [IN-SYSTEM 2026-09-29].)",work_rules.wages.jp_specific_by_industry.SF149,,,
JP-SF150,JP,minimum_wage,"和歌山県 specific (industry) minimum wage — 鉄鋼業: 1170円/hour, effective 2025-12-30.","Minimum Wage Act arts. 6, 15–19; MHLW live industry table (https://saiteichingin.mhlw.go.jp/table/page_indlist_nationallist.html)",https://saiteichingin.mhlw.go.jp/table/page_indlist_nationallist.html,2026-09-29,2025-12-30,,GAP,"JP lineage not yet seeded. Displayed rate is provisional; operative order, worker scope, exclusions and production check absent. Needs the Gazette order, covered industry/occupation, worker exclusions, concurrency with the dated regional floor and a work-date probe. (Register status 2026-09-29: No [IN-SYSTEM 2026-09-29].)",work_rules.wages.jp_specific_by_industry.SF150,,,
JP-SF151,JP,minimum_wage,"和歌山県 specific (industry) minimum wage — 百貨店,総合スーパー: 869円/hour, effective 2021-12-30; MHLW marks it ※ — the higher regional floor applies instead.","Minimum Wage Act arts. 6, 15–19; MHLW live industry table (https://saiteichingin.mhlw.go.jp/table/page_indlist_nationallist.html)",https://saiteichingin.mhlw.go.jp/table/page_indlist_nationallist.html,2026-09-29,2021-12-30,,GAP,"JP lineage not yet seeded. Displayed rate is provisional; operative order, worker scope, exclusions and production check absent. Needs the Gazette order, covered industry/occupation, worker exclusions, concurrency with the dated regional floor and a work-date probe. (Register status 2026-09-29: No [IN-SYSTEM 2026-09-29].)",work_rules.wages.jp_specific_by_industry.SF151,,,
JP-SF152,JP,minimum_wage,"鳥取県 specific (industry) minimum wage — 電子部品・デバイス・電子回路、電気機械器具、情報通信機械器具製造業: 963円/hour, effective 2024-12-19; MHLW marks it ※ — the higher regional floor applies instead.","Minimum Wage Act arts. 6, 15–19; MHLW live industry table (https://saiteichingin.mhlw.go.jp/table/page_indlist_nationallist.html)",https://saiteichingin.mhlw.go.jp/table/page_indlist_nationallist.html,2026-09-29,2024-12-19,,GAP,"JP lineage not yet seeded. Displayed rate is provisional; operative order, worker scope, exclusions and production check absent. Needs the Gazette order, covered industry/occupation, worker exclusions, concurrency with the dated regional floor and a work-date probe. (Register status 2026-09-29: No [IN-SYSTEM 2026-09-29].)",work_rules.wages.jp_specific_by_industry.SF152,,,
JP-SF153,JP,minimum_wage,"鳥取県 specific (industry) minimum wage — 各種商品小売業: 902円/hour, effective 2023-12-15; MHLW marks it ※ — the higher regional floor applies instead.","Minimum Wage Act arts. 6, 15–19; MHLW live industry table (https://saiteichingin.mhlw.go.jp/table/page_indlist_nationallist.html)",https://saiteichingin.mhlw.go.jp/table/page_indlist_nationallist.html,2026-09-29,2023-12-15,,GAP,"JP lineage not yet seeded. Displayed rate is provisional; operative order, worker scope, exclusions and production check absent. Needs the Gazette order, covered industry/occupation, worker exclusions, concurrency with the dated regional floor and a work-date probe. (Register status 2026-09-29: No [IN-SYSTEM 2026-09-29].)",work_rules.wages.jp_specific_by_industry.SF153,,,
JP-SF154,JP,minimum_wage,"島根県 specific (industry) minimum wage — 製鋼・製鋼圧延業、鉄素形材製造業: 1163円/hour, effective 2025-12-13.","Minimum Wage Act arts. 6, 15–19; MHLW live industry table (https://saiteichingin.mhlw.go.jp/table/page_indlist_nationallist.html)",https://saiteichingin.mhlw.go.jp/table/page_indlist_nationallist.html,2026-09-29,2025-12-13,,GAP,"JP lineage not yet seeded. Displayed rate is provisional; operative order, worker scope, exclusions and production check absent. Needs the Gazette order, covered industry/occupation, worker exclusions, concurrency with the dated regional floor and a work-date probe. (Register status 2026-09-29: No [IN-SYSTEM 2026-09-29].)",work_rules.wages.jp_specific_by_industry.SF154,,,
JP-SF155,JP,minimum_wage,"島根県 specific (industry) minimum wage — はん用機械器具、生産用機械器具、業務用機械器具製造業: 1134円/hour, effective 2025-12-19.","Minimum Wage Act arts. 6, 15–19; MHLW live industry table (https://saiteichingin.mhlw.go.jp/table/page_indlist_nationallist.html)",https://saiteichingin.mhlw.go.jp/table/page_indlist_nationallist.html,2026-09-29,2025-12-19,,GAP,"JP lineage not yet seeded. Displayed rate is provisional; operative order, worker scope, exclusions and production check absent. Needs the Gazette order, covered industry/occupation, worker exclusions, concurrency with the dated regional floor and a work-date probe. (Register status 2026-09-29: No [IN-SYSTEM 2026-09-29].)",work_rules.wages.jp_specific_by_industry.SF155,,,
JP-SF156,JP,minimum_wage,"島根県 specific (industry) minimum wage — 電子部品・デバイス・電子回路、電気機械器具、情報通信機械器具製造業: 1058円/hour, effective 2025-12-14; MHLW marks it ※ — the higher regional floor applies instead.","Minimum Wage Act arts. 6, 15–19; MHLW live industry table (https://saiteichingin.mhlw.go.jp/table/page_indlist_nationallist.html)",https://saiteichingin.mhlw.go.jp/table/page_indlist_nationallist.html,2026-09-29,2025-12-14,,GAP,"JP lineage not yet seeded. Displayed rate is provisional; operative order, worker scope, exclusions and production check absent. Needs the Gazette order, covered industry/occupation, worker exclusions, concurrency with the dated regional floor and a work-date probe. (Register status 2026-09-29: No [IN-SYSTEM 2026-09-29].)",work_rules.wages.jp_specific_by_industry.SF156,,,
JP-SF157,JP,minimum_wage,"島根県 specific (industry) minimum wage — 自動車・同附属品製造業: 1094円/hour, effective 2025-12-28.","Minimum Wage Act arts. 6, 15–19; MHLW live industry table (https://saiteichingin.mhlw.go.jp/table/page_indlist_nationallist.html)",https://saiteichingin.mhlw.go.jp/table/page_indlist_nationallist.html,2026-09-29,2025-12-28,,GAP,"JP lineage not yet seeded. Displayed rate is provisional; operative order, worker scope, exclusions and production check absent. Needs the Gazette order, covered industry/occupation, worker exclusions, concurrency with the dated regional floor and a work-date probe. (Register status 2026-09-29: No [IN-SYSTEM 2026-09-29].)",work_rules.wages.jp_specific_by_industry.SF157,,,
JP-SF158,JP,minimum_wage,"島根県 specific (industry) minimum wage — 百貨店,総合スーパー: 905円/hour, effective 2023-12-28; MHLW marks it ※ — the higher regional floor applies instead.","Minimum Wage Act arts. 6, 15–19; MHLW live industry table (https://saiteichingin.mhlw.go.jp/table/page_indlist_nationallist.html)",https://saiteichingin.mhlw.go.jp/table/page_indlist_nationallist.html,2026-09-29,2023-12-28,,GAP,"JP lineage not yet seeded. Displayed rate is provisional; operative order, worker scope, exclusions and production check absent. Needs the Gazette order, covered industry/occupation, worker exclusions, concurrency with the dated regional floor and a work-date probe. (Register status 2026-09-29: No [IN-SYSTEM 2026-09-29].)",work_rules.wages.jp_specific_by_industry.SF158,,,
JP-SF159,JP,minimum_wage,"島根県 specific (industry) minimum wage — 自動車(新車)小売業: 1069円/hour, effective 2025-11-26; MHLW marks it ※ — the higher regional floor applies instead.","Minimum Wage Act arts. 6, 15–19; MHLW live industry table (https://saiteichingin.mhlw.go.jp/table/page_indlist_nationallist.html)",https://saiteichingin.mhlw.go.jp/table/page_indlist_nationallist.html,2026-09-29,2025-11-26,,GAP,"JP lineage not yet seeded. Displayed rate is provisional; operative order, worker scope, exclusions and production check absent. Needs the Gazette order, covered industry/occupation, worker exclusions, concurrency with the dated regional floor and a work-date probe. (Register status 2026-09-29: No [IN-SYSTEM 2026-09-29].)",work_rules.wages.jp_specific_by_industry.SF159,,,
JP-SF160,JP,minimum_wage,"岡山県 specific (industry) minimum wage — 耐火物製造業: 1074円/hour, effective 2026-02-04; MHLW marks it ※ — the higher regional floor applies instead.","Minimum Wage Act arts. 6, 15–19; MHLW live industry table (https://saiteichingin.mhlw.go.jp/table/page_indlist_nationallist.html)",https://saiteichingin.mhlw.go.jp/table/page_indlist_nationallist.html,2026-09-29,2026-02-04,,GAP,"JP lineage not yet seeded. Displayed rate is provisional; operative order, worker scope, exclusions and production check absent. Needs the Gazette order, covered industry/occupation, worker exclusions, concurrency with the dated regional floor and a work-date probe. (Register status 2026-09-29: No [IN-SYSTEM 2026-09-29].)",work_rules.wages.jp_specific_by_industry.SF160,,,
JP-SF161,JP,minimum_wage,"岡山県 specific (industry) minimum wage — 鉄鋼業: 1166円/hour, effective 2025-12-27.","Minimum Wage Act arts. 6, 15–19; MHLW live industry table (https://saiteichingin.mhlw.go.jp/table/page_indlist_nationallist.html)",https://saiteichingin.mhlw.go.jp/table/page_indlist_nationallist.html,2026-09-29,2025-12-27,,GAP,"JP lineage not yet seeded. Displayed rate is provisional; operative order, worker scope, exclusions and production check absent. Needs the Gazette order, covered industry/occupation, worker exclusions, concurrency with the dated regional floor and a work-date probe. (Register status 2026-09-29: No [IN-SYSTEM 2026-09-29].)",work_rules.wages.jp_specific_by_industry.SF161,,,
JP-SF162,JP,minimum_wage,"岡山県 specific (industry) minimum wage — 空気圧縮機・ガス圧縮機・送風機、家庭用エレベータ、冷凍機・温湿調整装置、玉軸受・ころ軸受、農業用機械、縫製機械、生活関連産業用機械、基礎素材産業用機械、半導体・フラットパネルディスプレイ製造装置、真空装置・真空機器、他に分類されない生産用機械・同部分品、事務用機械器具、サービス用・娯楽用機械器具製造業: 1103円/hour, effective 2026-01-17; MHLW marks it ※ — the higher regional floor applies instead.","Minimum Wage Act arts. 6, 15–19; MHLW live industry table (https://saiteichingin.mhlw.go.jp/table/page_indlist_nationallist.html)",https://saiteichingin.mhlw.go.jp/table/page_indlist_nationallist.html,2026-09-29,2026-01-17,,GAP,"JP lineage not yet seeded. Displayed rate is provisional; operative order, worker scope, exclusions and production check absent. Needs the Gazette order, covered industry/occupation, worker exclusions, concurrency with the dated regional floor and a work-date probe. (Register status 2026-09-29: No [IN-SYSTEM 2026-09-29].)",work_rules.wages.jp_specific_by_industry.SF162,,,
JP-SF163,JP,minimum_wage,"岡山県 specific (industry) minimum wage — 電子部品・デバイス・電子回路、電気機械器具、情報通信機械器具製造業: 1090円/hour, effective 2026-01-04; MHLW marks it ※ — the higher regional floor applies instead.","Minimum Wage Act arts. 6, 15–19; MHLW live industry table (https://saiteichingin.mhlw.go.jp/table/page_indlist_nationallist.html)",https://saiteichingin.mhlw.go.jp/table/page_indlist_nationallist.html,2026-09-29,2026-01-04,,GAP,"JP lineage not yet seeded. Displayed rate is provisional; operative order, worker scope, exclusions and production check absent. Needs the Gazette order, covered industry/occupation, worker exclusions, concurrency with the dated regional floor and a work-date probe. (Register status 2026-09-29: No [IN-SYSTEM 2026-09-29].)",work_rules.wages.jp_specific_by_industry.SF163,,,
JP-SF164,JP,minimum_wage,"岡山県 specific (industry) minimum wage — 自動車・同附属品製造業: 1083円/hour, effective 2026-01-21; MHLW marks it ※ — the higher regional floor applies instead.","Minimum Wage Act arts. 6, 15–19; MHLW live industry table (https://saiteichingin.mhlw.go.jp/table/page_indlist_nationallist.html)",https://saiteichingin.mhlw.go.jp/table/page_indlist_nationallist.html,2026-09-29,2026-01-21,,GAP,"JP lineage not yet seeded. Displayed rate is provisional; operative order, worker scope, exclusions and production check absent. Needs the Gazette order, covered industry/occupation, worker exclusions, concurrency with the dated regional floor and a work-date probe. (Register status 2026-09-29: No [IN-SYSTEM 2026-09-29].)",work_rules.wages.jp_specific_by_industry.SF164,,,
JP-SF165,JP,minimum_wage,"岡山県 specific (industry) minimum wage — 船舶製造・修理業、舶用機関製造業: 1159円/hour, effective 2026-01-01.","Minimum Wage Act arts. 6, 15–19; MHLW live industry table (https://saiteichingin.mhlw.go.jp/table/page_indlist_nationallist.html)",https://saiteichingin.mhlw.go.jp/table/page_indlist_nationallist.html,2026-09-29,2026-01-01,,GAP,"JP lineage not yet seeded. Displayed rate is provisional; operative order, worker scope, exclusions and production check absent. Needs the Gazette order, covered industry/occupation, worker exclusions, concurrency with the dated regional floor and a work-date probe. (Register status 2026-09-29: No [IN-SYSTEM 2026-09-29].)",work_rules.wages.jp_specific_by_industry.SF165,,,
JP-SF166,JP,minimum_wage,"岡山県 specific (industry) minimum wage — 各種商品小売業: 933円/hour, effective 2024-01-10; MHLW marks it ※ — the higher regional floor applies instead.","Minimum Wage Act arts. 6, 15–19; MHLW live industry table (https://saiteichingin.mhlw.go.jp/table/page_indlist_nationallist.html)",https://saiteichingin.mhlw.go.jp/table/page_indlist_nationallist.html,2026-09-29,2024-01-10,,GAP,"JP lineage not yet seeded. Displayed rate is provisional; operative order, worker scope, exclusions and production check absent. Needs the Gazette order, covered industry/occupation, worker exclusions, concurrency with the dated regional floor and a work-date probe. (Register status 2026-09-29: No [IN-SYSTEM 2026-09-29].)",work_rules.wages.jp_specific_by_industry.SF166,,,
JP-SF167,JP,minimum_wage,"広島県 specific (industry) minimum wage — 製鉄業、鋼材、銑鉄鋳物、可鍛鋳鉄製造業、その他鉄鋼業: 1179円/hour, effective 2025-12-31.","Minimum Wage Act arts. 6, 15–19; MHLW live industry table (https://saiteichingin.mhlw.go.jp/table/page_indlist_nationallist.html)",https://saiteichingin.mhlw.go.jp/table/page_indlist_nationallist.html,2026-09-29,2025-12-31,,GAP,"JP lineage not yet seeded. Displayed rate is provisional; operative order, worker scope, exclusions and production check absent. Needs the Gazette order, covered industry/occupation, worker exclusions, concurrency with the dated regional floor and a work-date probe. (Register status 2026-09-29: No [IN-SYSTEM 2026-09-29].)",work_rules.wages.jp_specific_by_industry.SF167,,,
JP-SF168,JP,minimum_wage,"広島県 specific (industry) minimum wage — 建設用・建築用金属製品、その他の金属製品製造業: 1052円/hour, effective 2025-02-21; MHLW marks it ※ — the higher regional floor applies instead.","Minimum Wage Act arts. 6, 15–19; MHLW live industry table (https://saiteichingin.mhlw.go.jp/table/page_indlist_nationallist.html)",https://saiteichingin.mhlw.go.jp/table/page_indlist_nationallist.html,2026-09-29,2025-02-21,,GAP,"JP lineage not yet seeded. Displayed rate is provisional; operative order, worker scope, exclusions and production check absent. Needs the Gazette order, covered industry/occupation, worker exclusions, concurrency with the dated regional floor and a work-date probe. (Register status 2026-09-29: No [IN-SYSTEM 2026-09-29].)",work_rules.wages.jp_specific_by_industry.SF168,,,
JP-SF169,JP,minimum_wage,"広島県 specific (industry) minimum wage — はん用機械器具、生産用機械器具、業務用機械器具製造業: 1070円/hour, effective 2024-12-31; MHLW marks it ※ — the higher regional floor applies instead.","Minimum Wage Act arts. 6, 15–19; MHLW live industry table (https://saiteichingin.mhlw.go.jp/table/page_indlist_nationallist.html)",https://saiteichingin.mhlw.go.jp/table/page_indlist_nationallist.html,2026-09-29,2024-12-31,,GAP,"JP lineage not yet seeded. Displayed rate is provisional; operative order, worker scope, exclusions and production check absent. Needs the Gazette order, covered industry/occupation, worker exclusions, concurrency with the dated regional floor and a work-date probe. (Register status 2026-09-29: No [IN-SYSTEM 2026-09-29].)",work_rules.wages.jp_specific_by_industry.SF169,,,
JP-SF170,JP,minimum_wage,"広島県 specific (industry) minimum wage — 電子部品・デバイス・電子回路、電気機械器具、情報通信機械器具製造業: 1110円/hour, effective 2025-12-31; MHLW marks it ※ — the higher regional floor applies instead.","Minimum Wage Act arts. 6, 15–19; MHLW live industry table (https://saiteichingin.mhlw.go.jp/table/page_indlist_nationallist.html)",https://saiteichingin.mhlw.go.jp/table/page_indlist_nationallist.html,2026-09-29,2025-12-31,,GAP,"JP lineage not yet seeded. Displayed rate is provisional; operative order, worker scope, exclusions and production check absent. Needs the Gazette order, covered industry/occupation, worker exclusions, concurrency with the dated regional floor and a work-date probe. (Register status 2026-09-29: No [IN-SYSTEM 2026-09-29].)",work_rules.wages.jp_specific_by_industry.SF170,,,
JP-SF171,JP,minimum_wage,"広島県 specific (industry) minimum wage — 自動車・同附属品製造業: 1105円/hour, effective 2025-12-31; MHLW marks it ※ — the higher regional floor applies instead.","Minimum Wage Act arts. 6, 15–19; MHLW live industry table (https://saiteichingin.mhlw.go.jp/table/page_indlist_nationallist.html)",https://saiteichingin.mhlw.go.jp/table/page_indlist_nationallist.html,2026-09-29,2025-12-31,,GAP,"JP lineage not yet seeded. Displayed rate is provisional; operative order, worker scope, exclusions and production check absent. Needs the Gazette order, covered industry/occupation, worker exclusions, concurrency with the dated regional floor and a work-date probe. (Register status 2026-09-29: No [IN-SYSTEM 2026-09-29].)",work_rules.wages.jp_specific_by_industry.SF171,,,
JP-SF172,JP,minimum_wage,"広島県 specific (industry) minimum wage — 船舶製造・修理業、舶用機関製造業: 1080円/hour, effective 2025-02-21; MHLW marks it ※ — the higher regional floor applies instead.","Minimum Wage Act arts. 6, 15–19; MHLW live industry table (https://saiteichingin.mhlw.go.jp/table/page_indlist_nationallist.html)",https://saiteichingin.mhlw.go.jp/table/page_indlist_nationallist.html,2026-09-29,2025-02-21,,GAP,"JP lineage not yet seeded. Displayed rate is provisional; operative order, worker scope, exclusions and production check absent. Needs the Gazette order, covered industry/occupation, worker exclusions, concurrency with the dated regional floor and a work-date probe. (Register status 2026-09-29: No [IN-SYSTEM 2026-09-29].)",work_rules.wages.jp_specific_by_industry.SF172,,,
JP-SF173,JP,minimum_wage,"広島県 specific (industry) minimum wage — 各種商品小売業: 903円/hour, effective 2021-12-31; MHLW marks it ※ — the higher regional floor applies instead.","Minimum Wage Act arts. 6, 15–19; MHLW live industry table (https://saiteichingin.mhlw.go.jp/table/page_indlist_nationallist.html)",https://saiteichingin.mhlw.go.jp/table/page_indlist_nationallist.html,2026-09-29,2021-12-31,,GAP,"JP lineage not yet seeded. Displayed rate is provisional; operative order, worker scope, exclusions and production check absent. Needs the Gazette order, covered industry/occupation, worker exclusions, concurrency with the dated regional floor and a work-date probe. (Register status 2026-09-29: No [IN-SYSTEM 2026-09-29].)",work_rules.wages.jp_specific_by_industry.SF173,,,
JP-SF174,JP,minimum_wage,"広島県 specific (industry) minimum wage — 自動車小売業: 1038円/hour, effective 2025-02-21; MHLW marks it ※ — the higher regional floor applies instead.","Minimum Wage Act arts. 6, 15–19; MHLW live industry table (https://saiteichingin.mhlw.go.jp/table/page_indlist_nationallist.html)",https://saiteichingin.mhlw.go.jp/table/page_indlist_nationallist.html,2026-09-29,2025-02-21,,GAP,"JP lineage not yet seeded. Displayed rate is provisional; operative order, worker scope, exclusions and production check absent. Needs the Gazette order, covered industry/occupation, worker exclusions, concurrency with the dated regional floor and a work-date probe. (Register status 2026-09-29: No [IN-SYSTEM 2026-09-29].)",work_rules.wages.jp_specific_by_industry.SF174,,,
JP-SF175,JP,minimum_wage,"山口県 specific (industry) minimum wage — 鉄鋼業、非鉄金属製錬・精製業、非鉄金属・同合金圧延業、非鉄金属素形材製造業: 1180円/hour, effective 2025-12-15.","Minimum Wage Act arts. 6, 15–19; MHLW live industry table (https://saiteichingin.mhlw.go.jp/table/page_indlist_nationallist.html)",https://saiteichingin.mhlw.go.jp/table/page_indlist_nationallist.html,2026-09-29,2025-12-15,,GAP,"JP lineage not yet seeded. Displayed rate is provisional; operative order, worker scope, exclusions and production check absent. Needs the Gazette order, covered industry/occupation, worker exclusions, concurrency with the dated regional floor and a work-date probe. (Register status 2026-09-29: No [IN-SYSTEM 2026-09-29].)",work_rules.wages.jp_specific_by_industry.SF175,,,
JP-SF176,JP,minimum_wage,"山口県 specific (industry) minimum wage — 電子部品・デバイス・電子回路、電気機械器具、情報通信機械器具製造業: 1032円/hour, effective 2024-12-15; MHLW marks it ※ — the higher regional floor applies instead.","Minimum Wage Act arts. 6, 15–19; MHLW live industry table (https://saiteichingin.mhlw.go.jp/table/page_indlist_nationallist.html)",https://saiteichingin.mhlw.go.jp/table/page_indlist_nationallist.html,2026-09-29,2024-12-15,,GAP,"JP lineage not yet seeded. Displayed rate is provisional; operative order, worker scope, exclusions and production check absent. Needs the Gazette order, covered industry/occupation, worker exclusions, concurrency with the dated regional floor and a work-date probe. (Register status 2026-09-29: No [IN-SYSTEM 2026-09-29].)",work_rules.wages.jp_specific_by_industry.SF176,,,
JP-SF177,JP,minimum_wage,"山口県 specific (industry) minimum wage — 輸送用機械器具製造業: 1141円/hour, effective 2025-12-15.","Minimum Wage Act arts. 6, 15–19; MHLW live industry table (https://saiteichingin.mhlw.go.jp/table/page_indlist_nationallist.html)",https://saiteichingin.mhlw.go.jp/table/page_indlist_nationallist.html,2026-09-29,2025-12-15,,GAP,"JP lineage not yet seeded. Displayed rate is provisional; operative order, worker scope, exclusions and production check absent. Needs the Gazette order, covered industry/occupation, worker exclusions, concurrency with the dated regional floor and a work-date probe. (Register status 2026-09-29: No [IN-SYSTEM 2026-09-29].)",work_rules.wages.jp_specific_by_industry.SF177,,,
JP-SF178,JP,minimum_wage,"山口県 specific (industry) minimum wage — 百貨店、総合スーパーマーケット: 1000円/hour, effective 2024-12-15; MHLW marks it ※ — the higher regional floor applies instead.","Minimum Wage Act arts. 6, 15–19; MHLW live industry table (https://saiteichingin.mhlw.go.jp/table/page_indlist_nationallist.html)",https://saiteichingin.mhlw.go.jp/table/page_indlist_nationallist.html,2026-09-29,2024-12-15,,GAP,"JP lineage not yet seeded. Displayed rate is provisional; operative order, worker scope, exclusions and production check absent. Needs the Gazette order, covered industry/occupation, worker exclusions, concurrency with the dated regional floor and a work-date probe. (Register status 2026-09-29: No [IN-SYSTEM 2026-09-29].)",work_rules.wages.jp_specific_by_industry.SF178,,,
JP-SF179,JP,minimum_wage,"徳島県 specific (industry) minimum wage — 造作材・合板・建築用組立材料製造業: 876円/hour, effective 2021-12-21; MHLW marks it ※ — the higher regional floor applies instead.","Minimum Wage Act arts. 6, 15–19; MHLW live industry table (https://saiteichingin.mhlw.go.jp/table/page_indlist_nationallist.html)",https://saiteichingin.mhlw.go.jp/table/page_indlist_nationallist.html,2026-09-29,2021-12-21,,GAP,"JP lineage not yet seeded. Displayed rate is provisional; operative order, worker scope, exclusions and production check absent. Needs the Gazette order, covered industry/occupation, worker exclusions, concurrency with the dated regional floor and a work-date probe. (Register status 2026-09-29: No [IN-SYSTEM 2026-09-29].)",work_rules.wages.jp_specific_by_industry.SF179,,,
JP-SF180,JP,minimum_wage,"徳島県 specific (industry) minimum wage — はん用機械器具、生産用機械器具、業務用機械器具製造業: 1134円/hour, effective 2026-01-01.","Minimum Wage Act arts. 6, 15–19; MHLW live industry table (https://saiteichingin.mhlw.go.jp/table/page_indlist_nationallist.html)",https://saiteichingin.mhlw.go.jp/table/page_indlist_nationallist.html,2026-09-29,2026-01-01,,GAP,"JP lineage not yet seeded. Displayed rate is provisional; operative order, worker scope, exclusions and production check absent. Needs the Gazette order, covered industry/occupation, worker exclusions, concurrency with the dated regional floor and a work-date probe. (Register status 2026-09-29: No [IN-SYSTEM 2026-09-29].)",work_rules.wages.jp_specific_by_industry.SF180,,,
JP-SF181,JP,minimum_wage,"徳島県 specific (industry) minimum wage — 電子部品・デバイス・電子回路、電気機械器具、情報通信機械器具製造業: 1105円/hour, effective 2026-01-01.","Minimum Wage Act arts. 6, 15–19; MHLW live industry table (https://saiteichingin.mhlw.go.jp/table/page_indlist_nationallist.html)",https://saiteichingin.mhlw.go.jp/table/page_indlist_nationallist.html,2026-09-29,2026-01-01,,GAP,"JP lineage not yet seeded. Displayed rate is provisional; operative order, worker scope, exclusions and production check absent. Needs the Gazette order, covered industry/occupation, worker exclusions, concurrency with the dated regional floor and a work-date probe. (Register status 2026-09-29: No [IN-SYSTEM 2026-09-29].)",work_rules.wages.jp_specific_by_industry.SF181,,,
JP-SF182,JP,minimum_wage,"香川県 specific (industry) minimum wage — 冷凍調理食品製造業: 849円/hour, effective 2021-12-15; MHLW marks it ※ — the higher regional floor applies instead.","Minimum Wage Act arts. 6, 15–19; MHLW live industry table (https://saiteichingin.mhlw.go.jp/table/page_indlist_nationallist.html)",https://saiteichingin.mhlw.go.jp/table/page_indlist_nationallist.html,2026-09-29,2021-12-15,,GAP,"JP lineage not yet seeded. Displayed rate is provisional; operative order, worker scope, exclusions and production check absent. Needs the Gazette order, covered industry/occupation, worker exclusions, concurrency with the dated regional floor and a work-date probe. (Register status 2026-09-29: No [IN-SYSTEM 2026-09-29].)",work_rules.wages.jp_specific_by_industry.SF182,,,
JP-SF183,JP,minimum_wage,"香川県 specific (industry) minimum wage — はん用機械器具、生産用機械器具、業務用機械器具製造業: 1158円/hour, effective 2025-12-15.","Minimum Wage Act arts. 6, 15–19; MHLW live industry table (https://saiteichingin.mhlw.go.jp/table/page_indlist_nationallist.html)",https://saiteichingin.mhlw.go.jp/table/page_indlist_nationallist.html,2026-09-29,2025-12-15,,GAP,"JP lineage not yet seeded. Displayed rate is provisional; operative order, worker scope, exclusions and production check absent. Needs the Gazette order, covered industry/occupation, worker exclusions, concurrency with the dated regional floor and a work-date probe. (Register status 2026-09-29: No [IN-SYSTEM 2026-09-29].)",work_rules.wages.jp_specific_by_industry.SF183,,,
JP-SF184,JP,minimum_wage,"香川県 specific (industry) minimum wage — 電子部品・デバイス・電子回路、電気機械器具、情報通信機械器具製造業: 1090円/hour, effective 2025-12-28; MHLW marks it ※ — the higher regional floor applies instead.","Minimum Wage Act arts. 6, 15–19; MHLW live industry table (https://saiteichingin.mhlw.go.jp/table/page_indlist_nationallist.html)",https://saiteichingin.mhlw.go.jp/table/page_indlist_nationallist.html,2026-09-29,2025-12-28,,GAP,"JP lineage not yet seeded. Displayed rate is provisional; operative order, worker scope, exclusions and production check absent. Needs the Gazette order, covered industry/occupation, worker exclusions, concurrency with the dated regional floor and a work-date probe. (Register status 2026-09-29: No [IN-SYSTEM 2026-09-29].)",work_rules.wages.jp_specific_by_industry.SF184,,,
JP-SF185,JP,minimum_wage,"香川県 specific (industry) minimum wage — 船舶製造・修理業、舶用機関製造業: 1159円/hour, effective 2025-12-28.","Minimum Wage Act arts. 6, 15–19; MHLW live industry table (https://saiteichingin.mhlw.go.jp/table/page_indlist_nationallist.html)",https://saiteichingin.mhlw.go.jp/table/page_indlist_nationallist.html,2026-09-29,2025-12-28,,GAP,"JP lineage not yet seeded. Displayed rate is provisional; operative order, worker scope, exclusions and production check absent. Needs the Gazette order, covered industry/occupation, worker exclusions, concurrency with the dated regional floor and a work-date probe. (Register status 2026-09-29: No [IN-SYSTEM 2026-09-29].)",work_rules.wages.jp_specific_by_industry.SF185,,,
JP-SF186,JP,minimum_wage,"愛媛県 specific (industry) minimum wage — パルプ、紙製造業: 1113円/hour, effective 2025-12-25.","Minimum Wage Act arts. 6, 15–19; MHLW live industry table (https://saiteichingin.mhlw.go.jp/table/page_indlist_nationallist.html)",https://saiteichingin.mhlw.go.jp/table/page_indlist_nationallist.html,2026-09-29,2025-12-25,,GAP,"JP lineage not yet seeded. Displayed rate is provisional; operative order, worker scope, exclusions and production check absent. Needs the Gazette order, covered industry/occupation, worker exclusions, concurrency with the dated regional floor and a work-date probe. (Register status 2026-09-29: No [IN-SYSTEM 2026-09-29].)",work_rules.wages.jp_specific_by_industry.SF186,,,
JP-SF187,JP,minimum_wage,"愛媛県 specific (industry) minimum wage — はん用機械器具、生産用機械器具、業務用機械器具製造業: 1114円/hour, effective 2025-12-25.","Minimum Wage Act arts. 6, 15–19; MHLW live industry table (https://saiteichingin.mhlw.go.jp/table/page_indlist_nationallist.html)",https://saiteichingin.mhlw.go.jp/table/page_indlist_nationallist.html,2026-09-29,2025-12-25,,GAP,"JP lineage not yet seeded. Displayed rate is provisional; operative order, worker scope, exclusions and production check absent. Needs the Gazette order, covered industry/occupation, worker exclusions, concurrency with the dated regional floor and a work-date probe. (Register status 2026-09-29: No [IN-SYSTEM 2026-09-29].)",work_rules.wages.jp_specific_by_industry.SF187,,,
JP-SF188,JP,minimum_wage,"愛媛県 specific (industry) minimum wage — 電子部品・デバイス・電子回路、電気機械器具、情報通信機械器具製造業: 1107円/hour, effective 2025-12-25.","Minimum Wage Act arts. 6, 15–19; MHLW live industry table (https://saiteichingin.mhlw.go.jp/table/page_indlist_nationallist.html)",https://saiteichingin.mhlw.go.jp/table/page_indlist_nationallist.html,2026-09-29,2025-12-25,,GAP,"JP lineage not yet seeded. Displayed rate is provisional; operative order, worker scope, exclusions and production check absent. Needs the Gazette order, covered industry/occupation, worker exclusions, concurrency with the dated regional floor and a work-date probe. (Register status 2026-09-29: No [IN-SYSTEM 2026-09-29].)",work_rules.wages.jp_specific_by_industry.SF188,,,
JP-SF189,JP,minimum_wage,"愛媛県 specific (industry) minimum wage — 船舶製造・修理業、舶用機関製造業: 1136円/hour, effective 2025-12-25.","Minimum Wage Act arts. 6, 15–19; MHLW live industry table (https://saiteichingin.mhlw.go.jp/table/page_indlist_nationallist.html)",https://saiteichingin.mhlw.go.jp/table/page_indlist_nationallist.html,2026-09-29,2025-12-25,,GAP,"JP lineage not yet seeded. Displayed rate is provisional; operative order, worker scope, exclusions and production check absent. Needs the Gazette order, covered industry/occupation, worker exclusions, concurrency with the dated regional floor and a work-date probe. (Register status 2026-09-29: No [IN-SYSTEM 2026-09-29].)",work_rules.wages.jp_specific_by_industry.SF189,,,
JP-SF190,JP,minimum_wage,"愛媛県 specific (industry) minimum wage — 各種商品小売業: 854円/hour, effective 2022-12-25; MHLW marks it ※ — the higher regional floor applies instead.","Minimum Wage Act arts. 6, 15–19; MHLW live industry table (https://saiteichingin.mhlw.go.jp/table/page_indlist_nationallist.html)",https://saiteichingin.mhlw.go.jp/table/page_indlist_nationallist.html,2026-09-29,2022-12-25,,GAP,"JP lineage not yet seeded. Displayed rate is provisional; operative order, worker scope, exclusions and production check absent. Needs the Gazette order, covered industry/occupation, worker exclusions, concurrency with the dated regional floor and a work-date probe. (Register status 2026-09-29: No [IN-SYSTEM 2026-09-29].)",work_rules.wages.jp_specific_by_industry.SF190,,,
JP-SF191,JP,minimum_wage,"高知県 specific (industry) minimum wage — 電子部品・デバイス・電子回路、電子応用装置、映像・音響機械器具製造業: 793円/hour, effective 2019-12-29; MHLW marks it ※ — the higher regional floor applies instead.","Minimum Wage Act arts. 6, 15–19; MHLW live industry table (https://saiteichingin.mhlw.go.jp/table/page_indlist_nationallist.html)",https://saiteichingin.mhlw.go.jp/table/page_indlist_nationallist.html,2026-09-29,2019-12-29,,GAP,"JP lineage not yet seeded. Displayed rate is provisional; operative order, worker scope, exclusions and production check absent. Source refresh 2026-09-29: the live table now marks this row ※ (register did not). Needs the Gazette order, covered industry/occupation, worker exclusions, concurrency with the dated regional floor and a work-date probe. (Register status 2026-09-29: No [IN-SYSTEM 2026-09-29].)",work_rules.wages.jp_specific_by_industry.SF191,,,
JP-SF192,JP,minimum_wage,"高知県 specific (industry) minimum wage — 一般貨物自動車運送業: 910円/hour, effective 2007-06-02; MHLW marks it ※ — the higher regional floor applies instead.","Minimum Wage Act arts. 6, 15–19; MHLW live industry table (https://saiteichingin.mhlw.go.jp/table/page_indlist_nationallist.html)",https://saiteichingin.mhlw.go.jp/table/page_indlist_nationallist.html,2026-09-29,2007-06-02,,GAP,"JP lineage not yet seeded. Displayed rate is provisional; operative order, worker scope, exclusions and production check absent. Source refresh 2026-09-29: the live table now marks this row ※ (register did not). Needs the Gazette order, covered industry/occupation, worker exclusions, concurrency with the dated regional floor and a work-date probe. (Register status 2026-09-29: No [IN-SYSTEM 2026-09-29].)",work_rules.wages.jp_specific_by_industry.SF192,,,
JP-SF193,JP,minimum_wage,"福岡県 specific (industry) minimum wage — 製鉄業、製鋼・製鋼圧延業、鋼材製造業: 1176円/hour, effective 2025-12-10.","Minimum Wage Act arts. 6, 15–19; MHLW live industry table (https://saiteichingin.mhlw.go.jp/table/page_indlist_nationallist.html)",https://saiteichingin.mhlw.go.jp/table/page_indlist_nationallist.html,2026-09-29,2025-12-10,,GAP,"JP lineage not yet seeded. Displayed rate is provisional; operative order, worker scope, exclusions and production check absent. Needs the Gazette order, covered industry/occupation, worker exclusions, concurrency with the dated regional floor and a work-date probe. (Register status 2026-09-29: No [IN-SYSTEM 2026-09-29].)",work_rules.wages.jp_specific_by_industry.SF193,,,
JP-SF194,JP,minimum_wage,"福岡県 specific (industry) minimum wage — 電子部品・デバイス・電子回路、電気機械器具、情報通信機械器具製造業: 1137円/hour, effective 2025-12-10.","Minimum Wage Act arts. 6, 15–19; MHLW live industry table (https://saiteichingin.mhlw.go.jp/table/page_indlist_nationallist.html)",https://saiteichingin.mhlw.go.jp/table/page_indlist_nationallist.html,2026-09-29,2025-12-10,,GAP,"JP lineage not yet seeded. Displayed rate is provisional; operative order, worker scope, exclusions and production check absent. Needs the Gazette order, covered industry/occupation, worker exclusions, concurrency with the dated regional floor and a work-date probe. (Register status 2026-09-29: No [IN-SYSTEM 2026-09-29].)",work_rules.wages.jp_specific_by_industry.SF194,,,
JP-SF195,JP,minimum_wage,"福岡県 specific (industry) minimum wage — 輸送用機械器具製造業: 1147円/hour, effective 2025-12-10.","Minimum Wage Act arts. 6, 15–19; MHLW live industry table (https://saiteichingin.mhlw.go.jp/table/page_indlist_nationallist.html)",https://saiteichingin.mhlw.go.jp/table/page_indlist_nationallist.html,2026-09-29,2025-12-10,,GAP,"JP lineage not yet seeded. Displayed rate is provisional; operative order, worker scope, exclusions and production check absent. Needs the Gazette order, covered industry/occupation, worker exclusions, concurrency with the dated regional floor and a work-date probe. (Register status 2026-09-29: No [IN-SYSTEM 2026-09-29].)",work_rules.wages.jp_specific_by_industry.SF195,,,
JP-SF196,JP,minimum_wage,"福岡県 specific (industry) minimum wage — 百貨店、総合スーパーマーケット: 1065円/hour, effective 2026-02-01; MHLW marks it ※ — the higher regional floor applies instead.","Minimum Wage Act arts. 6, 15–19; MHLW live industry table (https://saiteichingin.mhlw.go.jp/table/page_indlist_nationallist.html)",https://saiteichingin.mhlw.go.jp/table/page_indlist_nationallist.html,2026-09-29,2026-02-01,,GAP,"JP lineage not yet seeded. Displayed rate is provisional; operative order, worker scope, exclusions and production check absent. Needs the Gazette order, covered industry/occupation, worker exclusions, concurrency with the dated regional floor and a work-date probe. (Register status 2026-09-29: No [IN-SYSTEM 2026-09-29].)",work_rules.wages.jp_specific_by_industry.SF196,,,
JP-SF197,JP,minimum_wage,"福岡県 specific (industry) minimum wage — 自動車(新車)小売業: 1131円/hour, effective 2025-12-10.","Minimum Wage Act arts. 6, 15–19; MHLW live industry table (https://saiteichingin.mhlw.go.jp/table/page_indlist_nationallist.html)",https://saiteichingin.mhlw.go.jp/table/page_indlist_nationallist.html,2026-09-29,2025-12-10,,GAP,"JP lineage not yet seeded. Displayed rate is provisional; operative order, worker scope, exclusions and production check absent. Needs the Gazette order, covered industry/occupation, worker exclusions, concurrency with the dated regional floor and a work-date probe. (Register status 2026-09-29: No [IN-SYSTEM 2026-09-29].)",work_rules.wages.jp_specific_by_industry.SF197,,,
JP-SF198,JP,minimum_wage,"佐賀県 specific (industry) minimum wage — 陶磁器・同関連製品製造業: 957円/hour, effective 2024-12-21.","Minimum Wage Act arts. 6, 15–19; MHLW live industry table (https://saiteichingin.mhlw.go.jp/table/page_indlist_nationallist.html)",https://saiteichingin.mhlw.go.jp/table/page_indlist_nationallist.html,2026-09-29,2024-12-21,,GAP,"JP lineage not yet seeded. Displayed rate is provisional; operative order, worker scope, exclusions and production check absent. Needs the Gazette order, covered industry/occupation, worker exclusions, concurrency with the dated regional floor and a work-date probe. (Register status 2026-09-29: No [IN-SYSTEM 2026-09-29].)",work_rules.wages.jp_specific_by_industry.SF198,,,
JP-SF199,JP,minimum_wage,"佐賀県 specific (industry) minimum wage — ポンプ・圧縮機器、一般産業用機械・装置、その他のはん用機械・同部分品、農業用機械、建設機械・鉱山機械、生活関連産業用機械、基礎素材産業用機械、金属加工機械、半導体・フラットパネルディスプレイ製造装置、その他の生産用機械・同部分品製造業: 1010円/hour, effective 2024-12-20.","Minimum Wage Act arts. 6, 15–19; MHLW live industry table (https://saiteichingin.mhlw.go.jp/table/page_indlist_nationallist.html)",https://saiteichingin.mhlw.go.jp/table/page_indlist_nationallist.html,2026-09-29,2024-12-20,,GAP,"JP lineage not yet seeded. Displayed rate is provisional; operative order, worker scope, exclusions and production check absent. Needs the Gazette order, covered industry/occupation, worker exclusions, concurrency with the dated regional floor and a work-date probe. (Register status 2026-09-29: No [IN-SYSTEM 2026-09-29].)",work_rules.wages.jp_specific_by_industry.SF199,,,
JP-SF200,JP,minimum_wage,"佐賀県 specific (industry) minimum wage — 発電用・送電用・配電用電気機械器具、産業用電気機械器具、電球・電気照明器具、電池、その他の電気機械器具、通信機械器具・同関連機械器具、電子計算機・同付属装置、電子デバイス、電子部品、記録メディア、電子回路、ユニット部品、その他の電子部品・デバイス・電子回路製造業: 996円/hour, effective 2024-12-19.","Minimum Wage Act arts. 6, 15–19; MHLW live industry table (https://saiteichingin.mhlw.go.jp/table/page_indlist_nationallist.html)",https://saiteichingin.mhlw.go.jp/table/page_indlist_nationallist.html,2026-09-29,2024-12-19,,GAP,"JP lineage not yet seeded. Displayed rate is provisional; operative order, worker scope, exclusions and production check absent. Needs the Gazette order, covered industry/occupation, worker exclusions, concurrency with the dated regional floor and a work-date probe. (Register status 2026-09-29: No [IN-SYSTEM 2026-09-29].)",work_rules.wages.jp_specific_by_industry.SF200,,,
JP-SF201,JP,minimum_wage,"長崎県 specific (industry) minimum wage — はん用機械器具、生産用機械器具製造業: 875円/hour, effective 2019-12-07; MHLW marks it ※ — the higher regional floor applies instead.","Minimum Wage Act arts. 6, 15–19; MHLW live industry table (https://saiteichingin.mhlw.go.jp/table/page_indlist_nationallist.html)",https://saiteichingin.mhlw.go.jp/table/page_indlist_nationallist.html,2026-09-29,2019-12-07,,GAP,"JP lineage not yet seeded. Displayed rate is provisional; operative order, worker scope, exclusions and production check absent. Source refresh 2026-09-29: the live table now marks this row ※ (register did not). Needs the Gazette order, covered industry/occupation, worker exclusions, concurrency with the dated regional floor and a work-date probe. (Register status 2026-09-29: No [IN-SYSTEM 2026-09-29].)",work_rules.wages.jp_specific_by_industry.SF201,,,
JP-SF202,JP,minimum_wage,"長崎県 specific (industry) minimum wage — 電子部品・デバイス・電子回路、電気機械器具、情報通信機械器具製造業: 864円/hour, effective 2021-12-29; MHLW marks it ※ — the higher regional floor applies instead.","Minimum Wage Act arts. 6, 15–19; MHLW live industry table (https://saiteichingin.mhlw.go.jp/table/page_indlist_nationallist.html)",https://saiteichingin.mhlw.go.jp/table/page_indlist_nationallist.html,2026-09-29,2021-12-29,,GAP,"JP lineage not yet seeded. Displayed rate is provisional; operative order, worker scope, exclusions and production check absent. Source refresh 2026-09-29: the live table now marks this row ※ (register did not). Needs the Gazette order, covered industry/occupation, worker exclusions, concurrency with the dated regional floor and a work-date probe. (Register status 2026-09-29: No [IN-SYSTEM 2026-09-29].)",work_rules.wages.jp_specific_by_industry.SF202,,,
JP-SF203,JP,minimum_wage,"長崎県 specific (industry) minimum wage — 船舶製造・修理業,舶用機関製造業: 875円/hour, effective 2019-11-29; MHLW marks it ※ — the higher regional floor applies instead.","Minimum Wage Act arts. 6, 15–19; MHLW live industry table (https://saiteichingin.mhlw.go.jp/table/page_indlist_nationallist.html)",https://saiteichingin.mhlw.go.jp/table/page_indlist_nationallist.html,2026-09-29,2019-11-29,,GAP,"JP lineage not yet seeded. Displayed rate is provisional; operative order, worker scope, exclusions and production check absent. Source refresh 2026-09-29: the live table now marks this row ※ (register did not). Needs the Gazette order, covered industry/occupation, worker exclusions, concurrency with the dated regional floor and a work-date probe. (Register status 2026-09-29: No [IN-SYSTEM 2026-09-29].)",work_rules.wages.jp_specific_by_industry.SF203,,,
JP-SF204,JP,minimum_wage,"大分県 specific (industry) minimum wage — 鉄鋼業: 1176円/hour, effective 2025-12-25.","Minimum Wage Act arts. 6, 15–19; MHLW live industry table (https://saiteichingin.mhlw.go.jp/table/page_indlist_nationallist.html)",https://saiteichingin.mhlw.go.jp/table/page_indlist_nationallist.html,2026-09-29,2025-12-25,,GAP,"JP lineage not yet seeded. Displayed rate is provisional; operative order, worker scope, exclusions and production check absent. Needs the Gazette order, covered industry/occupation, worker exclusions, concurrency with the dated regional floor and a work-date probe. (Register status 2026-09-29: No [IN-SYSTEM 2026-09-29].)",work_rules.wages.jp_specific_by_industry.SF204,,,
JP-SF205,JP,minimum_wage,"大分県 specific (industry) minimum wage — 非鉄金属製造業: 1116円/hour, effective 2025-12-25.","Minimum Wage Act arts. 6, 15–19; MHLW live industry table (https://saiteichingin.mhlw.go.jp/table/page_indlist_nationallist.html)",https://saiteichingin.mhlw.go.jp/table/page_indlist_nationallist.html,2026-09-29,2025-12-25,,GAP,"JP lineage not yet seeded. Displayed rate is provisional; operative order, worker scope, exclusions and production check absent. Needs the Gazette order, covered industry/occupation, worker exclusions, concurrency with the dated regional floor and a work-date probe. (Register status 2026-09-29: No [IN-SYSTEM 2026-09-29].)",work_rules.wages.jp_specific_by_industry.SF205,,,
JP-SF206,JP,minimum_wage,"大分県 specific (industry) minimum wage — 電子部品・デバイス・電子回路、電気機械器具、情報通信機械器具製造業: 1066円/hour, effective 2025-12-25; MHLW marks it ※ — the higher regional floor applies instead.","Minimum Wage Act arts. 6, 15–19; MHLW live industry table (https://saiteichingin.mhlw.go.jp/table/page_indlist_nationallist.html)",https://saiteichingin.mhlw.go.jp/table/page_indlist_nationallist.html,2026-09-29,2025-12-25,,GAP,"JP lineage not yet seeded. Displayed rate is provisional; operative order, worker scope, exclusions and production check absent. Source refresh 2026-09-29: the live table now marks this row ※ (register did not). Needs the Gazette order, covered industry/occupation, worker exclusions, concurrency with the dated regional floor and a work-date probe. (Register status 2026-09-29: No [IN-SYSTEM 2026-09-29].)",work_rules.wages.jp_specific_by_industry.SF206,,,
JP-SF207,JP,minimum_wage,"大分県 specific (industry) minimum wage — 自動車・同附属品製造業、船舶製造・修理業、舶用機関製造業: 1055円/hour, effective 2025-12-25; MHLW marks it ※ — the higher regional floor applies instead.","Minimum Wage Act arts. 6, 15–19; MHLW live industry table (https://saiteichingin.mhlw.go.jp/table/page_indlist_nationallist.html)",https://saiteichingin.mhlw.go.jp/table/page_indlist_nationallist.html,2026-09-29,2025-12-25,,GAP,"JP lineage not yet seeded. Displayed rate is provisional; operative order, worker scope, exclusions and production check absent. Source refresh 2026-09-29: the live table now marks this row ※ (register did not). Needs the Gazette order, covered industry/occupation, worker exclusions, concurrency with the dated regional floor and a work-date probe. (Register status 2026-09-29: No [IN-SYSTEM 2026-09-29].)",work_rules.wages.jp_specific_by_industry.SF207,,,
JP-SF208,JP,minimum_wage,"大分県 specific (industry) minimum wage — 各種商品小売業: 716円/hour, effective 2016-12-25; MHLW marks it ※ — the higher regional floor applies instead.","Minimum Wage Act arts. 6, 15–19; MHLW live industry table (https://saiteichingin.mhlw.go.jp/table/page_indlist_nationallist.html)",https://saiteichingin.mhlw.go.jp/table/page_indlist_nationallist.html,2026-09-29,2016-12-25,,GAP,"JP lineage not yet seeded. Displayed rate is provisional; operative order, worker scope, exclusions and production check absent. Source refresh 2026-09-29: the live table now marks this row ※ (register did not). Needs the Gazette order, covered industry/occupation, worker exclusions, concurrency with the dated regional floor and a work-date probe. (Register status 2026-09-29: No [IN-SYSTEM 2026-09-29].)",work_rules.wages.jp_specific_by_industry.SF208,,,
JP-SF209,JP,minimum_wage,"大分県 specific (industry) minimum wage — 自動車(新車)小売業: 1061円/hour, effective 2025-12-25; MHLW marks it ※ — the higher regional floor applies instead.","Minimum Wage Act arts. 6, 15–19; MHLW live industry table (https://saiteichingin.mhlw.go.jp/table/page_indlist_nationallist.html)",https://saiteichingin.mhlw.go.jp/table/page_indlist_nationallist.html,2026-09-29,2025-12-25,,GAP,"JP lineage not yet seeded. Displayed rate is provisional; operative order, worker scope, exclusions and production check absent. Source refresh 2026-09-29: the live table now marks this row ※ (register did not). Needs the Gazette order, covered industry/occupation, worker exclusions, concurrency with the dated regional floor and a work-date probe. (Register status 2026-09-29: No [IN-SYSTEM 2026-09-29].)",work_rules.wages.jp_specific_by_industry.SF209,,,
JP-SF210,JP,minimum_wage,"熊本県 specific (industry) minimum wage — 電子部品・デバイス・電子回路、電気機械器具、情報通信機械器具製造業: 1063円/hour, effective 2026-01-01.","Minimum Wage Act arts. 6, 15–19; MHLW live industry table (https://saiteichingin.mhlw.go.jp/table/page_indlist_nationallist.html)",https://saiteichingin.mhlw.go.jp/table/page_indlist_nationallist.html,2026-09-29,2026-01-01,,GAP,"JP lineage not yet seeded. Displayed rate is provisional; operative order, worker scope, exclusions and production check absent. Needs the Gazette order, covered industry/occupation, worker exclusions, concurrency with the dated regional floor and a work-date probe. (Register status 2026-09-29: No [IN-SYSTEM 2026-09-29].)",work_rules.wages.jp_specific_by_industry.SF210,,,
JP-SF211,JP,minimum_wage,"熊本県 specific (industry) minimum wage — 自動車・同附属品製造業、船舶製造・修理業,舶用機関製造業: 1074円/hour, effective 2026-01-01.","Minimum Wage Act arts. 6, 15–19; MHLW live industry table (https://saiteichingin.mhlw.go.jp/table/page_indlist_nationallist.html)",https://saiteichingin.mhlw.go.jp/table/page_indlist_nationallist.html,2026-09-29,2026-01-01,,GAP,"JP lineage not yet seeded. Displayed rate is provisional; operative order, worker scope, exclusions and production check absent. Needs the Gazette order, covered industry/occupation, worker exclusions, concurrency with the dated regional floor and a work-date probe. (Register status 2026-09-29: No [IN-SYSTEM 2026-09-29].)",work_rules.wages.jp_specific_by_industry.SF211,,,
JP-SF212,JP,minimum_wage,"熊本県 specific (industry) minimum wage — 百貨店,総合スーパー: 855円/hour, effective 2022-12-15.","Minimum Wage Act arts. 6, 15–19; MHLW live industry table (https://saiteichingin.mhlw.go.jp/table/page_indlist_nationallist.html)",https://saiteichingin.mhlw.go.jp/table/page_indlist_nationallist.html,2026-09-29,2022-12-15,,GAP,"JP lineage not yet seeded. Displayed rate is provisional; operative order, worker scope, exclusions and production check absent. Needs the Gazette order, covered industry/occupation, worker exclusions, concurrency with the dated regional floor and a work-date probe. (Register status 2026-09-29: No [IN-SYSTEM 2026-09-29].)",work_rules.wages.jp_specific_by_industry.SF212,,,
JP-SF213,JP,minimum_wage,"宮崎県 specific (industry) minimum wage — 部分肉・冷凍肉、肉加工品、処理牛乳・乳飲料、乳製品製造業: 678円/hour, effective 2014-12-26; MHLW marks it ※ — the higher regional floor applies instead.","Minimum Wage Act arts. 6, 15–19; MHLW live industry table (https://saiteichingin.mhlw.go.jp/table/page_indlist_nationallist.html)",https://saiteichingin.mhlw.go.jp/table/page_indlist_nationallist.html,2026-09-29,2014-12-26,,GAP,"JP lineage not yet seeded. Displayed rate is provisional; operative order, worker scope, exclusions and production check absent. Needs the Gazette order, covered industry/occupation, worker exclusions, concurrency with the dated regional floor and a work-date probe. (Register status 2026-09-29: No [IN-SYSTEM 2026-09-29].)",work_rules.wages.jp_specific_by_industry.SF213,,,
JP-SF214,JP,minimum_wage,"宮崎県 specific (industry) minimum wage — 電子部品・デバイス・電子回路、電気機械器具、情報通信機械器具製造業: 831円/hour, effective 2021-12-24; MHLW marks it ※ — the higher regional floor applies instead.","Minimum Wage Act arts. 6, 15–19; MHLW live industry table (https://saiteichingin.mhlw.go.jp/table/page_indlist_nationallist.html)",https://saiteichingin.mhlw.go.jp/table/page_indlist_nationallist.html,2026-09-29,2021-12-24,,GAP,"JP lineage not yet seeded. Displayed rate is provisional; operative order, worker scope, exclusions and production check absent. Needs the Gazette order, covered industry/occupation, worker exclusions, concurrency with the dated regional floor and a work-date probe. (Register status 2026-09-29: No [IN-SYSTEM 2026-09-29].)",work_rules.wages.jp_specific_by_industry.SF214,,,
JP-SF215,JP,minimum_wage,"宮崎県 specific (industry) minimum wage — 各種商品小売業: 705円/hour, effective 2015-12-24; MHLW marks it ※ — the higher regional floor applies instead.","Minimum Wage Act arts. 6, 15–19; MHLW live industry table (https://saiteichingin.mhlw.go.jp/table/page_indlist_nationallist.html)",https://saiteichingin.mhlw.go.jp/table/page_indlist_nationallist.html,2026-09-29,2015-12-24,,GAP,"JP lineage not yet seeded. Displayed rate is provisional; operative order, worker scope, exclusions and production check absent. Needs the Gazette order, covered industry/occupation, worker exclusions, concurrency with the dated regional floor and a work-date probe. (Register status 2026-09-29: No [IN-SYSTEM 2026-09-29].)",work_rules.wages.jp_specific_by_industry.SF215,,,
JP-SF216,JP,minimum_wage,"宮崎県 specific (industry) minimum wage — 自動車(新車)小売業: 927円/hour, effective 2023-12-20; MHLW marks it ※ — the higher regional floor applies instead.","Minimum Wage Act arts. 6, 15–19; MHLW live industry table (https://saiteichingin.mhlw.go.jp/table/page_indlist_nationallist.html)",https://saiteichingin.mhlw.go.jp/table/page_indlist_nationallist.html,2026-09-29,2023-12-20,,GAP,"JP lineage not yet seeded. Displayed rate is provisional; operative order, worker scope, exclusions and production check absent. Needs the Gazette order, covered industry/occupation, worker exclusions, concurrency with the dated regional floor and a work-date probe. (Register status 2026-09-29: No [IN-SYSTEM 2026-09-29].)",work_rules.wages.jp_specific_by_industry.SF216,,,
JP-SF217,JP,minimum_wage,"鹿児島県 specific (industry) minimum wage — 電子部品・デバイス・電子回路、電気機械器具、情報通信機械器具製造業: 842円/hour, effective 2021-12-17; MHLW marks it ※ — the higher regional floor applies instead.","Minimum Wage Act arts. 6, 15–19; MHLW live industry table (https://saiteichingin.mhlw.go.jp/table/page_indlist_nationallist.html)",https://saiteichingin.mhlw.go.jp/table/page_indlist_nationallist.html,2026-09-29,2021-12-17,,GAP,"JP lineage not yet seeded. Displayed rate is provisional; operative order, worker scope, exclusions and production check absent. Needs the Gazette order, covered industry/occupation, worker exclusions, concurrency with the dated regional floor and a work-date probe. (Register status 2026-09-29: No [IN-SYSTEM 2026-09-29].)",work_rules.wages.jp_specific_by_industry.SF217,,,
JP-SF218,JP,minimum_wage,"鹿児島県 specific (industry) minimum wage — 百貨店,総合スーパー: 693円/hour, effective 2014-12-26; MHLW marks it ※ — the higher regional floor applies instead.","Minimum Wage Act arts. 6, 15–19; MHLW live industry table (https://saiteichingin.mhlw.go.jp/table/page_indlist_nationallist.html)",https://saiteichingin.mhlw.go.jp/table/page_indlist_nationallist.html,2026-09-29,2014-12-26,,GAP,"JP lineage not yet seeded. Displayed rate is provisional; operative order, worker scope, exclusions and production check absent. Needs the Gazette order, covered industry/occupation, worker exclusions, concurrency with the dated regional floor and a work-date probe. (Register status 2026-09-29: No [IN-SYSTEM 2026-09-29].)",work_rules.wages.jp_specific_by_industry.SF218,,,
JP-SF219,JP,minimum_wage,"鹿児島県 specific (industry) minimum wage — 自動車(新車)小売業: 1048円/hour, effective 2025-12-28; MHLW marks it ※ — the higher regional floor applies instead.","Minimum Wage Act arts. 6, 15–19; MHLW live industry table (https://saiteichingin.mhlw.go.jp/table/page_indlist_nationallist.html)",https://saiteichingin.mhlw.go.jp/table/page_indlist_nationallist.html,2026-09-29,2025-12-28,,GAP,"JP lineage not yet seeded. Displayed rate is provisional; operative order, worker scope, exclusions and production check absent. Needs the Gazette order, covered industry/occupation, worker exclusions, concurrency with the dated regional floor and a work-date probe. (Register status 2026-09-29: No [IN-SYSTEM 2026-09-29].)",work_rules.wages.jp_specific_by_industry.SF219,,,
JP-SF220,JP,minimum_wage,"沖縄県 specific (industry) minimum wage — 糖類製造業: 769円/hour, effective 2018-11-25.","Minimum Wage Act arts. 6, 15–19; MHLW live industry table (https://saiteichingin.mhlw.go.jp/table/page_indlist_nationallist.html)",https://saiteichingin.mhlw.go.jp/table/page_indlist_nationallist.html,2026-09-29,2018-11-25,,GAP,"JP lineage not yet seeded. Displayed rate is provisional; operative order, worker scope, exclusions and production check absent. Needs the Gazette order, covered industry/occupation, worker exclusions, concurrency with the dated regional floor and a work-date probe. (Register status 2026-09-29: No [IN-SYSTEM 2026-09-29].)",work_rules.wages.jp_specific_by_industry.SF220,,,
JP-SF221,JP,minimum_wage,"沖縄県 specific (industry) minimum wage — 新聞業: 879円/hour, effective 2022-11-17.","Minimum Wage Act arts. 6, 15–19; MHLW live industry table (https://saiteichingin.mhlw.go.jp/table/page_indlist_nationallist.html)",https://saiteichingin.mhlw.go.jp/table/page_indlist_nationallist.html,2026-09-29,2022-11-17,,GAP,"JP lineage not yet seeded. Displayed rate is provisional; operative order, worker scope, exclusions and production check absent. Needs the Gazette order, covered industry/occupation, worker exclusions, concurrency with the dated regional floor and a work-date probe. (Register status 2026-09-29: No [IN-SYSTEM 2026-09-29].)",work_rules.wages.jp_specific_by_industry.SF221,,,
JP-SF222,JP,minimum_wage,"沖縄県 specific (industry) minimum wage — 各種商品小売業: 770円/hour, effective 2018-11-23.","Minimum Wage Act arts. 6, 15–19; MHLW live industry table (https://saiteichingin.mhlw.go.jp/table/page_indlist_nationallist.html)",https://saiteichingin.mhlw.go.jp/table/page_indlist_nationallist.html,2026-09-29,2018-11-23,,GAP,"JP lineage not yet seeded. Displayed rate is provisional; operative order, worker scope, exclusions and production check absent. Needs the Gazette order, covered industry/occupation, worker exclusions, concurrency with the dated regional floor and a work-date probe. (Register status 2026-09-29: No [IN-SYSTEM 2026-09-29].)",work_rules.wages.jp_specific_by_industry.SF222,,,
JP-SF223,JP,minimum_wage,"沖縄県 specific (industry) minimum wage — 自動車(新車)小売業: 770円/hour, effective 2018-11-18.","Minimum Wage Act arts. 6, 15–19; MHLW live industry table (https://saiteichingin.mhlw.go.jp/table/page_indlist_nationallist.html)",https://saiteichingin.mhlw.go.jp/table/page_indlist_nationallist.html,2026-09-29,2018-11-18,,GAP,"JP lineage not yet seeded. Displayed rate is provisional; operative order, worker scope, exclusions and production check absent. Needs the Gazette order, covered industry/occupation, worker exclusions, concurrency with the dated regional floor and a work-date probe. (Register status 2026-09-29: No [IN-SYSTEM 2026-09-29].)",work_rules.wages.jp_specific_by_industry.SF223,,,
JP-LS01,JP,wages,"Scope and average wage: Arts. 9–12 define worker, employer, wage and the prior-three-month average wage. Art. 12 uses a calendar-day denominator, a worked-day minimum for time/piece rates, wage-cutoff anchoring, excluded periods and wage types, and a short-service branch.",Labour Standards Act Arts. 9–12 (https://laws.e-gov.go.jp/law/322AC0000000049),https://laws.e-gov.go.jp/law/322AC0000000049,2026-09-29,2025-12-01,,GAP,"JP lineage not yet seeded. Source exceptions and required inputs remain open; no JP sealed rule or production probe. Closure case: Capture actual wage history, workdays, cutoff, leave/closure periods and pay components. Independently price a shutdown allowance and dismissal-notice pay with monthly versus hourly/piece pay. Open: no JP average-wage path; reconcile the ministry's fallback determinations and rounding. (Register status 2026-09-29: No [IN-SYSTEM 2026-09-29].)",work_rules.jp.lsa_01,,,
JP-LS02,JP,notice,"Notice and exit settlement: Arts. 19–23 distinguish dismissal restrictions, 30 days' notice or average-wage substitute, shortened notice after paid days, and worker categories whose exemption ends after specified continued service. Requested certificates and payment/return of earned wages and property within seven days of a qualifying request after death or exit are separate; disputed sums do not defer the undisputed portion.",Labour Standards Act Arts. 19–23 (https://laws.e-gov.go.jp/law/322AC0000000049),https://laws.e-gov.go.jp/law/322AC0000000049,2026-09-29,2025-12-01,,GAP,"JP lineage not yet seeded. Source exceptions and required inputs remain open; no JP sealed rule or production probe. Closure case: Capture reason, notice and paid notice days, exemption category/continued service, request date, disputed portion and actual disbursement. Probe 29/30 notice days and a requested exit payment with one disputed component. (Register status 2026-09-29: No [IN-SYSTEM 2026-09-29].)",work_rules.jp.lsa_02,,,
JP-LS03,JP,wages,"Ordinary wage payment and lawful deductions: Art. 24 requires full direct payment in money at least once each month on a fixed date, with statutory/collective exceptions and a majority-worker written agreement for other deductions; irregular wages and bonuses have the stated timing exception.",Labour Standards Act Art. 24 (https://laws.e-gov.go.jp/law/322AC0000000049),https://laws.e-gov.go.jp/law/322AC0000000049,2026-09-29,2025-12-01,,GAP,"JP lineage not yet seeded. Source exceptions and required inputs remain open; no JP sealed rule or production probe. Closure case: Select the actual legal deduction basis and agreement, due date and payment method; refuse an unsupported recovery. Verify paid status, not only a computed payslip. (Register status 2026-09-29: No [IN-SYSTEM 2026-09-29].)",work_rules.jp.lsa_03,,,
JP-LS04,JP,wages,"Emergency, shutdown and piecework wages: Arts. 25–28 require early payment of already-earned wages on a qualifying emergency request, at least 60% of Art. 12 average wage for employer-caused closure, and a work-time-based wage guarantee for piece/task work. Art. 28 refers minimum-wage amounts to the Minimum Wage Act.",Labour Standards Act Arts. 25–28 (https://laws.e-gov.go.jp/law/322AC0000000049),https://laws.e-gov.go.jp/law/322AC0000000049,2026-09-29,2025-12-01,,GAP,"JP lineage not yet seeded. Source exceptions and required inputs remain open; no JP sealed rule or production probe. Closure case: Capture emergency request, employer-responsibility finding, closure days, output/time and prefecture/industry floor. Probe each branch and interaction with payroll timing. (Register status 2026-09-29: No [IN-SYSTEM 2026-09-29].)",work_rules.jp.lsa_04,,,
JP-LS05,JP,hours,"Hours, rest and agreement limits: Arts. 32–36, 40 set normal weekly/daily hours, variable-hour/flexible schedules, rest and weekly/four-week holiday rules, and filed agreements for overtime or holiday work. Art. 36 includes ordinary monthly/yearly limits and conditional special limits with rolling averages; Arts. 33 and 40 have emergency/sector routes.","Labour Standards Act Arts. 32–36, 40 (https://laws.e-gov.go.jp/law/322AC0000000049)",https://laws.e-gov.go.jp/law/322AC0000000049,2026-09-29,2025-12-01,,GAP,"JP lineage not yet seeded. Source exceptions and required inputs remain open; no JP sealed rule or production probe. Closure case: Capture governing schedule/period, filed agreement and dates, actual hours, statutory holidays, exception approval and rolling history. Price work and separately warn/refuse unlawful schedules. Split each schedule and sector arm before closure. (Register status 2026-09-29: No [IN-SYSTEM 2026-09-29].)",work_rules.jp.lsa_05,,,
JP-LS06,JP,overtime,"Premium pay and deemed hours: Arts. 37–38-4 price overtime, statutory-holiday and ordinarily 22:00–05:00 night work from an eligible wage base, with an above-60-hours monthly tier and a conditional paid-leave substitution. The later articles govern aggregation and specified deemed-hour arrangements.",Labour Standards Act Arts. 37–38-4 (https://laws.e-gov.go.jp/law/322AC0000000049),https://laws.e-gov.go.jp/law/322AC0000000049,2026-09-29,2025-12-01,,GAP,"JP lineage not yet seeded. Source exceptions and required inputs remain open; no JP sealed rule or production probe. Closure case: Distinguish statutory from contractual overtime/holidays, overlapping night hours, excluded allowances, agreement and actual/deemed hours. Reconcile Cabinet premium rates and ministerial wage-base exclusions, then probe threshold and overlap cases. (Register status 2026-09-29: No [IN-SYSTEM 2026-09-29].)",work_rules.jp.lsa_06,,,
JP-LS07,JP,leave,"Paid annual leave: Art. 39 requires six months' service and 80% attendance for initial leave, service-based increments, a short-week/annual-days table, a conditional five-day hourly allotment, worker-requested timing and employer-set five-day usage where entitlement reaches ten days. Leave pay follows the workplace's lawful average/ordinary/insured-grade method; specified absence counts as attendance.",Labour Standards Act Art. 39 (https://laws.e-gov.go.jp/law/322AC0000000049),https://laws.e-gov.go.jp/law/322AC0000000049,2026-09-29,2025-12-01,,GAP,"JP lineage not yet seeded. Source exceptions and required inputs remain open; no JP sealed rule or production probe. Closure case: Capture continuous service, scheduled/actual days, deemed attendance, agreement, grant/use dates and chosen wage basis. Probe 79.99/80% attendance, part-time entitlement, hourly limit, five-day usage and all pay methods. (Register status 2026-09-29: No [IN-SYSTEM 2026-09-29].)",work_rules.jp.lsa_07,,,
JP-LS08,JP,hours,"Hour and premium exclusions: Arts. 40–41-2 condition exceptions for certain sectors, managers/confidential staff, authorised intermittent work and consenting high-level professionals. The exemption's actual terms and approvals matter; a job title alone does not switch off wage law.",Labour Standards Act Arts. 40–41-2 (https://laws.e-gov.go.jp/law/322AC0000000049),https://laws.e-gov.go.jp/law/322AC0000000049,2026-09-29,2025-12-01,,GAP,"JP lineage not yet seeded. Source exceptions and required inputs remain open; no JP sealed rule or production probe. Closure case: Capture category, agency permission or committee decision, written consent and conditions; verify which hours, rest, holiday or night-premium rules remain. (Register status 2026-09-29: No [IN-SYSTEM 2026-09-29].)",work_rules.jp.lsa_08,,,
JP-LS09,JP,leave,"Protected leave and work limits: Arts. 65–68 cover prenatal request, postnatal work ban/limited return, requested pregnancy restrictions, nursing time and requested menstrual leave. These provisions do not themselves establish that every such hour is paid.",Labour Standards Act Arts. 65–68 (https://laws.e-gov.go.jp/law/322AC0000000049),https://laws.e-gov.go.jp/law/322AC0000000049,2026-09-29,2025-12-01,,GAP,"JP lineage not yet seeded. Source exceptions and required inputs remain open; no JP sealed rule or production probe. Closure case: Capture birth/medical/request dates, actual work and the separate contractual/statutory pay or insurance-benefit source. Probe work prohibition and pay classification separately. (Register status 2026-09-29: No [IN-SYSTEM 2026-09-29].)",work_rules.jp.lsa_09,,,
JP-LS10,JP,wages,"Workplace injury compensation: Arts. 75–83 cover medical expense, 60%-of-average-wage absence compensation and later adjustments, disability/death and other remedies. Insurer payments/coverage require separate reconciliation before offsetting the employer's duty.",Labour Standards Act Arts. 75–83 (https://laws.e-gov.go.jp/law/322AC0000000049),https://laws.e-gov.go.jp/law/322AC0000000049,2026-09-29,2025-12-01,,GAP,"JP lineage not yet seeded. Source exceptions and required inputs remain open; no JP sealed rule or production probe. Closure case: Capture injury classification, certified absence, average-wage history, assessment and insurer determination; distinguish employer payable from insurer benefit. (Register status 2026-09-29: No [IN-SYSTEM 2026-09-29].)",work_rules.jp.lsa_10,,,
JP-LS11,JP,records,"Work rules and records: Arts. 89–92, 106–109, 143 require a filed work-rules instrument for establishments with at least ten regular workers, including wage, hours, leave and termination terms; communication, worker register, wage ledger entries at each payment and record retention. Art. 143 presently substitutes three years for Art. 109's printed five-year period.","Labour Standards Act Arts. 89–92, 106–109, 143 (https://laws.e-gov.go.jp/law/322AC0000000049)",https://laws.e-gov.go.jp/law/322AC0000000049,2026-09-29,2025-12-01,,GAP,"JP lineage not yet seeded. Source exceptions and required inputs remain open; no JP sealed rule or production probe. Closure case: Capture establishment headcount, filed/effective work-rules version, communication evidence, payment-by-payment ledger fields and retention start. Reconcile the Enforcement Ordinance and the Art. 143 transition before an export or deletion policy is certified. (Register status 2026-09-29: No [IN-SYSTEM 2026-09-29].)",work_rules.jp.lsa_11,,,
JP-LS12,JP,other,"Statutory scope exclusions and remedies: Arts. 114–116, 143 cover court-ordered additional payment, claim limitation and exclusions including seafarers, family-only businesses and domestic servants. Art. 143 also modifies the stated limitation periods during its transition.","Labour Standards Act Arts. 114–116, 143 (https://laws.e-gov.go.jp/law/322AC0000000049)",https://laws.e-gov.go.jp/law/322AC0000000049,2026-09-29,2025-12-01,,GAP,JP lineage not yet seeded. Source exceptions and required inputs remain open; no JP sealed rule or production probe. Closure case: Classify the actual worker/employer and preserve claim/notice/order evidence; do not treat a court remedy as routine payroll or a job label as an exclusion. (Register status 2026-09-29: No [IN-SYSTEM 2026-09-29].),work_rules.jp.lsa_12,,,
JP-MW01,JP,minimum_wage,Worker scope and rate unit: Arts. 2–4 define the covered worker and ordinarily an hourly minimum. The 2007 amendment's transitional Art. 5(2) can preserve a pre-2008 specific determination in another unit until its first effective amendment/abolition. A below-floor contract term is ineffective and replaced by the minimum. Family-only businesses and domestic servants are outside the Act's worker definition.,Minimum Wage Act Arts. 2–4 (https://laws.e-gov.go.jp/law/334AC0000000137),https://laws.e-gov.go.jp/law/334AC0000000137,2026-09-29,2025-12-01,,GAP,"JP lineage not yet seeded. Source exceptions and required inputs remain open; no JP sealed rule or production probe. Closure case: Select actual worker/engagement and instrument vintage; compare the lawful hourly-equivalent wage with the dated regional floor and any separately applicable legacy specific floor. Probe monthly, daily, hourly and piece-rate workers, including the nationwide daily mining determination below. (Register status 2026-09-29: No [IN-SYSTEM 2026-09-29].)",work_rules.wages.jp_mwa_01,,,
JP-MW02,JP,minimum_wage,"Eligible wage basis: Arts. 4(3)–(4), 5 exclude specified nonmonthly and nonordinary pay and require proper valuation of in-kind pay or employer-supplied items; an authorised nonwork period is not automatically an hourly floor shortfall. MHLW's wage guide lists bonuses, overtime/holiday/night premiums and commuting/family/attendance allowances outside the comparison.","Minimum Wage Act Arts. 4(3)–(4), 5 (https://laws.e-gov.go.jp/law/334AC0000000137)",https://laws.e-gov.go.jp/law/334AC0000000137,2026-09-29,2025-12-01,,GAP,"JP lineage not yet seeded. Source exceptions and required inputs remain open; no JP sealed rule or production probe. Closure case: Classify each pay line, normal hours and permitted unpaid hours; do not let a bonus or overtime cure deficient base pay. Verify any in-kind valuation under the delegated rule. (Register status 2026-09-29: No [IN-SYSTEM 2026-09-29].)",work_rules.wages.jp_mwa_02,,,
JP-MW03,JP,minimum_wage,"Multiple floors and location: Arts. 6, 9–19 require the highest applicable regional/specific floor; Art. 13 takes a dispatched worker's regional floor from the client workplace, and Art. 18 applies the client's relevant specific floor. The promulgated rate's effective date governs; a proposed rate is not law.","Minimum Wage Act Arts. 6, 9–19 (https://laws.e-gov.go.jp/law/334AC0000000137)",https://laws.e-gov.go.jp/law/334AC0000000137,2026-09-29,2025-12-01,,GAP,"JP lineage not yet seeded. Source exceptions and required inputs remain open; no JP sealed rule or production probe. Closure case: Capture worksite prefecture, dispatch/client location, industry/occupation and dated determinations. Probe two simultaneous floors, a dispatched worker, the Iwate/Yamagata/Akita effective-date edges and Tokyo's promulgated JPY1,226 → JPY1,280 boundary on 1 October 2026. (Register status 2026-09-29: No [IN-SYSTEM 2026-09-29].)",work_rules.wages.jp_mwa_03,,,
JP-MW04,JP,minimum_wage,"Individual reduction permission: Art. 7 permits a reduced floor for listed worker categories only after prefectural labour-bureau permission and a determined reduction; probation, disability, training or light work alone is insufficient.",Minimum Wage Act Art. 7 (https://laws.e-gov.go.jp/law/334AC0000000137),https://laws.e-gov.go.jp/law/334AC0000000137,2026-09-29,2025-12-01,,GAP,"JP lineage not yet seeded. Source exceptions and required inputs remain open; no JP sealed rule or production probe. Closure case: Preserve individual permit, covered floor, approved percentage, effective period and category. Probe the same probationer with and without a valid permit. (Register status 2026-09-29: No [IN-SYSTEM 2026-09-29].)",work_rules.wages.jp_mwa_04,,,
JP-MW05,JP,records,"Notice and enforcement evidence: Art. 8 requires employers to make the applicable floor known at the workplace. Arts. 27–42 include official inspection, reporting and penalty provisions; Arts. 10–12 and 15–26 contain actor-specific determination and council procedures, while the resulting rates still govern payroll.",Minimum Wage Act Art. 8 (https://laws.e-gov.go.jp/law/334AC0000000137),https://laws.e-gov.go.jp/law/334AC0000000137,2026-09-29,2025-12-01,,EXTERNAL,"JP lineage not yet seeded. Source exceptions and required inputs remain open; no JP sealed rule or production probe. Closure case: Keep current workplace notice, source determination and inspection/response evidence; separate a wage shortfall payable to the worker from an employer penalty. Reconcile each administrative article before marking it out of payroll scope. (Register status 2026-09-29: No [IN-SYSTEM 2026-09-29].)",work_rules.wages.jp_mwa_05,,,
JP-MWA-01,JP,minimum_wage,"Art. 1: statutory purpose; interpretive scope, no direct payroll amount.",Minimum Wage Act Art. 1 (https://laws.e-gov.go.jp/law/334AC0000000137),https://laws.e-gov.go.jp/law/334AC0000000137,2026-09-29,2025-12-01,,NOT-APPLICABLE,"Directs the government, council or inspector; no employer payroll or HR duty arises from this article. The resulting dated determinations are the JP-RF and JP-SF rows. Open check: confirm amendment history. (Register status 2026-09-29: No [IN-SYSTEM 2026-09-29].)",,,,
JP-MWA-02,JP,minimum_wage,"Art. 2: worker, employer and wage definitions; classify family-only work and domestic service before floor selection.",Minimum Wage Act Art. 2 (https://laws.e-gov.go.jp/law/334AC0000000137),https://laws.e-gov.go.jp/law/334AC0000000137,2026-09-29,2025-12-01,,GAP,JP lineage not yet seeded. Provision and delegated-rule disposition remains open; no certified JP mechanism or probe. Open: linked Labour Standards Act definitions. (Register status 2026-09-29: No [IN-SYSTEM 2026-09-29].),work_rules.wages.jp_mwa.art_2,,,
JP-MWA-03,JP,minimum_wage,"Art. 3: new determinations use an hourly floor; Art. 35 modifies the unit for seafarers, and the 2007 amendment's supplemental Art. 5(2) preserves certain older nonhourly specific determinations until their first effective amendment/abolition.",Minimum Wage Act Art. 3 (https://laws.e-gov.go.jp/law/334AC0000000137),https://laws.e-gov.go.jp/law/334AC0000000137,2026-09-29,2025-12-01,,GAP,JP lineage not yet seeded. Provision and delegated-rule disposition remains open; no certified JP mechanism or probe. Open: unit conversion and transitional scope. (Register status 2026-09-29: No [IN-SYSTEM 2026-09-29].),work_rules.wages.jp_mwa.art_3,,,
JP-MWA-04,JP,minimum_wage,"Art. 4(1)–(4): pay at least the floor, substitute an invalid lower contract term, exclude specified wage classes, and treat permitted nonwork separately.",Minimum Wage Act Art. 4(1)–(4) (https://laws.e-gov.go.jp/law/334AC0000000137),https://laws.e-gov.go.jp/law/334AC0000000137,2026-09-29,2025-12-01,,GAP,JP lineage not yet seeded. Provision and delegated-rule disposition remains open; no certified JP mechanism or probe. Open: each exclusion and denominator. (Register status 2026-09-29: No [IN-SYSTEM 2026-09-29].),work_rules.wages.jp_mwa.art_4,,,
JP-MWA-05,JP,minimum_wage,Art. 5: value in-kind wages and employer-supplied items properly.,Minimum Wage Act Art. 5 (https://laws.e-gov.go.jp/law/334AC0000000137),https://laws.e-gov.go.jp/law/334AC0000000137,2026-09-29,2025-12-01,,GAP,JP lineage not yet seeded. Provision and delegated-rule disposition remains open; no certified JP mechanism or probe. Open: valuation rule and evidence. (Register status 2026-09-29: No [IN-SYSTEM 2026-09-29].),work_rules.wages.jp_mwa.art_5,,,
JP-MWA-06,JP,minimum_wage,Art. 6(1)–(2): select the highest concurrent floor while retaining the regional floor's separate Art. 4/40 enforcement.,Minimum Wage Act Art. 6(1)–(2) (https://laws.e-gov.go.jp/law/334AC0000000137),https://laws.e-gov.go.jp/law/334AC0000000137,2026-09-29,2025-12-01,,GAP,JP lineage not yet seeded. Provision and delegated-rule disposition remains open; no certified JP mechanism or probe. Open: overlapping-rate case. (Register status 2026-09-29: No [IN-SYSTEM 2026-09-29].),work_rules.wages.jp_mwa.art_6,,,
JP-MWA-07,JP,minimum_wage,Art. 7 items 1–4: reduce only on the individual's prefectural labour-bureau permit and the prescribed rate.,Minimum Wage Act Art. 7 items 1–4 (https://laws.e-gov.go.jp/law/334AC0000000137),https://laws.e-gov.go.jp/law/334AC0000000137,2026-09-29,2025-12-01,,GAP,"JP lineage not yet seeded. Provision and delegated-rule disposition remains open; no certified JP mechanism or probe. Open: each category, calculation and permit dates. (Register status 2026-09-29: No [IN-SYSTEM 2026-09-29].)",work_rules.wages.jp_mwa.art_7,,,
JP-MWA-08,JP,records,Art. 8: make the applicable floor known to workers in the prescribed way.,Minimum Wage Act Art. 8 (https://laws.e-gov.go.jp/law/334AC0000000137),https://laws.e-gov.go.jp/law/334AC0000000137,2026-09-29,2025-12-01,,EXTERNAL,"JP lineage not yet seeded. Employer duty outside the calculator (notice, report, inspection response or non-retaliation). Open: workplace notice evidence. (Register status 2026-09-29: No [IN-SYSTEM 2026-09-29].)",obligations:JP_MWA_ART_8,,,
JP-MWA-09,JP,minimum_wage,Art. 9: authority must set regional floors nationwide using stated criteria.,Minimum Wage Act Art. 9 (https://laws.e-gov.go.jp/law/334AC0000000137),https://laws.e-gov.go.jp/law/334AC0000000137,2026-09-29,2025-12-01,,GAP,JP lineage not yet seeded. Provision and delegated-rule disposition remains open; no certified JP mechanism or probe. Open: reconcile each resulting dated prefectural instrument. (Register status 2026-09-29: No [IN-SYSTEM 2026-09-29].),work_rules.wages.jp_mwa.art_9,,,
JP-MWA-10,JP,minimum_wage,Art. 10: authority/council route for regional determination and reconsideration.,Minimum Wage Act Art. 10 (https://laws.e-gov.go.jp/law/334AC0000000137),https://laws.e-gov.go.jp/law/334AC0000000137,2026-09-29,2025-12-01,,NOT-APPLICABLE,"Directs the government, council or inspector; no employer payroll or HR duty arises from this article. The resulting dated determinations are the JP-RF and JP-SF rows. Open check: decision-versus-recommendation source control. (Register status 2026-09-29: No [IN-SYSTEM 2026-09-29].)",,,,
JP-MWA-11,JP,minimum_wage,Art. 11: publish council opinion and allow worker/employer objections before decision.,Minimum Wage Act Art. 11 (https://laws.e-gov.go.jp/law/334AC0000000137),https://laws.e-gov.go.jp/law/334AC0000000137,2026-09-29,2025-12-01,,GAP,JP lineage not yet seeded. Provision and delegated-rule disposition remains open; no certified JP mechanism or probe. Open: do not load a mere opinion as effective law. (Register status 2026-09-29: No [IN-SYSTEM 2026-09-29].),work_rules.wages.jp_mwa.art_11,,,
JP-MWA-12,JP,minimum_wage,Art. 12: authority may amend or abolish a regional determination.,Minimum Wage Act Art. 12 (https://laws.e-gov.go.jp/law/334AC0000000137),https://laws.e-gov.go.jp/law/334AC0000000137,2026-09-29,2025-12-01,,GAP,JP lineage not yet seeded. Provision and delegated-rule disposition remains open; no certified JP mechanism or probe. Open: supersession and gaps in effective periods. (Register status 2026-09-29: No [IN-SYSTEM 2026-09-29].),work_rules.wages.jp_mwa.art_12,,,
JP-MWA-13,JP,minimum_wage,Art. 13: dispatched worker's regional floor follows the client workplace.,Minimum Wage Act Art. 13 (https://laws.e-gov.go.jp/law/334AC0000000137),https://laws.e-gov.go.jp/law/334AC0000000137,2026-09-29,2025-12-01,,GAP,JP lineage not yet seeded. Provision and delegated-rule disposition remains open; no certified JP mechanism or probe. Open: client-location input and case. (Register status 2026-09-29: No [IN-SYSTEM 2026-09-29].),work_rules.wages.jp_mwa.art_13,,,
JP-MWA-14,JP,minimum_wage,Art. 14: publish regional decision; new or revised floor normally commences 30 days after publication unless a later date is set.,Minimum Wage Act Art. 14 (https://laws.e-gov.go.jp/law/334AC0000000137),https://laws.e-gov.go.jp/law/334AC0000000137,2026-09-29,2025-12-01,,GAP,JP lineage not yet seeded. Provision and delegated-rule disposition remains open; no certified JP mechanism or probe. Open: promulgation/effective-date ledger. (Register status 2026-09-29: No [IN-SYSTEM 2026-09-29].),work_rules.wages.jp_mwa.art_14,,,
JP-MWA-15,JP,minimum_wage,Art. 15: industry/occupation floor request and decision; paragraph 4 can defer coverage for a specified business for a limited time or set a different amount after objection.,Minimum Wage Act Art. 15 (https://laws.e-gov.go.jp/law/334AC0000000137),https://laws.e-gov.go.jp/law/334AC0000000137,2026-09-29,2025-12-01,,GAP,"JP lineage not yet seeded. Provision and delegated-rule disposition remains open; no certified JP mechanism or probe. Open: actual determination, exception scope and expiry. (Register status 2026-09-29: No [IN-SYSTEM 2026-09-29].)",work_rules.wages.jp_mwa.art_15,,,
JP-MWA-16,JP,minimum_wage,Art. 16: a newly decided or revised specific floor must exceed the regional floor.,Minimum Wage Act Art. 16 (https://laws.e-gov.go.jp/law/334AC0000000137),https://laws.e-gov.go.jp/law/334AC0000000137,2026-09-29,2025-12-01,,GAP,JP lineage not yet seeded. Provision and delegated-rule disposition remains open; no certified JP mechanism or probe. Open: instrument validity and concurrency. (Register status 2026-09-29: No [IN-SYSTEM 2026-09-29].),work_rules.wages.jp_mwa.art_16,,,
JP-MWA-17,JP,minimum_wage,Art. 17: authority can abolish a seriously unsuitable specific floor.,Minimum Wage Act Art. 17 (https://laws.e-gov.go.jp/law/334AC0000000137),https://laws.e-gov.go.jp/law/334AC0000000137,2026-09-29,2025-12-01,,GAP,JP lineage not yet seeded. Provision and delegated-rule disposition remains open; no certified JP mechanism or probe. Open: dated revocation. (Register status 2026-09-29: No [IN-SYSTEM 2026-09-29].),work_rules.wages.jp_mwa.art_17,,,
JP-MWA-18,JP,minimum_wage,Art. 18: dispatched worker takes the client's applicable industry/occupation floor.,Minimum Wage Act Art. 18 (https://laws.e-gov.go.jp/law/334AC0000000137),https://laws.e-gov.go.jp/law/334AC0000000137,2026-09-29,2025-12-01,,GAP,JP lineage not yet seeded. Provision and delegated-rule disposition remains open; no certified JP mechanism or probe. Open: client-sector/occupation input. (Register status 2026-09-29: No [IN-SYSTEM 2026-09-29].),work_rules.wages.jp_mwa.art_18,,,
JP-MWA-19,JP,minimum_wage,Art. 19: publish specific-floor decision; new or revised floor normally commences 30 days after publication unless later specified.,Minimum Wage Act Art. 19 (https://laws.e-gov.go.jp/law/334AC0000000137),https://laws.e-gov.go.jp/law/334AC0000000137,2026-09-29,2025-12-01,,GAP,JP lineage not yet seeded. Provision and delegated-rule disposition remains open; no certified JP mechanism or probe. Open: dated sector register. (Register status 2026-09-29: No [IN-SYSTEM 2026-09-29].),work_rules.wages.jp_mwa.art_19,,,
JP-MWA-20,JP,minimum_wage,Art. 20: establishes central and prefectural minimum-wage councils.,Minimum Wage Act Art. 20 (https://laws.e-gov.go.jp/law/334AC0000000137),https://laws.e-gov.go.jp/law/334AC0000000137,2026-09-29,2025-12-01,,NOT-APPLICABLE,"Directs the government, council or inspector; no employer payroll or HR duty arises from this article. The resulting dated determinations are the JP-RF and JP-SF rows. Open check: authority/source provenance, no direct payroll amount. (Register status 2026-09-29: No [IN-SYSTEM 2026-09-29].)",,,,
JP-MWA-21,JP,minimum_wage,Art. 21: council powers and prefectural advice.,Minimum Wage Act Art. 21 (https://laws.e-gov.go.jp/law/334AC0000000137),https://laws.e-gov.go.jp/law/334AC0000000137,2026-09-29,2025-12-01,,NOT-APPLICABLE,"Directs the government, council or inspector; no employer payroll or HR duty arises from this article. The resulting dated determinations are the JP-RF and JP-SF rows. Open check: distinguish advice from a binding rate. (Register status 2026-09-29: No [IN-SYSTEM 2026-09-29].)",,,,
JP-MWA-22,JP,minimum_wage,Art. 22: council composition is delegated to Cabinet order.,Minimum Wage Act Art. 22 (https://laws.e-gov.go.jp/law/334AC0000000137),https://laws.e-gov.go.jp/law/334AC0000000137,2026-09-29,2025-12-01,,NOT-APPLICABLE,"Directs the government, council or inspector; no employer payroll or HR duty arises from this article. The resulting dated determinations are the JP-RF and JP-SF rows. Open check: authority procedure, not an employer payment. (Register status 2026-09-29: No [IN-SYSTEM 2026-09-29].)",,,,
JP-MWA-23,JP,minimum_wage,Art. 23: council appointment and term.,Minimum Wage Act Art. 23 (https://laws.e-gov.go.jp/law/334AC0000000137),https://laws.e-gov.go.jp/law/334AC0000000137,2026-09-29,2025-12-01,,NOT-APPLICABLE,"Directs the government, council or inspector; no employer payroll or HR duty arises from this article. The resulting dated determinations are the JP-RF and JP-SF rows. Open check: authority procedure, not an employer payment. (Register status 2026-09-29: No [IN-SYSTEM 2026-09-29].)",,,,
JP-MWA-24,JP,minimum_wage,Art. 24: council chair and deputy.,Minimum Wage Act Art. 24 (https://laws.e-gov.go.jp/law/334AC0000000137),https://laws.e-gov.go.jp/law/334AC0000000137,2026-09-29,2025-12-01,,NOT-APPLICABLE,"Directs the government, council or inspector; no employer payroll or HR duty arises from this article. The resulting dated determinations are the JP-RF and JP-SF rows. Open check: authority procedure, not an employer payment. (Register status 2026-09-29: No [IN-SYSTEM 2026-09-29].)",,,,
JP-MWA-25,JP,minimum_wage,Art. 25: expert panel and hearing of affected workers/employers.,Minimum Wage Act Art. 25 (https://laws.e-gov.go.jp/law/334AC0000000137),https://laws.e-gov.go.jp/law/334AC0000000137,2026-09-29,2025-12-01,,NOT-APPLICABLE,"Directs the government, council or inspector; no employer payroll or HR duty arises from this article. The resulting dated determinations are the JP-RF and JP-SF rows. Open check: procedural cross-reference; no rate before final decision. (Register status 2026-09-29: No [IN-SYSTEM 2026-09-29].)",,,,
JP-MWA-26,JP,minimum_wage,Art. 26: Cabinet order governs remaining council details.,Minimum Wage Act Art. 26 (https://laws.e-gov.go.jp/law/334AC0000000137),https://laws.e-gov.go.jp/law/334AC0000000137,2026-09-29,2025-12-01,,NOT-APPLICABLE,"Directs the government, council or inspector; no employer payroll or HR duty arises from this article. The resulting dated determinations are the JP-RF and JP-SF rows. Open check: delegated-rule reconciliation. (Register status 2026-09-29: No [IN-SYSTEM 2026-09-29].)",,,,
JP-MWA-27,JP,minimum_wage,Art. 27: government assistance to workers and employers.,Minimum Wage Act Art. 27 (https://laws.e-gov.go.jp/law/334AC0000000137),https://laws.e-gov.go.jp/law/334AC0000000137,2026-09-29,2025-12-01,,NOT-APPLICABLE,"Directs the government, council or inspector; no employer payroll or HR duty arises from this article. The resulting dated determinations are the JP-RF and JP-SF rows. Open check: government-facing provision; no direct payroll amount. (Register status 2026-09-29: No [IN-SYSTEM 2026-09-29].)",,,,
JP-MWA-28,JP,minimum_wage,Art. 28: ministerial wage investigation.,Minimum Wage Act Art. 28 (https://laws.e-gov.go.jp/law/334AC0000000137),https://laws.e-gov.go.jp/law/334AC0000000137,2026-09-29,2025-12-01,,NOT-APPLICABLE,"Directs the government, council or inspector; no employer payroll or HR duty arises from this article. The resulting dated determinations are the JP-RF and JP-SF rows. Open check: government-facing provision; no direct payroll amount. (Register status 2026-09-29: No [IN-SYSTEM 2026-09-29].)",,,,
JP-MWA-29,JP,records,Art. 29: authority may require a wage report from an employer or worker.,Minimum Wage Act Art. 29 (https://laws.e-gov.go.jp/law/334AC0000000137),https://laws.e-gov.go.jp/law/334AC0000000137,2026-09-29,2025-12-01,,EXTERNAL,"JP lineage not yet seeded. Employer duty outside the calculator (notice, report, inspection response or non-retaliation). Open: demand-triggered response and evidence. (Register status 2026-09-29: No [IN-SYSTEM 2026-09-29].)",obligations:JP_MWA_ART_29,,,
JP-MWA-30,JP,minimum_wage,Art. 30: allocates decision powers between minister and prefectural bureau.,Minimum Wage Act Art. 30 (https://laws.e-gov.go.jp/law/334AC0000000137),https://laws.e-gov.go.jp/law/334AC0000000137,2026-09-29,2025-12-01,,NOT-APPLICABLE,"Directs the government, council or inspector; no employer payroll or HR duty arises from this article. The resulting dated determinations are the JP-RF and JP-SF rows. Open check: source authority for multi-prefecture/specified determinations. (Register status 2026-09-29: No [IN-SYSTEM 2026-09-29].)",,,,
JP-MWA-31,JP,minimum_wage,Art. 31: assigns implementation work to labour standards offices/inspectors.,Minimum Wage Act Art. 31 (https://laws.e-gov.go.jp/law/334AC0000000137),https://laws.e-gov.go.jp/law/334AC0000000137,2026-09-29,2025-12-01,,NOT-APPLICABLE,"Directs the government, council or inspector; no employer payroll or HR duty arises from this article. The resulting dated determinations are the JP-RF and JP-SF rows. Open check: authority classification. (Register status 2026-09-29: No [IN-SYSTEM 2026-09-29].)",,,,
JP-MWA-32,JP,records,"Art. 32: inspector may enter, inspect records and question relevant persons within statutory limits.",Minimum Wage Act Art. 32 (https://laws.e-gov.go.jp/law/334AC0000000137),https://laws.e-gov.go.jp/law/334AC0000000137,2026-09-29,2025-12-01,,EXTERNAL,"JP lineage not yet seeded. Employer duty outside the calculator (notice, report, inspection response or non-retaliation). Open: inspection-response and record evidence. (Register status 2026-09-29: No [IN-SYSTEM 2026-09-29].)",obligations:JP_MWA_ART_32,,,
JP-MWA-33,JP,minimum_wage,Art. 33: inspector's judicial-police role for offences.,Minimum Wage Act Art. 33 (https://laws.e-gov.go.jp/law/334AC0000000137),https://laws.e-gov.go.jp/law/334AC0000000137,2026-09-29,2025-12-01,,NOT-APPLICABLE,"Directs the government, council or inspector; no employer payroll or HR duty arises from this article. The resulting dated determinations are the JP-RF and JP-SF rows. Open check: enforcement classification, no routine payroll amount. (Register status 2026-09-29: No [IN-SYSTEM 2026-09-29].)",,,,
JP-MWA-34,JP,records,Art. 34(1)–(2): worker may report a violation and seek correction; employer may not dismiss or disadvantage the worker for doing so.,Minimum Wage Act Art. 34(1)–(2) (https://laws.e-gov.go.jp/law/334AC0000000137),https://laws.e-gov.go.jp/law/334AC0000000137,2026-09-29,2025-12-01,,EXTERNAL,"JP lineage not yet seeded. Employer duty outside the calculator (notice, report, inspection response or non-retaliation). Open: report/retaliation evidence path separate from wage calculation. (Register status 2026-09-29: No [IN-SYSTEM 2026-09-29].)",obligations:JP_MWA_ART_34,,,
JP-MWA-35,JP,minimum_wage,"Art. 35: seafarers have a distinct minimum-wage regime, including possible hourly/daily/weekly/monthly units and sector/dispatch selection.",Minimum Wage Act Art. 35 (https://laws.e-gov.go.jp/law/334AC0000000137),https://laws.e-gov.go.jp/law/334AC0000000137,2026-09-29,2025-12-01,,GAP,"JP lineage not yet seeded. Provision and delegated-rule disposition remains open; no certified JP mechanism or probe. Open: worker classification, transport-ministry instruments and all eight paragraphs; a blanket seafarer exclusion would be wrong. (Register status 2026-09-29: No [IN-SYSTEM 2026-09-29].)",work_rules.wages.jp_mwa.art_35,,,
JP-MWA-36,JP,minimum_wage,Art. 36: transport-policy council assumes minimum-wage council role for seafarers.,Minimum Wage Act Art. 36 (https://laws.e-gov.go.jp/law/334AC0000000137),https://laws.e-gov.go.jp/law/334AC0000000137,2026-09-29,2025-12-01,,NOT-APPLICABLE,"Directs the government, council or inspector; no employer payroll or HR duty arises from this article. The resulting dated determinations are the JP-RF and JP-SF rows. Open check: special authority source. (Register status 2026-09-29: No [IN-SYSTEM 2026-09-29].)",,,,
JP-MWA-37,JP,minimum_wage,Art. 37: seafarer minimum-wage expert-panel procedure.,Minimum Wage Act Art. 37 (https://laws.e-gov.go.jp/law/334AC0000000137),https://laws.e-gov.go.jp/law/334AC0000000137,2026-09-29,2025-12-01,,NOT-APPLICABLE,"Directs the government, council or inspector; no employer payroll or HR duty arises from this article. The resulting dated determinations are the JP-RF and JP-SF rows. Open check: special authority source. (Register status 2026-09-29: No [IN-SYSTEM 2026-09-29].)",,,,
JP-MWA-38,JP,minimum_wage,Art. 38: delegates implementation details to ministerial ordinance.,Minimum Wage Act Art. 38 (https://laws.e-gov.go.jp/law/334AC0000000137),https://laws.e-gov.go.jp/law/334AC0000000137,2026-09-29,2025-12-01,,NOT-APPLICABLE,Delegation only; the operative content is the Enforcement Regulation rows JP-MWR-01–18. Open check: read the ordinance and every payroll-relevant cross-reference. (Register status 2026-09-29: No [IN-SYSTEM 2026-09-29].),,,,
JP-MWA-39,JP,other,Art. 39: criminal penalty for Art. 34(2) retaliation.,Minimum Wage Act Art. 39 (https://laws.e-gov.go.jp/law/334AC0000000137),https://laws.e-gov.go.jp/law/334AC0000000137,2026-09-29,2025-12-01,,NOT-APPLICABLE,"Criminal penalty; no payroll or HR computation. Compliance is carried by JP-MWA-34. Open check: employer compliance consequence, not a routine wage line. (Register status 2026-09-29: No [IN-SYSTEM 2026-09-29].)",,,,
JP-MWA-40,JP,other,Art. 40: criminal penalty for specified Art. 4(1) floor breaches.,Minimum Wage Act Art. 40 (https://laws.e-gov.go.jp/law/334AC0000000137),https://laws.e-gov.go.jp/law/334AC0000000137,2026-09-29,2025-12-01,,NOT-APPLICABLE,Criminal penalty; no payroll amount. The worker shortfall itself is JP-MWA-04/06. Open check: distinguish worker wage shortfall from state fine. (Register status 2026-09-29: No [IN-SYSTEM 2026-09-29].),,,,
JP-MWA-41,JP,other,"Art. 41: penalties for specified Art. 8 notice, Art. 29 report and Art. 32 inspection breaches.",Minimum Wage Act Art. 41 (https://laws.e-gov.go.jp/law/334AC0000000137),https://laws.e-gov.go.jp/law/334AC0000000137,2026-09-29,2025-12-01,,NOT-APPLICABLE,"Criminal penalty; compliance is carried by JP-MWA-08, -29 and -32. Open check: employer evidence obligations. (Register status 2026-09-29: No [IN-SYSTEM 2026-09-29].)",,,,
JP-MWA-42,JP,other,Art. 42: corporate/person liability alongside individual offender for the preceding three articles.,Minimum Wage Act Art. 42 (https://laws.e-gov.go.jp/law/334AC0000000137),https://laws.e-gov.go.jp/law/334AC0000000137,2026-09-29,2025-12-01,,NOT-APPLICABLE,"Dual-liability penalty clause; no payroll or HR computation. Open check: enforcement classification, no routine payroll amount. (Register status 2026-09-29: No [IN-SYSTEM 2026-09-29].)",,,,
JP-MWR-01,JP,minimum_wage,"Art. 1: exclude temporary pay, pay at intervals over a month, overtime, nonscheduled-day pay and the premium portion of night pay; the night ordinary-rate portion is not excluded on that ground.",Minimum Wage Act Enforcement Regulation Art. 1 (https://www.mhlw.go.jp/web/t_doc?dataId=73054000&dataType=0&pageNo=1),https://laws.e-gov.go.jp/law/334M50002000016,2026-09-29,2025-12-01,,GAP,JP lineage not yet seeded. Provision and delegated-rule disposition remains open; no certified JP mechanism or probe. Open: component taxonomy and Art. 4(3) determinations. (Register status 2026-09-29: No [IN-SYSTEM 2026-09-29].),work_rules.wages.jp_mwr.art_1,,,
JP-MWR-02,JP,minimum_wage,"Art. 2(1) items 1–5: convert daily pay by daily scheduled hours (or weekly average where days differ), weekly pay by weekly hours (or four-week average where weeks differ), monthly pay by monthly hours (or annual average monthly hours where months differ), other periods analogously, and piece/task pay by actual hours in its wage calculation period. Paragraph 2 treats other nonhourly allowances as monthly pay; paragraph 3 substitutes health-management time for certain high-level professionals.",Minimum Wage Act Enforcement Regulation Art. 2(1) items 1–5 (https://www.mhlw.go.jp/web/t_doc?dataId=73054000&dataType=0&pageNo=1),https://laws.e-gov.go.jp/law/334M50002000016,2026-09-29,2025-12-01,,GAP,"JP lineage not yet seeded. Provision and delegated-rule disposition remains open; no certified JP mechanism or probe. Open: all denominators, mixed-pay aggregation and boundaries. (Register status 2026-09-29: No [IN-SYSTEM 2026-09-29].) Using monthly pay ÷ 30 ÷ 8 as a universal hourly comparator would conflict with this article.",work_rules.wages.jp_mwr.art_2,,,
JP-MWR-03,JP,minimum_wage,Art. 3: narrows the authorised vocational-training group and adds particularly light/intermittent work to the permit categories.,Minimum Wage Act Enforcement Regulation Art. 3 (https://www.mhlw.go.jp/web/t_doc?dataId=73054000&dataType=0&pageNo=1),https://laws.e-gov.go.jp/law/334M50002000016,2026-09-29,2025-12-01,,GAP,JP lineage not yet seeded. Provision and delegated-rule disposition remains open; no certified JP mechanism or probe. Open: occupational facts and exclusions. (Register status 2026-09-29: No [IN-SYSTEM 2026-09-29].),work_rules.wages.jp_mwr.art_3,,,
JP-MWR-04,JP,records,"Art. 4: employer submits an individual reduction application through the local labour standards office to the prefectural bureau, using the relevant category form; electronic/representative submission has further conditions.",Minimum Wage Act Enforcement Regulation Art. 4 (https://www.mhlw.go.jp/web/t_doc?dataId=73054000&dataType=0&pageNo=1),https://laws.e-gov.go.jp/law/334M50002000016,2026-09-29,2025-12-01,,EXTERNAL,JP lineage not yet seeded. Employer submission or notice outside the calculator. Open: permit evidence and date. (Register status 2026-09-29: No [IN-SYSTEM 2026-09-29].),obligations:JP_MWR_ART_4,,,
JP-MWR-05,JP,minimum_wage,"Art. 5: category-specific maximum reduction rates; probation is capped at 20%, while disability, qualifying training, light work and intermittent work use their distinct prescribed comparisons/formulas.",Minimum Wage Act Enforcement Regulation Art. 5 (https://www.mhlw.go.jp/web/t_doc?dataId=73054000&dataType=0&pageNo=1),https://laws.e-gov.go.jp/law/334M50002000016,2026-09-29,2025-12-01,,GAP,"JP lineage not yet seeded. Provision and delegated-rule disposition remains open; no certified JP mechanism or probe. Open: approved rate must be read from the actual permit, not guessed from category. (Register status 2026-09-29: No [IN-SYSTEM 2026-09-29].)",work_rules.wages.jp_mwr.art_5,,,
JP-MWR-06,JP,records,"Art. 6: the worker notice must state covered worker range, floor, excluded wages specified by the determination, and effective date.",Minimum Wage Act Enforcement Regulation Art. 6 (https://www.mhlw.go.jp/web/t_doc?dataId=73054000&dataType=0&pageNo=1),https://laws.e-gov.go.jp/law/334M50002000016,2026-09-29,2025-12-01,,EXTERNAL,JP lineage not yet seeded. Employer submission or notice outside the calculator. Open: workplace evidence. (Register status 2026-09-29: No [IN-SYSTEM 2026-09-29].),obligations:JP_MWR_ART_6,,,
JP-MWR-07,JP,minimum_wage,Art. 7: publish a council opinion by the applicable Gazette/bureau-website route; this is not final publication of a rate.,Minimum Wage Act Enforcement Regulation Art. 7 (https://www.mhlw.go.jp/web/t_doc?dataId=73054000&dataType=0&pageNo=1),https://laws.e-gov.go.jp/law/334M50002000016,2026-09-29,2025-12-01,,NOT-APPLICABLE,Directs the authority or council; no employer payroll or HR duty. Open check: source-state distinction. (Register status 2026-09-29: No [IN-SYSTEM 2026-09-29].),,,,
JP-MWR-08,JP,records,Art. 8: method for lodging an objection to a council opinion.,Minimum Wage Act Enforcement Regulation Art. 8 (https://www.mhlw.go.jp/web/t_doc?dataId=73054000&dataType=0&pageNo=1),https://laws.e-gov.go.jp/law/334M50002000016,2026-09-29,2025-12-01,,EXTERNAL,"JP lineage not yet seeded. Employer submission or notice outside the calculator. Open: optional employer/worker procedure, not a routine payroll deduction. (Register status 2026-09-29: No [IN-SYSTEM 2026-09-29].)",obligations:JP_MWR_ART_8,,,
JP-MWR-09,JP,minimum_wage,Art. 9: final regional or specific minimum-wage decision is published in the Official Gazette.,Minimum Wage Act Enforcement Regulation Art. 9 (https://www.mhlw.go.jp/web/t_doc?dataId=73054000&dataType=0&pageNo=1),https://laws.e-gov.go.jp/law/334M50002000016,2026-09-29,2025-12-01,,GAP,JP lineage not yet seeded. Provision and delegated-rule disposition remains open; no certified JP mechanism or probe. Open: verify Gazette/determination before sealing each dated rate. (Register status 2026-09-29: No [IN-SYSTEM 2026-09-29].),work_rules.wages.jp_mwr.art_9,,,
JP-MWR-10,JP,records,"Art. 10: specific-floor request details, representative proof and competent authority.",Minimum Wage Act Enforcement Regulation Art. 10 (https://www.mhlw.go.jp/web/t_doc?dataId=73054000&dataType=0&pageNo=1),https://laws.e-gov.go.jp/law/334M50002000016,2026-09-29,2025-12-01,,EXTERNAL,JP lineage not yet seeded. Employer submission or notice outside the calculator. Open: optional rate-making procedure. (Register status 2026-09-29: No [IN-SYSTEM 2026-09-29].),obligations:JP_MWR_ART_10,,,
JP-MWR-11,JP,minimum_wage,Art. 11: public notice and hearing of affected workers/employers for council deliberations.,Minimum Wage Act Enforcement Regulation Art. 11 (https://www.mhlw.go.jp/web/t_doc?dataId=73054000&dataType=0&pageNo=1),https://laws.e-gov.go.jp/law/334M50002000016,2026-09-29,2025-12-01,,NOT-APPLICABLE,Directs the authority or council; no employer payroll or HR duty. Open check: proposed-versus-final status. (Register status 2026-09-29: No [IN-SYSTEM 2026-09-29].),,,,
JP-MWR-12,JP,records,Art. 12: employer or worker must report requested minimum-wage matters to the authority.,Minimum Wage Act Enforcement Regulation Art. 12 (https://www.mhlw.go.jp/web/t_doc?dataId=73054000&dataType=0&pageNo=1),https://laws.e-gov.go.jp/law/334M50002000016,2026-09-29,2025-12-01,,EXTERNAL,JP lineage not yet seeded. Employer submission or notice outside the calculator. Open: demand-triggered response evidence. (Register status 2026-09-29: No [IN-SYSTEM 2026-09-29].),obligations:JP_MWR_ART_12,,,
JP-MWR-13,JP,minimum_wage,Art. 13: transfers nationally significant cases between prefectural bureau and minister.,Minimum Wage Act Enforcement Regulation Art. 13 (https://www.mhlw.go.jp/web/t_doc?dataId=73054000&dataType=0&pageNo=1),https://laws.e-gov.go.jp/law/334M50002000016,2026-09-29,2025-12-01,,NOT-APPLICABLE,Directs the authority or council; no employer payroll or HR duty. Open check: competent authority for determinations. (Register status 2026-09-29: No [IN-SYSTEM 2026-09-29].),,,,
JP-MWR-14,JP,minimum_wage,Art. 14: assigns implementation duties to labour standards officers and inspectors.,Minimum Wage Act Enforcement Regulation Art. 14 (https://www.mhlw.go.jp/web/t_doc?dataId=73054000&dataType=0&pageNo=1),https://laws.e-gov.go.jp/law/334M50002000016,2026-09-29,2025-12-01,,NOT-APPLICABLE,Directs the authority or council; no employer payroll or HR duty. Open check: authority classification. (Register status 2026-09-29: No [IN-SYSTEM 2026-09-29].),,,,
JP-MWR-15,JP,minimum_wage,Art. 15: inspector's identification form.,Minimum Wage Act Enforcement Regulation Art. 15 (https://www.mhlw.go.jp/web/t_doc?dataId=73054000&dataType=0&pageNo=1),https://laws.e-gov.go.jp/law/334M50002000016,2026-09-29,2025-12-01,,NOT-APPLICABLE,Directs the authority or council; no employer payroll or HR duty. Open check: inspection evidence. (Register status 2026-09-29: No [IN-SYSTEM 2026-09-29].),,,,
JP-MWR-16,JP,minimum_wage,Art. 16: authority endeavours to publicise published decisions.,Minimum Wage Act Enforcement Regulation Art. 16 (https://www.mhlw.go.jp/web/t_doc?dataId=73054000&dataType=0&pageNo=1),https://laws.e-gov.go.jp/law/334M50002000016,2026-09-29,2025-12-01,,NOT-APPLICABLE,"Directs the authority or council; no employer payroll or HR duty. Open check: authority duty, not an employer wage line. (Register status 2026-09-29: No [IN-SYSTEM 2026-09-29].)",,,,
JP-MWR-17,JP,records,"Art. 17: two copies for the specified permit, objection and specific-floor request applications.",Minimum Wage Act Enforcement Regulation Art. 17 (https://www.mhlw.go.jp/web/t_doc?dataId=73054000&dataType=0&pageNo=1),https://laws.e-gov.go.jp/law/334M50002000016,2026-09-29,2025-12-01,,EXTERNAL,JP lineage not yet seeded. Employer submission or notice outside the calculator. Open: conditional submission procedure. (Register status 2026-09-29: No [IN-SYSTEM 2026-09-29].),obligations:JP_MWR_ART_17,,,
JP-MWR-18,JP,records,Art. 18: prescribed application forms set minimum content and do not bar other forms.,Minimum Wage Act Enforcement Regulation Art. 18 (https://www.mhlw.go.jp/web/t_doc?dataId=73054000&dataType=0&pageNo=1),https://laws.e-gov.go.jp/law/334M50002000016,2026-09-29,2025-12-01,,EXTERNAL,JP lineage not yet seeded. Employer submission or notice outside the calculator. Open: conditional submission procedure. (Register status 2026-09-29: No [IN-SYSTEM 2026-09-29].),obligations:JP_MWR_ART_18,,,
JP-MWA-T01,JP,minimum_wage,2007 Amendment Act supplemental Art. 5(1)–(2) deems an older industry/occupation determination to be a specific minimum wage and suspends the new hourly-only Art. 3 until that determination's first effective amendment or abolition.,2007 Amendment Act supplemental Art. 5(1)–(2) (https://www.shugiin.go.jp/internet/itdb_housei.nsf/html/housei/16820071205129.htm),https://www.shugiin.go.jp/internet/itdb_housei.nsf/html/housei/16820071205129.htm,2026-09-29,2025-12-01,,GAP,JP lineage not yet seeded. Provision and delegated-rule disposition remains open; no certified JP mechanism or probe. Open: trace every surviving pre-2008 determination and its later changes. (Register status 2026-09-29: No [IN-SYSTEM 2026-09-29].),work_rules.wages.jp_legacy_mwa_t01,,,
JP-MWR-T01,JP,minimum_wage,2008 Regulation amendment supplemental Arts. 3–4 keep the former wage-conversion rule for those legacy determinations and alter intermittent-work permit scope during the transition.,2008 Regulation amendment supplemental Arts. 3–4 (https://www.mhlw.go.jp/web/t_doc?dataId=73054000&dataType=0&pageNo=1),https://www.mhlw.go.jp/web/t_doc?dataId=73054000&dataType=0&pageNo=1,2026-09-29,2025-12-01,,GAP,JP lineage not yet seeded. Provision and delegated-rule disposition remains open; no certified JP mechanism or probe. Open: retrieve and apply the former Art. 3 text and identify surviving instruments. (Register status 2026-09-29: No [IN-SYSTEM 2026-09-29].),work_rules.wages.jp_legacy_mwr_t01,,,
JP-EI01,JP,contribution,"Insured-worker enrolment: MHLW enrolment guidance requires both an expected continuous employment of at least 31 days and contracted work of at least 20 hours/week for the ordinary insured-worker branch. The employer files the acquisition notice by the tenth of the month after insured status starts; later renewability can make an initially shorter contract covered from that later decision. The enacted 2024 amendment explained by MHLW lowers the weekly-hours threshold to 10 hours from 1 October 2028. Student, day-worker, seasonal, officer and multi-employer exceptions need their separate statutory dispositions.",MHLW enrolment guidance (https://www.mhlw.go.jp/stf/seisakunitsuite/bunya/0000147331.html); enacted 2024 amendment explained by MHLW (https://www.mhlw.go.jp/content/11601000/001266437.pdf),https://www.mhlw.go.jp/stf/seisakunitsuite/bunya/0000147331.html,2026-09-29,2025-12-01,,GAP,"JP lineage not yet seeded. Source exceptions and required inputs remain open; no JP sealed rule or production probe. Closure case: Capture contracted weekly hours, expected duration and changes, actual insured dates, worker category and acquisition proof. Probe 19.99/20 hours and 30/31 expected days in December 2025, a later contract renewal, an older worker, and 9.99/10/19.99/20 hours on both sides of 1 October 2028. No premium may be treated as proof of filed insured status. (Register status 2026-09-29: No [IN-SYSTEM 2026-09-29].)",facts.jp.employment_insurance_enrolment,,,
JP-EI02,JP,contribution,"Per-payment premium and rounding: MHLW's 2025 and 2026 tables set worker/employer rates per 1,000: general 5.5/9 → 5/8.5; agriculture/forestry/fishery and sake 6.5/10 → 6/9.5; construction 6.5/11 → 6/10.5, effective 1 April 2026 for the latter values. The tables name sector exceptions that instead use the general rate. MHLW's collection guidance assesses the worker part on wages at each payment, including bonuses; its wage-withheld rounding drops a fraction of exactly JPY0.50, while direct cash collection rounds that fraction up, subject to an established different labour-management practice. Kanagawa Labour Bureau includes commuting and other taxable/non-taxable labour remuneration in the gross wage base before tax and social deductions.",MHLW's 2025 (https://www.mhlw.go.jp/content/001401966.pdf); 2026 (https://www.mhlw.go.jp/content/001692566.pdf); MHLW's collection guidance (https://www.mhlw.go.jp/www2/topics/seido/daijin/hoken/980916_3.htm); Kanagawa Labour Bureau (https://jsite.mhlw.go.jp/kanagawa-roudoukyoku/hourei_seido_tetsuzuki/roudou_hoken/hourei_seido/2024_00001.html),https://www.mhlw.go.jp/content/001401966.pdf,2026-09-29,2025-12-01,,GAP,"JP lineage not yet seeded. Source exceptions and required inputs remain open; no JP sealed rule or production probe. Closure case: Declare insured status, actual industry/subindustry, wage components and in-kind values, payment date, collection method and any evidenced rounding agreement. Produce worker deduction and employer liability separately. Probe general versus construction and a sector exception; wages/bonus on the March–April 2026 boundary; JPY101,000 at 2025 general rate gives JPY555.50 before rounding, hence JPY555 withheld from wages under the cited default, versus JPY556 if collected in cash. For ordinary payroll, the Ishikawa Labour Bureau 2026 notice (https://jsite.mhlw.go.jp/ishikawa-roudoukyoku/content/contents/002623198.pdf) selects the rate by wage closing date: March close paid in April keeps the old rate. Bonus/irregular-payment closing-date treatment and a sealed probe remain open. (Register status 2026-09-29: No [IN-SYSTEM 2026-09-29].)",statutory_contributions:JP_EMPLOYMENT_INSURANCE,,,
JP-EI03,JP,filing,"Annual labour-insurance declaration: MHLW's labour-insurance collection rules require prior-year actual wage totals and premiums to be reconciled with current-year estimated premiums. The 2026 annual renewal notice gives 1 June–10 July 2026 for filing/payment: settle 2025 at 2025 rates and estimate 2026 at 2026 rates. Workers' compensation is employer-only and has its own industry rate; MHLW confirms 2026 industry rates are unchanged from 2025, which does not determine a given employer's class.",MHLW's labour-insurance collection rules (https://www.mhlw.go.jp/stf/seisakunitsuite/bunya/koyou_roudou/roudoukijun/hoken/index.html); annual renewal notice (https://jsite.mhlw.go.jp/tochigi-roudoukyoku/newpage_01670.html); MHLW confirms 2026 industry rates are unchanged from 2025 (https://www.mhlw.go.jp/stf/seisakunitsuite/bunya/koyou_roudou/roudoukijun/rousai/rousaihoken06/rousai_hokenritsu_kaitei.html),https://www.mhlw.go.jp/stf/seisakunitsuite/bunya/koyou_roudou/roudoukijun/hoken/index.html,2026-09-29,2025-12-01,,EXTERNAL,"JP lineage not yet seeded. Filing and payment are outside the calculator; the product must still supply the fiscal-year wage ledger. Source exceptions and required inputs remain open; no JP sealed rule or production probe. Closure case: Carry the 1 April–31 March wage ledger, industry, insured/noninsured split, prior estimate, annual declaration and payment/correction status. Probe a 2025-to-2026 employment-insurance rate change, bonus and commuting pay, an employee who left midyear, an omitted insured worker and a correction/refund. Obtain the applicable workers' compensation industry/project classifications before computing its amount. (Register status 2026-09-29: No [IN-SYSTEM 2026-09-29].)",obligations:JP_LABOUR_INSURANCE_ANNUAL_RETURN,,,
JP-LT01,JP,filing,"Prior-year salary report: Local Tax Act s.317-6 and Osaka's filing guidance require a salary payment report for current employees, including part-timers and low-paid staff, to the municipality of 1 January residence. Prior-year leavers are reported to the retirement-date municipality, but a leaver whose pay in the exit year was JPY300,000 or less may be omitted. Osaka's 2025-income notice gives 2 February 2026 as that year's filing deadline. This is distinct from the national withholding slip. For an employer that submitted at least 100 national withholding slips in the second preceding year, Osaka identifies compulsory eLTAX or optical-disk submission.",Local Tax Act s.317-6 (https://laws.e-gov.go.jp/law/325AC0000000226); Osaka's filing guidance (https://www.city.osaka.lg.jp/zaisei/page/0000098160.html); 2025-income notice (https://www.city.osaka.lg.jp/zaisei/page/0000380781.html),https://laws.e-gov.go.jp/law/325AC0000000226,2026-09-29,2025-12-01,,EXTERNAL,"JP lineage not yet seeded. Filing is outside the calculator; the product must still supply every payment, residence and exit fact. Source exceptions and required inputs remain open; no JP sealed rule or production probe. Closure case: Preserve every 2025 payment, employee identity, residence/exit date and municipality; generate the municipality's report and filing status. Probe a December 2025 hire, a leaver just below/at/above JPY300,000, a 1 January move, a low-paid current worker and a correction after submission. Probe 99/100 filed slips at the electronic threshold; confirm later-year deadlines rather than hard-coding 2 February. (Register status 2026-09-29: No [IN-SYSTEM 2026-09-29].)",obligations:JP_KYUYO_SHIHARAI_HOKOKUSHO,,,
JP-LT02,JP,tax,"Notified monthly resident tax: Local Tax Act ss.321-3–321-5 and Shinjuku's collection guidance require the designated employer to withhold the municipality-notified installment from June through the following May and remit the month's collection by the following month's tenth, adjusted to the next open day where applicable. A changed or late notice changes the schedule; an employer must not recalculate the employee's annual municipal tax from current gross salary or assume an even twelve-way split. Shinjuku's approved small-employer exception has distinct December/June remittance deadlines.",Local Tax Act ss.321-3–321-5 (https://laws.e-gov.go.jp/law/325AC0000000226); Shinjuku's collection guidance (https://www.city.shinjuku.lg.jp/hoken/file04_04_00001.html); Shinjuku's approved small-employer exception (https://www.city.shinjuku.lg.jp/hoken/file04_00007.html),https://laws.e-gov.go.jp/law/325AC0000000226,2026-09-29,2025-12-01,,GAP,"JP lineage not yet seeded. Source exceptions and required inputs remain open; no JP sealed rule or production probe. Closure case: Capture municipality, notice/assessment year, each effective monthly amount, changed notices, payer designation and any approved remittance exception. Probe December 2025 against the June 2025–May 2026 notice, June 2026 rollover, a changed installment and normal versus approved small-employer remittance. Refuse an amount without the applicable notice or documented successor instruction. (Register status 2026-09-29: No [IN-SYSTEM 2026-09-29].)",facts.jp.resident_tax_notice,,,
JP-LT03,JP,tax,"Change of employer or employment: Local Tax Act s.321-5 and Osaka's procedure require an employee-change report by the tenth of the month after retirement, leave or transfer. For a June–December exit, remaining tax may be collected in one amount on the employee's request; for a January–April exit, the remaining amount is collected from salary or retirement pay payable by 31 May where sufficient. A new employer may continue special collection after the transfer filing. The May and insufficient-pay cases need their exact statutory/municipal disposition.",Local Tax Act s.321-5 (https://laws.e-gov.go.jp/law/325AC0000000226); Osaka's procedure (https://www.city.osaka.lg.jp/zaisei/page/0000098571.html),https://laws.e-gov.go.jp/law/325AC0000000226,2026-09-29,2025-12-01,,GAP,"JP lineage not yet seeded. Source exceptions and required inputs remain open; no JP sealed rule or production probe. Closure case: Record exit/transfer date, future payable wages and retirement pay, remaining notice installments, employee election and successor employer. Probe 31 December/1 January and 30 April/1 May, sufficient versus insufficient final pay, requested versus unrequested lump collection and a transfer with a new payer. Produce both the deduction and change report; do not silently zero the balance. (Register status 2026-09-29: No [IN-SYSTEM 2026-09-29].)",facts.jp.resident_tax_notice.exit,,,
JP-LT04,JP,tax,"Retirement-income resident tax: Local Tax Act s.328 and Shinjuku's retirement-tax procedure treat qualifying retirement pay separately: the payer calculates, withholds, declares and remits local tax to the municipality of the worker's 1 January residence in the payment-due year, by the tenth of the following month. This is different from settling unpaid monthly notice installments under JP-LT03.",Local Tax Act s.328 (https://laws.e-gov.go.jp/law/325AC0000000226); Shinjuku's retirement-tax procedure (https://www.city.shinjuku.lg.jp/hoken/file04_00005.html),https://laws.e-gov.go.jp/law/325AC0000000226,2026-09-29,2025-12-01,,GAP,"JP lineage not yet seeded. Source exceptions and required inputs remain open; no JP sealed rule or production probe. Source refresh 2026-09-29: Shinjuku's procedure (re-read) gives retirement-income rates 特別区民税 6% and 都民税 4%, taxable retirement income floored to JPY1,000 and each tax to JPY100. Closure case: Capture retirement-payment entitlement date, eligible service/amount, residence and prior retirement benefits; verify statutory deduction, half-taxable exception, local rates and rounding before calculation. Probe a retirement amount and an outstanding notice balance together, a move after 1 January, and a next-month remittance/report. No JP amount is certified. (Register status 2026-09-29: No [IN-SYSTEM 2026-09-29].)",tax_rules:JP_RESIDENT_TAX_RETIREMENT,,,
JP-LT05,JP,tax,"Special-collection designation: Osaka's salary-report guidance says employer special collection is the default and lists documented ordinary-collection switches for a prior-year leaver or expected leaver by 31 May, insufficient wage, irregular wage payments, or withholding through another payer. The municipality's required reason code and evidence must accompany the report; employee or employer preference alone is not a switch. Other municipalities' accepted codes and the national statutory scope need reconciliation.",Osaka's salary-report guidance (https://www.city.osaka.lg.jp/zaisei/page/0000098160.html),https://www.city.osaka.lg.jp/zaisei/page/0000098160.html,2026-09-29,2025-12-01,,GAP,"JP lineage not yet seeded. Source exceptions and required inputs remain open; no JP sealed rule or production probe. Closure case: Preserve the worker's payer, pay cadence, exit date and exemption reason; route the report to ordinary or special collection and capture the municipality's designation. Probe each Osaka reason, a current low-paid worker with enough versus insufficient wage, and an employee with two employers. Do not start or stop monthly deductions on a local label without a notice or valid transfer instruction. (Register status 2026-09-29: No [IN-SYSTEM 2026-09-29].)",facts.jp.resident_tax_collection_mode,,,
JP-OT-01,JP,hours,"Overtime/holiday work needs a filed 36 agreement; ordinary limits 45 h/month and 360 h/year (42/320 under a >3-month variable schedule); a special clause allows more only for unforeseeable peaks: overtime ≤720 h/year, overtime + holiday work <100 h in any month and ≤80 h average over every 2–6 month window, >45 h in at most six months a year; hazardous work ≤2 h/day overtime. New R&D work is exempt from the caps.","Labour Standards Act art. 36(1)–(6), (11) (https://laws.e-gov.go.jp/law/322AC0000000049)",https://laws.e-gov.go.jp/law/322AC0000000049,2026-09-29,2025-12-01,,GAP,"New row 2026-09-29 (coverage pass). JP lineage not yet seeded. Needs the filed agreement (period, limits, special clause), statutory vs contractual overtime and holiday hours per day/month and rolling 2–6 month averages, with a warning/refusal. Sector transitions (construction, drivers, doctors under supplementary arts. 139–142 since April 2024) are not yet dispositioned. Probe 45/46 h, 99/100 h, 80/80.5 h average and a seventh >45 h month.",work_rules.jp.overtime_caps,,,
JP-OT-02,JP,overtime,Statutory overtime (beyond 8 h/day or 40 h/week under art. 32 or an art. 33/36 extension) is paid at least 25% above the ordinary hourly wage.,Labour Standards Act art. 37(1); Cabinet Order on minimum premium rates (平成6年政令第5号) (https://laws.e-gov.go.jp/law/406CO0000000005),https://laws.e-gov.go.jp/law/406CO0000000005,2026-09-29,2025-12-01,,GAP,New row 2026-09-29 (coverage pass). JP lineage not yet seeded. Re-read 2026-09-29: the Order still sets 25% (overtime) and 35% (holiday). Contractual (所定外 but within statutory) hours need no statutory premium; the lineage must separate them. Probe 8.0/8.1 h day and 40/41 h week.,work_rules.jp.overtime_premiums.overtime_rate,,,
JP-OT-03,JP,overtime,"Work on the statutory weekly rest day (法定休日, art. 35) is paid at least 35% above the ordinary wage; hours on it are holiday work, not overtime, and do not enter the 60-hour count.","Labour Standards Act arts. 35, 37(1); Cabinet Order 平成6年政令第5号 (https://laws.e-gov.go.jp/law/406CO0000000005)",https://laws.e-gov.go.jp/law/406CO0000000005,2026-09-29,2025-12-01,,GAP,New row 2026-09-29 (coverage pass). JP lineage not yet seeded. Needs the designated statutory rest day distinct from other non-working days (a second weekly day off is overtime at 25%). Probe statutory vs non-statutory rest day work.,work_rules.jp.overtime_premiums.holiday_rate,,,
JP-OT-04,JP,overtime,"Night work 22:00–05:00 is paid at least 25% extra, additive to overtime (≥50%), statutory holiday work (≥60%) and overtime beyond 60 h/month (≥75%); managers excluded from hours rules under art. 41 still receive the night premium.","Labour Standards Act arts. 37(4), 41 (https://laws.e-gov.go.jp/law/322AC0000000049)",https://laws.e-gov.go.jp/law/322AC0000000049,2026-09-29,2025-12-01,,GAP,"New row 2026-09-29 (coverage pass). JP lineage not yet seeded. Needs clock-time segments per shift and the overlap sum. Probe 21:59–22:01 and 04:59–05:01, overtime+night and holiday+night.",work_rules.jp.overtime_premiums.night_rate,,,
JP-OT-05,JP,overtime,"Statutory overtime beyond 60 hours in a month is paid at least 50% (all employers, including SMEs since 1 April 2023); a written agreement may substitute paid substitute leave (代替休暇) for the extra 25% portion when the worker takes it.",Labour Standards Act art. 37(1) proviso and (3) (https://laws.e-gov.go.jp/law/322AC0000000049),https://laws.e-gov.go.jp/law/322AC0000000049,2026-09-29,2025-12-01,,GAP,"New row 2026-09-29 (coverage pass). JP lineage not yet seeded. Needs the month start (agreement 起算日), a running statutory-overtime count excluding statutory holiday hours, and substitute-leave records. Probe 60/61 h and substitute leave taken vs not.",work_rules.jp.overtime_premiums.over_60h_rate,,,
JP-OT-06,JP,overtime,"The premium base is the ordinary hourly wage: hourly as is; daily ÷ daily scheduled hours; weekly ÷ weekly hours; monthly ÷ monthly scheduled hours (annual average where months differ); piece rate ÷ total hours worked in the period; mixed pay summed. Family, commuting, separate-living, children's education and housing allowances, temporary pay and pay at intervals over one month are excluded.","Labour Standards Act art. 37(5); Enforcement Regulation arts. 19, 21 (https://laws.e-gov.go.jp/law/322M40000100023)",https://laws.e-gov.go.jp/law/322M40000100023,2026-09-29,2025-12-01,,GAP,"New row 2026-09-29 (coverage pass). JP lineage not yet seeded. Allowances are excluded by substance, not name (a flat housing allowance paid to all is included). Needs per-component inclusion flags and annual scheduled hours. Probe monthly salary with each excluded allowance and a piece-rate worker.",pay_components.jp_premium_base,,,
JP-RND-03,JP,rounding,"Wage-time and premium rounding tolerated by MHLW: monthly totals of overtime, holiday and night hours may round <30 min down and ≥30 min up; hourly wage, premium amounts and each monthly premium total may round <50 sen down and ≥50 sen up. Daily rounding of worked time is not permitted.","MHLW circular 昭和63年3月14日 基発第150号, as restated by Yamaguchi Labour Bureau (https://jsite.mhlw.go.jp/yamaguchi-roudoukyoku/content/contents/001988747.pdf)",https://jsite.mhlw.go.jp/yamaguchi-roudoukyoku/content/contents/001988747.pdf,2026-09-29,2025-12-01,,GAP,"New row 2026-09-29 (coverage pass). JP lineage not yet seeded. This is an administrative tolerance, not a duty. Recorded default (owner rule 2026-09-28, law silent on a required method): no time rounding; round the hourly base and each monthly premium total half-up at 50 sen, which never pays less than exact. Probe 29/30 minute totals and a JPY0.50 premium.",payroll.jp.premium_rounding,,,
JP-AL-01,JP,leave,"Annual paid leave: after 6 months' continuous service with ≥80% attendance, 10 days; then +1, +2, +4, +6, +8, +10 days at 1.5, 2.5, 3.5, 4.5, 5.5 and 6.5+ years (11, 12, 14, 16, 18, 20 days); a year below 80% attendance earns no grant for the next year. Work-injury leave, childcare/care leave and maternity leave count as attendance.","Labour Standards Act art. 39(1)–(2), (10) (https://laws.e-gov.go.jp/law/322AC0000000049)",https://laws.e-gov.go.jp/law/322AC0000000049,2026-09-29,2025-12-01,,GAP,"New row 2026-09-29 (coverage pass). JP lineage not yet seeded. Needs hire date, attendance ratio per grant year with deemed-attendance days and a grant ledger. Probe 79.99/80%, 6-month and 6.5-year grants.",leave_types:JP_ANNUAL_PAID.accrual,,,
JP-AL-02,JP,leave,"Proportional grant for workers under 30 h/week and ≤4 days/week (or ≤216 days/year): 4 days (169–216/yr) 7,8,9,10,12,13,15; 3 days (121–168) 5,6,6,8,9,10,11; 2 days (73–120) 3,4,4,5,6,6,7; 1 day (48–72) 1,2,2,2,3,3,3 — at 0.5, 1.5 … 6.5+ years.",Labour Standards Act art. 39(3); Enforcement Regulation art. 24-3 (https://laws.e-gov.go.jp/law/322M40000100023),https://laws.e-gov.go.jp/law/322M40000100023,2026-09-29,2025-12-01,,GAP,New row 2026-09-29 (coverage pass). JP lineage not yet seeded. Re-read 2026-09-29 on e-Gov. Needs scheduled days/week or per year and weekly hours at each grant date. Probe 29.9/30 h and 4/5 days.,leave_types:JP_ANNUAL_PAID.proportional,,,
JP-AL-03,JP,leave,"Where a worker's grant is 10 days or more, the employer must designate the timing of 5 days within one year of the grant date, after hearing the worker, less days the worker took or planned-leave days; the employer keeps a per-worker leave register (時季・日数・基準日) for 5 years (3 years during the transition).",Labour Standards Act art. 39(7)–(8); Enforcement Regulation arts. 24-5–24-7 (https://laws.e-gov.go.jp/law/322AC0000000049),https://laws.e-gov.go.jp/law/322AC0000000049,2026-09-29,2025-12-01,,GAP,"New row 2026-09-29 (coverage pass). JP lineage not yet seeded. Needs grant date, days taken per grant year and an employer-designation warning before the year ends. Probe 4 vs 5 days taken at 364/365 days, and a mid-year hire with double base dates.",leave_types:JP_ANNUAL_PAID.five_day_obligation,,,
JP-AL-04,JP,leave,"Paid leave is paid, per the work rules, at the average wage (art. 12), the ordinary wage for scheduled hours, or (under a written agreement) the health-insurance standard monthly remuneration ÷ 30; hourly leave (≤5 days/year by agreement) is paid pro rata.","Labour Standards Act art. 39(4), (9) (https://laws.e-gov.go.jp/law/322AC0000000049)",https://laws.e-gov.go.jp/law/322AC0000000049,2026-09-29,2025-12-01,,GAP,"New row 2026-09-29 (coverage pass). JP lineage not yet seeded. Law gives three methods; the lineage records the work-rules choice. Recorded default (owner rule 2026-09-28): ordinary wage for scheduled hours, which is always lawful. Probe each method.",leave_types:JP_ANNUAL_PAID.pay_method,,,
JP-AL-05,JP,leave,Unused annual leave expires two years after it could first be taken; the Act does not require payment for unused leave on exit.,Labour Standards Act art. 115 (https://laws.e-gov.go.jp/law/322AC0000000049),https://laws.e-gov.go.jp/law/322AC0000000049,2026-09-29,2025-12-01,,GAP,New row 2026-09-29 (coverage pass). JP lineage not yet seeded. Needs grant-date ledger and expiry; no statutory leave encashment on exit (a contractual buy-out is allowed only for expired/excess days). Probe carry-over at 2 years.,leave_types:JP_ANNUAL_PAID.expiry,,,
JP-WG-01,JP,wages,"Average wage (平均賃金): wages paid in the 3 calendar months before the triggering day (from the last closing date) ÷ calendar days, excluding injury, maternity, employer-caused shutdown, childcare/care leave and probation periods and their pay, and excluding temporary pay, pay at intervals over 3 months and non-qualifying in-kind pay; floor for daily/hourly/piece pay = 60% of wages ÷ days worked (plus any monthly part ÷ calendar days); under 3 months' service uses the period since hire.",Labour Standards Act art. 12 (https://laws.e-gov.go.jp/law/322AC0000000049); Kanagawa Labour Bureau worked method (https://jsite.mhlw.go.jp/kanagawa-roudoukyoku/hourei_seido_tetsuzuki/saiteichingin_chinginseido/heikinchi.html),https://laws.e-gov.go.jp/law/322AC0000000049,2026-09-29,2025-12-01,,GAP,"New row 2026-09-29 (coverage pass). JP lineage not yet seeded. Labour-bureau practice (Kanagawa, re-read 2026-09-29): truncate the daily average below 1 sen; round the resulting payment half-up at 50 sen. Recorded default: that method. Probe calendar-day vs 60% floor for a part-timer, and an excluded leave period.",payroll.jp.average_wage,,,
JP-WG-02,JP,wages,"Shutdown allowance: for a shutdown attributable to the employer, at least 60% of the average wage for each scheduled working day of the shutdown.",Labour Standards Act art. 26 (https://laws.e-gov.go.jp/law/322AC0000000049),https://laws.e-gov.go.jp/law/322AC0000000049,2026-09-29,2025-12-01,,GAP,"New row 2026-09-29 (coverage pass). JP lineage not yet seeded. Needs shutdown days, attribution and the JP-WG-01 average wage; for a partial-day shutdown pay the difference if wages for hours worked are below 60%. Probe full and partial-day shutdowns.",pay_components.jp_shutdown_allowance,,,
JP-WG-03,JP,notice,"Dismissal needs 30 days' notice or 30 days' average wage in lieu, reducible day-for-day by paid days; exempt for disaster-caused impossibility or the worker's fault only with labour-inspector certification; not applicable to day hires (≤1 month), ≤2-month fixed terms, ≤4-month seasonal work and probationers within 14 days, beyond which the protection applies.",Labour Standards Act arts. 19–21 (https://laws.e-gov.go.jp/law/322AC0000000049),https://laws.e-gov.go.jp/law/322AC0000000049,2026-09-29,2025-12-01,,GAP,"New row 2026-09-29 (coverage pass). JP lineage not yet seeded. Needs notice date, dismissal date, exemption certificate and service/category. Probe 29/30 days' notice, 10 days' notice + 20 days' pay, and a probationer on day 14/15.",pay_components.jp_dismissal_notice_pay,,,
JP-SI-18,JP,contribution,"Child and childcare contribution (子ども・子育て拠出金): employer-only 0.36% of each insured person's employees'-pension standard monthly remuneration and standard bonus (bonus capped at JPY1.5m/month), collected with employees' pension; 0.36% for 令和7 and 令和8.",Child and Child-Rearing Support Act art. 69; JPS premium table notes (https://www.nenkin.go.jp/service/kounen/hokenryo/ryogaku/ryogakuhyo/20200825.html),https://www.nenkin.go.jp/service/kounen/hokenryo/ryogaku/ryogakuhyo/20200825.html,2026-09-29,2025-12-01,,GAP,"New row 2026-09-29 (coverage pass). JP lineage not yet seeded. Re-read 2026-09-29: JPS says the 令和8年度 rate stays 3.6/1,000. Distinct from the shared 0.23% support levy (JP-SI-14). Needs pension grade and bonus per person; no employee deduction.",statutory_contributions:JP_CHILD_CONTRIBUTION,,,
JP-SI-19,JP,contribution,"Employees' pension premium 18.3% of the standard monthly remuneration and standard bonus, shared equally (9.15% each); 32 grades from JPY88,000 (pay <93,000) to JPY650,000 (pay ≥635,000).","Employees' Pension Insurance Act arts. 20, 81(4), 82; JPS 令和8年度 premium table (https://www.nenkin.go.jp/service/kounen/hokenryo/ryogaku/ryogakuhyo/20200825.html)",https://www.nenkin.go.jp/service/kounen/hokenryo/ryogaku/ryogakuhyo/20200825.html,2026-09-29,2025-12-01,,GAP,New row 2026-09-29 (coverage pass). JP lineage not yet seeded. Re-read 2026-09-29 (R08ryougaku.xlsx): rate and all 32 grade bands match; unchanged since September 2017 (rate) and September 2020 (top grade). Grade ceiling phase-up is JP-SI-22.,statutory_contributions:JP_PENSION,,,
JP-SI-20,JP,contribution,"Health-insurance standard monthly remuneration has 50 grades from JPY58,000 (pay <63,000) to JPY1,390,000 (pay ≥1,355,000); pension grades 1–32 map to health grades 4–35.",Health Insurance Act art. 40; Kyokai 令和8年度 premium tables (https://www.kyoukaikenpo.or.jp/about/business/insurance_rate/premium_prefectures/r08/),https://www.kyoukaikenpo.or.jp/about/business/insurance_rate/premium_prefectures/r08/,2026-09-29,2025-12-01,,GAP,"New row 2026-09-29 (coverage pass). JP lineage not yet seeded. Re-read 2026-09-29 from the Kyokai 令和8年度 workbook (r8ippan3.xlsx, Tokyo sheet): 50 grades, pension mapping and notes match. Health-society (組合) insurers may set their own rates; grades are statutory.",statutory_contributions:JP_HEALTH.grades,,,
JP-SI-21,JP,contribution,"Care-insurance premium for insured persons aged 40–64 (介護保険第2号被保険者): Kyokai national rate 1.62% from the March 2026 insurance month (1.59% before), added to the health rate and shared equally; it applies from the month containing the day before the 40th birthday and stops from the month containing the day before the 65th birthday.",Health Insurance Act art. 156; Kyokai 令和8年度 rate page (https://www.kyoukaikenpo.or.jp/about/business/insurance_rate/rate_prefectures/r08/),https://www.kyoukaikenpo.or.jp/about/business/insurance_rate/rate_prefectures/r08/,2026-09-29,2025-12-01,,GAP,New row 2026-09-29 (coverage pass). JP lineage not yet seeded. Re-read 2026-09-29: Kyokai 令和8年度 page (1.62%) and 令和7年度 page (1.59%). Needs birth date and insurer; age boundaries are JP-SI-12. Probe a birthday on the 1st vs 2nd of a month.,statutory_contributions:JP_CARE,,,
JP-SI-22,JP,contribution,"Employees' pension top grade rises from JPY650,000 to JPY680,000 (September 2027), JPY710,000 (September 2028) and JPY750,000 (September 2029) under the 2025 pension reform Act.",Act partially amending the National Pension Act etc. for strengthening the pension system (enacted 13 June 2025); MHLW explanation (https://www.mhlw.go.jp/stf/seisakunitsuite/bunya/0000147284_00024.html),https://www.mhlw.go.jp/stf/seisakunitsuite/bunya/0000147284_00024.html,2026-09-29,2027-09-01,,GAP,New row 2026-09-29 (coverage pass). JP lineage not yet seeded. Enacted law with future dates (month-level per MHLW); the amended art. 20 grade table on e-Gov still shows the current 32 grades. Needs dated grade versions; the Kyokai health grades are unaffected.,statutory_contributions:JP_PENSION.grades,,,
JP-SI-23,JP,contribution,"Maternity-leave premium exemption: on the employer's application, health (incl. care and child-support levy) and pension premiums are not collected for months from the month the statutory maternity leave (産前6週・産後8週) starts to the month before the month containing the day after it ends, for both monthly and bonus premiums.",Health Insurance Act art. 159-3; Employees' Pension Insurance Act art. 81-2-2 (https://laws.e-gov.go.jp/law/211AC0000000070),https://laws.e-gov.go.jp/law/211AC0000000070,2026-09-29,2025-12-01,,GAP,"New row 2026-09-29 (coverage pass). JP lineage not yet seeded. Maternity exemption precedes childcare-leave exemption (JP-SI-07, HIA art. 159 / EPIA art. 81-2: month-end test or ≥14 days in a same-month leave; bonus only for leave over one month). Needs leave dates and application date. Probe a leave ending on a month end.",facts.jp.premium_exemption.maternity,,,
JP-SI-24,JP,contribution,"Premium month and deduction timing: health and pension premiums accrue for each month from the month of acquisition to the month before loss (loss = day after exit, so a month-end leaver owes that month); the employer may deduct from pay only the previous month's premium, and at exit the previous and current months; bonus premiums are deducted from the bonus; a deduction statement must be given.","Health Insurance Act arts. 156(3), 167; Employees' Pension Insurance Act arts. 19, 81(2), 84 (https://laws.e-gov.go.jp/law/329AC0000000115)",https://laws.e-gov.go.jp/law/329AC0000000115,2026-09-29,2025-12-01,,GAP,"New row 2026-09-29 (coverage pass). JP lineage not yet seeded. Needs insurance month separate from pay month (翌月徴収). Probe exit on 30 vs 31 March, same-month acquisition and loss (JP-SI-12), and an April hire paid in April with no deduction until May.",statutory_contributions:JP_HEALTH.collection_month,,,
JP-RND-01,JP,rounding,"Social-insurance employee share: when deducted from pay, a fraction of 50 sen or less is dropped and over 50 sen rounds up to JPY1; when the worker pays cash, under 50 sen is dropped and 50 sen or more rounds up; a specific agreement may override. The office notice total is the sum of unrounded personal amounts with the sub-yen fraction dropped; the employer share is the residual.",Act on Currency Units and Issuance of Coins art. 3 (https://laws.e-gov.go.jp/law/362AC0000000042); Kyokai/JPS 令和8年度 premium table notes (https://www.nenkin.go.jp/service/kounen/hokenryo/ryogaku/ryogakuhyo/20200825.html),https://laws.e-gov.go.jp/law/362AC0000000042,2026-09-29,2025-12-01,,GAP,New row 2026-09-29 (coverage pass). JP lineage not yet seeded. Re-read 2026-09-29: the Act rounds 50 sen up for cash settlement; the 50-sen-down deduction rule is the insurers' published practice. Same rule applies to employment insurance (JP-EI-03). Distinct from JP-SI-06's half-up reduction. Probe .49/.50/.51 per route.,statutory_contributions:JP_HEALTH.rounding,,,
JP-RND-02,JP,rounding,"Income-tax rounding follows the tables: monthly/daily table amounts are read directly; the electronic-calculation formula rounds tax to the nearest JPY10 (half-up) and rounds the salary-income deduction up to the yen; bonus tax = (bonus − social insurance) × rate truncated to the yen; year-end taxable income floored to JPY1,000 and annual tax (×102.1%) to JPY100; retirement tax truncated to the yen.","Ministry of Finance Notice No.116 of 2012 (as amended 30 April 2025), NTA 令和8年分 tables pp.15–18 (https://www.nta.go.jp/publication/pamph/gensen/zeigakuhyo2026/01.htm)",https://www.nta.go.jp/publication/pamph/gensen/zeigakuhyo2026/01.htm,2026-09-29,2025-12-01,,GAP,New row 2026-09-29 (coverage pass). JP lineage not yet seeded. Re-read 2026-09-29. The table and the electronic formula can differ by a few yen; the lineage must record which the employer uses. Probe one amount by both methods.,tax_tables:JP_GENSEN_2026.rounding,,,
JP-RND-04,JP,rounding,"Legal tender rounding for any cash settlement (e.g. final pay): under 50 sen dropped, 50 sen to under JPY1 rounds up, unless otherwise agreed.",Act on Currency Units and Issuance of Coins art. 3 (https://laws.e-gov.go.jp/law/362AC0000000042),https://laws.e-gov.go.jp/law/362AC0000000042,2026-09-29,2025-12-01,,GAP,New row 2026-09-29 (coverage pass). JP lineage not yet seeded. Payslip lines are integer yen; the lineage needs a rounding mode per line (JP-RND-01–03 override this default). Probe a JPY0.50 net.,payroll.jp.rounding_default,,,
JP-PRO-01,JP,proration,"Joiner and leaver proration of a monthly salary is contractual: the Act requires full payment for work done (art. 24) and at least the minimum wage per hour worked, but prescribes no daily-rate method.",Labour Standards Act art. 24 (https://laws.e-gov.go.jp/law/322AC0000000049); Minimum Wage Act art. 4 (https://laws.e-gov.go.jp/law/334AC0000000137),https://laws.e-gov.go.jp/law/322AC0000000049,2026-09-29,2025-12-01,,GAP,"New row 2026-09-29 (coverage pass). JP lineage not yet seeded. Owner rule 2026-09-28, law silent: default = monthly salary × scheduled working days worked in the period ÷ scheduled working days in the period (所定労働日数 basis), unworked scheduled days deducted at the same rate; lawful because it never pays below the time worked and is checked against the hourly floor. Work rules may set calendar days or average monthly days instead; record the choice. Probe a 15th joiner and a 20th leaver under each basis.",payroll.jp.proration_method,,,
JP-TAX-18,JP,tax,"甲欄 monthly withholding: for a worker who filed the dependants declaration (扶養控除等申告書), take pay after social insurance and read the 月額表 甲欄 by the number of dependants; 令和8年分 table: nil below JPY105,000; from JPY740,000 the table gives a base amount plus a percentage (20.42% … 45.945%) of the excess; for more than 7 dependants subtract JPY1,610 per extra dependant. Add one dependant per disability/widow/single-parent/working-student entry.","Income Tax Act arts. 185, 194; NTA 令和8年分 源泉徴収税額表 (https://www.nta.go.jp/publication/pamph/gensen/zeigakuhyo2026/01.htm)",https://www.nta.go.jp/publication/pamph/gensen/zeigakuhyo2026/01.htm,2026-09-29,2025-12-01,,GAP,"New row 2026-09-29 (coverage pass). JP lineage not yet seeded. Re-read 2026-09-29: table in force for pay due January–December 2026; the 令和9年分 tables (zeigakuhyo2027) replace it for pay due from 1 January 2027. Needs declaration status and dependant count per pay date. Probe JPY104,999/105,000 and 0 vs 7 dependants.",tax_tables:JP_GENSEN_2026.monthly_kou,,,
JP-TAX-19,JP,tax,"乙欄: a worker without a declaration with this payer (second job) is withheld under the 乙欄 column — 3.063% of pay after social insurance below JPY105,000 (令和8年分), higher amounts above; no year-end adjustment by this payer.",Income Tax Act art. 185(1)(ii); NTA 令和8年分 源泉徴収税額表 (https://www.nta.go.jp/publication/pamph/gensen/zeigakuhyo2026/01.htm),https://www.nta.go.jp/publication/pamph/gensen/zeigakuhyo2026/01.htm,2026-09-29,2025-12-01,,GAP,New row 2026-09-29 (coverage pass). JP lineage not yet seeded. Needs declaration status per payer. Probe the same pay under 甲 and 乙.,tax_tables:JP_GENSEN_2026.monthly_otsu,,,
JP-TAX-20,JP,tax,日額表 and 丙欄: daily or weekly pay uses the 日額表 (甲/乙); 丙欄 applies to day-hires paid daily whose continuous employment with the payer does not exceed two months.,Income Tax Act art. 185(1)(iii); NTA No.2511 (https://www.nta.go.jp/taxes/shiraberu/taxanswer/gensen/2511.htm),https://www.nta.go.jp/taxes/shiraberu/taxanswer/gensen/2511.htm,2026-09-29,2025-12-01,,GAP,New row 2026-09-29 (coverage pass). JP lineage not yet seeded. Needs pay cadence and continuous-employment length; a day-hire past two months moves to 甲/乙. Probe day 60/61.,tax_tables:JP_GENSEN_2026.daily,,,
JP-TAX-21,JP,bonus,"Bonus withholding: (bonus − social insurance on it) × the rate from the 賞与算出率の表 read by previous month's pay after social insurance and dependants (甲) or the 乙 column; if there was no prior-month pay or the bonus exceeds 10× prior-month pay, compute through the monthly table on prior-month pay plus 1/6 of the bonus (1/12 where the bonus period exceeds six months), multiplying the difference by 6 (or 12).",Income Tax Act art. 186; NTA 令和8年分 賞与に対する源泉徴収税額の算出率の表 pp.15–16 (https://www.nta.go.jp/publication/pamph/gensen/zeigakuhyo2026/01.htm),https://www.nta.go.jp/publication/pamph/gensen/zeigakuhyo2026/01.htm,2026-09-29,2025-12-01,,GAP,"New row 2026-09-29 (coverage pass). JP lineage not yet seeded. Re-read 2026-09-29. Needs prior-month pay history per worker. Probe no prior pay, 10× and 10×+1 bonuses.",tax_tables:JP_GENSEN_2026.bonus,,,
JP-TAX-22,JP,tax,"Reconstruction surtax is 2.1% of income tax (tables and formulas embed ×102.1%) through 2026; for income from 1 January 2027 a 1% defense surtax is added and reconstruction falls to 1.1% (combined 2.1%), reported separately.","Special Reconstruction Funding Act arts. 13, 28; 令和8年度税制改正; NTA 防衛特別所得税及び復興特別所得税（源泉徴収関係）Q&A (May 2026) (https://www.nta.go.jp/publication/pamph/pdf/0026005-024_03.pdf)",https://www.nta.go.jp/publication/pamph/pdf/0026005-024_03.pdf,2026-09-29,2025-12-01,,GAP,New row 2026-09-29 (coverage pass). JP lineage not yet seeded. Re-read 2026-09-29; the 令和9年分 tables are published (https://www.nta.go.jp/publication/pamph/gensen/zeigakuhyo2027/01.htm). The pay due date decides the year. Probe pay due 31 December 2026 vs 10 January 2027.,tax_tables:JP_GENSEN_2027.surtax,,,
JP-TAX-23,JP,tax,"Electronic-calculation special rule (電算機計算の特例) for 甲欄 monthly pay: A = pay after social insurance; subtract the formula salary deduction (e.g. JPY54,167 up to 158,333; 30%+6,667 …; cap 162,500), basic deduction (JPY48,334 up to 2,120,833, then 40,000/26,667/13,334/0) and JPY31,667 per spouse/dependant; tax on B at 5.105% … 45.945% less fixed amounts, rounded to JPY10.","Ministry of Finance Notice No.116 of 2012 as amended by No.123 of 30 April 2025 (令和8年分), NTA p.18 (https://www.nta.go.jp/publication/pamph/gensen/zeigakuhyo2026/data/18.pdf)",https://www.nta.go.jp/publication/pamph/gensen/zeigakuhyo2026/data/18.pdf,2026-09-29,2025-12-01,,GAP,New row 2026-09-29 (coverage pass). JP lineage not yet seeded. Re-read 2026-09-29: all four annexed tables transcribed from the NTA PDF. Optional to the employer instead of JP-TAX-18. Probe against the table at band edges.,tax_tables:JP_GENSEN_2026.electronic,,,
JP-TAX-24,JP,tax,Fixed-amount tax reduction (定額減税): applied only to 令和6年分 (2024) income tax through June 2024 onward withholding and the 2024 year-end adjustment; no reduction applies to 2025 or 2026 payroll.,Act on Special Measures Concerning Taxation art. 41-3-3 et seq. (令和6年度税制改正); NTA 定額減税特設サイト (https://www.nta.go.jp/users/gensen/teigakugenzei/index.htm),https://www.nta.go.jp/users/gensen/teigakugenzei/index.htm,2026-09-29,2024-06-01,2024-12-31,NOT-APPLICABLE,Re-read 2026-09-29: the NTA site describes 令和6年分 only; nothing for 令和7/8年分. Resident-tax reductions arrive as municipal notices (JP-RES-01).,,,,
JP-TAX-25,JP,severance,"Retirement income deduction (退職所得控除): JPY400,000 × years of service up to 20 years, then JPY8m + 700,000 × years over 20; minimum JPY800,000; +JPY1m for retirement caused by disability; part-years count as a full year; overlapping prior retirement payments reduce it.","Income Tax Act art. 30(3), (6); NTA 令和8年分 退職所得控除額の表 p.17 (https://laws.e-gov.go.jp/law/340AC0000000033)",https://laws.e-gov.go.jp/law/340AC0000000033,2026-09-29,2025-12-01,,GAP,New row 2026-09-29 (coverage pass). JP lineage not yet seeded. Re-read 2026-09-29 on e-Gov and the NTA table. Needs hire/exit dates and prior retirement history. Probe 20/21 years and 1 year (minimum).,tax_rules:JP_RETIREMENT_INCOME.deduction,,,
JP-TAX-26,JP,severance,"Taxable retirement income: general = (payment − deduction) × 1/2; specified-officer payments (officer service ≤5 years) = full excess; short-term payments (non-officer service ≤5 years) = 1/2 of the excess up to JPY3m plus the full excess above JPY3m (i.e. JPY1.5m + (payment − (3m + deduction))); floored to JPY1,000; tax = rate table (5%–45% less fixed amounts) × 102.1%, truncated to the yen.","Income Tax Act arts. 30(2), (4)–(5), 201; NTA 令和8年分 課税退職所得金額の算式の表・速算表 pp.17–18 (https://laws.e-gov.go.jp/law/340AC0000000033)",https://laws.e-gov.go.jp/law/340AC0000000033,2026-09-29,2025-12-01,,GAP,"New row 2026-09-29 (coverage pass). JP lineage not yet seeded. Re-read 2026-09-29. Needs officer vs employee service split. Probe 5/6 years non-officer, officer 5 years, and excess JPY3m/3m+1.",tax_rules:JP_RETIREMENT_INCOME.taxable,,,
JP-TAX-27,JP,severance,"Without the worker's 退職所得の受給に関する申告書, the payer withholds 20.42% of the whole retirement payment (no deduction); the worker settles by return.",Income Tax Act art. 201(3); NTA No.2732 (https://www.nta.go.jp/taxes/shiraberu/taxanswer/gensen/2732.htm),https://www.nta.go.jp/taxes/shiraberu/taxanswer/gensen/2732.htm,2026-09-29,2025-12-01,,GAP,New row 2026-09-29 (coverage pass). JP lineage not yet seeded. Re-read 2026-09-29. Needs the declaration receipt flag. Probe with and without it.,tax_rules:JP_RETIREMENT_INCOME.no_declaration,,,
JP-TAX-28,JP,severance,"Overlapping-service adjustment: for retirement payments received from 1 January 2026, a prior retirement payment received in the previous 9 years (4 years for payments before 2026) and a DC lump sum received from 2026 in the previous 9 years reduce the deduction for the overlapping service; DC lump sums keep the 19-year look-back.",Income Tax Act art. 30(6)(i) and Order art. 70 as amended by 令和7年度税制改正; NTA No.2732 (https://www.nta.go.jp/taxes/shiraberu/taxanswer/gensen/2732.htm),https://www.nta.go.jp/taxes/shiraberu/taxanswer/gensen/2732.htm,2026-09-29,2026-01-01,,GAP,New row 2026-09-29 (coverage pass). JP lineage not yet seeded. Re-read 2026-09-29 on NTA No.2732. Needs dated prior-payment history and service overlap. Probe a 2021 payment against a 2026 retirement (5 years back).,tax_rules:JP_RETIREMENT_INCOME.overlap,,,
JP-TAX-29,JP,tax,"令和7年分 (2025) year-end deductions: resident basic deduction JPY950,000 (total income ≤1.32m), 880,000 (≤3.36m), 680,000 (≤4.89m), 630,000 (≤6.55m), 580,000 (≤23.5m), then 480k/320k/160k/0; salary-income deduction minimum JPY650,000 (to JPY1.9m); new specified-relative special deduction for 19–22-year-olds; dependant income limit JPY580,000. Monthly withholding uses the revised tables from pay due January 2026.","Income Tax Act arts. 28, 86, 84-2; Act on Special Measures Concerning Taxation art. 41-16-2; NTA No.1199 and No.1410 (https://www.nta.go.jp/taxes/shiraberu/taxanswer/shotoku/1199.htm)",https://www.nta.go.jp/taxes/shiraberu/taxanswer/shotoku/1199.htm,2026-09-29,2025-12-01,2025-12-31,GAP,New row 2026-09-29 (coverage pass). JP lineage not yet seeded. Re-read 2026-09-29: basic-deduction and salary-deduction tables on NTA No.1199/1410. Applies to the December 2025 year-end adjustment (reform 施行 1 December 2025). Probe each total-income edge and a 19–22-year-old relative around the income limit.,tax_rules:JP_NENMATSU_2025,,,
JP-TAX-30,JP,tax,"Unpaid and retroactive wages: ordinary unpaid wages are withheld when actually paid (a partial payment withholds the proportional share of the full tax); retroactive wage differences take the payment date fixed in the wage agreement, or its effective date if none, and may be withheld by the ordinary-wage or bonus method; year-end adjustment includes unpaid wages due in the year.",NTA No.2526 (https://www.nta.go.jp/taxes/shiraberu/taxanswer/gensen/2526.htm); NTA No.2529 (https://www.nta.go.jp/taxes/shiraberu/taxanswer/gensen/2529.htm),https://www.nta.go.jp/taxes/shiraberu/taxanswer/gensen/2526.htm,2026-09-29,2025-12-01,,GAP,"Carried from the register's unpaid/retroactive-wage finding. JP lineage not yet seeded. The run's single optional pay_due_date and mark_paid's derived pay_date cannot represent actual payment dates/amounts, unpaid balances or distinct entitlement dates. Probe a fully unpaid wage paid later, two partial payments and a retroactive difference with/without an agreed date.",payroll.jp.wage_events,,,
JP-HR-19,JP,leave,"Childcare leave: until the child is 1 (up to two splits), extendable to 1.5 and 2 years where childcare is unavailable; both parents taking leave extends to 1 year 2 months (パパ・ママ育休プラス). The employer need not pay; EI benefits apply (JP-EI-04) and premiums are exempt (JP-SI-07).",Childcare and Family Care Leave Act arts. 5–9 (https://laws.e-gov.go.jp/law/403AC0000000076),https://laws.e-gov.go.jp/law/403AC0000000076,2026-09-29,2025-12-01,,GAP,New row 2026-09-29 (coverage pass). JP lineage not yet seeded. Re-read 2026-09-29 on e-Gov (last amended in force 2025-10-01). Needs leave spans and child birth date; payslip must stop base pay per the work rules and still report premium exemption. Probe 1-year and 1.5-year extension boundaries.,leave_types:JP_CHILDCARE,,,
JP-HR-20,JP,leave,"Postnatal paternity leave (産後パパ育休, 出生時育児休業): up to 4 weeks (28 days) within 8 weeks of birth, in up to two splits, requested normally 2 weeks ahead; work during it only by agreement within limits.",Childcare and Family Care Leave Act arts. 9-2–9-5 (https://laws.e-gov.go.jp/law/403AC0000000076),https://laws.e-gov.go.jp/law/403AC0000000076,2026-09-29,2025-12-01,,GAP,New row 2026-09-29 (coverage pass). JP lineage not yet seeded. Needs birth/due date and leave spans; the premium exemption uses the 14-day same-month test (JP-SI-07). Probe 28/29 days and a split.,leave_types:JP_POSTNATAL_PATERNITY,,,
JP-HR-21,JP,leave,"Family-care leave up to 93 days per family member in up to three splits; family-care days off (介護休暇) 5 days per fiscal year (10 for two or more members), hourly allowed; unpaid unless the work rules say otherwise.","Childcare and Family Care Leave Act arts. 11–15, 16-5–16-6 (https://laws.e-gov.go.jp/law/403AC0000000076)",https://laws.e-gov.go.jp/law/403AC0000000076,2026-09-29,2025-12-01,,GAP,New row 2026-09-29 (coverage pass). JP lineage not yet seeded. Needs per-family-member ledger and fiscal year (April–March unless set). Probe the 93rd/94th day and 5/6 days.,leave_types:JP_FAMILY_CARE,,,
JP-HR-22,JP,leave,"Child-nursing etc. leave (子の看護等休暇): 5 days per fiscal year for one child to the end of grade 3 (10 for two or more), hourly allowed; unpaid unless the work rules say otherwise (April 2025 scope expansion is JP-CC01).",Childcare and Family Care Leave Act arts. 16-2–16-4 (https://laws.e-gov.go.jp/law/403AC0000000076),https://laws.e-gov.go.jp/law/403AC0000000076,2026-09-29,2025-12-01,,GAP,New row 2026-09-29 (coverage pass). JP lineage not yet seeded. Needs child ages and fiscal-year ledger. Probe the 31 March after the 9th birthday.,leave_types:JP_CHILD_NURSING,,,
JP-FIL-01,JP,filing,算定基礎届: report April–June remuneration for every insured person by 10 July for the regular (September) grade decision.,Health Insurance Act art. 41; Employees' Pension Insurance Act art. 21; JPS regular decision (https://www.nenkin.go.jp/service/kounen/hokenryo/hoshu/20121017.html),https://www.nenkin.go.jp/service/kounen/hokenryo/hoshu/20121017.html,2026-09-29,2025-12-01,,EXTERNAL,New row 2026-09-29 (coverage pass). JP lineage not yet seeded. Employer filing; the product must supply per-month remuneration and base days. Mechanism is JP-SI-03.,obligations:JP_SANTEI_KISO,,,
JP-FIL-02,JP,filing,月額変更届: file promptly when a fixed-pay change and three months' remuneration meet the midyear revision test.,Health Insurance Act art. 43; Employees' Pension Insurance Act art. 23; JPS midyear revision (https://www.nenkin.go.jp/service/kounen/hokenryo/hoshu/20150515-02.html),https://www.nenkin.go.jp/service/kounen/hokenryo/hoshu/20150515-02.html,2026-09-29,2025-12-01,,EXTERNAL,New row 2026-09-29 (coverage pass). JP lineage not yet seeded. Employer filing; the product must detect the trigger (JP-SI-03).,obligations:JP_GEPPEN,,,
JP-FIL-03,JP,filing,賞与支払届: file within 5 days of each bonus payment (and a no-payment report for a registered bonus month).,Health Insurance Act art. 45; Employees' Pension Insurance Act art. 24-4; JPS bonus guidance (https://www.nenkin.go.jp/service/kounen/hokenryo/hoshu/20141203.html),https://www.nenkin.go.jp/service/kounen/hokenryo/hoshu/20141203.html,2026-09-29,2025-12-01,,EXTERNAL,New row 2026-09-29 (coverage pass). JP lineage not yet seeded. Employer filing; the product must supply each bonus and standard bonus (JP-SI-04/15).,obligations:JP_SHOYO_SHIHARAI,,,
JP-FIL-04,JP,filing,Health/pension acquisition and loss notifications (資格取得届・喪失届) within 5 days of the event; 70-plus and 75-plus transitions as in JP-SI-12.,Health Insurance Act art. 48; Employees' Pension Insurance Act art. 27; JPS acquisition (https://www.nenkin.go.jp/service/kounen/hokenryo/hoshu/20120330.html),https://www.nenkin.go.jp/service/kounen/hokenryo/hoshu/20120330.html,2026-09-29,2025-12-01,,EXTERNAL,New row 2026-09-29 (coverage pass). JP lineage not yet seeded. Employer filing; the product must supply hire/exit dates and the acquisition grade.,obligations:JP_SHIKAKU_SHUTOKU_SOSHITSU,,,
JP-FIL-05,JP,filing,"The 36 agreement must be filed with the labour standards office before overtime or holiday work is lawful, renewed at least annually.",Labour Standards Act art. 36(1); Enforcement Regulation art. 16–17 (https://laws.e-gov.go.jp/law/322M40000100023),https://laws.e-gov.go.jp/law/322M40000100023,2026-09-29,2025-12-01,,EXTERNAL,New row 2026-09-29 (coverage pass). JP lineage not yet seeded. Employer filing; the product must hold the filed period and limits to apply JP-OT-01.,obligations:JP_36_AGREEMENT,,,
