id,profile,area,provision,citation,url,source_checked,effective_from,effective_to,status,reason,config_path,golden,probe,verified_at
MY-TERR-PEN,MY,other,"Peninsular Malaysia: employment law is Employment Act 1955, Commissioner of Law Revision reprint as at 1 August 2023. Current sealed rule position: Six active dated `MY` versions; national EPF/SOCSO/EIS/PCB/HRD and Peninsular work/leave/separation rules.","Employment Act 1955, Commissioner of Law Revision reprint as at 1 August 2023 (https://lom.agc.gov.my/ilims/upload/portal/akta/outputaktap/1744567_BI/Reprint%20Act%20265%20(Final).pdf) (latest amendment A1651, in force 1 January 2023 by P.U.(B)394/2022) and its First Schedule instruments. Until 28 September 2026 this row linked the JTKSM online updated text as at 30 April 2012 (latest amendment P.U.(A)88/2012), which predates A1651",https://lom.agc.gov.my/ilims/upload/portal/akta/outputaktap/1744567_BI/Reprint%20Act%20265%20(Final).pdf,2026-09-29,2023-01-01,,PARTIAL,"Current source audit; full implementation unresolved: Peninsular worksite routing and national profiles exist. Whole profile includes remaining advance, disciplinary, maternity nominee/register, wage-period and subsidiary branches listed separately below; this umbrella is not complete. Historical verification evidence retained; no new probe.",payroll.worksite_coverage; terms_facts:worksite_state,MY audit — each salary day needs a typed Peninsular or Labuan worksite state before a payslip is built,MY-EPF-01-1,
MY-TERR-LAB,MY,other,Labuan: employment law is P.U.(A) 400/2000 extension. Current sealed rule position: The `MY` versions encode Employment Act rules; neither is proven to select Labuan separately.,P.U.(A) 400/2000 extension (https://jtksm.mohr.gov.my/sites/default/files/2023-03/9.%20FEDERAL%20TERRITORY%20OF%20LABUAN%20%28EXTENSION%20AND%20MODIFICATION%20OF%20EMPLOYMENT%20ACT%29%20ORDER%202000_0.pdf),https://jtksm.mohr.gov.my/sites/default/files/2023-03/9.%20FEDERAL%20TERRITORY%20OF%20LABUAN%20%28EXTENSION%20AND%20MODIFICATION%20OF%20EMPLOYMENT%20ACT%29%20ORDER%202000_0.pdf,2026-10-03,2000-11-01,,PARTIAL,PARTIAL: actual worksite coverage routes Labuan through MY source rules. Remaining: all PUA400/2000 modifications and distinct Act369/weekly-holiday local sources and consumers.,payroll.worksite_coverage; terms_facts:worksite_state,,,
MY-TERR-SBH,MY,other,"Sabah: employment law is Sabah Labour Ordinance, Cap. 67, as amended by A1753/2025. Current sealed rule position: No Sabah employment-law snapshot.","Sabah Labour Ordinance, Cap. 67, as amended by A1753/2025 (https://www.jtksabah.gov.my/utama/wp-content/uploads/2025/11/A1753_-Labour_Ordinance_of_Sabah_Amendment_Act_2025.pdf)",https://www.jtksabah.gov.my/utama/wp-content/uploads/2025/11/A1753_-Labour_Ordinance_of_Sabah_Amendment_Act_2025.pdf,2026-10-03,2025-05-01,,PARTIAL,"PARTIAL: actual dated MY_SABAH worksite overlay feeds payroll work, coverage, leave and final-payment policy receivers. Remaining: pre-December2025 operative source snapshots and complete local licence, payment instrument/advance, register, amenity and subsidiary-rule lifecycles.",payroll.worksite_coverage,,,
MY-TERR-SWK,MY,other,"Sarawak: employment law is Sarawak Labour Ordinance, Cap. 76, as amended by A1754/2025. Current sealed rule position: No Sarawak employment-law snapshot.","Sarawak Labour Ordinance, Cap. 76, as amended by A1754/2025 (https://www.jtkswk.gov.my/v2/wp-content/uploads/2025/04/Act-A1754-LABOUR-ORDINANCE-OF-SARAWAK-AMENDMENT-ACT-2025-1.pdf)",https://www.jtkswk.gov.my/v2/wp-content/uploads/2025/04/Act-A1754-LABOUR-ORDINANCE-OF-SARAWAK-AMENDMENT-ACT-2025-1.pdf,2026-10-03,2025-05-01,,PARTIAL,"PARTIAL: actual dated MY_SARAWAK worksite overlay feeds payroll work, coverage, leave and final-payment policy receivers. Remaining: pre-December2025 operative source snapshots and complete local licence/repatriation, payment instrument/advance, register, amenity and subsidiary-rule lifecycles.",payroll.worksite_coverage,,,
MY-NAT-01,MY,minimum_wage,"Minimum wages across Peninsular, Labuan, Sabah and Sarawak from 1 August 2025: RM1,700 monthly, RM65.38/RM78.46/RM98.08 daily for 6/5/4-day weeks or RM8.72 hourly. For employees with no basic wage paid only by piece, tonnage, task, trip or commission, the monthly wage paid must still reach RM1,700. Domestic servants are excluded by each territory's statutory definition.","Minimum Wages Order 2024 P.U.(A)376, paras.2 and 5 (https://gajiminimum.mohr.gov.my/wp-content/uploads/PUA%20376.pdf); MOHR nationwide enforcement announcement, 1 August 2025 (https://www.mohr.gov.my/images/pdf/2025/KenyataanMedia/JLD4%20%2877%29.pdf) (read 29 September 2026; the gazetted Order remains the operative source). The Order is in force 1 February 2025 and para.5 from 1 August 2025 for the remaining employers; no later Minimum Wages Order was found.",https://gajiminimum.mohr.gov.my/wp-content/uploads/PUA%20376.pdf,2026-09-30,2025-08-01,,PARTIAL,Current source audit; full implementation unresolved: Current national rate/admission and results minimum paths exist. Maternity allowance versus legally included basic results-floor cash remains explicitly unclassified when a top-up depends on it; whole frequency/territorial source boundary is not closed. Historical verification evidence retained; no new probe. Actual dated results-wage retention is now source-integrated and activated for all six national MY versions: native dated allocations identify the exact approved/frozen leave entry and BASIC/OTHER_NORMAL basis; once-only retained-money pricing reduces only its outstanding leave target. This does not resolve the remaining full-row legal/source scope.,"work_rules.wages (by_region.Malaysia, hourly_by_region.Malaysia, applies_when, block_below_when, block_unmeasured_results_pay, results_pay.task_only_time_events_refused, results_pay.levy_scheme, results_pay.applies_when, results_pay.levy_unclassified_codes, results_pay.results_wage_codes, results_pay.zero_results_code); adhoc_catalogue:TASK_MONTHLY_WAGE,TRIP_MONTHLY_WAGE,COMMISSION_MONTHLY,COMMISSION_IRREGULAR,RESULTS_ZERO_MONTH",MY audit — a daily rate is measured against the Order’s rate for the person’s working week; MY — the results-pay levy refusal follows wages.results_pay.applies_when,MY-NAT-01-1; MY-HRD12-1; MY-NAT-01-2,2026-09-29
MY-EPF-01,MY,contribution,"EPF coverage and employee/employer shares by citizenship, PR, age 14–under 75, wage band, optional election and date; 2% each for covered noncitizens from October 2025 wages. Use the Third Schedule table rather than raw percentages at wages ≤RM20,000, except the percentage-based Part F.",EPF Third Schedule (https://www.kwsp.gov.my/en/epf-act-1991-third-schedule); mandatory-contribution method and examples (https://www.kwsp.gov.my/en/employer/responsibilities/mandatory-contribution); noncitizen guide (https://www.kwsp.gov.my/en/employer/responsibilities/non-malaysian-citizen-employees).,https://www.kwsp.gov.my/en/epf-act-1991-third-schedule,2026-10-01,2025-10-01,,PARTIAL,"Current source audit; full implementation unresolved: Tables and actual holiday/rest-work exclusions, death month, FirstSchedule classes and selected top-up totals are source-integrated. Actual midmonth/crosscontract top-up rate pricing remains guarded rather than computed; no whole coverage/share claim. Historical verification evidence retained; no new probe.",statutory_contributions:EPF; statutory_contributions:EPF_PR; statutory_contributions:EPF_NON_CITIZEN,"MY audit — EPF Parts A, C, E examples and the Part F total rounding; MY ${period} ${citizenship} ${scheme} — EPF bonus exception: ${label}",,
MY-EPF-03,MY,contribution,"Basic noncitizen eligibility, distinct from exceptions and legacy cohorts: A1760's replacement s.70A applies Part VIIA to a noncitizen domiciled outside Malaysia who enters/remains temporarily under a pass issued under immigration law. The worker must actually be an employee for EPF Act purposes. KWSP's operating FAQ additionally asks for passport and valid working authority; assess student, professional-visitor, residence and long-term-social-visit pass work rights individually. First Schedule domestic/approved-fund/age exclusions (`MY-EPF-FS01/FS03/APPROVED-01`) and s.11 old-elector transition (`MY-EPF-TRANS-01`) are separate decisions. Section 70G ceases liability for the last two months before permit/extension expiry; death-month and 75-year cessation are separate s.43(7)/First Schedule para.13 branches.","A1760 s.3 replacing s.70A (https://lom.agc.gov.my/ilims/upload/portal/akta/outputaktap/2844030_BI/Act%20A1760-%20EMPLOYEES%20PROVIDED%20FUND%20(AMENDMENT)%20ACT%202025.pdf) (AGC text; Royal Assent 24 April 2025, gazetted 14 May 2025, commencement by ministerial notification under s.1(2), P.U.(B) not yet verified; earlier cited through the private mylaw.my mirror); KWSP consolidated Act 452 ss.43(7),70G and First Schedule (https://www.kwsp.gov.my/en/others/resource-centre/references/epf-act-1991); KWSP noncitizen FAQ Q11, Q20–27 (https://www.kwsp.gov.my/en/employer/responsibilities/non-malaysian-citizen-employees).",https://lom.agc.gov.my/ilims/upload/portal/akta/outputaktap/2844030_BI/Act%20A1760-%20EMPLOYEES%20PROVIDED%20FUND%20(AMENDMENT)%20ACT%202025.pdf,2026-09-29,2025-10-01,,PARTIAL,Current source audit; full implementation unresolved: s70G permit-expiry monetary boundary is unresolved: official source provides no example establishing exact rolling-date versus contribution-calendar-month treatment. Unadopted2387 candidate is excluded; temporary pass/domicile/basic membership scope also needs full-row admission audit. Historical verification evidence retained; no new probe.,statutory_contributions:EPF_NON_CITIZEN,Malaysia — a non-citizen is Part F whatever the registration says (EPF Act Third Schedule),MY-EPF-03-1; MY-EPF-03-2; MY-EPF-03-3,2026-09-29
MY-EPF-04,MY,contribution,"For a worker subject to the Minimum Wages Order, EPF Act s.43(1A) sets the monthly contribution floor at the Third Schedule amount on the legally determined monthly minimum wage, even if actual cash paid is less; foreign-worker FAQ expressly repeats that floor, excluding foreign domestic helpers. The underlying wage shortfall remains a separate minimum-wage violation.","KWSP EPF Act reference, s.43(1A) (https://www.kwsp.gov.my/en/others/resource-centre/references); KWSP noncitizen FAQ Q4 (https://www.kwsp.gov.my/en/employer/responsibilities/non-malaysian-citizen-employees); Minimum Wages Order 2024 P.U.(A)376 (https://gajiminimum.mohr.gov.my/wp-content/uploads/PUA%20376.pdf).",https://www.kwsp.gov.my/en/others/resource-centre/references,2026-09-29,,,GAP,"Current source audit; full implementation unresolved: No complete actual minimum-due cash producer for s43(1A) across legally incomplete month, daily/hourly/PT/results/leave and excluded native dates. wage_floor and wage_floor_pay are not substitutes; no flat closing1700 activation. Historical verification evidence retained; no new probe.",statutory_contributions:EPF,,,
MY-EPF-FS01,MY,contribution,"Act 452 First Schedule paras.2–3: a domestic servant is excluded unless employed by a Second Schedule employer, registered society/cooperative, registered/licensed business (including the separate Sabah/Sarawak licensing statutes) or incorporated corporation; a still-excluded servant may elect membership by giving one month's prescribed notice to both KWSP and employer. This is narrower than a blanket domestic-worker exemption and distinct from the minimum-wage domestic exclusion.","KWSP consolidated Act 452 First Schedule, paras.2–3 (https://www.kwsp.gov.my/en/others/resource-centre/references/epf-act-1991).",https://www.kwsp.gov.my/en/others/resource-centre/references/epf-act-1991,2026-09-29,,,IMPLEMENTED,"Full source scope: seed/jurisdiction/MY/statutory_contributions.json.gz domestic/outworker employer classes use native dated employment_statutory_facts and independently required class documents, including actual SecondSchedule exceptions. Domestic voluntary membership now demands original prescribed Board AND employer delivery reference/file and their dates; corresponding-month add_months(notice,1)<=declaration_effective_from replaces the incorrect next-month-end boundary. src/lib/payroll/run/contribute.ts scopedWages requires connected fact/evidence values for each actual wage slice and reuses frozen original scope for corrections; native scope links preserve paid/funded/allocated declarations. Primary: Act452 FirstSchedule paras2–3; calendar corresponding-date rule corroborated in [2016]SGHC133 paras76/80 citing Malaysian Setali/Jeow cases. Source-complete, not verified.",seed/jurisdiction/MY/statutory_contributions.json.gz:elections.domestic_*; src/lib/payroll/run/contribute.ts:scopedWages; src/data/collection/employment_statutory_facts/+collection.ts; src/data/collection/employment_statutory_facts/lib/scope-locks.ts,,,
MY-EPF-FS02,MY,contribution,"First Schedule paras.1,4–5 exclude nomadic Orang Asli absent the Director-General's recommendation, defined outworkers unless employed by a Second Schedule employer, and people detained in the listed prison/school/detention/medical/rehabilitation institutions. Ordinary home work, remote work or an `INTERN` label alone does not establish these legal classes.","KWSP consolidated Act 452 First Schedule, paras.1,4–5 (https://www.kwsp.gov.my/en/others/resource-centre/references/epf-act-1991).",https://www.kwsp.gov.my/en/others/resource-centre/references/epf-act-1991,2026-09-29,,,IMPLEMENTED,"Full stated source scope implemented, not production-path verified: Nomadic Orang Asli only absent actual Director recommendation; Defined outworker only absent Second Schedule employer exception; Named detention/institution legal class; home/remote/INTERN labels do not substitute; Actual dated legal class/evidence independent of registration; Actual consumed scope basis and paid source locks/corrections. Historical verification evidence retained; no new probe.",statutory_contributions:EPF,,,
MY-EPF-FS03,MY,contribution,"A1760/2025 s.9 deleted First Schedule paras.6–7 for the current review period: temporary immigration-pass status without prior EPF election and membership of an overseas provident fund no longer furnish those exclusions. Para.8 still excludes a foreign-domiciled worker with prior written KWSP Board approval to participate in a Malaysia-established/administered alternative fund. Age 75 and Member of the Administration exclusions are separate paras.13 and 9. KWSP implements the new noncitizen contribution for October 2025 wages; the exact commencement notification under A1760 s.1(2), which permits different commencement dates by provision, remains to be located.","A1760 ss.1(2),9 (https://lom.agc.gov.my/ilims/upload/portal/akta/outputaktap/2844030_BI/Act%20A1760-%20EMPLOYEES%20PROVIDED%20FUND%20(AMENDMENT)%20ACT%202025.pdf); KWSP consolidated Act 452 First Schedule, paras.6–9,13 (https://www.kwsp.gov.my/en/others/resource-centre/references/epf-act-1991); KWSP October 2025 foreign-worker guidance (https://www.kwsp.gov.my/en/employer/responsibilities/non-malaysian-citizen-employees).",https://lom.agc.gov.my/ilims/upload/portal/akta/outputaktap/2844030_BI/Act%20A1760-%20EMPLOYEES%20PROVIDED%20FUND%20(AMENDMENT)%20ACT%202025.pdf,2026-09-29,2025-10-01,,GAP,Current source audit; full implementation unresolved: Deleted paras6/7 and remaining approved domestic fund/age75/Administration class capture are integrated. Exact provision-specific A1760 commencement notification identified in this row remains unlocated; cannot claim whole stated scope merely from operating FAQ. Historical verification evidence retained; no new probe.,statutory_contributions:EPF_NON_CITIZEN,,,
MY-EPF-TRANS-01,MY,contribution,A1760 s.11 transitions a noncitizen who elected EPF on or after 1 August 1998 and before A1760 commenced to the new Part F rate upon A1760 commencement; it is a distinct cohort from a pre-1 August 1998 election and from a previously nonmember worker newly covered by s.70A. Prior election is not a continuing 11%/RM5 rate or an exemption. Confirm the precise A1760 commencement notification before fixing the transition timestamp.,"A1760 ss.1(2),10–11 and Part F (https://lom.agc.gov.my/ilims/upload/portal/akta/outputaktap/2844030_BI/Act%20A1760-%20EMPLOYEES%20PROVIDED%20FUND%20(AMENDMENT)%20ACT%202025.pdf); KWSP consolidated Act 452 Third Schedule (https://www.kwsp.gov.my/en/epf-act-1991-third-schedule).",https://lom.agc.gov.my/ilims/upload/portal/akta/outputaktap/2844030_BI/Act%20A1760-%20EMPLOYEES%20PROVIDED%20FUND%20(AMENDMENT)%20ACT%202025.pdf,2026-09-29,2025-10-01,,TESTED,"The cohort input exists: EPF election member_before_1998 (false = on/after-1998 elector or new member). Golden: F-NEW (member_before_1998 false) is EPF_NON_CITIZEN Part F 60/60 on 3,000 and never Part A (statutory-round2-C 12/12). An on/after-1998 elector and a newly covered s.70A worker legally land on the same Part F, so no separate dated history is needed. No probe; A1760 commencement Gazette still not on file (source note).",statutory_contributions:EPF.elections.member_before_1998; statutory_contributions:EPF_NON_CITIZEN,"MY — a non-citizen EPF member from before 1 August 1998 stays on Parts A and C, not Part F (Act A1760; KWSP); Malaysia — a non-citizen is Part F whatever the registration says (EPF Act Third Schedule)",,
MY-EPF-TRANS-02,MY,contribution,"KWSP's October 2025 wage-month cohort table expressly keeps noncitizen Malaysian permanent residents and noncitizens who became EPF members before 1 August 1998 on the existing local-rate schedules: under 60, employer 13%/12% by wage band and employee 11%; at 60, employer 6.5%/6% and employee 5.5%, with the scheduled table governing actual ringgit amounts. This is not the 2% Part F cohort. A1760 s.11 uses election on or after 1 August whereas the FAQ uses membership before/after 1 August; an exactly-on-date member and a member who joined before but elected later require the statutory election record and KWSP adjudication.","KWSP noncitizen FAQ Q23, October 2025 cohort table (https://www.kwsp.gov.my/en/employer/responsibilities/non-malaysian-citizen-employees); A1760 s.11 (https://lom.agc.gov.my/ilims/upload/portal/akta/outputaktap/2844030_BI/Act%20A1760-%20EMPLOYEES%20PROVIDED%20FUND%20(AMENDMENT)%20ACT%202025.pdf); KWSP Third Schedule (https://www.kwsp.gov.my/en/epf-act-1991-third-schedule).",https://www.kwsp.gov.my/en/employer/responsibilities/non-malaysian-citizen-employees,2026-10-01,2025-10-01,,TESTED,"Goldens: pre-1998 non-citizen member at 40 on Part A (330/390) and at 62 on Part C (165/195), not Part F (statutory-round2-C); PR at 61 on Part C at RM3,250 and RM21,250, citizen Part A 13%/12% across RM5,000 (statutory-audit-my 27/27). No probe; PR grant history is a single citizenship fact, not dated. | [2026-10-01 bonus transcription correction] KWSP Third Schedule effective 1 October 2025, Part A pp.12–13 and Part C pp.30–31: bonus exception compares whole contribution wages less BONUS, not tax ordinary remuneration. Positive bonus required; encashment/back pay alone do not retain 13%/6.5%. Pre-1998 non-citizen electors share the same note (Parts A/C para 1(c)). Every sealed version corrected in place. Golden MY <version month> <citizenship> <scheme> — EPF bonus exception: non-bonus / bonus / non-bonus wages already above 5000. Production differential 2026-10-02: all 325 mapped MY scenarios agree, including retirement-59 encashment. 19 unmapped scenarios and remaining row gaps unchanged.",statutory_contributions:EPF.elections.member_before_1998; statutory_contributions:EPF_PR,"MY — a non-citizen EPF member from before 1 August 1998 stays on Parts A and C, not Part F (Act A1760; KWSP); MY audit — EPF Parts A, C, E examples and the Part F total rounding; MY ${period} ${citizenship} ${scheme} — EPF bonus exception: ${label}",,
MY-EPF-APPROVED-01,MY,contribution,"Separately from First Schedule para.8, Act 452 s.52(1) disapplies Fund contributions for workers actually covered by an approved fund. An employer-created fund must have the Board declaration and current conditions. Section 52(2)'s route to new declaration is specifically tied to a Minister's s.74 First Schedule deletion, a pre-existing employer/group scheme and benefit adequacy; A1760 s.9 is Parliament's own deletion of paras.6–7, so it cannot by itself be treated as a fresh s.52(2) approval. A private or overseas plan alone never proves exemption.","KWSP consolidated Act 452 ss.2,52(1)–(2),74 (https://www.kwsp.gov.my/en/others/resource-centre/references/epf-act-1991); A1760 s.9 (https://lom.agc.gov.my/ilims/upload/portal/akta/outputaktap/2844030_BI/Act%20A1760-%20EMPLOYEES%20PROVIDED%20FUND%20(AMENDMENT)%20ACT%202025.pdf).",https://www.kwsp.gov.my/en/others/resource-centre/references/epf-act-1991,2026-09-29,,,IMPLEMENTED,"Full stated source scope implemented, not production-path verified: Independent s52 actual Board-approved fund participation and conditions; s52(2) pre-existing scheme/s74 deletion/benefit adequacy route distinct from A1760 deletion; Actual documentary dates and member/employer/fund identities; No exemption from overseas/private fund alone; Dated native contribution exclusion and immutable consumed source/correction basis. Historical verification evidence retained; no new probe.",statutory_contributions:EPF,,,
MY-EPF-APPROVED-02,MY,contribution,"Act 452 s.52(3)–(8) changes liability on transfer into an approved-fund employment; if an employer leaves a group approved fund or a covered worker leaves/ceases contributions, credited employee/employer sums and dividend since 1 July 1952 must transfer to KWSP within one month, unless the Board allows more time, subject to specified same-employer overseas or same-group transfer exceptions. Fund winding-up/revocation also triggers settlement and Board allocation.",KWSP consolidated Act 452 s.52(3)–(8) (https://www.kwsp.gov.my/en/others/resource-centre/references/epf-act-1991).,https://www.kwsp.gov.my/en/others/resource-centre/references/epf-act-1991,2026-10-03,,,PARTIAL,"Source-integrated across national, Sabah and Sarawak settings: actual fulfilled original approved-fund movement binds native transfer amount/deadline and Board credit; same-employer overseas/same-group unchanged contribution exceptions and section54 exclusions retained. Separate native entire-assets/liabilities acceptance and Board member-allocation source now binds exact external member-credit amount/date, including actual Board reduction, without generating fictitious payroll cash. Approval revocation now uses section52(8) express section52(5) original eligible balance and one-month transfer clock unless actual Board extension; winding-up remains separate actual Board-directed cash/assets route. Section52(7) original Board management source now generates certified-account, prior written rule-approval and contributor-particular duties with actual establishing-instrument exception and native original deadlines. Remaining: section52(3)-(4) actual approved-fund participant/probation interval transition and frozen old KWSP-credit preservation need complete consumer reconciliation; pre-1952 section52(14) election is outside this row scope.",seed/jurisdiction/MY/jurisdiction_settings.json:duty_types.EPF_APPROVED_FUND_*; src/data/collection/obligation_instances/+collection.ts; src/lib/obligations/materialise.ts,,,
MY-EPF-APPROVED-03,MY,filing,"An employer running an approved fund must give KWSP Board-required audited accounts, seek prior written Board approval before changing its fund rules, and furnish prescribed worker-contributor particulars; ordinary EPF deduction/contribution offence rules also apply to approved-fund amounts (s.52(7),(9),(13)). A fund expressly established by written law is exempt from the s.52(7) and (13) duties, not from every EPF/approved-fund condition.","KWSP consolidated Act 452 s.52(7),(9),(13),(17) (https://www.kwsp.gov.my/en/others/resource-centre/references/epf-act-1991).",https://www.kwsp.gov.my/en/others/resource-centre/references/epf-act-1991,2026-09-29,,,EXTERNAL,"Inputs → output: Fund's establishing instrument, employer/legal class, Board account request, proposed rule amendment, written approval, contributor list and remittance → timely accounts/approval/return and prohibited-change flag. Legacy status: No [EXTERNAL 2026-09-29]. Evidence/open: no fund-class, audited-account, proposed-rule approval or contributor-return workflow/evidence; accounting and permission duties are organizational, not satisfied by a payroll amount.",,,,
MY-EPF-EMPLOYER-01,MY,contribution,"Act 452 Second Schedule defines a distinct employer class for the Singapore Public Utilities Board and certain Embassies, High Commissions, Consulates and other governments/offices specified by ministerial Gazette, for covered civil employment rather than pensionable established capacity. A diplomatic employer or government post is not a blanket automatic exclusion.",KWSP consolidated Act 452 Second Schedule and s.2 (https://www.kwsp.gov.my/en/others/resource-centre/references/epf-act-1991); KWSP noncitizen employer FAQ (https://www.kwsp.gov.my/en/employer/responsibilities/non-malaysian-citizen-employees).,https://www.kwsp.gov.my/en/others/resource-centre/references/epf-act-1991,2026-09-29,,,IMPLEMENTED,"Full stated source scope implemented, not production-path verified: Actual Singapore Public Utilities Board employer; Actual minister-Gazetted embassy/government office identity; Actual qualified civil employment and Malaysia/Singapore contract arrangement; Excludes established pensionable capacity; Original source class does not blanket-exempt diplomatic employees. Historical verification evidence retained; no new probe.",statutory_contributions:EPF,,,
MY-EPF-TOPUP-01,MY,contribution,"Employee or employer can elect EPF i-Topup above the statutory Third Schedule rate under Act 452 s.43(3)–(6); an election and its revocation cannot take effect retrospectively, and the last accepted rate remains until cancellation. From 16 May 2026, a previously unregistered member can apply online; employee paper KWSP 17A/18A election/revocation must be entered by employer in i-Akaun, while employer-share application has no paper form. KWSP describes Malaysian and non-Malaysian members under 75 as eligible; s.70E's foreign-worker exclusion of s.43(8) concerns the separate self/other-person voluntary route, not s.43(3) excess-rate election. Extra employee deduction is constrained by other mandatory deductions and applicable employment-law deduction limits, and must flow correctly into PCB relief eligibility.","KWSP i-Topup guidance, examples and FAQ (https://www.kwsp.gov.my/en/member/savings/voluntary-excess); KWSP consolidated Act 452 ss.43(3)–(8),70E (https://www.kwsp.gov.my/en/others/resource-centre/references/epf-act-1991); LHDN 2026 PCB specification index (https://www.hasil.gov.my/majikan/jadual-pcb-dan-spesifikasi-data/).",https://www.kwsp.gov.my/en/member/savings/voluntary-excess,2026-09-29,2026-05-16,,GAP,Current source audit; full implementation unresolved: Actual accepted total-rate pricing and no-gap original election/revocation source are integrated. Midmonth and crosscontract price allocation remains explicit guarded limitation rather than complete computed outcome. Historical verification evidence retained; no new probe.,statutory_contributions:EPF,,,
MY-EPF-02,MY,filing,"EPF registration, monthly remittance, late contributions/dividends and corrections.","EPF employer mandatory contribution (https://www.kwsp.gov.my/en/employer/responsibilities/mandatory-contribution); Act 452 AGC text as at 1 July 2022 (https://lom.agc.gov.my/ilims/upload/portal/akta/outputaktap/1736246_BI/Act%20452%20(Online%202022).pdf) ss.41–43, 45, 47, 49; A1760 (https://lom.agc.gov.my/ilims/upload/portal/akta/outputaktap/2844030_BI/Act%20A1760-%20EMPLOYEES%20PROVIDED%20FUND%20(AMENDMENT)%20ACT%202025.pdf) ss.3, 10; KWSP Third Schedule (https://www.kwsp.gov.my/en/epf-act-1991-third-schedule).",https://www.kwsp.gov.my/en/employer/responsibilities/mandatory-contribution,2026-09-29,,,EXTERNAL,"Inputs → output: Employer/member registration, contribution month, submission and paid dates, original/corrected rows → accepted remittance and outstanding/late ledger. Legacy status: No [EXTERNAL 2026-09-29]. Evidence/open: payslip liability is not a contribution receipt. Reconcile the due date, holiday relief, retrospective wages and actual KWSP acknowledgement. | [Round 6 — 2026-09-28] Primary texts read: Act 452 AGC reprint “incorporating all amendments up to 1 January 2006” (cover); Act 452 AGC online updated text as at 1 July 2022 (latest amendment P.U.(A) 219/2022; still the newest updated text in the AGC principal-act list) ss.41–43, 45, 47, 49; Act A1760 ss.1–11; KWSP “EPF Act 1991 Third Schedule” (browser, last updated 26 May 2026, October 2025 table). | [Round 6 — 2026-09-28] Fixed in place (citation, all 32 sealed versions of `MY`): the five EPF employer-duty authorities (`EPF_REGISTRATION_AND_REMITTANCE`, `EPF_EMPLOYEE_REGISTRATION`, `EPF_MONTHLY_CONTRIBUTION`, `EPF_RECORDS`, and the records obligation citing s.42(1)) cited the 2006 reprint (160 citations per profile). They now cite the 1 July 2022 text; `EPF_EMPLOYEE_REGISTRATION` adds A1760 s.3 (s.70A), `EPF_MONTHLY_CONTRIBUTION` adds A1760 s.10 and the KWSP Third Schedule page. A1760 joins `sources.urls`. A1760 amends none of ss.41–49, so no timing or figure changes (`MY-EPF-02`). | [Round 6 — 2026-09-28] New golden: those obligations, in every version of both profiles, cite the 2022 text, A1760 and KWSP as above, and no version cites the 2006 reprint. | [Phase 2 2026-10-01] Duty types seeded in every active MY version (obligation ledger L1): EPF_MONTHLY_CONTRIBUTION (the 15th of the next month, amount EPF + EPF_PR + EPF_NON_CITIZEN payable), EPF_EMPLOYEE_REGISTRATION (before the first contribution: the 15th of the month after hire); each instance carries its due day, amount and evidence (reference, paid/submitted day). Probe pending: the harness checks `saved` rows before any automation runs, so an obligation instance the daily obligation_calendar sweep raises cannot yet be pinned (harness H1 gap). Late-payment charge and dividend are Board-set rates, not seeded.",obligations:EPF_REGISTRATION_AND_REMITTANCE; obligations:EPF_MONTHLY_CONTRIBUTION; duty_types:EPF_MONTHLY_CONTRIBUTION; duty_types:EPF_EMPLOYEE_REGISTRATION,,,
MY-EPFR-01,MY,filing,"Nationwide from 1 October 2025, EPF Rules 1991 r.9 as substituted by P.U.(A)347/2025 requires Board-prescribed employer registration notice and notification of every registered-information change within 14 days of change. An EPF registration certificate/reference and changed particulars are distinct from a payroll setting.","AGC P.U.(A)347/2025, rr.1,5 substituting r.9 (https://lom.agc.gov.my/ilims/upload/portal/akta/outputp/3102891/PUA347_2025.pdf); Act 452 s.41 (https://www.kwsp.gov.my/en/others/resource-centre/references/epf-act-1991).",https://lom.agc.gov.my/ilims/upload/portal/akta/outputp/3102891/PUA347_2025.pdf,2026-09-29,2025-10-01,,EXTERNAL,"Inputs → output: Employer commencement/registration, Board notice, certificate/reference, dated name/address/other changes and submission/acknowledgement → registration/14-day notice evidence or overdue exception. Legacy status: No [EXTERNAL 2026-09-29]. Evidence/open: no Board-accepted registration/change-notice workflow or 14-day deadline probe; an entity ID alone proves neither filing nor acknowledgement.",obligations:EPF_REGISTRATION_AND_REMITTANCE,,,
MY-EPFR-01A,MY,filing,"Act 452 s.41(3) separately requires a person who ceases to be an employer to notify KWSP within the Board-prescribed period and manner. An individual employee exit is not, by itself, an employer-cessation event.",KWSP consolidated Act 452 s.41(3)–(4) (https://www.kwsp.gov.my/en/others/resource-centre/references/epf-act-1991).,https://www.kwsp.gov.my/en/others/resource-centre/references/epf-act-1991,2026-09-29,,,EXTERNAL,"Inputs → output: Entity final covered worker/operation date, legal employer closure, Board period and prescribed notice/receipt → timely employer-cessation filing or continuing registration. Legacy status: No [EXTERNAL 2026-09-29]. Evidence/open: Board-prescribed period/form and cessation/receipt workflow have not been authenticated or probed; payroll finalization alone does not close employer registration.",obligations:EPF_REGISTRATION_AND_REMITTANCE,,,
MY-EPFR-02,MY,filing,"Rules r.11 as substituted from 1 October 2025 requires a Board-prescribed contribution notice and full matching payment within the prescribed period. KWSP may reject a short, incomplete or disorderly submission; upon its credit statement, the employer must notify KWSP in writing within one month of receipt of an error it discovers. A later adjustment is discretionary.","AGC P.U.(A)347/2025, rr.1,6 substituting r.11 (https://lom.agc.gov.my/ilims/upload/portal/akta/outputp/3102891/PUA347_2025.pdf).",https://lom.agc.gov.my/ilims/upload/portal/akta/outputp/3102891/PUA347_2025.pdf,2026-09-29,2025-10-01,,EXTERNAL,"Inputs → output: Wage/contribution month, employee account identity, due/paid amounts, Board notice/acceptance/rejection, statement receipt, error discovery and written correction date → accepted credited shares, one-month correction and outstanding ledger. Legacy status: No [EXTERNAL 2026-09-29]. Evidence/open: calculation and payslip do not prove matching accepted notice, KWSP credit statement or written correction. Probe short/rejected payment and one-month timely/late statement challenge. | [Phase 2 2026-10-01] Duty types seeded in every active MY version (obligation ledger L1): EPF_MONTHLY_CONTRIBUTION; each instance carries its due day, amount and evidence (reference, paid/submitted day). Probe pending: the harness checks `saved` rows before any automation runs, so an obligation instance the daily obligation_calendar sweep raises cannot yet be pinned (harness H1 gap). KWSP rejection, credit statement and one-month correction are not captured.",obligations:EPF_MONTHLY_CONTRIBUTION; duty_types:EPF_MONTHLY_CONTRIBUTION,,,
MY-EPFR-03,MY,filing,"Rules rr.12–14 and 18 as substituted from 1 October 2025 permit employee/employer/other member-registration routes and Board registration without application; they require identity document and Board-approved thumb/other identification and complete particulars. When KWSP notifies an employer of an incomplete/inaccurate member record or unclear identification, the employer must submit an updated record within 14 days of that notice.","AGC P.U.(A)347/2025, rr.1,7–10 substituting rr.12–14,18 (https://lom.agc.gov.my/ilims/upload/portal/akta/outputp/3102891/PUA347_2025.pdf).",https://lom.agc.gov.my/ilims/upload/portal/akta/outputp/3102891/PUA347_2025.pdf,2026-09-29,2025-10-01,,EXTERNAL,"Inputs → output: Member application/Board automatic-registration status, NRIC/passport or accepted document, permitted identification, notice date and corrected record → correct EPF account linkage and accepted 14-day correction. Legacy status: No [EXTERNAL 2026-09-29]. Evidence/open: no identity-verification and Board-notice correction workflow/probe, particularly for foreign passport/pass renewals and automatically registered members; a locally assigned member number is insufficient. | [Phase 2 2026-10-01] Duty types seeded in every active MY version (obligation ledger L1): EPF_EMPLOYEE_REGISTRATION; each instance carries its due day, amount and evidence (reference, paid/submitted day). Probe pending: the harness checks `saved` rows before any automation runs, so an obligation instance the daily obligation_calendar sweep raises cannot yet be pinned (harness H1 gap). The 14-day Board-notice correction is not a duty type yet.",obligations:EPF_EMPLOYEE_REGISTRATION; duty_types:EPF_EMPLOYEE_REGISTRATION,,,
MY-EPFR-04,MY,records,"Rules r.23 as substituted from 1 October 2025 requires the wage statement furnished to each employee under Act 452 s.42(1) to carry full name, EPF number, gender, ID type/number, wage period, wage and other remuneration, employee EPF deduction, employer registration number and contribution, employer/representative name, signature and issue date; for noncitizens, also work permit number.","AGC P.U.(A)347/2025, rr.1,11 substituting r.23 (https://lom.agc.gov.my/ilims/upload/portal/akta/outputp/3102891/PUA347_2025.pdf); Act 452 s.42(1) (https://www.kwsp.gov.my/en/others/resource-centre/references/epf-act-1991).",https://lom.agc.gov.my/ilims/upload/portal/akta/outputp/3102891/PUA347_2025.pdf,2026-09-29,2025-10-01,,IMPLEMENTED,"Full stated source scope implemented, not production-path verified: Complete actual r23 identity/employer/permit fields; Exact original wage period and wages/other remuneration partition; Actual employee deduction distinct from assessed liability: automatic PAID+funded source or original dated withholding evidence; Actual employer contribution; Actual employer/representative issuer name, issue date and retained signature/full signed statement; Actual furnishing receipt separate from preparation/payment; Immutable original records and append-only correction chain; Explicit imported documentary history; no fabricated historical calculated payroll or backdated native signed issue. Historical verification evidence retained; no new probe.",obligations:PAYSLIP_ISSUE,,,
MY-EPFR-05,MY,records,"Rules r.24 as substituted from 1 October 2025 requires a per-employee EPF register with full name, EPF number, gender, birth date, ID type/number and foreign ID expiry, permanent address, occupation, employment start, wage period and amounts, other remuneration, employee/employer contributions, and foreign work-permit type/number/expiry. Act 452 s.42(2) requires each recorded particular to remain available for inspection for at least six years after it was recorded.","AGC P.U.(A)347/2025, rr.1,12 substituting r.24 (https://lom.agc.gov.my/ilims/upload/portal/akta/outputp/3102891/PUA347_2025.pdf); Act 452 s.42(2) (https://www.kwsp.gov.my/en/others/resource-centre/references/epf-act-1991).",https://lom.agc.gov.my/ilims/upload/portal/akta/outputp/3102891/PUA347_2025.pdf,2026-09-29,2025-10-01,,IMPLEMENTED,"Full stated source scope implemented, not production-path verified: Complete actual r24 particulars including birth/occupation/address/start/foreign ID and work-pass expiry/type; Exact wage interval/cash/contribution register source; Actual recording date distinct from imported original recording date; At least six full calendar years availability from native recording; no update/delete surface; Immutable correction originals and complete registry/read/access/native UI. Historical verification evidence retained; no new probe.",obligations:EPF_RECORDS,,,
MY-EPFR-06,MY,filing,"Rules rr.27–28 as substituted from 1 October 2025 require Board-prescribed notice with contributions paid by authorised channels, and a prescribed arrears remittance statement with all outstanding contributions if an inspector assesses wholly/partly unpaid amounts after the prescribed period.","AGC P.U.(A)347/2025, rr.1,14–15 substituting rr.27–28 (https://lom.agc.gov.my/ilims/upload/portal/akta/outputp/3102891/PUA347_2025.pdf).",https://lom.agc.gov.my/ilims/upload/portal/akta/outputp/3102891/PUA347_2025.pdf,2026-09-29,2025-10-01,,EXTERNAL,"Inputs → output: Due/paid dates, channel and receipt, inspector assessment, assessed unpaid amount and arrears notice → accepted ordinary or assessed-arrears remittance and residual liability. Legacy status: No [EXTERNAL 2026-09-29]. Evidence/open: no Board-accepted channel/arrears-notice workflow, inspector-assessment branch or settlement probe; payroll liability cannot stand in for remittance.",obligations:EPF_MONTHLY_CONTRIBUTION,,,
MY-EPF-DEDUCT-01,MY,contribution,"Act 452 ss.45,47–48: the employer is initially liable for both EPF shares; its own share is never recoverable from employee wages. It may recover the employee share only through deduction from the wages being paid, at payment time. A previously omitted employee-share deduction may be recovered within six months of the original wage payment only if the omission was an error not caused by employer negligence and KWSP Board conditions are met. Deducted but unremitted shares remain an employer liability, not a new employee debt.","KWSP consolidated Act 452 ss.45,47–48 (https://www.kwsp.gov.my/en/others/resource-centre/references/epf-act-1991).",https://www.kwsp.gov.my/en/others/resource-centre/references/epf-act-1991,2026-09-29,,,GAP,"Current source audit; full implementation unresolved: Original omitted-share source, non-negligence/Board conditions,six-month clock and employee-only recovery are integrated. Full actual payment-time withholding versus assessed/unfunded cash and deducted-but-unremitted liability conservation needs whole-row source binding audit beyond the omitted-recovery route. Historical verification evidence retained; no new probe.",statutory_contributions:EPF,,,
MY-EPF-ARREARS-01,MY,filing,"Act 452 ss.45(3),46,49–50: delayed EPF remittance incurs employer dividend and late-payment charges in addition to principal, with Board-determined rates/methods. Past/current directors, partners or association office bearers can be jointly liable for unpaid contributions, including dividend and charges. Board account credit and partial-payment allocation must be reconciled against receipts; s.50(3) permits Board credit of a deducted yet unpaid employee share without releasing the employer debt.","KWSP consolidated Act 452 ss.45–46,49–50 (https://www.kwsp.gov.my/en/others/resource-centre/references/epf-act-1991).",https://www.kwsp.gov.my/en/others/resource-centre/references/epf-act-1991,2026-09-29,,,EXTERNAL,"Inputs → output: Wage/payment month, statutory due date, paid/accepted dates, Board rate/assessment/waiver, responsible office holders and member statement → principal/dividend/late ledger, credited member accounts and recovery evidence. Legacy status: No [EXTERNAL 2026-09-29]. Evidence/open: no Board assessment/waiver, responsible-person history, partial-credit reconciliation or accepted settlement probe; liability arithmetic alone cannot prove member credit or discharge.",obligations:EPF_MONTHLY_CONTRIBUTION,,,
MY-SOCSO-01,MY,contribution,"Employment Injury and Invalidity schemes, First/Second Category, age/first-entry/membership and RM6,000 wage ceiling. Foreign workers, including expatriates and foreign domestic workers, have injury coverage from 2019 and Invalidity coverage from 1 July 2024; first contribution before age 55 versus first at/after 55 or continued work at 60 selects category.","PERKESO contribution schedules (https://www.perkeso.gov.my/en/contribution-rate/); foreign-worker coverage and rates (https://www.perkeso.gov.my/en/our-services/protection/foreign-worker); Employees' Social Security Act 1969 (Act 4, AGC updated text as at 1 October 2024, latest amendment A1724 (https://lom.agc.gov.my/ilims/upload/portal/akta/outputaktap/3226981_BI/Act%204%20(Online%202026).pdf); it omits A1788/2026, read alongside; PERKESO's own text as at 1 September 2022 omits both and is no longer cited), with base rates from the Act 4 Third Schedule; A1788 (https://www.perkeso.gov.my/images/akta/ACT%204/Act_A1788_-_EMPLOYEES_SOCIAL_SECURITY_AMENDMENT_ACT_2026.pdf), P.U.(B)195/2026 and 196/2026 (listed on the PERKESO Act index (https://www.perkeso.gov.my/en/about-us/source/act-regulation.html)), P.U.(A)205/2026 (https://www.perkeso.gov.my/images/akta/ACT%204/P.U.(A)/PUA_205_1_-_Peraturan-Peraturan_Keselamatan_Sosial_Pekerja_Kadar_Harian_Faedah_Minimum_Pindaan_2026.pdf) and P.U.(A)206/2026 (https://www.perkeso.gov.my/images/akta/ACT%204/P.U.(A)/PUA%20206-PERATURAN-PERATURAN_AM_KESELAMATAN_SOSIAL_PEKERJA_PINDAAN_2026.pdf), in force 1 June 2026.",https://www.perkeso.gov.my/en/contribution-rate/,2026-09-30,,,PARTIAL,Current source audit; full implementation unresolved: Actual scheme/table coverage exists. Full first-entry/age/category and foreign/domestic original registration/qualifying-history boundaries are not established by current coverage constants and existing golden citations alone. Historical verification evidence retained; no new probe.,statutory_contributions:SOCSO,"MY audit — SOCSO, EIS and SKBBK on the printed rows, the ceiling and the age and citizenship splits",MY-EPF-01-1; MY-EPF-01-2; MY-EPF-01-3; MY-EPF-01-4; MY-EPF-03-1; MY-EPF-01-7; MY-SOCSO-01-1; MY-REG-01-3; MY-EPF-03-3; MY-EIS-01-1; MY-EPF-01-5,2026-09-29
MY-EIS-01,MY,contribution,"Employment Insurance coverage, exclusions, age and first contribution, RM6,000 ceiling and both shares.","PERKESO contribution schedules (https://www.perkeso.gov.my/en/contribution-rate/); Employment Insurance System Act 2017 (Act 800; PERKESO's text is as at 1 September 2022, amended by A1657/2022 and A1725/2024, both listed on the PERKESO Act index (https://www.perkeso.gov.my/en/about-us/source/act-regulation.html)). The EIS (Amendment) Bill 2025 is tracked separately in `MY-EIS-02`.",https://www.perkeso.gov.my/en/contribution-rate/,2026-09-30,,,PARTIAL,Current source audit; full implementation unresolved: Ceiling/table/exclusion configuration exists. Exact first-contribution age/history and all prescribed exclusions/native qualification documentary branches remain incompletely audited; do not infer completeness from standard share proof. Historical verification evidence retained; no new probe.,statutory_contributions:EIS,${code} ${period}: EIS liability before 57 continues across a later employer,MY-EPF-01-2; MY-EPF-01-3; MY-EPF-01-4; MY-NAT-01-1; MY-EPF-03-1; MY-EPF-01-7; MY-SOCSO-01-1; MY-EIS-01-1; MY-REG-01-4,2026-09-29
MY-SKBBK-01,MY,contribution,SKBBK/LINDUNG 24 Jam non-work-accident scheme begins with June 2026 contribution month. The employee bears the scheduled share; the employer deducts/remits. From 8 July 2026 eligible citizen/PR employees may opt out through the prescribed release while noncitizens remain mandatory; 0.75% phase one increases in later phases.,"PERKESO SKBBK guide (https://www.perkeso.gov.my/skim-kemalangan-bukan-bencana-kerja-lindung-24-jam.html), foreign-worker rates (https://www.perkeso.gov.my/perkhidmatan-kami/perlindungan/pekerja-asing.html) and initial 2026 FAQ (https://www.perkeso.gov.my/images/lindung/lindung-24-jam/FAQ_Skim_LINDUNG_24_Jam300526.pdf); A1788 Third Schedule (https://www.perkeso.gov.my/images/akta/ACT%204/Act_A1788_-_EMPLOYEES_SOCIAL_SECURITY_AMENDMENT_ACT_2026.pdf) and P.U.(B)196/2026 (phases; every `SKBBK` authority in both profiles now leads with A1788 s.3/s.17 and P.U.(B)196, not the Act 4 text as at 1 September 2022); 13 July 2026 FAQ (https://www.perkeso.gov.my/images/lindung/lindung-24-jam/130726-FAQ_LINDUNG_24_JAM.pdf) for the opt-out window (`MY-SKBBK-04`).",https://www.perkeso.gov.my/skim-kemalangan-bukan-bencana-kerja-lindung-24-jam.html,2026-09-30,2026-06-01,,PARTIAL,Current source audit; full implementation unresolved: June2026/phase-rate configuration exists. Whole actual employee participation/withdrawal/designated-employer/foreign commencement and original employer deduction lifecycle remains beyond rate tables. Historical verification evidence retained; no new probe.,statutory_contributions:SKBBK,${code} — SKBBK Second and Third Phases follow Act A1788 Third Schedule Parts II and III,MY-SKBBK-04-1,2026-10-01
MY-SKBBK-02,MY,contribution,"From 1 June 2026 an employee with two or more simultaneous employers designates one employer for non-employment-injury contributions after PERKESO written notice; choice is due within 30 days, PERKESO assigns within 14 further days if none, and the worker reports cessation with the designated employer within seven days. This selection is only for the non-employment-injury component, not a blanket SOCSO/EIS/PCB exemption at other jobs.","Act A1788 s.4 inserting Act 4 s.9(3)–(4) (https://www.perkeso.gov.my/images/akta/ACT%204/Act_A1788_-_EMPLOYEES_SOCIAL_SECURITY_AMENDMENT_ACT_2026.pdf); P.U.(A)206/2026, reg.12B (https://www.perkeso.gov.my/images/akta/ACT%204/P.U.(A)/PUA%20206-PERATURAN-PERATURAN_AM_KESELAMATAN_SOSIAL_PEKERJA_PINDAAN_2026.pdf), effective 1 June 2026.",https://www.perkeso.gov.my/images/akta/ACT%204/Act_A1788_-_EMPLOYEES_SOCIAL_SECURITY_AMENDMENT_ACT_2026.pdf,2026-09-29,2026-06-01,,GAP,"Current source audit; full implementation unresolved: Actual simultaneous-employer identities, operative PERKESO-authorized designation interval, original payment history and prevention of duplicate coverage across contracts/employers are not implemented as one complete native designation workflow. Historical verification evidence retained; no new probe.",statutory_contributions:SKBBK,,,
MY-SKBBK-03,MY,filing,"PERKESO non-work-accident claims follow distinct Form 34/insured-person or dependant notice and evidence routes, including police report for covered travel accidents; employment-injury employer notice rules do not automatically apply. From 1 June 2026, minimum daily temporary/permanent-total-disablement benefit is RM30 for employment injury and RM18/RM24/RM30 for non-employment injury in phases 1/2/3. Benefits are insurer payments, not ordinary payroll wages.","P.U.(A)206/2026, rr.71–73A (https://www.perkeso.gov.my/images/akta/ACT%204/P.U.(A)/PUA%20206-PERATURAN-PERATURAN_AM_KESELAMATAN_SOSIAL_PEKERJA_PINDAAN_2026.pdf); P.U.(A)205/2026 (https://www.perkeso.gov.my/images/akta/ACT%204/P.U.(A)/PUA_205_1_-_Peraturan-Peraturan_Keselamatan_Sosial_Pekerja_Kadar_Harian_Faedah_Minimum_Pindaan_2026.pdf).",https://www.perkeso.gov.my/images/akta/ACT%204/P.U.(A)/PUA%20206-PERATURAN-PERATURAN_AM_KESELAMATAN_SOSIAL_PEKERJA_PINDAAN_2026.pdf,2026-09-29,2026-06-01,,EXTERNAL,"Inputs → output: Incident type/date/place, medical status, police/claim evidence, phase and PERKESO determination → claim/notices, correctly classified absence and separate benefit record. Legacy status: No [IN-SYSTEM 2026-09-29]. Evidence/open: no incident classification, claim submission/insurer-decision evidence or benefit/leave interaction proof; 2026 regulation changes were not previously mapped provision by provision.",obligations:SOCSO_ACCIDENT_REPORT,,,
MY-SS-ADMIN-01,MY,filing,"PERKESO/SOCSO/EIS worker and employer registration, monthly contribution, corrections, accident/benefit notices and settlement.",Employees' Social Security Act 1969 as amended by A1724/2024 and A1788/2026; Employment Insurance System Act 2017 as amended by A1657/2022 and A1725/2024 (PERKESO Act index (https://www.perkeso.gov.my/en/about-us/source/act-regulation.html)); PERKESO contribution/payment portal (https://www.perkeso.gov.my/en/contribution-payment/).,https://www.perkeso.gov.my/en/about-us/source/act-regulation.html,2026-09-29,,,EXTERNAL,"Inputs → output: Registration IDs, incident, wage month, submission/paid dates, official assessment → report and acceptance evidence. Legacy status: No [EXTERNAL 2026-09-29]. Evidence/open: separate liability from actual submission and benefits paid by insurer. | [Round 24 — 2026-09-29 (source repair and Part F total rounding; tests not run in this phase)] Act 4: the AGC updated text (https://lom.agc.gov.my/ilims/upload/portal/akta/outputaktap/3226981_BI/Act%204%20(Online%202026).pdf) reads ""As at 1 October 2024"", latest amendment A1724. It omits A1788, so A1788 is read alongside. It replaces PERKESO's text as at 1 September 2022 in `MY-SOCSO-01`, `MY-WAGEBASE-01` (s.2(24) re-read: same exclusions (a)–(f)) and three obligations in all 32 versions of `MY`: - `SOCSO_EIS_EMPLOYER_REGISTRATION` cites s.4. - `SOCSO_EIS_MONTHLY_CONTRIBUTION` cites ss.6 and 14A, adding A1788 s.3 for s.6. - `SOCSO_ACCIDENT_REPORT` cited ""Part IV"", which is Administration, Finance and Audit. That was a wrong transcription, fixed in place to ss.94(e) and 94A(3): an accident report required by the regulations. The 48-hour timing comes from the regulations, which were not re-read. - New golden: every version cites the text above, no version cites the 2022 PERKESO text or the HRD Corp mirror, and 17 versions per lineage list the AGC P.U.(A) 84/2021. | [Phase 2 2026-10-01] Duty types seeded in every active MY version (obligation ledger L1): SOCSO_EIS_EMPLOYEE_REGISTRATION (30 days from hire), SOCSO_EIS_MONTHLY_CONTRIBUTION; each instance carries its due day, amount and evidence (reference, paid/submitted day). Probe pending: the harness checks `saved` rows before any automation runs, so an obligation instance the daily obligation_calendar sweep raises cannot yet be pinned (harness H1 gap). Employer registration, accident reports and records are not duty types yet.",obligations:SOCSO_EIS_EMPLOYER_REGISTRATION; obligations:SOCSO_EIS_EMPLOYEE_REGISTRATION; obligations:SOCSO_EIS_MONTHLY_CONTRIBUTION; obligations:SOCSO_ACCIDENT_REPORT; obligations:PERKESO_RECORDS; duty_types:SOCSO_EIS_EMPLOYEE_REGISTRATION; duty_types:SOCSO_EIS_MONTHLY_CONTRIBUTION,,,
MY-PCB-01,MY,tax,"Monthly Tax Deduction on normal remuneration, projection, additional remuneration, resident/nonresident rates, five-sen upward rounding and RM10 minimum.","LHDN 2026 computerized specification, updated 1 January 2026 (https://www.hasil.gov.my/wp-content/uploads/spesifikasi-kaedah-pengiraan-berkomputer-pcb-2026.pdf) (moved from a `/media/` link that returned 404 on 28 September 2026); Income Tax Act 1967, AGC updated text as at 1 January 2026 (https://lom.agc.gov.my/ilims/upload/portal/akta/outputaktap/3345910_BI/Act%2053%20(Online%202026).pdf) s.107(2) (latest amendment Act 875; Finance Act 2025, Act 874, amends from 1 January 2026 or YA2026, with some provisions for YA2027/2028; Act 875 provisions partly commence 1 January 2027 or YA2027); Income Tax (Deduction from Remuneration) Rules 1994, P.U.(A)507/1994 as amended (LOM text not yet linked). Residence status is `MY-PCB-06`/`07`.",https://www.hasil.gov.my/wp-content/uploads/spesifikasi-kaedah-pengiraan-berkomputer-pcb-2026.pdf,2026-09-30,2026-01-01,,PARTIAL,"Current source audit; full implementation unresolved: Normal/additional remuneration and residence-based formula ladders exist. Whole original multi-period/backpay/residence/profile projection and every contribution-relief/rounding branch is not source-audited complete; historical tests remain evidence, not new scope closure. Historical verification evidence retained; no new probe.",statutory_contributions:PCB,"Malaysia — EPF, SOCSO, EIS, PCB and HRDF on the January 2026 law",MY-PCB-01-1; MY-PCB-01-2; MY-EPF-01-1; MY-EPF-01-2; MY-WAGEBASE-01-1; MY-EPF-03-2; MY-EA05-1; MY-EPF-01-6,2026-09-29
MY-PCB-02,MY,tax,"Tax reliefs, child classes, approved REP/knowledge-worker/C-suite profiles, zakat and TP1 declaration conditions. The 2026 TP1 explanatory note permits more than two claims during the year; employer retains the TP1 for seven years from claim and employee retains receipts/support for seven years from the claim year.","LHDN specification and TP1/TP3 index (https://www.hasil.gov.my/majikan/jadual-pcb-dan-spesifikasi-data/); TP1 2026 explanatory notes (https://www.hasil.gov.my/wp-content/uploads/nota-penerangan-tp1-2026.pdf) and TP1 2026 form (https://www.hasil.gov.my/wp-content/uploads/bm-borang-tp1-2026.pdf) (moved from `/media/`, 404 on 28 September 2026); Income Tax Act 1967 as at 1 January 2026 (https://lom.agc.gov.my/ilims/upload/portal/akta/outputaktap/3345910_BI/Act%2053%20(Online%202026).pdf); relevant incentive Orders, including P.U.(A)242/2023 rr.5(d),7 for the C-suite RM25,000 minimum basic salary and five-year rule.",https://www.hasil.gov.my/majikan/jadual-pcb-dan-spesifikasi-data/,2026-09-30,2026-01-01,,PARTIAL,Current source audit; full implementation unresolved: Relief/election classes exist. Every2026 TP1 documentary restriction and approved REP/knowledge-worker/C-suite acceptance/effective interval is not bound to actual original approval scope across payroll history. Historical verification evidence retained; no new probe.,statutory_contributions:PCB (TP1 claims); statutory_contributions:PCB.rules (child_claims.<class>.half weight 0.5); statutory_contributions:PCB.deduction_categories; statutory_contributions:PCB.child_claims_hint; obligations:TP1_TP3_DECLARATIONS,${code} — TP1 2026 limits change normal remuneration withholding,MY-PCB-02-1; MY-PCB-02-2,2026-09-29
MY-PCB-03,MY,tax,"TP3 previous-employer opening salary, EPF, zakat, PCB and relief history.",LHDN TP3 2026 form (https://www.hasil.gov.my/wp-content/uploads/bi-tp3-form-2026.pdf) (BM (https://www.hasil.gov.my/wp-content/uploads/bm-borang-tp3-2026.pdf)) and explanatory notes (https://www.hasil.gov.my/wp-content/uploads/bi-explanatory-notes-for-form-tp3-2026.pdf) (BM (https://www.hasil.gov.my/wp-content/uploads/nota-penerangan-tp3-2026.pdf)); the former `/media/` links returned 404 on 28 September 2026.,https://www.hasil.gov.my/wp-content/uploads/bi-tp3-form-2026.pdf,2026-09-30,2026-01-01,,PARTIAL,Current source audit; full implementation unresolved: TP3 opening capture exists. Complete prior-employer actual salary/EPF/zakat/PCB/relief component reconciliation and immutable consumed-source/duplicate suppression are not demonstrated for every whole-row opening branch. Historical verification evidence retained; no new probe.,statutory_contributions:PCB (TP3 opening); obligations:TP1_TP3_DECLARATIONS,Malaysia — a mid-year joiner’s PCB reads the previous employer’s TP3 as the year’s opening,MY-PCB-03-1; MY-PCB-03-2,2026-09-29
MY-PCB-04,MY,filing,"Remit PCB by next-month 15th; issue/submit CP22, CP22A/CP21, EA, E/CP8D and directed CP38 as applicable.","Dated deadlines are `MY-PCB-08`. ITA 1967 (Act 53) AGC text as at 1 January 2026 (https://lom.agc.gov.my/ilims/upload/portal/akta/outputaktap/3345910_BI/Act%2053%20(Online%202026).pdf) ss.82, 83(1)–(5), 83A, 107(1)–(4); LHDN employer responsibilities (https://www.hasil.gov.my/majikan/tanggungjawab-majikan/); PCB payment (https://www.hasil.gov.my/majikan/pembayaran-pcb/).",https://lom.agc.gov.my/ilims/upload/portal/akta/outputaktap/3345910_BI/Act%2053%20(Online%202026).pdf,2026-09-29,,,EXTERNAL,"Inputs → output: Join/exit/departure/tax clearance facts, paid withholding, official file and receipt → distinct deadline/filing/withholding evidence. Legacy status: No [EXTERNAL 2026-09-29]. Evidence/open: computed PCB does not prove accepted monthly and annual filings, withholding release or all employee certificates. | Former shared finding R23 (merged): `MY-PCB-04`, `MY-EA12`: departure/cessation tax-clearance hold is keyed to awareness and authority conditions, including events before actual exit. Legacy status: No [IN-SYSTEM 2026-09-29]. Open: Automatic hold currently keys exit date; notification exemptions, awareness date, non-exit departure and release of all monies need proof against LHDN clearance instructions. | [Round 5 — 2026-09-28] Primary text read: ITA 1967 AGC online updated text as at 1 January 2026 (latest amendment Act 875) ss.82, 83(1)–(6), 83A, 107(1)–(5). Every provision the seed cites exists there with the timing the seed records. | [Round 5 — 2026-09-28] Fixed in place (citation, all 32 sealed versions of `MY`): the eight ITA employer-duty obligations (`TAX_RECORDS_RETENTION`, `FORM_E_CP8D`, `EA_FORM`, `CP22_NEW_EMPLOYEE`, `CP22A_CESSATION_AND_WITHHOLDING`, `CP21_LEAVING_MALAYSIA`, `CP58_INCENTIVE_STATEMENT`, `PCB_REMITTANCE`) cited the AGC reprint incorporating amendments up to 1 January 2006 (256 citations per profile). They now cite the 1 January 2026 text, which `sources.urls` already listed (`MY-PCB-04`). No figure changes. | [Round 5 — 2026-09-28] New golden: each of those obligations, in every version of both profiles, cites the 2026 text at its section, and no version cites the 2006 reprint. | [Phase 2 2026-10-01] Duty types seeded in every active MY version (obligation ledger L1): PCB_REMITTANCE (15th of the next month, amount PCB payable, kept 7 years), CP22_NEW_EMPLOYEE (30 days from hire), CP22A_CESSATION_AND_WITHHOLDING (30 days before a RETIREMENT exit), CP21_LEAVING_MALAYSIA (30 days before an exit with leaving_malaysia), EA_FORM, FORM_E_CP8D; each instance carries its due day, amount and evidence (reference, paid/submitted day). Probe pending: the harness checks `saved` rows before any automation runs, so an obligation instance the daily obligation_calendar sweep raises cannot yet be pinned (harness H1 gap). Directed CP38 instalments and the death branch of CP22A are not duty types yet.",obligations:PCB_REMITTANCE; obligations:CP22_NEW_EMPLOYEE; obligations:CP22A_CESSATION_AND_WITHHOLDING; obligations:CP21_LEAVING_MALAYSIA; obligations:EA_FORM; payroll.tax_clearance; duty_types:PCB_REMITTANCE; duty_types:CP22_NEW_EMPLOYEE; duty_types:CP22A_CESSATION_AND_WITHHOLDING; duty_types:CP21_LEAVING_MALAYSIA,,,
MY-HRD-01,MY,levy,"Act 612 First Schedule industry/employer class, Malaysian-citizen headcount and part-time/domestic exclusions; mandatory and optional registration.","Act 612 (https://lom.agc.gov.my/ilims/upload/portal/akta/LOM/EN/Act%20612%20-%20Reprint%202017.pdf), ss.2,13–15; 2021 First Schedule (https://lom.agc.gov.my/ilims/upload/portal/akta/outputp/pua_20210226_PUA84.pdf).",https://lom.agc.gov.my/ilims/upload/portal/akta/LOM/EN/Act%20612%20-%20Reprint%202017.pdf,2026-09-30,2021-03-01,,PARTIAL,Current source audit; full implementation unresolved: Industry/class/citizen headcount and registration standing configuration exists. Whole optional/mandatory class transitions and exclusions/actual source identity are not wholly audited; registration is not automatic exemption. Historical verification evidence retained; no new probe.,statutory_contributions:HRDF; obligations:HRD_REGISTRATION,MY audit — only declared Malaysian citizens enter HRD headcount in both lineages,MY-HRD-01-1; MY-EPF-03-1; MY-HRD-01-2; MY-HRD-01-3; MY-HRD-01-4,2026-09-29
MY-HRD-02,MY,levy,"Levy 1% or eligible 0.5%, temporary rate history, 2026 scheduled-education exemption and late interest.",Act 612 ss.14–19; P.U.(A)13/2026 (https://lom.agc.gov.my/ilims/upload/portal/akta/outputp/3268260/PUA%2013%20(2026).pdf).,https://lom.agc.gov.my/ilims/upload/portal/akta/outputp/3268260/PUA%2013%20(2026).pdf,2026-09-30,,,PARTIAL,Current source audit; full implementation unresolved: Rate history and scheduled-education2026 exemption configuration exists. Whole late-interest and actual class transition/exemption source/payment lifecycle remains incomplete. Historical verification evidence retained; no new probe.,statutory_contributions:HRDF; obligations:HRD_LEVY_MONTHLY; duty_types:HRD_LEVY_MONTHLY,MY audit — HRD levy bands at 4/5 and 9/10 Malaysian employees,MY-HRD-02-1; MY-HRD-01-1; MY-HRD11-1; MY-HRDA06-2,2026-09-29
MY-RET-01,MY,other,"Act 753 sets the minimum retirement age at 60 throughout Malaysia, subject to its Schedule/exemption Orders and optional employee retirement. A premature-retirement order may require reinstatement plus wage arrears or compensation capped at wages through minimum retirement age; ordered wages use the applicable territory wage definition or contract rate.","Minimum Retirement Age Act 2012, Act 753 (https://jtksm.mohr.gov.my/sites/default/files/2023-03/6.%20Minimum%20Retirement%20Age%20Act%202012.pdf), 2016 Schedule amendment (https://jtksm.mohr.gov.my/sites/default/files/2023-03/27.%20P.U.%20%28A%29%202016_249%20Perintah%20Umur%20Persaraan%20Minimum%20%28Pindaan%20Jadual%29%202016%20.pdf), Gazetted exemptions index (https://jtksm.mohr.gov.my/en/acts/list-gazetted).",https://jtksm.mohr.gov.my/sites/default/files/2023-03/6.%20Minimum%20Retirement%20Age%20Act%202012.pdf,2026-09-29,,,GAP,"Current source audit; full implementation unresolved: Actual age60 floor, Schedule/exemption facts and contractual retirement date checks are integrated. All Act753 optional retirement/void-term/DG-court remedy/compensation and award/tax source branches are not implemented as a complete workflow. Historical verification evidence retained; no new probe.",,,,
MY-LEVY-01,MY,levy,"Employer foreign-worker levies, passes and sector/state rules. The Immigration Department states that the employer bears the levy and fees under VP(TE) (Employer Mandatory Commitment from 1 January 2018); no route treats it as an employee cost. A wage deduction for it would need its own EA s.24 basis (s.24(4) Director General approval) and is not assumed. Rates are `MY-LEVY-02`/`03`.",Immigration Act 1959/63 and applicable Immigration Regulations/annual official fee schedule; Immigration Department foreign-worker page (https://www.imi.gov.my/index.php/en/main-services/foreign-worker/); Sabah local permit guidance (https://www.jtksabah.gov.my/utama/en/perkhidmatan-kami/pengurusan-pekerja-bukan-pemastautin/).,https://www.imi.gov.my/index.php/en/main-services/foreign-worker/,2026-09-29,2018-01-01,,EXTERNAL,"Inputs → output: Worker pass/nationality, sector/worksite, quota, billing period → employer charge/receipt. Legacy status: No [SOURCE 2026-09-29]. Evidence/open: current generic obligation cannot certify all rates, state permission, payment or wage-deduction legality; the Employer Mandatory Commitment instrument has not been located. | Former shared finding R26 (merged): `MY-LEVY-01`, `MY-SBH-12`, `MY-SWK-12`: employer immigration/foreign-worker levy by sector, pass, state and date. Legacy status: No [IN-SYSTEM 2026-09-29]. Open: Liability amount and legal rate/waiver source are not calculated; separate Sabah/Sarawak permits, payment and prohibition on unapproved employee recovery remain. | [Sources replaced or corrected in place] `MY-LEVY-01`: removed ""not an employee wage deduction by default"". The levy is employer-borne under VP(TE). A deduction is not assumed lawful or unlawful on EA s.24 alone, because s.24(4) allows Director General approval.",obligations:FOREIGN_WORKER_LEVY,,,
MY-GIG-01,MY,other,"Classification boundary, nationwide from 31 March 2026: Act 872 gig service agreements exclude the employee contracts under Act 265, Sabah Cap.67, Sarawak Cap.76, Act 514 and Act 177. A true gig worker is a citizen/PR under a platform or scheduled non-platform service agreement. If the organisation is also a gig contracting entity, separate income terms, lawful deductions, income slips, grievance/tribunal, safety and social-security duties apply; P.U.(A)143/2026 prescribes a 1.25% contribution deduction and platform notification within three days.","Act 872 ss.2–3, 8–16, 81–84 (https://jtksm.mohr.gov.my/sites/default/files/2026-01/Akta%20872%20-%20AKTA%20PEKERJA%20GIG%202025.pdf); P.U.(B)122/2026 commencement (https://dosh.gov.my/wp-content/uploads/2026/04/Penetapan-Tarikh-Permulaan-Kuat-Kuasa-Akta-Pekerja-Gig-2025-P.U.-B122_2026.pdf); P.U.(A)143/2026 (https://www.jtksabah.gov.my/utama/wp-content/uploads/2026/04/PUA143_2026.pdf).",https://jtksm.mohr.gov.my/sites/default/files/2026-01/Akta%20872%20-%20AKTA%20PEKERJA%20GIG%202025.pdf,2026-09-29,2026-03-31,,GAP,Current source audit; full implementation unresolved: Employee payroll model does not implement Act872 gig agreement/service payer classification and legally distinct money/payment workflow. An INTERN/contractor label is insufficient. Historical verification evidence retained; no new probe.,,,,
MY-INJURY-01,MY,other,"Work injury compensation, employer medical/wage continuation and insurer/PERKESO interaction.",Employees' Social Security Act 1969; Sabah Labour Department legislation index (https://www.jtksabah.gov.my/utama/sumber/akta/) lists Workmen's Compensation Act 1952.,https://www.jtksabah.gov.my/utama/sumber/akta/,2026-09-29,,,GAP,"Current source audit; full implementation unresolved: Leave/ordinary wage support is not a complete native work-injury continuation, insurer/PERKESO award allocation and double-recovery prevention workflow. Historical verification evidence retained; no new probe.",,,,
MY-ACCOM-01,MY,wages,"Peninsular/Labuan Act 446 accommodation: a current accommodation certificate, contractual charge and any written variation gate rent deductions. Maximum charge is RM100 per employee per month through February 2026 and RM150 from 1 March 2026; free accommodation and uncertified premises cannot be charged. This is a separate legal route from a housing-loan repayment.","JTKSM Act 446 FAQ (https://jtksm.mohr.gov.my/ms/soalan-lazim/perumahan-penginapan-dan-kemudahan-pekerja), Act 446 and subsidiary index (https://jtksm.mohr.gov.my/en/services/employees-housing-accommodations-and-amenities/acts-guidelines), P.U.(A)249/2020 and P.U.(A)49/2026.",https://jtksm.mohr.gov.my/ms/soalan-lazim/perumahan-penginapan-dan-kemudahan-pekerja,2026-10-02,,,PARTIAL,"Current source audit; full implementation unresolved: Certificate,dated rent month,contract/written variation/free/estate and100→150 cap source route is integrated. Whole Act446 commencement/covered accommodation/conditional permission source boundary remains explicitly unresolved; do not extend to East PartIVA automatically. Historical verification evidence retained; no new probe.",adhoc_catalogue:ACCOMMODATION_RENT; payroll.deduction_ceiling,"MY Act446 — ${month} rent ceiling RM${allowed} leaves gross RM3000 and reduces net by RM${allowed}; MY Act446 — lower contract, free accommodation, certificate, estate and prior-written-variation gates; MY Act446 — repeated pending rent shares one monthly RM150 ceiling; MY Act446 — captured rent consumes the month, reversal releases only the actual RM100 before replacement",MY-ACCOM-01-1; MY-ACCOM-01-2,2026-10-02
MY-ACCOM-02,MY,other,"Peninsular/Labuan accommodation provision, occupancy/certification, estate housing and foreign-worker housing duties are distinct from payroll deduction. Act 446 does not extend to Sabah/Sarawak; East Part IVA commencement remains separate.","JTKSM Act 446 FAQ (https://jtksm.mohr.gov.my/ms/soalan-lazim/perumahan-penginapan-dan-kemudahan-pekerja), Act 446 reprint (https://jtksm.mohr.gov.my/sites/default/files/2023-03/2.%20Employees%20Minimum%20Standards%20of%20Housing%2C%20Accomodations%20and%20emenities%20Act%201990.pdf), P.U.(A)81/2021 (https://jtksm.mohr.gov.my/sites/default/files/2024-01/15.%20Peraturan%20Standard%20Minimum%20Perumahan%20dan%20Kemudahan%20Pekerja%20%28Pekerja%20Yang%20Dikehendaki%20untuk%20Disediakan%20Penginapan%29%202021.pdf).",https://jtksm.mohr.gov.my/ms/soalan-lazim/perumahan-penginapan-dan-kemudahan-pekerja,2026-09-29,,,EXTERNAL,"Inputs → output: Accommodation provider and worksite, prescribed foreign pass, certificate, occupancy and notices → duty/filing/receipt, any employer cost and lawful employee charge. Legacy status: No [SOURCE 2026-09-29]. Evidence/open: no complete Act 446 provision/regulation disposition, certificate or occupancy evidence; do not export its rates to East Malaysia.",,,,
MY-REG-01,MY,contribution,"A missing administrative registration is not, by itself, an exemption from a mandatory EPF, SOCSO, EIS, HRD or PCB liability; legal worker/employer coverage and registration status are separate predicates.","EPF employer responsibilities (https://www.kwsp.gov.my/en/employer/responsibilities/mandatory-contribution), PERKESO employer contribution (https://www.perkeso.gov.my/en/contribution-rate/), Act 612 ss.13–15 (https://lom.agc.gov.my/ilims/upload/portal/akta/LOM/EN/Act%20612%20-%20Reprint%202017.pdf), LHDN employer responsibilities (https://www.hasil.gov.my/majikan/tanggungjawab-majikan/).",https://www.kwsp.gov.my/en/employer/responsibilities/mandatory-contribution,2026-09-30,,,PARTIAL,Current source audit; full implementation unresolved: Mandatory contribution missing-registration assessment/refusal guards exist. Every actual scheme-specific exemption and original registration-resolution route has not been reconciled as a whole row. Historical verification evidence retained; no new probe.,"statutory_contributions:EPF,EPF_PR,EPF_NON_CITIZEN,PCB,HRDF.unregistered_action=ASSESS; statutory_contributions:SOCSO,EIS,SKBBK.unregistered_action=REFUSE",Malaysia — a non-citizen is Part F whatever the registration says (EPF Act Third Schedule),MY-REG-01-1; MY-REG-01-2; MY-REG-01-3; MY-HRD-01-2; MY-REG-01-4,2026-09-29
MY-OSH-01,MY,other,"Occupational safety duties, risk assessment, accident/dangerous-occurrence/occupational-disease notices and approved worker safeguards can affect work eligibility, paid absence and employer charges; they are distinct from payslip calculation.","Act 514, AGC updated text as at 1 June 2024 (https://dosh.gov.my/wp-content/uploads/2025/03/Act-514-Reprint-Version-1.6.2024_English.pdf) (latest amendment A1648, in force 1 June 2024; not an authentic reprint; the former `www.dosh.gov.my` path returned 404 on 28 September 2026) and its download page (https://dosh.gov.my/en/sdm_downloads/occupational-safety-and-health-act-1994-act-514_reprint-version-1-6-2024/); DOSH public legislation index (https://dosh.gov.my/en/perundangan/akta/akta-2/) (replaces an `intranet.dosh.gov.my` link).",https://dosh.gov.my/wp-content/uploads/2025/03/Act-514-Reprint-Version-1.6.2024_English.pdf,2026-09-29,2024-06-01,,EXTERNAL,"Inputs → output: Workplace, hazard/incident, injury/medical status, legal notice date and insurer/authority determination → report, permitted work, paid absence/benefit classification and evidence. Legacy status: No [IN-SYSTEM 2026-09-29]. Evidence/open: No provision-by-provision Act 514/regulation and territory/sector review, incident input mapping or filed-notice proof. Wage continuation must be reconciled with SOCSO/Workmen's Compensation and territory law. | [Sources replaced or corrected in place] DOSH: the Act 514 link moved to the bare dosh.gov.my host (the www path is 404; the 2025/01 upload is a redirect loop), and the regulations link now uses the public index, not intranet.dosh.gov.my.",obligations:SOCSO_ACCIDENT_REPORT,,,
MY-IR-01,MY,severance,"Collective agreements, lawful industrial-relations decisions, dismissal representations and reinstatement/back-pay awards can override or add to ordinary contractual separation amounts.","Industrial Relations Act 1967 and amendments, JPPM (https://jpp.mohr.gov.my/en/sources-acts-regulations-guidelines/); JPPM services (https://jpp.mohr.gov.my/en/soalan-lazim-ems/).",https://jpp.mohr.gov.my/en/sources-acts-regulations-guidelines/,2026-09-29,,,EXTERNAL,"Inputs → output: Union/agreement and effective period, dismissal decision, filed claim/order, past wages and payments → applicable enhanced award, ordered recovery and settlement. Legacy status: No [IN-SYSTEM 2026-09-29]. Evidence/open: No agreement/order input and award/offset mechanism has been proven; do not infer unlawful dismissal or a numeric award from an exit label.",adhoc_catalogue:BACKPAY_ADD_WAGES,,,
MY-RETRENCH-01,MY,filing,"Peninsular/Labuan closure, retrenchment, VSS, lay-off and pay-cut notification uses Borang PK: Parts I–IV at least 30 days before action, Part V within 14 days, Part VI within 30 days for applicable retrenchment/separation. This is separate from paying the termination benefit.","JTKSM official procedure (https://jtksm.mohr.gov.my/en/services/employees-retrenchment), Borang PK (https://jtksm.mohr.gov.my/sites/default/files/2023-06/borang_pk_0.pdf), EA s.63 and P.U.(B)430/2004.",https://jtksm.mohr.gov.my/en/services/employees-retrenchment,2026-09-29,,,EXTERNAL,"Inputs → output: Action kind/date, site/employer, affected workers, each part and Department receipt → timely report/acceptance; preserve any order. Legacy status: No [EXTERNAL 2026-09-29]. Evidence/open: No complete event-to-form/receipt proof; disciplinary dismissal is not automatically a reportable redundancy, and East territories have separate notices.",obligations:RETRENCHMENT_NOTIFICATION,,,
MY-CHILD-01,MY,hours,"Act 350 s.1(2) applies to Peninsular Malaysia only; child and young-person restrictions vary by age, permissible work, hours, night/rest and licence. Section 13 bars recovery of EA s.13 notice indemnity from a child/young person. An employed student still needs the ordinary wage-floor analysis where covered; Labuan extension is unproved.","Children and Young Persons (Employment) Act 1966, Act 350, reprint at 1 October 2019 (https://jtksm.mohr.gov.my/sites/default/files/2023-03/5.%20Children%20and%20Young%20Persons%20%28Employment%29%20Act%201966_0.pdf); JTKSM functions (https://jtksm.mohr.gov.my/en/corporate-profile/profile/jtksm-function).",https://jtksm.mohr.gov.my/sites/default/files/2023-03/5.%20Children%20and%20Young%20Persons%20%28Employment%29%20Act%201966_0.pdf,2026-09-29,,,GAP,Current source audit; full implementation unresolved: Act350 employer/work/age/night/rest/source permission admission is not a complete Peninsular-only native child/young-person scheduling and worked-date permission workflow. Historical verification evidence retained; no new probe.,,,,
MY-ACT796-01,MY,filing,"Employment (Restriction) Act 1968, revised as Act 796 in 2017 (superseding old Act 353 numbering), applies throughout Malaysia. Scheduled noncitizen employment requires a permit before work; s.8 requires particulars before employment and s.9 requires written cessation notice within 14 days, including when a permit is cancelled/suspended/refused renewal. Sabah/Sarawak local licences remain additional territory decisions.","Employment (Restriction) Act 1968, revised Act 796 (https://jtksm.mohr.gov.my/sites/default/files/2023-03/8.%20Employment%20%28Restriction%29%20Act%201968.pdf); JTKSM Acts remit (https://jtksm.mohr.gov.my/en/corporate-profile/profile/jtksm-function).",https://jtksm.mohr.gov.my/sites/default/files/2023-03/8.%20Employment%20%28Restriction%29%20Act%201968.pdf,2026-09-29,,,EXTERNAL,"Inputs → output: Nationality, permit/licence, role/site and effective dates → lawful employment gate, notice and employer cost. Legacy status: No [SOURCE 2026-09-29]. Evidence/open: Act 796 permit categories/exemptions, national versus state permit interaction, and actual worker notices have not been reconciled to saved facts; do not rely on obsolete Act 353 numbering.",obligations:WORK_AUTHORISATION_EMPLOYMENT_RECORDS; obligations:FOREIGN_EMPLOYEE_TERMINATION_NOTICE,,,
MY-ACT159-01,MY,filing,"Employment Information Act 1953 applies in Peninsular Malaysia, Sabah and Sarawak. On an authorized officer's written notice, s.3 requires a signed statement of headcount, age/sex, contracts, scheduled/actual hours, leave/holidays/rest, occupation, wage structure, earnings including allowances/OT/bonus/in-kind pay and other specified facts within 42 days, unless the officer extends it.","Act 159 official JTKSM reprint (https://jtksm.mohr.gov.my/sites/default/files/2023-03/9.%20Employment%20Information%20Act%201953.pdf), ss.1–4.",https://jtksm.mohr.gov.my/sites/default/files/2023-03/9.%20Employment%20Information%20Act%201953.pdf,2026-09-29,,,EXTERNAL,"Inputs → output: Employer/site, notice date/format, dated people/terms/time/earnings, approved extension and submission receipt → prescribed return and deadline status. Legacy status: No [EXTERNAL 2026-09-29]. Evidence/open: The s.3 notice/return and 42-day receipt path are not mapped to saved evidence; later amendment currency and officer-prescribed fields need checking. It is notice-triggered, not a universal monthly form.",,,,
MY-ACT220-01,MY,rest_holiday,"Weekly Holidays Act 1950 s.1 applies to Peninsular Malaysia only; shops, restaurants and theatres have establishment/worker scope, weekly closing/rest and possible additional half-day/five annual closing-day obligations separate from EA rest-day pay. Section 6 grants a whole-day weekly holiday to covered shop/restaurant/theatre employees, except a worker who works both fewer than six days and fewer than 40 hours that week.","Weekly Holidays Act 1950, Act 220 (https://jtksm.mohr.gov.my/sites/default/files/2023-03/12.%20Weekly%20Holidays%20Act%201950.pdf).",https://jtksm.mohr.gov.my/sites/default/files/2023-03/12.%20Weekly%20Holidays%20Act%201950.pdf,2026-09-29,,,GAP,"Current source audit; full implementation unresolved: No complete Act220 establishment/worker class,weekly closure/exemption and original licence/closure scheduling consumer. General rest-day payroll is insufficient. Historical verification evidence retained; no new probe.",,,,
MY-ACT369-01,MY,rest_holiday,"Holidays Act 1951 governs Peninsular gazetted holidays and is separately extended/modified for Labuan; Sabah Cap.56 and Sarawak Cap.8 are separate state holiday laws, addressed in `MY-SBH-HOL-*` and `MY-SWK-HOL-*`. A Gazette date, employer-selected entitlement, rest-day substitution and premium are distinct decisions.",Federal Cabinet official acts/Gazette index identifying all three laws (https://www.kabinet.gov.my/akta-dan-warta/); Labuan holiday notification invoking P.U.(A)511/2005 (https://jtksm.mohr.gov.my/sites/default/files/2023-03/16.%20P.U.%20%28B%29%202013_472%20Pemberitahuan%20di%20bawah%20Subseksyen%209%282%29%20Akta%20Hari%20Kelepasan%201952.pdf); JTKSM gazetted instruments index (https://jtksm.mohr.gov.my/en/acts/list-gazetted).,https://www.kabinet.gov.my/akta-dan-warta/,2026-09-29,,,PARTIAL,Current source audit; full implementation unresolved: Territorial holiday identities/source calendars are integrated. Full national versus Labuan extension and Sabah/Sarawak separate scheduled/special notification/calendar lifecycle remains outside this umbrella full audit. Historical verification evidence retained; no new probe.,jurisdiction_holidays; work_rules.holiday_rest_precedence; obligations:PUBLIC_HOLIDAY_NOTICE,,,
MY-PEN-HOL-01,MY,rest_holiday,"Peninsular P.U.(B)111/2026 (https://www.kabinet.gov.my/storage/2026/03/PUB-111_2026.pdf), made under Act 369 s.8, appoints an additional 20 March 2026 holiday if Hari Raya falls on 21 March, or 23 March if it falls on 20 March. EA s.60D(1)(b) makes s.8 appointed holidays a paid entitlement separate from the employer's eleven chosen/compulsory days under s.60D(1)(a); rest-day/holiday collision then needs s.60D substitution and worked-day pay.","P.U.(B)111/2026 (https://www.kabinet.gov.my/storage/2026/03/PUB-111_2026.pdf); Employment Act 1955 s.60D(1), reprint as at 1 August 2023 (https://lom.agc.gov.my/ilims/upload/portal/akta/outputaktap/1744567_BI/Reprint%20Act%20265%20(Final).pdf) (replaces the JTKSM updated text as at 1 January 2023, which is not an authentic text).",https://www.kabinet.gov.my/storage/2026/03/PUB-111_2026.pdf,2026-09-29,2026-03-20,2026-03-23,PARTIAL,Current source audit; full implementation unresolved: Named additional2026 holiday source and ordinary holiday pay exist. Whole conditional HariRaya date/substitution/worker-pay branch source audit remains incomplete; retain historical valid proof. Historical verification evidence retained; no new probe.,jurisdiction_holidays; work_rules.holiday_rest_precedence=PUBLIC_HOLIDAY,,MY-PEN-HOL-01-1,2026-10-01
MY-LAB-HOL-01,MY,rest_holiday,"Labuan required its own Act 369 notice under the 2005 extension: P.U.(B)112/2026 (https://www.kabinet.gov.my/storage/2026/03/PUB-112_2026.pdf) separately appoints 20 March if Raya is 21 March, or 23 March if Raya is 20 March. The matching Peninsular P.U.(B)111 alone does not establish Labuan's date. Paid entitlement and substitution follow EA s.60D as extended/modified for Labuan.","P.U.(B)112/2026 (https://www.kabinet.gov.my/storage/2026/03/PUB-112_2026.pdf); P.U.(A)400/2000 Employment Act extension (https://jtksm.mohr.gov.my/sites/default/files/2023-03/9.%20FEDERAL%20TERRITORY%20OF%20LABUAN%20%28EXTENSION%20AND%20MODIFICATION%20OF%20EMPLOYMENT%20ACT%29%20ORDER%202000_0.pdf); EA s.60D, reprint as at 1 August 2023 (https://lom.agc.gov.my/ilims/upload/portal/akta/outputaktap/1744567_BI/Reprint%20Act%20265%20(Final).pdf).",https://www.kabinet.gov.my/storage/2026/03/PUB-112_2026.pdf,2026-09-29,2026-03-20,2026-03-23,GAP,Current source audit; full implementation unresolved: Distinct Labuan gazette source is required; no full source-audited actual PUA112 conditional appointed-day and Labuan modified holiday/overlap/pay branch binding. Historical verification evidence retained; no new probe.,jurisdiction_holidays,,,
MY-HOL-2027-01,MY,rest_holiday,"Provisional. The Prime Minister's Department 2027 federal public holiday schedule lists Chinese New Year 6–7 February (Sat/Sun), Hari Raya Puasa 10–11 March*, Labour Day 1 May (Sat), Hari Raya Qurban 17–18 May*, Wesak 20 May, Awal Muharam 6 June (Sun), the Agong's Birthday 7 June, Maulidur Rasul 15 August (Sun), National Day 31 August, Malaysia Day 16 September, Deepavali 28 October* and Christmas 25 December (Sat), among others (* subject to change). Several fall on rest days, so EA s.60D substitution applies. This is an administrative schedule, not the Act 369 s.8/s.9 Gazette; Peninsular and Labuan P.U.(B) notices and the Sabah and Sarawak lists are still to be gazetted.",Jadual Hari Kelepasan Am Persekutuan 2027 (JPM) (https://www.kabinet.gov.my/storage/2026/08/HKA_2027.pdf); Holidays Act 1951 ss.8–9; Cabinet Akta dan Warta index (https://www.kabinet.gov.my/akta-dan-warta/) (no 2027 P.U.(B) yet).,https://www.kabinet.gov.my/storage/2026/08/HKA_2027.pdf,2026-09-29,2027-01-01,,AWAITING-LAW,"AWAITING-LAW: the JPM 2027 schedule is administrative; no Holidays Act s.8/s.9 P.U.(B) for 2027 is gazetted. | Inputs → output: Territory, 2027 Gazette versions, rest roster, employer selection → paid holidays, substitutes and premium from January 2027. Legacy status: No [SOURCE 2026-09-29]. Evidence/open: rechecked 28 September 2026: the Cabinet Akta dan Warta index lists P.U.(B) 305/306 of 2025 (15 August 2025, the 2026 Peninsular/Labuan holidays) and P.U.(B) 111/112 of 2026 as the latest notices; no 2027 Holidays Act s.8/s.9 P.U.(B) is published. The JPM schedule is administrative, so no 2027 interval is sealed. | [Round 12 — 2026-09-29 (minimum-wage scope and SKBBK source check; no tests in this phase)] Rechecked the Cabinet Holidays Act Gazette index (https://www.kabinet.gov.my/akta-dan-warta/): it still lists 2026 notices as the latest annual notices, so `MY-HOL-2027-01` remains provisional; no 2027 holiday seed was added.",jurisdiction_holidays,,,
MY-ACT246-01,MY,other,Private Employment Agencies Act 1981 adds licence and recruitment duties where the employing entity itself conducts a covered private agency activity.,JTKSM statutory remit identifies Act 246 (https://jtksm.mohr.gov.my/en/corporate-profile/profile/jtksm-function).,https://jtksm.mohr.gov.my/en/corporate-profile/profile/jtksm-function,2026-09-29,,,EXTERNAL,"Inputs → output: Employer legal activity/licence, recruitment transaction, worker payment → permitted fee/cost, reports and no unlawful employee deduction. Legacy status: No [SOURCE 2026-09-29]. Evidence/open: Principal/subsidiary scope and actual entity activity are not reviewed; no universal agency fee is assumed for every employer.",,,,
MY-ACT670-01,MY,other,"Anti-trafficking and forced-labour protections constrain recruitment costs, wages, documents and work even where a signed payroll deduction exists.","JTKSM statutory remit identifies Act 670 (https://jtksm.mohr.gov.my/en/corporate-profile/profile/jtksm-function); Employment Act 1955 s.90B forced labour, reprint as at 1 August 2023 (https://lom.agc.gov.my/ilims/upload/portal/akta/outputaktap/1744567_BI/Reprint%20Act%20265%20(Final).pdf).",https://jtksm.mohr.gov.my/en/corporate-profile/profile/jtksm-function,2026-09-29,,,EXTERNAL,"Inputs → output: Recruitment/placement agreement, worker consent/coercion, pass/document custody, actual fees and orders → lawful payment/recovery and escalation. Legacy status: No [SOURCE 2026-09-29]. Evidence/open: Statutory scope and case-specific findings not yet mapped; a contract signature alone cannot prove lawful wage deductions.",,,,
MY-EIS-02,MY,filing,"Open future amendment. The Employment Insurance System (Amendment) Bill 2025, D.R.33/2025 (first reading 4 November 2025; passed by the Dewan Rakyat 2 December 2025; Dewan Negara amendments 12 March 2026, agreed by the Dewan Rakyat 30 June 2026), adds an employer duty to notify PERKESO of job vacancies, with a compliance notice before any compound and progressive fines of RM1,000, RM3,000 and up to RM5,000 (reduced from RM10,000). No Royal Assent, Act number or commencement P.U.(B) is on file; a reported 1 October 2026 commencement and the s.45F(4) numbering are not verified from a primary source, so the row carries no effective date. Whether it also changes contribution, coverage or age terms is unknown.","Parliament of Malaysia Dewan Rakyat bills list on parlimen.gov.my, D.R.33/2025 (exact page URL not recorded); PERKESO Act index (https://www.perkeso.gov.my/en/about-us/source/act-regulation.html) (still lists only Act 800, A1657 and A1725). Bernama, 30 June 2026 (https://www.bernama.com/en/news.php?id=2575067), is secondary and records only the fines and concurrence.",https://www.perkeso.gov.my/en/about-us/source/act-regulation.html,2026-09-29,,,AWAITING-LAW,"AWAITING-LAW: bill passed both Houses; no Royal Assent, Act number or commencement P.U.(B). The Parliament bill page URL was not recorded; the PERKESO Act index is the official index checked. | Inputs → output: Vacancy existence/date, PERKESO notification and compliance-notice dates, and the commencement date once gazetted → notification duty and exposure evidence. Legacy status: No [SOURCE 2026-09-29]. Evidence/open: unresolved legal text: no enacted text, Act number, Royal Assent or commencement notice. No vacancy input or notification evidence. Merges review findings MY0-S3 and MY0-L11. | [Blocked or unverified] EIS Amendment: no Royal Assent, Act number or commencement notice was found.",,,,
MY-SKBBK-04,MY,contribution,"SKBBK/LINDUNG 24 Jam participation branches. Local (citizen/PR) workers could release themselves from 13 July to 31 August 2026 and are deemed participants if they did not; once in, they keep contributing (""sekali layak terus layak""). June 2026 contributions were mandatory and cannot be refunded, and an employer that missed them deducts the June arrears for participants. A new local hire has 30 days from registration to opt out. Foreign workers remain mandatory. No age limit. Employee-borne rate 0.75% (1 June 2026–31 May 2028), 1.00% (to 31 May 2031) and 1.25% from 1 June 2031, on the Act 4 s.2(24) wage up to RM6,000, excluding annual bonus. PERKESO now publishes an opt-out-to-opt-in participation update form; its dated acceptance and payroll-month effect remain unverified.","PERKESO LINDUNG 24 Jam FAQ, 13 July 2026, Q4, Q6–8, Q13–24 (https://www.perkeso.gov.my/images/lindung/lindung-24-jam/130726-FAQ_LINDUNG_24_JAM.pdf); A1788 Third Schedule (https://www.perkeso.gov.my/images/akta/ACT%204/Act_A1788_-_EMPLOYEES_SOCIAL_SECURITY_AMENDMENT_ACT_2026.pdf); Cabinet decision 8 July 2026 (instrument not located); PERKESO participation update form (https://perkeso.gov.my/images/lindung/lindung-24-jam/penyertaan.pdf) (opt-out to opt-in, current site).",https://www.perkeso.gov.my/images/lindung/lindung-24-jam/130726-FAQ_LINDUNG_24_JAM.pdf,2026-09-29,2026-07-08,,PARTIAL,"Current source audit; full implementation unresolved: Participation election/rate choices exist. Whole actual citizen/PR release window,default participation,foreign exemption and designated employer/source interval handling is not completed by generic elections alone. Historical verification evidence retained; no new probe.",statutory_contributions:SKBBK.elections.skbbk_liability_released; obligations:SKBBK_RELEASE_RECORD,,MY-SKBBK-04-1,2026-10-01
MY-SS-ADMIN-02,MY,filing,"PERKESO contribution due date and late charge: SOCSO, EIS and SKBBK contributions for a month are due by the 15th of the following month; late contributions carry interest at 6% a year for each day unpaid. Employer and employee registration deadlines (reported as 30 days) are not yet sourced.","PERKESO Contribution Payment page (https://www.perkeso.gov.my/en/contribution-payment/) (agency statement); the Act 4, Act 800 and General Regulations provisions are not yet identified.",https://www.perkeso.gov.my/en/contribution-payment/,2026-09-29,,,EXTERNAL-RECORDED,"Inputs → output: Wage month, paid date and amount → due date, days late and interest. Legacy status: No [SOURCE 2026-09-29]. Evidence/open: unresolved legal text for the section/regulation references and registration deadlines; no paid-date input or late-interest probe. | [Phase 2 2026-10-01] Duty types seeded in every active MY version (obligation ledger L1): SOCSO_EIS_MONTHLY_CONTRIBUTION (due the 15th of the next month = month end + 15; amount SOCSO + SKBBK + EIS payable; late_charge amount × 6% × days late ÷ 365, recorded default: a 365-day year); each instance carries its due day, amount and evidence (reference, paid/submitted day). Probe pending: the harness checks `saved` rows before any automation runs, so an obligation instance the daily obligation_calendar sweep raises cannot yet be pinned (harness H1 gap).",duty_types:SOCSO_EIS_MONTHLY_CONTRIBUTION,,,
MY-WAGEBASE-01,MY,contribution,"Per-scheme contribution wage bases differ. SOCSO/EIS/SKBBK wages (Act 4 s.2(24), Act 800 s.2) include overtime, leave and holiday pay and exclude statutory fund contributions, travel allowance, special expenses, gratuity on discharge or retirement and annual bonus. EPF wages (Act 452 s.2) include any bonus, commission or allowance and exclude service charge, overtime, gratuity, retirement benefit, retrenchment, lay-off or termination benefits and travelling allowance. HRD wages follow Act 612 (`MY-HRDA02`).","PERKESO LINDUNG 24 Jam FAQ Q24, quoting Act 4 s.2(24) (https://www.perkeso.gov.my/images/lindung/lindung-24-jam/130726-FAQ_LINDUNG_24_JAM.pdf); KWSP consolidated Act 452 s.2 (https://www.kwsp.gov.my/en/others/resource-centre/references/epf-act-1991).",https://www.perkeso.gov.my/images/lindung/lindung-24-jam/130726-FAQ_LINDUNG_24_JAM.pdf,2026-09-30,,,PARTIAL,"Current source audit; full implementation unresolved: EPF holiday/rest premium exclusion is adopted. Whole named per-scheme SOCSO/EIS/SKBBK versus EPF/HRD component classification,arrears dates and native crosscontract source partition is not fully audited complete. Historical verification evidence retained; no new probe.","statutory_contributions:EPF,EPF_PR,EPF_NON_CITIZEN,SOCSO,EIS,SKBBK,HRDF.assessed_on; adhoc_catalogue:BONUS.counts_toward",,MY-EA32-1; MY-PEN-HOL-01-1,2026-10-01
MY-13M-01,MY,bonus,"13th-month / annual bonus: Employment Act 1955 (AGC reprint as at 1 August 2023) grants no annual bonus or 13th-month pay — no Part confers one, and s.2 “wages” excludes “(f) any annual bonus or any part of any annual bonus”. Sabah Cap.67 (SAGC reference consolidation, June 2026) and Sarawak Cap.76 (LawNet online version to 31 July 2006, with A1754/2025) likewise confer none: each s.2 “wages” excludes “(e) any gratuity payable on discharge or retirement” and “(f) any annual bonus or any part of any annual bonus”, and neither text nor A1753/A1754 contains any other “bonus” provision. A bonus is contractual only, and when paid is priced by the existing `BONUS` ad hoc class (EPF wages, PCB additional remuneration, outside SOCSO/EIS/SKBBK/HRD wages; round 2 goldens).","Employment Act 1955 s.2 (https://lom.agc.gov.my/ilims/upload/portal/akta/outputaktap/1744567_BI/Reprint%20Act%20265%20(Final).pdf); Sabah Cap.67 June 2026 reference consolidation, s.2 (https://sagc.sabah.gov.my/sites/default/files/law/Labour%20Ordinance%20%28Sabah%20Cap.%2067%29.pdf); Sarawak Cap.76 LawNet online version, s.2 (https://lawnet.sarawak.gov.my/lawnet_file/Ordinance/ORD_F-LABOUR%20LawNet%28Watermark%29FRO.pdf); A1753/A1754 (2025) searched, no bonus provision",https://lom.agc.gov.my/ilims/upload/portal/akta/outputaktap/1744567_BI/Reprint%20Act%20265%20(Final).pdf,2026-09-29,,,NOT-APPLICABLE,Sourced exclusion: no statutory 13th-month or annual bonus in any territory. | Inputs → output: Contract bonus terms → none by statute. Legacy status: Excluded (sourced) [EXTERNAL 2026-09-29]. Evidence/open: No statutory entitlement to compute; the contractual bonus is covered by `BONUS`. Round 4 (2026-09-28): Sabah Cap.67 and Sarawak Cap.76 s.2 read and both texts plus A1753/A1754 searched for “bonus”/“thirteenth”: no entitlement in any territory. Closed.,adhoc_catalogue:BONUS,,,
MY-PCB-05,MY,tax,"Taxable employment income classification for PCB and Form EA: ITA s.13(1)(a)–(c) gross income, perquisites and benefits in kind. Schedule 6 para.25C exempts long-service (only after more than 10 years with the same employer), past-achievement, service-excellence, innovation or productivity awards up to RM2,000 per employee per year of assessment. LHDN MTD Specification 2026 E(9) lists the other exemptions (official-duty petrol/travel/toll RM6,000; child care RM3,000; one device per category; device bills; parking; meal; subsidised loan interest to RM300,000) and E(11)–(12) BIK/VOLA as Y1.","Income Tax Act 1967 as at 1 January 2026, s.13 and Schedule 6 para.25C (https://lom.agc.gov.my/ilims/upload/portal/akta/outputaktap/3345910_BI/Act%2053%20(Online%202026).pdf); LHDN Public Ruling 5/2019, Perquisites from Employment, 19 November 2019 (https://www.hasil.gov.my/wp-content/uploads/PR_05_2019_2.pdf) (para 7.1.1, p.18, read 2026-09-28); Form EA Part F notes (cited URL returned 404).; LHDN MTD Specification 2026, E(9) pp.20–22, E(11)–(13) p.23 (https://www.hasil.gov.my/wp-content/uploads/spesifikasi-kaedah-pengiraan-berkomputer-pcb-2026.pdf); LHDN PR 5/2019 paras 7.2.1–7.2.4 (pp.20–23); KWSP employer FAQ Q8/Q11 (Mandatory Contribution (https://www.kwsp.gov.my/en/employer/responsibilities/mandatory-contribution), browser); Act 612 reprint 2017 s.2 (https://lom.agc.gov.my/ilims/upload/portal/akta/LOM/EN/Act%20612%20-%20Reprint%202017.pdf); EA 1955 reprint as at 1 August 2023 s.2 (https://lom.agc.gov.my/ilims/upload/portal/akta/outputaktap/1744567_BI/Reprint%20Act%20265%20(Final).pdf)",https://lom.agc.gov.my/ilims/upload/portal/akta/outputaktap/3345910_BI/Act%2053%20(Online%202026).pdf,2026-09-29,2026-01-01,,PARTIAL,Current source audit; full implementation unresolved: Money class and taxable benefit support exists. Whole ITA13/Schedule6 perquisite/benefit/in-kind/award classifications and source limits lack complete original documentary consumers. Historical verification evidence retained; no new probe.,"statutory_contributions:PCB.assessed_on; adhoc_catalogue:LONG_SERVICE_AWARD,EXCELLENCE_AWARD,TRAVEL_OFFICIAL,BIK_VOLA; allowance_catalogue:CHILDCARE_ALLOWANCE,MEAL_ALLOWANCE,PARKING_ALLOWANCE; work_rules.encashment.include_allowances","${code} — a long service award: RM2,000 tax-exempt after ten years, SOCSO/EIS wages, outside EPF and HRD (ITA Sch.6 para 25C)",MY-PCB-05-1; MY-SR10-1,2026-09-29
MY-PCB-06,MY,tax,"Individual tax residence, ITA s.7(1)(a)–(d): 182 days in the basis year; a shorter period linked to 182 days in an adjoining year; 90 days plus residence or 90-day presence in 3 of the 4 preceding years; or resident in the following year and the 3 preceding years. Year-end status can reclassify PCB. Tax treaty employment articles (for example Malaysia–Japan for `MY`) are not modelled. From 2026-09-29 recorded stays (`presence_periods`) decide (a), (b) and (c)(ii) at each period end; (b) temporary absences, (c)(i) and (d) stay with the recorded residency.","Income Tax Act 1967 as at 1 January 2026, s.7(1) (https://lom.agc.gov.my/ilims/upload/portal/akta/outputaktap/3345910_BI/Act%2053%20(Online%202026).pdf); LHDN tax treatment of residents and non-residents (2025) (https://www.hasil.gov.my/wp-content/uploads/T2025_tax-treatment-residents-non-residents.pdf).",https://lom.agc.gov.my/ilims/upload/portal/akta/outputaktap/3345910_BI/Act%2053%20(Online%202026).pdf,2026-09-30,,,PARTIAL,Current source audit; full implementation unresolved: Declared residence and history hooks exist. Every ITA7 temporary absence/adjoining-year/three-of-four-year/native actual day-count source branch remains incompletely bound; declaration alone is not the full statutory residence calculation. Historical verification evidence retained; no new probe.,"presence_periods; statutory_contributions:PCB (person.terms.tax_residency, person.employment.contract_days, employee.presence_days, employee.presence_days_in(years_back))",${code} — a stay linked to 182 consecutive days of the previous year is resident; 181 is not (ITA s.7(1)(b)); ${code} — 90 days this year and 90 in three of the four preceding years is resident; two of four is not (ITA s.7(1)(c)(ii)),MY-PCB-06-1; MY-PCB-06-2,2026-09-29
MY-PCB-07,MY,tax,"Non-resident branches: Schedule 6 para.21 exempts employment exercised in Malaysia for 60 days or fewer in a year (including a continuous period spanning two years); para.22 removes the exemption over 60 days and for public entertainers. Otherwise a non-resident is taxed at a flat 30% (Schedule 1 para.1A, from YA2020). From 2026-09-30 stays recorded `employment_exercised` decide para 21(a)/22(a); presence alone proves no employment day.","Income Tax Act 1967 as at 1 January 2026, Schedule 6 paras.21–22, Schedule 1 para.1A (https://lom.agc.gov.my/ilims/upload/portal/akta/outputaktap/3345910_BI/Act%2053%20(Online%202026).pdf).",https://lom.agc.gov.my/ilims/upload/portal/akta/outputaktap/3345910_BI/Act%2053%20(Online%202026).pdf,2026-09-30,2020-01-01,,VERIFIED,"VERIFIED candidate: para 21 ≤60 employment days nil MTD (probe MY-PCB-07-1) and >60 days 30% (probe MY-PCB-07-2) passed 2026-10-01; 60/61 boundary, presence-without-employment-days and para 22 recovery are goldens (statutory-golden-my-presence 4/4, statutory-golden-my 72/72). Recorded readings: continuous period across years = basis-year count (Round 11); para 22(b) public entertainer is excluded by the election declaration.","statutory_contributions:PCB.elections (pcb_sch6_para21, pcb_sch6_para22_recover); presence_periods.employment_exercised","${code} — presence alone proves no employment day; sixty recorded employment days are exempt, sixty-one are not (ITA Sch.6 paras 21–22); ${code} — past sixty days the exempt months are recovered at 30% (ITA Schedule 6 para 22)",MY-PCB-07-1; MY-PCB-07-2,2026-10-01
MY-PCB-08,MY,filing,"LHDN employer filing deadlines: EA/EC to each employee by the last day of February; Form E with CP8D by 31 March; CP58 by 31 March; CP22 within 30 days of commencement (e-CP22 mandatory from 1 September 2024); CP22A at least 30 days before cessation, or within 30 days of notice of death (e-SPC, including amendments, from 1 September 2024); CP21 at least 30 days before departure for absences over 3 months, withholding money for 90 days. Keep payroll records 7 years (alongside the EA/EPF 6-year retention).","LHDN Tanggungjawab Majikan (https://www.hasil.gov.my/en/majikan/tanggungjawab-majikan/); ITA 1967 (AGC text as at 1 January 2026) s.83(1), (1A), (2), (3), (4), (4A), (5) read; ss.82 and 107 cited from LHDN, not re-read in the text.",https://www.hasil.gov.my/en/majikan/tanggungjawab-majikan/,2026-09-29,,,EXTERNAL,"Inputs → output: Join, cessation, death-notice and departure dates, year, filing and issue dates → each deadline, withholding window and filing evidence. Legacy status: Excluded (sourced) [EXTERNAL 2026-09-29]. Evidence/open: Closed 2026-09-28 as employer returns outside the payroll computation. ITA 1967 (AGC text as at 1 January 2026) s.83 read: (1) Form E by 31 March; (1A) statement of remuneration (EA) by the last day of February; (2) commencement notice within 30 days; (3) cessation notice at least 30 days before, or within 30 days of being informed of a death — with the second proviso that no notice is required where the income is subject to MTD deduction ((a)) or below the MTD threshold ((b)); (4) departure over three months, 30 days before; (4A) electronic filing; (5) the 90-day hold on moneys applies only after a notice “required” under (3) or (4). No payslip amount depends on these; the s.83(5) hold is not triggered for an MTD-deducted leaver. Filing evidence remains an operator record. | [Phase 2 2026-10-01] Duty types seeded in every active MY version (obligation ledger L1): EA_FORM (calendar year: the last day of February of the next year), FORM_E_CP8D (31 March of the next year), CP22_NEW_EMPLOYEE, CP22A_CESSATION_AND_WITHHOLDING, CP21_LEAVING_MALAYSIA; each instance carries its due day, amount and evidence (reference, paid/submitted day). Probe pending: the harness checks `saved` rows before any automation runs, so an obligation instance the daily obligation_calendar sweep raises cannot yet be pinned (harness H1 gap). CP58 (non-employee agents) is not a payroll duty type.",obligations:EA_FORM; obligations:FORM_E_CP8D; obligations:CP58_INCENTIVE_STATEMENT; obligations:CP22_NEW_EMPLOYEE; obligations:CP22A_CESSATION_AND_WITHHOLDING; obligations:CP21_LEAVING_MALAYSIA; obligations:TAX_RECORDS_RETENTION; duty_types:EA_FORM; duty_types:FORM_E_CP8D,,,
MY-STAMP-01,MY,other,"Stamp duty on employment contracts: a contract with monthly pay not over RM3,000 needs no stamping or endorsement; above RM3,000 only the main contract is stamped and endorsed; supplementary employment instruments need neither. The RM10 duty, the Finance Act 2025 amendment of Stamp Act 1949 First Schedule item 4 and a 1 January 2026 start are reported by secondary sources only. The transition for contracts executed before 1 January 2025 and during 2025 is unverified.","HASiL media statement HASiL/2026/08/07-39, 7 August 2026, paras.(a)–(c) (https://www.hasil.gov.my/wp-content/uploads/20260807-Kenyataan-Media-HASiL_LAYANAN-DUTI-SETEM-BAGI-SURAT-CARA-PENGGAJIAN.pdf); Stamp Act 1949 First Schedule item 4 as amended by Act 874 (not read).",https://www.hasil.gov.my/wp-content/uploads/20260807-Kenyataan-Media-HASiL_LAYANAN-DUTI-SETEM-BAGI-SURAT-CARA-PENGGAJIAN.pdf,2026-09-29,,,EXTERNAL,"Inputs → output: Contract execution date, monthly pay, main versus supplementary instrument, stamping/endorsement evidence → duty and stamping duty. Legacy status: Excluded (sourced) [EXTERNAL 2026-09-29]. Evidence/open: Closed 2026-09-28: stamp duty attaches to the employment instrument at execution (Stamp Act 1949), not to wages; HASiL media statement HASiL/2026/08/07-39 (read) (a) contracts at monthly pay not over RM3,000 need neither stamping nor endorsement, (c) above RM3,000 only the main contract is stamped and endorsed, supplementary instruments not. No wage, deduction or contribution arises in a payroll run. The duty amount and the Finance Act amendment of First Schedule item 4 remain unread and are not needed for payroll. | [Blocked or unverified] HASiL's pre-2025 stamp-duty transition statement and FAQ both return 404.",,,,
MY-PDPA-01,MY,records,"Personal Data Protection Act 2010 (Act 709) as amended by A1727/2024 (Royal Assent 9 October 2024, gazetted 17 October 2024): s.12A requires every data controller, and processor, to appoint a Data Protection Officer and notify the Commissioner. Employee and payroll data are in scope, including the retention principle (s.10, interacting with the EA/EPF 6-year and ITA 7-year periods) and cross-border transfer (for example to a Japanese parent under `MY`). Commencement 1 June 2025 and any DPO thresholds come from the Commissioner's guidelines and are not verified.",A1727 (BM) (https://www.pdp.gov.my/ppdpv1/wp-content/uploads/2024/11/Akta-A1727-bm.pdf); Commissioner DPO and breach-notification guidelines (https://www.pdp.gov.my/ppdpv1/en/guidelines-and-circular-on-personal-data-protection-appointment-of-data-protection-officer-dpo-and-data-breach-notification/) (not read).,https://www.pdp.gov.my/ppdpv1/wp-content/uploads/2024/11/Akta-A1727-bm.pdf,2026-09-29,,,EXTERNAL,"Inputs → output: Employer as controller/processor, DPO appointment and notification dates, retention periods, transfer destinations → compliance evidence. Legacy status: Excluded (sourced) [EXTERNAL 2026-09-29]. Evidence/open: Closed 2026-09-28 as a data-controller duty outside the payroll computation: A1727 s.6 inserting s.12A (BM text read) — the controller (and a processor acting for it) appoints one or more DPOs and notifies the Commissioner in the manner the Commissioner determines; appointment does not relieve the controller. No payslip value depends on it. A1727 s.1(2): commencement by Ministerial Gazette notification, possibly by provision — the P.U.(B) was not read.",,,,
MY-PDPA-02,MY,records,"A1727 s.12B: on a personal data breach, notify the Commissioner as soon as practicable and, where significant harm is likely, notify affected data subjects without unnecessary delay; fine up to RM250,000 or 2 years. The 72-hour and 7-day periods are reported from the guidelines and are not verified.","A1727 s.12B, s.129 amendment (https://www.pdp.gov.my/ppdpv1/wp-content/uploads/2024/11/Akta-A1727-bm.pdf); Commissioner guidelines (not read).",https://www.pdp.gov.my/ppdpv1/wp-content/uploads/2024/11/Akta-A1727-bm.pdf,2026-09-29,,,EXTERNAL,"Inputs → output: Breach date, discovery date, harm assessment, notice dates → notices due and evidence. Legacy status: Excluded (sourced) [EXTERNAL 2026-09-29]. Evidence/open: Closed 2026-09-28 as a data-controller duty outside the payroll computation: s.12B (A1727 s.6, BM text read) — notify the Commissioner “dengan secepat yang dapat dilaksanakan”; notify data subjects without unnecessary delay where significant harm results or is likely; breach of (1) fine up to RM250,000 or 2 years or both. The 72-hour/7-day periods are guideline terms, not read.",,,,
MY-LEVY-02,MY,levy,"Foreign-worker annual levy (VP(TE)), employer-borne. Peninsular: manufacturing, construction, services and island-resort services RM1,850; plantation and agriculture RM640. Sabah/Sarawak: manufacturing, construction and island-resort services RM1,010; services RM1,490; plantation RM590; agriculture RM410. Processing fee RM60; visa RM13–50 by nationality. No security bond figure was seen.",Immigration Department foreign-worker page (https://www.imi.gov.my/index.php/en/main-services/foreign-worker/) (agency schedule; the underlying Immigration Regulations/Order are not located).,https://www.imi.gov.my/index.php/en/main-services/foreign-worker/,2026-09-29,,,EXTERNAL,"Inputs → output: Pass, nationality, sector, region, renewal date → employer levy and fees. Legacy status: Excluded (sourced) [EXTERNAL 2026-09-29]. Evidence/open: Closed 2026-09-28 from the payroll computation: the VP(TE) levy is an employer-borne fee paid to the Immigration Department at pass issue/renewal, not a wage, contribution or pay-period charge; EA 1955 s.24(1) (AGC reprint as at 1 August 2023) bars any deduction not in accordance with the Act, so no employee deduction is priced without a s.24(4) approval fact. The rate schedule and its gazetted instrument remain unverified and are not used by payroll.",obligations:FOREIGN_WORKER_LEVY,,,
MY-LEVY-03,MY,levy,Open. Multi-Tier Levy Mechanism: reported as deferred to 2026 under the 13th Malaysia Plan; no gazetted rates or effective date found.,"None primary; secondary press only (The Edge, FMT).",https://www.imi.gov.my/index.php/en/main-services/foreign-worker/,2026-09-29,,,AWAITING-LAW,AWAITING-LAW: no gazetted Multi-Tier Levy instrument; only secondary press. The Immigration Department page is the official source where rates would be published. | Inputs → output: Future gazette → sector/tier rates. Legacy status: No [SOURCE 2026-09-29]. Evidence/open: no instrument: no gazetted Multi-Tier Levy rates or date located as at 28 September 2026 (secondary press only); nothing to price.,,,,
MY-SBH-01,MY,other,"From 1 May 2025, Sabah A1753 First Schedule para.1 covers each contract of service, regardless of wage. Para.2 removes only its listed premium/termination provisions where Schedule wages exceed RM4,000; it does not remove all Ordinance rights. P.U.(A)133/2025 (https://www.jtksabah.gov.my/utama/wp-content/uploads/2025/11/PU_A_133_2025.pdf) replaced para.2 on the same date, adding s.103(7)–(9) and s.130O(2)(k). Para.4 excludes commission, subsistence and overtime payments for this threshold test, though those components need separate treatment under other wage definitions.","A1753 s.68, First Schedule paras.1–2,4 (https://www.jtksabah.gov.my/utama/wp-content/uploads/2025/11/A1753_-Labour_Ordinance_of_Sabah_Amendment_Act_2025.pdf); P.U.(A)133/2025 cls.1–2 (https://www.jtksabah.gov.my/utama/wp-content/uploads/2025/11/PU_A_133_2025.pdf); P.U.(B)166/2025 (https://www.jtksabah.gov.my/web/images/warta_2025/PU_B_166_2025_-_Pewartaan_Tarikh_Kuatkuasa_Akta_A1753_2.pdf). The First Schedule's reference to Part IVA is presently inoperative because the commencement notice excepted that Part.",https://www.jtksabah.gov.my/utama/wp-content/uploads/2025/11/A1753_-Labour_Ordinance_of_Sabah_Amendment_Act_2025.pdf,2026-10-03,2025-05-01,,PARTIAL,PARTIAL: actual Sabah worksite overlay and overtime/coverage receivers apply the sourced RM4000 premium threshold while retaining other rights. Remaining: full FirstSchedule worker/wage provenance and operative May-November2025 source snapshots; current local profile begins2025-12-01.,,,,
MY-SWK-01,MY,other,"From 1 May 2025, Sarawak A1754 First Schedule para.1 covers each contract of service. Para.2 excludes only its listed premium/termination provisions for Schedule wages above RM4,000, including s.104(6)–(10), s.105(6), s.105C(2)–(5), s.105F and s.130O(2)(r); it does not exclude the worker from all rights. Para.4 excludes commission, subsistence and overtime payments for this threshold test.","A1754 s.73, First Schedule paras.1–2,4 (https://www.jtkswk.gov.my/v2/wp-content/uploads/2025/04/Act-A1754-LABOUR-ORDINANCE-OF-SARAWAK-AMENDMENT-ACT-2025-1.pdf); P.U.(B)165/2025 (https://www.jtkswk.gov.my/v2/wp-content/uploads/2025/05/PUB-165-2025.pdf).",https://www.jtkswk.gov.my/v2/wp-content/uploads/2025/04/Act-A1754-LABOUR-ORDINANCE-OF-SARAWAK-AMENDMENT-ACT-2025-1.pdf,2026-10-03,2025-05-01,,PARTIAL,PARTIAL: actual Sarawak worksite overlay and overtime/coverage receivers apply the sourced RM4000 premium threshold while retaining other rights. Remaining: full FirstSchedule worker/wage provenance and operative May-November2025 source snapshots; current local profile begins2025-12-01.,,,,
MY-SBH-01A,MY,other,"Sabah First Schedule para.3 restores the listed premium/termination protections regardless of wage for manual workers (including artisans/apprentices), vehicle operators/maintainers, supervisors of manual workers, and employee recruiters. Mixed manual work qualifies only when required manual time exceeds one-half of required time in that wage period; equality does not suffice. Para.3(e) separately gives qualifying registered-vessel workers its own exclusions, so vessel work cannot be treated as a universal restoration.","A1753 s.68, First Schedule para.3(a)–(e) (https://www.jtksabah.gov.my/utama/wp-content/uploads/2025/11/A1753_-Labour_Ordinance_of_Sabah_Amendment_Act_2025.pdf); P.U.(B)166/2025 (https://www.jtksabah.gov.my/web/images/warta_2025/PU_B_166_2025_-_Pewartaan_Tarikh_Kuatkuasa_Akta_A1753_2.pdf).",https://www.jtksabah.gov.my/utama/wp-content/uploads/2025/11/A1753_-Labour_Ordinance_of_Sabah_Amendment_Act_2025.pdf,2026-10-03,2025-05-01,,PARTIAL,"PARTIAL: actual Sabah ordinary/premium predicates restore covered manual, vehicle, supervisory and recruiter classes above the wage threshold and preserve the sourced vessel exceptions. Remaining: complete original worker-class and wage-definition provenance and historical territorial boundaries.",,,,
MY-SWK-01A,MY,other,"Sarawak First Schedule para.3 restores the listed protections regardless of wage for manual workers, vehicle operators/maintainers and supervisors of manual workers; mixed manual work must exceed one-half of required time in the wage period. Para.3(d) contains a distinct qualified-vessel class and its own exclusions. The printed Sarawak list has no Sabah employee-recruiter category.","A1754 s.73, First Schedule para.3(a)–(d) (https://www.jtkswk.gov.my/v2/wp-content/uploads/2025/04/Act-A1754-LABOUR-ORDINANCE-OF-SARAWAK-AMENDMENT-ACT-2025-1.pdf); P.U.(B)165/2025 (https://www.jtkswk.gov.my/v2/wp-content/uploads/2025/05/PUB-165-2025.pdf).",https://www.jtkswk.gov.my/v2/wp-content/uploads/2025/04/Act-A1754-LABOUR-ORDINANCE-OF-SARAWAK-AMENDMENT-ACT-2025-1.pdf,2026-10-03,2025-05-01,,PARTIAL,"PARTIAL: actual Sarawak ordinary/premium predicates restore covered manual, vehicle and supervisory classes above the wage threshold. Remaining: complete original worker-class and wage-definition provenance and historical territorial boundaries.",,,,
MY-SBH-01B,MY,other,"Sabah First Schedule para.3(f), as replaced by P.U.(A)133/2025, excludes a domestic employee from its enumerated ordinary/hourly/overtime definitions and pay, holiday, leave, termination, nonresident-priority and other listed sections, but the specific exclusions in s.13 are subsections (1)–(2); do not treat every s.13 branch or every Ordinance duty as excluded. The para.3(f) reference to Part IVA does not activate that uncommenced Part.","P.U.(A)133/2025 cl.2(b), First Schedule para.3(f) (https://www.jtksabah.gov.my/utama/wp-content/uploads/2025/11/PU_A_133_2025.pdf); P.U.(B)166/2025 (https://www.jtksabah.gov.my/web/images/warta_2025/PU_B_166_2025_-_Pewartaan_Tarikh_Kuatkuasa_Akta_A1753_2.pdf).",https://www.jtksabah.gov.my/utama/wp-content/uploads/2025/11/PU_A_133_2025.pdf,2026-10-03,2025-05-01,,PARTIAL,PARTIAL: actual Sabah work/leave premium source predicates apply domestic exclusions. Remaining: every separately operative permitted-condition modification and all excluded/unexcluded monetary sections.,,,,
MY-SWK-01B,MY,other,"Sarawak A1754 First Schedule para.3(e) excludes a domestic employee from enumerated pay, holiday, leave, termination and other sections, including s.14(1)–(2), while retaining unlisted provisions. The Labour Department expressly says the schedule does not exclude its weekly rest-day provision. Its printed Part IVA reference remains inoperative under P.U.(B)165/2025 unless a later commencement is authenticated.","A1754 s.73, First Schedule para.3(e) (https://www.jtkswk.gov.my/v2/wp-content/uploads/2025/04/Act-A1754-LABOUR-ORDINANCE-OF-SARAWAK-AMENDMENT-ACT-2025-1.pdf); JTK Sarawak 2025 amendment FAQ, Domestic Employees Q3 (https://www.jtkswk.gov.my/v2/?page_id=997); P.U.(B)165/2025 (https://www.jtkswk.gov.my/v2/wp-content/uploads/2025/05/PUB-165-2025.pdf).",https://www.jtkswk.gov.my/v2/wp-content/uploads/2025/04/Act-A1754-LABOUR-ORDINANCE-OF-SARAWAK-AMENDMENT-ACT-2025-1.pdf,2026-10-03,2025-05-01,,PARTIAL,PARTIAL: actual Sarawak work/leave premium source predicates apply domestic exclusions. Remaining: every separately operative permitted-condition modification and all excluded/unexcluded monetary sections.,,,,
MY-SBH-01C,MY,other,Sabah: P.U.(A)131/2025 (https://www.jtksabah.gov.my/web/images/warta_2025/PUA_131_2025_-_Pembatalan_Perintah_Pengecualian_1.pdf) revoked Sabah's Employment (Exemption) Order 2005 [P.U.(A)377/2005] from 1 May 2025. A 2005 exemption cannot be carried into a December 2025+ payroll decision; the current First Schedule and any actual surviving individual exemption control. Historic pre-revocation awards still need a dated-law branch if included in current arrears.,P.U.(A)131/2025 cls.1–2 (https://www.jtksabah.gov.my/web/images/warta_2025/PUA_131_2025_-_Pembatalan_Perintah_Pengecualian_1.pdf); P.U.(B)166/2025 (https://www.jtksabah.gov.my/web/images/warta_2025/PU_B_166_2025_-_Pewartaan_Tarikh_Kuatkuasa_Akta_A1753_2.pdf).,https://www.jtksabah.gov.my/web/images/warta_2025/PUA_131_2025_-_Pembatalan_Perintah_Pengecualian_1.pdf,2026-09-29,2025-05-01,,GAP,Current source audit; full implementation unresolved: Revocation source does not establish every actual predecessor exemption and separate employer notice-board order applicability/lifecycle. Historical verification evidence retained; no new probe.,,,,
MY-SWK-01C,MY,other,"Sarawak's pre-2025 Employment (Exemption) Order 2005 [P.U.(A)37/2005] needs a revocation/current-status decision before it can be omitted from the December 2025+ coverage rule. JTK Sarawak's current amendment FAQ says the replacement First Schedule covers all contracts of service, subject to its specified over-RM4,000 carve-outs. Public reporting of a KESUMA statement says a Sarawak 2025 exemption-revocation order began 1 May 2025, but its actual Gazette number/text has not been authenticated in this audit. Do not apply the old order, or assert its exact repeal scope, from that report alone.","Sarawak State Attorney General subsidiary index listing P.U.(A)37/2005 (https://sag.sarawak.gov.my/web/attachment/show/?docid=dFBhb0NoR0VMNncxa1Y0OGZxU1kzQT09OjqcFSF21V9K2-GmiLUvIbKW); JTK Sarawak current amendment FAQ, coverage Q3–4 (https://www.jtkswk.gov.my/v2/?page_id=997); A1754 s.73 (https://www.jtkswk.gov.my/v2/wp-content/uploads/2025/04/Act-A1754-LABOUR-ORDINANCE-OF-SARAWAK-AMENDMENT-ACT-2025-1.pdf).",https://sag.sarawak.gov.my/web/attachment/show/?docid=dFBhb0NoR0VMNncxa1Y0OGZxU1kzQT09OjqcFSF21V9K2-GmiLUvIbKW,2026-09-29,2025-05-01,,SOURCE-BLOCKED,"SOURCE-BLOCKED: the Sarawak 2025 revocation Gazette was not located (tried the Sarawak SAG subsidiary index and the JTK Sarawak FAQ); only a secondary report of a KESUMA statement exists. | Inputs → output: Sarawak work/wage period, old order and actual revoking Gazette, any individual exception → current coverage versus historic arrears branch. Legacy status: No [SOURCE 2026-09-29]. Evidence/open: The primary Sarawak 2025 revocation Gazette and exact savings/effective provisions are still missing; no historic/current exemption gate or Sarawak profile/probe.",,,,
MY-SBH-02,MY,rest_holiday,"Sabah 15 gazetted holidays with five compulsory named days, plus substitution when a holiday overlaps rest/another holiday.",A1753 s.31 amending Cap.67 s.103. Probe each mandatory/selected/special day and overlap.,https://www.jtksabah.gov.my/utama/wp-content/uploads/2025/11/A1753_-Labour_Ordinance_of_Sabah_Amendment_Act_2025.pdf,2026-10-03,2025-05-01,,PARTIAL,"PARTIAL: actual local holiday-calendar admission and work/leave receivers enforce sourced Sabah quota/mandatory roles and overlapping-day treatment. Remaining: complete original Gazette dates, employer selections and local alternatives/substitution/election sources.",,,,
MY-SWK-02,MY,rest_holiday,"Sarawak 18 gazetted holidays with six compulsory named days, including Sarawak Independence Day; overlap substitution.",A1754 s.33 amending Cap.76 s.104. Sabah's 15/five calendar is not a valid substitute.,https://www.jtkswk.gov.my/v2/wp-content/uploads/2025/04/Act-A1754-LABOUR-ORDINANCE-OF-SARAWAK-AMENDMENT-ACT-2025-1.pdf,2026-10-03,2025-05-01,,PARTIAL,"PARTIAL: actual local holiday-calendar admission and work/leave receivers enforce sourced Sarawak quota/mandatory roles and overlapping-day treatment. Remaining: complete original Gazette dates, employer selections and local alternatives/substitution/election sources.",,,,
MY-SBH-HOL-01,MY,rest_holiday,"Sabah's own Holidays Ordinance Cap.56, not a generic national date list, governs its First Schedule, Governor's special-holiday notifications and Sunday substitutions. Enactment 1/2026 amended s.3(3) effective 25 May 2026: a Sunday scheduled holiday is observed on the next day and, where that day is already a public holiday, the day following is observed unless the Governor orders otherwise. The state calendar shows 31 May 2026 as both Wesak and Kaamatan, next to the King's Birthday on 1 June. This Gazette-calendar result feeds, but does not replace, the separate employer-selected/compulsory paid-holiday test in Cap.67 s.103 (`MY-SBH-02`).","Sabah Cap.56 May 2026 reference consolidation, amendment table and ss.3,9/First Schedule (https://sagc.sabah.gov.my/sites/default/files/law/Holidays%20Ordinance_1.pdf); official Sabah 2026 calendar (https://sabah.gov.my/public-holidays); Cap.67 as amended by A1753 (https://www.jtksabah.gov.my/utama/wp-content/uploads/2025/11/A1753_-Labour_Ordinance_of_Sabah_Amendment_Act_2025.pdf), s.103.",https://sagc.sabah.gov.my/sites/default/files/law/Holidays%20Ordinance_1.pdf,2026-10-03,2026-05-25,,PARTIAL,"PARTIAL: actual Sabah holiday calendar/roster receivers consume territorial named-day sources. Remaining: complete original FirstSchedule, Governor special notifications, collisions and local substitution lifecycle.",,,,
MY-SBH-HOL-02,MY,rest_holiday,"Sabah Gazette No.91 appointed one additional Hari Raya holiday for 2026: 20 March if Hari Raya Puasa fell on 21 March, or 23 March if it fell on 20 March. The official state calendar lists Hari Raya on 21 March, so the conditional addition resolves to 20 March 2026. Cap.67 s.103(1)(b) makes an additional state-declared day a paid employee holiday on top of the employer's 15 selected/named days; s.103(2) permits a substitute paid day.","Sabah Gazette No.91, 18 March 2026, Cap.56 s.9 notice (https://www.sabah.gov.my/gazette/docs/003227.pdf); official state calendar (https://sabah.gov.my/public-holidays); Sabah Cap.67 June 2026 reference, s.103(1)–(2) (https://sagc.sabah.gov.my/sites/default/files/law/Labour%20Ordinance%20%28Sabah%20Cap.%2067%29.pdf).",https://www.sabah.gov.my/gazette/docs/003227.pdf,2026-10-03,2026-03-20,2026-03-20,PARTIAL,PARTIAL: the actual2026 territorial calendar contains the sourced additional holiday identity and local substitution support. Remaining: every conditional actual observed-day/local roster/pay branch and original Gazette relationship; no national-date substitution inference.,,,,
MY-SWK-HOL-01,MY,rest_holiday,"Sarawak Public Holidays Ordinance Cap.8 has its own scheduled/substitution and Governor's special-notification powers. Swk.L.N.69/2026 appointed a conditional additional Hari Raya holiday (20 March if Raya was 21 March, or 23 March if Raya was 20 March). Cap.76 s.104(1)(b) makes an additional state-declared day a paid entitlement beyond the 18 selected/named holidays, with a possible substitute paid day under s.104(2).","Sarawak Cap.8 reference ordinance (https://lawnet.sarawak.gov.my/lawnet_file/Ordinance/ORD_Public%20Holiday%20Lawnet%202024.pdf), ss.3,5; Swk.L.N.69/2026 (https://lawnet.sarawak.gov.my/lawnet_file/Subsidiary/SUB_Issue%20No.%2010_L.N.%2069%20Public%20holiday%20raya.pdf); Cap.76 A1754 amendment (https://www.jtkswk.gov.my/v2/wp-content/uploads/2025/04/Act-A1754-LABOUR-ORDINANCE-OF-SARAWAK-AMENDMENT-ACT-2025-1.pdf), s.104; Cap.76 reference, s.104(1)–(2) (https://lawnet.sarawak.gov.my/lawnet_file/Ordinance/ORD_F-LABOUR%20LawNet%28Watermark%29FRO.pdf).",https://lawnet.sarawak.gov.my/lawnet_file/Ordinance/ORD_Public%20Holiday%20Lawnet%202024.pdf,2026-10-03,2025-05-01,,PARTIAL,"PARTIAL: actual Sarawak holiday calendar/roster receivers consume territorial named-day sources. Remaining: complete original scheduled days, Governor special notifications, collisions and local substitution lifecycle.",,,,
MY-SWK-HOL-02,MY,rest_holiday,"Sarawak: Swk.L.N.202/2026 specifically substitutes 3 June 2026 for Wesak Day (Sunday 31 May) and 4 June 2026 for the first Dayak Festival day that collided with the King's Birthday on 1 June. The order was dated 15 June and published 10 July 2026, after both substituted dates; retroactive payroll corrections and contemporaneous employer notice therefore need explicit handling.","Sarawak Gazette Swk.L.N.202/2026 (https://lawnet.sarawak.gov.my/lawnet_file/Subsidiary/SUB_Issue%20No.%2044_L.N.%20202%20PUBLICHOLIDAY.pdf), Cap.8 s.5 notice; Cap.76 A1754 amendment (https://www.jtkswk.gov.my/v2/wp-content/uploads/2025/04/Act-A1754-LABOUR-ORDINANCE-OF-SARAWAK-AMENDMENT-ACT-2025-1.pdf), s.104.",https://lawnet.sarawak.gov.my/lawnet_file/Subsidiary/SUB_Issue%20No.%2044_L.N.%20202%20PUBLICHOLIDAY.pdf,2026-10-03,2026-06-03,2026-06-04,PARTIAL,PARTIAL: the actual2026 territorial calendar contains the sourced additional holiday identity and local substitution support. Remaining: every conditional actual observed-day/local roster/pay branch and original Gazette relationship; no national-date substitution inference.,,,,
MY-SBH-03,MY,hours,"Sabah normal working-week limit 45 hours, separate shift/permit/overtime boundaries.","A1753 ss.32–34, Cap.67 ss.104–104C; Sabah overtime-limit regulations index (https://www.jtksabah.gov.my/utama/en/sumber/kaedah-kaedah/). Need primary 2008 rule and all exception probes.",https://www.jtksabah.gov.my/utama/en/sumber/kaedah-kaedah/,2026-09-29,2025-05-01,,GAP,Current source audit; full implementation unresolved: 45h normal and rolling21day/Director-longer shift consumers exist. Full inactive/standby and actual partial-month overtime permission/limit applicability branches remain incomplete. Historical verification evidence retained; no new probe.,,,,
MY-SWK-03,MY,hours,"Sarawak normal working-week limit 45 hours, separate shift/permit/overtime boundaries.","A1754 ss.34–36, Cap.76 ss.105–105C; Director permit list (https://www.jtkswk.gov.my/v2/?lang=en&page_id=3768).",https://www.jtkswk.gov.my/v2/?lang=en&page_id=3768,2026-09-29,2025-05-01,,GAP,Current source audit; full implementation unresolved: 45h normal and rolling21day/Director-longer shift consumers exist. Full inactive/standby and actual partial-month overtime permission/limit applicability branches remain incomplete. Historical verification evidence retained; no new probe.,,,,
MY-SBH-04,MY,proration,"Sabah incomplete monthly wage for join, exit, unpaid leave and national service: monthly wage × eligible days / days of wage period.",A1753 s.37 inserting s.107C. Probe 28/29/30/31-day and cross-month periods independently.,https://www.jtksabah.gov.my/utama/wp-content/uploads/2025/11/A1753_-Labour_Ordinance_of_Sabah_Amendment_Act_2025.pdf,2026-09-29,2025-05-01,,GAP,Current source audit; full implementation unresolved: Calendar incomplete-month source policy exists. Actual national-service scope and attendance-cutoff versus original wage-period attribution are not whole-clause complete. Historical verification evidence retained; no new probe.,,,,
MY-SWK-04,MY,proration,"Sarawak corresponding incomplete-month formula, with its own provision.",A1754 s.39 inserting s.108C. Equal-looking formula does not close distinct applicability or commencement.,https://www.jtkswk.gov.my/v2/wp-content/uploads/2025/04/Act-A1754-LABOUR-ORDINANCE-OF-SARAWAK-AMENDMENT-ACT-2025-1.pdf,2026-09-29,2025-05-01,,GAP,Current source audit; full implementation unresolved: Calendar incomplete-month source policy exists. Actual national-service scope and attendance-cutoff versus original wage-period attribution are not whole-clause complete. Historical verification evidence retained; no new probe.,,,,
MY-SBH-05,MY,wages,"Sabah ordinary wages due by seventh day after wage period; rest/holiday/OT wages by last day of next wage period, subject to approved extension.",A1753 s.38 replacing s.108.,https://www.jtksabah.gov.my/utama/wp-content/uploads/2025/11/A1753_-Labour_Ordinance_of_Sabah_Amendment_Act_2025.pdf,2026-09-29,2025-05-01,,GAP,Current source audit; full implementation unresolved: Source wage due-date producer exists. Actual approved extension scope/source and all ordinary versus rest/holiday/overtime original component payment-date paths remain incompletely bound. Historical verification evidence retained; no new probe.,,,,
MY-SWK-05,MY,wages,"Sarawak same general split, in its own s.109.",A1754 s.40 replacing s.109.,https://www.jtkswk.gov.my/v2/wp-content/uploads/2025/04/Act-A1754-LABOUR-ORDINANCE-OF-SARAWAK-AMENDMENT-ACT-2025-1.pdf,2026-09-29,2025-05-01,,GAP,Current source audit; full implementation unresolved: Source wage due-date producer exists. Actual approved extension scope/source and all ordinary versus rest/holiday/overtime original component payment-date paths remain incompletely bound. Historical verification evidence retained; no new probe.,,,,
MY-SBH-06,MY,final_pay,Sabah normal termination wages no later than termination day; employer special termination on day; employee without notice by third day after termination.,A1753 s.39 inserting ss.108A–108B. Boundary probe day 3 versus day 4.,https://www.jtksabah.gov.my/utama/wp-content/uploads/2025/11/A1753_-Labour_Ordinance_of_Sabah_Amendment_Act_2025.pdf,2026-09-29,2025-05-01,,GAP,Current source audit; full implementation unresolved: Actual final-pay deadline consumer exists. Whole impossible-payment/next-nonrest-nongazetted exception and employee/employer special notice/indemnity payment chronology remains incompletely audited. Historical verification evidence retained; no new probe.,,,,
MY-SWK-06,MY,final_pay,"Sarawak normal termination generally on day, but employer normal termination may pay on next non-rest/non-gazetted day if impossible; employee without notice by seventh day.",A1754 s.41 inserting ss.109A–109B. Probe day 3/day 7 and employer next-business-day branch.,https://www.jtkswk.gov.my/v2/wp-content/uploads/2025/04/Act-A1754-LABOUR-ORDINANCE-OF-SARAWAK-AMENDMENT-ACT-2025-1.pdf,2026-09-29,2025-05-01,,GAP,Current source audit; full implementation unresolved: Actual final-pay deadline consumer exists. Whole impossible-payment/next-nonrest-nongazetted exception and employee/employer special notice/indemnity payment chronology remains incompletely audited. Historical verification evidence retained; no new probe.,,,,
MY-SBH-07,MY,wages,"Sabah wages through permitted financial institution; legal-tender/cheque alternative on written employee request, with four-week withdrawal. For foreign employees only, Merchantrade Asia and TNG Digital are recognised designated-payment issuers 1 Dec 2025–30 Nov 2028.","A1753 ss.40–41 replacing ss.110–110A; P.U.(A)419/2025 (https://www.jtksabah.gov.my/utama/wp-content/uploads/2026/04/Perintah-Buruh-Pengeluar-Instrumen-Pembayaran-PUA-419_2025.pdf), paras.1–3/Schedule. Probe 30 Nov/1 Dec 2025, foreign/citizen and 30 Nov/1 Dec 2028.",https://www.jtksabah.gov.my/utama/wp-content/uploads/2026/04/Perintah-Buruh-Pengeluar-Instrumen-Pembayaran-PUA-419_2025.pdf,2026-09-29,2025-12-01,2028-11-30,GAP,Current source audit; full implementation unresolved: Native payment primitives exist. Territorial approved institution/instrument and written employee request/withdrawal permission lifecycle is not fully configured; Sarawak2026 named issuer source alone is insufficient. Historical verification evidence retained; no new probe.,,,,
MY-SWK-07,MY,wages,"Sarawak parallel but separately gazetted financial-instrument permission and written request. For foreign employees only, Merchantrade Asia and TNG Digital are recognised designated-payment issuers 1 Aug 2026–31 Jul 2029.","A1754 ss.42–43 replacing ss.111–111A; P.U.(A)279/2026 (https://www.jtkswk.gov.my/v2/wp-content/uploads/2026/08/PUA-279-2026.pdf), paras.1–3/Schedule. Probe July/August cutover and expiry; do not backdate the Sabah Order to Sarawak.",https://www.jtkswk.gov.my/v2/wp-content/uploads/2026/08/PUA-279-2026.pdf,2026-09-29,2026-08-01,2029-07-31,GAP,Current source audit; full implementation unresolved: Native payment primitives exist. Territorial approved institution/instrument and written employee request/withdrawal permission lifecycle is not fully configured; Sarawak2026 named issuer source alone is insufficient. Historical verification evidence retained; no new probe.,,,,
MY-SBH-08,MY,leave,"Sabah seven-day paid paternity leave: married father, same employer 12 months, five confinements maximum, 30-day/as-soon-as-possible notice; monthly continuation satisfies pay.",A1753 s.36 inserting s.104EA.; current original-start/native calendar/cash source consumer review 2026-10-03,https://jtksabah.gov.my/images/warta_2025/A1753_-Labour_Ordinance_of_Sabah_Amendment_Act_2025.pdf,2026-10-03,2025-05-01,,IMPLEMENTED,"Full stated source scope integrated: distinct territorial paternity catalogue and LEAVE_ENTRY checks; married male/same-employer twelve months immediately before original seven-calendar-day period, actual spouse-confinement relationship bound across entries, confinement/lifetime ordinal up to five irrespective of spouses, thirty-day prenatal or actual as-early-as-possible postbirth notice. Native per-event identity/consistent facts preserve split entries and original commencement; original-start service anchor prevents a later split entry manufacturing qualification. Monthly continuation without abatement and actual daily/hourly/results ordinary cash target less measured retained pay are wired. Territorial domestic/vessel exclusions remain explicit. Source-only implementation; no behavior verification.",seed/jurisdiction/MY/leave_catalogue.json:MY_SABAH.PATERNITY_LEAVE; seed/jurisdiction/MY/jurisdiction_settings.json:MY_SABAH.checks; src/data/collection/leave_entries/+collection.ts; src/lib/leave/activity.ts; src/lib/leave/event-pool.ts; src/lib/leave/payroll.ts; src/lib/expressions/person-functions.ts:serviceSince,,,
MY-SWK-08,MY,leave,Sarawak parallel paternity entitlement under its distinct s.105EA.,A1754 s.38 inserting s.105EA.; current original-start/native calendar/cash source consumer review 2026-10-03,https://www.jtkswk.gov.my/v2/wp-content/uploads/2025/04/Act-A1754-LABOUR-ORDINANCE-OF-SARAWAK-AMENDMENT-ACT-2025-1.pdf,2026-10-03,2025-05-01,,IMPLEMENTED,"Full stated source scope integrated: distinct territorial paternity catalogue and LEAVE_ENTRY checks; married male/same-employer twelve months immediately before original seven-calendar-day period, actual spouse-confinement relationship bound across entries, confinement/lifetime ordinal up to five irrespective of spouses, thirty-day prenatal or actual as-early-as-possible postbirth notice. Native per-event identity/consistent facts preserve split entries and original commencement; original-start service anchor prevents a later split entry manufacturing qualification. Monthly continuation without abatement and actual daily/hourly/results ordinary cash target less measured retained pay are wired. Territorial domestic/vessel exclusions remain explicit. Source-only implementation; no behavior verification.",seed/jurisdiction/MY/leave_catalogue.json:MY_SARAWAK.PATERNITY_LEAVE; seed/jurisdiction/MY/jurisdiction_settings.json:MY_SARAWAK.checks; src/data/collection/leave_entries/+collection.ts; src/lib/leave/activity.ts; src/lib/leave/event-pool.ts; src/lib/leave/payroll.ts; src/lib/expressions/person-functions.ts:serviceSince,,,
MY-SBH-09,MY,leave,"Sabah maternity 98 days, eligibility/pay, protection, sick/hospitalization and annual leave as amended; specific prior-service and birth facts govern.",A1753 ss.22–29 and principal Cap.67; Sabah amended-law FAQ (https://www.jtksabah.gov.my/utama/en/pusat-bantuan/soalan-lazim-faq/) corroborates 14/18/22 sick plus 60 hospitalization. Full principal/subsidiary text and each boundary still required.,https://www.jtksabah.gov.my/utama/en/pusat-bantuan/soalan-lazim-faq/,2026-10-03,2025-05-01,,PARTIAL,"PARTIAL: actual Sabah leave/workplace source receivers price local maternity, annual and sick profiles. Remaining: original territorial prescribed minimum maternity instrument and all part-time hospitalisation/annual-unpaid-leave interactions; no silent Peninsular RM6 substitution.",,,,
MY-SWK-09,MY,leave,Sarawak analogous but separately numbered maternity/sick/annual provisions and exceptions.,A1754 ss.23–28 and Cap.76; Sarawak amended-law FAQ (https://www.jtkswk.gov.my/v2/?lang=en&page_id=3817). Do not copy a Peninsular entitlement without reconciling the Ordinance.,https://www.jtkswk.gov.my/v2/?lang=en&page_id=3817,2026-10-03,2025-05-01,,PARTIAL,"PARTIAL: actual Sarawak leave/workplace source receivers price local maternity, annual and sick profiles. Remaining: original territorial prescribed minimum maternity instrument and all part-time hospitalisation/annual-unpaid-leave interactions; no silent Peninsular RM6 substitution.",,,,
MY-SBH-10,MY,wages,"Sabah lawful deduction, advances, incentive/noncash arrangements, half-wage ceiling and written Director permissions.","Cap.67 ss.102,113,116 as amended by A1753 ss.30,42–43. Principal sections/2009 rules still need full check.",https://www.jtksabah.gov.my/utama/wp-content/uploads/2025/11/A1753_-Labour_Ordinance_of_Sabah_Amendment_Act_2025.pdf,2026-09-29,2025-05-01,,PARTIAL,"Source-integrated: actual dated territorial advance policy under Sabah102/114 uses employer/person calendar-month gross original principal, preceding-month/newjoiner actual expected-month wage basis, nine current local statutory excess purposes including livestock and actual2025 computer/medical/pendingSOCSO/education amendments, actual local Director written application/benefit/date/amount/conditions, original owned evidence and anticipated regular wage-due cohort conditional charge prohibition. Current2025 subsection(1a) immediate-family scope is the actual employees father/mother/spouse/children/siblings/guardianship, not an arbitrary recipient; source evidence must establish it. Actual original disbursement selects local worksite policy even for inherited flagged catalogue; independent housing loans unchanged. Remaining: actual unidentified Minister Gazette restricted-worker instrument activation (generic dated scope consumer now exists), full local deduction grounds/permissions/monthly and individual limits, incentives/noncash/amenity lifecycles. No verification performed. Actual purpose_recipients now require named original beneficiary/reference and SELF/FATHER/MOTHER/SPOUSE/CHILD/SIBLING/UNDER_EMPLOYEE_GUARDIANSHIP for medical/education; arbitrary recipient cannot use these automatic purposes.",seed/jurisdiction/MY/jurisdiction_settings.json:payroll.advance_salary; seed/jurisdiction/MY/loan_catalogue.json:advance_source_required; src/lib/advance-salary.ts; src/data/collection/loans/+collection.ts,,,
MY-SWK-10,MY,wages,"Sarawak separate deduction, advances and amenities/incentive permissions.","A1754 ss.32,44–45; Sarawak permit list (https://www.jtkswk.gov.my/v2/?lang=en&page_id=3768).",https://www.jtkswk.gov.my/v2/?lang=en&page_id=3768,2026-09-29,2025-05-01,,PARTIAL,"Source-integrated: actual dated territorial advance policy under Sarawak103/115 uses employer/person calendar-month gross original principal, preceding-month/newjoiner actual expected-month wage basis, nine current local statutory excess purposes including livestock and actual2025 computer/medical/pendingSOCSO/education amendments, actual local Director written application/benefit/date/amount/conditions, original owned evidence and anticipated regular wage-due cohort conditional charge prohibition. Current2025 subsection(1a) immediate-family scope is the actual employees father/mother/spouse/children/siblings/guardianship, not an arbitrary recipient; source evidence must establish it. Actual original disbursement selects local worksite policy even for inherited flagged catalogue; independent housing loans unchanged. Remaining: actual unidentified Minister Gazette restricted-worker instrument activation (generic dated scope consumer now exists), full local deduction grounds/permissions/monthly and individual limits, incentives/noncash/amenity lifecycles. No verification performed. Actual purpose_recipients now require named original beneficiary/reference and SELF/FATHER/MOTHER/SPOUSE/CHILD/SIBLING/UNDER_EMPLOYEE_GUARDIANSHIP for medical/education; arbitrary recipient cannot use these automatic purposes.",seed/jurisdiction/MY/jurisdiction_settings.json:payroll.advance_salary; seed/jurisdiction/MY/loan_catalogue.json:advance_source_required; src/lib/advance-salary.ts; src/data/collection/loans/+collection.ts,,,
MY-SBH-11,MY,severance,"Sabah termination/lay-off benefit, continuity and special-worker exclusions, reporting and notice.","Sabah 2008 termination/layoff rules index (https://www.jtksabah.gov.my/utama/en/sumber/kaedah-kaedah/), Cap.67 s.104F and First Schedule. Original regulation and amendments unread.",https://www.jtksabah.gov.my/utama/en/sumber/kaedah-kaedah/,2026-09-29,2025-05-01,,GAP,Current source audit; full implementation unresolved: Current closed-contract route deliberately refuses absent operative local termination/layoff subsidiary text. Actual2008 text with Sabah2012/Sarawak2009 amendment and full service/report/notice exclusions remain unavailable/unimplemented. Historical verification evidence retained; no new probe.,,,,
MY-SWK-11,MY,severance,"Sarawak distinct termination/lay-off benefits, service and notices.",Cap.76 s.105F/First Schedule; Sarawak legislation/forms index (https://www.jtkswk.gov.my/v2/?lang=en&page_id=3795). Original subsidiary regulation census open.,https://www.jtkswk.gov.my/v2/?lang=en&page_id=3795,2026-09-29,2025-05-01,,GAP,Current source audit; full implementation unresolved: Current closed-contract route deliberately refuses absent operative local termination/layoff subsidiary text. Actual2008 text with Sabah2012/Sarawak2009 amendment and full service/report/notice exclusions remain unavailable/unimplemented. Historical verification evidence retained; no new probe.,,,,
MY-SBH-12,MY,filing,"Sabah non-resident means a person who does not belong to Sabah, including some Malaysian citizens; licence before employment, 14-day commencement report and prescribed exit/absconding notice/repatriation. From 15 Feb 2026, the licence conditions tie worker to role/site, require prior written change permission, non-resident-first workforce reduction, employer-paid recruitment travel, 30-day pre-repatriation and 30-day post-termination notices, and renewal application within 60 days before expiry.","A1753 ss.43–45; JTK Sabah guidance (https://www.jtksabah.gov.my/utama/en/perkhidmatan-kami/pengurusan-pekerja-bukan-pemastautin/); P.U.(A)84/2026 (https://www.jtksabah.gov.my/utama/wp-content/uploads/2026/04/PUA84_2026-KAEDAH-KAEDAH-BURUH-LESEN-UNTUK-MENGGAJI-PEKERJA-BUKAN-PEMASTAUTIN-SABAH-2026-2.pdf), rr.1–4/Schedules. Case facts, licence and transitional probes open.",https://www.jtksabah.gov.my/utama/en/perkhidmatan-kami/pengurusan-pekerja-bukan-pemastautin/,2026-09-29,2026-02-15,,GAP,"Current source audit; full implementation unresolved: Actual nonresident source declarations are not a full worked-date licence/prior approval,14day commencement/cessation,renewal,repatriation,inspection/abscond enforcement and documentary receipt lifecycle. Historical verification evidence retained; no new probe.",,,,
MY-SWK-12,MY,filing,"Sarawak non-resident employment has separate licence/permit, prior approval and repatriation rules; Malaysian citizenship alone does not establish state belonging. From 15 Feb 2026, licence terms tie role/site, require 30-day notice after work completion, repatriation documents 14 days before departure, licence amendment application within 30 days of issue and renewal application within 60 days before expiry.","Cap.76; P.U.(A)85/2026 (https://www.jtkswk.gov.my/v2/wp-content/uploads/2026/03/PUA85_2026-KAEDAH-KAEDAH-BURUH-LESEN-UNTUK-MENGGAJI-PEKERJA-BUKAN-PEMASTAUTIN-SARAWAK-2026-1.pdf), rr.1–4/Schedules. Probe Sabah/Sarawak rule differences and commencement.",https://www.jtkswk.gov.my/v2/wp-content/uploads/2026/03/PUA85_2026-KAEDAH-KAEDAH-BURUH-LESEN-UNTUK-MENGGAJI-PEKERJA-BUKAN-PEMASTAUTIN-SARAWAK-2026-1.pdf,2026-09-29,2026-02-15,,GAP,"Current source audit; full implementation unresolved: Actual nonresident source declarations are not a full worked-date licence/prior approval,14day commencement/cessation,renewal,repatriation,inspection/abscond enforcement and documentary receipt lifecycle. Historical verification evidence retained; no new probe.",,,,
MY-SBH-20,MY,filing,"Sabah licence application from 15 February 2026: P.U.(A)84 r.3/First Schedule requires a non-resident worker aged at least 18, valid travel document, and no Malaysian-law conviction for either applicant or worker. The written/electronic application to the Director's office with worksite jurisdiction identifies both parties, worksite, designation, State/country of origin, and qualifications/experience where specified; the Director may approve on the Second Schedule form or refuse in writing. Sabah does not use Sarawak's category-specific general/domestic/vessel/visit age ladder.","AGC P.U.(A)84/2026, rr.1,3 and First/Second Schedules (https://lom.agc.gov.my/ilims/upload/portal/akta/outputp/3361755/PUA84_2026.pdf).",https://lom.agc.gov.my/ilims/upload/portal/akta/outputp/3361755/PUA84_2026.pdf,2026-09-29,2026-02-15,,EXTERNAL,"Inputs → output: Sabah-belonging, worker age/document/conviction, applicant conviction, job/site/qualification and submission/decision date → lawful application, accepted licence and employment gate. Legacy status: No [EXTERNAL 2026-09-29]. Evidence/open: no state-specific prerequisite/category classification or Director-issued licence/refusal evidence; focused 17/18-year, conviction and invalid-document probes absent.",,,,
MY-SBH-21,MY,filing,"Sabah P.U.(A)84 r.4/Schedules makes the licence non-transferable to another worker/employer, requires employment only in its listed role and site, prior written Director permission for any licence-information change, inspection availability and immediate replacement application if lost/damaged. On termination, the employer must file the Third Schedule notice with each worker's exit date/reason within 30 days. Those administrative conditions are separate from wage calculation.","AGC P.U.(A)84/2026, r.4(1)(a)–(c),(f),(h),(k)–(l), Second/Third Schedules (https://lom.agc.gov.my/ilims/upload/portal/akta/outputp/3361755/PUA84_2026.pdf).",https://lom.agc.gov.my/ilims/upload/portal/akta/outputp/3361755/PUA84_2026.pdf,2026-09-29,2026-02-15,,EXTERNAL,"Inputs → output: Licensed worker roster, named employer, role/site, proposed change/approval, inspection/replacement event and exit reason/date → valid work gate, timely filed exit roster and evidence. Legacy status: No [EXTERNAL 2026-09-29]. Evidence/open: no licence roster/change-approval/inspection/replacement or prescribed Third Schedule exit filing; test role/site transfers and day-30/day-31 notice.",,,,
MY-SWK-20,MY,filing,"Sarawak licence application from 15 February 2026: P.U.(A)85 r.3/First Schedule distinguishes general workers (18–45), skilled workers/expatriates (18+), domestic employees (21+), vessel workers (18+ plus Marine Fisheries recommendation or other approval), and Professional Visit Pass holders (valid travel document, relevant approval and a separate entertainment licence if under 18). Each category needs the prescribed identity/worksite/role/origin details and approval conditions. These limits are not in Sabah P.U.(A)84.","AGC P.U.(A)85/2026, rr.1,3 and First/Second Schedules (https://lom.agc.gov.my/ilims/upload/portal/akta/outputp/3361758/PUA85_2026.pdf).",https://lom.agc.gov.my/ilims/upload/portal/akta/outputp/3361758/PUA85_2026.pdf,2026-09-29,2026-02-15,,EXTERNAL,"Inputs → output: Sarawak-belonging, occupation/application category, age, passport, requisite authority/entertainment licence, employer/worksite and Director decision → permitted licence and lawful assignment or refusal. Legacy status: No [EXTERNAL 2026-09-29]. Evidence/open: no category-specific age/authority selectors or licence-decision evidence; probe general age 45/46, domestic 20/21, vessel recommendation and under-18 visit performer.",,,,
MY-SWK-21,MY,filing,"Sarawak P.U.(A)85 r.4 requires a written notice within six months of licence issue if an approved non-resident worker cannot enter Sarawak. It also requires the licence available for Director inspection, immediate application for a replacement if lost/damaged/defaced, and written application within 30 days of licence issue for information amendments. A worker's failure to arrive is distinct from termination after starting work.","AGC P.U.(A)85/2026, r.4(1)(g)–(j) (https://lom.agc.gov.my/ilims/upload/portal/akta/outputp/3361758/PUA85_2026.pdf).",https://lom.agc.gov.my/ilims/upload/portal/akta/outputp/3361758/PUA85_2026.pdf,2026-09-29,2026-02-15,,EXTERNAL,"Inputs → output: Licence issue/expiry, arrival and failed-entry evidence, information change, lost/inspection event, notice/application/receipt dates → non-arrival or amendment notice and current valid roster. Legacy status: No [EXTERNAL 2026-09-29]. Evidence/open: non-arrival/inspection/replacement duties and their dates have no workflow or probes; existing termination flags cannot stand in for a never-arrived worker.",,,,
MY-SBH-13,MY,records,"Sabah workplace notice/register, employee wage particulars, child/young-person and statutory orders; new Part IVA housing/accommodation is a separate commencement branch. P.U.(B)166/2025 expressly excluded Part IVA from the 1 May 2025 start. The Sabah Labour Department's housing page (https://www.jtksabah.gov.my/utama/en/perkhidmatan-kami/perumahan-penginapan-dan-kemudahan-pekerja/) describes certificate enforcement under Part IVA, but does not identify a later commencement Gazette. Do not impose the amended Part IVA certificate/rent rule for a period without that instrument; separately review pre-existing estate/mining housing duties.",A1753 Part IVA and Chapters XIVB (https://www.jtksabah.gov.my/utama/wp-content/uploads/2025/11/A1753_-Labour_Ordinance_of_Sabah_Amendment_Act_2025.pdf); P.U.(B)166/2025 commencement exception (https://www.jtksabah.gov.my/web/images/warta_2025/PU_B_166_2025_-_Pewartaan_Tarikh_Kuatkuasa_Akta_A1753_2.pdf); Sabah official housing page (https://www.jtksabah.gov.my/utama/en/perkhidmatan-kami/perumahan-penginapan-dan-kemudahan-pekerja/).,https://www.jtksabah.gov.my/utama/wp-content/uploads/2025/11/A1753_-Labour_Ordinance_of_Sabah_Amendment_Act_2025.pdf,2026-09-29,2025-05-01,,GAP,"Current source audit; full implementation unresolved: Workplace register/notice,child/supplied-labour and monetary order/housing commencement sources remain incomplete. New PartIVA commencement is explicitly not invented. Historical verification evidence retained; no new probe.",,,,
MY-SWK-13,MY,records,"Sarawak workplace register/notice, child/young-person, supplied-labour contractor duties and monetary orders; new Part IVA housing/accommodation requires its own commencement. P.U.(B)165/2025 expressly excepted Part IVA from 1 May 2025. Department FAQ discussion of Part IVA is not proof of a later commencement. Older estate/mining housing duties must be assessed separately until the amendment's operative date is authenticated.",A1754 Part IVA and Chapters XIVB (https://www.jtkswk.gov.my/v2/wp-content/uploads/2025/04/Act-A1754-LABOUR-ORDINANCE-OF-SARAWAK-AMENDMENT-ACT-2025-1.pdf); P.U.(B)165/2025 exception (https://www.jtkswk.gov.my/v2/wp-content/uploads/2025/05/PUB-165-2025.pdf); JTK Sarawak FAQ (https://www.jtkswk.gov.my/v2/?lang=en&page_id=3817).,https://www.jtkswk.gov.my/v2/wp-content/uploads/2025/04/Act-A1754-LABOUR-ORDINANCE-OF-SARAWAK-AMENDMENT-ACT-2025-1.pdf,2026-09-29,2025-05-01,,GAP,"Current source audit; full implementation unresolved: Workplace register/notice,child/supplied-labour and monetary order/housing commencement sources remain incomplete. New PartIVA commencement is explicitly not invented. Historical verification evidence retained; no new probe.",,,,
MY-SBH-14,MY,other,"Sabah 2008/2009/2012/2013 subsidiary instruments include overtime limit, deceased employee payment, termination/lay-off, employment register and part-time rules.","Sabah rules index (https://www.jtksabah.gov.my/utama/en/sumber/kaedah-kaedah/). All texts, schedules, amendments and operative status must be read before certification.",https://www.jtksabah.gov.my/utama/en/sumber/kaedah-kaedah/,2026-09-29,2025-05-01,,GAP,"Current source audit; full implementation unresolved: Operative subsidiary instruments still need a complete current index and source consumers,including local termination amendments,register/deceased payment/permissions and2026 instrument/nonresident rules. Historical verification evidence retained; no new probe.",,,,
MY-SWK-14,MY,other,"Sarawak subsidiary rules and orders need a complete current index, including separate 2026 payment-instrument and non-resident licensing instruments.","Sarawak Act/forms index (https://www.jtkswk.gov.my/v2/?lang=en&page_id=3795). Current index supplies only known instruments, not proof of no others.",https://www.jtkswk.gov.my/v2/?lang=en&page_id=3795,2026-09-29,2025-05-01,,GAP,"Current source audit; full implementation unresolved: Operative subsidiary instruments still need a complete current index and source consumers,including local termination amendments,register/deceased payment/permissions and2026 instrument/nonresident rules. Historical verification evidence retained; no new probe.",,,,
MY-SBH-16,MY,wages,"Sabah daily-paid worker's guaranteed week is six suitable work/pay days, excluding public holidays and Sunday/agreed rest day; fit and presenting worker earns ordinary rate or specified piece-rate comparison when work is unavailable.","Sabah Cap.67 June 2026 reference consolidation (https://sagc.sabah.gov.my/sites/default/files/law/Labour%20Ordinance%20%28Sabah%20Cap.%2067%29.pdf), s.10(1)–(2); check authenticated amendment trail.",https://sagc.sabah.gov.my/sites/default/files/law/Labour%20Ordinance%20%28Sabah%20Cap.%2067%29.pdf,2026-09-29,2025-05-01,,IMPLEMENTED,"Full stated source scope implemented, not production-path verified: Source-activated Sabah6-day suitable-work guarantee;holiday/rest exclusions;presented/fit actual days;previous exact week gross/worked days or actual comparable worker;partial-week available quantities;actual retained cash/source pins.. Historical verification evidence retained; no new probe.",,,,
MY-SWK-15,MY,wages,Sarawak daily-paid worker's guaranteed week is five and a half suitable work/pay days; its rule has an extra non-Saturday whole-day proviso. The 2025 amendment does not list s.11 as amended.,"Sarawak Cap.76 2006 reference reprint (https://lawnet.sarawak.gov.my/lawnet_file/Ordinance/ORD_F-LABOUR%20LawNet%28Watermark%29FRO.pdf), s.11(1)–(2); A1754 (https://www.jtkswk.gov.my/v2/wp-content/uploads/2025/04/Act-A1754-LABOUR-ORDINANCE-OF-SARAWAK-AMENDMENT-ACT-2025-1.pdf).",https://lawnet.sarawak.gov.my/lawnet_file/Ordinance/ORD_F-LABOUR%20LawNet%28Watermark%29FRO.pdf,2026-09-29,2025-05-01,,IMPLEMENTED,"Full stated source scope implemented, not production-path verified: Source-activated Sarawak5.5-day guarantee with actual excluded quota, Saturday half and non-Saturday whole-day proviso;actual fit/presented and previous-week/peer exact wage basis;retained cash/source pins.. Historical verification evidence retained; no new probe.",,,,
MY-SBH-17,MY,severance,Sabah s.118C bars resident-employee dismissal for non-resident replacement; s.118D redundancy requires dismissal of similarly positioned non-residents first; s.118E exempts Sabah permanent residents from this non-resident chapter.,"Sabah Cap.67 June 2026 reference consolidation (https://sagc.sabah.gov.my/sites/default/files/law/Labour%20Ordinance%20%28Sabah%20Cap.%2067%29.pdf), ss.118C–118E.",https://sagc.sabah.gov.my/sites/default/files/law/Labour%20Ordinance%20%28Sabah%20Cap.%2067%29.pdf,2026-09-29,2025-05-01,,GAP,Current source audit; full implementation unresolved: No complete actual resident replacement/redundancy comparator and ordered dismissal/transfer source workflow; citizenship alone is not local resident status. Historical verification evidence retained; no new probe.,,,,
MY-SBH-18,MY,hours,"Sabah flexible-working request to vary hours, days or place must be written; employer gives written approval/refusal within 60 days and reasons for refusal, respecting a collective agreement.","Sabah Cap.67 June 2026 reference consolidation (https://sagc.sabah.gov.my/sites/default/files/law/Labour%20Ordinance%20%28Sabah%20Cap.%2067%29.pdf), ss.120A–120B.",https://sagc.sabah.gov.my/sites/default/files/law/Labour%20Ordinance%20%28Sabah%20Cap.%2067%29.pdf,2026-10-03,2025-05-01,,PARTIAL,Source-integrated Wave1: Sabah ss120A-120B actual written request/received date/variation/original proposed terms/Director form and collective-agreement assessment are captured by SABAH_FLEXIBLE_REQUEST_SOURCE. Actual immutable fulfilled source creates SABAH_FLEXIBLE_WRITTEN_RESPONSE with native-derived sixty-calendar-day deadline; completion requires original written communication and refusal grounds. The immutable native-derived response due date also binds the original receipt lower boundary (due minus sixty); response chronology cannot precede actual receipt. Truthful late responses preserve lateness. Remaining: exact operative Director-prescribed form/manner and actual contract/ChapterXIV/CBA compatibility source admission are not established by document references alone; actual approved arrangement transfer to dated terms/roster remains unresolved. No tests/probes/builds or verification performed.,"jurisdiction_settings[MY_SABAH].duty_types:SABAH_FLEXIBLE_REQUEST_SOURCE,SABAH_FLEXIBLE_WRITTEN_RESPONSE",,,
MY-SBH-19,MY,records,"Sabah written service terms, discrimination/forced-labour prohibition, workplace notice board, registers, returns and child/young-person work limits remain HR obligations even where they produce no automatic payslip line.","Sabah Cap.67 June 2026 reference consolidation (https://sagc.sabah.gov.my/sites/default/files/law/Labour%20Ordinance%20%28Sabah%20Cap.%2067%29.pdf), ss.18–18B,57–59A,70A–74B,123BA.",https://sagc.sabah.gov.my/sites/default/files/law/Labour%20Ordinance%20%28Sabah%20Cap.%2067%29.pdf,2026-09-29,2025-05-01,,GAP,"Current source audit; full implementation unresolved: No complete native written terms/notice/returns,discrimination/forced-labour and child work/inspection permission lifecycle. Historical verification evidence retained; no new probe.",,,,
MY-SWK-16,MY,filing,"Sarawak retrenchment, VSS, temporary lay-off and pay cut require JTKSWK19 reporting: initial parts at least 30 days before action, post-action parts at 14/30 days as applicable.",JTK Sarawak JTKSWK19 official form (https://www.jtkswk.gov.my/v2/wp-content/uploads/2022/12/Borang-Pemberhentian-Pekerja-jtkswk19.pdf); Department retrenchment guidance (https://www.jtkswk.gov.my/v2/?lang=en&page_id=3765).,https://www.jtkswk.gov.my/v2/wp-content/uploads/2022/12/Borang-Pemberhentian-Pekerja-jtkswk19.pdf,2026-09-29,2025-05-01,,EXTERNAL,"Inputs → output: Action type/date, notice receipt, employer and affected worker particulars → timely filed report and acceptance evidence. Legacy status: No [EXTERNAL 2026-09-29]. Evidence/open: filed form/receipt and legal instrument currency must be reconciled; a calculated severance line is insufficient.",,,,
MY-IDX-DRIFT,MY,other,"Checked 28 September 2026: `STATUTORY_SOURCES.MY` in `src/lib/statutory_sources.ts` lists only lom.agc, kwsp, perkeso, hasil, jtksm, gajiminimum, hrdcorp, johor, kabinet, belanjawan.mof and mof. It omits hosts this register depends on: jtksabah.gov.my, jtkswk.gov.my, lawnet.sarawak.gov.my, sag.sarawak.gov.my, sagc.sabah.gov.my, sabah.gov.my, dosh.gov.my and parlimen.gov.my (bills passed but not yet gazetted, such as `MY-EIS-02`). hrdcorp.gov.my stays listed although its circulars index returned 403 again; LOM P.U.(A) is the HRD fallback.",Official source indices (see provision),https://lawnet.sarawak.gov.my/lawnet/Law/TLnetPublicLawList.jsp,2026-10-02,,,TESTED,"Seed omission corrected in every MY settings version: the eight territorial, occupational-safety and Parliament primary-source indices are now in sources.research_domains and sources.urls, with publisher and commencement guidance. Golden asserts all eight origins across the sealed versions; statutory-drift tests prove the automation consumes configured research domains. 9 focused source/boundary tests passed 2026-10-02. No live research-agent production probe; inaccessible documents remain separate source blockers.",sources.research_domains,"MY drift sources: each sealed version covers the territorial, safety and Parliament indices",,
MY-EA01,MY,other,"Employment Act 1955 ss.1–2B, First Schedule, s.101C: geographic scope, contract of service, definitions, orders/exemptions and statutory employment presumptions.","Employment Act 1955 (Act 265) ss.1–2B, First Schedule, s.101C, AGC reprint as at 1 August 2023 (latest amendment A1651)",https://lom.agc.gov.my/ilims/upload/portal/akta/outputaktap/1744567_BI/Reprint%20Act%20265%20(Final).pdf,2026-09-29,2023-01-01,,PARTIAL,Current source audit; full implementation unresolved: Typed worksite/current coverage exists. Whole geographic/FirstSchedule/statutory employment presumption and actual orders/exemptions are not implemented as a complete admission/classification workflow. Historical verification evidence retained; no new probe.,"work_rules.overtime_when (First Schedule terms.statutory_wages, terms.statutory_work_category); payroll.vocabularies.statutory_work_category","${code} — First Schedule wage classes govern the RM4,000 overtime coverage threshold",MY-EA01-1,2026-09-29
MY-EA02,MY,wages,"Employment Act 1955 ss.6–7B: existing contracts, statutory minimum and more favourable terms.","Employment Act 1955 (Act 265) ss.6–7B, AGC reprint as at 1 August 2023 (latest amendment A1651)",https://lom.agc.gov.my/ilims/upload/portal/akta/outputaktap/1744567_BI/Reprint%20Act%20265%20(Final).pdf,2026-09-29,,,PARTIAL,Current source audit; full implementation unresolved: Current minimum and contract bands exist. Whole existing-contract and more-favourable entitlement/cash comparison is not enforced for every statutory condition; some source paths still select configured statutory floors without full contractual superiority comparator. Historical verification evidence retained; no new probe.,employment_terms (versioned contracts); work_rules.bands (MY statutory floor),"MY — a short rest day or holiday is lifted to the Act’s day awards (EA s.60I(2), s.7)",MY-SR17-1; MY-EA31-1,
MY-EA03,MY,records,"Employment Act 1955 ss.8,10: union rights, written contracts and termination terms.","Employment Act 1955 (Act 265) ss.8,10, AGC reprint as at 1 August 2023 (latest amendment A1651)",https://lom.agc.gov.my/ilims/upload/portal/akta/outputaktap/1744567_BI/Reprint%20Act%20265%20(Final).pdf,2026-09-29,,,EXTERNAL,"Source trace: `WRITTEN_CONTRACT` / `TERMS_PARTICULARS_ISSUE` obligations. Contract contents, issue evidence and non-restriction are procedural; s.17A scope still applies. Legacy status: No [PROBE 2026-09-29]. Open: Provision-specific input, output and saved-run evidence have not been independently certified.",obligations:WRITTEN_CONTRACT; obligations:TERMS_PARTICULARS_ISSUE,,,
MY-EA04,MY,notice,Employment Act 1955 s.11: fixed-period/task completion versus termination of indefinite employment.,"Employment Act 1955 (Act 265) s.11, AGC reprint as at 1 August 2023 (latest amendment A1651)",https://lom.agc.gov.my/ilims/upload/portal/akta/outputaktap/1744567_BI/Reprint%20Act%20265%20(Final).pdf,2026-10-03,,,PARTIAL,"PARTIAL: six national END_OF_CONTRACT admissions distinguish original specified-period expiry and actually completed specified work; original governing contract/history, completion route/result, and effective day bind immutable scalar/file proof to inclusive saved legal departure. Future actual work completion is refused using observed native clock; planned signed expiry remains distinct. Approved-form/filed-copy apprenticeship exceptions require both original DG sources. Native existing-employment same-write EXIT proof and author input are paired. Remaining: complete original contract variation/history and every early-termination or unspecified-contract continuation branch.","exit_facts:contract_completion_*,contract_apprenticeship_*; employments.departureFactsMissing",,,
MY-EA05,MY,notice,"Employment Act 1955 ss.12–13,57: notice, statutory floors, waiver, indemnity and domestic contractual variation.","Employment Act 1955 (Act 265) ss.12–13,57, AGC reprint as at 1 August 2023 (latest amendment A1651)",https://lom.agc.gov.my/ilims/upload/portal/akta/outputaktap/1744567_BI/Reprint%20Act%20265%20(Final).pdf,2026-10-03,,,PARTIAL,"PARTIAL: actual notice floors, exceptions, waiver and indemnity receivers exist. National termination party, apprenticeship approval/filed-copy, misconduct and notice-exception declarations bind immutable original scalar/file proof; actual completed s14/s81C inquiry and decision chronology is admitted before monetary consequences. Existing-employment same-write EXIT author workflow is paired. Remaining: full domestic s57 contractual variation and original notice-indemnity party/payment timing conservation, including competent reversal.","exit_facts:notice_given,notice_given_on,notice_waived_days,notice_termination_party,notice_exception; adhoc_catalogue:NOTICE_IN_LIEU,NOTICE_INDEMNITY; obligations:RETRENCHMENT_NOTICE_PERIOD; exit_facts:notice_apprenticeship_form_approval_reference,notice_apprenticeship_copy_filed_reference",${code}: partly served notice values only 1–16 February,MY-EA05-1; MY-SR10-1; MY-SR10-2; MY-EA05-2,2026-09-29
MY-EA06,MY,other,"Employment Act 1955 s.14 and s.81C: misconduct inquiry, half-pay suspension, restoration and disciplinary suspension.","Employment Act 1955 (Act 265) s.14 and s.81C, AGC reprint as at 1 August 2023 (latest amendment A1651)",https://lom.agc.gov.my/ilims/upload/portal/akta/outputaktap/1744567_BI/Reprint%20Act%20265%20(Final).pdf,2026-10-03,,,PARTIAL,"PARTIAL: six national s14 due-inquiry dismissal and s81C proved-harassment dismissal sources distinguish their legal routes and require original completed inquiry/findings/decision with exact immutable scalar/file proof and actual observed chronology. Native departure admission consumes these facts before existing notice/leave/termination consequences. Remaining: pending-inquiry half-pay suspension, withheld-wage restoration, distinct punitive suspension/lesser punishment, competent reversal and resulting financial conservation.",,,,
MY-EA07,MY,notice,"Employment Act 1955 ss.15,16(2): deemed breach, including wage nonpayment and absence with excuses/notification.","Employment Act 1955 (Act 265) ss.15,16(2), AGC reprint as at 1 August 2023 (latest amendment A1651)",https://lom.agc.gov.my/ilims/upload/portal/akta/outputaktap/1744567_BI/Reprint%20Act%20265%20(Final).pdf,2026-09-29,,,GAP,"Current source audit; full implementation unresolved: Explicit absence/entitlement guards exist. Actual wage-nonpayment breach and absence>two consecutive working days with lawful excuse/attempted notification,plus estate breach conditions,are not one complete native deemed-breach classifier. Historical verification evidence retained; no new probe.",,,,
MY-EA08,MY,wages,Employment Act 1955 s.16(1): agricultural-estate work/pay guarantee.,"Employment Act 1955 (Act 265) s.16(1), AGC reprint as at 1 August 2023 (latest amendment A1651)",https://lom.agc.gov.my/ilims/upload/portal/akta/outputaktap/1744567_BI/Reprint%20Act%20265%20(Final).pdf,2026-09-29,,,IMPLEMENTED,"Full stated source scope implemented, not production-path verified: Actual agricultural-estate daily contract; complete employment month;24 suitable days with6/week bound; actual willing/fit and DG dispute source; approved/filed apprenticeship exclusion; retained cash and original paid-period basis.. Historical verification evidence retained; no new probe.",,,,
MY-EA09,MY,notice,Employment Act 1955 s.17A: approved and filed apprenticeships excluded from ss.10–16.,"Employment Act 1955 (Act 265) s.17A, AGC reprint as at 1 August 2023 (latest amendment A1651)",https://lom.agc.gov.my/ilims/upload/portal/akta/outputaktap/1744567_BI/Reprint%20Act%20265%20(Final).pdf,2026-09-29,,,TESTED,"Golden asserts approved-and-filed apprenticeship zeroes both NOTICE_IN_LIEU and NOTICE_INDEMNITY while an INTERN without the declaration still gets 3,000, and the declarations test requires notice_exception_reference when the apprenticeship is declared (my-notice-catalogue 96/96). Only the s.12–13 notice effect is priced; ss.10–11, 14–16 exclusions have no payroll line. No probe.","exit_facts:notice_approved_apprenticeship; adhoc_catalogue:NOTICE_IN_LIEU,NOTICE_INDEMNITY",${code} notice routing ${row.id}: actual terminating party and statutory exceptions; ${code} notice declarations ${row.id}: exception applicability and evidence,,
MY-EA10,MY,wages,Employment Act 1955 s.18: wage period and default where unspecified.,"Employment Act 1955 (Act 265) s.18, AGC reprint as at 1 August 2023 (latest amendment A1651)",https://lom.agc.gov.my/ilims/upload/portal/akta/outputaktap/1744567_BI/Reprint%20Act%20265%20(Final).pdf,2026-10-03,,,IMPLEMENTED,"Source-complete: six national s18 policies cap actual REGULAR/EARLY/FINAL salary windows at one calendar month through calendar anniversary minus one day, preserving lawful shorter weekly/ten-day/instalment windows and refusing longer INTEGER_MONTHS. Native company admission applies the actual in-force maximum and source MONTHLY fallback when cadence is unspecified; existing monthly model default is preserved. Employee DAILY/HOURLY wage-rate units are untouched; adHoc payment runs do not redefine the salary wage period. IMPLEMENTED source-only; no new verification performed and historical proof retained.",seed/jurisdiction/MY/jurisdiction_settings.json:payroll.regular_wage_maximum_calendar_months/default_regular_wage_cadence; src/data/collection/companies/+collection.ts; src/lib/payroll/run/engine.ts,,MY-EPF-01-1,2026-09-29
MY-EA11,MY,proration,"Employment Act 1955 s.18A: monthly-wage proration for joining, leaving, unpaid leave and national service.","Employment Act 1955 (Act 265) s.18A, AGC reprint as at 1 August 2023 (latest amendment A1651)",https://lom.agc.gov.my/ilims/upload/portal/akta/outputaktap/1744567_BI/Reprint%20Act%20265%20(Final).pdf,2026-10-03,2023-01-01,,PARTIAL,"PARTIAL: joining/leaving/unpaid-leave proration exists. Six national NATIONAL_SERVICE_LEAVE policies admit original legal order, actual calendar-day attendance coverage and explicit employer-paid fraction preserving superior terms; existing CALENDAR_DAYS non-NPL receiver prorates monthly base. Remaining: all statutory wage components and original wage-period versus attendance-cutoff attribution; national-service documentary declarations do not yet bind independently attested scalar values.",work_rules.proration.by; leave_catalogue:NATIONAL_SERVICE_LEAVE,"${code} — a joiner on the 11th is s.18A(a) days of the calendar month, every scheme on what was paid",MY-EA11-1; MY-EA11-2; MY-EA11-3; MY-PCB-01-2; MY-EA11-4,2026-09-29
MY-EA12,MY,final_pay,"Employment Act 1955 ss.19–21: ordinary/premium deadlines, authorised extensions and each final-pay route.","Employment Act 1955 (Act 265) ss.19–21, AGC reprint as at 1 August 2023 (latest amendment A1651)",https://lom.agc.gov.my/ilims/upload/portal/akta/outputaktap/1744567_BI/Reprint%20Act%20265%20(Final).pdf,2026-09-29,,,TESTED,"TESTED: s.19(1)–(2), s.20 and s.21 deadlines are golden-tested (also ""${code} — wages by the seventh day after the wage period, overtime by the last day of the next (EA s.19(1)–(2))""). Actual payment evidence is external. | Source trace: `contribution.ts` final-pay issues and wage-deadline obligations. Review open for actual payment enforcement, actor/ground selection, extensions and earned-through dates. R14/R23 interactions remain. Legacy status: No [PROBE 2026-09-29]. Open: Golden 2026-09-28: `tests/statutory-golden-my.test.ts` “final wages are due on the last day, or the third day after a walk-out” (MY) proves the s.20, s.21(1) and s.21(2) FINAL_PAY_LATE branches and the on-time boundary (exit on pay date; walk-out with the third day after the pay date), against the AGC reprint as at 1 August 2023. Open: s.19(1) seventh-day and s.19(2) OT/rest/holiday next-period deadlines, s.19(3) Director General extensions, actual payment enforcement and earned-through dates. Round 3 (2026-09-28): s.19 (AGC reprint as at 1 August 2023) golden “wages by the seventh day after the wage period, overtime by the last day of the next” (both profiles): a monthly run pays on the period's last day (inside s.19(1)'s seventh day) and overtime worked after the 21st cutoff is paid in the next month's run on its last day — the s.19(2) day itself. s.19(3) only extends the time on the Director General's approval, so no run date can breach it while the pay date is the period end; there is no configurable payday that would need a s.19 lateness check. | [Round 3 — 2026-09-28] New goldens (both profiles): HRDF base on exit leave pay (leaver test); EA s.19(1)–(2) run timing; Schedule 6 para 21. F15 2026-09-30: exit_facts.terminated_without_notice (s.21(2) walk-out; required_when exit_ground RESIGNATION) missing on a departure is refused at the employments write naming the leaver, not left to a failed leave_encashment_on_exit run (golden: tests/employments.test.ts ""a departure write that leaves an owed declaration unrecorded is refused, naming the leaver""). | [Phase 2 2026-10-01] Duty types seeded in every active MY version (obligation ledger L1): WAGE_PAYMENT_DEADLINE (RUN_FINALISED: the seventh day after the wage period ends, s.19(1); amount the run’s net); each instance carries its due day, amount and evidence (reference, paid/submitted day). Probe pending: the harness checks `saved` rows before any automation runs, so an obligation instance the daily obligation_calendar sweep raises cannot yet be pinned (harness H1 gap). The later deadline for rest-day, holiday and overtime wages (s.19(2)) is not split out.",payroll.final_pay_deadlines; obligations:WAGE_PAYMENT_DEADLINE; obligations:TERMINATION_BENEFITS_FINAL_WAGES; duty_types:WAGE_PAYMENT_DEADLINE,"${code} — final wages are due on the last day, or the third day after a walk-out (EA ss.20, 21(1), 21(2))",,
MY-EA13,MY,wages,"Employment Act 1955 ss.22,27: unearned advance aggregate, permitted purposes and prohibited interest/charges.","Employment Act 1955 (Act 265) ss.22,27, AGC reprint as at 1 August 2023 (latest amendment A1651)",https://lom.agc.gov.my/ilims/upload/portal/akta/outputaktap/1744567_BI/Reprint%20Act%20265%20(Final).pdf,2026-10-03,,,IMPLEMENTED,"Source-integrated full stated ss22/27 scope: all six national policies declare original disbursement-day wage_limit_applies_when excluding the FirstSchedule domestic s22 exception; actual loans caller passes the dated PERSON subject and dated governing settings. Native admitAdvanceSalary validates complete employer/person calendar-month unearned gross advances, preceding-month or actual newjoiner expected-month wage basis, source-declared statutory purposes and exact medical/education beneficiary classes, actual written DirectorGeneral application/benefit/permission dates/amount/conditions, and optional dated Gazette instrument plus ALL/PERSON/CLASS qualification. Original disbursement/wage/fee/permission owned files are admitted. Section27 actual anticipated payday cohort (including prior-month advances) independently prohibits discount/interest/similar charges where aggregate does not exceed one-month wages, including domestic workers; unrelated genuine loans are separate. No additional operative Gazette purpose is invented or activated without primary instrument/source. Source reviewed against current Act265 ss22/27 and FirstSchedule2(5); no tests/probes/builds and no VERIFIED promotion.","payroll.advance_salary; loan_catalogue:SALARY_ADVANCE,LOAN_RECOVERY_FESTIVE_ADVANCE; loans.advance_source; src/lib/advance-salary.ts",,,
MY-EA14,MY,leave,Employment Act 1955 s.23: custody/court absence; employer-witness exception.,"Employment Act 1955 (Act 265) s.23, AGC reprint as at 1 August 2023 (latest amendment A1651)",https://lom.agc.gov.my/ilims/upload/portal/akta/outputaktap/1744567_BI/Reprint%20Act%20265%20(Final).pdf,2026-10-02,,,IMPLEMENTED,"Full stated source scope implemented, not production-path verified: Every s23 ground including travel; employer-witness retained pay; monthly/daily/hourly and partial-day charge paths; no encashment; ordinary dated deduction/settlement continuation.. Historical verification evidence retained; no new probe.",leave_catalogue:COURT_CUSTODY_ABSENCE,MY s.23 — every settings version classifies court and custody absence without encashment; MY s.23 — classified court and custody absence deducts RM100; employer witness preserves RM3100; MY s.23 — a half-day court absence deducts RM50; a half-day employer witness keeps RM3100; MY s.23 — daily and hourly court absence removes earned units; employer witness preserves them,MY-EA14-1,2026-10-02
MY-EA15,MY,wages,"Employment Act 1955 s.24: lawful grounds, permissions, individual/monthly limits and exceptions.","Employment Act 1955 (Act 265) s.24, AGC reprint as at 1 August 2023 (latest amendment A1651)",https://lom.agc.gov.my/ilims/upload/portal/akta/outputaktap/1744567_BI/Reprint%20Act%20265%20(Final).pdf,2026-09-29,,,PARTIAL,Current source audit; full implementation unresolved: Native deduction permissions/bank-day caps exist. Whole s24 ground/permission/window/individual-month/final-pay/actual transaction conservation branches are not fully reconciled for every catalogue and source route. Historical verification evidence retained; no new probe.,payroll.deduction_ceiling; adhoc_catalogue:ACCOMMODATION_RENT,"MY EA s.24(9)(c): approved housing adds at most a quarter, solely for housing recovery",MY-ACCOM-01-1; MY-ACCOM-01-2,2026-10-02
MY-EA16,MY,wages,"Employment Act 1955 ss.25–25A: permitted institution/account, employee request and DG-approved cash/cheque, withdrawal timing.","Employment Act 1955 (Act 265) ss.25–25A, AGC reprint as at 1 August 2023 (latest amendment A1651)",https://lom.agc.gov.my/ilims/upload/portal/akta/outputaktap/1744567_BI/Reprint%20Act%20265%20(Final).pdf,2026-10-03,,,PARTIAL,"PARTIAL: actual payment_events, individual PAID slips and source-proven gross-wage/REGULAR_WAGE source_cash_payments admit original actor/payment/account, institution qualification, employee written cash/cheque request, competent approval and withdrawal sources; nonqualified actual cash remains retained with findings. Seeded PUA201/2024 all-worker and PUA137/2025 noncitizen recognition intervals/issuer identities are exact, with no assumed continuing licence. Original request/approval/handling/withdrawal/DG dispute-decision and distinct s25(2) court case-decision duty chains bind immutable exact scalar/file evidence; actual DUE-to-proof-to-FULFILLED admission validates approved owned original bytes, source observation and validity before qualifying their keys. Remaining: operative licence approval/cancellation history, execution of withheld-request/DG remedies, remaining unknown cash-head wage classification, and original improperly-paid wage/court principal-tax-prior satisfaction conservation; no monetary debt or compliance inferred from documentary capture.",payroll.payment_method_qualification; payment_events.payment_method_source; payslips.payment_method_source; source_cash_payments.payment_method_source; duty_types:PAYMENT_METHOD_*_SOURCE,,,
MY-EA17,MY,wages,"Employment Act 1955 ss.26,28–29: spending restrictions, payment venues and permitted non-cash amenities.","Employment Act 1955 (Act 265) ss.26,28–29, AGC reprint as at 1 August 2023 (latest amendment A1651)",https://lom.agc.gov.my/ilims/upload/portal/akta/outputaktap/1744567_BI/Reprint%20Act%20265%20(Final).pdf,2026-09-29,,,EXTERNAL,Source trace: Contract/payment procedure; review open for evidence and amenity approval/value feeding deductions. No new wage amount arises merely from a venue restriction. Legacy status: No [IN-SYSTEM 2026-09-29].,,,,
MY-EA18,MY,final_pay,Employment Act 1955 ss.31–32: priority of specified wage debts in distribution.,"Employment Act 1955 (Act 265) ss.31–32, AGC reprint as at 1 August 2023 (latest amendment A1651)",https://lom.agc.gov.my/ilims/upload/portal/akta/outputaktap/1744567_BI/Reprint%20Act%20265%20(Final).pdf,2026-09-29,,,EXTERNAL,"Source trace: Review open for covered debt categories, four-month wage limit, statutory priorities and court-directed allocation. Distribution procedure is external; any allocation calculated by the product still needs a monetary mechanism. Legacy status: No [IN-SYSTEM 2026-09-29].",,,,
MY-EA19,MY,wages,Employment Act 1955 s.33: principal/contractor joint wage liability.,"Employment Act 1955 (Act 265) s.33, AGC reprint as at 1 August 2023 (latest amendment A1651)",https://lom.agc.gov.my/ilims/upload/portal/akta/outputaktap/1744567_BI/Reprint%20Act%20265%20(Final).pdf,2026-09-29,,,EXTERNAL,"Source trace: Review open for contracting chain, construction exception, three-month wage limit, claim timing and contributions between liable parties. This is not satisfied by the employee's ordinary payslip total. Legacy status: No [IN-SYSTEM 2026-09-29].",,,,
MY-EA20,MY,records,"Employment Act 1955 s.33A: labour contractor registration, written supply contract and register.","Employment Act 1955 (Act 265) s.33A, AGC reprint as at 1 August 2023 (latest amendment A1651)",https://lom.agc.gov.my/ilims/upload/portal/akta/outputaktap/1744567_BI/Reprint%20Act%20265%20(Final).pdf,2026-09-29,,,EXTERNAL,Source trace: Procedure/evidence; dedicated register and contract mapping remain review open. Legacy status: No [IN-SYSTEM 2026-09-29].,,,,
MY-EA21,MY,leave,"Employment Act 1955 ss.2,37(1): confinement definition, maternity period, commencement and certified early return.","Employment Act 1955 (Act 265) ss.2,37(1), AGC reprint as at 1 August 2023 (latest amendment A1651)",https://lom.agc.gov.my/ilims/upload/portal/akta/outputaktap/1744567_BI/Reprint%20Act%20265%20(Final).pdf,2026-09-30,,,IMPLEMENTED,"Full stated source scope implemented, not production-path verified: Actual22-week confinement/result and first/last-born date;98-day event-consistent period; lawful commencement and employer-required advance medical certification; employee-consented certified early return linked to actual leave ID.. Historical verification evidence retained; no new probe.",leave_catalogue:MATERNITY_LEAVE; leave_entries.episode_id,"${lineage} — the Employment Act leave ladders, on every sealed version",MY-EA22-1; MY-EA22-2,
MY-EA22,MY,leave,"Employment Act 1955 s.37(2)(a),42(2): maternity employment history at confinement, including deemed notice service.","Employment Act 1955 (Act 265) s.37(2)(a),42(2), AGC reprint as at 1 August 2023 (latest amendment A1651)",https://lom.agc.gov.my/ilims/upload/portal/akta/outputaktap/1744567_BI/Reprint%20Act%20265%20(Final).pdf,2026-09-30,,,PARTIAL,Current source audit; full implementation unresolved: Current actual service/qualification history exists. Deemed statutory notice-period service under s42(2) is not a complete native service source/counting path; general predecessor history alone does not establish it. Historical verification evidence retained; no new probe.,leave_catalogue:MATERNITY_LEAVE.pay_fraction; leave_entries.episode_id,"${lineage} — the Employment Act leave ladders, on every sealed version",MY-EA22-1; MY-EA22-2,
MY-EA23,MY,leave,Employment Act 1955 ss.37(1)(c)–(d): surviving natural children at confinement.,"Employment Act 1955 (Act 265) ss.37(1)(c)–(d), AGC reprint as at 1 August 2023 (latest amendment A1651)",https://lom.agc.gov.my/ilims/upload/portal/akta/outputaktap/1744567_BI/Reprint%20Act%20265%20(Final).pdf,2026-09-29,,,IMPLEMENTED,"Full stated source scope implemented, not production-path verified: Natural surviving children counted at actual confinement;five threshold; adopted/deceased/future births do not count as surviving natural children at that event; paid month qualification stays distinct.. Historical verification evidence retained; no new probe.",leave_catalogue:MATERNITY_LEAVE.pay_fraction,,,
MY-EA24,MY,leave,"Employment Act 1955 ss.37(2)(b)–(c),60I and 1976 minimum-allowance regulations: amount and monthly continuation.","Employment Act 1955 (Act 265) ss.37(2)(b)–(c),60I and 1976 minimum-allowance regulations, AGC reprint as at 1 August 2023 (latest amendment A1651)",https://lom.agc.gov.my/ilims/upload/portal/akta/outputaktap/1744567_BI/Reprint%20Act%20265%20(Final).pdf,2026-10-02,,,PARTIAL,Current source audit; full implementation unresolved: Monthly deemed and daily/hourly/piece calendar target/RM6 paths are integrated. Full piece minimum-basic coexistence still refuses unclassified maternity allowance; historical ORP source qualification and legally included minimum basis remain residual. Historical verification evidence retained; no new probe.,leave_catalogue:MATERNITY_LEAVE.time_off_amount; leave_catalogue:MATERNITY_LEAVE.pay_fraction,MY maternity cash target — ${frequency} preceding ORP RM100 pays31calendar days RM3100 including9nonrostered days; MY maternity cash target — lawful hourly RM8.72 short roster ORP RM4.36 is floored to RM6 on31calendar days,MY-SR06-MONTHLY; MY-SR06-DAILY; MY-SR06-HOURLY; MY-SR06-FLOOR; MY-SR06-CONTINUATION,2026-10-02
MY-EA25,MY,leave,Employment Act 1955 ss.37(2)(d)–(3): multiple-employer claim ceiling and inter-employer contribution.,"Employment Act 1955 (Act 265) ss.37(2)(d)–(3), AGC reprint as at 1 August 2023 (latest amendment A1651)",https://lom.agc.gov.my/ilims/upload/portal/akta/outputaktap/1744567_BI/Reprint%20Act%20265%20(Final).pdf,2026-09-29,,,GAP,Current source audit; full implementation unresolved: No complete multi-employer maternity allowance ceiling/original payer/contribution apportionment with immutable actual claim/payment sources across distinct legal employers. Historical verification evidence retained; no new probe.,,,,
MY-EA26,MY,leave,"Employment Act 1955 ss.38–41: maternity pay cadence, death/nominee, notice suspension/forfeiture and exceptions.","Employment Act 1955 (Act 265) ss.38–41, AGC reprint as at 1 August 2023 (latest amendment A1651)",https://lom.agc.gov.my/ilims/upload/portal/akta/outputaktap/1744567_BI/Reprint%20Act%20265%20(Final).pdf,2026-09-29,,,GAP,"Current source audit; full implementation unresolved: Actual s40 component hold/release is source-integrated. Mother/child death consequences,original nominee and actual inter-payer payment cadence/exception/forfeiture branches are not a complete MY native workflow. Historical verification evidence retained; no new probe.",,,,
MY-EA27,MY,notice,"Employment Act 1955 ss.37(4),41A,42(1): termination protections during pregnancy/leave and certified illness.","Employment Act 1955 (Act 265) ss.37(4),41A,42(1), AGC reprint as at 1 August 2023 (latest amendment A1651)",https://lom.agc.gov.my/ilims/upload/portal/akta/outputaktap/1744567_BI/Reprint%20Act%20265%20(Final).pdf,2026-09-29,,,GAP,Current source audit; full implementation unresolved: No full native pregnancy/maternity/certified post-period illness termination-protection classifier with actual permitted grounds/medical interval and original liability consequences. Historical verification evidence retained; no new probe.,,,,
MY-EA28,MY,records,Employment Act 1955 ss.43–44: non-waiver and maternity allowance register.,"Employment Act 1955 (Act 265) ss.43–44, AGC reprint as at 1 August 2023 (latest amendment A1651)",https://lom.agc.gov.my/ilims/upload/portal/akta/outputaktap/1744567_BI/Reprint%20Act%20265%20(Final).pdf,2026-09-29,,,GAP,Current source audit; full implementation unresolved: Nonwaiver is not a complete maternity register with actual statutory particulars/nominee/payment/acknowledgement sources; generic payslips and EPF register do not substitute. Historical verification evidence retained; no new probe.,,,,
MY-EA29,MY,filing,Employment Act 1955 ss.57A–57B: foreign domestic employment and departure notices.,"Employment Act 1955 (Act 265) ss.57A–57B, AGC reprint as at 1 August 2023 (latest amendment A1651)",https://lom.agc.gov.my/ilims/upload/portal/akta/outputaktap/1744567_BI/Reprint%20Act%20265%20(Final).pdf,2026-09-29,,,EXTERNAL,"Source trace: Review open for distinct 30-day routes, including pass expiry/repatriation/absconding, and interaction with Part XIIB. Do not substitute the ordinary foreign-worker departure deadline without resolving scope. Legacy status: No [IN-SYSTEM 2026-09-29].",obligations:FOREIGN_EMPLOYEE_TERMINATION_NOTICE,,,
MY-EA30,MY,rest_holiday,"Employment Act 1955 ss.59–60: rest-day designation/roster, shifted continuous rest, permitted work and premiums.","Employment Act 1955 (Act 265) ss.59–60, AGC reprint as at 1 August 2023 (latest amendment A1651)",https://lom.agc.gov.my/ilims/upload/portal/akta/outputaktap/1744567_BI/Reprint%20Act%20265%20(Final).pdf,2026-09-30,,,PARTIAL,"Current source audit; full implementation unresolved: Rest designation,continuous rest,off/rest premium source paths exist. Whole actual roster advance designation,permitted compelled work and contracted superior award/rest-cycle source scopes remain incompletely audited. Historical verification evidence retained; no new probe.",work_rules.earlier_rest_day_work; obligations:REST_DAY_ROSTER,Malaysia — s.59(1): of two rest days in a week only the last is the rest day,MY-EPF-01-5; MY-EA30N-1,2026-09-29
MY-EA31,MY,overtime,"Employment Act 1955 ss.60A–60C: hours, breaks, spread-over, emergencies, overtime, task and shift work.","Employment Act 1955 (Act 265) ss.60A–60C, AGC reprint as at 1 August 2023 (latest amendment A1651)",https://lom.agc.gov.my/ilims/upload/portal/akta/outputaktap/1744567_BI/Reprint%20Act%20265%20(Final).pdf,2026-09-29,,,PARTIAL,"Current source audit; full implementation unresolved: Actual per-limit emergency,rolling shift history and ordinary/off-day scopes are integrated. Inactive/standby and dated partial-month Director permission boundaries remain open; source-only partial repairs do not close all60A-60C. Historical verification evidence retained; no new probe.",work_rules.normal_hours; work_rules.overtime_when; work_rules.bands; work_rules.breaks; obligations:OVERTIME_LIMIT_AND_PERMISSION; obligations:HOURS_OF_WORK_LIMITS,"Malaysia — overtime, rest-day and holiday work at the s.60I ordinary rate",MY-EA31-1,2026-09-29
MY-EA32,MY,rest_holiday,"Employment Act 1955 s.60D: mandatory/chosen/special holidays, substitution, overlapping leave, absence exceptions and pay.","Employment Act 1955 (Act 265) s.60D, AGC reprint as at 1 August 2023 (latest amendment A1651)",https://lom.agc.gov.my/ilims/upload/portal/akta/outputaktap/1744567_BI/Reprint%20Act%20265%20(Final).pdf,2026-09-30,,,PARTIAL,"Current source audit; full implementation unresolved: Dated holiday identity/substitution and source pay branches exist. Whole eleven selected/mandatory/special holiday,overlapping leave,absence excuse and actual source/calendar work branches remain incompletely reconciled. Historical verification evidence retained; no new probe. Actual national work_rules.holiday_calendar now binds employee-scoped11/5 or PT7/4 quota, actual mandatory Gazette identity, preyear notice/reference and additional-declaration exclusion through jurisdiction_holidays.REVIEW_EMPLOYER_CALENDAR. Remaining agreed substitution/overlapping source and actual work-pay branches are not replaced by this review.",work_rules.holiday_rest_precedence; jurisdiction_holidays,"Malaysia — s.59(1): the earlier of two rest days counts toward the 104-hour month, and a holiday on it is not substituted",MY-EA32-1,
MY-EA33,MY,leave,"Employment Act 1955 s.60E: annual entitlement, completed months, rounding, exclusions, substitution and exit/cash payment.","Employment Act 1955 (Act 265) s.60E, AGC reprint as at 1 August 2023 (latest amendment A1651)",https://lom.agc.gov.my/ilims/upload/portal/akta/outputaktap/1744567_BI/Reprint%20Act%20265%20(Final).pdf,2026-09-30,,,PARTIAL,"Current source audit; full implementation unresolved: Annual day rounding,forfeiture and entitlement paths exist. Whole contractual superior entitlement,carry/notice,leave substitution and actual exit/cash election source branches are not audited complete. Historical verification evidence retained; no new probe. Actual dated results-wage retention is now source-integrated and activated for all six national MY versions: native dated allocations identify the exact approved/frozen leave entry and BASIC/OTHER_NORMAL basis; once-only retained-money pricing reduces only its outstanding leave target. This does not resolve the remaining full-row legal/source scope.",leave_catalogue:ANNUAL_LEAVE; work_rules.encashment,"${lineage} — the Employment Act leave ladders, on every sealed version",MY-SR10-1; MY-SR10-2,2026-09-29
MY-EA33-CF,MY,leave,"Annual leave carried forward: a leave year’s unused statutory days carry in full into the next leave year (s.60E(2)), and of the company’s days above statute at most 5 carry unless the employee’s terms record another number; carried days expire at that next year’s end.","Employment Act 1955 (Act 265) s.60E(2), (2A), AGC reprint as at 1 August 2023 (latest amendment A1651)",https://lom.agc.gov.my/ilims/upload/portal/akta/outputaktap/1744567_BI/Reprint%20Act%20265%20(Final).pdf,2026-10-01,2025-12-01,,TESTED,owner-delegated rule 2026-10-01: statutory days carry in full one year (s.60E(2)); the 5-day cap applies to company days above statute,leave_catalogue:ANNUAL_LEAVE.entitlement.carry_max_days; leave_catalogue:ANNUAL_LEAVE.entitlement.carry_statutory_bands; terms_facts:annual_leave_carry_max_days,"MY seed: every annual-leave row carries its statutory ladder in full, capping company days at 5; MY annual leave: statutory days carry in full, the cap limits only company days",,
MY-EA34,MY,leave,"Employment Act 1955 s.60F: certified sickness, dental care, necessary hospitalisation, notification and competing benefits.","Employment Act 1955 (Act 265) s.60F, AGC reprint as at 1 August 2023 (latest amendment A1651)",https://lom.agc.gov.my/ilims/upload/portal/akta/outputaktap/1744567_BI/Reprint%20Act%20265%20(Final).pdf,2026-10-03,,,PARTIAL,"Current source audit; full implementation unresolved: Basic-only sick pay and day charge are integrated. Whole medical/dental/necessary hospitalisation certification,48h notification,competing benefit and source-interval interaction remain incomplete. Historical verification evidence retained; no new probe. Actual dated results-wage retention is now source-integrated and activated for all six national MY versions: native dated allocations identify the exact approved/frozen leave entry and BASIC/OTHER_NORMAL basis; once-only retained-money pricing reduces only its outstanding leave target. This does not resolve the remaining full-row legal/source scope. Wave1 actual source correction: all six national medical/hospitalisation declarations now require native admitted REFERENCE_AND_FILE proof for each actual certification/practitioner/notification/instant/coverage/appointment and competing-benefit semantic fact; three financial benefit exclusions need their original employer/agency cash or entitlement source rather than a bare false assertion. Actual leave_entries admission validates owned original hash/size/time and saved fact evidence; bare reference strings no longer qualify these source facts. Remaining interval and payment scope requires full consumer reconciliation; status remains PARTIAL. Source-reviewed activity requires these facts for every date and expiry-valid actual evidence, but complete actual holiday/sick overlap substitution and remaining calendar/pay interaction prevent full-row closure.",leave_catalogue:MEDICAL_LEAVE; leave_catalogue:HOSPITALIZATION_LEAVE,"${lineage} — the Employment Act leave ladders, on every sealed version",MY-EA34-1,
MY-EA35,MY,leave,"Employment Act 1955 s.60FA: paternity eligibility, continuous days, five confinements and notice.","Employment Act 1955 (Act 265) s.60FA, AGC reprint as at 1 August 2023 (latest amendment A1651)",https://lom.agc.gov.my/ilims/upload/portal/akta/outputaktap/1744567_BI/Reprint%20Act%20265%20(Final).pdf,2026-09-30,,,IMPLEMENTED,"Full stated source scope implemented, not production-path verified: Actual married father/confinement;12-month same-employer service;five confinements;continuous7calendar days;actual30-day/as-soon-as-possible notice and event-consistent actual spouse declaration admission; service anchored immediately before original seven-day commencement, including split entries. Historical verification evidence retained; no new probe.",leave_catalogue:PATERNITY_LEAVE; obligations:PATERNITY_NOTICE_AND_ELIGIBILITY,"${lineage} — the Employment Act leave ladders, on every sealed version",MY-EA35-1,
MY-EA36,MY,wages,"Employment Act 1955 s.60I: ordinary/hourly rates by wage basis, preceding-period history and incentive scheme exclusions.","Employment Act 1955 (Act 265) s.60I, AGC reprint as at 1 August 2023 (latest amendment A1651)",https://lom.agc.gov.my/ilims/upload/portal/akta/outputaktap/1744567_BI/Reprint%20Act%20265%20(Final).pdf,2026-09-30,,,PARTIAL,"Current source audit; full implementation unresolved: Actual preceding approved wage periods,piece basic earnings and dated rates are integrated. Full incentive-scheme exclusions,frequency changes and all approved original wage-unit/rate provenance branches remain incomplete. Historical verification evidence retained; no new probe.",work_rules.ordinary_divisor_days; work_rules.ordinary_rate_reference; work_rules.rate_conversions; terms_facts:contract_hours_per_week,Malaysia — a travelling contract allowance is outside the s.60I ordinary rate (EA s.2 “wages” (c)),MY-SR10-1; MY-EA36-1; MY-EA31-1,2026-09-29
MY-EA38,MY,filing,"Employment Act 1955 ss.60K–60KA,60M–60O: prior employer approval for new noncitizen hires, including PLKS, transfers, employment/professional-visit passes, foreign domestic workers and other pass classes; ordinary pass renewal alone is excluded from this prior-approval trigger. JTKSM says all employers need approval and since December 2024 hire/termination reports use ePPAx instead of PA1/13 and PA2/13. Keep separate departure and local-protection deadlines and Act 796 permit requirements..","Employment Act 1955 (Act 265) ss.60K–60KA,60M–60O, AGC reprint as at 1 August 2023 (latest amendment A1651)",https://jtksm.mohr.gov.my/en/services/foreign-workers-employment,2026-09-29,,,EXTERNAL,"Source trace: JTKSM foreign-worker guidance, updated 24 September 2026 (https://jtksm.mohr.gov.my/en/services/foreign-workers-employment), ss.60K–60KA and ePPAx categories; new-hire/renewal, pass, approval and actual start/exit → legal hire gate and accepted report. R26 addresses monetary levies. Legacy status: No [PROBE 2026-09-29]. Open: Seeded foreign-worker obligations have no complete category-specific approval/renewal, ePPAx receipt, departure deadline or ss.57A–57B interaction proof; probe new hire versus renewal, each pass class, employer transfer and foreign domestic route.",obligations:FOREIGN_EMPLOYEE_APPROVAL; obligations:FOREIGN_EMPLOYEE_TERMINATION_NOTICE,,,
MY-EA39,MY,hours,"Employment Act 1955 ss.60P–60Q: flexible-work requests, decision and reasons.","Employment Act 1955 (Act 265) ss.60P–60Q, AGC reprint as at 1 August 2023 (latest amendment A1651)",https://lom.agc.gov.my/ilims/upload/portal/akta/outputaktap/1744567_BI/Reprint%20Act%20265%20(Final).pdf,2026-09-29,,,EXTERNAL,"Source trace: `FLEXIBLE_WORKING_REPLY`; procedural evidence for written request, 60-day response and reason remains required. Legacy status: No [PROBE 2026-09-29]. Open: Provision-specific input, output and saved-run evidence have not been independently certified.",obligations:FLEXIBLE_WORKING_REPLY,,,
MY-EA40,MY,records,"Employment Act 1955 ss.61–64: employee registers, preservation, returns, employment-place notices and displayed particulars.","Employment Act 1955 (Act 265) ss.61–64, AGC reprint as at 1 August 2023 (latest amendment A1651)",https://lom.agc.gov.my/ilims/upload/portal/akta/outputaktap/1744567_BI/Reprint%20Act%20265%20(Final).pdf,2026-09-29,,,EXTERNAL,"Source trace: Existing employee/register/place obligations; prescribed fields, retention, notices and domestic exclusions still require provision-level evidence. Legacy status: No [IN-SYSTEM 2026-09-29].",obligations:EMPLOYEE_REGISTER; obligations:PLACE_OF_EMPLOYMENT_NOTICE,,,
MY-EA41,MY,other,"Employment Act 1955 ss.69,69A,69F,73,87A,94,100: orders and their monetary consequences.","Employment Act 1955 (Act 265) ss.69,69A,69F,73,87A,94,100, AGC reprint as at 1 August 2023 (latest amendment A1651)",https://lom.agc.gov.my/ilims/upload/portal/akta/outputaktap/1744567_BI/Reprint%20Act%20265%20(Final).pdf,2026-09-29,,,EXTERNAL,"Source trace: R38 for ordered remedies/interest; R14/R34 for overturned discipline. Jurisdiction, appeals, service and enforcement are procedural; prescribed employee payments must not be discarded with penalties. Legacy status: No [EXTERNAL 2026-09-29]. | Former shared finding R38 (merged): `MY-EA41–43`: EA s.69 order default interest is 8% annually, ordinarily from day 31 until satisfaction, subject to directed start/rate; other wage/leave remedies and employer fines are distinct. Legacy status: No [IN-SYSTEM 2026-09-29]. Open: Order principal, lawful day count/rounding, variations, partial settlement and duplicate-payment offsets lack authority-backed executed cases.",,,,
MY-EA42,MY,other,"Employment Act 1955 ss.81A–81H: harassment inquiry, refusal/report notices, employer discipline, complainant departure and awareness notice.","Employment Act 1955 (Act 265) ss.81A–81H, AGC reprint as at 1 August 2023 (latest amendment A1651)",https://lom.agc.gov.my/ilims/upload/portal/akta/outputaktap/1744567_BI/Reprint%20Act%20265%20(Final).pdf,2026-09-29,,,EXTERNAL,"Source trace: R14/R34 for monetary routes. Review open for 30-day refusal/report duties, required evidence and displayed notice; s.81E entitlement remains open. Legacy status: No [IN-SYSTEM 2026-09-29].",,,,
MY-EA43,MY,other,"Employment Act 1955 ss.3–5,65–68,70–72,74–81,82–87,88–90B,91–92,94,97–99A,100–101B: administration, inspections, proceedings, forced labour and sanctions.","Employment Act 1955 (Act 265) ss.3–5,65–68,70–72,74–81,82–87,88–90B,91–92,94,97–99A,100–101B, AGC reprint as at 1 August 2023 (latest amendment A1651)",https://lom.agc.gov.my/ilims/upload/portal/akta/outputaktap/1744567_BI/Reprint%20Act%20265%20(Final).pdf,2026-09-29,,,EXTERNAL,Source trace: Procedural/legal-action inventory; no automatic employee deduction for an employer fine. Wage awards and additional employee payments are separately retained in R38. Orders/decisions and preservation of records require evidence; not a blanket “external and complete” disposition. Legacy status: No [IN-SYSTEM 2026-09-29]. Open: Procedural/legal-action inventory; no automatic employee deduction for an employer fine. Orders/decisions and preservation of records require evidence; not a blanket “external and complete” disposition.,,,,
MY-EA44,MY,other,"Employment Act 1955 ss.58A,102: collective-agreement interaction and delegated regulations.","Employment Act 1955 (Act 265) ss.58A,102, AGC reprint as at 1 August 2023 (latest amendment A1651)",https://lom.agc.gov.my/ilims/upload/portal/akta/outputaktap/1744567_BI/Reprint%20Act%20265%20(Final).pdf,2026-09-29,,,GAP,Current source audit; full implementation unresolved: No full native actual collective-agreement interaction and delegated subsidiary source selection/compiler consumer across applicable benefit/work conditions. Historical verification evidence retained; no new probe.,,,,
MY-EA45,MY,other,"Employment Act 1955 ss.9,17,30,34–36,44A,45–56,58,60G–60H,60L,69B–69E,81G,93,95–96; s.103/Second Schedule.","Employment Act 1955 (Act 265) ss.9,17,30,34–36,44A,45–56,58,60G–60H,60L,69B–69E,81G,93,95–96; s.103/Second Schedule, AGC reprint as at 1 August 2023 (latest amendment A1651)",https://lom.agc.gov.my/ilims/upload/portal/akta/outputaktap/1744567_BI/Reprint%20Act%20265%20(Final).pdf,2026-09-29,,,NOT-APPLICABLE,"Deleted/omitted provisions and repeal/savings; no current operative duty. | Source trace: Listed deleted/omitted provisions and repeal/savings need no new current wage formula merely because they retain section numbers. Replacement child-employment law, pre-commencement proceedings and surviving instruments remain an instrument-scope task. A1651 s.46 preserves specified pending matters. Legacy status: No [SOURCE 2026-09-29].",,,,
MY-SR01,MY,other,"Citation/definitions and historic exceptions/revocations; reg.3's reference to deleted EA s.34 requires currency review, not automatic enforcement.","Employment Regulations 1957 (https://jtksm.mohr.gov.my/sites/default/files/2023-03/1.%20EMPLOYMENT%20REGULATIONS%201957_0.pdf), regs.1–3,11–13",https://jtksm.mohr.gov.my/sites/default/files/2023-03/1.%20EMPLOYMENT%20REGULATIONS%201957_0.pdf,2026-09-29,,,NOT-APPLICABLE,"Citation, definitions and revoked/historic regulations; no current operative duty. | Legacy status: No [SOURCE 2026-09-29]. | [#### MY subsidiary instruments: provision dispositions, 26 September] Cross-instrument work still open: the JTKSM regulations index (https://jtksm.mohr.gov.my/en/acts/list-rules) also retains regulations relying on repealed women's-work provisions; listing a document does not establish that its old restrictions remain operative. The 2011 amendment above demonstrates why a hosted consolidation and its amendment footer must be reconciled with the amending text. Other Acts (tax, EPF/SOCSO/EIS/HRD, minimum wage/retirement, holidays, housing, child employment, industrial-relations remedies and legally distinct worker profiles) remain in the full MY scope. This Act review must not be presented as all-Malaysia legal closure.",,,,
MY-SR02,MY,records,"Prescribed maternity register, including nominee, event/notice dates, nine monthly employment counts, rate, payment and acknowledgements. R36; saved-field/report mapping open.","Employment Regulations 1957, reg.4 / First Schedule",https://jtksm.mohr.gov.my/sites/default/files/2023-03/1.%20EMPLOYMENT%20REGULATIONS%201957_0.pdf,2026-09-29,,,GAP,"Current source audit; full implementation unresolved: No prescribed maternity register containing actual nominee,event/notice,nine-month employment counts,rate,payments and acknowledgements. EPF wage records22 is a different statutory register. Historical verification evidence retained; no new probe.",,,,
MY-SR03,MY,records,"Personal, contract and wage-period particulars; units/rates, leave, deductions, advances, net pay and termination calculation; updates by the third day after the wage period. Report/record field and deadline probes open.","Employment Regulations 1957, reg.5",https://jtksm.mohr.gov.my/sites/default/files/2023-03/1.%20EMPLOYMENT%20REGULATIONS%201957_0.pdf,2026-09-29,,,GAP,Current source audit; full implementation unresolved: Full personal/contract/wage-period register units/rates/advances/update-by-third-day lifecycle is not implemented by payslip output plus immutable EPF register alone. Historical verification evidence retained; no new probe.,obligations:EMPLOYEE_REGISTER,,,
MY-SR04,MY,records,Register location/language/access; certified terms before commencement/changes; wage particulars on or before payment. Existing payslip output is not proof of all prescribed particulars or delivery.,"Employment Regulations 1957, regs.6–9",https://jtksm.mohr.gov.my/sites/default/files/2023-03/1.%20EMPLOYMENT%20REGULATIONS%201957_0.pdf,2026-10-03,,,PARTIAL,PARTIAL: TERMS_PARTICULARS_ISSUE/PAYSLIP_ISSUE/EMPLOYEE_REGISTER obligations exist. Full native regs6-9 consumer remains incomplete: workplace-office register unless actual Director General permission; National Language and sufficient employee examination opportunity not more than twice per wage period or actual approved alternative manner; certified reg5(b) particulars furnished on/before commencement and wage-changing terms; current collective agreement furnished or permanently displayed accessibly; complete reg5(c) wage particulars furnished on/before actual wage payment. EPF wage-record issue/delivery is a different prescribed record; generated payslip alone does not establish contents or delivery. No verification performed.,obligations:PAYSLIP_ISSUE; obligations:EMPLOYEE_REGISTER,,,
MY-SR05,MY,records,Evidence-copy fees and proceeding forms are procedural obligations; preserve links to actual orders/remedies (R38).,"Employment Regulations 1957, regs.10,14 / Second Schedule / Forms A–F",https://jtksm.mohr.gov.my/sites/default/files/2023-03/1.%20EMPLOYMENT%20REGULATIONS%201957_0.pdf,2026-09-29,,,EXTERNAL,"Legacy status: No [PROBE 2026-09-29]. Open: Provision-specific input, output and saved-run evidence have not been independently certified.",,,,
MY-SR06,MY,leave,RM6/day minimum; former Employment Regulations reg.13 revoked. Footer cites the 1983 revision and 1985 amendment; subsequent currency and current wage interaction remain R36.,"Maternity Minimum Regulations 1976 (https://jtksm.mohr.gov.my/sites/default/files/2023-03/5.%20EMPLOYMENT%20%28MINIMUM%20RATE%20OF%20MATERNITY%20ALLOWANCE%29%20REGULATIONS%201976_0.pdf), regs.1–3",https://jtksm.mohr.gov.my/sites/default/files/2023-03/5.%20EMPLOYMENT%20%28MINIMUM%20RATE%20OF%20MATERNITY%20ALLOWANCE%29%20REGULATIONS%201976_0.pdf,2026-10-02,,,PARTIAL,Current source audit; full implementation unresolved: Actual RM6 target and monthly deemed rule exist. Piece leave/basic minimum-floor coexistence remains explicitly unclassified when extra basic minimum is needed; no whole-row closure from existing daily/hourly goldens. Historical verification evidence retained; no new probe. Actual dated results-wage retention is now source-integrated and activated for all six national MY versions: native dated allocations identify the exact approved/frozen leave entry and BASIC/OTHER_NORMAL basis; once-only retained-money pricing reduces only its outstanding leave target. This does not resolve the remaining full-row legal/source scope.,leave_catalogue:MATERNITY_LEAVE.time_off_amount; leave_catalogue:MATERNITY_LEAVE.pay_fraction,MY maternity cash target — ${frequency} preceding ORP RM100 pays31calendar days RM3100 including9nonrostered days; MY maternity cash target — lawful hourly RM8.72 short roster ORP RM4.36 is floored to RM6 on31calendar days,MY-SR06-MONTHLY; MY-SR06-DAILY; MY-SR06-HOURLY; MY-SR06-FLOOR; MY-SR06-CONTINUATION,2026-10-02
MY-SR07,MY,overtime,"104 hours per month for EA s.60A(4)(a), including that section's exclusions and permission route. R39; fixed the wrong day selector, other boundaries remain open.","Overtime Limit Regulations 1980 (https://jtksm.mohr.gov.my/sites/default/files/2023-03/7.%20EMPLOYMENT%20%28LIMITATION%20OF%20OVERTIME%20WORK%29%20REGULATIONS%201980_0.pdf), regs.1–2",https://jtksm.mohr.gov.my/sites/default/files/2023-03/7.%20EMPLOYMENT%20%28LIMITATION%20OF%20OVERTIME%20WORK%29%20REGULATIONS%201980_0.pdf,2026-09-29,,,PARTIAL,Current source audit; full implementation unresolved: 104h whole-month permission and per-limit emergency exception exist. Actual dated partial-month Director permission and remaining inactive/standby definition are not fully priced/validated. Historical verification evidence retained; no new probe.,"work_rules.limits (OVERTIME_HOURS, 104 per month); work_rules.overtime_unit_hours","Malaysia — regulation 4’s 104-hour month is a ceiling on the employer, not on the pay",,
MY-SR08,MY,severance,"Continuous service, protected interruptions, aggregated gaps of at most 30 days, relevant date and twelve-month qualification. R15 history and date cases.","Termination/Lay-Off Regulations 1980 (https://jtksm.mohr.gov.my/sites/default/files/2023-03/8.%20EMPLOYMENT%20%28TERMINATION%20%26%20LAY%20OFF%20BENEFITS%29%20REGULATIONS%201980_0.pdf), regs.1–3",https://jtksm.mohr.gov.my/sites/default/files/2023-03/8.%20EMPLOYMENT%20%28TERMINATION%20%26%20LAY%20OFF%20BENEFITS%29%20REGULATIONS%201980_0.pdf,2026-09-30,,,PARTIAL,Current source audit; full implementation unresolved: Aggregate≤30day service/qualification and consumed predecessor source pins are integrated. Complete protected interruption/ownership/death transfer and all relevant-date/qualification source branches remain incompletely bound; frozen documentary route is not every reg3 branch. Historical verification evidence retained; no new probe.,adhoc_catalogue:TERMINATION_BENEFIT.eligibility,,MY-SR10-1; MY-EA05-1; MY-SR10-2; MY-EA05-2,2026-09-29
MY-SR09,MY,severance,"Termination exceptions, timely equivalent renewal offers and early departure; continuing lay-off requires unpaid qualifying normal days in four weeks, excluding specified leave/rest/holidays. R15.","Termination/Lay-Off Regulations 1980, regs.4–5",https://jtksm.mohr.gov.my/sites/default/files/2023-03/8.%20EMPLOYMENT%20%28TERMINATION%20%26%20LAY%20OFF%20BENEFITS%29%20REGULATIONS%201980_0.pdf,2026-10-02,,,PARTIAL,"Current source audit; full implementation unresolved: Dismissal/resignation/contractual-retirement,renewal and continuing-layoff source rules are integrated. Whole layoff13unpaidnormal days,four-week/normal-day/date classifier and actual service-transfer exceptional branches remain incompletely reconciled. Historical verification evidence retained; no new probe.",adhoc_catalogue:TERMINATION_BENEFIT.eligibility,MY reg4(2)-(4) — actual six stored versions obey independent literal legal boundaries,MY-SR09-REG4-ORDINARY; MY-SR09-REG4-IMMEDIATE-RENEWAL; MY-SR09-REG4-OFFER-SEVEN-DAYS; MY-SR09-REG4-OFFER-SIX-DAYS; MY-SR09-REG4-OFFER-LATE-START; MY-SR09-REG4-OFFER-WORSE-TERMS; MY-SR09-REG4-OFFER-REASONABLE-REFUSAL; MY-SR09-REG4-EARLY-CONSENT-PAID; MY-SR09-REG4-EARLY-NO-CONSENT-PAID; MY-SR09-REG4-EARLY-CONSENT-UNPAID; MY-SR09-REG4-EARLY-NO-CONSENT-UNPAID; MY-SR09-REG4-NOTICE-EXPIRY-EQUAL; MY-SR09-REG4-MISSING-termination_immediate_equivalent_renewal; MY-SR09-REG4-MISSING-termination_renewal_offered; MY-SR09-REG4-MISSING-termination_prior_employer_notice; MY-SR09-REG4-1-DISMISSAL-NO-DUE-INQUIRY-MISCONDUCT; MY-SR09-REG4-1-DISMISSAL-DUE-INQUIRY-MISCONDUCT; MY-SR09-REG4-1-RESIGNATION-EMPLOYER-WILFUL-BREACH; MY-SR09-REG4-1-RESIGNATION-IMMEDIATE-DANGER; MY-SR09-REG4-1-RESIGNATION-ORDINARY; MY-SR09-REG4-1-RETIREMENT-CONTRACTUAL; MY-SR09-REG4-1-RETIREMENT-NO-CONTRACTUAL-STIPULATION; MY-SR09-REG4-1-MISSING-RETIREMENT-STIPULATION; MY-SR09-REG4-1-MISSING-DISMISSAL-DUE-INQUIRY; MY-SR09-REG4-1-MISSING-RESIGNATION-NOTICE-EXCEPTION,
MY-SR10,MY,severance,"10/15/20 days per service year, incomplete-year months, preceding twelve-month true daily wages, separate notice indemnity; outworker exclusion. R14/R15/R24.","Termination/Lay-Off Regulations 1980, regs.6–7",https://jtksm.mohr.gov.my/sites/default/files/2023-03/8.%20EMPLOYMENT%20%28TERMINATION%20%26%20LAY%20OFF%20BENEFITS%29%20REGULATIONS%201980_0.pdf,2026-10-02,,,PARTIAL,"Current source audit; full implementation unresolved: Tiers,nearest-month partial year,separate notice,outworker and documentary actual wage basis exist. Exact preceding12completed-service-month wage window remains unresolved; documentary declared amount route does not manufacture the missing period-selection calculation. Historical verification evidence retained; no new probe.",adhoc_catalogue:TERMINATION_BENEFIT; exit_facts:wages_12m; exit_facts:termination_outworker,${code} — the termination benefit counts a part year to the nearest month (Termination and Lay-Off Benefits Regulations 1980 reg. 6(1)); MY termination variable base — twelve paid wages total31800 and fifteen months pay1089.04; MY reg7 — outworkers are excluded and ordinary employees remain eligible in all six versions; MY reg7 — otherwise eligible departures require explicit outworker classification,MY-SR10-1; MY-SR10-2; MY-EA05-2; MY-SR10-VARIABLE-PAID-HISTORY; MY-SR10-OUTWORKER-ORDINARY; MY-SR10-OUTWORKER-MATERIALS; MY-SR10-OUTWORKER-HOME-ADMIN; MY-SR10-OUTWORKER-HOME-MATERIALS; MY-SR10-OUTWORKER-MISSING,2026-10-02
MY-SR11,MY,severance,Ownership-change offers/service transfer; employer death and representative continuity; employee death during employer notice. R15 requires distinct inputs and cases.,"Termination/Lay-Off Regulations 1980, regs.8–10",https://jtksm.mohr.gov.my/sites/default/files/2023-03/8.%20EMPLOYMENT%20%28TERMINATION%20%26%20LAY%20OFF%20BENEFITS%29%20REGULATIONS%201980_0.pdf,2026-09-29,,,GAP,"Current source audit; full implementation unresolved: No complete actual ownership-change offer/service transfer,employer death/representative continuity and employee-death-during-notice source/cash classifier. Historical verification evidence retained; no new probe.",,,,
MY-SR12,MY,severance,"Seven-day payment, written calculation, disputes and deceased-benefit representation/deposit/distribution. R15/R38; calculation alone does not close settlement obligations.","Termination/Lay-Off Regulations 1980, regs.11–15",https://jtksm.mohr.gov.my/sites/default/files/2023-03/8.%20EMPLOYMENT%20%28TERMINATION%20%26%20LAY%20OFF%20BENEFITS%29%20REGULATIONS%201980_0.pdf,2026-09-29,,,EXTERNAL,Legacy status: No [IN-SYSTEM 2026-09-29].,obligations:TERMINATION_BENEFIT_PAYMENT,,,
MY-SR13,MY,severance,"From 1 April 2011, inserted reg.1A excludes workers covered by the Part-Time Employees Regulations. The linked 1980 text lists this amendment but omits reg.1A from its body. Apply the actual amending instrument; R10/R15 classification remains open.","2011 amendment, P.U.(A) 92/2011 (https://jtksm.mohr.gov.my/sites/default/files/2022-11/perintah_kawalan_bekalan_pengecualian_2011.pdf), regs.1–2",https://jtksm.mohr.gov.my/sites/default/files/2022-11/perintah_kawalan_bekalan_pengecualian_2011.pdf,2026-10-02,2011-04-01,,VERIFIED,"2026-10-02: Actual P.U.(A)92/2011 is present on PDF pages5–6 of the linked composite Gazette despite its filename. Reg1A exclusion is configured in every current version. Five production-path probes on isolated artifact4cf38e75f64b prove covered part-time request refusal and no saved benefit; reg3 casual/home-worker exclusions each preserve RM4561.64 statutory benefit; each missing classification independently refuses the departure update. Synthetic scoped fixtures only; casual is irregular/as-needed and10/40weekly hours; ordinary covered/home fixtures20/40hours. Reg7 outworker, termination exception and benefit-base questions remain in MY-SR09/10, without changing this reg1A disposition.",adhoc_catalogue:TERMINATION_BENEFIT.eligibility; jurisdiction_settings.exit_facts,MY reg.1A — covered part-timers are excluded and casual or home workers retain eligibility,MY-SR13-COVERED; MY-SR13-CASUAL; MY-SR13-HOME; MY-SR13-MISSING-part_time_casual_exclusion; MY-SR13-MISSING-part_time_home_worker,2026-10-02
MY-SR16,MY,hours,"Commencement 1 October 2010; casual/homeworker exclusions and real full-time comparator. Printed 8h/day, 48h/week fallback needs reconciliation with later 45-hour law. R10.","Part-Time Employees Regulations 2010 (https://jtksm.mohr.gov.my/sites/default/files/2023-03/10.%20Employment%20-%20Part-time%20Employees%20-%20Regulations%202010%20%20%281%29.pdf), regs.1–4",https://jtksm.mohr.gov.my/sites/default/files/2023-03/10.%20Employment%20-%20Part-time%20Employees%20-%20Regulations%202010%20%20%281%29.pdf,2026-09-29,2010-10-01,,PARTIAL,"Current source audit; full implementation unresolved: PT source comparator exists. Whole casual/homeworker exclusion,actual full-time comparator and statutory printed48h fallback versus amended principal45h relationship is not fully resolved across local/national profiles. Historical verification evidence retained; no new probe.",work_rules.bands:PT-1.0X; work_rules.bands:PT-1.5X; employment_terms.comparable_full_time_presence,"Malaysia — a part-timer’s hours beyond their own day up to a full-timer’s eight are the hourly rate, beyond that 1.5× (Part-Time Employees Regulations 2010 reg. 5)",MY-SR17-1,2026-10-01
MY-SR17,MY,overtime,Ordinary-day extra hours: 1× until comparable full-time normal hours; 1.5× beyond. Current universal eight-hour comparator remains R10.,"Part-Time Employees Regulations 2010, reg.5",https://jtksm.mohr.gov.my/sites/default/files/2023-03/10.%20Employment%20-%20Part-time%20Employees%20-%20Regulations%202010%20%20%281%29.pdf,2026-09-29,2010-10-01,,VERIFIED,"VERIFIED candidate: both band-edge branches proven — comparator PRESENT (probe MY-SR17-1, comparable_full_time_daily_hours 8: 4h x 10.00 + 1.5h x 10.00 x 1.5) and reg.4(1) eight-hour fallback (golden, no comparator recorded: PT-1.0X 4h 40.00, PT-1.5X 1.5h 22.50). Unexercised only: a comparator day longer than 8h (same expression).",work_rules.bands,"Malaysia — a part-timer’s hours beyond their own day up to a full-timer’s eight are the hourly rate, beyond that 1.5× (Part-Time Employees Regulations 2010 reg. 5)",MY-SR17-1,2026-10-01
MY-SR18,MY,rest_holiday,"Seven selected holidays, four mandatory, plus special declarations; substitution/notice; holiday day award and 2×/3× extra-hour bands. R10 calendar and payment cases.","Part-Time Employees Regulations 2010, reg.6",https://jtksm.mohr.gov.my/sites/default/files/2023-03/10.%20Employment%20-%20Part-time%20Employees%20-%20Regulations%202010%20%20%281%29.pdf,2026-09-29,2010-10-01,,PARTIAL,"PARTIAL: seed/jurisdiction/MY/jurisdiction_settings.json now has dedicated PT holiday two-day award plus 2× comparator-low/3× comparator-high extra-hour bands; fractional extra-hour slices use the source hour-or-part unit. All six national versions preserve more-favourable company pricing and exclude PT from general holiday bands. Remaining: actual seven-selected/four-mandatory/special holiday identity, preyear exhibited notice and employee-agreed substitution admission/consumption require complete native linkage; scope eligibility/source comparator boundary remains MY-SR16. No verification performed. Actual national work_rules.holiday_calendar now binds employee-scoped11/5 or PT7/4 quota, actual mandatory Gazette identity, preyear notice/reference and additional-declaration exclusion through jurisdiction_holidays.REVIEW_EMPLOYER_CALENDAR. Remaining agreed substitution/overlapping source and actual work-pay branches are not replaced by this review.","work_rules.bands (PART_TIME, HOLIDAY)",,,
MY-SR19,MY,leave,"Annual 6/8/11 and sick 10/13/15 days; service periods, exit proportion/payment, ordinary rate and nonworking-day sick exclusion. R06/R10; entitlement numbers alone are insufficient.","Part-Time Employees Regulations 2010, regs.7–8",https://jtksm.mohr.gov.my/sites/default/files/2023-03/10.%20Employment%20-%20Part-time%20Employees%20-%20Regulations%202010%20%20%281%29.pdf,2026-10-03,2010-10-01,,PARTIAL,"Source-integrated: PT annual6/8/11 and sick10/13/15 ladders and actual ordinary-rate pricing exist. Primary regs7-8 do not state a separate hospitalisation ladder. Current HOSPITALIZATION_LEAVE catalogue still grants the full-time sixty-day ladder to PART_TIME; its principal/subsidiary and superior-contract classification remains unresolved rather than being described as a sourced reg8 entitlement. Remaining: actual continuous-service and completed-month exit proportion, misconduct-only unutilised annual-pay exception, nonworking-day sick exclusion, and preservation of superior contractual entitlements require complete consumer reconciliation; shared full-time NPL/AWOL conditions must not silently reduce the distinct PT statutory ladders. No verification performed. Wave1 national six-version seed correction: PT annual entitlement and carry bands now use actual continuous service without full-time s60E(3B) unpaid-leave subtraction; full-time excess-AWOL forfeiture no longer removes the separate PT reg7 entitlement. Existing native expression consumers read these exact selectors. Whole row remains PARTIAL for the stated original-source and superior-condition residuals; no verification performed. Existing native entitlement.day_rounding_when now activates full-time-only named whole-day rounding in all six national annual rows; PT reg7 completed-month proportion retains exact fractions without importing EA60E nearest-day rounding.",leave_catalogue:ANNUAL_LEAVE (PART_TIME bands); leave_catalogue:MEDICAL_LEAVE,MY round 2 — a part-timer’s annual and sick leave are reg.7–8’s own ladders,,
MY-SR20,MY,rest_holiday,Rest entitlement at five days/20h a week; contractual rest-day award of two ordinary days plus 1.5×/2× extra-hour bands. R10.,"Part-Time Employees Regulations 2010, reg.9",https://jtksm.mohr.gov.my/sites/default/files/2023-03/10.%20Employment%20-%20Part-time%20Employees%20-%20Regulations%202010%20%20%281%29.pdf,2026-09-29,2010-10-01,,PARTIAL,"Source-integrated: six national PT rest bands price contracted normal rest work at two ordinary days, lower comparator extra hours1.5x and upper2x with hour-or-part ceiling and superior contractual cash preserved. weekly_rest.weekly_work_qualification requires five actual worked days AND20 actual hours, Monday week, from original observed closed clocks; contractual REST premiums remain independent. Actual positive5/20 source qualifies before week-end; below-threshold requires complete observed employed-week and explicit zero-day sources. Incomplete current-week source warns REST_QUALIFICATION_PENDING and preserves prior run without refusing legitimate salary or declaring absence of entitlement. Defective supplied future/open/overlapping clocks refuse; consumed source IDs freeze. Remaining: native planned/source admission must consume the same actual qualification; casual/homeworker scope SR16 remains separate. No verification performed.","work_rules.bands (PART_TIME, REST_DAY)",,,
MY-SR21,MY,other,More favourable terms preserved; existing part-timers transition. R10's contractual/statutory comparison and profile selection remain open.,"Part-Time Employees Regulations 2010, regs.10–11",https://jtksm.mohr.gov.my/sites/default/files/2023-03/10.%20Employment%20-%20Part-time%20Employees%20-%20Regulations%202010%20%20%281%29.pdf,2026-09-29,2010-10-01,,GAP,Current source audit; full implementation unresolved: No complete PT transitional existing contract and more-favourable conditions comparator across every statutory entitlement/pay condition. Historical verification evidence retained; no new probe.,,,,
MY-HRD03,MY,levy,Principal text and consolidated cross-references remain to read. The separately read amendments below do not establish completeness of the principal regulations.,"P.U.(A) 141/2001 registration/payment regulations, 2017 reprint (https://hrdcorp.gov.my/wp-content/uploads/2021/03/8-PSMB-Registration-of-Employers-and-Payment-of-Levy-Regulations_2001_01Nov2017-1.pdf): cover only",https://hrdcorp.gov.my/wp-content/uploads/2021/03/8-PSMB-Registration-of-Employers-and-Payment-of-Levy-Regulations_2001_01Nov2017-1.pdf,2026-09-29,,,SOURCE-BLOCKED,SOURCE-BLOCKED: HRD Corp-hosted downloads return HTTP 403 (Cloudflare); only the cover of the principal regulations was read and no AGC LOM copy was located. | Legacy status: No [SOURCE 2026-09-29].,,,,
MY-HRD04,MY,filing,Effective 8 January 2016; regulation 8(1) changes last day to fifteenth day. Reconcile principal month/deadline wording and current extensions before a deadline probe.,P.U.(A) 2/2016 (https://hrdcorp.gov.my/wp-content/uploads/2021/03/3-pua_20160108_P.U.-A-2-peraturan-peraturan-pendaftaran-majikan-pembayaran-levi-pindaan-8Jan2016-1-1.pdf): fully read,https://hrdcorp.gov.my/wp-content/uploads/2021/03/3-pua_20160108_P.U.-A-2-peraturan-peraturan-pendaftaran-majikan-pembayaran-levi-pindaan-8Jan2016-1-1.pdf,2026-09-29,2016-01-08,,EXTERNAL,"Legacy status: No [PROBE 2026-09-29]. Open: Provision-specific input, output and saved-run evidence have not been independently certified. | [Phase 2 2026-10-01] Duty types seeded in every active MY version (obligation ledger L1): HRD_LEVY_MONTHLY (the 15th of the next month, amount HRDF payable); each instance carries its due day, amount and evidence (reference, paid/submitted day). Probe pending: the harness checks `saved` rows before any automation runs, so an obligation instance the daily obligation_calendar sweep raises cannot yet be pinned (harness H1 gap). Status stays EXTERNAL until the principal regulation text is reconciled (MY-HRD03 SOURCE-BLOCKED).",obligations:HRD_LEVY_MONTHLY; duty_types:HRD_LEVY_MONTHLY,,,
MY-HRD07,MY,levy,Specified employers registering 1 April–30 September 2017 receive the defined pre-registration arrears exemption. This is not a current recurring levy holiday. Historical assessments require the original registration/scope facts.,P.U.(A) 98/2017 exemption (https://hrdcorp.gov.my/wp-content/uploads/2021/03/6-pua_20170331_P.U.-A-98-ewarta-Perintah-PSMB-Pengecualian-31Mac2017-1.pdf): fully read,https://hrdcorp.gov.my/wp-content/uploads/2021/03/6-pua_20170331_P.U.-A-98-ewarta-Perintah-PSMB-Pengecualian-31Mac2017-1.pdf,2026-09-29,2017-04-01,2017-09-30,NOT-APPLICABLE,Expired pre-scope exemption (1 April–30 September 2017 registrations); relevant only to reproducing historic arrears. | Legacy status: No [SOURCE 2026-09-29].,,,,
MY-HRD08,MY,levy,Applies January–June 2018 to registered SMEs affected by the specified October/November 2017 floods in four states and applying by 30 June 2018. Outside current-period levy calculation; no blanket future flood exemption inferred.,P.U.(A) 114/2018 flood exemption (https://hrdcorp.gov.my/wp-content/uploads/2021/03/10-Gazette-Order-Flood-Exemption-_-P.U.-A-114_7may2018-2.pdf): fully read,https://hrdcorp.gov.my/wp-content/uploads/2021/03/10-Gazette-Order-Flood-Exemption-_-P.U.-A-114_7may2018-2.pdf,2026-09-29,2018-01-01,2018-06-30,NOT-APPLICABLE,Expired pre-scope exemption (January–June 2018 floods); relevant only to reproducing historic assessments. | Legacy status: No [EXTERNAL 2026-09-29].,,,,
MY-HRD09,MY,levy,Restricted to 1 March–31 May 2021 and specified industries/activities. Outside current-period levy calculation. Full Schedule review is required if reproducing historical assessments or relying on its categories.,P.U.(A) 85/2021 exemption (https://hrdcorp.gov.my/wp-content/uploads/2021/03/11.-PEMBANGUNAN-SUMBER-MANUSIA-BERHAD-EXEMPTION-OF-LEVY-ORDER-2021.pdf): operative paras.1–2 read (1 March–31 May 2021); the Schedule of industries is not needed while the whole Order has expired before scope,https://hrdcorp.gov.my/wp-content/uploads/2021/03/11.-PEMBANGUNAN-SUMBER-MANUSIA-BERHAD-EXEMPTION-OF-LEVY-ORDER-2021.pdf,2026-09-29,2021-03-01,2021-05-31,NOT-APPLICABLE,"Expired pre-scope exemption (1 March–31 May 2021); relevant only to reproducing historic assessments, which would need its Schedule read in full.",,,,
MY-HRD10,MY,levy,"Exact Gazette identity, offences and settlement procedure remain unverified. A compounding payment must not be invented as a wage deduction or ordinary levy.","Compounding regulations, indexed as 2003 (https://hrdcorp.gov.my/wp-content/uploads/2021/03/9-psmb-regulations-@-compounding_7may2018-1.pdf): scanned download unread",https://hrdcorp.gov.my/wp-content/uploads/2021/03/9-psmb-regulations-@-compounding_7may2018-1.pdf,2026-09-29,,,SOURCE-BLOCKED,SOURCE-BLOCKED: the HRD Corp compounding-regulations download is a scanned file behind HTTP 403; Gazette identity unverified. | Legacy status: No [SOURCE 2026-09-29].,,,,
MY-HRD11,MY,levy,"P.U.(A)13/2026 exempts registered employers in its nine scheduled education MSIC classes from Act612 ss14–15 levy, effective15January–31December2026. HRD Corp Circular01/2026 page1 specifies January–December2026 contribution months, including December dueJanuary2027. Actual employer registration standing and scheduled classification must be declared; unregistered or unscheduled employers retain their governing general liability.",Employers' Circular 1/2026 (https://hrdcorp.gov.my/wp-content/uploads/2026/01/Employers-Circular-No-01-2026.pdf): page 1 only; P.U. (A) 13/2026 (https://lom.agc.gov.my/ilims/upload/portal/akta/outputp/3268260/PUA%2013%20(2026).pdf): all four pages read,https://hrdcorp.gov.my/wp-content/uploads/2026/01/Employers-Circular-No-01-2026.pdf,2026-10-03,2026-01-15,2026-12-31,VERIFIED,"VERIFIED2026-10-03: actual saved production17/17PASS on artifact049d153e1c486fa3f88b85e2118477fa3e88e77d1ded5da1bff6e24e3c5789a9. All nine Gazette Schedule classes85102/85104/85212/85222/85302/8541/8542/8549/85500, optional registered employer, unscheduled1%/0.5%, compulsory unregistered/deregistered liability+warning, precedingDecember2025 liability, January2026 and December2026 exemption proved with exact independent levy0/15/30 and statutory/net outputs. Operative Gazette all4pages read; Circular01/2026 page1 paragraphs1.1–1.2 read for contribution-month application. Later scanned circular pages unavailable and not claimed read; no extra operative Gazette condition inferred. Synthetic declared classifications/registration are fixture evidence, not certification of a real employer. Merged Act612s19 is an enabling exemption power; another exemption is usable only under its own verified Gazette and facts, not a blanket seeded exemption.",statutory_contributions:HRDF (education MSIC exemption schedule code),MY audit — P.U. (A) 13/2026 exempts registered scheduled education employers in 2026,MY-HRD11-1; MY-HRD11-2; MY-HRD11-SCHEDULE-85102; MY-HRD11-SCHEDULE-85104; MY-HRD11-SCHEDULE-85212; MY-HRD11-SCHEDULE-85222; MY-HRD11-SCHEDULE-85302; MY-HRD11-SCHEDULE-8541; MY-HRD11-SCHEDULE-8542; MY-HRD11-SCHEDULE-8549; MY-HRD11-SCHEDULE-85500; MY-HRD11-OPTIONAL-REGISTERED; MY-HRD11-REGISTERED-UNSCHEDULED; MY-HRD11-NOT-REGISTERED; MY-HRD11-DEREGISTERED; MY-HRD11-OPTIONAL-UNSCHEDULED; MY-HRD11-BEFORE-2026-CONTRIBUTION,2026-10-03
MY-HRD12,MY,levy,"HRD Corp Employers' Circular 19/2010: from 1 October 2010 part-time workers' wages are exempt from the levy; full-time permanent, contract and temporary workers remain in the levy base. Its historical payment deadline is superseded by MY-HRD04.","Employers' Circular 19/2010 (https://hrdcorp.gov.my/wp-content/uploads/2021/03/19-EMP-CIRCULAR-NO-19_2010.pdf); Act 612 s.2 ""employee"", ss.14(1), 19, AGC reprint 2017 (https://lom.agc.gov.my/ilims/upload/portal/akta/LOM/EN/Act%20612%20-%20Reprint%202017.pdf)",https://hrdcorp.gov.my/wp-content/uploads/2021/03/19-EMP-CIRCULAR-NO-19_2010.pdf,2026-09-30,2010-10-01,,SOURCE-BLOCKED,"SOURCE-BLOCKED (re-judged 2026-09-30). Proven on the saved path: no HRD levy on a part-time citizen at a compulsory employer (MY-HRD12-1) — a value with no primary source yet. Unproven: the legal basis. Tried 2026-09-30: Act 612 reprint 2017 s.2 ""employee"" (any citizen employed for wages under a contract of service, not a domestic servant), s.14(1) and s.19 read — no part-time exclusion, and an exemption needs a s.19 Gazette order; no such order located (AGC LOM, HRD Corp circulars index, web search); the Circular 19/2010 URL returns a Cloudflare challenge to scripted clients. The seed excludes PART_TIME from every HRDF rule on the circular alone; if no order exists, s.14(1) levies part-time citizens’ wages and the MY-HRD12-1 nil is wrong. 2026-09-30: the former fork's re-run copies of these cases are gone; the MY cases named run on the renamed MY lineage, which is that fork. | Legacy status: No [IN-SYSTEM 2026-09-29]. Open: Effective 1 October 2010: part-time wages exempt; full-time permanent, contract and temporary workers remain in the levy base. The underlying exemption instrument and exact part-time/headcount classification still require reconciliation.",statutory_contributions:HRDF.assessed_on (part-time excluded),,MY-HRD12-1,2026-09-29
MY-HRDA02,MY,levy,"Act 612 s.2 wage/monthly-wage definitions: Fixed cash emoluments, leave pay and arrears; exclude employer fund contributions, travel, special expenses, gratuity, bonus/commission and apprentice allowances. Trace HRDF `counts_toward` and reserved-line treatment, partial-month payments and arrears attribution. R44's EA coverage basis is a different definition.","Pembangunan Sumber Manusia Berhad Act 2001 (Act 612) s.2 wage/monthly-wage definitions, AGC reprint as at 1 November 2017, with P.U.(A) 84/2021",https://lom.agc.gov.my/ilims/upload/portal/akta/LOM/EN/Act%20612%20-%20Reprint%202017.pdf,2026-09-30,,,PARTIAL,Current source audit; full implementation unresolved: HRD fixed emolument and bonus/commission classes exist. Full paid leave/arrears actual attribution and apprentice allowance/company fund/travel/expense/gratuity partitions are not wholly source-audited; EPF exclusion does not settle HRD wage definition. Historical verification evidence retained; no new probe.,statutory_contributions:HRDF.assessed_on,"${code} — a mid-month leaver: s.18A(b) days, s.60E(3A) untaken leave at the s.60I(1A) ordinary rate, EPF on both",MY-HRDA02-1,2026-09-29
MY-HRDA03,MY,other,"Act 612 ss.3–12; Second Schedule: Corporation powers, governance, appointments, conflicts, accounts and member remuneration. Institutional duties; no universal employee wage formula. Any actual Board-member payment uses its determined amount and separate applicable tax law.","Pembangunan Sumber Manusia Berhad Act 2001 (Act 612) ss.3–12; Second Schedule, AGC reprint as at 1 November 2017, with P.U.(A) 84/2021",https://lom.agc.gov.my/ilims/upload/portal/akta/LOM/EN/Act%20612%20-%20Reprint%202017.pdf,2026-09-29,,,NOT-APPLICABLE,Corporation governance provisions; not an employer obligation. | Legacy status: No [EXTERNAL 2026-09-29].,,,,
MY-HRDA04,MY,filing,Act 612 s.13: Registration and notification within thirty days of ceasing to be an employer; register/payment records. Missing registration cannot erase mandatory liability. Current scheme standing is not proof of registration compliance.,"Pembangunan Sumber Manusia Berhad Act 2001 (Act 612) s.13, AGC reprint as at 1 November 2017, with P.U.(A) 84/2021",https://lom.agc.gov.my/ilims/upload/portal/akta/LOM/EN/Act%20612%20-%20Reprint%202017.pdf,2026-09-29,,,EXTERNAL,Legacy status: No [EXTERNAL 2026-09-29].,obligations:HRD_REGISTRATION,,,
MY-HRDA06,MY,levy,"Act 612 s.15(4)–(7): Optional employer exceeds its class limit: 1%; later decrease below the maximum retains 1% through current year; continuing lower count after that year restores 0.5%; another increase restores 1% immediately. HRD Corp Circular 5/2018 supplies the exact-nine example: 1% in the crossing year, 0.5% at nine the following January. R43 now reads the dated category and last high-rate year; verify the declaration against registration and Form 2 history.","Pembangunan Sumber Manusia Berhad Act 2001 (Act 612) s.15(4)–(7), AGC reprint as at 1 November 2017, with P.U.(A) 84/2021",https://lom.agc.gov.my/ilims/upload/portal/akta/LOM/EN/Act%20612%20-%20Reprint%202017.pdf,2026-09-30,,,PARTIAL,Current source audit; full implementation unresolved: Class/rate inputs exist. Actual continuous below-maximum multi-year employer headcount/optional standing and mandatory transition carry-through requires complete original class history consumer. Historical verification evidence retained; no new probe.,"statutory_contributions:HRDF (declared company class, threshold-crossing year)",MY audit — HRD employer class and rate history in every active version,MY-HRDA06-1; MY-HRDA06-2; MY-HRDA06-3,2026-09-29
MY-HRDA07,MY,filing,"Act 612 ss.16–17; reg.14A: Below-ten history for three months permits a deregistration application, not automatic cancellation. Re-registration within two years preserves eligible benefits; later re-registration loses the prior eligibility. R43 needs approved registration history and outstanding-settlement state.","Pembangunan Sumber Manusia Berhad Act 2001 (Act 612) ss.16–17; reg.14A, AGC reprint as at 1 November 2017, with P.U.(A) 84/2021",https://lom.agc.gov.my/ilims/upload/portal/akta/LOM/EN/Act%20612%20-%20Reprint%202017.pdf,2026-09-29,2017-01-16,,EXTERNAL,"Legacy status: No [EXTERNAL 2026-09-29]. | Merged MY-HRD05 (P.U.(A) 15/2017 (https://hrdcorp.gov.my/wp-content/uploads/2021/03/4-P-U-A-15_10Jan2017-1.pdf): fully read, regs.1–15 and replacement Schedule): Effective 16 January 2017. Deletes reg.3 and parts of reg.8; updates employer code/forms, online payment, payment evidence and employer-assessed arrears subject to verification. New reg.14A requires a documented deregistration application after three months below ten and payment of levy/arrears/interest. Reg.15 requires acquisition evidence; seven named forms remain procedural records. R43 must preserve registration and settlement history; current headcount is insufficient evidence of deregistration. Legacy status: No [IN-SYSTEM 2026-09-29].",obligations:HRD_REGISTRATION,,,
MY-HRDA08,MY,filing,"Act 612 s.18: Late-levy interest: 10% annually per day, RM5 minimum per month/part, upward whole-ringgit calculation when above RM5; Board may remit. Require outstanding balances, due/paid dates, partial payments, monthly partition and remission evidence. No executed interest/debt settlement evidence yet; year denominator and official calculation guidance still to verify.","Pembangunan Sumber Manusia Berhad Act 2001 (Act 612) s.18, AGC reprint as at 1 November 2017, with P.U.(A) 84/2021",https://lom.agc.gov.my/ilims/upload/portal/akta/LOM/EN/Act%20612%20-%20Reprint%202017.pdf,2026-09-29,,,EXTERNAL,Legacy status: No [IN-SYSTEM 2026-09-29].,obligations:HRD_LEVY_MONTHLY,,,
MY-HRDA10,MY,other,"Act 612 ss.20,25: Grant eligibility, default disqualification/discretion, acquisition continuity and non-use rules. Employer grant administration is separate from employee levy assessment; preserve paid/default/approval evidence if reporting eligibility. No invented automatic grant entitlement.","Pembangunan Sumber Manusia Berhad Act 2001 (Act 612) ss.20,25, AGC reprint as at 1 November 2017, with P.U.(A) 84/2021",https://lom.agc.gov.my/ilims/upload/portal/akta/LOM/EN/Act%20612%20-%20Reprint%202017.pdf,2026-09-29,,,EXTERNAL,Legacy status: No [EXTERNAL 2026-09-29].,,,,
MY-HRDA11,MY,records,Act 612 s.21: Employee/wage particulars inspectable for six years after recording. Payroll evidence needs durable retention and retrieval; a generated payslip alone does not prove this.,"Pembangunan Sumber Manusia Berhad Act 2001 (Act 612) s.21, AGC reprint as at 1 November 2017, with P.U.(A) 84/2021",https://lom.agc.gov.my/ilims/upload/portal/akta/LOM/EN/Act%20612%20-%20Reprint%202017.pdf,2026-10-03,,,IMPLEMENTED,"Source-integrated full stated Act612s21 employee/wage document retention and retrieval: all eight national/Sabah/Sarawak versions declare distinct HRD_NATIVE_EMPLOYEE_WAGE_DOCUMENTS_SCHEMA, HRDF original source and six-year retention after actual recording. Native statutory_wage_records admits actual original imported book documents or saved payroll components with owned identity/partition/cash proof, exact original currency and complete wage/nonwage partition; unpaid assessment never proves actual withholding. Generic policy-required particulars avoid requiring unrelated EPF member/gender/employer-registration fields; dated EPF policies preserve their own exact requirements. Original records and monetary/identity/source snapshots are immutable, corrections add documentary successor records, read-all retrieval remains available and no delete/overwrite surface exists; every stored particular stays inspectable beyond the minimum. Additional HRD documents do not claim closure of EmploymentAct registers or wage-definition calculation rows. Source s21 read from original Act612 text at ILO; current AGC reprint link retained. No tests/probes/builds or VERIFIED promotion.",jurisdiction_settings.duty_types:HRD_NATIVE_EMPLOYEE_WAGE_DOCUMENTS_SCHEMA; statutory_wage_records; src/lib/statutory-wage-record.ts,,,
MY-HRDA12,MY,filing,"Act 612 ss.22–24,26–27; Third Schedule: Fund assets/expenditure, debt recovery and investment governance. Levy/loan/interest debt must reconcile with payment records; institutional investment decisions are outside employee payroll.","Pembangunan Sumber Manusia Berhad Act 2001 (Act 612) ss.22–24,26–27; Third Schedule, AGC reprint as at 1 November 2017, with P.U.(A) 84/2021",https://lom.agc.gov.my/ilims/upload/portal/akta/LOM/EN/Act%20612%20-%20Reprint%202017.pdf,2026-09-29,,,EXTERNAL,Legacy status: No [IN-SYSTEM 2026-09-29].,,,,
MY-HRDA13,MY,other,"Act 612 ss.28–38: Enforcement appointments/powers, notice of at least thirty days for requested information, inspection/evidence and statements. External procedure; records/assessments and notices must be preservable. No default payroll deduction follows from an investigation.","Pembangunan Sumber Manusia Berhad Act 2001 (Act 612) ss.28–38, AGC reprint as at 1 November 2017, with P.U.(A) 84/2021",https://lom.agc.gov.my/ilims/upload/portal/akta/LOM/EN/Act%20612%20-%20Reprint%202017.pdf,2026-09-29,,,EXTERNAL,Legacy status: No [EXTERNAL 2026-09-29].,,,,
MY-HRDA14,MY,other,Act 612 ss.39–47: Compounding limits and prosecution process; false declarations; court-ordered repayment and daily 10% interest from receipt; corporate/director liability; registration/payment orders. Preserve actual orders and assessed debts. Criminal fines and discretionary orders are not automatically calculated wages. Compounding regulations remain unread.,"Pembangunan Sumber Manusia Berhad Act 2001 (Act 612) ss.39–47, AGC reprint as at 1 November 2017, with P.U.(A) 84/2021",https://lom.agc.gov.my/ilims/upload/portal/akta/LOM/EN/Act%20612%20-%20Reprint%202017.pdf,2026-09-29,,,EXTERNAL,Legacy status: No [EXTERNAL 2026-09-29].,,,,
MY-HRDA15,MY,other,"Act 612 ss.48–52: Regulation, Schedule amendment, ministerial direction, secrecy and public-authority information powers. Explains why main-Act reading alone cannot close subsidiary rules or protect an unqualified current-law claim.","Pembangunan Sumber Manusia Berhad Act 2001 (Act 612) ss.48–52, AGC reprint as at 1 November 2017, with P.U.(A) 84/2021",https://lom.agc.gov.my/ilims/upload/portal/akta/LOM/EN/Act%20612%20-%20Reprint%202017.pdf,2026-09-29,,,NOT-APPLICABLE,"Regulation-making, direction and secrecy powers; not an employer obligation. | Legacy status: No [SOURCE 2026-09-29].",,,,
MY-HRDA16,MY,other,"Act 612 ss.53–63; former First Schedule: Repeal/savings preserve specified laws, obligations, proceedings and registrations; fund/staff transfer is historical institutional scope. Former categories read for historical assessment only. Current evaluation uses the 2021 replacement plus surviving Act history rules; earlier registration cannot be discarded at a version boundary.","Pembangunan Sumber Manusia Berhad Act 2001 (Act 612) ss.53–63; former First Schedule, AGC reprint as at 1 November 2017, with P.U.(A) 84/2021",https://lom.agc.gov.my/ilims/upload/portal/akta/LOM/EN/Act%20612%20-%20Reprint%202017.pdf,2026-09-29,,,NOT-APPLICABLE,Repeal and savings; historical assessment only. | Legacy status: No [SOURCE 2026-09-29].,,,,
MY-EA30N,MY,rest_holiday,"MY: under EA 1955 s.59(1) the last of two weekly rest days is the Part XII rest day; work on the earlier contractual rest day is s.60A(3)(a) overtime that counts toward the 104-hour month, while the MY contract still owes its 2.0× rest-day column.","Employment Act 1955 (Act 265) ss.59(1), 60A(3)(a), 60A(4)(a), 60D(1), AGC reprint as at 1 August 2023",https://lom.agc.gov.my/ilims/upload/portal/akta/outputaktap/1744567_BI/Reprint%20Act%20265%20(Final).pdf,2026-09-29,,,VERIFIED,"VERIFIED candidate: earlier_rest_day_work is RESOLVE_AS_OFF (no longer REFUSE) and band EARLIER-REST-2.0X prices the earlier rest day at the company 2.0x floored at 1.5x s.60I hour; probe MY-EA30N-1 (Sat earlier rest day 112.96, Sun s.59(1) rest day 112.96) passed 2026-10-01; goldens pass (statutory-golden-my 72/72) incl. 104-hour counting.",work_rules.earlier_rest_day_work; work_rules.limits:monthly_ot; work_rules.bands,"MY — the last rest day keeps its 2.0× rate; earlier rest-day work is priced as off-day overtime; Malaysia — s.59(1): the earlier of two rest days counts toward the 104-hour month, and a holiday on it is not substituted",MY-EA30N-1,2026-10-01
MY-LATE-01,MY,contribution,"A record dated in a month already settled early is paid as a (YYYY-MM) line of the next period. EPF (all three schedules), SOCSO, EIS and SKBBK bill it as a top-up of its earned month's bill, under that month's version; PCB and the HRD Corp levy bill it with the month it is paid.","EPF Act 1991 (Act 452) s.43(1) and Third Schedule (contribution on the amount of wages for the month); Employees' Social Security Act 1969 (Act 4) s.6 and Third Schedule (wages for the month), which also schedules SKBBK on Act 4 s.2(24) wages; Employment Insurance System Act 2017 (Act 800) s.18 and Second Schedule (wages for the month); Income Tax (Deduction from Remuneration) Rules 1994 r.3 with the LHDN MTD 2026 specification (remuneration is deducted in the month it is paid); Act 612 ss.2, 14 (monthly wages include arrears).",https://www.kwsp.gov.my/en/epf-act-1991-third-schedule,2026-10-01,2025-12-01,,TESTED,"Gated by tests/payroll-run-orderings.test.ts, the 'leave and overtime recorded after the early settlement' and 'an off-cycle bonus after the next period's late lines' cases at a low, middle and high wage: each late line is paid once; an EARNED scheme's two months and year to date equal the combined path to the cent, a later run of the paid month billing the late lines and their top-up as the earned month's (`payslips.adjustments.earned_period`, `payslips.statutory.earned_*`); a PAID scheme's late statutory equals bill(next month incl. the late lines) − bill(next month without them). The named goldens are built so each EARNED scheme's late lines cross a band edge, rate band or ceiling differently in the two months, and assert that billing it PAID would move its figures. Unset is PAID, a lawful cash-basis default. EPF, SOCSO, EIS and SKBBK: the Acts price the wages for the month, so a late line is wages of the month it was earned. PCB: MTD treats remuneration in the month paid (owner decision 2026-10-01). HRDF: Act 612 s.2 counts arrears inside a month's wages, so the levy reads a late line in the month it is paid.",statutory_contributions:EPF|EPF_PR|EPF_NON_CITIZEN|SOCSO|EIS|SKBBK|PCB|HRDF.late_line_month,"MY EPF, SOCSO, EIS: late lines cross table rows of the earned month, before the person turns 60 in the paid month, a later bonus included; MY PCB near the RM35,000 bracket bills late lines with the paid month, EPF across RM100 rows with the earned month’s bonus",,
