id,area,provision,citation,url,status,config,evidence
MY-SETTINGS-1,settings,Eight sealed versions chained by cloned_from_id with contiguous inclusive date ranges (2025-12-01 open-ended from 2031-06-01); each change of law its own version,P.U. (B) 196/2026; Cabinet decision 8 July 2026,https://www.perkeso.gov.my/images/akta/ACT%204/P.U.(B)/PUB_196_2026_-_PENETAPAN_TARIKH_PERMULAAN_KUAT_KUASA.pdf,CONFIGURED,jurisdiction_settings:MY,"jurisdiction_my: versions chain by cloned_from_id and their date ranges are contiguous and inclusive; version_1 change_summary corrected to the s.60I ordinary rate (round 7) 2026-10-08 (confirmation finding 7): version_2 split at 1 March 2026 (new version_3, the RM150 accommodation cap) and the 2026-07-08 version split at 1 December 2026 (new version_6, the HRD education exemption ended), so no change of law sits as a date condition inside a version; the split-off parents (version_2, version_5) keep listing their successors' holidays so the daily tick writes them ahead exactly as before the split (the later version lists them again; holidays are written once by date; host-reads tick test 4 / 4 trips). No bank entry falls in either new range, so every sample reference still names the version in force (MY sample records test)."
MY-SETTINGS-2,settings,Employee and entity input schemas in the one layout (contract_terms in MYR with MY enums; exit_facts; employment_statutory_facts with the PCB elections and the SKBBK RELEASED standing; person facts; entity facts with HRD class and employer registration numbers),—,,CONFIGURED,jurisdiction_settings:employee_input_schema+entity_input_schema,jurisdiction_my: both input schemas are JSON Schema 2020-12 and declare every fact the CEL reads
MY-SETTINGS-3,settings,"Owner divisor split: monthly / 26 for the ordinary and hourly rate (overtime, rest-day and holiday work, leave pay, encashment); calendar days for no-pay leave and part-month salary",Employment Act 1955 s.60I(1)(b) and (1A); s.18A,https://lom.agc.gov.my/ilims/upload/portal/akta/outputaktap/1744567_BI/Reprint%20Act%20265%20(Final).pdf,CONFIGURED,work_catalog:BASIC+NO_PAY_LEAVE+ENCASHMENT+OVERTIME+INCENTIVE+REST_DAY_WORK+REST_DAY_OVERTIME+HOLIDAY_WORK+HOLIDAY_OVERTIME; allowance_catalog:*,jurisdiction_my: ÷26 for the ordinary rate (EA s.60I) and calendar days for no-pay leave and part months (EA s.18A); jurisdiction-seed: MY prices a day at a twenty-sixth of the monthly salary (EA s.60I) (part month and no-pay leave by calendar days)
MY-SETTINGS-4,settings,"Minimum wage RM1,700 a month, RM8.72 an hour, RM65.38 / 78.46 / 98.08 a day (six / five / four-day week), each on its own pay basis; a weekly rate not below the daily rate × the working days; a part-timer at RM8.72 an hour on every basis; piece and task rates not below the monthly minimum for a full month",Minimum Wages Order 2024 paras 4–5,https://gajiminimum.mohr.gov.my/wp-content/uploads/PUA%20376.pdf,CONFIGURED,rule_set:minimum_wage; VALIDATIONS:MINIMUM_WAGE_MONTHLY (MONTHLY basis)+MINIMUM_WAGE_WEEKLY+MINIMUM_WAGE_DAILY+MINIMUM_WAGE_HOURLY+MINIMUM_WAGE_HOURLY_PART_TIME+MINIMUM_WAGE_PIECE,"jurisdiction_my: validations: the RM1,700 minimum wage on contract terms, the s.24(8) deduction ceiling, the 104-hour limit; jurisdiction_my: round 7: hours, rest day, minimum wage by basis, wage period and payment method validations; fix 2 (2026-10-07, MWO 2024 P.U.(A) 376/2024 paras 2–5 read on gajiminimum.mohr.gov.my): verify2 findings 1–2 confirmed — the monthly floor now binds pay_basis MONTHLY only (DAILY RM70 / HOURLY RM10 / WEEKLY RM500 / PIECE RM2 admitted); the Order has no weekly rate, so MINIMUM_WAGE_WEEKLY holds a week to the daily table × days (392.28 / 392.30 / 392.32); the part-time conversion is MONTHLY × 12 ÷ 52 ÷ weekly hours, WEEKLY ÷ weekly hours, DAILY ÷ normal hours a day, an HOURLY part-timer compared directly (RM10 at 25 h admitted). Test: round 7: hours, rest day, minimum wage by basis, wage period and payment method validations; 2026-10-08: MINIMUM_WAGE_PIECE compared each half of a semi-monthly month with the RM1,700 monthly minimum (paid_days == days is per part); it now runs on the month's last part over the month to date (gross + earned.month.gross) and only for a month the employment covers whole (round 7: hours, rest day, minimum wage by basis… validations: 850 + 850 passes, 850 + 800 holds, the first half never compared)."
MY-SETTINGS-5,settings,Sabah and Sarawak worksites (Labour Ordinances Cap. 67 / Cap. 76 replace the Employment Act): excluded from this lineage — a term recording worksite_state SABAH or SARAWAK is refused,Employment Act 1955 s.1(2); Labour Ordinance (Sabah) Cap. 67 as amended by Act A1753 (2025); Labour Ordinance (Sarawak) Cap. 76 as amended by Act A1754 (2025),https://lom.agc.gov.my/ilims/upload/portal/akta/outputaktap/1744567_BI/Reprint%20Act%20265%20(Final).pdf,OUT_OF_SCOPE,VALIDATIONS:LABOUR_ORDINANCE_TERRITORY (refuse),"Excluded, not priced (fix 2, 2026-10-07): LABOUR_ORDINANCE_TERRITORY now refuses the contract term instead of warning, so no Sabah or Sarawak worksite is ever priced under Employment Act rules; tested in jurisdiction_my: fix 2: PDPA ss.7/12A/12B, EA ss.57A–57B and 81B–81C, CP58 on exit, FOMEMA, compulsory holidays, EPF relief, Sabah and Sarawak and round 7: hours, rest day…validations. Reason a practitioner accepts: the amended Ordinances (Acts A1753 / A1754, in force 1 May 2025) cannot be read whole — no official principal text of Cap. 67 / Cap. 76 is published. Closing it needs those texts and a Sabah / Sarawak profile. Limit: an unrecorded worksite_state is taken as Peninsular Malaysia or Labuan. Earlier: jurisdiction_my: round 7: hours, rest day, minimum wage by basis, wage period and payment method validations; the Ordinances' own overtime, holiday, leave and termination rules are not encoded. Round 8 (2026-10-07): lom.agc.gov.my carries the amending Acts — Labour Ordinance of Sabah (Amendment) Act 2025, Act A1753 (https://lom.agc.gov.my/ilims/upload/portal/akta/outputaktap/2759697_BI/A1753%20-Labour%20Ordinance%20of%20Sabah%20(Amendment)%20Act%202025.pdf) and Labour Ordinance of Sarawak (Amendment) Act 2025, Act A1754 (https://lom.agc.gov.my/ilims/upload/portal/akta/outputaktap/2790645_BI/Act%20A1754%20LABOUR%20ORDINANCE%20OF%20SARAWAK%20(AMENDMENT)%20ACT%202025.pdf), both in force 1 May 2025 — but they amend words and subsections of the Ordinances (e.g. Sabah ss.102–104e, 108–110a; Sarawak ss.103–105e, 109–111a), and no official text of the Ordinances they amend is published (lom.agc.gov.my holds no principal Cap. 67 / Cap. 76; no state AG host found). Without the base text the amended rules cannot be read whole, which is why the worksites are excluded (refused) rather than priced."
MY-SETTINGS-7,settings,"An OFF_CYCLE bonus run before or after the REGULAR run settles the same month totals (EPF, SOCSO, EIS, PCB, HRD)",—,,CONFIGURED,statutory_contribution_catalog:*,jurisdiction_my: MY engine runs: an OFF_CYCLE bonus run before or after the REGULAR run yields the same month totals
MY-SETTINGS-8,settings,"Sub-monthly settlement: basic and fixed allowances are the monthly amount ÷ the parts of the month, prorated by the part's calendar days; no-pay leave divides by the calendar days of the month",Employment Act 1955 ss.18-18A,https://lom.agc.gov.my/ilims/upload/portal/akta/outputaktap/1744567_BI/Reprint%20Act%20265%20(Final).pdf,CONFIGURED,"work_catalog:BASIC+NO_PAY_LEAVE; allowance_catalog:* (period.parts, period.month_days)","jurisdiction_my: round 7: the formerly SEEDED rows — EPF bonus band, sub-monthly parts, national service, termination routing, advances (two parts of 14 days: 1,500 each; 7 of 14 days: 750); sweep 2026-10-08 (per-part period.days / paid_days): every MY work and allowance line checked — BASIC (monthly and weekly rates) and the five fixed allowances already divide by period.parts before the part's day proration; NO_PAY_LEAVE prices a day at monthly ÷ the month's calendar days (EA s.18A, period.month_days); every other line is a day or hour rate (÷ 26, EA s.60I) times the part's own days, so nothing is paid twice. Engine test: MY engine runs > a SEMI_MONTHLY month pays the monthly basic and allowances exactly once and charges the month's EPF (RM3,500 a half; RM7,000 / RM3,000 + RM301 for the month; EPF 770 / 840). The 104-hour cap in OVERTIME / INCENTIVE is counted per slip, but both lines carry the same 1.5× rate and scheme routing, so the money is unchanged; the monthly limit itself is the OVERTIME_LIMIT validation on hours.month. 2026-10-08 (confirmation B1): a part month on a sub-monthly entity is prorated over the MONTH's calendar days (EA s.18A) — each part pays its employed days ÷ period.month_days, the last part settles the month to the s.18A figure less the earlier parts (earned.month), a whole month ÷ the parts; allowances the same. RM3,100 in October: joined 10th 2,200, 20th 1,200; left 10th 1,000, 20th 2,000 (MY engine runs > EA s.18A on a SEMI_MONTHLY entity: an October part month is prorated over 31 calendar days). The February-only unit tests that hid it now model the joiner by start date."
MY-CONTRIBUTION-1,contribution,EPF Part A: employee 11% and employer 13% (to RM5000) or 12% on the Third Schedule band; above RM20000 the exact percentages with only the total rounded up to the ringgit,EPF Act 1991 s.43 Third Schedule Part A,https://web.archive.org/web/20260810072920/https://www.kwsp.gov.my/en/employer/responsibilities/mandatory-contribution,CONFIGURED,statutory_contribution_catalog:EPF,"MY jurisdiction seed > EPF Third Schedule Parts A, E and F charge the printed bands. EPF Third Schedule Parts A E and F charge the printed bands (KWSP example 2.1 RM21,250 → 2,337.50 / 2,550.50; NHPMY0193 RM23,019 → 2,532.09 / 2,762.91 — the Nihon listing rounds each share up, 2,533 / 2,763, and over-remits RM1)"
MY-CONTRIBUTION-2,contribution,EPF Part A bonus note: employer stays at 13% where only additional wages lift the month over RM5000,EPF Act 1991 Third Schedule Part A note,https://www.kwsp.gov.my/documents/d/guest/third_schedule_from_-1-october-2025,CONFIGURED,statutory_contribution_catalog:EPF,"jurisdiction_my: round 7: the formerly SEEDED rows — EPF bonus band, sub-monthly parts, national service, termination routing, advances (4,800 + 1,000 bonus → 13% of 5,800 = 754; 5,100 + 1,000 → 12% of 6,100 = 732)"
MY-CONTRIBUTION-3,contribution,EPF Part E: citizen aged 60 to 74 employer 4% only,EPF Act 1991 Third Schedule Part E,https://www.kwsp.gov.my/en/employer/responsibilities/mandatory-contribution,CONFIGURED,statutory_contribution_catalog:EPF,"MY jurisdiction seed > EPF Third Schedule Parts A, E and F charge the printed bands. EPF Third Schedule Parts A E and F charge the printed bands"
MY-CONTRIBUTION-4,contribution,EPF Part C: permanent resident aged 60 to 74 employee 5.5% and employer 6.5% or 6%,EPF Act 1991 Third Schedule Part C,https://www.kwsp.gov.my/en/employer/responsibilities/mandatory-contribution,CONFIGURED,statutory_contribution_catalog:EPF_PR,"MY jurisdiction seed > EPF Third Schedule Parts A, E and F charge the printed bands. EPF Third Schedule Parts A E and F charge the printed bands"
MY-CONTRIBUTION-5,contribution,"EPF Part F: non-citizen 2% + 2%, only the total rounded up to the next ringgit; nothing from 75",EPF Act 1991 First Schedule para 13 and Third Schedule Part F (Act A1760),https://web.archive.org/web/20260810072920/https://www.kwsp.gov.my/en/employer/responsibilities/mandatory-contribution,CONFIGURED,statutory_contribution_catalog:EPF_NON_CITIZEN,"MY jurisdiction seed > EPF Third Schedule Parts A, E and F charge the printed bands. EPF Third Schedule Parts A E and F charge the printed bands (KWSP example 2.4 RM6,710 → 134.20 / 134.80; RM1,954 → 39.08 / 39.92 where the Nihon listing charges 40 / 40)"
MY-CONTRIBUTION-6,contribution,EPF pre-1 August 1998 non-citizen electors stay on Part A below 60 and Part C from 60,"EPF Act 1991 Third Schedule Part A para 1(c), Part C para 1(c); Act A1760 ss.10-11",https://lom.agc.gov.my/ilims/upload/portal/akta/outputaktap/1736246_BI/Act%20452%20(Online%202022).pdf,CONFIGURED,statutory_contribution_catalog:EPF+EPF_PR+EPF_NON_CITIZEN (elections.EPF.elected_before_1998),"MY jurisdiction seed > EPF Third Schedule Parts A, E and F charge the printed bands. EPF Third Schedule Parts A E and F charge the printed bands"
MY-CONTRIBUTION-7,contribution,SOCSO first category below 60: 0.5% / 1.75% of the band midpoint to the RM6000 ceiling,Employees Social Security Act 1969 Third Schedule; P.U. (A) 180/2024,https://www.perkeso.gov.my/en/rate-of-contribution.html,CONFIGURED,statutory_contribution_catalog:SOCSO,"MY jurisdiction seed > SOCSO, EIS and HRD levy match the Nihon salary listings and the HRD registration class. SOCSO EIS and HRD levy match the Nihon salary listings and the HRD registration class"
MY-CONTRIBUTION-8,contribution,SOCSO second category from 60: employer 1.25% of the band midpoint,Employees Social Security Act 1969 First Schedule para 12 and Third Schedule,https://www.perkeso.gov.my/en/rate-of-contribution.html,CONFIGURED,statutory_contribution_catalog:SOCSO,"MY jurisdiction seed > SOCSO, EIS and HRD levy match the Nihon salary listings and the HRD registration class. SOCSO EIS and HRD levy match the Nihon salary listings and the HRD registration class"
MY-CONTRIBUTION-9,contribution,"SOCSO, SKBBK and EIS printed bands for wages up to RM200",Employees Social Security Act 1969 Third Schedule (Act A1788 Parts I–VI); Employment Insurance System Act 2017 Second Schedule,https://www.perkeso.gov.my/images/akta/ACT%204/Act_A1788_-_EMPLOYEES_SOCIAL_SECURITY_AMENDMENT_ACT_2026.pdf,CONFIGURED,statutory_contribution_catalog:SOCSO,"MY jurisdiction seed > SOCSO, EIS and HRD levy match the Nihon salary listings and the HRD registration class. SOCSO EIS and HRD levy match the Nihon salary listings and the HRD registration class; SKBBK phased"
MY-CONTRIBUTION-10,contribution,SOCSO for foreign workers: First Category since 1 July 2024 (Second Category at 60 or first insured at 55),PERKESO FAQ Extension of the Invalidity Scheme to Foreign Workers Q2 and Q4; Act 4 First Schedule para 12(iv) deleted by P.U. (A) 180/2024,https://www.perkeso.gov.my/images/pekerja_asing/250724%20-FAQ%20-%20INVALIDITY%20SCHEME%20FOREIGN%20WORKER.pdf,CONFIGURED,statutory_contribution_catalog:SOCSO,"MY jurisdiction seed > SOCSO, EIS and HRD levy match the Nihon salary listings and the HRD registration class. SOCSO EIS and HRD levy match the Nihon salary listings (NHPMY0310 → 9.25 / 32.35)"
MY-CONTRIBUTION-11,contribution,SOCSO Second Category for employees first insured at 55 or more and for certified invalids receiving an invalidity pension,Employees Social Security Act 1969 First Schedule para 12(i) and (iii),https://lom.agc.gov.my/ilims/upload/portal/akta/outputaktap/3226981_BI/Act%204%20(Online%202026).pdf,CONFIGURED,statutory_contribution_catalog:SOCSO (scheme.elections.first_insured_at_55_or_more; employee.receiving_pension),"MY jurisdiction seed > SOCSO, EIS and HRD levy match the Nihon salary listings and the HRD registration class. SOCSO EIS and HRD levy match the Nihon salary listings and the HRD registration class"
MY-CONTRIBUTION-12,contribution,"EIS 0.2% / 0.2% of the band wage from 18 to below 60 for citizens, permanent residents and resident non-citizens with MyKAS or similar cards; other foreign employees excluded; local domestic workers covered from 1 June 2021, foreign domestic workers not","Employment Insurance System Act 2017 (Act 800) s.2, First Schedule para 10; PERKESO FAQ Domestic Workers",https://www.perkeso.gov.my/images/pekerja_domestik/280721_-_FAQ_Domestic_Workers.pdf,CONFIGURED,statutory_contribution_catalog:EIS (scheme.elections.mykas_resident),"jurisdiction_my: round 7: MTD exemptions, EIS MyKAS cover, EPF elected and contractual rates; jurisdiction_my: round 7: the formerly SEEDED rows — EPF bonus band, sub-monthly parts, national service, termination routing, advances"
MY-CONTRIBUTION-13,contribution,EIS from 57 only if liable before 57,Employment Insurance System Act 2017 First Schedule para 9,https://perkeso.gov.my/images/akta/ACT%20800/Akta%20800_EMPLOYMENT%20INSURANCE%20SYSTEM%20ACT%202017.pdf,CONFIGURED,statutory_contribution_catalog:EIS (scheme.elections.first_insured_at_57_or_more),"MY jurisdiction seed > SOCSO, EIS and HRD levy match the Nihon salary listings and the HRD registration class. SOCSO EIS and HRD levy match the Nihon salary listings and the HRD registration class"
MY-CONTRIBUTION-14,contribution,SKBBK employee contribution on the band wage: 0.75% from 1 June 2026; 1.00% from 1 June 2028; 1.25% from 1 June 2031,Act A1788 s.3 and s.17; P.U. (B) 196/2026,https://www.perkeso.gov.my/images/akta/ACT%204/Act_A1788_-_EMPLOYEES_SOCIAL_SECURITY_AMENDMENT_ACT_2026.pdf,CONFIGURED,statutory_contribution_catalog:SKBBK,"MY jurisdiction seed > SKBBK is an employee contribution from 1 June 2026, phased 0.75% / 1.00% / 1.25%, voluntary for locals from 8 July 2026. SKBBK is an employee contribution from 1 June 2026 phased 0.75% / 1.00% / 1.25% voluntary for locals from 8 July 2026 (Act A1788 Parts I–III rows reproduced)"
MY-CONTRIBUTION-15,contribution,SKBBK voluntary for citizens and permanent residents from 8 July 2026 (accepted release of liability); mandatory for foreign workers,Cabinet decision 8 July 2026; PERKESO Notis Perakuan Pelepasan Liabiliti,https://www.perkeso.gov.my/images/lindung/lindung-24-jam/130826-FAQ%20_LINDUNG24Jam_EN_version.pdf,CONFIGURED,statutory_contribution_catalog:SKBBK (SKBBK standing kind RELEASED → scheme.standing),"MY jurisdiction seed > SKBBK is an employee contribution from 1 June 2026, phased 0.75% / 1.00% / 1.25%, voluntary for locals from 8 July 2026. SKBBK is an employee contribution from 1 June 2026 phased 0.75% / 1.00% / 1.25% voluntary for locals from 8 July 2026; PERKESO LINDUNG 24 Jam FAQ Q9/Q11/Q25: a window opt-out counts from the July 2026 wage month (the RELEASED standing is recorded from 2026-07-01), June 2026 is always charged"
MY-CONTRIBUTION-16,contribution,HRD levy 1% of Malaysian citizens' wages (overtime excluded),Pembangunan Sumber Manusia Berhad Act 2001 s.14 and First Schedule,,CONFIGURED,statutory_contribution_catalog:HRDF,"MY jurisdiction seed > SOCSO, EIS and HRD levy match the Nihon salary listings and the HRD registration class. SOCSO EIS and HRD levy match the Nihon salary listings and the HRD registration class"
MY-CONTRIBUTION-17,contribution,HRD optional class 0.5%; no levy when not registered or out of scope; domestic servants and part-time wages excluded,PSMB Act 2001 ss.2 and 14; P.U.(A) 84/2021 First Schedule,,CONFIGURED,statutory_contribution_catalog:HRDF (company.facts.hrd_registration_class + hrd_scope),"MY jurisdiction seed > SOCSO, EIS and HRD levy match the Nihon salary listings and the HRD registration class. SOCSO EIS and HRD levy match the Nihon salary listings and the HRD registration class"
MY-CONTRIBUTION-18,contribution,HRD levy exemption for registered employers in the scheduled education industries: levy payable 15 January – 31 December 2026 (January–November 2026 wage months),"Pembangunan Sumber Manusia Berhad (Exemption of Levy) Order 2026, P.U. (A) 13/2026, paras.1(2), 2 and Schedule (made under Act 612 s.19)",https://lom.agc.gov.my/ilims/upload/portal/akta/outputp/3268260/PUA%2013%20(2026).pdf,CONFIGURED,statutory_contribution_catalog:HRDF (company.facts.hrd_education_schedule_code),"jurisdiction_my: SOCSO, EIS and HRD levy match the Nihon salary listings and the HRD registration class (the Schedule codes, the exempt 2026 wage months, November 2026 exempt and December 2026 charged, and the full levy outside them, every version). Gazette read 2026-10-07 on lom.agc.gov.my (published 14 January 2026): an employer registered with HRD Corp for a scheduled education industry (MSIC 85102, 85104, 85212, 85222, 85302, 8541/8542/8549, 85500) is exempt from paying the ss.14–15 levy for each employee; the Order has effect from 15 January to 31 December 2026. Owner ruling 2026-10-07 (strict reading): only levy payable inside that period is exempt, so the January–November 2026 wage months are exempt (each payable by the 15th of the next month) and the levy on December 2026 wages, payable in January 2027, is charged. 2026-10-08: the exemption is now a version boundary — versions within January–November 2026 carry it, version_6 from 1 December 2026 does not (SOCSO, EIS and HRD levy … test: November 2026 exempt, December 2026 34.51)."
MY-CONTRIBUTION-19,contribution,SOCSO Second Category employer and SKBBK Phases I and III round the 1.25% column half to even (RM200.01–300 → RM3.10 / RM1.85),"Employees Social Security Act 1969 Third Schedule (Act A1788 Parts I, III, IV)",https://www.perkeso.gov.my/images/akta/ACT%204/Act_A1788_-_EMPLOYEES_SOCIAL_SECURITY_AMENDMENT_ACT_2026.pdf,CONFIGURED,statutory_contribution_catalog:SOCSO+SKBBK,"MY jurisdiction seed > SOCSO, EIS and HRD levy match the Nihon salary listings and the HRD registration class. SOCSO EIS and HRD levy match the Nihon salary listings and the HRD registration class; SKBBK phased"
MY-CONTRIBUTION-20,contribution,EPF exemption for a foreign-domiciled employee with the Board's approval to participate in another scheme,EPF Act 1991 First Schedule para (8),https://lom.agc.gov.my/ilims/upload/portal/akta/outputaktap/1736246_BI/Act%20452%20(Online%202022).pdf,CONFIGURED,statutory_contribution_catalog:EPF_NON_CITIZEN (scheme.elections.board_approved_other_scheme),"MY jurisdiction seed > EPF Third Schedule Parts A, E and F charge the printed bands. EPF Third Schedule Parts A E and F charge the printed bands; customer input: board_approved_other_scheme"
MY-CONTRIBUTION-21,contribution,A foreign worker without a valid work pass is outside the SOCSO invalidity scheme and EPF Part F,Employees Social Security Act 1969 First Schedule para 12A; KWSP non-citizen FAQ,https://lom.agc.gov.my/ilims/upload/portal/akta/outputaktap/3226981_BI/Act%204%20(Online%202026).pdf,CONFIGURED,statutory_contribution_catalog:SOCSO+EPF_NON_CITIZEN (terms.facts.work_pass_valid_until),"MY jurisdiction seed > EPF Third Schedule Parts A, E and F charge the printed bands. EPF Third Schedule Parts A E and F charge the printed bands; customer input: work_pass_valid_until"
MY-CONTRIBUTION-22,contribution,EPF: a domestic servant is an employee only after one month's notice; non-citizen domestic workers are outside Part F,EPF Act 1991 First Schedule paras (2)-(3); KWSP non-citizen FAQ,https://web.archive.org/web/20260225120656/https://www.kwsp.gov.my/en/employer/responsibilities/non-malaysian-citizen-employees,CONFIGURED,statutory_contribution_catalog:EPF+EPF_PR+EPF_NON_CITIZEN (person.epf_excluded; elections.EPF.domestic_servant_notice_given),"MY jurisdiction seed > EPF Third Schedule Parts A, E and F charge the printed bands. EPF Third Schedule Parts A E and F charge the printed bands"
MY-CONTRIBUTION-23,contribution,SKBBK is deducted only by the employer the employee designated,PERKESO LINDUNG 24 Jam FAQ Q21,https://www.perkeso.gov.my/images/lindung/lindung-24-jam/130826-FAQ%20_LINDUNG24Jam_EN_version.pdf,CONFIGURED,statutory_contribution_catalog:SKBBK (scheme.elections.designated_employer),"MY jurisdiction seed > SKBBK is an employee contribution from 1 June 2026, phased 0.75% / 1.00% / 1.25%, voluntary for locals from 8 July 2026. SKBBK phased; customer input: designated_employer"
MY-TAX-1,tax,MTD non-resident 30% of all remuneration,Income Tax Act 1967 s.107(2); LHDN MTD Specification 2026 D(a),https://www.hasil.gov.my/wp-content/uploads/spesifikasi-kaedah-pengiraan-berkomputer-pcb-2026.pdf,CONFIGURED,statutory_contribution_catalog:PCB,"MY jurisdiction seed > MTD: non-resident 30%; resident Specification 2026 D year to date with EPF relief, reliefs, rebates and additional remuneration. MTD non-resident 30%; resident Specification 2026 D year to date with EPF relief reliefs rebates and additional remuneration"
MY-TAX-2,tax,MTD resident: Schedule 1 rates on annualised normal remuneration less RM9000 individual relief; truncated to the sen and rounded up to 5 sen; under RM10 not deducted,Income Tax Act 1967 Schedule 1 and s.46(1)(a); LHDN MTD Specification 2026 D(2),https://www.hasil.gov.my/wp-content/uploads/spesifikasi-kaedah-pengiraan-berkomputer-pcb-2026.pdf,CONFIGURED,statutory_contribution_catalog:PCB,"MY jurisdiction seed > MTD: non-resident 30%; resident Specification 2026 D year to date with EPF relief, reliefs, rebates and additional remuneration. MTD non-resident 30%; resident Specification 2026 D year to date with EPF relief reliefs rebates and additional remuneration"
MY-TAX-3,tax,MTD EPF relief K on the employee's EPF share capped at RM4000 a year (not on non-EPF pay such as overtime),LHDN MTD Specification 2026 D,https://www.hasil.gov.my/wp-content/uploads/spesifikasi-kaedah-pengiraan-berkomputer-pcb-2026.pdf,CONFIGURED,statutory_contribution_catalog:PCB (parts non_epf / additional_non_epf),"MY jurisdiction seed > MTD: non-resident 30%; resident Specification 2026 D year to date with EPF relief, reliefs, rebates and additional remuneration. MTD non-resident 30%; resident Specification 2026 D year to date with EPF relief reliefs rebates and additional remuneration; fix 2 (2026-10-07): PCB K now takes the EPF actually contributed — max(Third Schedule share, elections.EPF.employee_rate × wage rounded up) for both K1 and Kt, still capped at RM4,000 (MTD Specification 2026 D). Because the cap binds a full year at most wages, the effect shows where the year's contribution is under it: a December joiner (TP3 RM60,000 / RM1,500 MTD, no EPF) on RM2,500 pays MTD 354.75 at 11% and 343.75 at an elected 15% (jurisdiction_my: fix 2: PDPA ss.7/12A/12B, EA ss.57A–57B and 81B–81C, CP58 on exit, FOMEMA, compulsory holidays, EPF relief, Sabah and Sarawak)"
MY-TAX-4,tax,RM400 individual rebate and RM400 spouse rebate where chargeable income is at most RM35000,Income Tax Act 1967 s.6A(2)(a)-(b),https://lom.agc.gov.my/ilims/upload/portal/akta/outputaktap/3345910_BI/Act%2053%20(Online%202026).pdf,CONFIGURED,statutory_contribution_catalog:PCB,"MY jurisdiction seed > MTD: non-resident 30%; resident Specification 2026 D year to date with EPF relief, reliefs, rebates and additional remuneration. MTD non-resident 30%; resident Specification 2026 D year to date with EPF relief reliefs rebates and additional remuneration"
MY-TAX-5,tax,Spouse relief RM4000; disabled individual RM7000; disabled spouse further RM6000; declared child relief (RM2000 / RM8000 / RM16000 and half shares),Income Tax Act 1967 ss.46(1)(e) 47 48,https://lom.agc.gov.my/ilims/upload/portal/akta/outputaktap/3345910_BI/Act%2053%20(Online%202026).pdf,CONFIGURED,statutory_contribution_catalog:PCB (employee.marital_status/spouse_status/disabled; scheme.elections.spouse_disabled and children_*),"MY jurisdiction seed > MTD: non-resident 30%; resident Specification 2026 D year to date with EPF relief, reliefs, rebates and additional remuneration. MTD non-resident 30%; resident Specification 2026 D year to date with EPF relief reliefs rebates and additional remuneration"
MY-TAX-6,tax,MTD on additional remuneration (bonus and other additional pay): year's tax on P + Yt - Kt less twelve normal MTDs,LHDN MTD Specification 2026 D(3),https://www.hasil.gov.my/wp-content/uploads/spesifikasi-kaedah-pengiraan-berkomputer-pcb-2026.pdf,CONFIGURED,statutory_contribution_catalog:PCB,"MY jurisdiction seed > MTD: non-resident 30%; resident Specification 2026 D year to date with EPF relief, reliefs, rebates and additional remuneration. MTD non-resident 30%; resident Specification 2026 D year to date with EPF relief reliefs rebates and additional remuneration"
MY-TAX-7,tax,Payroll zakat rebated from MTD,Income Tax Act 1967 s.6A(3),https://lom.agc.gov.my/ilims/upload/portal/akta/outputaktap/3345910_BI/Act%2053%20(Online%202026).pdf,CONFIGURED,statutory_contribution_catalog:PCB (scheme.elections.zakat_monthly),"MY jurisdiction seed > MTD: non-resident 30%; resident Specification 2026 D year to date with EPF relief, reliefs, rebates and additional remuneration. MTD non-resident 30%; resident Specification 2026 D year to date with EPF relief reliefs rebates and additional remuneration; earlier months' zakat is taken at the standing's monthly amount"
MY-TAX-8,tax,Tax residence for the basis year (a foreigner may be resident) — customer input: the s.7 day-count tests need presence days the records do not hold,Income Tax Act 1967 s.7,https://lom.agc.gov.my/ilims/upload/portal/akta/outputaktap/3345910_BI/Act%2053%20(Online%202026).pdf,CONFIGURED,statutory_contribution_catalog:PCB (scheme.elections.tax_residency),"MY jurisdiction seed > MTD: non-resident 30%; resident Specification 2026 D year to date with EPF relief, reliefs, rebates and additional remuneration. MTD non-resident 30%; resident Specification 2026 D year to date with EPF relief reliefs rebates and additional remuneration; customer input: scheme.elections.PCB tax_resident"
MY-TAX-9,tax,MTD year-to-date method: accumulated remuneration and accumulated MTD (X) over the remaining months,LHDN MTD Specification 2026 D(2),https://www.hasil.gov.my/wp-content/uploads/spesifikasi-kaedah-pengiraan-berkomputer-pcb-2026.pdf,CONFIGURED,statutory_contribution_catalog:PCB (year parts; charged.year.EPF*/PCB),"MY jurisdiction seed > MTD: non-resident 30%; resident Specification 2026 D year to date with EPF relief, reliefs, rebates and additional remuneration. MTD non-resident 30%; resident Specification 2026 D year to date with EPF relief reliefs rebates and additional remuneration"
MY-TAX-10,tax,"TP1 monthly deductions (LP1) and TP3 previous-employer remuneration, EPF and MTD",LHDN MTD Specification 2026 D.2(ii); Form TP1 / TP3,https://www.hasil.gov.my/wp-content/uploads/spesifikasi-kaedah-pengiraan-berkomputer-pcb-2026.pdf,CONFIGURED,"statutory_contribution_catalog:PCB (scheme.elections.tp1_monthly_deductions, tp3_prior_*)","MY jurisdiction seed > MTD: non-resident 30%; resident Specification 2026 D year to date with EPF relief, reliefs, rebates and additional remuneration. MTD: non-resident 30%; resident Specification 2026 D year to date with EPF relief reliefs rebates and additional remuneration; customer input: tp1_monthly_deductions, tp3_prior_remuneration, tp3_prior_epf, tp3_prior_mtd"
MY-TAX-11,tax,REP and knowledge-worker 15% rates with the RM400 rebates; C-suite 15% without,LHDN MTD Specification 2026 sections 3-5,https://www.hasil.gov.my/wp-content/uploads/spesifikasi-kaedah-pengiraan-berkomputer-pcb-2026.pdf,CONFIGURED,"statutory_contribution_catalog:PCB (scheme.elections.pcb_tax_profile, pcb_approval_first_year, pcb_approval_last_year)","MY jurisdiction seed > MTD: non-resident 30%; resident Specification 2026 D year to date with EPF relief, reliefs, rebates and additional remuneration. MTD: non-resident 30%; resident Specification 2026 D year to date with EPF relief reliefs rebates and additional remuneration; customer input: pcb_tax_profile; Schedule 6 para 21 non-resident exemption remains unseeded"
MY-TAX-12,tax,CP38 instalments directed by LHDN,Income Tax Act 1967 s.107 (CP38 direction),https://lom.agc.gov.my/ilims/upload/portal/akta/outputaktap/3345910_BI/Act%2053%20(Online%202026).pdf,CONFIGURED,"adhoc_catalog:CP38_INSTALMENT (NET, no scheme)","MY jurisdiction seed > a CP38 instalment is a net deduction outside every scheme, so it never enters accumulated MTD. a CP38 instalment is a net deduction outside every scheme so it never enters accumulated MTD; customer input: the directed amount"
MY-WORK-1,work,"Normal-day overtime at 1.5× the hourly rate (ordinary rate ÷ normal hours a day: terms.facts.normal_hours_per_day, else company.facts.normal_daily_hours, else 8) for EA-covered employees (≤ RM4,000, manual, vehicle, vessel, or by contract)",Employment Act 1955 s.60A(3)(a) and s.60I(1)(b),https://lom.agc.gov.my/ilims/upload/portal/akta/outputaktap/1744567_BI/Reprint%20Act%20265%20(Final).pdf,CONFIGURED,work_catalog:OVERTIME (work.days),"jurisdiction_my: ÷26 for the ordinary rate (EA s.60I) and calendar days for no-pay leave and part months (EA s.18A); jurisdiction_my: round 7: EA coverage above RM4,000, pay bases and the s.60I ordinary rate of pay"
MY-WORK-2,work,Overtime payment is not EPF or HRD wages but is SOCSO/EIS wages and PCB remuneration,EPF Act 1991 s.2; PSMB Act 2001 s.2,,CONFIGURED,work_catalog:OVERTIME,jurisdiction_my: overtime and other non-EPF pay is PCB remuneration outside the EPF and HRD wage
MY-WORK-3,work,Overtime limited to 104 hours a month (warned); hours beyond priced as incentive at 1.5× (the employer must hold the Director General's permission under s.60A(7) to require them),Employment (Limitation of Overtime Work) Regulations 1980 reg.2,,CONFIGURED,"work_catalog:OVERTIME+INCENTIVE; rule_set:VALIDATIONS.OVERTIME_LIMIT (hours.month, warn)","jurisdiction_my: ÷26 for the ordinary rate (EA s.60I) and calendar days for no-pay leave and part months (EA s.18A); validations: the RM1,700 minimum wage on contract terms, the s.24(8) deduction ceiling, the 104-hour limit"
MY-WORK-4,work,Work on a paid public holiday: two days' wages per holiday worked,Employment Act 1955 s.60D(3)(a)(i),https://lom.agc.gov.my/ilims/upload/portal/akta/outputaktap/1744567_BI/Reprint%20Act%20265%20(Final).pdf,CONFIGURED,work_catalog:HOLIDAY_WORK,"MY jurisdiction seed > ÷26 for the ordinary rate (EA s.60I) and calendar days for no-pay leave and part months (EA s.18A). a day is a twenty-sixth of the month for basic no-pay leave encashment overtime and holiday work 2026-10-08 (confirmation B2): EA s.60D(3)(a) ""in addition to the holiday pay"" — HOLIDAY_PAY now counts a worked holiday too for daily, hourly and piece rates: RM100 a day worked on National Day = 100 holiday pay + 200 HOLIDAY_WORK = RM300 (MY engine runs > EA s.60D(3)(a) and s.60(3)(d)…)."
MY-WORK-5,work,Overtime on a rest day (2x) and on a public holiday beyond normal hours (3x),Employment Act 1955 s.60(3)(c) and s.60D(3)(a)(ii),https://lom.agc.gov.my/ilims/upload/portal/akta/outputaktap/1744567_BI/Reprint%20Act%20265%20(Final).pdf,CONFIGURED,work_catalog:REST_DAY_OVERTIME+HOLIDAY_OVERTIME (work.days day_type / holiday_kind / overtime_hours),jurisdiction_my: ÷26 for the ordinary rate (EA s.60I) and calendar days for no-pay leave and part months (EA s.18A)
MY-WORK-6,work,"Rest-day work within normal hours: half a day for up to half the normal hours, a day for more",Employment Act 1955 s.60(3)(a)-(b),https://lom.agc.gov.my/ilims/upload/portal/akta/outputaktap/1744567_BI/Reprint%20Act%20265%20(Final).pdf,CONFIGURED,work_catalog:REST_DAY_WORK (work.days),"jurisdiction_my: ÷26 for the ordinary rate (EA s.60I) and calendar days for no-pay leave and part months (EA s.18A); jurisdiction_my: round 7: EA coverage above RM4,000, pay bases and the s.60I ordinary rate of pay (daily rate 1 / 2 days)"
MY-WORK-7,work,No-pay leave and the unpaid part of partly paid leave at monthly / the calendar days of the month,Employment Act 1955 s.18A(c),https://lom.agc.gov.my/ilims/upload/portal/akta/outputaktap/1744567_BI/Reprint%20Act%20265%20(Final).pdf,CONFIGURED,work_catalog:NO_PAY_LEAVE,jurisdiction_my: ÷26 for the ordinary rate (EA s.60I) and calendar days for no-pay leave and part months (EA s.18A) (listing NHPMY0045 1.5 days → 126.87)
MY-WORK-8,work,Part month paid at monthly × days employed / calendar days of the month,Employment Act 1955 s.18A(a)-(b),https://lom.agc.gov.my/ilims/upload/portal/akta/outputaktap/1744567_BI/Reprint%20Act%20265%20(Final).pdf,CONFIGURED,work_catalog:BASIC; allowance_catalog:*,"jurisdiction_my: ÷26 for the ordinary rate (EA s.60I) and calendar days for no-pay leave and part months (EA s.18A) 2026-10-08 (confirmation B1): a part month on a sub-monthly entity is prorated over the MONTH's calendar days (EA s.18A) — each part pays its employed days ÷ period.month_days, the last part settles the month to the s.18A figure less the earlier parts (earned.month), a whole month ÷ the parts; allowances the same. RM3,100 in October: joined 10th 2,200, 20th 1,200; left 10th 1,000, 20th 2,000 (MY engine runs > EA s.18A on a SEMI_MONTHLY entity: an October part month is prorated over 31 calendar days). The February-only unit tests that hid it now model the joiner by start date."
MY-WORK-9,work,Payment for untaken annual leave on exit at monthly / 26; none on a s.14(1)(a) misconduct dismissal,Employment Act 1955 s.60E(3A),https://lom.agc.gov.my/ilims/upload/portal/akta/outputaktap/1744567_BI/Reprint%20Act%20265%20(Final).pdf,CONFIGURED,work_catalog:ENCASHMENT; behaviours:encash-leave-on-exit,"MY jurisdiction seed > behaviours admit payroll, pin settled entries and encash EA s.60E leave on exit. behaviours admit payroll pin settled entries and encash EA s.60E leave on exit; QA F7 (2026-10-08): the encashed days now use the s.60E(2A) prorated exit-year grant (25 days for NHPMY0060, not 28; MY jurisdiction seed > behaviours admit payroll, pin settled entries and encash EA s.60E leave on exit). Base check (2026-10-08): the payment stays EPF, SOCSO and EIS wages — KWSP Mandatory Contribution FAQ Q8 ""Payment in respect of unutilised annual or medical leave"" is a component of wage (archived 2026-08-10, read 2026-10-08) and EPF Act s.2 ""wages"" does not exclude it; Act 4 s.2(24) ""wages"" includes ""any payment in respect of leave"" (secondary copy, lawplayer.com; perkeso.gov.my PDFs refused the reader), and Act 800 s.2 adopts the same definition."
MY-LEAVE-1,leave,Annual leave 8 / 12 / 16 days by service; pro rata to completed months for under twelve months and in the service year of termination (half a day or more is a day),"Employment Act 1955 s.60E(1), (2A)",https://lom.agc.gov.my/ilims/upload/portal/akta/outputaktap/1744567_BI/Reprint%20Act%20265%20(Final).pdf,CONFIGURED,leave_catalog:ANNUAL_LEAVE,"MY jurisdiction seed > annual leave carries the EA s.60E(1) 8/12/16-day bands per service year, carrying one year once. annual leave carries the EA s.60E(1) 8/12/16-day bands; QA F7 (2026-10-08): EA s.60E(1) closing words and s.60E(2A) (AGC reprint read 2026-10-08) — in the year the contract terminates the entitlement is in direct proportion to the completed months of service, beside the previous year's leave carried; the grant now prorates when the exit is recorded and the day read is in the exit's service year (completed months to the day after the last day, so a completed final year keeps its band). NHPMY0060 (joined 2019-12-02, leaving 2026-10-05): 16 carried + 16 × 10 / 12 = 13 − 4 taken = 25 (was 28). Test: MY jurisdiction seed > behaviours admit payroll, pin settled entries and encash EA s.60E leave on exit"
MY-LEAVE-2,leave,"Annual leave granted per twelve months of service; the unused days of one service year carry into the next only, once",Employment Act 1955 s.60E(1)-(2),https://lom.agc.gov.my/ilims/upload/portal/akta/outputaktap/1744567_BI/Reprint%20Act%20265%20(Final).pdf,CONFIGURED,leave_catalog:ANNUAL_LEAVE (window SERVICE_YEAR; carry_forward),"MY jurisdiction seed > behaviours admit payroll, pin settled entries and encash EA s.60E leave on exit. behaviours admit payroll pin settled entries and encash EA s.60E leave on exit (carried 12 − 4 + 12 = 20); annual leave carries the EA s.60E(1) 8/12/16-day bands per service year"
MY-LEAVE-3,leave,Annual leave forfeited by absence without leave for more than 10% of working days,Employment Act 1955 s.60E(2),https://lom.agc.gov.my/ilims/upload/portal/akta/outputaktap/1744567_BI/Reprint%20Act%20265%20(Final).pdf,CONFIGURED,leave_catalog:ANNUAL_LEAVE entitlement.days (taken_by_class.ABSENCE.service_year),"jurisdiction_my: annual leave carries the EA s.60E(1) 8/12/16-day bands per service year, carrying one year once (31 absence days keep 12, 32 forfeit; five-day week 26 / 27)"
MY-LEAVE-4,leave,Sick leave 14 / 18 / 22 days a calendar year by service,Employment Act 1955 s.60F(1)(aa),https://lom.agc.gov.my/ilims/upload/portal/akta/outputaktap/1744567_BI/Reprint%20Act%20265%20(Final).pdf,CONFIGURED,leave_catalog:MEDICAL_LEAVE (window CALENDAR_YEAR),"MY jurisdiction seed > leave classes read the person: maternity by surviving children, paternity by gender and marriage. leave classes read the person: maternity by surviving children paternity by gender and marriage (14 / 18 / 22; part-time 10 / 13 / 15)"
MY-LEAVE-5,leave,Hospitalisation leave 60 days a calendar year in addition to sick leave,Employment Act 1955 s.60F(1)(bb),https://lom.agc.gov.my/ilims/upload/portal/akta/outputaktap/1744567_BI/Reprint%20Act%20265%20(Final).pdf,CONFIGURED,leave_catalog:HOSPITALIZATION_LEAVE (window CALENDAR_YEAR),"MY jurisdiction seed > leave classes read the person: maternity by surviving children, paternity by gender and marriage. leave classes read the person: maternity by surviving children paternity by gender and marriage; fix 2 (2026-10-07): verify2 finding 6 (60 days inclusive of sick leave) rejected — s.60F(1)(bb) (AGC reprint read 2026-10-07) grants 60 days in the aggregate where hospitalisation is necessary, and the (1A) proviso the reviewer quoted makes only DENTAL sick leave inclusive of the (aa)/(bb) days; JTKSM's own infographic ""Cuti Sakit Bergaji, Seksyen 60F"" (https://jtksm.mohr.gov.my/sites/default/files/2025-04/Infografik%202025%20%281%29.pdf, read 2026-10-07) states ""Cuti Hospitalisasi 60 hari tidak termasuk cuti sakit biasa"" (60 days, not including ordinary sick leave). Two ledgers stay."
MY-LEAVE-6,leave,Maternity leave with allowance for a female employee with fewer than five surviving natural children and 90 days' service in the nine months before confinement,Employment Act 1955 ss.37-44,https://lom.agc.gov.my/ilims/upload/portal/akta/outputaktap/1744567_BI/Reprint%20Act%20265%20(Final).pdf,CONFIGURED,leave_catalog:MATERNITY_LEAVE+MATERNITY_LEAVE_NO_ALLOWANCE,"MY jurisdiction seed > leave classes read the person: maternity by surviving children, paternity by gender and marriage. leave classes read the person: maternity by surviving children paternity by gender and marriage (90 days counted from employment.start_date)"
MY-LEAVE-7,leave,Maternity leave of at least 98 consecutive days per confinement,Employment Act 1955 s.37(1)(a),https://lom.agc.gov.my/ilims/upload/portal/akta/outputaktap/1744567_BI/Reprint%20Act%20265%20(Final).pdf,CONFIGURED,leave_catalog:MATERNITY_LEAVE+MATERNITY_LEAVE_NO_ALLOWANCE (window EVENT),"MY jurisdiction seed > leave classes read the person: maternity by surviving children, paternity by gender and marriage. leave classes read the person: maternity by surviving children paternity by gender and marriage"
MY-LEAVE-8,leave,Paternity leave 7 consecutive days per confinement for a married male with twelve months' service; five confinements,Employment Act 1955 s.60FA,https://lom.agc.gov.my/ilims/upload/portal/akta/outputaktap/1744567_BI/Reprint%20Act%20265%20(Final).pdf,CONFIGURED,leave_catalog:PATERNITY_LEAVE (window EVENT; 35-day lifetime through taken.lifetime),"MY jurisdiction seed > leave classes read the person: maternity by surviving children, paternity by gender and marriage. leave classes read the person: maternity by surviving children paternity by gender and marriage (35-day entitlement meters the five confinements per employment)"
MY-LEAVE-9,leave,No pay for absence in custody or at court except as the employer's witness,Employment Act 1955 s.23,https://lom.agc.gov.my/ilims/upload/portal/akta/outputaktap/1744567_BI/Reprint%20Act%20265%20(Final).pdf,CONFIGURED,leave_catalog:COURT_CUSTODY_ABSENCE,"MY jurisdiction seed > leave classes read the person: maternity by surviving children, paternity by gender and marriage. leave classes read the person: maternity by surviving children paternity by gender and marriage"
MY-LEAVE-10,leave,National service leave paid under the incomplete-month formula,Employment Act 1955 s.18A(d),https://lom.agc.gov.my/ilims/upload/portal/akta/outputaktap/1744567_BI/Reprint%20Act%20265%20(Final).pdf,CONFIGURED,leave_catalog:NATIONAL_SERVICE_LEAVE,"jurisdiction_my: round 7: the formerly SEEDED rows — EPF bonus band, sub-monthly parts, national service, termination routing, advances (EA s.18A(d): 5 days × RM3,000 ÷ 28)"
MY-LEAVE-11,leave,Unpaid leave and unpaid absence deduct pay,Employment Act 1955 s.18A,https://lom.agc.gov.my/ilims/upload/portal/akta/outputaktap/1744567_BI/Reprint%20Act%20265%20(Final).pdf,CONFIGURED,leave_catalog:UNPAID_LEAVE+ABSENCE,"jurisdiction_my: a day is a twenty-sixth of the month for basic no-pay leave encashment overtime and holiday work; jurisdiction_my: round 7: EA coverage above RM4,000, pay bases and the s.60I ordinary rate of pay (ABSENCE before a holiday forfeits it)"
MY-LEAVE-12,leave,Part-time employees' annual leave ladder (6 / 8 / 11 days),Employment (Part-Time Employees) Regulations 2010 reg.7,,CONFIGURED,leave_catalog:ANNUAL_LEAVE (terms.employment_type),"MY jurisdiction seed > annual leave carries the EA s.60E(1) 8/12/16-day bands per service year, carrying one year once. annual leave carries the EA s.60E(1) 8/12/16-day bands per service year (part-time 6 / 8 / 11; first-year proration as s.60E(1) prorates the full-time days — the Regulations state no proration of their own)"
MY-ADHOC-1,adhoc,"Termination benefit not less than 10 / 15 / 20 days' wages per year of service (pro rata to the month), a day's wages the twelve completed months' wages before ÷ 365 (earned.months, JTKSM); not on contractual retirement, misconduct after inquiry or a plain resignation; First Schedule coverage",Employment (Termination and Lay-Off Benefits) Regulations 1980 reg.6,,CONFIGURED,"adhoc_catalog:TERMINATION_BENEFIT bands (max(entry, reg.6))","jurisdiction_my: round 7: termination and lay-off benefits (reg.6), notice indemnity (ss.12–13), advances (s.22), catalogue routing; fix 2 (2026-10-07): a day's wages = twelve months' wages ÷ 365 (reg.6(2) ""average true day's wages … over the period of twelve completed months' service"", Regulations PDF read on jtksm.mohr.gov.my; JTKSM FAQ ""12 Months/365 days' salary X Length of Service X Eligibility"", https://jtksm.mohr.gov.my/en/frequently-asked-questions/employees-retrenchment/how-termination-benefit-payment-calculated-and, read 2026-10-07) — earned.months average × 12 ÷ 365 (was ÷ 26, 17% above the official figure). Test values: 37,440 ÷ 365 × 15 × 2.5 = RM3,846.58; 6 years RM12,309.04; 18 months RM1,538.63; no history RM3,000 × 12 ÷ 365 × 37.5 = RM3,698.63"
MY-ADHOC-2,adhoc,"Termination, lay-off and notice money are not EPF / SOCSO / EIS / SKBBK / HRD wages; they are MTD additional remuneration (termination compensation exempt to RM10,000 a completed year, ITA Sch.6 para 15)","EPF Act 1991 s.2; Act 4 s.2; Act 800 s.2; ITA 1967 s.13(1)(e), Sch.6 para 15",https://lom.agc.gov.my/ilims/upload/portal/akta/outputaktap/3345910_BI/Act%2053%20(Online%202026).pdf,CONFIGURED,adhoc_catalog:TERMINATION_BENEFIT,"jurisdiction_my: round 7: the formerly SEEDED rows — EPF bonus band, sub-monthly parts, national service, termination routing, advances; jurisdiction_my: round 7: MTD exemptions, EIS MyKAS cover, EPF elected and contractual rates"
MY-ADHOC-3,adhoc,"Notice of the written contract, else 4 / 6 / 8 weeks by service (the floor binding on s.12(3) structural grounds); indemnity of the unserved notice's wages",Employment Act 1955 ss.12-13,https://lom.agc.gov.my/ilims/upload/portal/akta/outputaktap/1744567_BI/Reprint%20Act%20265%20(Final).pdf,CONFIGURED,adhoc_catalog:NOTICE_IN_LIEU bands; contract_terms.facts.contract_notice_weeks; exit_facts notice_given_on / notice_waived_days / notice_structural_ground,"jurisdiction_my: round 7: termination and lay-off benefits (reg.6), notice indemnity (ss.12–13), advances (s.22), catalogue routing"
MY-ADHOC-4,adhoc,Accommodation charge cap RM100 then RM150 a month from March 2026,"Workers' Minimum Standards of Housing, Accommodations and Amenities Act 1990 (Act 446) and its regulations (P.U.(A) 249/2020, as amended by P.U.(A) 49/2026 per the seed); EA s.24(4)(e) written request",,CONFIGURED,adhoc_catalog:ACCOMMODATION_RENT,"jurisdiction_my: round 7: the formerly SEEDED rows — EPF bonus band, sub-monthly parts, national service, termination routing, advances; jurisdiction_my: round 7: termination and lay-off benefits (reg.6), notice indemnity (ss.12–13), advances (s.22), catalogue routing (written_request); P.U.(A) 49/2026 cited by the seed, not re-read this round 2026-10-08: the RM100 → RM150 change is now its own version (version_3 from 1 March 2026); the cap is a constant per version (round 7: the formerly SEEDED rows…)."
MY-ADHOC-5,adhoc,Bonus is EPF additional wages and PCB additional remuneration and not SOCSO/EIS wages,EPF Act 1991 s.2; Act 4 s.2,,CONFIGURED,adhoc_catalog:BONUS,"jurisdiction_my: round 7: the formerly SEEDED rows — EPF bonus band, sub-monthly parts, national service, termination routing, advances"
MY-ADHOC-6,adhoc,"Task / trip / commission remuneration of task-basis or piece-rated workers (EPF, SOCSO, EIS, MTD and HRD wages)",Employment Act 1955 First Schedule,,CONFIGURED,adhoc_catalog:TASK_MONTHLY_WAGE,"jurisdiction_my: round 7: termination and lay-off benefits (reg.6), notice indemnity (ss.12–13), advances (s.22), catalogue routing; jurisdiction_my: round 7: hours, rest day, minimum wage by basis, wage period and payment method validations (piece / task floor)"
MY-CLAIM-1,claim,Medical and dental claims (employer policy cap RM576 a year),Employer policy,,OUT_OF_SCOPE,claim_catalog:MEDICAL_CLAIM+MEDICAL_CLAIM_DIRECT (limit BLOCK at 576 − earlier.calendar_year),"Employer medical benefit policy (RM576 a calendar year per class): no statute fixes the benefit, so it stays OUT_OF_SCOPE as law, but the seeded cap now works as the policy says (QA F10, 2026-10-08): the limit is the year's remainder (576 less the class's earlier entries of that calendar year, `earlier.calendar_year`) and on_exceed BLOCK pays only the remainder — RM400 then RM800 pays 400 and 176, a later claim that year nothing, and January resets it (MY engine runs > QA F10: the RM576 medical claim cap is yearly). Limit: the cap is per class (MEDICAL_CLAIM and MEDICAL_CLAIM_DIRECT each RM576); a shared cap across both needs a limit window over several classes, which `earlier` does not give. Tax: medical benefits are exempt perquisites (ITA Sch.6 para 13(1)(c); PR 5/2019), so the claim classes count toward no scheme."
MY-LOAN-1,loan,Air ticket and festive advance recovery from net pay,Employment Act 1955 s.24(2),,CONFIGURED,loan_catalog:LOAN_RECOVERY_FESTIVE_ADVANCE,"jurisdiction_my: round 7: the formerly SEEDED rows — EPF bonus band, sub-monthly parts, national service, termination routing, advances; jurisdiction_my: validations: the RM1,700 minimum wage on contract terms, the s.24(8) deduction ceiling, the 104-hour limit"
MY-LOAN-2,loan,"Total deductions under s.24 (statutory ones included) at most 50% of the wages earned in the month; not counted: the notice indemnity and, on the final payment, the amounts due to the employer (advances, loans); +25% for an approved housing loan",Employment Act 1955 s.24(8)-(9),https://lom.agc.gov.my/ilims/upload/portal/akta/outputaktap/1744567_BI/Reprint%20Act%20265%20(Final).pdf,CONFIGURED,rule_set:VALIDATIONS.DEDUCTION_CEILING (hold),"jurisdiction_my: validations: the RM1,700 minimum wage on contract terms, the s.24(8) deduction ceiling, the 104-hour limit (final pay with and without the festive advance)"
MY-OBLIGATION-1,obligation,EPF contribution remittance by the 15th of the following month,EPF Act 1991 ss.43 45 47 49,https://lom.agc.gov.my/ilims/upload/portal/akta/outputaktap/1736246_BI/Act%20452%20(Online%202022).pdf,CONFIGURED,rule_set:OBLIGATIONS.EPF_MONTHLY_CONTRIBUTION,jurisdiction_my: obligations are rule_set rows whose due date and condition evaluate for their trigger
MY-OBLIGATION-2,obligation,SOCSO / EIS (and from 1 June 2026 SKBBK) contribution payment by the 15th of the following month,Act 4 ss.6 14A; Act 800 ss.18 20 21,https://www.perkeso.gov.my/en/contribution-payment.html,CONFIGURED,rule_set:OBLIGATIONS.SOCSO_EIS_MONTHLY_CONTRIBUTION,jurisdiction_my: obligations are rule_set rows whose due date and condition evaluate for their trigger
MY-OBLIGATION-3,obligation,HRD levy payment by the 15th of the following month (raised for a COMPULSORY or OPTIONAL registrant not out of scope),PSMB Act 2001 ss.13(1) 14,,CONFIGURED,rule_set:OBLIGATIONS.HRD_LEVY_MONTHLY,jurisdiction_my: obligations are rule_set rows whose due date and condition evaluate for their trigger
MY-OBLIGATION-4,obligation,MTD/PCB remittance (CP39 / e-PCB) by the 15th of the following month,Income Tax Act 1967 s.107(1)-(4),https://lom.agc.gov.my/ilims/upload/portal/akta/outputaktap/3345910_BI/Act%2053%20(Online%202026).pdf,CONFIGURED,rule_set:OBLIGATIONS.PCB_REMITTANCE,jurisdiction_my: obligations are rule_set rows whose due date and condition evaluate for their trigger
MY-OBLIGATION-5,obligation,Wages paid not later than the 7th day after the wage period,Employment Act 1955 ss.18(1) 19(1)-(3),https://lom.agc.gov.my/ilims/upload/portal/akta/outputaktap/1744567_BI/Reprint%20Act%20265%20(Final).pdf,CONFIGURED,rule_set:OBLIGATIONS.WAGE_PAYMENT_DEADLINE,jurisdiction_my: obligations are rule_set rows whose due date and condition evaluate for their trigger
MY-OBLIGATION-6,obligation,Form EA to every employee by the last day of February (raised on the January run),Income Tax Act 1967 s.83(1A),https://lom.agc.gov.my/ilims/upload/portal/akta/outputaktap/3345910_BI/Act%2053%20(Online%202026).pdf,CONFIGURED,rule_set:OBLIGATIONS.EA_FORM,jurisdiction_my: obligations are rule_set rows whose due date and condition evaluate for their trigger
MY-OBLIGATION-7,obligation,Form E with C.P.8D by 31 March (raised on the January run),Income Tax Act 1967 s.83(1),https://lom.agc.gov.my/ilims/upload/portal/akta/outputaktap/3345910_BI/Act%2053%20(Online%202026).pdf,CONFIGURED,rule_set:OBLIGATIONS.FORM_E_CP8D,jurisdiction_my: obligations are rule_set rows whose due date and condition evaluate for their trigger
MY-OBLIGATION-8,obligation,Notice of the year's public holidays exhibited before the calendar year (raised on the December run),Employment Act 1955 s.60D(1A),https://lom.agc.gov.my/ilims/upload/portal/akta/outputaktap/1744567_BI/Reprint%20Act%20265%20(Final).pdf,CONFIGURED,rule_set:OBLIGATIONS.PUBLIC_HOLIDAY_NOTICE,jurisdiction_my: obligations are rule_set rows whose due date and condition evaluate for their trigger
MY-OBLIGATION-9,obligation,Certified copy of the terms and conditions on or before commencement,Employment Regulations 1957 reg.8 with reg.5(b),https://jtksm.mohr.gov.my/sites/default/files/2023-03/1.%20EMPLOYMENT%20REGULATIONS%201957_0.pdf,CONFIGURED,rule_set:OBLIGATIONS.TERMS_PARTICULARS_ISSUE,MY jurisdiction seed > the canonical duty behaviours raise each applicable duty once. the three obligation behaviours raise each applicable duty once
MY-OBLIGATION-10,obligation,EPF registration of a new employee before the first contribution falls due,EPF Act 1991 s.43; Act A1760 s.3,https://lom.agc.gov.my/ilims/upload/portal/akta/outputaktap/2844030_BI/Act%20A1760-%20EMPLOYEES%20PROVIDED%20FUND%20(AMENDMENT)%20ACT%202025.pdf,CONFIGURED,rule_set:OBLIGATIONS.EPF_EMPLOYEE_REGISTRATION,"jurisdiction_my: obligations are rule_set rows whose due date and condition evaluate for their trigger 2026-10-08 (verify2 #14, confirmation 4): rejected — the KWSP Mandatory Contribution FAQ (archived 2026-08-10, read 2026-10-08) Q34 lists ""Register as an EPF employer within 7 days from the date of hiring workers"" for the EMPLOYER's registration and gives no deadline for registering employees; the Act sets none either, so the employee task stays due before the first contribution (15th of the following month)."
MY-OBLIGATION-11,obligation,SOCSO / EIS registration of a new employee within 30 days,Act 800 s.16(1)(b) and First Schedule,https://www.perkeso.gov.my/en/our-services/employer-employee/employer-registration.html,CONFIGURED,rule_set:OBLIGATIONS.SOCSO_EIS_EMPLOYEE_REGISTRATION,jurisdiction_my: obligations are rule_set rows whose due date and condition evaluate for their trigger
MY-OBLIGATION-12,obligation,CP22 notification of a new employee within 30 days,Income Tax Act 1967 s.83(2),https://www.hasil.gov.my/en/majikan/pemberitahuan-pekerja-baharu/,CONFIGURED,rule_set:OBLIGATIONS.CP22_NEW_EMPLOYEE,jurisdiction_my: obligations are rule_set rows whose due date and condition evaluate for their trigger
MY-OBLIGATION-13,obligation,Particulars of a foreign employee to the Director General within 14 days of employment,Employment Act 1955 ss.60K 60O,https://lom.agc.gov.my/ilims/upload/portal/akta/outputaktap/1744567_BI/Reprint%20Act%20265%20(Final).pdf,CONFIGURED,rule_set:OBLIGATIONS.FOREIGN_EMPLOYEE_PARTICULARS,jurisdiction_my: obligations are rule_set rows whose due date and condition evaluate for their trigger; applies_when reads the contract terms residency (FOREIGNER)
MY-OBLIGATION-14,obligation,CP22A cessation notice not less than 30 days before (retiring / leaving permanently); on a death not more than 30 days after the employer is informed,Income Tax Act 1967 s.83(3) (5),https://www.hasil.gov.my/en/majikan/pemberitahuan-pemberhentian-kerja/,CONFIGURED,rule_set:OBLIGATIONS.CP22A_CESSATION_AND_WITHHOLDING,"jurisdiction_my: obligations are rule_set rows whose due date and condition evaluate for their trigger; jurisdiction_my: round 7: protection reviews, records, notices, renewals and the CP22A death deadline"
MY-OBLIGATION-15,obligation,CP21 notice 30 days before an employee leaves Malaysia for more than three months,Income Tax Act 1967 s.83(4)-(5),https://www.hasil.gov.my/en/majikan/pemberitahuan-pemberhentian-kerja/,CONFIGURED,rule_set:OBLIGATIONS.CP21_LEAVING_MALAYSIA,jurisdiction_my: obligations are rule_set rows whose due date and condition evaluate for their trigger; applies_when on exit_facts.leaving_malaysia
MY-OBLIGATION-16,obligation,Final wages not later than the day the contract terminates; the third day after where the employee left without notice,Employment Act 1955 ss.20-21,https://lom.agc.gov.my/ilims/upload/portal/akta/outputaktap/1744567_BI/Reprint%20Act%20265%20(Final).pdf,CONFIGURED,rule_set:OBLIGATIONS.TERMINATION_BENEFITS_FINAL_WAGES,jurisdiction_my: obligations are rule_set rows whose due date and condition evaluate for their trigger
MY-OBLIGATION-17,obligation,Termination benefits within 7 days with a written statement of the calculation,Employment (Termination and Lay-Off Benefits) Regulations 1980 regs.3-6 11 12,https://jtksm.mohr.gov.my/sites/default/files/2023-03/8.%20EMPLOYMENT%20(TERMINATION%20&%20LAY%20OFF%20BENEFITS)%20REGULATIONS%201980_0.pdf,CONFIGURED,rule_set:OBLIGATIONS.TERMINATION_BENEFIT_PAYMENT,"jurisdiction_my: obligations are rule_set rows whose due date and condition evaluate for their trigger; applies_when: twelve months' service and a retrenchment / redundancy / unilateral / non-misconduct dismissal exit  Fix 2 (2026-10-07): applies_when now also requires the terms in force at the exit to be within the First Schedule (base + fixed allowances ≤ RM4,000, a manual / supervisory / vehicle / vessel category, or overtime_by_contract; not DOMESTIC — EA First Schedule paras 1A, 2(5)) and admits a resignation under s.13(2) / s.14(3) (notice_exception), matching TERMINATION_BENEFIT; tested in obligations are rule_set rows whose due date and condition evaluate for their trigger."
MY-OBLIGATION-18,obligation,Notice of a foreign employee's termination within 30 days,Employment Act 1955 s.60KA,https://lom.agc.gov.my/ilims/upload/portal/akta/outputaktap/1744567_BI/Reprint%20Act%20265%20(Final).pdf,CONFIGURED,rule_set:OBLIGATIONS.FOREIGN_EMPLOYEE_TERMINATION_NOTICE,jurisdiction_my: obligations are rule_set rows whose due date and condition evaluate for their trigger; applies_when reads the contract terms residency (FOREIGNER)
MY-OBLIGATION-19,obligation,Retrenchment notification (Borang PK) at least 30 days before it takes effect,P.U.(B) 430/2004 under Employment Act 1955 s.63,https://jtksm.mohr.gov.my/en/frequently-asked-questions/employees-retrenchment,CONFIGURED,rule_set:OBLIGATIONS.RETRENCHMENT_NOTIFICATION,jurisdiction_my: obligations are rule_set rows whose due date and condition evaluate for their trigger; applies_when on a RETRENCHMENT or REDUNDANCY exit
MY-OBLIGATION-20,obligation,EPF employer registration before the end of the first week of the first wage month; HRD Corp registration within 30 days of becoming liable,EPF Act 1991 s.41(1); PSMB Act 2001 ss.13-14; PSMB Regulations reg.4(1),https://lom.agc.gov.my/ilims/upload/portal/akta/outputaktap/1736246_BI/Act%20452%20(Online%202022).pdf,CONFIGURED,rule_set:TASKS.EPF_EMPLOYER_REGISTRATION+HRD_EMPLOYER_REGISTRATION (entity created; row.effective_range.from),"jurisdiction_my: round-5 tasks: employer registrations, rest-day roster, s.19(2) wages, accident report; the first wage month and the HRD liability day are taken as the entity start"
MY-OBLIGATION-21,obligation,Rest-day roster before the month begins,Employment Act 1955 s.59(2)-(3),https://lom.agc.gov.my/ilims/upload/portal/akta/outputaktap/1744567_BI/Reprint%20Act%20265%20(Final).pdf,CONFIGURED,"rule_set:TASKS.REST_DAY_ROSTER (payroll_run created; due the month end, before the next month)","jurisdiction_my: round-5 tasks: employer registrations, rest-day roster, s.19(2) wages, accident report"
MY-OBLIGATION-22,obligation,"SOCSO accident report (Borang 34) within 48 hours of an employment injury — work, commuting or occupational disease — on any leave entry recorded as one",Employees Social Security Act 1969 ss.94(e) 94A(3),https://lom.agc.gov.my/ilims/upload/portal/akta/outputaktap/3226981_BI/Act%204%20(Online%202026).pdf,CONFIGURED,rule_set:TASKS.SOCSO_ACCIDENT_REPORT (leave_catalog_entry created; row.catalog_code MEDICAL_LEAVE / HOSPITALIZATION_LEAVE and facts.work_injury),"jurisdiction_my: round-5 tasks: employer registrations, rest-day roster, s.19(2) wages, accident report; jurisdiction_my: round 7: protection reviews, records, notices, renewals and the CP22A death deadline"
MY-OBLIGATION-23,obligation,Foreign worker levy with the VP(TE) issue and its renewal (renewal raised three months before work_pass_valid_until),Fees Act 1951 (Act 209); Immigration Department foreign worker levy table,https://www.imi.gov.my/index.php/en/main-services/foreign-worker/,CONFIGURED,rule_set:TASKS FOREIGN_WORKER_LEVY+WORK_PASS_RENEWAL,"jurisdiction_my: obligations are rule_set rows whose due date and condition evaluate for their trigger; jurisdiction_my: round 7: protection reviews, records, notices, renewals and the CP22A death deadline; the multi-tier levy (MTLM) has no gazetted instrument as at 2026-10-07 and is not law"
MY-OBLIGATION-24,obligation,"Rest-day, public-holiday and overtime wages paid by the last day of the next wage period",Employment Act 1955 s.19(2),https://lom.agc.gov.my/ilims/upload/portal/akta/outputaktap/1744567_BI/Reprint%20Act%20265%20(Final).pdf,CONFIGURED,rule_set:TASKS.OVERTIME_REST_HOLIDAY_WAGES_DEADLINE,"jurisdiction_my: round-5 tasks: employer registrations, rest-day roster, s.19(2) wages, accident report"
MY-OBLIGATION-25,obligation,PERKESO (SOCSO / EIS) employer registration on first employing an employee,Employees Social Security Act 1969 s.4; Employment Insurance System Act 2017 s.14(1); PERKESO Social Security Protection leaflet (2020),https://www.perkeso.gov.my/images/dokumen/SEPT_2020-RISALAH_EN.pdf,CONFIGURED,rule_set:TASKS.SOCSO_EIS_EMPLOYER_REGISTRATION (employment_contract created; headcount ≤ 1),"jurisdiction_my: round-5 tasks: employer registrations, rest-day roster, s.19(2) wages, accident report 2026-10-08 (verify2 #16, confirmation 5): headcount is the entity's contracts in force on the contract's own start day, so a migrated entity's earliest contract (headcount 1 on its hire day) raises the registration, dated from that hire; HR closes it as already done. Limit: two contracts starting on the entity's first day each see headcount 2 and neither raises."
MY-OBLIGATION-26,obligation,PERKESO cessation (Borang 1A / SIP 3) and HRD Corp deregistration within 30 days of ceasing to be an employer,PERKESO Social Security Protection leaflet (2020); HRD Corp FAQ,https://www.perkeso.gov.my/images/dokumen/SEPT_2020-RISALAH_EN.pdf,CONFIGURED,rule_set:TASKS.PERKESO_CESSATION_NOTICE+HRD_CESSATION_NOTICE (entity updated; row.effective_range.to),"jurisdiction_my: round-5 tasks: employer registrations, rest-day roster, s.19(2) wages, accident report"
MY-OBLIGATION-27,obligation,EPF notice on ceasing to be an employer (Form KWSP 6 / Borang B within 30 days),EPF Act 1991 s.41(3); KWSP Update & Maintain Records — Termination Of Operations,https://www.kwsp.gov.my/en/employer/responsibilities/records,CONFIGURED,"rule_set:TASKS.EPF_CESSATION_NOTICE (entity updated, effective_range.to closed; due +30 days)","jurisdiction_my: close: EPF notice on ceasing to be an employer, PERKESO cover of industrial-training students, the C.P.8D file — s.41(3) leaves the period to the Board; the Board's page (read 2026-10-08 in the browser, last updated 4 June 2026) prescribes Form KWSP 6 (Form B), mail, e-mail or other designated channels within 30 days of terminating operations or of having no employees and no intention to employ."
MY-SETTINGS-9,settings,"EA First Schedule coverage: the s.60(3), 60A(3), 60C(2A), 60D(3)–(4) premia and s.60J termination benefits bind employees earning ≤ RM4,000 or in manual labour, its supervision, vehicle operation or vessel crew whatever the pay; not domestic employees; a contract may grant them",Employment Act 1955 First Schedule paras 1A–3,https://lom.agc.gov.my/ilims/upload/portal/akta/outputaktap/1744567_BI/Reprint%20Act%20265%20(Final).pdf,CONFIGURED,work_catalog:OVERTIME+INCENTIVE+REST_DAY_*+HOLIDAY_*; adhoc_catalog:TERMINATION_BENEFIT+LAYOFF_BENEFIT; contract_terms.statutory_work_category VEHICLE_OPERATOR / VESSEL_CREW; facts.overtime_by_contract,"jurisdiction_my: round 7: EA coverage above RM4,000, pay bases and the s.60I ordinary rate of pay; jurisdiction_my: round 7: termination and lay-off benefits (reg.6), notice indemnity (ss.12–13), advances (s.22), catalogue routing"
MY-SETTINGS-10,settings,Wage period not more than one month,Employment Act 1955 s.18,https://lom.agc.gov.my/ilims/upload/portal/akta/outputaktap/1744567_BI/Reprint%20Act%20265%20(Final).pdf,CONFIGURED,VALIDATIONS:WAGE_PERIOD,"jurisdiction_my: round 7: hours, rest day, minimum wage by basis, wage period and payment method validations"
MY-SETTINGS-11,settings,Wages paid into the employee's bank account; cash or cheque only at the employee's written request with the Director General's approval,"Employment Act 1955 ss.25, 25A",https://lom.agc.gov.my/ilims/upload/portal/akta/outputaktap/1744567_BI/Reprint%20Act%20265%20(Final).pdf,CONFIGURED,VALIDATIONS:WAGE_PAYMENT_METHOD; contract_terms.facts.wage_payment_method / _written_request / _dg_approval,"jurisdiction_my: round 7: hours, rest day, minimum wage by basis, wage period and payment method validations"
MY-WORK-10,work,"Ordinary rate of pay by basis: monthly ÷ 26, weekly ÷ 6, daily / hourly / piece the preceding period's wages (less incentive, rest-day and holiday work) ÷ the days worked","Employment Act 1955 s.60I(1A)–(1C), (2)",https://lom.agc.gov.my/ilims/upload/portal/akta/outputaktap/1744567_BI/Reprint%20Act%20265%20(Final).pdf,CONFIGURED,work_catalog:* (terms.facts.pay_basis; earned.previous_month; hours.previous_month),"jurisdiction_my: round 7: EA coverage above RM4,000, pay bases and the s.60I ordinary rate of pay"
MY-WORK-11,work,"Daily-, hourly- and weekly-rated basic pay: days worked × day rate; normal hours worked × hour rate; weekly × 52 ÷ 12","Employment Act 1955 ss.2, 60I",https://lom.agc.gov.my/ilims/upload/portal/akta/outputaktap/1744567_BI/Reprint%20Act%20265%20(Final).pdf,CONFIGURED,work_catalog:BASIC,"jurisdiction_my: round 7: EA coverage above RM4,000, pay bases and the s.60I ordinary rate of pay"
MY-WORK-12,work,"Piece rates: rate per piece, twice it on a rest day or holiday, 1.5× for overtime pieces and 3× on a holiday","Employment Act 1955 ss.60(3)(d), 60A(3)(a), 60D(3)(a)(ii), (aaa)",https://lom.agc.gov.my/ilims/upload/portal/akta/outputaktap/1744567_BI/Reprint%20Act%20265%20(Final).pdf,CONFIGURED,"work_catalog:PIECE_PAY (roster day facts piece_units, overtime_units, piece_rate)","jurisdiction_my: round 7: EA coverage above RM4,000, pay bases and the s.60I ordinary rate of pay 2026-10-08 (confirmation B3): EA s.60(3)(d) ""twice his ordinary rate per piece"" on a rest day — overtime pieces on a rest day now 2× (1.5× on a working day, 3× on a holiday): 30 + 10 pieces at RM2 = RM160 (MY engine runs > EA s.60D(3)(a) and s.60(3)(d)…)."
MY-WORK-13,work,"Paid public holidays and paid leave at the ordinary rate for daily, hourly and piece-rated employees (monthly-rated deemed paid)","Employment Act 1955 ss.60D(1), (2A), 60E(1), 60F(1), 60FA",https://lom.agc.gov.my/ilims/upload/portal/akta/outputaktap/1744567_BI/Reprint%20Act%20265%20(Final).pdf,CONFIGURED,work_catalog:HOLIDAY_PAY+LEAVE_PAY,"jurisdiction_my: round 7: EA coverage above RM4,000, pay bases and the s.60I ordinary rate of pay 2026-10-08 (confirmation B2): EA s.60D(3)(a) ""in addition to the holiday pay"" — HOLIDAY_PAY now counts a worked holiday too for daily, hourly and piece rates: RM100 a day worked on National Day = 100 holiday pay + 200 HOLIDAY_WORK = RM300 (MY engine runs > EA s.60D(3)(a) and s.60(3)(d)…)."
MY-WORK-14,work,No holiday pay for an employee absent without consent on the working day before or after the holiday,Employment Act 1955 s.60D(2),https://lom.agc.gov.my/ilims/upload/portal/akta/outputaktap/1744567_BI/Reprint%20Act%20265%20(Final).pdf,CONFIGURED,work_catalog:HOLIDAY_ADJACENT_ABSENCE+HOLIDAY_PAY,"jurisdiction_my: round 7: EA coverage above RM4,000, pay bases and the s.60I ordinary rate of pay"
MY-WORK-15,work,Part-time employees: normal hours agreed or 70% of a full-timer's; overtime 1× to a full-timer's day then 1.5×; rest day 2 days' wages then 1.5× / 2×; holiday 2 days' wages then 2× / 3×,"Employment (Part-Time Employees) Regulations 2010 regs 2, 4–6, 9",https://web.archive.org/web/20260728052916/https://jtksm.mohr.gov.my/sites/default/files/2023-03/10.%20Employment%20-%20Part-time%20Employees%20-%20Regulations%202010%20%20%281%29.pdf,CONFIGURED,work_catalog:OVERTIME+REST_DAY_WORK+REST_DAY_OVERTIME+HOLIDAY_OVERTIME (terms.employment_type PART_TIME; facts.normal_hours_per_day),"jurisdiction_my: round 7: EA coverage above RM4,000, pay bases and the s.60I ordinary rate of pay"
MY-WORK-16,work,"Normal hours: 12-hour daily cap, 5 hours without a 30-minute break, 10-hour spread-over, 8 (9) hours a day and 45 a week; shift work averaged over three weeks","Employment Act 1955 ss.60A(1), (7), 60C",https://lom.agc.gov.my/ilims/upload/portal/akta/outputaktap/1744567_BI/Reprint%20Act%20265%20(Final).pdf,CONFIGURED,VALIDATIONS:DAILY_HOURS_CAP+CONTINUOUS_HOURS+SPREAD_OVER+NORMAL_HOURS_DAY+NORMAL_HOURS_WEEK; contract_terms.facts.shift_work,"jurisdiction_my: round 7: hours, rest day, minimum wage by basis, wage period and payment method validations"
MY-WORK-17,work,One rest day each week,Employment Act 1955 s.59(1),https://lom.agc.gov.my/ilims/upload/portal/akta/outputaktap/1744567_BI/Reprint%20Act%20265%20(Final).pdf,CONFIGURED,VALIDATIONS:WEEKLY_REST_DAY,"jurisdiction_my: round 7: hours, rest day, minimum wage by basis, wage period and payment method validations"
MY-WORK-18,work,"Eleven gazetted paid holidays (federal calendars 2025–2027, state limits by region); a holiday on a rest day moves to the next working day; a holiday in leave is replaced","Employment Act 1955 s.60D(1), (1B); Jadual Hari Kelepasan Am Persekutuan 2025–2027",https://www.kabinet.gov.my/hari-kelepasan-am/,CONFIGURED,rule_set:PAYROLL public_holidays (unpublished); VALIDATIONS:HOLIDAY_ON_REST_DAY; TASKS:COMPULSORY_HOLIDAYS_CHECK (December run),"jurisdiction_my: round 7: each version carries the gazetted federal holidays of its range, unpublished, with state limits; jurisdiction_my: round 7: hours, rest day, minimum wage by basis, wage period and payment method validations; state holidays and 2028+ calendars are the employer's / not yet gazetted; fix 2 (2026-10-07): EA s.60D(1)(a)–(b) — the December run raises COMPULSORY_HOLIDAYS_CHECK when the published holidays of the next twelve months lack National Day, the Agong's birthday, Workers' Day or Malaysia Day (the state Ruler's birthday / Federal Territory Day is the employer's state row) (jurisdiction_my: fix 2: PDPA ss.7/12A/12B, EA ss.57A–57B and 81B–81C, CP58 on exit, FOMEMA, compulsory holidays, EPF relief, Sabah and Sarawak)"
MY-WORK-19,work,"Work stopped by the employer (shutdown, lay-off day, lack of work): the contract wage stands and the day is not an absence without permission; the Act distinguishes no force-majeure or strike pay","Employment Act 1955 ss.24(1), 60E(1) proviso",https://lom.agc.gov.my/ilims/upload/portal/akta/outputaktap/1744567_BI/Reprint%20Act%20265%20(Final).pdf,CONFIGURED,suspension_kind:EMPLOYER_SHUTDOWN,"MY jurisdiction seed > a work stoppage by the employer keeps the wage; records kept seven years, then disposed of. EA read 2026-10-07 (lom.agc.gov.my reprint): s.24(1) allows no deduction from wages other than in accordance with the Act, so an employer's stoppage does not reduce the contract wage (the kind's day pay is monthly ÷ 26, the owner-ruled day; no line deducts it); s.60E(1)'s 10% unauthorised-absence forfeiture does not count it. No statute sets pay for force majeure, a strike or a lockout (the contract and the Industrial Relations Act govern), so no other kind is seeded; the kind's citation is its suspension_kind authority (round 12); lay-off benefits on termination are the Termination and Lay-off Benefits Regulations' (MY termination rows)."
MY-WORK-20,work,"Work-day sheet import checks the Employment Act hours: five consecutive hours without a 30-minute break, eight (nine) normal hours a day, a ten-hour spread-over, 45 hours a week, twelve hours a day in all, and the weekly rest day","Employment Act 1955 ss.59(1), 60A(1)(a)–(d), 60A(7), 60C(2)",https://lom.agc.gov.my/ilims/upload/portal/akta/outputaktap/1744567_BI/Reprint%20Act%20265%20(Final).pdf,CONFIGURED,"rule_set:ROSTER_CONTINUOUS_HOURS, ROSTER_NORMAL_HOURS_DAY, ROSTER_SPREAD_OVER, ROSTER_NORMAL_HOURS_WEEK, ROSTER_DAILY_TOTAL, ROSTER_WEEKLY_REST (all warn)","MY jurisdiction seed > work-day sheet: the EA s.59 and s.60A limits warn; no limit refuses the file. Sections read 2026-10-07 in the lom.agc.gov.my reprint. The Act limits what an employee may be required to work under the contract (s.60A(1)) and allows the Director General to permit more (s.60A(1A)) and emergencies (s.60A(2)); it forbids no record, so every row warns and HR accepts or corrects. Through planRosterImport: a 07:00–20:00 day warns four times, a four-hour day not at all. The 104-hour monthly overtime limit stays the payslip check OVERTIME_LIMIT (the sheet's week is seven days). Night work by women and young persons is not in the Act (ss.34–36 deleted by Act A1651, in force 1 January 2023, per the reprint; the Children and Young Persons (Employment) Act 1966 was not read)."
MY-LEAVE-13,leave,Sick leave needs a registered medical practitioner's certificate from the first day,Employment Act 1955 s.60F(1)–(2),https://lom.agc.gov.my/ilims/upload/portal/akta/outputaktap/1744567_BI/Reprint%20Act%20265%20(Final).pdf,CONFIGURED,leave_catalog:MEDICAL_LEAVE+HOSPITALIZATION_LEAVE evidence REQUIRED,"jurisdiction_my: round 7: termination and lay-off benefits (reg.6), notice indemnity (ss.12–13), advances (s.22), catalogue routing"
MY-LEAVE-14,leave,Maternity allowance at the ordinary rate of pay per day (monthly-rated paid their wages; daily / hourly / piece at the s.60I rate),Employment Act 1955 s.37(2),https://lom.agc.gov.my/ilims/upload/portal/akta/outputaktap/1744567_BI/Reprint%20Act%20265%20(Final).pdf,CONFIGURED,leave_catalog:MATERNITY_LEAVE; work_catalog:LEAVE_PAY,"jurisdiction_my: round 7: EA coverage above RM4,000, pay bases and the s.60I ordinary rate of pay"
MY-LEAVE-15,leave,Employee's notice to the employer of the expected confinement,Employment Act 1955 s.40,https://lom.agc.gov.my/ilims/upload/portal/akta/outputaktap/1744567_BI/Reprint%20Act%20265%20(Final).pdf,OUT_OF_SCOPE,—,"A duty of the employee, not the employer; failing it only suspends the allowance, which the leave entry records"
MY-LEAVE-16,leave,"Public holiday in lieu, compassionate and emergency leave",—,,OUT_OF_SCOPE,leave_catalog:PUBLIC_HOLIDAY_IN_LIEU+COMPASSIONATE_LEAVE+EMERGENCY_LEAVE,"Employer leave policy: no statute grants them (a substitute holiday is the holiday row itself, MY-WORK-18)"
MY-ADHOC-7,adhoc,Lay-off benefit (fewer than 12 normal working days in 4 consecutive weeks) at the reg.6 rate,"Employment (Termination and Lay-Off Benefits) Regulations 1980 regs 3, 5, 6",https://jtksm.mohr.gov.my/sites/default/files/2023-03/8.%20EMPLOYMENT%20(TERMINATION%20&%20LAY%20OFF%20BENEFITS)%20REGULATIONS%201980_0.pdf,CONFIGURED,adhoc_catalog:LAYOFF_BENEFIT,"jurisdiction_my: round 7: termination and lay-off benefits (reg.6), notice indemnity (ss.12–13), advances (s.22), catalogue routing; fix 2 (2026-10-07): a day's wages = twelve months' wages ÷ 365 (reg.6(2) ""average true day's wages … over the period of twelve completed months' service"", Regulations PDF read on jtksm.mohr.gov.my; JTKSM FAQ ""12 Months/365 days' salary X Length of Service X Eligibility"", https://jtksm.mohr.gov.my/en/frequently-asked-questions/employees-retrenchment/how-termination-benefit-payment-calculated-and, read 2026-10-07) — earned.months average × 12 ÷ 365 (was ÷ 26, 17% above the official figure). Test values: 37,440 ÷ 365 × 15 × 2.5 = RM3,846.58; 6 years RM12,309.04; 18 months RM1,538.63; no history RM3,000 × 12 ÷ 365 × 37.5 = RM3,698.63"
MY-ADHOC-8,adhoc,"Arrears of wages and salary adjustments are EPF, SOCSO, EIS, HRD wages and MTD additional remuneration",EPF Act 1991 s.2; KWSP FAQ 8 / 20; PSMB Act 2001 s.2,https://web.archive.org/web/20260810072920/https://www.kwsp.gov.my/en/employer/responsibilities/mandatory-contribution,CONFIGURED,adhoc_catalog:BACKPAY_ADD_WAGES+ADJ+BPAYBS,"jurisdiction_my: round 7: termination and lay-off benefits (reg.6), notice indemnity (ss.12–13), advances (s.22), catalogue routing"
MY-ADHOC-9,adhoc,"Past-achievement, excellence and long-service (over ten years) awards exempt to RM2,000 a year; official travel RM6,000; child care RM3,000; none for a controlling employee","ITA 1967 Sch.6 paras 13, 25C; MTD Specification 2026 E(9); PR 5/2019 para 7.5",https://www.hasil.gov.my/wp-content/uploads/spesifikasi-kaedah-pengiraan-berkomputer-pcb-2026.pdf,CONFIGURED,statutory_contribution_catalog:PCB person.exempt_* and assessable; adhoc_catalog:LONG_SERVICE_AWARD+EXCELLENCE_AWARD+TRAVEL_OFFICIAL; allowance_catalog:CHILDCARE_ALLOWANCE; facts.controls_employer,"jurisdiction_my: round 7: MTD exemptions, EIS MyKAS cover, EPF elected and contractual rates; fix 2 (2026-10-07): verify2 finding 12 confirmed — the RM3,000 child-care exemption has applied since YA2024 (Income Tax (Exemption) (Amendment) Order 2023, P.U.(A) 399/2023; secondary: Bloomberg Tax, Rödl & Partner), not from 2026: version_1 now carries CHILDCARE_ALLOWANCE (its PCB already exempted it) and the version_2 change_summary no longer claims a 2026 rise"
MY-ADHOC-10,adhoc,"Benefit in kind (BIK_VOLA), meal, parking and SUA allowances, notice indemnity owed by the employee","ITA 1967 s.13(1)(b), Sch.6 para 13; MTD Specification 2026; EA s.13(1), s.24(9)(a)",https://www.hasil.gov.my/wp-content/uploads/spesifikasi-kaedah-pengiraan-berkomputer-pcb-2026.pdf,CONFIGURED,adhoc_catalog:BIK_VOLA+NOTICE_INDEMNITY; allowance_catalog:SUA+MEAL_ALLOWANCE+PARKING_ALLOWANCE,"jurisdiction_my: every catalogue CEL evaluates on the context the engine builds; jurisdiction_my: validations: the RM1,700 minimum wage on contract terms, the s.24(8) deduction ceiling, the 104-hour limit (NOTICE_INDEMNITY outside the ceiling)"
MY-ADHOC-11,adhoc,Fixed monthly on-call allowance is ordinary EPF wages and MTD normal remuneration,MTD Specification 2026 D (Y1); EPF Act 1991 s.2,https://www.hasil.gov.my/wp-content/uploads/spesifikasi-kaedah-pengiraan-berkomputer-pcb-2026.pdf,CONFIGURED,allowance_catalog:ONCALL,"jurisdiction_my: round 7: termination and lay-off benefits (reg.6), notice indemnity (ss.12–13), advances (s.22), catalogue routing"
MY-LOAN-3,loan,"Advances above one month's wages only for the listed purposes (house, land, vehicle, shares, computer, medical, SOCSO, education, DG-approved)",Employment Act 1955 s.22,https://lom.agc.gov.my/ilims/upload/portal/akta/outputaktap/1744567_BI/Reprint%20Act%20265%20(Final).pdf,CONFIGURED,"loan_catalog:* eligibility (entry facts principal, advance_purpose)","jurisdiction_my: round 7: termination and lay-off benefits (reg.6), notice indemnity (ss.12–13), advances (s.22), catalogue routing"
MY-LOAN-4,loan,"Accommodation, food and service deductions only at the employee's written request",Employment Act 1955 s.24(4)(e)–(5),https://lom.agc.gov.my/ilims/upload/portal/akta/outputaktap/1744567_BI/Reprint%20Act%20265%20(Final).pdf,CONFIGURED,adhoc_catalog:ACCOMMODATION_RENT qualifies_when,"jurisdiction_my: round 7: termination and lay-off benefits (reg.6), notice indemnity (ss.12–13), advances (s.22), catalogue routing"
MY-TAX-13,tax,"Termination compensation exempt to RM10,000 per completed year of service; the excess is MTD additional remuneration","ITA 1967 s.13(1)(e), Sch.6 para 15(1)(b)",https://lom.agc.gov.my/ilims/upload/portal/akta/outputaktap/3345910_BI/Act%2053%20(Online%202026).pdf,CONFIGURED,statutory_contribution_catalog:PCB person.exempt_additional_non_epf; adhoc_catalog:TERMINATION_BENEFIT counts PCB.ADDITIONAL_NON_EPF,"jurisdiction_my: round 7: MTD exemptions, EIS MyKAS cover, EPF elected and contractual rates"
MY-TAX-14,tax,A non-resident employed in Malaysia for not more than 60 days in the year is exempt (a planned end recorded at hire counts from the first slip),ITA 1967 Sch.6 paras 21–22,https://lom.agc.gov.my/ilims/upload/portal/akta/outputaktap/3345910_BI/Act%2053%20(Online%202026).pdf,CONFIGURED,statutory_contribution_catalog:PCB person.nr_short_stay,"jurisdiction_my: round 7: MTD exemptions, EIS MyKAS cover, EPF elected and contractual rates 2026-10-08 (verify2 #18, confirmation 6): the exemption now reads the recorded end date whenever it is recorded — a short assignment entered with its planned end (5 January – 28 February, 55 days) is exempt from its first slip; one ending 15 March (70 days) is not. Without a recorded end the 60 days cannot be known and MTD is withheld (round 7: MTD exemptions…)."
MY-TAX-15,tax,"TP1 reliefs (SOCSO / EIS relief, life insurance, medical and the others) reach MTD as the declared monthly LP1",ITA 1967 s.46; Form TP1; MTD Specification 2026 D.2(ii),https://www.hasil.gov.my/wp-content/uploads/spesifikasi-kaedah-pengiraan-berkomputer-pcb-2026.pdf,CONFIGURED,statutory_contribution_catalog:PCB (scheme.elections.tp1_monthly_deductions),"MY jurisdiction seed > MTD: non-resident 30%; resident Specification 2026 D year to date with EPF relief, reliefs, rebates and additional remuneration. MTD: non-resident 30%; resident Specification 2026 D year to date with EPF relief reliefs rebates and additional remuneration; customer input: tp1_monthly_deductions"
MY-TAX-16,tax,CP58 statement of incentive payments to agents and dealers,Income Tax Act 1967 s.83A,https://lom.agc.gov.my/ilims/upload/portal/akta/outputaktap/3345910_BI/Act%2053%20(Online%202026).pdf,CONFIGURED,"rule_set:CP58_AGENT_STATEMENT+CP58_AGENT_STATEMENT_ON_EXIT; adhoc_catalog:PAYEE_PAYMENT (engagement PAYEE, term fact payee_role)","MY jurisdiction seed > CP58: the January tick raises the yearly statement for an agent, dealer or distributor payee; MY engine runs > a payee paid as an agent is charged no EPF, SOCSO, EIS, HRD levy or MTD. ITA s.83A read 2026-10-07 (lom.agc.gov.my Act 53): the company gives each agent, dealer or distributor it paid the CP58 statement by 31 March of the next year and keeps a copy. Round 12 (engagement on task contract rows): an agent is a PAYEE engagement whose terms record payee_role AGENT, DEALER or DISTRIBUTOR, paid through PAYEE_PAYMENT entries (not employment income: every MY scheme charges a payee nothing, run through the engine); the January daily tick raises CP58_AGENT_STATEMENT once a year (repeat_key = the year paid), due 31 March. Fix 2 (2026-10-07): an engagement that ends during the year raises CP58_AGENT_STATEMENT_ON_EXIT on its end (repeat_key = the exit year, due 31 March next; jurisdiction_my: fix 2: PDPA ss.7/12A/12B, EA ss.57A–57B and 81B–81C, CP58 on exit, FOMEMA, compulsory holidays, EPF relief, Sabah and Sarawak), so every agent paid in the year is covered — the January tick for those still in force, the exit for those that ended. Limit kept: neither task checks that the year paid anything (waive it for an unpaid agent)."
MY-TAX-17,tax,MTD as final tax,ITA 1967 s.107,https://lom.agc.gov.my/ilims/upload/portal/akta/outputaktap/3345910_BI/Act%2053%20(Online%202026).pdf,OUT_OF_SCOPE,—,The employee's own choice not to file; nothing changes in the employer's deduction or filings
MY-CONTRIBUTION-24,contribution,Employee-elected EPF share above the Third Schedule and a contractual employer share above it; never below,EPF Act 1991 s.43; Form KWSP 17A (Khas),https://web.archive.org/web/20260810072920/https://www.kwsp.gov.my/en/employer/responsibilities/mandatory-contribution,CONFIGURED,statutory_contribution_catalog:EPF (elections.EPF.employee_rate; terms.facts.contractual_epf_employer_rate),"jurisdiction_my: round 7: MTD exemptions, EIS MyKAS cover, EPF elected and contractual rates; fix 2 (2026-10-07): PCB K now takes the EPF actually contributed — max(Third Schedule share, elections.EPF.employee_rate × wage rounded up) for both K1 and Kt, still capped at RM4,000 (MTD Specification 2026 D). Because the cap binds a full year at most wages, the effect shows where the year's contribution is under it: a December joiner (TP3 RM60,000 / RM1,500 MTD, no EPF) on RM2,500 pays MTD 354.75 at 11% and 343.75 at an elected 15% (jurisdiction_my: fix 2: PDPA ss.7/12A/12B, EA ss.57A–57B and 81B–81C, CP58 on exit, FOMEMA, compulsory holidays, EPF relief, Sabah and Sarawak)"
MY-CONTRIBUTION-25,contribution,SOCSO covers local and foreign domestic workers from 1 June 2021 (Act 4); EIS local only,Act 4 as extended; Act 800; PERKESO FAQ Domestic Workers,https://www.perkeso.gov.my/images/pekerja_domestik/280721_-_FAQ_Domestic_Workers.pdf,CONFIGURED,statutory_contribution_catalog:SOCSO+EIS,"jurisdiction_my: round 7: the formerly SEEDED rows — EPF bonus band, sub-monthly parts, national service, termination routing, advances"
MY-CONTRIBUTION-26,contribution,Industrial-training students engaged without a contract of service are not EPF employees,EPF Act 1991 s.2,https://web.archive.org/web/20260810072920/https://www.kwsp.gov.my/en/employer/responsibilities/mandatory-contribution,CONFIGURED,statutory_contribution_catalog:EPF person.epf_excluded (terms.facts.industrial_training_student),"jurisdiction_my: round 7: MTD exemptions, EIS MyKAS cover, EPF elected and contractual rates"
MY-CONTRIBUTION-27,contribution,"SOCSO, SKBBK and EIS for industrial-training students: insured only under a contract of service or apprenticeship",Act 4 s.2(5); Act 800 s.2 and First Schedule,https://lom.agc.gov.my/ilims/upload/portal/akta/outputaktap/3226981_BI/Act%204%20(Online%202026).pdf,CONFIGURED,statutory_contribution_catalog:SOCSO+SKBBK+EIS (terms.facts.industrial_training_student: zero rule and no date-of-birth refusal),"jurisdiction_my: close: EPF notice on ceasing to be an employer, PERKESO cover of industrial-training students, the C.P.8D file — Act 4 Online 2026 reprint s.2(5) and Act 800 s.2 (perkeso.gov.my) define an employee as one employed for wages under a contract of service or apprenticeship; neither First Schedule nor any order (Act 4 amendment table to P.U. (A) 180/2024) excludes students as such; PERKESO Soalan Lazim Q1 (read 2026-10-08 in the browser) restates it. PERKESO site search ('latihan industri', 'pelajar', 'industrial training', 'intern') holds no student instrument. A student without such a contract (the EPF row's fact) is outside all three schemes; an INTERN under a contract is charged like any employee."
MY-CONTRIBUTION-28,contribution,"Late-payment interest and charges on EPF, SOCSO and EIS contributions",EPF Act 1991 s.45; Act 4 s.14A; Act 800 s.21,,OUT_OF_SCOPE,—,Assessed and billed by the fund on a late payment; there is nothing for the employer's payroll to compute
MY-OBLIGATION-28,obligation,"No termination of a pregnant employee (or one ill from her pregnancy) except for wilful breach, misconduct or closure; protection during the 90 days after maternity leave","Employment Act 1955 ss.41A, 42",https://lom.agc.gov.my/ilims/upload/portal/akta/outputaktap/1744567_BI/Reprint%20Act%20265%20(Final).pdf,CONFIGURED,rule_set:TASKS MATERNITY_PROTECTION_REVIEW; exit_facts.pregnant_or_pregnancy_illness,"jurisdiction_my: round 7: protection reviews, records, notices, renewals and the CP22A death deadline"
MY-OBLIGATION-29,obligation,Minimum retirement age 60,Minimum Retirement Age Act 2012 (Act 753) s.4,https://lom.agc.gov.my/,CONFIGURED,rule_set:TASKS RETIREMENT_AGE_REVIEW,"jurisdiction_my: round 7: protection reviews, records, notices, renewals and the CP22A death deadline; jurisdiction_my: obligations are rule_set rows whose due date and condition evaluate for their trigger"
MY-OBLIGATION-30,obligation,Retrench foreign employees in a similar capacity before any local,Employment Act 1955 ss.60N–60O,https://lom.agc.gov.my/ilims/upload/portal/akta/outputaktap/1744567_BI/Reprint%20Act%20265%20(Final).pdf,CONFIGURED,rule_set:TASKS RETRENCHMENT_FOREIGN_FIRST,"jurisdiction_my: round 7: protection reviews, records, notices, renewals and the CP22A death deadline; jurisdiction_my: obligations are rule_set rows whose due date and condition evaluate for their trigger"
MY-OBLIGATION-31,obligation,Reply in writing to a flexible working application within 60 days,Employment Act 1955 ss.60P–60Q,https://lom.agc.gov.my/ilims/upload/portal/akta/outputaktap/1744567_BI/Reprint%20Act%20265%20(Final).pdf,CONFIGURED,rule_set:TASKS FLEXIBLE_WORKING_REPLY; contract_terms.facts.flexible_working_applied_on,"jurisdiction_my: round 7: protection reviews, records, notices, renewals and the CP22A death deadline"
MY-OBLIGATION-32,obligation,Sexual harassment awareness notice exhibited at all times,Employment Act 1955 s.81H,https://lom.agc.gov.my/ilims/upload/portal/akta/outputaktap/1744567_BI/Reprint%20Act%20265%20(Final).pdf,CONFIGURED,rule_set:TASKS SEXUAL_HARASSMENT_NOTICE,"jurisdiction_my: round 7: protection reviews, records, notices, renewals and the CP22A death deadline"
MY-OBLIGATION-33,obligation,Register of employees kept six years,Employment Act 1955 s.61; Employment Regulations 1957,https://lom.agc.gov.my/ilims/upload/portal/akta/outputaktap/1744567_BI/Reprint%20Act%20265%20(Final).pdf,CONFIGURED,rule_set:TASKS EMPLOYEE_REGISTER,"jurisdiction_my: round 7: protection reviews, records, notices, renewals and the CP22A death deadline"
MY-OBLIGATION-34,obligation,Itemised statement of wages each wage period,Employment Regulations 1957; EPF Act 1991 s.42(1),https://lom.agc.gov.my/ilims/upload/portal/akta/outputaktap/1744567_BI/Reprint%20Act%20265%20(Final).pdf,CONFIGURED,rule_set:TASKS PAYSLIP_ISSUE,"jurisdiction_my: round 7: protection reviews, records, notices, renewals and the CP22A death deadline"
MY-OBLIGATION-35,obligation,"Tax records (payroll, TP1 / TP3, CP38) kept seven years",ITA 1967 s.82,https://lom.agc.gov.my/ilims/upload/portal/akta/outputaktap/3345910_BI/Act%2053%20(Online%202026).pdf,CONFIGURED,rule_set:TASKS TAX_RECORDS_RETENTION,"jurisdiction_my: round 7: protection reviews, records, notices, renewals and the CP22A death deadline"
MY-OBLIGATION-36,obligation,Accommodation certificate before housing workers,Act 446 s.24D,https://jtksm.mohr.gov.my/ms/soalan-lazim/perumahan-penginapan-dan-kemudahan-pekerja,CONFIGURED,rule_set:TASKS WORKERS_ACCOMMODATION_CERTIFICATE; contract_terms.facts.employer_provided_accommodation,"jurisdiction_my: round 7: protection reviews, records, notices, renewals and the CP22A death deadline"
MY-OBLIGATION-37,obligation,Foreign workers: FOMEMA medical examination and SPIKPA hospitalisation insurance,Immigration / MOHR policy,https://www.imi.gov.my/index.php/en/main-services/foreign-worker/,CONFIGURED,"rule_set:TASKS FOREIGN_WORKER_MEDICAL_EXAMINATION (hire + 30 days) + WORK_PASS_RENEWAL (FOMEMA, SPIKPA, FWCS at renewal)","Fix 2 (2026-10-07): imi.gov.my Foreign Worker page read 2026-10-07 — ""employers are given a period of 30 days to conduct health examination of foreign workers at the registered health centre with FOMEMA"" (VP(TE) issued only after); renewals need the FOMEMA certificate (2nd and 3rd year), the SPIKPA policy (except plantation) and the FWCS slip. FOREIGN_WORKER_MEDICAL_EXAMINATION is raised on a FOREIGNER's hire, due 30 days later (start taken as arrival); the renewal task names the documents. jurisdiction_my: fix 2: PDPA ss.7/12A/12B, EA ss.57A–57B and 81B–81C, CP58 on exit, FOMEMA, compulsory holidays, EPF relief, Sabah and Sarawak. Earlier: GAP (no official instrument with dates): imi.gov.my's Foreign Worker service page lists the services without dates (round 7); FOMEMA is a concessionaire, not a government host; round 8 (2026-10-07) found no P.U. instrument fixing either deadline. Not encoded rather than guessed."
MY-OBLIGATION-38,obligation,Retention after exit and disposal: records of the exit year kept seven years from its end (beyond the EA register's six years); personal data then destroyed or permanently deleted,Income Tax Act 1967 s.82(1)(a); Employment Act 1955 s.61(2); Personal Data Protection Act 2010 s.10,https://lom.agc.gov.my/ilims/upload/portal/akta/outputaktap/3301061_BI/Act%20709%20(Reprint%202026).pdf,CONFIGURED,"rule_set:record_retention, rule_set:PERSONAL_DATA_DISPOSAL","MY jurisdiction seed > a work stoppage by the employer keeps the wage; records kept seven years, then disposed of; MY jurisdiction seed > the canonical duty behaviours raise each applicable duty once. Read 2026-10-07 on lom.agc.gov.my: ITA s.82(1)(a) seven years from the end of the year; EA s.61(2) six years after recording; PDPA 2010 s.10(1)–(2) not kept longer than necessary, then destroyed or permanently deleted. record_retention.until = 31 December of the exit year + 7 years gates employment_profile.anonymise; PERSONAL_DATA_DISPOSAL is raised on the exit, due that day."
MY-OBLIGATION-39,obligation,C.P.8D employee remuneration file (e-Data Praisi / e-CP8D) with Form E,Income Tax Act 1967 s.83(1); LHDN Susun Atur Maklumat C.P.8D Pin. 2025; Nota Penerangan Borang E 2025,https://www.hasil.gov.my/wp-content/uploads/susun_atur_maklumat_c.p.8d_1.pdf,CONFIGURED,"rule_set:EXPORTS.CP8D_EMPLOYEE_FILE (FIXED, 22 pipe-delimited fields, PHHHHHHHHHH_TTTT.txt); employee facts organisation_management, tax_borne_by_employer","jurisdiction_my: close: EPF notice on ceasing to be an employer, PERKESO cover of industrial-training students, the C.P.8D file — the layout and the Form E notes were read 2026-10-08 in the browser from Muat Turun Borang Majikan (2025); the file reproduces the layout's example record txt 1. Fields 12 (VOLA, carried inside BIK_VOLA in field 11), 13 (ESOS), 16 (TP1 zakat) and 21 (medical insurance by salary deduction) have no payroll record and stay blank."
MY-OBLIGATION-40,obligation,Written personal data notice (BM and English) to each employee when the data is first asked for or collected,Personal Data Protection Act 2010 s.7(1)–(3),https://lom.agc.gov.my/ilims/upload/portal/akta/outputaktap/3301061_BI/Act%20709%20(Reprint%202026).pdf,CONFIGURED,rule_set:TASKS PDPA_PRIVACY_NOTICE (hire),"Read 2026-10-07 on lom.agc.gov.my (Act 709 reprint 2026): s.7(1)(a)–(h) contents, (2) as soon as practicable when first asked / collected, (3) national and English languages. Raised on every engagement, due the start day. jurisdiction_my: fix 2: PDPA ss.7/12A/12B, EA ss.57A–57B and 81B–81C, CP58 on exit, FOMEMA, compulsory holidays, EPF relief, Sabah and Sarawak"
MY-OBLIGATION-41,obligation,"Appoint a data protection officer and register the appointment with the Commissioner within 21 days, where more than 20,000 data subjects, more than 10,000 with sensitive / financial data, or regular and systematic monitoring","Personal Data Protection Act 2010 s.12A (Act A1727, in force 1 June 2025); PDP Commissioner Guideline on the Appointment of DPO paras 4.2, 7.1",https://lom.agc.gov.my/ilims/upload/portal/akta/outputaktap/3301061_BI/Act%20709%20(Reprint%202026).pdf,CONFIGURED,rule_set:TASKS PDPA_DPO_APPOINTMENT (entity created) + PDPA_DPO_APPOINTMENT_UPDATE (entity fact set); entity fact pdpa_dpo_required,"s.12A read 2026-10-07 (reprint 2026); Guideline https://www.pdp.gov.my/ppdpv1/wp-content/uploads/2025/08/GP_DPO_ENG.pdf read 2026-10-07 (para 4.2 thresholds, para 7.1 21 days). Raised when the entity is recorded with pdpa_dpo_required, with more than 10,000 employees (payroll is financial data), or when the fact is later set; due 21 days on. jurisdiction_my: fix 2: PDPA ss.7/12A/12B, EA ss.57A–57B and 81B–81C, CP58 on exit, FOMEMA, compulsory holidays, EPF relief, Sabah and Sarawak"
MY-OBLIGATION-42,obligation,Personal data breach: notify the Commissioner within 72 hours; notify affected data subjects within 7 days of that where significant harm; keep the breach register two years,"Personal Data Protection Act 2010 s.12B (Act A1727, in force 1 June 2025); PDP Commissioner Guideline on Data Breach Notification paras 6.1, 9.1, 14.1",https://lom.agc.gov.my/ilims/upload/portal/akta/outputaktap/3301061_BI/Act%20709%20(Reprint%202026).pdf,CONFIGURED,"rule_set:PAYROLL case_kinds PERSONAL_DATA_BREACH; TASKS PDPA_BREACH_COMMISSIONER_NOTICE (case opened + 3 days) + PDPA_BREACH_DATA_SUBJECT_NOTICE (commissioner_notified_on + 7 days, significant_harm)","s.12B(1)–(3) read 2026-10-07; Guideline https://www.pdp.gov.my/ppdpv1/wp-content/uploads/2025/08/GP_DBN_ENG.pdf read 2026-10-07: 6.1 ""no later than seventy-two (72) hours from the occurrence"", 9.1 ""not later than seven (7) days after the initial data breach notification"", 14.1 register two years. jurisdiction_my: fix 2: PDPA ss.7/12A/12B, EA ss.57A–57B and 81B–81C, CP58 on exit, FOMEMA, compulsory holidays, EPF relief, Sabah and Sarawak"
MY-OBLIGATION-43,obligation,"Sexual harassment complaint: inquire, or inform the complainant in writing of a refusal and its reasons within 30 days of receipt","Employment Act 1955 ss.81A, 81B(1)–(3), 81F",https://lom.agc.gov.my/ilims/upload/portal/akta/outputaktap/1744567_BI/Reprint%20Act%20265%20(Final).pdf,CONFIGURED,rule_set:PAYROLL case_kinds SEXUAL_HARASSMENT_COMPLAINT; TASKS SEXUAL_HARASSMENT_INQUIRY (opened_on + 30 days),"EA AGC reprint read 2026-10-07 (s.81B(2) ""not later than thirty days after the date of the receipt of the complaint""). jurisdiction_my: fix 2: PDPA ss.7/12A/12B, EA ss.57A–57B and 81B–81C, CP58 on exit, FOMEMA, compulsory holidays, EPF relief, Sabah and Sarawak"
MY-OBLIGATION-44,obligation,"Proven sexual harassment: disciplinary action against an employee (dismissal without notice, downgrading or lesser punishment, suspension without wages at most two weeks) or a recommendation for a non-employee",Employment Act 1955 s.81C,https://lom.agc.gov.my/ilims/upload/portal/akta/outputaktap/1744567_BI/Reprint%20Act%20265%20(Final).pdf,CONFIGURED,rule_set:TASKS SEXUAL_HARASSMENT_FINDING_ACTION (case facts.inquiry_outcome PROVEN),"EA AGC reprint read 2026-10-07. Raised on the case update recording the finding; due that day. jurisdiction_my: fix 2: PDPA ss.7/12A/12B, EA ss.57A–57B and 81B–81C, CP58 on exit, FOMEMA, compulsory holidays, EPF relief, Sabah and Sarawak"
MY-OBLIGATION-45,obligation,Inquiry directed by the Director General: inquire and submit the report within 30 days of the direction,"Employment Act 1955 ss.81B(4)–(5), 81D(1)–(2), 81F(c)–(d)",https://lom.agc.gov.my/ilims/upload/portal/akta/outputaktap/1744567_BI/Reprint%20Act%20265%20(Final).pdf,CONFIGURED,rule_set:TASKS SEXUAL_HARASSMENT_DG_INQUIRY_REPORT (case facts.dg_directed_on + 30 days),"EA AGC reprint read 2026-10-07 (s.81D(2) ""within thirty days from the date of such direction""); ss.81D(3)–(6) and 81E are the Director General's own inquiry and the complainant's rights, not employer duties. jurisdiction_my: fix 2: PDPA ss.7/12A/12B, EA ss.57A–57B and 81B–81C, CP58 on exit, FOMEMA, compulsory holidays, EPF relief, Sabah and Sarawak"
MY-OBLIGATION-46,obligation,Foreign domestic employee: inform the Director General within 30 days of the employment,Employment Act 1955 s.57A,https://lom.agc.gov.my/ilims/upload/portal/akta/outputaktap/1744567_BI/Reprint%20Act%20265%20(Final).pdf,CONFIGURED,rule_set:TASKS FOREIGN_DOMESTIC_EMPLOYMENT_NOTICE (hire + 30 days; FOREIGNER on DOMESTIC terms),"EA AGC reprint read 2026-10-07: s.57A(1) ""within thirty days of the employment"". jurisdiction_my: fix 2: PDPA ss.7/12A/12B, EA ss.57A–57B and 81B–81C, CP58 on exit, FOMEMA, compulsory holidays, EPF relief, Sabah and Sarawak"
MY-OBLIGATION-47,obligation,"Foreign domestic employee: inform the Director General within 30 days of the termination (by either party, absconding, pass expiry, repatriation or deportation)",Employment Act 1955 s.57B,https://lom.agc.gov.my/ilims/upload/portal/akta/outputaktap/1744567_BI/Reprint%20Act%20265%20(Final).pdf,CONFIGURED,rule_set:TASKS FOREIGN_DOMESTIC_TERMINATION_NOTICE (exit + 30 days),EA AGC reprint read 2026-10-07: s.57B(1)–(2). Tested in obligations are rule_set rows whose due date and condition evaluate for their trigger (2026-11-30 for a 31 October exit).
MY-WORK-21,work,"Children (under 15) and young persons (15 to under 18): not more than 6 / 7 hours a day, not between 8 pm and 7 am / 6 am, rest after 3 / 4 consecutive hours","Children and Young Persons (Employment) Act 1966 (Act 350) ss.1A, 4, 5(1), 6(1)",https://ccs-co.com/wp-content/uploads/38.-Act-350-Children-and-Young-Persons-Employmen-Act-1966.pdf,CONFIGURED,"rule_set:VALIDATIONS YOUNG_WORKER_HOURS (payslip, warn; employee.date_of_birth)","Reprint as at 1 December 2011 read 2026-10-08 (law-firm copy of the Commissioner's reprint; jtksm.mohr.gov.my's 2019 reprint refused the reader, so the Act A1586 (2019) amendments are not read). Warns, since the licensed public-entertainment, agricultural and vessel exceptions are the employer's; the six-days-in-seven limit (s.4) is the WEEKLY_REST_DAY warning. jurisdiction_my: Act 350: hours and night work of children and young persons warn; a child's employment is flagged"
MY-WORK-22,work,"A child (under 15) may be employed only in light family work, licensed public entertainment, school-approved work or an approved apprenticeship; no hazardous work for a child or young person","Children and Young Persons (Employment) Act 1966 (Act 350) s.2(1)–(3), (6)",https://ccs-co.com/wp-content/uploads/38.-Act-350-Children-and-Young-Persons-Employmen-Act-1966.pdf,CONFIGURED,"rule_set:VALIDATIONS CHILD_EMPLOYMENT (contract, warn)","Reprint as at 1 December 2011 read 2026-10-08 (see MY-WORK-21 on the 2019 amendments). The contract term of a person under fifteen on its first day is flagged; which permitted employment it is, and that no young person does hazardous work, are the employer's to confirm. jurisdiction_my: Act 350: hours and night work of children and young persons warn; a child's employment is flagged"
