id,profile,area,provision,citation,url,source_checked,effective_from,effective_to,status,reason,config_path,golden,probe,verified_at
PH-WG01,PH,minimum_wage,"A private-sector worker is paid at least the regional board floor for the worksite municipality/area, sector and establishment size in force on each work day; a missing rate refuses, never zero or a guessed floor.",RA 6727 s.4; regional wage orders; NWPC wage-order matrix of 28 Sep 2026,https://nwpc.dole.gov.ph/summary-of-current-regional-daily-minimum-wage-rates-non-agriculture-agriculture-and-other-wage-categories/,2026-09-30,,,PARTIAL,"All operative regional worksite/sector/industry/size cutovers from1December2025 are integrated. Actual dated establishment worker count now takes precedence, with original worksite REF_AND_FILE evidence; fallback only original proven single-establishment count. Remaining: all wage-payment methods including original Board piece-rate/time-and-motion output comparisons and normal-day/conversion scope; pending actual dated source comparator beyond monthly stated rates. No new verification.",work_rules.wages.classified_by_worksite; facts.ph_wage_one_establishment; facts.ph_wage_worker_count; terms_facts:wage_worksite_source; terms_facts:wage_sector_source; work_rules.wages.classified_by_worksite.rows.requires_evidence; facts:ph_wage_worker_count.evidence,PH wage order: NCR sector and establishment thresholds select the lower or ordinary rate,PH-WG10-1; PH-WG10-2; PH-WG24-1; PH-WG08-1; PH-WG27-1; PH-WG20-1; PH-WG13-2; PH-WG24-6,2026-09-29
PH-A3,PH,minimum_wage,Pay below the applicable floor refuses the run unless a board-approved exemption is recorded; a part-timer keeps only a warning; a domestic worker is always refused.,"RA 6727 s.4, s.4(c), s.12; Wage Order NCR-28 ss.2, 4, 6",https://elibrary.judiciary.gov.ph/thebookshelf/showdocs/2/6255,2026-09-30,2026-09-26,,PARTIAL,"Current source audit (2026-10-03). Integrated declarations: minimum_wage_exemption_approved. Remaining full scope: Current classified worksite/region/domestic source and admission helpers are present. Whole stated historical/cutover, occupational/size/sector scope is not established by one selected source branch. Inventory probe-only omissions are recorded separately and are not treated as an engineering failure or external blocker.. Actual original documents and external actions remain distinct from missing application behavior; no new verification.",work_rules.wages.block_below_when; facts.minimum_wage_exemption_approved,"Philippines — NCR-28’s ₱755 is mandatory: an unexempted contract below the five-day floor of 16,421.25 refuses the run",PH-WG10-1; PH-WG10-2; PH-A3-1; PH-WG13-2; PH-WG28-2; PH-A3-2; PH-A3-3; PH-SS01-2,2026-09-29
PH-WG02,PH,minimum_wage,"A domestic worker (kasambahay) is paid at least the regional domestic monthly floor for the household worksite and date, in cash at least monthly with only legally mandated deductions.",RA 10361 s.24; regional domestic wage orders,https://elibrary.judiciary.gov.ph/thebookshelf/showdocs/2/51514,2026-09-30,,,PARTIAL,"All operative domestic regional monthly floors and occupational/worksite classes are integrated from 1 December 2025. Domestic TERMS_CHANGE/PAYSLIP refuse cycles longer than one month; voluntary union dues and manual unspecified statutory adjustments exclude domestic workers, alongside existing company-loan exclusion. Remaining: actual cash-only wage settlement, monthly discharge timing and original legally mandated deduction allocation/conservation across payment records; declarations alone do not establish those consumers. No new verification.",work_rules.wages.by_employment_type.DOMESTIC; work_rules.wages.block_below_when,"Philippines — NCR-DW-06 holds a kasambahay to ₱7,800 from 7 February 2026, NCR-DW-05’s ₱7,000 before it",PH-WG04-1; PH-HR45-1; PH-A3-2,2026-09-30
PH-WG03,PH,minimum_wage,"Enterprise-based trainees are classified by registered program (general EBET, apprenticeship, upskilling employee) before any wage-floor exclusion; a blanket INTERN label does not remove the floor.",RA 12063 and IRR; TESDA Circular 069-2025,https://elibrary.judiciary.gov.ph/thebookshelf/showdocs/2/98026,2026-10-03,,,IMPLEMENTED,"All22 classify registered GENERAL, APPRENTICESHIP and UPSKILLING at terms admission and independently on each original salary day, using the actual dated approved terms and governing version. Absent/mismatched programmes, registration issued after implementation, excluded/noncompliant coverage and upskilling relabelled as nonemployee trainee refuse before floor exclusion. Original TESDA registration reference binds its actual documentary proof. Registered general training alone excludes the employee floor; apprenticeship retains75% and upskilling full wages. Source scope IMPLEMENTED; no new verification.",work_rules.wages.applies_when; terms_facts:ebet_program; checks:EBET_PROGRAM_UNRECORDED; checks:EBET_PROGRAM_MISMATCH,,PH-GATES-1; PH-EBET05-1,
PH-WG04,PH,minimum_wage,"NCR domestic workers (live-in/out; househelp, yaya, cook, gardener, laundry, other regular household workers) are owed PHP7,000/month through 6 Feb 2026 and PHP7,800 from 7 Feb 2026; service providers, family drivers and sporadic helpers are outside this order.","Wage Order NCR-DW-06 ss.1–2, 8 (signed 15 Jan 2026, published 22 Jan, effective 7 Feb 2026)",https://nwpc.dole.gov.ph/wp-content/uploads/2026/01/Wage-Order-No.-NCR-DW-06.pdf,2026-09-29,2026-02-07,,IMPLEMENTED,Wave1 source implementation (2026-10-03): Actual occupational household scope now evaluated at terms admission and payroll across22dated policies: original occupation/regular-household arrangement/live-in-or-out and originalreference+file required; serviceprovider/familydriver/sporadichelper/foster-child domestic relabelling refuses. Applicable actual regional/municipality monthly class sources and all stated cutovers complete; IXSulu-first original5000distinctopening retained. Full operative scope IMPLEMENTED; no new verification.,work_rules.wages.by_employment_type.DOMESTIC.NCR,"Philippines — NCR-DW-06 holds a kasambahay to ₱7,800 from 7 February 2026, NCR-DW-05’s ₱7,000 before it",PH-WG04-1,2026-09-29
PH-WG05,PH,wages,NCR domestic wages are paid in cash at least once a month with no deductions except those mandated by law.,Wage Order NCR-DW-06 s.3 (read 30 Sep 2026),https://nwpc.dole.gov.ph/wp-content/uploads/2026/01/Wage-Order-No.-NCR-DW-06.pdf,2026-09-30,2026-02-07,,PARTIAL,"All operative domestic regional monthly floors and occupational/worksite classes are integrated from 1 December 2025. Domestic TERMS_CHANGE/PAYSLIP refuse cycles longer than one month; voluntary union dues and manual unspecified statutory adjustments exclude domestic workers, alongside existing company-loan exclusion. Remaining: actual cash-only wage settlement, monthly discharge timing and original legally mandated deduction allocation/conservation across payment records; declarations alone do not establish those consumers. No new verification.",loan_catalogue:LOAN_RECOVERY_COMPANY.eligibility; loan_catalogue:COMPANY.eligibility,,PH-WG05-1,
PH-WG06,PH,wages,"For an NCR domestic worker placed by a licensed private employment agency, the wage order is deemed incorporated into the contract; the principal/client bears it and the agency is jointly and severally liable on default.",Wage Order NCR-DW-06 s.4,https://nwpc.dole.gov.ph/wp-content/uploads/2026/01/Wage-Order-No.-NCR-DW-06.pdf,2026-09-29,2026-02-07,,EXTERNAL,"Contractual/joint-liability duty between household, client and agency; the floor selector has no PEA/principal allocation, contract amendment or recovery record. Closure case: agency worker contracted at PHP7,000 across 7 Feb uplifted to PHP7,800, both liable when unpaid.",,,,
PH-WG07,PH,minimum_wage,"No exemption from the NCR PHP7,800 domestic floor; a mutually agreed competency scheme may only raise pay above it.",Wage Order NCR-DW-06 ss.5–6,https://nwpc.dole.gov.ph/wp-content/uploads/2026/01/Wage-Order-No.-NCR-DW-06.pdf,2026-09-30,2026-02-07,,VERIFIED,"No exemption: a recorded board exemption does not save an under-floor NCR kasambahay (PH-A3-2; block_below_when always blocks DOMESTIC); the ₱7,800 floor pays (PH-WG04-1). A competency scheme can only raise pay because any under-floor rate is refused.",work_rules.wages.block_below_when; work_rules.wages.by_employment_type.DOMESTIC.NCR,,PH-WG04-1; PH-A3-2,2026-10-01
PH-WG08,PH,minimum_wage,"CAR private-sector workers (Baguio; Abra, Apayao, Benguet, Ifugao, Kalinga, Mountain Province) are owed PHP470/day through 29 Dec 2025 and PHP505/day from 30 Dec 2025.","Wage Order CAR-24 (issued 2 Dec 2025, published 14 Dec, effective 30 Dec 2025)",https://nwpc.dole.gov.ph/wp-content/uploads/2025/12/Wage-Order-No.-CAR-24.pdf,2026-09-30,2025-12-30,,IMPLEMENTED,Wave1 source implementation (2026-10-03): Complete stated dated rate/cutover scope now routes from actual worksite region across22dated policies through native per-work-day binding floor. Exact worksite precedence and actual sector/size/source evidence remain required; unsupported or ambiguous classes refuse. All declared daily amounts and stated cutovers matched directly against dated source; NCR enjoined tranches remain excluded. IMPLEMENTED source-only; no new verification.,work_rules.wages.classified_by_worksite; work_rules.wages.classified_by_worksite.rows.requires_evidence; work_rules.wages.block_below_when; facts:ph_wage_worker_count; work_rules.wages.by_region.CAR,PH wage orders — every signed tranche is its own sealed interval; PH wage orders — the exact worksites of the I/II/CAR/IV-B/V/XIII extension pay their sealed floors,PH-WG08-1; PH-WG08-2,
PH-WG09,PH,minimum_wage,"CAR domestic workers are owed PHP6,000/month through 29 Dec 2025 and PHP6,600/month from 30 Dec 2025.","Wage Order CAR-DW-07 (issued 2 Dec 2025, published 14 Dec, effective 30 Dec 2025)",https://nwpc.dole.gov.ph/wp-content/uploads/2025/12/Wage-Order-No.-CAR-DW-07.pdf,2026-09-30,2025-12-30,,IMPLEMENTED,"Wave1 source implementation (2026-10-03): Complete stated domestic monthly rate/cutover scope now selected by actual household worksite region and original worksite evidence across22dated records. Domestic monthly floor uses its distinct employment-type table and scale1, with exact worksite precedence and dated native floor enforcement. Original amounts match stated cutovers. IMPLEMENTED source-only; no new verification.",work_rules.wages.by_employment_type.DOMESTIC.CAR,,PH-WG09-1; PH-WG09-2,2026-09-29
PH-WG10,PH,minimum_wage,"NCR private minimum wage earners are owed PHP695 non-agriculture or PHP658 agriculture/retail-service ≤15/manufacturing <10 through 25 Sep 2026, and PHP755 or PHP718 per normal day ≤8 hours from 26 Sep 2026; NCR-27 tranches are not selected while enjoined.","Wage Order NCR-28 recital and ss.1–3, 7 (issued 7 Sep, published 11 Sep 2026 Daily Tribune, effective 26 Sep 2026); NCR-26",https://nwpc.dole.gov.ph/wp-content/uploads/2026/09/Wage-Order-No.-NCR-28.pdf,2026-09-30,2026-09-26,,IMPLEMENTED,Wave1 source implementation (2026-10-03): Complete stated dated rate/cutover scope now routes from actual worksite region across22dated policies through native per-work-day binding floor. Exact worksite precedence and actual sector/size/source evidence remain required; unsupported or ambiguous classes refuse. All declared daily amounts and stated cutovers matched directly against dated source; NCR enjoined tranches remain excluded. IMPLEMENTED source-only; no new verification.,work_rules.wages.classified_by_worksite; work_rules.wages.classified_by_worksite.rows.requires_evidence; facts:ph_wage_worker_count.evidence,PH wage order: NCR sector and establishment thresholds select the lower or ordinary rate,PH-WG10-1; PH-WG10-2; PH-WG10-3; PH-WG10-4; PH-WG10-5,2026-09-29
PH-WG11,PH,minimum_wage,"NCR minimum wage earners, irrespective of position, status or pay method including piece-rate, get the corresponding floor; a material technology/process change warrants a new Board time-and-motion study.",Wage Order NCR-28 ss.4–5,https://nwpc.dole.gov.ph/wp-content/uploads/2026/09/Wage-Order-No.-NCR-28.pdf,2026-09-29,2026-09-26,,PARTIAL,"All22 require original Board piece-rate order or approved time-and-motion source REF_AND_FILE and actual effective interval, with terms/payroll refusal outside that interval; all regional floor cutovers integrated. Remaining: actual workday unit/rate binding to the original approved schedule, automatic prevailing-floor adjustment and source-backed output/time/premium comparator; significant process/technology change new-application duties remain external source actions. No new verification.",,,,
PH-WG12,PH,minimum_wage,"Central Luzon private workers: Bataan/Bulacan/Nueva Ecija/Pampanga/Tarlac/Zambales non-agri 570→600, agri 540→570, retail/service 560→590; Aurora non-agri 530→560, agri 515→545, retail/service 475→515 PHP/day, second tranche 16 Apr 2026.",Wage Order RBIII-26 (effective 30 Oct 2025; second tranche 16 Apr 2026),https://nwpc.dole.gov.ph/wp-content/uploads/2025/10/Wage-Order-No.-RBIII-26.pdf,2026-09-30,2025-10-30,,IMPLEMENTED,"Wave1 source implementation (2026-10-03): Complete CentralLuzon six-core-province/Aurora sector rates and16Apr2026 cutover now active all22dated versions. Original missing Aurora530/515/475→560/545/515 source restored from actual official NWPC bulletin; actual regional fallback requires explicit official area class and original address/class evidence, no municipality inference. Exact worksite precedence retained. Full stated dated source scope IMPLEMENTED; no new verification.",work_rules.wages.classified_by_worksite; work_rules.wages.classified_by_worksite.rows.requires_evidence; work_rules.wages.block_below_when; facts:ph_wage_worker_count; work_rules.wages.by_region.III-CORE-NONAGRI; work_rules.wages.by_region.III-CORE-AGRI; work_rules.wages.by_region.III-CORE-RETAIL,PH wage orders — every signed tranche is its own sealed interval; PH wage orders — the exact worksites of the VIII/IX/X/XI/XII/VI/VII/III extension pay their sealed floors,PH-WG12-1; PH-WG12-2; PH-WG12-3; PH-WG12-4,
PH-WG13,PH,minimum_wage,"Bicol private workers in all sectors are owed PHP435/day through 7 Apr 2026, PHP455 from 8 Apr 2026, and PHP480 from 1 Dec 2026.","Wage Orders RBV-22 and RBV-23 (RBV-23 issued 3 Mar, published 23 Mar, effective 8 Apr 2026)",https://nwpc.dole.gov.ph/wp-content/uploads/2026/03/Wage-Order-No.-RBV-23.pdf,2026-09-30,2026-04-08,,IMPLEMENTED,Wave1 source implementation (2026-10-03): Complete stated dated rate/cutover scope now routes from actual worksite region across22dated policies through native per-work-day binding floor. Exact worksite precedence and actual sector/size/source evidence remain required; unsupported or ambiguous classes refuse. All declared daily amounts and stated cutovers matched directly against dated source; NCR enjoined tranches remain excluded. IMPLEMENTED source-only; no new verification.,work_rules.wages.classified_by_worksite; work_rules.wages.by_region.V; work_rules.wages.block_below_when,PH wage orders — every signed tranche is its own sealed interval; PH wage orders — the exact worksites of the I/II/CAR/IV-B/V/XIII extension pay their sealed floors,PH-WG13-1; PH-WG13-2; PH-WG13-3; PH-WG13-4,
PH-WG14,PH,minimum_wage,Zamboanga Peninsula private workers: non-agri including retail/service ≥10 PHP414→439 (1 Jan 2026)→464 (1 Jun 2026); agriculture including retail/service 1–9 PHP401→426→451 per day.,"Wage Order RIX-24 (issued 24 Nov, published 16 Dec 2025, effective 1 Jan 2026)",https://nwpc.dole.gov.ph/wp-content/uploads/2025/12/Wage-Order-No.-RIX-24.pdf,2026-09-30,2026-01-01,,IMPLEMENTED,"Wave1 source implementation (2026-10-03): RIX24 actualZamboangaterritory,retail1–9vs>=10,agri/nonagri andJan1/Jun1cutovers; Sulu neverinherits unsupported privateorder. Full operative scope from1Dec2025 with original openingdecidingfacts IMPLEMENTED per inventoryREADME21–23. Missing/ambiguous source refuses; no new verification.",work_rules.wages.classified_by_worksite; work_rules.wages.classified_by_worksite.rows.requires_evidence; work_rules.wages.block_below_when; facts:ph_wage_worker_count; work_rules.wages.by_region.IX-HIGH; work_rules.wages.by_region.IX-LOW,PH wage orders — every signed tranche is its own sealed interval; PH wage orders — the exact worksites of the VIII/IX/X/XI/XII/VI/VII/III extension pay their sealed floors,PH-WG14-1; PH-WG14-2; PH-WG14-3; PH-WG14-4,
PH-WG15,PH,minimum_wage,"Region X private workers: Category I (named cities/municipalities) PHP461→486 (16 Jan 2026)→500 (1 May 2026); Category II (other areas, and retail/service ≤10 even in Category I places) PHP446→471→485.","Wage Orders RX-23 and RX-24 ss.1–4 (RX-24 issued 15 Dec, published 31 Dec 2025, effective 16 Jan 2026)",https://nwpc.dole.gov.ph/wp-content/uploads/2025/12/Wage-Order-No.-RX-24.pdf,2026-09-30,2026-01-16,,IMPLEMENTED,"Wave1 source implementation (2026-10-03): Complete RX24 CategoryI/II source scope, actual16Jan/1May2026 cutovers and mandatory retail/service<=10CategoryII override now selected from actual original area/sector/headcount/worksite evidence across22dated records. Original15named CategoryI exact places retain precedence; allotheractualareas require their evidenced official class. No invented municipality mapping. Full stated dated scope IMPLEMENTED; no new verification.",work_rules.wages.classified_by_worksite; work_rules.wages.classified_by_worksite.rows.requires_evidence; work_rules.wages.block_below_when; facts:ph_wage_worker_count; work_rules.wages.by_region.X-CAT-I; work_rules.wages.by_region.X-CAT-II,PH wage orders — every signed tranche is its own sealed interval; PH wage orders — the exact worksites of the VIII/IX/X/XI/XII/VI/VII/III extension pay their sealed floors,PH-WG15-1; PH-WG15-2; PH-WG15-3,
PH-WG16,PH,minimum_wage,Davao Region private workers: non-agri PHP510→525 (13 Mar 2026)→540 (1 Sep 2026); agriculture PHP505→515→525 per day.,"Wage Orders RB XI-23 and RB XI-24 (XI-24 issued 19 Feb, published 25 Feb, effective 13 Mar 2026)",https://nwpc.dole.gov.ph/wp-content/uploads/2026/02/Wage-Order-No.-RB-XI-24.pdf,2026-09-30,2026-03-13,,IMPLEMENTED,Wave1 source implementation (2026-10-03): Complete stated dated rate/cutover scope now routes from actual worksite region across22dated policies through native per-work-day binding floor. Exact worksite precedence and actual sector/size/source evidence remain required; unsupported or ambiguous classes refuse. All declared daily amounts and stated cutovers matched directly against dated source; NCR enjoined tranches remain excluded. IMPLEMENTED source-only; no new verification.,work_rules.wages.classified_by_worksite; work_rules.wages.classified_by_worksite.rows.requires_evidence; work_rules.wages.block_below_when; facts:ph_wage_worker_count; work_rules.wages.by_region.XI-NONAGRI; work_rules.wages.by_region.XI-AGRI,PH wage orders — every signed tranche is its own sealed interval; PH wage orders — the exact worksites of the VIII/IX/X/XI/XII/VI/VII/III extension pay their sealed floors,PH-WG16-1; PH-WG16-2; PH-WG16-3; PH-WG16-4,
PH-WG17,PH,minimum_wage,"Davao domestic workers: chartered city/first-class municipality PHP6,000→6,500/month, other municipality PHP5,000→6,500 from 13 Mar 2026.","Wage Order RB XI-DW-04 ss.1, 8 (issued 19 Feb, published 25 Feb, effective 13 Mar 2026)",https://nwpc.dole.gov.ph/wp-content/uploads/2026/02/Wage-Order-No.-RB-XI-DW-04.pdf,2026-09-30,2026-03-13,,IMPLEMENTED,"Wave1 source implementation (2026-10-03): XIcity/first6000andother5000 opening both6500Mar13, actualmunicipalityclass proof. Full operative scope from1Dec2025 with original openingdecidingfacts IMPLEMENTED per inventoryREADME21–23. Missing/ambiguous source refuses; no new verification.",work_rules.wages.by_employment_type.DOMESTIC.XI,,PH-WG17-1; PH-WG17-2; PH-WG17-3,2026-09-29
PH-WG18,PH,minimum_wage,"Caraga private workers (non-agri, agri, service/retail, manufacturing) are owed a common PHP435→455 (3 Jan 2026)→475 (1 May 2026) per day.","Wage Orders RXIII-19 and RXIII-20 (RXIII-20 issued 9 Dec, published 18 Dec 2025, effective 3 Jan 2026)",https://nwpc.dole.gov.ph/wp-content/uploads/2025/12/Wage-Order-No.-RXIII-20.pdf,2026-09-30,2026-01-03,,IMPLEMENTED,Wave1 source implementation (2026-10-03): Complete stated dated rate/cutover scope now routes from actual worksite region across22dated policies through native per-work-day binding floor. Exact worksite precedence and actual sector/size/source evidence remain required; unsupported or ambiguous classes refuse. All declared daily amounts and stated cutovers matched directly against dated source; NCR enjoined tranches remain excluded. IMPLEMENTED source-only; no new verification.,work_rules.wages.classified_by_worksite; work_rules.wages.classified_by_worksite.rows.requires_evidence; work_rules.wages.block_below_when; facts:ph_wage_worker_count; work_rules.wages.by_region.XIII,PH wage orders — every signed tranche is its own sealed interval; PH wage orders — the exact worksites of the I/II/CAR/IV-B/V/XIII extension pay their sealed floors,PH-WG18-1; PH-WG18-2; PH-WG18-3,
PH-WG19,PH,minimum_wage,"Caraga domestic workers are owed PHP6,000→6,500/month from 3 Jan 2026 across municipality classes.","Wage Order RXIII-DW-06 (issued 9 Dec, published 18 Dec 2025, effective 3 Jan 2026); RXIII-DW-05",https://nwpc.dole.gov.ph/wp-content/uploads/2025/12/Wage-Order-No.-RXIII-DW-06.pdf,2026-09-30,2026-01-03,,IMPLEMENTED,"Wave1 source implementation (2026-10-03): Complete stated domestic monthly rate/cutover scope now selected by actual household worksite region and original worksite evidence across22dated records. Domestic monthly floor uses its distinct employment-type table and scale1, with exact worksite precedence and dated native floor enforcement. Original amounts match stated cutovers. IMPLEMENTED source-only; no new verification.",work_rules.wages.by_employment_type.DOMESTIC.XIII,,PH-WG19-1; PH-WG19-2,2026-09-29
PH-WG20,PH,minimum_wage,"BARMM private workers (excluding transferred Sulu): Cotabato/Lamitan/Marawi cities non-agri PHP411→436, agriculture/retail PHP386→411; other areas non-agri PHP386→411, agriculture/retail PHP376→401 per day from 6 Aug 2026; a further PHP25 from 1 Dec 2026.","Wage Order BARMM-05 ss.1–3 (issued 15 Jul, published 21 Jul, effective 6 Aug 2026)",https://nwpc.dole.gov.ph/wp-content/uploads/2026/07/Wage-Order-No.-BARMM-05.pdf,2026-09-30,2026-08-06,,IMPLEMENTED,"Wave1 source implementation (2026-10-03): Complete BARMM05 actual city/remaining-territory and agriculture/retail/nonagriculture scope active22dated records, including original missing other-area386/376 bases and exact25peso6Aug2026/1Dec2026 tranches. Cotabato/Lamitan/Marawi exact identities and actual territory class require original worksite/sector/area evidence; transferredSulu has explicit excluded class and no BARMM rate. Signed-order explicit25peso increments control OCR glyph ambiguity. Full stated dated source scope IMPLEMENTED; no new verification.",work_rules.wages.classified_by_worksite; work_rules.wages.by_region.BARMM-CITY-NONAGRI; work_rules.wages.by_region.BARMM-CITY-AGRI-RETAIL; work_rules.wages.block_below_when,,PH-WG20-1; PH-WG20-2; PH-WG20-3; PH-WG20-4; PH-WG20-5,
PH-WG21,PH,minimum_wage,"BARMM domestic workers (excluding Sulu) are owed PHP5,500/month from 8 Jan 2026.","Wage Order BARMM-DW-02 (issued 17 Dec, published 23 Dec 2025, effective 8 Jan 2026)",https://nwpc.dole.gov.ph/wp-content/uploads/2026/04/Wage-Order-No.-BARMM-DW-02.pdf,2026-09-30,2026-01-08,,IMPLEMENTED,Wave1 source implementation (2026-10-03): BARMMactualterritory excludesSulu; actualDW01opening5000 andsignedDW02Jan8monthly5500. Full operative scope from1Dec2025 with original openingdecidingfacts IMPLEMENTED per inventoryREADME21–23. Missing/ambiguous source refuses; no new verification.,work_rules.wages.by_employment_type.DOMESTIC.BARMM,,PH-WG21-1,2026-09-29
PH-WG22,PH,minimum_wage,"Region IX domestic workers including Sulu: chartered city/first-class municipality PHP5,500→6,000, Sulu first-class PHP5,000→6,000, other municipality including Sulu PHP5,000→5,500/month from 20 May 2026; occupational household work only.","Wage Order RIX-DW-06 ss.1–2, 5, 8 (approved 16 Apr, published 4 May, effective 20 May 2026)",https://nwpc.dole.gov.ph/wp-content/uploads/2026/05/Wage-Order-No.-RIX-DW-06.pdf,2026-09-30,2026-05-20,,IMPLEMENTED,Wave1 source implementation (2026-10-03): Actual occupational household scope now evaluated at terms admission and payroll across22dated policies: original occupation/regular-household arrangement/live-in-or-out and originalreference+file required; serviceprovider/familydriver/sporadichelper/foster-child domestic relabelling refuses. Applicable actual regional/municipality monthly class sources and all stated cutovers complete; IXSulu-first original5000distinctopening retained. Full operative scope IMPLEMENTED; no new verification.,work_rules.wages.by_employment_type.DOMESTIC.IX,"Philippines — RIX-DW-06 holds a Dapitan City kasambahay to ₱6,000 from 20 May 2026",PH-WG22-1; PH-WG22-2; PH-WG22-3; PH-WG22-4,2026-09-30
PH-WG23,PH,minimum_wage,"Region X domestic workers are owed PHP6,000→6,500/month from 16 Jan 2026 across all areas.","Wage Order RBX-DW-06 ss.1, 8 (issued 15 Dec, published 31 Dec 2025, effective 16 Jan 2026); RBX-DW-05",https://nwpc.dole.gov.ph/wp-content/uploads/2025/12/Wage-Order-No.-RBX-DW-06.pdf,2026-09-30,2026-01-16,,IMPLEMENTED,Wave1 source implementation (2026-10-03): Complete actual RegionX household region routes PHP6000→6500 on16Jan2026 across all areas; distinct monthly domestic floor with original worksite evidence. Full stated dated source scope IMPLEMENTED; no new verification.,work_rules.wages.by_employment_type.DOMESTIC.X,,PH-WG23-1; PH-WG23-2,2026-09-29
PH-WG24,PH,minimum_wage,"CALABARZON private workers are owed the signed-order daily floor for the worksite municipality class (DOF DO 074-2024), sector and ≤10 regular retail/service headcount, with second tranches on 1 Apr 2026 (e.g. extended metropolitan retail/service PHP485→508).","Wage Order IVA-22 (issued 3 Sep, published 19 Sep, effective 5 Oct 2025; tranches 1 Apr 2026)",https://nwpc.dole.gov.ph/wp-content/uploads/2025/09/Wage-Order-No.-IVA-22_compressed.pdf,2026-09-30,2025-10-05,,IMPLEMENTED,"Wave1 source implementation (2026-10-03): All signedIVA22 actual area/DOF074-2024 municipality classes now route regionally from original address/class/sector and order-defined regular headcount evidence22dated records. EMA/componentcities and RosarioCavite special600/525 branch, originalfirstclass, reclassifiedfirstclass, second-fifthclass, and <=10retail/service485→508 override allretain exact1Apr2026 cutovers. No inferred municipality class; ambiguous/missing source refuses. Full stated dated source scope IMPLEMENTED; no new verification.",work_rules.wages.classified_by_worksite; work_rules.wages.classified_by_worksite.rows.requires_evidence; facts:ph_wage_worker_count.evidence; work_rules.wages.classified_by_worksite.rows[Batangas/Santo Tomas],PH wage order: IV-A reclassified and small-retail tranches follow the dated version,PH-WG24-1; PH-WG24-2; PH-WG24-3; PH-WG24-4; PH-WG24-5; PH-WG24-6,2026-09-29
PH-WG25,PH,minimum_wage,MIMAROPA private workers: ≥10-worker floor PHP430→455 and <10-worker floor PHP404→455 per day on 1 Jan 2026.,"Wage Order MIMAROPA-13 ss.1–4, 7 (issued 4 Dec, published 16 Dec 2025, effective 1 Jan 2026)",https://nwpc.dole.gov.ph/wp-content/uploads/2025/12/Wage-Order-No.-MIMAROPA-13.pdf,2026-09-30,2026-01-01,,IMPLEMENTED,"Wave1 source implementation (2026-10-03): Official MIMAROPA13 actual original430/404 headcount tiers restored before1Jan2026, exact previously missing Calapan/PuertoPrincesa declared rates repaired, and allactualregional sector/size scopes route unified455 from1Jan2026. Exact geographic precedence, original evidence and headcount preserved. Full stated dated source scope IMPLEMENTED; no new verification.",work_rules.wages.classified_by_worksite; work_rules.wages.classified_by_worksite.rows.requires_evidence; work_rules.wages.block_below_when; facts:ph_wage_worker_count; work_rules.wages.by_region.IV-B,PH wage orders — every signed tranche is its own sealed interval; PH wage orders — the exact worksites of the I/II/CAR/IV-B/V/XIII extension pay their sealed floors,PH-WG25-1; PH-WG25-2,
PH-WG26,PH,minimum_wage,"MIMAROPA domestic workers are owed PHP6,500→7,000/month on 1 Jan 2026.","Wage Order MIMAROPA-DW-06 ss.1–2, 8 (issued 4 Dec, published 16 Dec 2025, effective 1 Jan 2026); MIMAROPA-DW-05",https://nwpc.dole.gov.ph/wp-content/uploads/2025/12/Wage-Order-No.-RB-MIMAROPA-DW-06-1.pdf,2026-09-30,2026-01-01,,VERIFIED,"Both rates matched on saved payslips at Calapan: ₱6,500 in December 2025 (PH-WG26-2) and ₱7,000 in July 2026 (PH-WG26-1).",work_rules.wages.by_employment_type.DOMESTIC.IV-B,PH wage orders — every signed tranche is its own sealed interval,PH-WG26-1; PH-WG26-2,2026-10-01
PH-WG27,PH,minimum_wage,"Eastern Visayas private workers: non-agri and retail/service >10 PHP435→452 (8 Dec 2025)→470 (1 Jun 2026); retail/service 1–10, cottage/handicraft and agriculture PHP405→422→440 per day.","Wage Order RB VIII-25 (issued 10 Nov, published 22 Nov, effective 8 Dec 2025; tranche 1 Jun 2026)",https://nwpc.dole.gov.ph/wp-content/uploads/2025/11/Wage-Order-No.-RB-VIII-25.pdf,2026-09-30,2025-12-08,,IMPLEMENTED,Wave1 source implementation (2026-10-03): VIIIcottage/handicraft industryproof nowrequired evenexactsites; agriculture/retailsize/generalindustry exactDec8/Jun1cutovers. Full operative scope from1Dec2025 with original openingdecidingfacts IMPLEMENTED per inventoryREADME21–23. Missing/ambiguous source refuses; no new verification.,work_rules.wages.classified_by_worksite; work_rules.wages.by_region.VIII-HIGH; work_rules.wages.by_region.VIII-LOW; work_rules.wages.block_below_when,PH wage orders — every signed tranche is its own sealed interval; PH wage orders — the exact worksites of the VIII/IX/X/XI/XII/VI/VII/III extension pay their sealed floors,PH-WG27-1; PH-WG27-2; PH-WG27-3; PH-WG27-4,
PH-WG28,PH,minimum_wage,"Eastern Visayas domestic workers: chartered city/first-class PHP6,000→6,400, other municipality PHP5,500→5,800/month from 8 Dec 2025.","Wage Order RBVIII-DW-06 (issued 10 Nov, published 22 Nov, effective 8 Dec 2025)",https://nwpc.dole.gov.ph/wp-content/uploads/2025/11/Wage-Order-No.-RBVIII-DW-06.pdf,2026-09-30,2025-12-08,,IMPLEMENTED,Wave1 source implementation (2026-10-03): VIIIactualcity/first6000→6400andother5500→5800Dec8monthlyoriginalclass/addressproof. Full operative scope from1Dec2025 with original openingdecidingfacts IMPLEMENTED per inventoryREADME21–23. Missing/ambiguous source refuses; no new verification.,work_rules.wages.by_employment_type.DOMESTIC.VIII; work_rules.wages.classified_by_worksite,PH wage orders — every signed tranche is its own sealed interval,PH-WG28-1; PH-WG28-2,
PH-WG29,PH,minimum_wage,SOCCSKSARGEN private workers outside the 63 North Cotabato barangays in BARMM: non-agri/retail/service PHP450→460 and agriculture PHP433→443 per day from 15 Dec 2025.,"Wage Order RB XII-25 (issued 22 Sep, published 17 Oct, effective 2 Nov 2025; tranche 15 Dec 2025)",https://nwpc.dole.gov.ph/wp-content/uploads/2025/10/Wage-Order-No.-RBXII-25.pdf,2026-09-30,2025-11-02,,IMPLEMENTED,Wave1 source implementation (2026-10-03): XII450/433→460/443Dec15actualsector+explicitoriginalterritorialproof excludingBARMM63barangays. Full operative scope from1Dec2025 with original openingdecidingfacts IMPLEMENTED per inventoryREADME21–23. Missing/ambiguous source refuses; no new verification.,work_rules.wages.classified_by_worksite; work_rules.wages.classified_by_worksite.rows.requires_evidence; work_rules.wages.block_below_when; facts:ph_wage_worker_count; work_rules.wages.by_region.XII-NONAGRI; work_rules.wages.by_region.XII-AGRI,PH wage orders — every signed tranche is its own sealed interval; PH wage orders — the exact worksites of the VIII/IX/X/XI/XII/VI/VII/III extension pay their sealed floors,PH-WG29-1; PH-WG29-2; PH-WG29-3,
PH-WG30,PH,minimum_wage,"Ilocos: non-agri ≥10 employees PHP505/day; non-agri <10 and agriculture PHP480/day; domestic PHP6,700/month, from 19 Nov 2025.",Wage Orders RB I-24 and RB I-DW-06 (effective 19 Nov 2025),https://nwpc.dole.gov.ph/wp-content/uploads/2025/11/Wage-Order-No.-RB-1-24.pdf,2026-09-30,2025-11-19,,IMPLEMENTED,"Wave1 source implementation (2026-10-03): I505nonagri>=10,480smallerandallagri,6700householdmonthly allactualregions withdatedsource/headcount. Full operative scope from1Dec2025 with original openingdecidingfacts IMPLEMENTED per inventoryREADME21–23. Missing/ambiguous source refuses; no new verification.",work_rules.wages.classified_by_worksite; work_rules.wages.by_employment_type.DOMESTIC.I; work_rules.wages.classified_by_worksite.rows.requires_evidence; facts:ph_wage_worker_count.evidence,,PH-WG30-1; PH-WG30-2,2026-09-29
PH-WG31,PH,minimum_wage,"Cagayan Valley: non-agri and agriculture each PHP500/day; domestic PHP6,500/month regardless of municipality class, from 5 Nov 2025.",Wage Orders RTWPB 2-24 and 02-DW-07 (effective 5 Nov 2025),https://nwpc.dole.gov.ph/wp-content/uploads/2025/10/Wage-Order-No.-RTWPB-2-24.pdf,2026-09-30,2025-11-05,,VERIFIED,"Every rate the row states is matched on a saved payslip at Tuguegarao: non-agriculture ₱500 (PH-WG31-2), agriculture ₱500 (PH-WG31-3), domestic ₱6,500 (PH-WG31-1); one regional rate regardless of municipality class, and other Region II worksites pay it in the golden.",work_rules.wages.classified_by_worksite; work_rules.wages.by_region.II; work_rules.wages.by_employment_type.DOMESTIC.II,PH wage orders — the exact worksites of the I/II/CAR/IV-B/V/XIII extension pay their sealed floors,PH-WG31-1; PH-WG31-2; PH-WG31-3,2026-10-01
PH-WG32,PH,minimum_wage,"Western Visayas (including Negros Occidental pending NIR replacement): non-agri >10 PHP550/day, ≤10 PHP525, agriculture PHP520; domestic PHP6,500/month, from 19 Nov 2025.",Wage Orders RBVI-29 and RBVI-DW-07 (effective 19 Nov 2025),https://nwpc.dole.gov.ph/wp-content/uploads/2025/11/Wage-Order-No.-RBVI-29.pdf,2026-09-30,2025-11-19,,IMPLEMENTED,Wave1 source implementation (2026-10-03): VI550/525nonagriheadcount/520agri+6500household; actualNIRNegrosOccidental source binds continuingVIorders underAO264. Full operative scope from1Dec2025 with original openingdecidingfacts IMPLEMENTED per inventoryREADME21–23. Missing/ambiguous source refuses; no new verification.,work_rules.wages.classified_by_worksite; work_rules.wages.by_employment_type.DOMESTIC.VI; work_rules.wages.classified_by_worksite.rows.requires_evidence; facts:ph_wage_worker_count.evidence,,PH-WG32-1; PH-WG32-2,2026-09-29
PH-WG33,PH,minimum_wage,"Central Visayas (including Negros Oriental and Siquijor pending NIR): expanded Metro Cebu Class A PHP540/day, other Class B PHP500/day; domestic PHP7,000/month, from 4 Oct 2025.",Wage Orders ROVII-26 and ROVII-DW-05 (effective 4 Oct 2025),https://nwpc.dole.gov.ph/wp-content/uploads/2025/09/Wage-Order-No.-ROVII-26.pdf,2026-09-30,2025-10-04,,IMPLEMENTED,Wave1 source implementation (2026-10-03): VII540A/500B+7000household allactualareas; NIRNegrosOriental/Siquijor continuingVIIClassB; actualOct14successor retained. Full operative scope from1Dec2025 with original openingdecidingfacts IMPLEMENTED per inventoryREADME21–23. Missing/ambiguous source refuses; no new verification.,work_rules.wages.classified_by_worksite; work_rules.wages.by_employment_type.DOMESTIC.VII; work_rules.wages.classified_by_worksite.rows.requires_evidence; facts:ph_wage_worker_count.evidence,,PH-WG33-1; PH-WG33-2,2026-09-29
PH-WG34,PH,minimum_wage,"Central Luzon domestic workers including Aurora are owed PHP6,500/month from 30 Oct 2025.",Wage Order RBIII-DW-05 (effective 30 Oct 2025),https://nwpc.dole.gov.ph/wp-content/uploads/2025/10/Wage-Order-No.-RBIII-DW-05.pdf,2026-09-29,2025-10-30,,IMPLEMENTED,Wave1 source implementation (2026-10-03): III6500householdmonthly allactualworksites includingAurora. Full operative scope from1Dec2025 with original openingdecidingfacts IMPLEMENTED per inventoryREADME21–23. Missing/ambiguous source refuses; no new verification.,work_rules.wages.by_employment_type.DOMESTIC.III,,PH-WG34-1,2026-09-29
PH-WG35,PH,minimum_wage,"Bicol domestic workers are owed PHP6,000/month in chartered cities, first-class and other municipalities from 5 Apr 2025.",Wage Order RBV-DW-04 (effective 5 Apr 2025),https://nwpc.dole.gov.ph/wp-content/uploads/2025/03/Wage-Order-No.-RBV-DW-04.pdf,2026-09-29,2025-04-05,,IMPLEMENTED,Wave1 source implementation (2026-10-03): V6000householdmonthly allactualmunicipalityclasses. Full operative scope from1Dec2025 with original openingdecidingfacts IMPLEMENTED per inventoryREADME21–23. Missing/ambiguous source refuses; no new verification.,work_rules.wages.by_employment_type.DOMESTIC.V,,PH-WG35-1,2026-09-29
PH-WG36,PH,minimum_wage,"CALABARZON domestic workers are owed PHP6,750/month across cities, first-class and other municipalities from 7 Mar 2025.",Wage Order RB-IVA-DW-05 (effective 7 Mar 2025),https://nwpc.dole.gov.ph/wp-content/uploads/2025/02/Wage-Order-No.-RB-IVA-DW-05.pdf,2026-09-29,2025-03-07,,IMPLEMENTED,Wave1 source implementation (2026-10-03): IVA6750householdmonthly allactualmunicipalityclasses. Full operative scope from1Dec2025 with original openingdecidingfacts IMPLEMENTED per inventoryREADME21–23. Missing/ambiguous source refuses; no new verification.,work_rules.wages.by_employment_type.DOMESTIC.IV-A,,PH-WG36-1,2026-09-29
PH-WG37,PH,minimum_wage,"SOCCSKSARGEN domestic workers outside the 63 BARMM barangays are owed PHP6,000/month in all municipality classes from 2 Nov 2025.",Wage Order RB XII-DW-05 (effective 2 Nov 2025),https://nwpc.dole.gov.ph/wp-content/uploads/2025/10/Wage-Order-No.-RB-XII-DW-05.pdf,2026-09-29,2025-11-02,,IMPLEMENTED,Wave1 source implementation (2026-10-03): XII6000householdmonthly actualterritorialproof excludesBARMM63barangays. Full operative scope from1Dec2025 with original openingdecidingfacts IMPLEMENTED per inventoryREADME21–23. Missing/ambiguous source refuses; no new verification.,work_rules.wages.by_employment_type.DOMESTIC.XII,,PH-WG37-1,2026-09-29
PH-WG60,PH,minimum_wage,"Negros Island Region (Negros Occidental, Negros Oriental and Siquijor) worksites stay under the continuing Region VI/VII orders until an NIR board order replaces them; the NWPC NIR page PHP000 placeholder is not a rate.",RA 12000 IRR; DOLE AO 264; NWPC NIR page,https://elibrary.judiciary.gov.ph/thebookshelf/showdocs/2/101233,2026-09-29,,,AWAITING-LAW,"No signed NIR order exists (the 28 Sep 2026 matrix lists only the other 17 private/domestic sets; NWPC navigation lists 18 boards; https://nwpc.dole.gov.ph/region-nir/). NWPC September 2026 explanation (https://nwpc.dole.gov.ph/stakeholders-gather-in-dumaguete-city-for-minimum-wage-public-hearing/) says AO 264 kept VI/VII covering their provinces until the NIR board was constituted; the effect of its constitution on unreplaced orders is unreconciled. No Negros/Siquijor worksite is seeded, so selection refuses there.",work_rules.wages.classified_by_worksite; work_rules.wages.classified_by_worksite.rows.requires_evidence; facts:ph_wage_worker_count.evidence,,,
PH-WG61,PH,minimum_wage,"Central Visayas private Class A PHP582/day and Class B PHP542/day, and domestic PHP7,500/month, from 14 Oct 2026.",Wage Orders ROVII-27 and ROVII-DW-06 (signed; effective 14 Oct 2026),https://nwpc.dole.gov.ph/wp-content/uploads/2026/09/Wage-Order-No.-ROVII-27.pdf,2026-09-30,2026-10-14,,IMPLEMENTED,Wave1 source implementation (2026-10-03): ActualROVII27A582/B542+monthly7500Oct14allareas includingactualNIRprovincecontinuity. Full operative scope from1Dec2025 with original openingdecidingfacts IMPLEMENTED per inventoryREADME21–23. Missing/ambiguous source refuses; no new verification.,work_rules.wages.by_region.VII-A; work_rules.wages.by_employment_type.DOMESTIC.VII; work_rules.wages.classified_by_worksite,,PH-WG61-1; PH-WG61-2; PH-WG61-3,
PH-WG38,PH,wages,Region IX domestic wages (including Sulu) are paid in cash at least once a month with no deduction except those mandated by law.,Wage Order RIX-DW-06 s.3 (read 30 Sep 2026),https://nwpc.dole.gov.ph/wp-content/uploads/2026/05/Wage-Order-No.-RIX-DW-06.pdf,2026-09-30,2026-05-20,,PARTIAL,"All operative domestic regional monthly floors and occupational/worksite classes are integrated from 1 December 2025. Domestic TERMS_CHANGE/PAYSLIP refuse cycles longer than one month; voluntary union dues and manual unspecified statutory adjustments exclude domestic workers, alongside existing company-loan exclusion. Remaining: actual cash-only wage settlement, monthly discharge timing and original legally mandated deduction allocation/conservation across payment records; declarations alone do not establish those consumers. No new verification.",loan_catalogue:LOAN_RECOVERY_COMPANY.eligibility; loan_catalogue:COMPANY.eligibility,,PH-WG05-1,
PH-WG39,PH,wages,"For an agency-placed Region IX domestic worker, the statutory rate is incorporated into the contract, the principal/client bears it and the licensed PEA is jointly and severally liable on default.",Wage Order RIX-DW-06 s.4,https://nwpc.dole.gov.ph/wp-content/uploads/2026/05/Wage-Order-No.-RIX-DW-06.pdf,2026-09-29,2026-05-20,,EXTERNAL,"No contract uplift, principal/agency allocation or default record. Closure case: Sulu agency worker at PHP5,000 before 20 May.",,,,
PH-WG40,PH,minimum_wage,"No hardship, small-household or other exemption from the Region IX monthly domestic floor.",Wage Order RIX-DW-06 s.5,https://nwpc.dole.gov.ph/wp-content/uploads/2026/05/Wage-Order-No.-RIX-DW-06.pdf,2026-09-30,2026-05-20,,VERIFIED,"No exemption route: an under-floor Dapitan kasambahay is refused in June 2026 (PH-WG22-4), the ₱6,000 floor pays (PH-WG22-1, PH-WG22-2), and a recorded exemption never saves a DOMESTIC contract (block_below_when, PH-A3-2).",work_rules.wages.block_below_when; work_rules.wages.by_employment_type.DOMESTIC.IX,"Philippines — RIX-DW-06 holds a Dapitan City kasambahay to ₱6,000 from 20 May 2026",PH-WG22-1; PH-WG22-2; PH-WG22-4; PH-A3-2,2026-10-01
PH-WG41,PH,minimum_wage,Region IX competency-based domestic pay is permitted only above the applicable minimum.,Wage Order RIX-DW-06 s.6,https://nwpc.dole.gov.ph/wp-content/uploads/2026/05/Wage-Order-No.-RIX-DW-06.pdf,2026-09-29,2026-05-20,,VERIFIED,"Above-floor competency pay ₱6,500 is kept (PH-WG41-1); a rate below the ₱6,000 floor is refused (PH-WG22-4).",work_rules.wages.block_below_when; work_rules.wages.by_employment_type.DOMESTIC.IX,,PH-WG41-1; PH-WG22-4,2026-10-01
PH-WG42,PH,minimum_wage,A worker of a registered Barangay Micro Business Enterprise with a Certificate of Authority is excluded from the BARMM private wage order; domestic workers go under the domestic order; an unregistered small shop cannot claim the exclusion.,Wage Order BARMM-05 s.4,https://nwpc.dole.gov.ph/wp-content/uploads/2026/07/Wage-Order-No.-BARMM-05.pdf,2026-09-30,2026-08-06,,IMPLEMENTED,Wave1 source implementation (2026-10-03): Nativeenforcement originaldatedBMBEcertificate/reference/worker-worksitescope; unregisteredshop neverexcludesfloor andDOMESTICcannotuseBMBE. Full operative scope from1Dec2025 with original openingdecidingfacts IMPLEMENTED per inventoryREADME21–23. Missing/ambiguous source refuses; no new verification.,facts:bmbe_certificate_of_authority; work_rules.wages.applies_when,,PH-WG42-1; PH-WG42-2; PH-WG13-2,
PH-WG43,PH,minimum_wage,All MIMAROPA private minimum wage earners get the PHP455 daily floor for a normal day ≤8 hours irrespective of wage-payment method; the prior <10-worker tier ceases on 1 Jan 2026.,Wage Order MIMAROPA-13 ss.3–4,https://nwpc.dole.gov.ph/wp-content/uploads/2025/12/Wage-Order-No.-MIMAROPA-13.pdf,2026-09-29,2026-01-01,,PARTIAL,"All22 require original Board piece-rate order or approved time-and-motion source REF_AND_FILE and actual effective interval, with terms/payroll refusal outside that interval; all regional floor cutovers integrated. Remaining: actual workday unit/rate binding to the original approved schedule, automatic prevailing-floor adjustment and source-backed output/time/premium comparator; significant process/technology change new-application duties remain external source actions. No new verification.",work_rules.wages.by_region.IV-B; work_rules.rate_conversions; work_rules.wages.scale,,PH-WG25-1; PH-WG25-2,
PH-WG44,PH,minimum_wage,"The MIMAROPA domestic order covers live-in/out occupational household workers (househelp, yaya, cook, gardener, laundry and similar) and excludes service providers, family drivers and sporadic helpers.",Wage Order MIMAROPA-DW-06 s.2,https://nwpc.dole.gov.ph/wp-content/uploads/2025/12/Wage-Order-No.-RB-MIMAROPA-DW-06-1.pdf,2026-09-29,2026-01-01,,IMPLEMENTED,Wave1 source implementation (2026-10-03): Actual occupational household scope now evaluated at terms admission and payroll across22dated policies: original occupation/regular-household arrangement/live-in-or-out and originalreference+file required; serviceprovider/familydriver/sporadichelper/foster-child domestic relabelling refuses. Applicable actual regional/municipality monthly class sources and all stated cutovers complete; IXSulu-first original5000distinctopening retained. Full operative scope IMPLEMENTED; no new verification.,,,,
PH-WG45,PH,wages,MIMAROPA domestic wages are paid in cash at least monthly with only legally mandated deductions.,Wage Order MIMAROPA-DW-06 s.3 (read 30 Sep 2026),https://nwpc.dole.gov.ph/wp-content/uploads/2025/12/Wage-Order-No.-RB-MIMAROPA-DW-06-1.pdf,2026-09-30,2026-01-01,,PARTIAL,"All operative domestic regional monthly floors and occupational/worksite classes are integrated from 1 December 2025. Domestic TERMS_CHANGE/PAYSLIP refuse cycles longer than one month; voluntary union dues and manual unspecified statutory adjustments exclude domestic workers, alongside existing company-loan exclusion. Remaining: actual cash-only wage settlement, monthly discharge timing and original legally mandated deduction allocation/conservation across payment records; declarations alone do not establish those consumers. No new verification.",loan_catalogue:LOAN_RECOVERY_COMPANY.eligibility; loan_catalogue:COMPANY.eligibility,,PH-WG05-1,
PH-WG46,PH,wages,"For MIMAROPA PEA-placed domestic workers the PHP7,000 floor is deemed in the contract; principal/client bears it and the PEA is jointly and severally liable on default.",Wage Order MIMAROPA-DW-06 s.4,https://nwpc.dole.gov.ph/wp-content/uploads/2025/12/Wage-Order-No.-RB-MIMAROPA-DW-06-1.pdf,2026-09-29,2026-01-01,,EXTERNAL,"No contract uplift, principal/agency liability or default ledger.",,,,
PH-WG47,PH,minimum_wage,"No exemption from the MIMAROPA PHP7,000 domestic floor.",Wage Order MIMAROPA-DW-06 s.5,https://nwpc.dole.gov.ph/wp-content/uploads/2025/12/Wage-Order-No.-RB-MIMAROPA-DW-06-1.pdf,2026-09-29,2026-01-01,,IMPLEMENTED,Wave1 source implementation (2026-10-03): CompleteactualIVB7000householdfloorJan1; nativeDOMESTICenforcement alwaysblocksbelowfloor andexcludesprivatewaivers. Full operative scope from1Dec2025 with original openingdecidingfacts IMPLEMENTED per inventoryREADME21–23. Missing/ambiguous source refuses; no new verification.,work_rules.wages.block_below_when,,PH-WG26-1,2026-09-29
PH-WG48,PH,minimum_wage,"MIMAROPA competency pay may exceed PHP7,000 but never lower the floor.",Wage Order MIMAROPA-DW-06 s.6,https://nwpc.dole.gov.ph/wp-content/uploads/2025/12/Wage-Order-No.-RB-MIMAROPA-DW-06-1.pdf,2026-09-29,2026-01-01,,IMPLEMENTED,Wave1 source implementation (2026-10-03): CompleteactualIVBhouseholdfloor+nativealwaysblockingfloor; competencycontract onlyraisespay. Full operative scope from1Dec2025 with original openingdecidingfacts IMPLEMENTED per inventoryREADME21–23. Missing/ambiguous source refuses; no new verification.,work_rules.wages.block_below_when,,PH-WG48-1,2026-09-29
PH-WG49,PH,minimum_wage,"Region X/XI private minimum wage earners get the region/category floor for a normal day ≤8 hours irrespective of designation or payment method, including daily equivalents of hourly/monthly/task pay.",Wage Order RX-24 ss.3–4 (16 Jan 2026); RB XI-24 ss.2–3 (13 Mar 2026),https://nwpc.dole.gov.ph/wp-content/uploads/2025/12/Wage-Order-No.-RX-24.pdf,2026-09-29,2026-01-16,,PARTIAL,"All22 require original Board piece-rate order or approved time-and-motion source REF_AND_FILE and actual effective interval, with terms/payroll refusal outside that interval; all regional floor cutovers integrated. Remaining: actual workday unit/rate binding to the original approved schedule, automatic prevailing-floor adjustment and source-backed output/time/premium comparator; significant process/technology change new-application duties remain external source actions. No new verification.",work_rules.wages.by_region.X-CAT-I; work_rules.wages.by_region.XI-NONAGRI; work_rules.rate_conversions,"Philippines — the DOLE daily-rate factors 365, 261 and 313",PH-WG15-1; PH-WG16-1,
PH-WG50,PH,minimum_wage,Davao enterprises with a Board Piece Rate Order adjust piece rates to each new floor (13 Mar and 1 Sep 2026); a significant technology/method/material change needing a new time-and-motion study triggers a new Board application.,Wage Order RB XI-24 s.4,https://nwpc.dole.gov.ph/wp-content/uploads/2026/02/Wage-Order-No.-RB-XI-24.pdf,2026-09-29,2026-03-13,,PARTIAL,"All22 require original Board piece-rate order or approved time-and-motion source REF_AND_FILE and actual effective interval, with terms/payroll refusal outside that interval; all regional floor cutovers integrated. Remaining: actual workday unit/rate binding to the original approved schedule, automatic prevailing-floor adjustment and source-backed output/time/premium comparator; significant process/technology change new-application duties remain external source actions. No new verification.",,,,
PH-WG51,PH,minimum_wage,"Region X/XI domestic orders cover occupational household workers and exclude service providers, family drivers and sporadic helpers.",Wage Orders RBX-DW-06 s.2 (16 Jan 2026); RB XI-DW-04 s.2 (13 Mar 2026),https://nwpc.dole.gov.ph/wp-content/uploads/2025/12/Wage-Order-No.-RBX-DW-06.pdf,2026-09-29,2026-01-16,,IMPLEMENTED,Wave1 source implementation (2026-10-03): Actual occupational household scope now evaluated at terms admission and payroll across22dated policies: original occupation/regular-household arrangement/live-in-or-out and originalreference+file required; serviceprovider/familydriver/sporadichelper/foster-child domestic relabelling refuses. Applicable actual regional/municipality monthly class sources and all stated cutovers complete; IXSulu-first original5000distinctopening retained. Full operative scope IMPLEMENTED; no new verification.,,,,
PH-WG52,PH,wages,Region X/XI domestic wages are paid in cash at least monthly with only legally mandated deductions.,Wage Orders RBX-DW-06 s.3; RB XI-DW-04 s.3 (read 30 Sep 2026),https://nwpc.dole.gov.ph/wp-content/uploads/2025/12/Wage-Order-No.-RBX-DW-06.pdf,2026-09-30,2026-01-16,,PARTIAL,"All operative domestic regional monthly floors and occupational/worksite classes are integrated from 1 December 2025. Domestic TERMS_CHANGE/PAYSLIP refuse cycles longer than one month; voluntary union dues and manual unspecified statutory adjustments exclude domestic workers, alongside existing company-loan exclusion. Remaining: actual cash-only wage settlement, monthly discharge timing and original legally mandated deduction allocation/conservation across payment records; declarations alone do not establish those consumers. No new verification.",loan_catalogue:LOAN_RECOVERY_COMPANY.eligibility; loan_catalogue:COMPANY.eligibility,,PH-WG05-1,
PH-WG53,PH,wages,"Region X/XI PEA-placed domestic workers: floor incorporated into contract, principal/client bears it, PEA jointly and severally liable on default.",Wage Orders RBX-DW-06 s.4; RB XI-DW-04 s.4,https://nwpc.dole.gov.ph/wp-content/uploads/2025/12/Wage-Order-No.-RBX-DW-06.pdf,2026-09-29,2026-01-16,,EXTERNAL,"No contract uplift, principal/agency liability record or default proof.",,,,
PH-WG54,PH,minimum_wage,"No waiver of the Region X/XI PHP6,500 domestic floor; a voluntary competency scheme may set only above-floor pay.",Wage Orders RBX-DW-06 ss.5–6; RB XI-DW-04 ss.5–6,https://nwpc.dole.gov.ph/wp-content/uploads/2025/12/Wage-Order-No.-RBX-DW-06.pdf,2026-09-30,2026-01-16,,VERIFIED,"No waiver: under-floor X and XI kasambahay pay is refused (PH-WG23-2, PH-WG17-3) and an exemption never saves a DOMESTIC contract (PH-A3-2); the ₱6,500 floors pay (PH-WG17-1, PH-WG23-1), so only above-floor competency pay stands.",work_rules.wages.block_below_when; work_rules.wages.by_employment_type.DOMESTIC.X; work_rules.wages.by_employment_type.DOMESTIC.XI,,PH-WG17-1; PH-WG23-1; PH-WG17-3; PH-WG23-2; PH-A3-2,2026-10-01
PH-WG55,PH,minimum_wage,"A retail/service establishment selling to end users and regularly employing ≤10 workers for an aggregate ≥6 months in a calendar year, or one in a declared-calamity area hit within six months before effectivity, is eligible to apply for a private-order exemption (not automatically exempt); a disaster during an order relieves only unimplemented tranches; domestic orders forbid exemption.",NWPC exemption FAQ (Rules on Exemption),https://nwpc.dole.gov.ph/faqs/,2026-09-29,,,EXTERNAL,"Application to the Board is the employer's act; payroll consumes only the approval via minimum_wage_exemption_approved. The FAQ's ""Rules on Exemption"" link resolves to a missing page, so the signed guideline is unread; no six-month headcount history, retail classification or disaster-date input.",facts.minimum_wage_exemption_approved,,,
PH-WG56,PH,minimum_wage,"An exemption application is due within 75 days of the order's publication with no extension; an approved exemption lasts at most one year and only as the Board decides (e.g. MIMAROPA-13 published 16 Dec 2025, due 1 Mar 2026; RB XI-24 published 25 Feb, due 11 May 2026; BARMM-05 published 21 Jul, due 4 Oct 2026; NCR-28 due 25 Nov 2026).",NWPC exemption FAQ; NWPC wage-order matrix 28 Sep 2026,https://nwpc.dole.gov.ph/faqs/,2026-09-29,,,PARTIAL,"Current source audit (2026-10-03). Integrated declarations: minimum_wage_exemption_approved, minimum_wage_exemption_from, minimum_wage_exemption_through. Remaining full scope: Dated actual approved scope/enforcement exists. Whole75day application admission, original publication clock, all regional denial/expiry/one-year application lifecycle remains broader than enforcement-only adoption.. Actual original documents and external actions remain distinct from missing application behavior; no new verification.",facts.minimum_wage_exemption_approved,,,
PH-WG57,PH,minimum_wage,"On Board denial of an exemption, covered workers are paid the mandated increase retroactive to order effectivity plus simple interest of 1% per month; a pending application is not an exemption.",NWPC exemption FAQ,https://nwpc.dole.gov.ph/faqs/,2026-09-29,,,GAP,Current source audit (2026-10-03). Integrated declarations: Current generic/source paths recorded in the row audit. Remaining full scope: Actual denial-linked original arrears and1%monthly interest source computation/settlement is not supplied by approved exemption enforcement or arbitrary BACKPAY_BASIC.. Actual original documents and external actions remain distinct from missing application behavior; no new verification.,,,,
PH-WG58,PH,minimum_wage,An order may be appealed within 10 days of publication and an exemption denial within 10 days of receipt; an appeal does not stay the order without a Commission-accepted surety undertaking.,NWPC appeal FAQ; NWPC wage-order matrix,https://nwpc.dole.gov.ph/faqs/,2026-09-29,,,EXTERNAL,"Legal filing by employer/worker; no filed appeal, surety/stay decision or wage continuation record. The floor persists absent a legal stay.",,,,
PH-WG59,PH,minimum_wage,"A monthly-paid wage is compared with the daily floor using the 365/12 factor, a daily-paid wage using the 393.5, 313/310 or 261/258 annual factors as the contract's paid rest days and holidays require.",NWPC equivalent-monthly-rate FAQ,https://nwpc.dole.gov.ph/faqs/,2026-09-30,,,PARTIAL,"Current source audit (2026-10-03). Integrated declarations: Current generic/source paths recorded in the row audit. Remaining full scope: Current classified worksite/region/domestic source and admission helpers are present. Whole stated historical/cutover, occupational/size/sector scope is not established by one selected source branch. Inventory probe-only omissions are recorded separately and are not treated as an engineering failure or external blocker.. Actual original documents and external actions remain distinct from missing application behavior; no new verification.",work_rules.ordinary_divisor_days; work_rules.wages.scale; work_rules.rate_conversions,"Philippines — the DOLE daily-rate factors 365, 261 and 313",PH-WG10-1; PH-WG24-1; PH-WG59-1; PH-WG59-2; PH-WG59-3; PH-WG59-4,2026-09-29
PH-HR01,PH,other,"The employer determines each engagement's legally effective class (regular, fixed-term, probationary, project, contractor) from control, term and service facts, which fixes security of tenure and benefit scope.","Labor Code (PD 442, original numbering); Omnibus Rules",https://elibrary.judiciary.gov.ph/thebookshelf/showdocs/26/25306,2026-09-29,,,EXTERNAL,"Legal classification is the employer's determination; the product records employment.type but contracts, decisions and classifications are not reconciled to dated law. Renumbered article pins pending PH-SRC09. Omnibus Rules: https://elibrary.judiciary.gov.ph/thebookshelf/showdocs/2/85819.",employment.type,,,
PH-HR02,PH,records,"A household employer signs a written kasambahay contract in a language the worker understands, pays the regional floor, enrols the worker in SSS/PhilHealth/Pag-IBIG, keeps records and follows the termination rules.",RA 10361 (Kasambahay Law),https://elibrary.judiciary.gov.ph/thebookshelf/showdocs/2/51514,2026-09-29,,,EXTERNAL,"Obligation KASAMBAHAY_CONTRACT_AND_REGISTRY cites the E-Library text (replaced lawphil 29 Sep 2026, PH-SRC05). Floors are PH-WG02; rest periods PH-HR44; s.32 termination money PH-HR45; payslip and 3-year retention (s.26), 5-day non-convertible SIL, coverage after 1 month (s.30) and below-PHP5,000 employer-pays rule are seeded. Contract/registry process duties lack production coverage. [Diff r9 2026-10-01] PH-2: the s.30 one-month coverage gate was not in fact seeded; SSS, SSS_EC, SSS_MPF, PHIC and HDMF (every unvoided version) now charge nothing for a DOMESTIC worker with `months_through(service_start, last employed day of the period)` under 1. Golden: NCR ₱8,000, October 2026 — hired 1 October charged (SSS 400/800, EC 10, PHIC 250/250, HDMF 160/160), hired 20 October nothing.",obligations.KASAMBAHAY_CONTRACT_AND_REGISTRY; obligations.PAYSLIP_WITH_DEDUCTIONS; statutory_contributions:SSS; statutory_contributions:PHIC; statutory_contributions:HDMF,"Philippines — a kasambahay is covered by SSS, PhilHealth and Pag-IBIG after one month of service (RA 10361 s.30)",,
PH-HR03,PH,wages,"Wages are paid at least twice a month at intervals of no more than 16 days, in legal tender at or near the workplace, with receipts, and only lawful deductions (legal order, consent, loans) are made.",Labor Code art.103 (original numbering); Omnibus Rules Book III Rule VIII s.3,https://elibrary.judiciary.gov.ph/thebookshelf/showdocs/26/25306,2026-09-29,,,PARTIAL,Current source audit (2026-10-03). Integrated declarations: WAGE_PAYMENT_FREQUENCY. Remaining full scope: Payment-history capability exists. Whole legal-tender/place/receipt and all lawful deduction consent/priority plus original16day obligation admission not certified by a cadence seed alone.. Actual original documents and external actions remain distinct from missing application behavior; no new verification.,obligations.WAGE_PAYMENT_FREQUENCY,,PH-HR03-1,2026-09-29
PH-HR04,PH,hours,Hours worked include all time the employee is suffered or permitted to work; sixty minutes off for meals is owed and an untaken meal period is hours worked.,"PD 442 arts.84(b), 85 (E-Library text); DOLE Handbook 2024 ch.1 §§C–E",https://elibrary.judiciary.gov.ph/thebookshelf/showdocs/26/25306,2026-09-28,,,PARTIAL,Current source audit (2026-10-03). Integrated declarations: Current generic/source paths recorded in the row audit. Remaining full scope: Current exact primary declarations/runtime and historical residual are attached. Full stated legal scope has not been demonstrated by actual adoption and source consumer integration; retain current status rather than promote from a source field or pending candidate.. Actual original documents and external actions remain distinct from missing application behavior; no new verification.,work_rules.breaks; work_rules.normal_hours,"Philippines — a daily-paid employee’s hour is the day over eight, whatever the week (Handbook ch.2)",PH-HR06-1;PH-WH09-1,2026-09-29
PH-HR05,PH,rest_holiday,"A covered employee is paid for a regular holiday not worked if present or on paid leave on the preceding workday, and 200% of the day when it is worked; successive holidays and shutdowns follow the handbook rules.",DOLE Handbook 2024 ch.2; Labor Code art.94 (original numbering),https://nwpc.dole.gov.ph/wp-content/uploads/2024/11/Workers-Statutory-Monetary-Benefits-Handbook-2024-Edition.pdf,2026-09-30,,,PARTIAL,Current source audit (2026-10-03). Integrated declarations: Current generic/source paths recorded in the row audit. Remaining full scope: Current exact primary declarations/runtime and historical residual are attached. Full stated legal scope has not been demonstrated by actual adoption and source consumer integration; retain current status rather than promote from a source field or pending candidate.. Actual original documents and external actions remain distinct from missing application behavior; no new verification.,payroll.regular_holiday_prior_workday; payroll.special_holiday_unworked_unpaid,"PH audit 2026-01: a worked regular holiday is 200% of the day in all, a worked special day 130% (Handbook ch.2 §D, ch.3 §C, ch.4 §D)",PH-HR05-1; PH-HR05-2; PH-HR05-3,2026-09-29
PH-HR06,PH,overtime,"Overtime beyond eight hours earns +25% (+30% on rest/special/holiday days), rest-day and special-day work +30%, and night work 10:00 p.m.–6:00 a.m. a 10% differential; night hours are overtime-night only inside the day's last overtime hours.","Labor Code arts.86, 87, 93, 94 (original numbering); DOLE Handbook 2024 ch.3–5",https://nwpc.dole.gov.ph/wp-content/uploads/2024/11/Workers-Statutory-Monetary-Benefits-Handbook-2024-Edition.pdf,2026-09-30,,,TESTED,"Every branch now proven: ordinary overtime +25% (PH-HR06-1, PH-WH09-1), rest-day 130% and beyond eight 169% (PH-HR06-1, PH-HR06-2), special day 130% (PH-HR05-1), overtime-night 10% of the overtime rate (PH-HR06-3) by probe; holiday overtime 260%/338% and special-day overtime 169%, and the ordinary night-shift 10% by golden only (no probe).",work_rules.bands; work_rules.night_premium; work_rules.overtime_when; work_rules.overtime_unit_hours,"Philippines — overtime, rest day, regular holiday, special day and the night hour, on one payslip; Philippines — a regular holiday worked on the rest day is 260% and 338%, a special day 150% (Handbook ch.3 §D, ch.4 §C); Philippines — a late start with no overtime earns the ordinary 10% night rate on its night hour (Labor Code art.86); Philippines — a 21:00–06:00 punch rostered to a night shift with no overtime prices every night hour at the ordinary 10% (Labor Code art.86)",PH-HR06-1; PH-HR06-2; PH-HR06-3; PH-WH09-1; PH-HR05-1,
PH-HR07,PH,wages,Service charges collected by a covered establishment are distributed 100% to covered rank-and-file workers in equal shares at least twice a month.,RA 11360; DOLE Department Order 242-24,https://elibrary.judiciary.gov.ph/thebookshelf/showdocs/2/89595,2026-09-29,,,IMPLEMENTED,"Wave1 source implementation (2026-10-03): Native collected pool requires evidenced complete collections and full worker roster; excludes managerial workers; exact-cent allocator distributes100% at a common actual-service unit rate with original cent residuals. Dated16day cycle guards and original payroll/external-worker receipts monitor actual distribution, including agency workers; frozen allocation cannot be duplicated or credited toward minimum wages. Source-only; no tests/probes/builds or new verification.",,,,
PH-HR08,PH,leave,"An employee with a year of service gets five days' service incentive leave a year, convertible to cash at the salary rate on the date of commutation, pro rata, unless excluded.",Labor Code art.95 (renumbered; original text lacks an SIL article); DOLE Handbook 2024 ch.7 §§A–D,https://nwpc.dole.gov.ph/wp-content/uploads/2024/11/Workers-Statutory-Monetary-Benefits-Handbook-2024-Edition.pdf,2026-09-29,,,PARTIAL,"Current source audit (2026-10-03). Integrated declarations: ANNUAL_LEAVE, ANNUAL_LEAVE_DOMESTIC. Remaining full scope: Current named leave catalogue prices its selected entitlement/payment branch. Whole statutory qualification, prior-event/lifetime/adoption/actual paid-source financial and exclusion scope requires original evaluated entitlement and native money joins; catalogue/input facts alone do not certify full provision.. Actual original documents and external actions remain distinct from missing application behavior; no new verification.",leave_catalogue:ANNUAL_LEAVE; work_rules.encashment,Philippines — the statutory leave ladder on every version,PH-HR15-1,2026-09-29
PH-HR09,PH,leave,"A pregnant covered female employee gets 105 days' maternity leave with full pay (60 for miscarriage or emergency termination; +15 for a qualified solo parent), continuous and uninterrupted, charged on calendar days; the leave does not depend on SSS registration age or paid contribution months.","RA 11210 ss.3, 5 and IRR",https://elibrary.judiciary.gov.ph/thebookshelf/showdocs/2/86567,2026-09-29,,,PARTIAL,"Current source audit (2026-10-03). Integrated declarations: MATERNITY_LEAVE. Remaining full scope: Current named leave catalogue prices its selected entitlement/payment branch. Whole statutory qualification, prior-event/lifetime/adoption/actual paid-source financial and exclusion scope requires original evaluated entitlement and native money joins; catalogue/input facts alone do not certify full provision.. Actual original documents and external actions remain distinct from missing application behavior; no new verification.",leave_catalogue:MATERNITY_LEAVE; payroll.benefit_cases.case_type,"Philippines — service incentive leave and the special statutory leaves; PH maternity leave approval and payroll do not depend on SSS registration age; PH 105-day maternity span charges every calendar day across weekends; PH day 106 needs a birth-matched solo-parent case document, not the current employee flag",,
PH-HR10,PH,leave,A married male employee gets seven days' paid paternity leave for each of the first four deliveries of his legitimate spouse with whom he cohabits.,RA 8187; DOLE Handbook 2024 ch.9,https://elibrary.judiciary.gov.ph/thebookshelf/showdocs/2/4052,2026-10-03,,,PARTIAL,"All22 retain actual married-male/cohabiting-legitimate-spouse eligibility, original delivery ordinal1..4 and preemployment/miscarriage history. Actual TIME_OFF admission now evaluates each dated catalogue event fact and its original leave-entry documentary proof; payroll repeats original event-fact qualification and the seven-day event/lifetime pool. Remaining: whole original lifetime opening/utilisation reconciliation and actual paid-source financial treatment; evidence admission alone does not establish these. Source-only; no new verification.",leave_catalogue:PATERNITY_LEAVE; leave_catalogue:PATERNITY_LEAVE.entitlement.lifetime_events,Philippines — service incentive leave and the special statutory leaves,,
PH-HR11,PH,leave,A qualified solo parent with the required service gets seven working days' paid parental leave a year.,RA 11861 and revised IRR,https://elibrary.judiciary.gov.ph/thebookshelf/showdocs/2/95472,2026-09-29,,,PARTIAL,"Current source audit (2026-10-03). Integrated declarations: SOLO_PARENT_LEAVE. Remaining full scope: Current named leave catalogue prices its selected entitlement/payment branch. Whole statutory qualification, prior-event/lifetime/adoption/actual paid-source financial and exclusion scope requires original evaluated entitlement and native money joins; catalogue/input facts alone do not certify full provision.. Actual original documents and external actions remain distinct from missing application behavior; no new verification.",leave_catalogue:SOLO_PARENT_LEAVE,,PH-HR11-1; PH-HR11-2,
PH-HR12,PH,leave,"A woman employee who is a VAWC victim gets up to ten days' paid leave, extendable when the protection order requires, on statutory certification.",RA 9262; DOLE Handbook 2024 ch.11,https://elibrary.judiciary.gov.ph/thebookshelf/showdocs/2/22128,2026-10-03,,,PARTIAL,"All22 retain actual pending-action certification, competent issuer and original case-reference identity with consistent original event date; the native ten-day event pool does not reset annually or collide between separate same-date cases. Actual TIME_OFF admission now checks each dated event fact and original leave-entry documentary proof; payroll repeats qualification. Remaining: protection-order additional-days capacity with extension-only original effective dates and actual paid-source financial treatment. Captured protection-order facts alone do not enlarge the ten-day grant. Source-only; no new verification.",leave_catalogue:VAWC_LEAVE,,PH-HR12-1,
PH-HR13,PH,leave,A woman with six months' aggregate service in the preceding twelve months gets up to two months' full-pay special leave after gynecological surgery.,RA 9710 s.18; DOLE Handbook 2024 ch.12,https://elibrary.judiciary.gov.ph/thebookshelf/showdocs/2/26011,2026-09-29,,,PARTIAL,"All22 require original gynecological surgery, same-employer preceding12month aggregate service and physician-certified recuperation start/through. Certified interval admission and payroll recheck now bind original physician dates through the declared certified_period editor/runtime in all22 versions. Remaining: amended lawful maximum/annual pooled budget and gross basic plus mandatory regional-board allowances. Current60day PER_EVENT basic-pay branch does not cover full scope. No new verification.",leave_catalogue:SPECIAL_LEAVE_FOR_WOMEN,Philippines — service incentive leave and the special statutory leaves,,
PH-HR14,PH,bonus,"A rank-and-file employee who worked at least a month is paid a 13th month of one twelfth of the basic salary earned in the calendar year, not later than 24 December, and the employer reports compliance.",PD 851 and Revised Guidelines; DOLE Handbook 2024 ch.13,https://nwpc.dole.gov.ph/wp-content/uploads/2024/11/Workers-Statutory-Monetary-Benefits-Handbook-2024-Edition.pdf,2026-09-30,,,PARTIAL,"Current source audit (2026-10-03). Integrated declarations: THIRTEENTH_MONTH_DOLE_REPORT, THIRTEENTH_MONTH_PAY, THIRTEENTH_MONTH_PAYMENT, THIRTEENTH_MONTH_PAY_AND_REPORT, THIRTEENTH_MONTH_PAY_OWED, THIRTEENTH_MONTH_PAY_YEAR_END. Remaining full scope: Current automatic/sourced ad hoc final-payment calculation and named qualifications exist. Complete stated worker exclusions, actual original accrued base/service and inclusive plan/earlier payment offsets need full native source reconciliation; no entered inclusive total can be cash-paid again.. Actual original documents and external actions remain distinct from missing application behavior; no new verification.",adhoc_catalogue:THIRTEENTH_MONTH_PAY; duty_types:THIRTEENTH_MONTH_PAYMENT; duty_types:THIRTEENTH_MONTH_DOLE_REPORT,"Philippines — 13th month pay keyed for December is a twelfth of the year’s basic, and the excess over ₱90,000 is withheld on",PH-HR14-1; PH-HR15-1; PH-HR15-2,
PH-13M,PH,bonus,"An employee who resigns or is terminated before payment is owed the 13th month in proportion to time worked in the year, raised at off-boarding and paid in the final period.","PD 851 Revised Guidelines ¶6 (DOLE Handbook 2024 ch.13 §G, §E); DOLE LA 06-20",https://nwpc.dole.gov.ph/wp-content/uploads/2024/11/Workers-Statutory-Monetary-Benefits-Handbook-2024-Edition.pdf,2026-09-29,,,PARTIAL,"Current source audit (2026-10-03). Integrated declarations: THIRTEENTH_MONTH_PAY, THIRTEENTH_MONTH_PAYMENT, THIRTEENTH_MONTH_PAY_AND_REPORT, THIRTEENTH_MONTH_PAY_OWED, THIRTEENTH_MONTH_PAY_YEAR_END. Remaining full scope: Current automatic/sourced ad hoc final-payment calculation and named qualifications exist. Complete stated worker exclusions, actual original accrued base/service and inclusive plan/earlier payment offsets need full native source reconciliation; no entered inclusive total can be cash-paid again.. Actual original documents and external actions remain distinct from missing application behavior; no new verification.",adhoc_catalogue:THIRTEENTH_MONTH_PAY,"Philippines — EM-1: off-boarding owes a June leaver the pro-rata 13th month, 180,000 ÷ 12 = 15,000",PH-HR15-1;PH-HR15-2;PH-HR16-1,2026-09-29
PH-HR15,PH,severance,"Separation pay is one month per year on redundancy/labour-saving devices and half a month per year (at least one month) on retrenchment, closure or disease, a fraction of six months counting as a year; separation for causes beyond the employee's control is tax-exempt.",PD 442 arts.283–284 (E-Library art.323; renumbered arts.298–299); NIRC s.32(B)(6)(b); DOLE Handbook 2024 ch.14,https://elibrary.judiciary.gov.ph/thebookshelf/showdocs/26/25306,2026-09-29,,,PARTIAL,"Current source audit (2026-10-03). Integrated declarations: AUTHORISED_CAUSE_TERMINATION_NOTICE, SEPARATION_PAY, terminated_for_disease, termination_cause. Remaining full scope: Current automatic/sourced ad hoc final-payment calculation and named qualifications exist. Complete stated worker exclusions, actual original accrued base/service and inclusive plan/earlier payment offsets need full native source reconciliation; no entered inclusive total can be cash-paid again.. Actual original documents and external actions remain distinct from missing application behavior; no new verification.",adhoc_catalogue:SEPARATION_PAY; exit_facts:termination_cause; exit_facts:terminated_for_disease; duty_types:AUTHORISED_CAUSE_TERMINATION_NOTICE,"Philippines — separation pay: a month per year on redundancy, half a month on retrenchment, closure or disease (Labor Code art.298–299); Philippines — a termination for disease recorded as a dismissal pays half a month per year, never less than a month (Labor Code art.299)",PH-HR15-1; PH-HR15-2; PH-HR15-3; PH-HR15-4,
PH-HR16,PH,severance,"Absent a better plan, an employee retiring at 60–65 with at least five years' service gets at least half a month's salary (22.5 days) per year, six months counting as a year; underground/surface miners and race-horse jockeys have lower ages.",RA 7641 (Labor Code art.302 renumbered); DOLE Handbook 2024 ch.15; RR 15-2025,https://nwpc.dole.gov.ph/wp-content/uploads/2024/11/Workers-Statutory-Monetary-Benefits-Handbook-2024-Edition.pdf,2026-09-29,,,PARTIAL,"Current source audit (2026-10-03). Integrated declarations: RETIREMENT_PAY, retirement_exempt_establishment. Remaining full scope: Current automatic/sourced ad hoc final-payment calculation and named qualifications exist. Complete stated worker exclusions, actual original accrued base/service and inclusive plan/earlier payment offsets need full native source reconciliation; no entered inclusive total can be cash-paid again.. Actual original documents and external actions remain distinct from missing application behavior; no new verification.",adhoc_catalogue:RETIREMENT_PAY; facts.retirement_exempt_establishment,"PH audit 2026-01: retirement pay is 22.5 days a year, six months counting a year; separation at the same seam",PH-HR16-1,2026-09-29
PH-HR17,PH,records,"Employers keep a logbook of work injuries/illness, notify and support EC claims, and pay EC premiums.",PD 626; DOLE Handbook 2024 ch.16,https://elibrary.judiciary.gov.ph/thebookshelf/showdocs/26/22503,2026-09-29,,,EXTERNAL,"EC contribution examples (PH-SRC06) do not establish claims, logs or reporting.",statutory_contributions:SSS_EC,,,
PH-HR18,PH,other,"Employers maintain OSH programs, training, PPE, health personnel and accident reports, and pay wages during an imminent-danger work stoppage not caused by the worker.",RA 11058 (OSH Law),https://elibrary.judiciary.gov.ph/thebookshelf/showdocs/2/86355,2026-09-29,,,GAP,Current source audit (2026-10-03). Integrated declarations: Current generic/source paths recorded in the row audit. Remaining full scope: Whole OSH programme/PPE/health-personnel/accident and imminent-danger stoppage financial source is not established by generic payroll.. Actual original documents and external actions remain distinct from missing application behavior; no new verification.,,,,
PH-HR19,PH,other,"Employers do not discriminate in hiring, pay, promotion or retirement on age, sex or other protected grounds, and pay equal compensation for equal work.",RA 10911; Labor Code (original numbering),https://elibrary.judiciary.gov.ph/thebookshelf/showdocs/2/70324,2026-09-29,,,EXTERNAL,Non-payroll HR decisions and statutory exceptions are outside assessed inputs; DO 251-25 is PH-HR38.,,,,
PH-HR20,PH,records,"Employers keep employee, payroll and time records on the premises for three years from the last entry and file mandatory employer reports.",Omnibus Rules Book III Rule X ss.11–12; Labor Code (original numbering),https://elibrary.judiciary.gov.ph/thebookshelf/showdocs/2/85819,2026-09-29,,,EXTERNAL,"Obligation EMPLOYMENT_RECORDS_RETENTION (3-year Labor Code period, 10-year 2316 copy; E-Library replaces natlex mirror, PH-SRC07). Tax-record period is PH-HR42; money-claims lookback PH-HR47. Retention, form revisions, deadlines and submission evidence not reconciled.",obligations.EMPLOYMENT_RECORDS_RETENTION,,,
PH-HR21,PH,hours,A nursing employee gets at least 40 minutes of compensable lactation breaks per eight-hour work period and access to a lactation facility.,RA 10028,https://elibrary.judiciary.gov.ph/thebookshelf/showdocs/2/18122,2026-09-29,,,GAP,"Current source audit (2026-10-03). Integrated declarations: LACTATION, lactation_activity, lactation_availability_assessment_unresolved, lactation_eight_hour_periods, lactation_interval_source, lactation_minimum_availability_breach, lactation_minutes_available, lactation_nursing_employee, lactation_station_available, lactation_station_unresolved. Remaining full scope: Current lactation facts/checks and compensable interval policy exist. Actual statutory8hour-period derivation, covered nursing scope/facility evidence and measured paid minute conservation require whole source demonstration; field presence is insufficient.. Actual original documents and external actions remain distinct from missing application behavior; no new verification.",,,,
PH-HR22,PH,other,"Employers prevent sexual and gender-based harassment with policies, a committee, confidential response and non-retaliation.",RA 7877; RA 11313 and IRR; DO 259-26,https://elibrary.judiciary.gov.ph/thebookshelf/showdocs/2/90094,2026-09-29,,,EXTERNAL,HR procedure outside the calculator; no policy or incident workflow. RA 7877 https://elibrary.judiciary.gov.ph/thebookshelf/showdocs/2/2826; IRR https://elibrary.judiciary.gov.ph/thebookshelf/showdocs/2/96805; DO 259-26 via https://dole.gov.ph/department-orders/.,,,,
PH-HR23,PH,other,"Persons with disability receive nondiscriminatory hiring, pay and reasonable accommodation; employer incentives are not wage exemptions.",RA 7277; RA 10524,https://elibrary.judiciary.gov.ph/thebookshelf/showdocs/2/3140,2026-09-29,,,EXTERNAL,"Qualification, accommodation and decision records not audited. RA 10524 https://elibrary.judiciary.gov.ph/thebookshelf/showdocs/2/55592.",,,,
PH-HR24,PH,hours,"A child worker may not work 8 p.m.–6 a.m. if under 15 or 10 p.m.–6 a.m. if 15–17; ages 15–17 are capped at 8 hours/day and 40/week; a work permit is required; where earnings are at least PHP200,000 a year the parent/guardian keeps at least 30% in trust with semi-annual accounting to DOLE.","RA 9231 ss.12-A(2)–(3), 12-C",https://elibrary.judiciary.gov.ph/thebookshelf/showdocs/2/1388,2026-09-28,,,PARTIAL,"Actual child day/night windows, under15 four-hour/20-hour caps,15–17 eight-hour/40-hour caps, original under15 permit/spot-extra evidence and hazardous-assignment refusal are integrated. Remaining: original annual PHP200000 child-earnings aggregation,30percent actual trust deposit allocation/conservation and parent/guardian semi-annual DOLE accounting/source discharge. Work permits and trust/accounts are actual external actions; metadata declarations do not establish them. No new verification.",work_rules.limits.minor_daily_hours; work_rules.limits.minor_weekly_hours,,,
PH-HR25,PH,other,Employers adopt a workplace mental-health policy and support program and protect health data.,RA 11036,https://elibrary.judiciary.gov.ph/thebookshelf/showdocs/2/83255,2026-09-29,,,EXTERNAL,Employer policy/implementation evidence is outside payroll facts.,,,,
PH-HR26,PH,records,A foreign national needs a valid DOLE alien employment permit and any profession/sector authority before and while employed.,"DOLE DO 248-25, 248A-25, 248B-26 (DO 146-15 historical)",https://dole.gov.ph/department-orders/,2026-09-29,,,EXTERNAL,"Current applicability/amendment index and permit workflow unreviewed (DOLE index blocked, PH-IDX01).",obligations.WORK_AUTHORISATION_EMPLOYMENT_RECORDS,,,
PH-HR27,PH,minimum_wage,A certified BMBE is exempt from the minimum wage law while its employees keep social security and health benefits.,RA 9178 s.8,https://elibrary.judiciary.gov.ph/thebookshelf/showdocs/2/1477,2026-09-30,,,VERIFIED,"A certified BMBE (dated company fact bmbe_certificate_of_authority) is outside the minimum-wage floor while SSS, EC, PhilHealth and Pag-IBIG still charge on the saved payslip (PH-WG42-1); its kasambahay stays covered (PH-WG42-2).",facts:bmbe_certificate_of_authority; work_rules.wages.applies_when,,PH-WG42-1; PH-WG42-2,2026-10-01
PH-HR28,PH,other,"Movie/television workers get compliant contracts, hours, wages, safety and insurance.",RA 11996; DO 246-24,https://elibrary.judiciary.gov.ph/thebookshelf/showdocs/2/97423,2026-09-29,,,GAP,Current source audit (2026-10-03). Integrated declarations: Current generic/source paths recorded in the row audit. Remaining full scope: Film/TV occupational contract/hours/safety/insurance regime is not established by generic work bands.. Actual original documents and external actions remain distinct from missing application behavior; no new verification.,,,,
PH-HR29,PH,contribution,"Caregivers get a written contract, wages, payslip retention, leave, and SSS/PhilHealth/Pag-IBIG from the first day of employment.",RA 11965; DO 254-25,https://elibrary.judiciary.gov.ph/thebookshelf/showdocs/2/96878,2026-09-29,,,GAP,Current source audit (2026-10-03). Integrated declarations: Current generic/source paths recorded in the row audit. Remaining full scope: Caregiver contract/record-retention and day-one statutory coverage regime is not established by generic DOMESTIC or PRIVATE routing.. Actual original documents and external actions remain distinct from missing application behavior; no new verification.,,,,
PH-HR30,PH,other,"Private security workers are licensed, deployed under detail orders and employed on statutory terms.",RA 11917,https://elibrary.judiciary.gov.ph/thebookshelf/showdocs/2/95597,2026-09-29,,,GAP,Current source audit (2026-10-03). Integrated declarations: Current generic/source paths recorded in the row audit. Remaining full scope: Security licensing/detail-order deployment and statutory employer terms have no full integrated source proof in this audit.. Actual original documents and external actions remain distinct from missing application behavior; no new verification.,,,,
PH-HR31,PH,rest_holiday,"Work suspended for weather or emergency, or poor air quality, follows the DOLE advisory's wage/leave treatment and safety measures.",DOLE Labor Advisories 14-26 and 15-26,https://dole.gov.ph/news/labor-advisory-14-26-suspension-of-work-in-the-private-sector-by-reason-of-weather-disturbances-and-similar-occurences/,2026-09-29,,,SOURCE-BLOCKED,Advisory text unread: dole.gov.ph returns 403/Cloudflare challenge (not bypassed). Interaction with RA 11058 stoppage wages and a saved event/pay mechanism unreviewed.,,,,
PH-HR32,PH,other,"A government employer or GOCC with original charter follows civil-service pay, GSIS, CSC leave and retirement rules instead of Labor Code/SSS defaults.",RA 8291; CSC leave rules; RA 10154,https://elibrary.judiciary.gov.ph/thebookshelf/showdocs/2/4363,2026-09-29,,,GAP,Current source audit (2026-10-03). Integrated declarations: Current generic/source paths recorded in the row audit. Remaining full scope: Whole original-charter government/GSIS/CSC alternative regime is not established by existing private-source PH default.. Actual original documents and external actions remain distinct from missing application behavior; no new verification.,,,,
PH-HR33,PH,other,Employers assist employees' PhilHealth YAKAP registration; excused absence for enrolment/first consultation is recommended.,DOLE Labor Advisory 10-26 (indexed 4 Jun 2026),https://dole.gov.ph/news/secretary-tolentino-to-employers-register-workers-under-philhealths-yakap/,2026-09-29,2026-06-04,,EXTERNAL,Registration assistance is not represented; the signed advisory's mandatory/recommended wording and any paid-time term are unverified; pay only if a contract/CBA grants it.,,,,
PH-HR34,PH,filing,A construction project submits its Construction Safety and Health Program via the DOLE Online Compliance Portal and keeps the acknowledgement.,DOLE Labor Advisory 03-26 (indexed 9 Feb 2026),https://dole.gov.ph/labor-advisory/,2026-09-29,2026-02-09,,SOURCE-BLOCKED,"Signed advisory, trigger and deadline not recovered (dole.gov.ph 403/Cloudflare); no project safety submission mechanism.",,,,
PH-HR35,PH,hours,"A child under 15 in film, theatre, broadcast or monetised digital content (vlogs, livestreams, podcasts, endorsements) needs a DOLE permit, works at most 4 hours/day and 20/week, never 8 p.m.–6 a.m., and 80% of earnings are protected for the child (at most 20% for family).",DOLE Labor Advisory 12-26 (issued 31 Jul 2026); RA 9231 s.12-A(3),https://dole.gov.ph/labor-advisory/,2026-09-28,2026-07-31,,SOURCE-BLOCKED,"Corrected 28 Sep 2026: the under-15 night bar is 8 p.m.–6 a.m. (the earlier ""after 10 p.m."" is the 15–17 bar). LA 12-26 still unread in round 9 (dole.gov.ph Cloudflare challenge; no Wayback capture; only a non-official mirror found, not used); a stricter signed term and the family-enterprise/essential-performance exceptions need exact text. DOLE explanation: https://dole.gov.ph/news/dole-chief-permit-for-children-in-social-media-entertainment-prevents-exploitation/. No permit/hours/earnings records (PH-HR24).",,,,
PH-HR36,PH,rest_holiday,"National holidays: Dec 2025 special non-working 8, 24, 31 Dec and regular 25, 30 Dec; 2026 regular 1 Jan, 2/3/9 Apr, 1 May, 12 Jun, 31 Aug, 30 Nov, 25/30 Dec plus Eid 20 Mar and 27 May; special non-working 17 Feb, 4 Apr, 21 Aug, 1/2 Nov, 8/24/31 Dec; special working 25 Feb.","Proclamations 727, 1006, 1189, 1264; DOLE Labor Advisories 17-25 and 01/04/05/09/11/13-26, LA 12-25",https://elibrary.judiciary.gov.ph/thebookshelf/showdocs/7/99678,2026-09-30,,,IMPLEMENTED,"Full stated Dec2025/2026 national calendar integrated as public sealed statutory_calendar in all22 source policies: all named regular/special non-working days and actual proclaimed20March/27May Eids. Actual dated calendar producer preserves PUBLIC/SPECIAL classifications, regular-over-special precedence and Feb25SPECIAL_WORKING_DAY ordinary roster/no premium. Original Procs727/1006/1189/1264 publication sources retained; no company fixture rows or inferred Eid dates. No new verification.",jurisdiction_holidays; payroll.regular_holiday_prior_workday,,PH-HR05-1; PH-HR05-2; PH-HR05-3,2026-09-29
PH-HR37,PH,other,"Employers facing imminent danger from disruptive events, and pyrotechnic manufacturers/distributors/sellers, apply risk controls, worker notice and any RA 11058 stoppage wage.",DOLE Labor Advisories 15-25 and 18-25 (Nov 2025),https://dole.gov.ph/news/dole-intensifies-drive-for-workers-health-welfare/,2026-09-29,,,SOURCE-BLOCKED,Exact advisory text and dates unread (dole.gov.ph blocked); no pyrotechnic controls or event/fault pay treatment.,,,,
PH-HR38,PH,other,"Women workers receive nondiscriminatory terms under Labor Code art.133/135 as amended by RA 6725, per DO 251-25 (issued 21 Apr 2025).",DOLE Department Order 251-25,https://dole.gov.ph/news/dole-implements-pbbms-directive-on-jobs-workers-safety-industrial-peace-in-2025-initiatives/,2026-09-29,2025-04-21,,SOURCE-BLOCKED,"Signed order unread (dole.gov.ph blocked); exact prohibition, exception and effective date and comparison evidence missing.",,,,
PH-HR39,PH,other,"The revised RA 11058 OSH IRR (DO 252-25) sets required programs, training/personnel, risk controls and reports; DO 253-25 sets construction workers' temporary accommodation and welfare facilities.",DOLE Department Orders 252-25 and 253-25 (issued 28 Apr 2025),https://dole.gov.ph/news/dole-implements-pbbms-directive-on-jobs-workers-safety-industrial-peace-in-2025-initiatives/,2026-09-29,2025-04-28,,SOURCE-BLOCKED,"Signed orders, thresholds and effective date unread (dole.gov.ph blocked); no physical-compliance evidence.",,,,
PH-HR40,PH,leave,An employee accompanying a child to the measles-rubella supplemental immunisation may be granted excused absence; DOLE encourages but does not create statutory paid leave.,DOLE Labor Advisory 02-26 (indexed 9 Feb 2026),https://dole.gov.ph/labor-advisory/,2026-09-29,2026-02-09,,SOURCE-BLOCKED,Signed text unread (dole.gov.ph blocked); record the absence without inventing statutory pay.,,,,
PH-HR41,PH,records,"The payroll shows per employee the time paid, rate, regular pay, overtime pay, deductions and amount paid, acknowledged by signature or thumbmark; pay-by-results work longer than two weeks is paid in proportion at intervals of no more than 16 days.",Omnibus Rules Book III Rule X s.6 and Rule VIII s.3(b),https://elibrary.judiciary.gov.ph/thebookshelf/showdocs/2/85819,2026-09-28,,,GAP,Current source audit (2026-10-03). Integrated declarations: Current generic/source paths recorded in the row audit. Remaining full scope: Generic statutory-wage-record module exists; PH prescribed time/rate/regular/overtime/deductions/amount and worker signature/thumbmark original acknowledgement/retention activation is not proven.. Actual original documents and external actions remain distinct from missing application behavior; no new verification.,,,,
PH-HR42,PH,records,"Books and records, including withholding records, are kept five years from the day after the return deadline, or from actual filing if late.",RA 11976 (EOPT) s.33 amending NIRC s.235,https://elibrary.judiciary.gov.ph/thebookshelf/showdocs/2/96948,2026-09-28,2024-01-22,,TESTED,"Round 9 (28 Sep 2026) in all 24 versions: EMPLOYMENT_RECORDS_RETENTION timing adds the NIRC s.235 period (authority RA 11976 s.33), status EXTERNAL in the seed. EOPT in force 22 Jan 2024 (PH-WH21). The elided ""x x x"" tail of s.235 is not transcribed. The kasambahay 3-year payslip period (RA 10361 s.26) is in PAYSLIP_WITH_DEDUCTIONS.",obligations.EMPLOYMENT_RECORDS_RETENTION,Philippines — every version keeps tax records five years (NIRC s.235 per RA 11976) and states the probation duty (Omnibus Rules Book VI Rule I s.6),,
PH-HR43,PH,other,"Probation lasts at most six months from actual start (unless learnable/apprenticeable), standards are made known at engagement, and an employee allowed to work after probation becomes regular.","Omnibus Rules Book VI Rule I ss.5(c), 6(a), (b), (d)",https://elibrary.judiciary.gov.ph/thebookshelf/showdocs/2/85819,2026-09-28,,,PARTIAL,"All22 policies require original reasonable regularisation standards REF_AND_FILE and actual disclosure date at engagement, plus six-month probation refusal. Remaining: actual regular-status admission/cutover for missing engagement standards or work continued after lawful probation, and original lawful learnable/apprentice exception scope. No new verification.",obligations.PROBATIONARY_STANDARDS_AND_LIMIT; checks:PROBATION_BEYOND_SIX_MONTHS,Philippines — every version keeps tax records five years (NIRC s.235 per RA 11976) and states the probation duty (Omnibus Rules Book VI Rule I s.6),PH-GATES-1,
PH-HR44,PH,rest_holiday,A kasambahay gets at least eight hours' aggregate daily rest and 24 consecutive hours' weekly rest.,RA 10361 ss.20–21,https://elibrary.judiciary.gov.ph/thebookshelf/showdocs/2/51514,2026-09-28,,,TESTED,"Round 9 in all 24 versions: work limit kasambahay_daily_rest (DAY, TOTAL_WORK_HOURS, 16 worked hours, when employment.type == ""DOMESTIC""). Owner-rule default (law silent): a break counts as rest. s.21 is met by the unconditional weekly_rest (rest after six consecutive work days, Labor Code art.91), stricter than one rest per calendar week. Golden: 17-hour domestic day refused, 16 allowed, a PERMANENT employee has no such limit.",work_rules.limits.kasambahay_daily_rest; work_rules.limits.weekly_rest,"Philippines — a kasambahay keeps eight hours of daily rest: a 17-hour day is refused, 16 hours is not, and the limit binds domestic workers only (RA 10361 ss.20–21)",,
PH-HR45,PH,final_pay,A kasambahay dismissed without just cause is paid earned pay plus 15 days' indemnity; one who leaves without justification forfeits up to 15 days' unpaid pay; a 5-day notice applies to an indeterminate term and deployment costs may be recovered within six months.,RA 10361 s.32,https://elibrary.judiciary.gov.ph/thebookshelf/showdocs/2/51514,2026-09-30,,,PARTIAL,"Current source audit (2026-10-03). Integrated declarations: KASAMBAHAY_FORFEITURE, KASAMBAHAY_INDEMNITY, kasambahay_unjust_dismissal, kasambahay_unjustified_departure. Remaining full scope: Current automatic/sourced ad hoc final-payment calculation and named qualifications exist. Complete stated worker exclusions, actual original accrued base/service and inclusive plan/earlier payment offsets need full native source reconciliation; no entered inclusive total can be cash-paid again.. Actual original documents and external actions remain distinct from missing application behavior; no new verification.",exit_facts.kasambahay_unjust_dismissal; exit_facts.kasambahay_unjustified_departure; adhoc_catalogue:KASAMBAHAY_INDEMNITY; adhoc_catalogue:KASAMBAHAY_FORFEITURE; adhoc_catalogue:KASAMBAHAY_FORFEITURE.reduces_unpaid_salary,Philippines — a kasambahay dismissed without just cause is paid fifteen days’ work as indemnity; a just-cause dismissal and an ordinary employee are not (RA 10361 s.32),PH-HR45-1; PH-HR45-2,2026-09-29
PH-HR46,PH,wages,"Where a wage order eliminates or severely contracts intentional differences between employee groups (wage distortion), the parties correct it by agreement; with a CBA via grievance then voluntary arbitration within ten calendar days, otherwise via the NCMB then NLRC; a dispute does not delay the increase.",Labor Code art.124 as amended by RA 6727 s.3,https://elibrary.judiciary.gov.ph/thebookshelf/showdocs/2/6255,2026-09-29,,,GAP,Current source audit (2026-10-03). Integrated declarations: WAGE_DISTORTION_CORRECTION. Remaining full scope: Actual WAGE_DISTORTION_CORRECTION source class/award evidence pays independently authorised cash. Intentional wage-group compression identification and negotiation/NCMB/NLRC procedure remain broader; no automatic calculated correction invented.. Actual original documents and external actions remain distinct from missing application behavior; no new verification.,,,,
PH-HR47,PH,records,"Money claims (wages, overtime, separation, maternity and other benefits) prescribe three years from accrual, bounding recomputation and arrears lookback.",Labor Code art.306 renumbered (formerly 291; art.330 in the PD 442 text),https://elibrary.judiciary.gov.ph/thebookshelf/showdocs/26/25306,2026-09-29,,,GAP,Current source audit (2026-10-03). Integrated declarations: Current generic/source paths recorded in the row audit. Remaining full scope: Whole three-year accrual limitation on recomputation/arrears and actual interrupting procedural events are not established by current source dates alone.. Actual original documents and external actions remain distinct from missing application behavior; no new verification.,,,,
PH-HR48,PH,other,"Night workers (a period of at least seven consecutive hours including midnight–5 a.m.; excluding agriculture, stock raising, fishing, maritime and inland navigation) get free health assessment, first aid/rest/transport facilities, transfer when unfit, and a 16-week alternative to night work around childbirth.",RA 10151 inserting Labor Code arts.154–161 (own numbering),https://elibrary.judiciary.gov.ph/thebookshelf/showdocs/2/37482,2026-09-28,2011-07-12,,EXTERNAL,"Read 28 Sep 2026 (approved 21 Jun 2011; Manila Bulletin 27 Jun 2011; in force 15 days after publication, s.11). Art.159 compensation ""shall recognize the exceptional nature of night work"" gives no figure; the payroll figure is the art.86 10% differential (PH-HR06). Transfer, assessment and facility duties are HR processes with no payroll input.",,,,
PH-HR49,PH,wages,"A telecommuting employee gets pay (including overtime and night differential) not lower than the law, rest periods, regular holidays and special non-working days on par with comparable on-site workers.",RA 11165 s.5; Revised IRR (DO 237-22) s.8,https://elibrary.judiciary.gov.ph/thebookshelf/showdocs/2/86319,2026-09-28,2019-02-05,,IMPLEMENTED,Current source audit (2026-10-03). Integrated declarations: Current generic/source paths recorded in the row audit. Full narrow implementation retained; verification remains due. Actual original documents and external actions remain distinct from missing application behavior; no new verification.,work_rules.bands,,,
PH-HR50,PH,rest_holiday,"A local special non-working day enacted by Republic Act applies to employees at a worksite in that city or province (each in force 15 days after publication unless stated), earning the special-day premium; local special working days carry no premium.","RA 6741, 7550, 7669, 9191, 11140, 12062, 12103, 12200, 12271 (NCR non-working); RA 12248, 12142, 12143, 12158 (others); Proclamation 1186",https://elibrary.judiciary.gov.ph/thebookshelf/showdocs/2/99770,2026-10-03,,,PARTIAL,"Integrated fixed-date national/local annual holiday Acts across all22 policies, including original2025/2024/2022 and operative legacy sources through1991. Actual original newspaper/OG publication, specific effectivity clauses and actual worksite legal territorial evidence retained. Explicit amending Acts replace superseded working/non-working classifications and dates. Remaining: earlier local statutes not exhausted; dated presidential non-working overrides; original publication proof for Acts requiring specific newspapers; unresolved competing statutory classifications; actual DavaoOriental foundation/feast source binding; ordinal, weekend and nearest-weekday recurrence. No new verification.",jurisdiction_holidays.worksite,"Philippines — a local special non-working day by Republic Act reaches the Navotas worksite only: 16 January earns the special-day premium there, a Manila site of the same company works an ordinary day (RA 12271)",,
PH-HR51,PH,leave,"Adoptive parents may take the paid maternity and paternity leave of biological parents only within one year of the Order of Adoption, never for adult adoptions or where the child was in their custody for at least three years before the order.",RA 11642 s.36,https://elibrary.judiciary.gov.ph/thebookshelf/showdocs/2/94036,2026-10-03,,,GAP,"Actual biological maternity/paternity catalogue does not produce original adoption-order applicability, one-year leave window, adult-adoption exclusion or original three-year care/custody exclusion. RA11642s36 starts the one-year window at issuance of the Order; original IRRs57 instead states placement until issuance, requiring specific authority reconciliation before broader activation. Prior biological-use denial alone does not implement these stated statutory exclusions. No new verification.",leave_catalogue:MATERNITY_LEAVE; leave_catalogue:PATERNITY_LEAVE,,,
PH-HR52,PH,wages,"On a court protection order, the respondent's employer withholds the ordered percentage of salary regularly and remits it directly to the woman notwithstanding other laws; failure or unjustified delay is indirect contempt.",RA 9262 s.8(g),https://elibrary.judiciary.gov.ph/thebookshelf/showdocs/2/22128,2026-09-30,2004-03-27,,VERIFIED,"A ₱6,000 protection order on ₱30,450 is withheld from net pay after every statutory line, leaving SSS, PhilHealth, Pag-IBIG and withholding on the whole compensation (PH-HR52-1). Direct remittance to the woman and contempt are external.",adhoc_catalogue:PROTECTION_ORDER_SUPPORT; obligations.code,Philippines — protection-order support comes off net pay at the ordered amount and leaves gross and every statutory line whole (RA 9262 s.8(g)),PH-HR52-1,2026-10-01
PH-LB04,PH,wages,"Output/piece workers are paid at least the floor through Board-approved or time-and-motion rates, with premiums, and special occupations follow their own rules.",DOLE Handbook 2024; Labor Code art.101 (original numbering),https://nwpc.dole.gov.ph/wp-content/uploads/2024/11/Workers-Statutory-Monetary-Benefits-Handbook-2024-Edition.pdf,2026-09-29,,,PARTIAL,"All22 require original Board piece-rate order or approved time-and-motion source REF_AND_FILE and actual effective interval, with terms/payroll refusal outside that interval; all regional floor cutovers integrated. Remaining: actual workday unit/rate binding to the original approved schedule, automatic prevailing-floor adjustment and source-backed output/time/premium comparator; significant process/technology change new-application duties remain external source actions. No new verification.",payroll.vocabularies.statutory_work_category,,,
PH-LB05,PH,bonus,Commissions are SSS/HDMF/WTAX compensation but outside the 13th-month basic; purely commission/boundary/task-paid employees get no 13th month; piece-rate workers get it on total piece earnings.,"SSS IRR Rule 12 s.6(ii), (xii); DOLE Handbook 2024 ch.13 §§B.4, F.1–F.2; Boie-Takeda v. De la Serna, G.R. 92174/102552 (10 Dec 1993)",https://www.sss.gov.ph/wp-content/uploads/2022/04/IRR-RA11199-SS-Act-of-2018_2.pdf,2026-09-28,,,TESTED,"Every branch proven: commission is SSS/Pag-IBIG/withholding compensation outside PhilHealth (probes PH-LB05-1, PH-HD02-1); commission outside the 13th-month basic, piece-rate workers covered, task-basis workers excluded (golden only).",adhoc_catalogue:COMMISSION; payroll.vocabularies.statutory_work_category; statutory_contributions:WTAX.parts,"Philippines — a commission is SSS, Pag-IBIG and withholding compensation, never PhilHealth’s basic (SSS IRR Rule 12 s.6(ii); Circular 460 p.2); Philippines — the 13th month: a commission is outside the basic, piece-rate workers are covered, task-basis workers are not (PD 851; Boie-Takeda)",PH-LB05-1; PH-HD02-1,
PH-PR01,PH,proration,A joiner or leaver is paid the days worked in a part month and charged contributions on what was paid; a mid-month salary change is one month of pay; unpaid days reduce SSS/Pag-IBIG base while PhilHealth reads the fixed basic.,DOLE Handbook 2024 ch.2 §E,https://nwpc.dole.gov.ph/wp-content/uploads/2024/11/Workers-Statutory-Monetary-Benefits-Handbook-2024-Edition.pdf,2026-09-29,,,VERIFIED,"Every branch matched on saved payslips (probes passed 2026-10-01): a joiner paid the days worked with SSS and Pag-IBIG on what was paid, above and below the ₱10,000 Pag-IBIG cap (PH-PR01-1, PH-PR01-4); unpaid days reduce SSS and Pag-IBIG while PhilHealth keeps the monthly basic (PH-PR01-2, PH-PR01-5); a mid-month raise is one month of pay (PH-PR01-3); leavers paid the part month (PH-HR15-1, PH-HR45-1).",work_rules.proration; work_rules.ordinary_divisor_days; payroll.allowance_npl_prorates,"Philippines — a joiner on 16 January is paid the days worked, and charged on what was paid",PH-PR01-1; PH-PR01-2; PH-PR01-3; PH-PR01-4; PH-PR01-5; PH-HR15-1; PH-HR45-1,2026-10-01
PH-SS01,PH,contribution,"A covered employee and employer pay SSS at 15% of the monthly salary credit (MSC PHP5,000–35,000; regular SS up to PHP20,000 plus MPF above), plus employer EC PHP10 through PHP14,749.99 and PHP30 from PHP14,750, from January 2025.",RA 11199; SSS Circular 2024-006 (repeals CI 2022-033),https://www.sss.gov.ph/wp-content/uploads/2024/12/CI-2024-006-Publication.pdf,2026-09-29,2025-01-01,,VERIFIED,"Probes pin each branch on saved payslips: MSC floor 5,000 (PH-SS01-2), ₱500 brackets and 15% (PH-SS01-1), MPF seam 20,000/20,500 (PH-SS01-3, PH-SS01-4), MSC ceiling 35,000 (PH-SS01-5), EC 10/30 seam (PH-SRC06-1, PH-SRC06-2). Table: SSS Circular 2024-006 https://www.sss.gov.ph/wp-content/uploads/2024/12/CI-2024-006-Publication.pdf. Age branch PH-SS10, household table PH-SS11, registration PH-R46.",statutory_contributions:SSS; statutory_contributions:SSS_MPF; statutory_contributions:SSS_EC,"Philippines — SSS, EC, PhilHealth, Pag-IBIG and the monthly withholding table",PH-SS01-1;PH-SS01-2;PH-SS01-3;PH-SS01-4;PH-SS01-5,2026-09-30
PH-SS10,PH,contribution,SSS employee coverage is compulsory for employees not over sixty when first covered; a member stays covered past sixty; an unknown birth date refuses a payable assessment.,RA 11199 s.9(a); SSS IRR,https://elibrary.judiciary.gov.ph/thebookshelf/showdocs/2/86333,2026-10-02,,,TESTED,"Every branch goldened: not over sixty when first covered, the exact 60th birthday, coverage past sixty, and refusal of a payable run on an unknown birth date; coverage past sixty also on a saved payslip (PH-HR16-1). The refusal and the over-sixty first-coverage branch have no probe. EC now follows validated compulsory SSS coverage (2026-10-02): first liability before/on the 60th birthday, including prior employers, charges EC 30 on PHP30,000; first liability the day after charges none. All four sealed-version coverage goldens pass; registered over-age EC probe remains pending.",statutory_contributions:SSS,"PH SSS or HDMF refuses a payable run when compulsory-coverage age is unknown; Philippines — SSS covers an employee not over sixty when first covered (RA 11199 s.9(a)); a member stays covered past it; Philippines — SSS age at first coverage: hired the day before the 60th birthday is covered (RA 11199 s.9(a)); PH ${period}: EC follows compulsory SSS coverage at first liability, including prior employers",PH-HR16-1,
PH-SS11,PH,contribution,"A household employer pays SSS on the separate household table: nine brackets below PHP5,000 with the employer paying the whole regular SS below PHP5,000 (e.g. PHP3,000 → PHP450 employer, PHP0 employee, plus PHP10 EC; PHP4,800 → PHP750/0; PHP5,000 → PHP500/250).",SSS Circular 2024-007 pp.1–3,https://www.sss.gov.ph/wp-content/uploads/2024/12/CI-2024-007-Publication.pdf,2026-09-29,2025-01-01,,TESTED,"Golden passes (run 2026-10-01): the household SSS table prices nine brackets below ₱5,000, employer-only, and the ₱5,000 split. No probe.",statutory_contributions:SSS,"PH-SS01 — the household SSS table prices nine brackets below PHP5,000, employer-only",,
PH-SS12,PH,contribution,"A covered worker with a positive compensation base that matches no contribution band is refused, never charged zero.",SSS compulsory coverage; 2025 contribution table,https://www.sss.gov.ph/compulsory-coverage/,2026-09-29,,,TESTED,Golden passes (run 2026-10-01): a covered employee with a positive base matching no SSS band is refused. No probe. Other schemes\u2019 unmatched branches are not covered by this row.,statutory_contributions:SSS,PH SSS refuses a missing compensation band for a covered employee,,
PH-SS02,PH,contribution,"The employer advances the full SSS maternity benefit within 30 days of application (ADSC from the six highest of twelve MSCs before the contingency semester × 60/105/120 days, three paid months required) and pays the salary differential up to full pay (monthly salary × days ÷ 30 less employee premium shares and the actual SSS benefit), which is tax-exempt and enters rank-and-file 13th-month basic; SSS reimburses the employer.",RA 11210 s.5; SSS maternity benefit guidance; DOLE DA 01-2019 ss.II–IV; DA 01-A-2019; BIR RMC 105-2019 (digest),https://www.sss.gov.ph/maternity-benefit/,2026-09-29,,,GAP,"Current source audit (2026-10-03). Integrated declarations: MATERNITY_LEAVE, SSS_MATERNITY_BENEFIT_ADVANCE, SSS_MATERNITY_NOTICE_ADVANCE_AND_DIFFERENTIAL. Remaining full scope: Benefit-case/maternity native source exists. Complete employer advance deadline, six-of-twelve ADSC, claim return-to-work and lawful absence/employer differential/reimbursement original source joins need full PH activation proof, not captured case metadata alone.. Actual original documents and external actions remain distinct from missing application behavior; no new verification.",payroll.benefit_cases:MATERNITY_LEAVE; leave_catalogue:MATERNITY_LEAVE; obligations.SSS_MATERNITY_NOTICE_ADVANCE_AND_DIFFERENTIAL; duty_types:SSS_MATERNITY_BENEFIT_ADVANCE,,,
PH-SS03,PH,contribution,"An employer that fails to report coverage, misstates the date, or fails to remit is liable to SSS for damages: the full benefit (or the higher of accrued and five-year guaranteed pension) for nonreporting, the entitlement difference otherwise; a contingency in the first 30 days with the pre-contingency contribution paid relieves damages; multiple employers share proportionately.",SSS Circular 2025-001 (signed 9 Jan 2025; commences 15 days after newspaper publication and ONAR filing),https://www.sss.gov.ph/wp-content/uploads/2025/01/CI2025-001-External.pdf,2026-09-29,,,EXTERNAL,"Phase 2, 2026-10-01, in all 22 unvoided versions: SSS_CONTRIBUTION_REMITTANCE carries the s.22(a) 2% monthly penalty as its late charge (a begun 30-day month counts); the damages for unreported contingencies are not computed. Prior: SSS billing/settlement liability outside payroll withholding; publication/ONAR commencement proof missing; no benefit history or damage calculation.",obligations.SSS_CONTRIBUTION_REMITTANCE; duty_types:SSS_CONTRIBUTION_REMITTANCE,,,
PH-SS04,PH,contribution,"For an SSS salary-loan member, the employer certifies employment electronically, deducts and remits amortisations, deducts the outstanding balance from final pay on separation, and reports any unpaid balance on the Loan Collection List by the last day of the following month.",SSS Circular 2025-004 (effective 16 Jun 2025),https://www.sss.gov.ph/wp-content/uploads/2025/06/CI-2025-004-External.pdf,2026-09-29,2025-06-16,,PARTIAL,"Current source audit (2026-10-03). Integrated declarations: LOAN_RECOVERY_SSS_SALARY. Remaining full scope: Only payroll amortisation/final balance deduction is integrated. Electronic SSS certification, actual loan remittance and dated unpaid-balance Loan Collection List submission remain missing from the whole row.. Actual original documents and external actions remain distinct from missing application behavior; no new verification.",loan_catalogue:LOAN_RECOVERY_SSS_SALARY,,,
PH-SS05,PH,contribution,"For a 2025 SSS emergency loan, the employer certifies employment and take-home pay in My.SSS, deducts after a six-month moratorium, remits by the last day of the following month, recovers the balance on separation and reports unpaid balance via LCL (e.g. 25 Dec 2025 approval → July 2026 first amortisation, due 31 Aug 2026).",SSS Circular 2025-011 (dated 9 Dec 2025; repealed by Circular 2026-003),https://www.sss.gov.ph/wp-content/uploads/2025/12/CI2025-011.pdf,2026-09-29,2025-12-09,2026-04-30,GAP,"Current source audit (2026-10-03). Integrated declarations: Current generic/source paths recorded in the row audit. Remaining full scope: Actual emergency-loan programme activation, six-month moratorium schedule, remittance deadline and final balance/report flow not established by generic salary-loan recovery.. Actual original documents and external actions remain distinct from missing application behavior; no new verification.",loan_catalogue,,,
PH-SS06,PH,contribution,"For an SSS Emergency Loan Program loan (members affected by a declared SONC/SONE; availment one year from announcement or for the SONC/SONE, whichever first; a new ELP supersedes an existing one), the employer certifies employment and net pay, deducts after a six-month moratorium, remits by the last day of the following month, deducts the balance from separation pay and reports via LCL (May 2026 loan → December 2026 first amortisation, due 31 Jan 2027).",SSS Circular 2026-003 s.IV.A (signed 29 Apr 2026; reported effective 1 May 2026),https://www.sss.gov.ph/wp-content/uploads/2026/04/CI2026-003-External.pdf,2026-09-29,2026-05-01,,GAP,Current source audit (2026-10-03). Integrated declarations: Current generic/source paths recorded in the row audit. Remaining full scope: Actual SONC/SONE activation/availment deadline and employer emergency loan servicing/reporting source not established by generic loan records.. Actual original documents and external actions remain distinct from missing application behavior; no new verification.,loan_catalogue,,,
PH-SS07,PH,contribution,"For an SSS calamity loan in an activated state-of-calamity area, the employer deducts 24 monthly amortisations from the second month after approval, remits by the last day of the following month, recovers the authorised balance at separation and reports via LCL when final pay is insufficient.",SSS Circular 2025-006 (dated 1 Aug 2025),https://www.sss.gov.ph/wp-content/uploads/2025/08/CI2025-006-External.pdf,2026-09-29,2025-08-01,,GAP,"Current source audit (2026-10-03). Integrated declarations: Current generic/source paths recorded in the row audit. Remaining full scope: Calamity activation, second-month start/24amortisations/actual remit and separation reporting not established by generic loan recovery alone.. Actual original documents and external actions remain distinct from missing application behavior; no new verification.",loan_catalogue,,,
PH-SS08,PH,contribution,The 13th-month pay is outside SSS and PhilHealth compensation (Christmas bonus exception).,"SSS IRR Rule 12 s.6 (Circular 22-P, 12 Aug 2005); PD 851 Revised Guidelines (DOLE Handbook 2024 ch.13 §I)",https://www.sss.gov.ph/wp-content/uploads/2022/04/IRR-RA11199-SS-Act-of-2018_2.pdf,2026-09-28,,,VERIFIED,"PH-HR15-1 pays a ₱6,241.67 13th month and SSS reads 14,000 + 1,166.20 = 15,166.20 (MSC 15,000) and PhilHealth the monthly basic: the 13th month is in neither. RA 11199 s.8(f) read.",adhoc_catalogue:THIRTEENTH_MONTH_PAY,"Philippines — 13th-month pay is outside SSS and PhilHealth, a Christmas-season benefit (Revised Guidelines on PD 851; SSS IRR Rule 12 s.6(iii))",PH-HR15-1,2026-09-30
PH-SS09,PH,contribution,A performance (non-Christmas) bonus is SSS compensation.,SSS IRR Rule 12 s.6(iii),https://www.sss.gov.ph/wp-content/uploads/2022/04/IRR-RA11199-SS-Act-of-2018_2.pdf,2026-09-28,,,VERIFIED,"PH-SS09-1: ₱30,450 + ₱20,000 performance bonus → MSC 35,000: SS 1,000/2,000, MPF 750/1,500. Seed bonus.counts_toward includes SSS, SSS_EC, SSS_MPF. Probe citation corrected 30 Sep 2026: the bonus is Pag-IBIG fund salary under Circular 460 p.2 (not outside it); the figure is unaffected at the ₱10,000 cap. Seed bonus.counts_toward includes HDMF from 30 Sep 2026 (PH-HD02).",adhoc_catalogue:bonus,Philippines — a performance bonus is SSS compensation (SSS IRR Rule 12 s.6(iii)),PH-SS09-1,2026-09-30
PH-HL01,PH,contribution,"A direct-contributor employee and employer share equally a PhilHealth premium of 5% of monthly basic salary with a PHP10,000 floor and PHP100,000 ceiling (PHP500–5,000) from January 2025.",RA 11223 s.10; PhilHealth Circular 2020-0005 Rev.1 §V.A–C; Advisory PA2025-0002 ¶1,https://www.philhealth.gov.ph/circulars/2020/circ2020-0005.pdf,2026-09-28,2025-01-01,,VERIFIED,"Probes pin 5% of the monthly basic (PH-SS01-1), the ₱10,000 floor (PH-SS01-2, PH-HL01-2), the ₱100,000 ceiling (PH-HL01-1) and the equal share. PC 2020-0005 Rev.1; PA2025-0002 https://www.philhealth.gov.ph/advisories/2025/PA2025-0002.pdf.",statutory_contributions:PHIC,"Philippines — every version cites PhilHealth Circular 2020-0005 Rev.1 and PA2025-0002, not PA2026-0042, and prices its schedule (PH-S4, PH-S5)",PH-HL01-1;PH-HL01-2;PH-SS01-2;PH-PR01-2,2026-09-30
PH-A1,PH,contribution,"A settlement run after the exit month (separation pay, a late 13th month) charges no PhilHealth or Pag-IBIG, because no contractual basic or fund salary exists for a month the employment does not touch; a class counting toward HDMF paid after exit (e.g. basic back pay) is still charged on that payment alone.",RA 11223 s.10; RA 9679 s.7,https://elibrary.judiciary.gov.ph/thebookshelf/showdocs/2/86448,2026-09-28,,,TESTED,Fixed 28 Sep 2026 in place in every version. The after-exit HDMF charge on a counting class is the owner-rule default (law silent).,statutory_contributions:PHIC; statutory_contributions:HDMF,"Philippines — a settlement run after the exit month charges no PhilHealth or Pag-IBIG: no employment, no monthly basic, no fund salary (RA 11223 s.10; RA 9679 s.7)",,
PH-SRC01,PH,rounding,"The PhilHealth premium is equally shared; where halving leaves a half-centavo the employee half truncates and the employer carries the remainder (15,819 → 790.95 → 395.47 / 395.48).",PhilHealth Circular 2020-0005 Rev.1 §V.B,https://www.philhealth.gov.ph/circulars/2020/circ2020-0005.pdf,2026-09-28,,,VERIFIED,"Owner-rule default (§V.B states no centavo rule), in place in all 24 versions. PH-SRC01-1: 15,819 → 790.95 → 395.47 employee / 395.48 employer.",statutory_contributions:PHIC,"Philippines — a half-centavo PhilHealth premium is split employee-down, employer-up (OPSPH010)",PH-SRC01-1;PH-WG10-1,2026-09-30
PH-HL02,PH,contribution,"An employer with missed July 2013–December 2024 premiums may request by 31 Dec 2026 one-time interest relief: full waiver for settlement within one month, 1% simple interest for 2–6 months, 2% for 7–12 months; premiums paid online via EPRS/SPA, interest over the counter; default restores the prevailing rate; no refund of interest already paid.",PhilHealth Circular 2026-0001 (published 9 Jan 2026; effective 15 days after publication),https://www.philhealth.gov.ph/circulars/2026/PC2026-0001.pdf,2026-09-29,2026-01-24,2026-12-31,EXTERNAL,Arrears settlement with PhilHealth; no premium-arrears ledger or term-dependent interest; does not change the ordinary 2026 rate. PA2026-0001 is the related interest-waiver advisory.,obligations.PHILHEALTH_PREMIUM_REMITTANCE,,,
PH-HL03,PH,contribution,"PhilHealth Circulars 2026-0010/0011 (self-paying members), 2026-0004–0006 (provider maternity case rates) and 2025-0028 (facility auto-credit) do not change an employer's employee premium.",PhilHealth 2025 and 2026 circular archives,https://www.philhealth.gov.ph/circulars/2026/archives.php,2026-09-29,,,NOT-APPLICABLE,"Fund/provider-side or self-paying instruments; 14 circulars listed through 8 Sep 2026; remaining provider circulars have no identified payroll formula from index titles, but full-text sector applicability is still an open issuer gate. 2025 archive: https://www.philhealth.gov.ph/circulars/2025/archives.php.",,,,
PH-HD01,PH,contribution,"A Pag-IBIG member and employer contribute monthly on fund salary capped at PHP10,000: employee 1% at PHP1,500 or below and 2% above, employer 2%, from February 2024.",RA 9679; HDMF Circular 460 (15 Jan 2024) pp.2–3 as annexed to DMW Advisory 37-2025,https://wcms.dmw.gov.ph/uploads/DMW_ADVISORY_37_2025_01225b9fec.pdf,2026-09-28,2024-02-01,,VERIFIED,"Probes pin 1% employee at ₱1,500 (PH-HD01-1), 2% above (PH-SS01-2), 2% employer, and the ₱10,000 cap (PH-HL01-2, PH-SS01-1). Circular 460 read from the DMW Advisory 37-2025 annex.",statutory_contributions:HDMF; obligations.HDMF_CONTRIBUTION_REMITTANCE,Philippines — every version cites Circular 460 from the DMW annex and prices its table (PH-SRC04),PH-HD01-1;PH-HL01-2;PH-SS01-1,2026-09-30
PH-HD02,PH,contribution,"Pag-IBIG fund salary is basic salary plus fees, wages and other allowances/remuneration, including task, piece and commission earnings; the employer share cannot be recovered from wages.",HDMF Circular 460 pp.1–2,https://wcms.dmw.gov.ph/uploads/DMW_ADVISORY_37_2025_01225b9fec.pdf,2026-09-30,2024-02-01,,PARTIAL,"Current source audit (2026-10-03). Integrated declarations: HDMF, HDMF_CONTRIBUTION_REMITTANCE, HDMF_EMPLOYEE_REGISTRATION, HDMF_EMPLOYER_AND_EMPLOYEE_REGISTRATION, HDMF_MEMBERSHIP_EVENT_REPORT, HDMF_SEPARATION_REPORT, HDMF_UPGRADE, bonus, hdmf_remittance_group. Remaining full scope: Current exact primary declarations/runtime and historical residual are attached. Full stated legal scope has not been demonstrated by actual adoption and source consumer integration; retain current status rather than promote from a source field or pending candidate.. Actual original documents and external actions remain distinct from missing application behavior; no new verification.",statutory_contributions:HDMF; adhoc_catalogue:bonus,"Philippines — Pag-IBIG reads the fund salary, allowances included (Circular 460 pp.2–3)",PH-HD02-1,2026-09-29
PH-HD03,PH,contribution,"For a kasambahay with fund salary below PHP5,000 the employer pays the whole saving (3% at PHP1,500 or below, 4% above) and the worker nothing; at PHP5,000 or more each pays 2% subject to the PHP10,000 cap.",HDMF Circular 460 pp.2–3,https://wcms.dmw.gov.ph/uploads/DMW_ADVISORY_37_2025_01225b9fec.pdf,2026-09-28,2024-02-01,,TESTED,"Golden passes (run 2026-10-01): kasambahay fund salary at 1,500/1,501/4,999/5,000/10,001 — employer-paid 3%/4% below ₱5,000, 2%/2% from it, capped at ₱10,000. No probe.",statutory_contributions:HDMF,"PH-HD03 — the kasambahay fund-salary boundaries: employer-paid below PHP5,000, split shares from it, capped at PHP10,000",,
PH-HD04,PH,contribution,"A member with two or more concurrent employers contributes on the fund salary per employer, each employer matching its own share.",HDMF Circular 460 p.4,https://wcms.dmw.gov.ph/uploads/DMW_ADVISORY_37_2025_01225b9fec.pdf,2026-09-28,2024-02-01,,IMPLEMENTED,"Current source audit (2026-10-03). Integrated declarations: HDMF, HDMF_CONTRIBUTION_REMITTANCE, HDMF_EMPLOYEE_REGISTRATION, HDMF_EMPLOYER_AND_EMPLOYEE_REGISTRATION, HDMF_MEMBERSHIP_EVENT_REPORT, HDMF_SEPARATION_REPORT, HDMF_UPGRADE, hdmf_remittance_group. Full narrow implementation retained; verification remains due. Actual original documents and external actions remain distinct from missing application behavior; no new verification.",statutory_contributions:HDMF,,,
PH-HD05,PH,contribution,"Pag-IBIG membership and contribution are mandatory for SSS-covered employees even when not actually registered with SSS, private workers not over 60, seafarers, GSIS/public and uniformed employees, foreign-based employer employees and kasambahay; a missing SSS or Fund identifier does not waive contributions.",HDMF Circular 460 pp.1–4,https://wcms.dmw.gov.ph/uploads/DMW_ADVISORY_37_2025_01225b9fec.pdf,2026-10-02,2024-02-01,,PARTIAL,"Current source audit (2026-10-03). Integrated declarations: HDMF, HDMF_CONTRIBUTION_REMITTANCE, HDMF_EMPLOYEE_REGISTRATION, HDMF_EMPLOYER_AND_EMPLOYEE_REGISTRATION, HDMF_MEMBERSHIP_EVENT_REPORT, HDMF_SEPARATION_REPORT, HDMF_UPGRADE, hdmf_remittance_group. Remaining full scope: Current exact primary declarations/runtime and historical residual are attached. Full stated legal scope has not been demonstrated by actual adoption and source consumer integration; retain current status rather than promote from a source field or pending candidate.. Actual original documents and external actions remain distinct from missing application behavior; no new verification.",statutory_contributions:HDMF,PH audit — all six mandatory schemes assess liability despite missing registration,PH-SS01-1,2026-09-29
PH-HD06,PH,contribution,"An employee may elect voluntary excess savings, withheld and remitted only on authorised instruction; the employer matches only the required share unless it agrees to more.",HDMF Circular 460 p.4,https://wcms.dmw.gov.ph/uploads/DMW_ADVISORY_37_2025_01225b9fec.pdf,2026-10-03,2024-02-01,,PARTIAL,"All22 HDMF_UPGRADE source declarations now require original employee signed election and independent employer counterpart agreement only when their respective additional monthly amounts are positive. Actual dated statutory declaration proof validates exact subject, evidence asset/hash, reference binding and expiry before assessment; zero employee upgrade creates no employer matching obligation. Existing employee/employer pricing retains voluntary upgrade outside mandatory WTAX deduction. Remaining: independently reconciled actual upgraded savings remittance and its original payment conservation; duty metadata alone does not complete remittance. No new verification.",statutory_contributions:HDMF_UPGRADE.elections; statutory_contributions:HDMF_UPGRADE.rules,,,
PH-HD07,PH,contribution,"Licensed recruitment agencies for land-based OFWs collect PHP200/month Pag-IBIG (previously PHP100) from 1 Nov 2025, with the first DMW OEC-EPCS payment three months in advance and monthly remittances after.",DMW Advisory 37-2025 p.1 with Circular 460 annex,https://wcms.dmw.gov.ph/uploads/DMW_ADVISORY_37_2025_01225b9fec.pdf,2026-09-29,2025-11-01,,NOT-APPLICABLE,Re-judged 2026-09-30: the Pag-IBIG remittance duty of licensed recruitment agencies for land-based OFWs is not ordinary employer payroll; the template has no OFW/PRA profile.,,,,
PH-HD08,PH,contribution,"Voluntary Pag-IBIG I members (18–65 individuals, nonworking spouses at 50% of the working spouse's fund salary with consent, employees of foreign governments/international organisations absent an agreement, workers with an employer coverage waiver/suspension, religious, separated workers, non-GSIS barangay officials) save without an automatic statutory employer counterpart.",HDMF Circular 460 pp.3–4,https://wcms.dmw.gov.ph/uploads/DMW_ADVISORY_37_2025_01225b9fec.pdf,2026-09-29,2024-02-01,,NOT-APPLICABLE,Self-paying voluntary savings outside employer withholding; the employer-waiver transition is the only employer interface and is unrepresented.,,,,
PH-SRC03,PH,filing,"An employer registers with Pag-IBIG (branch, DTI PBR or SEC IBRS) and reports employer data within 30 days of starting operations and new hires within 30 days of employment.","HDMF Circular 275 §C.2 as amended by HDMF Circular 365 (29 Sep 2016, effective immediately)",https://web.archive.org/web/20211228231909id_/https://www.pagibigfund.gov.ph/document/pdf/circulars/provident/Circular%20No.%20365%20-%20Amended%20HDMF%20Circular%20No.%20275%20on%20the%20Registration%20of%20Employers.pdf,2026-09-29,2016-09-29,,EXTERNAL-RECORDED,"Phase 2, 2026-10-01, in all 22 unvoided versions: duty types HDMF_EMPLOYEE_REGISTRATION (HIRE, due 30 days after the start of service) and HDMF_SEPARATION_REPORT (EXIT, due 30 days after the last day), each completing with its reference; HDMF_CONTRIBUTION_REMITTANCE is due by the name-initial window (company fact hdmf_remittance_group; unrecorded, the 14th) and carries the 1/10 of 1% daily penalty. Duty instances are raised only by the daily obligation_calendar automation, and the probe harness reads `saved` rows before any automation runs, so no probe pins one yet (harness gap, owner H). Open: employer registration within 30 days of the start of business (there is no business-start trigger). Prior: Seed fixed in place 29 Sep 2026: HDMF_EMPLOYER_AND_EMPLOYEE_REGISTRATION cited the stale unamended pin ""Circular 275 §C.4""; now ""§C.2 as amended by Circular 365"" with the Wayback URL in all 24 versions (issuer host serves reCAPTCHA). No registration-deadline output probe.",obligations.HDMF_EMPLOYER_AND_EMPLOYEE_REGISTRATION; duty_types:HDMF_EMPLOYEE_REGISTRATION; duty_types:HDMF_SEPARATION_REPORT; duty_types:HDMF_CONTRIBUTION_REMITTANCE; facts.hdmf_remittance_group,,,
PH-R46,PH,contribution,"A recorded NOT_REGISTERED status does not waive SSS, SSS_MPF, SSS_EC, PHIC, HDMF or WTAX; the scheme's own eligibility decides coverage and the run warns that registration is incomplete.",RR 11-2018 s.9 / RR 2-98 s.2.79.2; SSS Act and IRR; PhilHealth and HDMF employer guidance,https://bir-cdn.bir.gov.ph/local/pdf/RR%20No.%2011-2018.pdf,2026-09-29,,,IMPLEMENTED,"Wave1 source implementation (2026-10-03): Every22dated SSS/SSS_MPF/SSS_EC/PHIC/HDMF/WTAX declaration explicitly ASSESSes NOT_REGISTERED status. Native scheme facts/eligibility remain operative; only own legal rules determine liability, and assessed positive liability emits registration-incomplete warning. No scheme identifier supplies a waiver. Source-only; no tests/probes/builds or new verification.",statutory_contributions:SSS.unregistered_action; statutory_contributions:SSS_MPF.unregistered_action; statutory_contributions:SSS_EC.unregistered_action; statutory_contributions:PHIC.unregistered_action; statutory_contributions:HDMF.unregistered_action; statutory_contributions:WTAX.unregistered_action,PH audit — all six mandatory schemes assess liability despite missing registration,PH-SS01-1,2026-09-29
PH-SRC05,PH,filing,"Employers register employees with SSS and remit contributions, give SSS maternity notice, and register kasambahay, citing the official statute texts.",RA 11199; RA 11210; RA 10361 (Supreme Court E-Library),https://elibrary.judiciary.gov.ph/thebookshelf/showdocs/2/86333,2026-09-29,,,EXTERNAL-RECORDED,"Phase 2, 2026-10-01, in all 22 unvoided versions: SSS duties are in the obligation ledger (duty_types). SSS_EMPLOYEE_REPORT is raised on HIRE and due on the first day of service; RA 11199 s.24(a) says ""immediately"", so that is the recorded default. SSS_CONTRIBUTION_REMITTANCE is raised on each finalised run: due the last day of the following month, the amount is the run's SSS + SSS_MPF + SSS_EC remittances, the late charge is 2% per begun 30-day month, and it completes with the PRN. SSS_MATERNITY_BENEFIT_ADVANCE is due 30 days after the case application. Duty instances are raised only by the daily obligation_calendar automation, and the probe harness reads `saved` rows before any automation runs, so no probe pins one yet (harness gap, owner H). Open: the kasambahay barangay registry (the obligation site carries no employment type). Prior: Seed obligations SSS_EMPLOYER_AND_EMPLOYEE_REGISTRATION, SSS_CONTRIBUTION_REMITTANCE, SSS_MATERNITY_NOTICE_ADVANCE_AND_DIFFERENTIAL and KASAMBAHAY_CONTRACT_AND_REGISTRY now cite E-Library (29 Sep 2026) instead of lawphil.net; all 24 settings' source lists include the statutes and CI 2024-006/2024-007. SSS PDF of RA 11199: https://www.sss.gov.ph/wp-content/uploads/2022/03/20190207-RA-11199-RRD.pdf. Registration, remittance and maternity saved-output evidence open.",obligations.SSS_EMPLOYER_AND_EMPLOYEE_REGISTRATION; obligations.SSS_CONTRIBUTION_REMITTANCE; duty_types:SSS_EMPLOYEE_REPORT; duty_types:SSS_CONTRIBUTION_REMITTANCE; duty_types:SSS_MATERNITY_BENEFIT_ADVANCE,,,
PH-SRC06,PH,contribution,"Employee compensation (EC) is PHP10 through the PHP14,250–14,749.99 bracket and PHP30 from PHP14,750, employer-paid.",SSS Circular 2024-006 p.2; PD 626,https://www.sss.gov.ph/wp-content/uploads/2024/12/CI-2024-006-Publication.pdf,2026-09-29,2025-01-01,,VERIFIED,"PH-SRC06-1: ₱14,749.99 → MSC 14,500, EC 10; PH-SRC06-2: ₱14,750 → MSC 15,000, EC 30. Authority cites the January 2025 business and household schedules in all 24 versions; ECC no-increase notice https://ecc.gov.ph/no-increase-in-ec-contribution-despite-sss-contribution-hike/.",statutory_contributions:SSS_EC,,PH-SRC06-1;PH-SRC06-2,2026-09-30
PH-TX01,PH,tax,"Employers withhold compensation tax each payroll period on the RR 11-2018 Annex E graduated tables (2023 onward) for the actual payroll period, after exclusions and mandatory contributions.",RR 11-2018 s.2.79; Annex E,https://bir-cdn.bir.gov.ph/local/pdf/Annex%20E%20RR%2011-2018.pdf,2026-09-29,,,PARTIAL,"Wave0 source integration (2026-10-03): original native annual financial, prior certificate, official form/export/return and cash-year source policies activated across22dated PH versions. Remaining whole scope: Mixed MWE/taxable payments, independently exempt benefits and cash installments crossing native assessment years remain explicitly bounded by original-source admission; no complete all-period/all-income whole-row closure. Source-only; no new verification. ",statutory_contributions:WTAX,"Philippines — a semi-monthly company: the monthly schemes once a month, Annex E by column",PH-SS01-1;PH-SS01-5;PH-HL01-1;PH-TX01-1;PH-HR03-1,2026-09-29
PH-WH01,PH,tax,"Passive/investment and other non-employment payments are separate final-withholding classes, not employee compensation.","RR 11-2018 s.1 (RR 2-98 s.2.57.1(A)–(F),(H))",https://bir-cdn.bir.gov.ph/local/pdf/RR%20No.%2011-2018.pdf,2026-09-29,2018-01-01,,NOT-APPLICABLE,Recipient/payment scope must be decided before exclusion; no employee-compensation formula follows.,,,,
PH-WH02,PH,tax,The employer pays fringe-benefit tax of 35% on the grossed-up value (value ÷ 65%) of benefits to managerial/supervisory employees (25%/75% for covered nonresident aliens not in business); benefits necessary to the business or for the employer's convenience are excluded.,RR 11-2018 s.1 (RR 2-98 s.2.57.1(G)); RR 3-98,https://bir-cdn.bir.gov.ph/local/pdf/RR%20No.%2011-2018.pdf,2026-09-29,2018-01-01,,GAP,"Current source audit (2026-10-03). Integrated declarations: FBT. Remaining full scope: Current FBT catalogue and employer-charge scheme exist. Whole actual benefit-kind statutory valuation/business/convenience exclusions, relevant recipient tax profiles and authority form/remittance joins remain broader than entered/display value.. Actual original documents and external actions remain distinct from missing application behavior; no new verification.",,,,
PH-WH03,PH,tax,"Professional, talent, director and agent fees are supplementary compensation when the recipient is an employee of the lone payor; otherwise independent-service withholding applies.",RR 11-2018 s.2 (RR 2-98 s.2.57.2(A)),https://bir-cdn.bir.gov.ph/local/pdf/RR%20No.%2011-2018.pdf,2026-09-29,2018-01-01,,GAP,"Current source audit (2026-10-03). Integrated declarations: EMPLOYEE_PROFESSIONAL_FEE, fee_recipient_relationship. Remaining full scope: Employee fee source class and actual relationship facts exist. Whole nonemployee professional/director/talent/agent classification, multiple payors, documentary declarations, correct actual withholding/returns is not certified by employee supplementary code.. Actual original documents and external actions remain distinct from missing application behavior; no new verification.",,,,
PH-WH04,PH,tax,"Commercial, supplier and other non-compensation expanded withholding (including 15% on government-personnel overtime paid by importers, shipping or airline companies under (G)) is payment-specific.",RR 11-2018 s.2 (RR 2-98 s.2.57.2(B)–(U)),https://bir-cdn.bir.gov.ph/local/pdf/RR%20No.%2011-2018.pdf,2026-09-29,2018-01-01,,NOT-APPLICABLE,Not employee payroll; ordinary employee overtime treatment must not be applied to the (G) payment without classifying payor and recipient.,,,,
PH-WH05,PH,tax,"The lone-payor non-employee exemption uses the income threshold, sworn declaration and registration evidence; it is not an employee exemption.","RR 11-2018 ss.3–4 (RR 2-98 ss.2.57.3, 2.57.5)",https://bir-cdn.bir.gov.ph/local/pdf/RR%20No.%2011-2018.pdf,2026-09-29,2018-01-01,,NOT-APPLICABLE,"Does not override PH-WH15; preserve scope, certificate and facts if non-employee payments are ever supported.",,,,
PH-WH06,PH,filing,"Withholding agents file expanded/final returns, QAP, monthly remittances (including specified zero returns), certificates and annual information returns on their prescribed forms and dates.",RR 11-2018 s.5 (RR 2-98 s.2.58),https://bir-cdn.bir.gov.ph/local/pdf/RR%20No.%2011-2018.pdf,2026-09-29,2018-01-01,,EXTERNAL,"Phase 2, 2026-10-01, in all 22 unvoided versions: the compensation returns 1601-C and 1604-C are ledger duties. The expanded and final withholding returns and the QAP are not payroll duties. Prior: Procedural filing; dated output, remittance and reconciliation evidence and later amendments open (R18/R03).",obligations.BIR_1601C_MONTHLY_REMITTANCE; obligations.BIR_1604C_ANNUAL_ALPHALIST; duty_types:BIR_1601C_MONTHLY_REMITTANCE; duty_types:BIR_1604C_ANNUAL_ALPHALIST,,,
PH-WH07,PH,tax,"De minimis benefits within their class caps and conditions are exempt; the excess joins the PHP90,000 other-benefits pool.",RR 11-2018 s.6 (RR 2-98 s.2.78.1(A)(3)) as amended by RR 4-2025 and RR 29-2025,https://bir-cdn.bir.gov.ph/BIR/pdf/RR%20No.%2029-2025%20digest%20FINAL.pdf,2026-09-30,2018-01-01,,PARTIAL,"Wave1 source implementation (2026-10-03): Actual OT/night cash meal furnishing date, attendance qualification and original payment evidence now required in22dated catalogue rows. Exact original per-furnished-day repeated-purchase cap aggregation remains engine work; all-over-time-days multiplication cannot prove actual furnished-day exemption. Source-only; no new verification.",statutory_contributions:WTAX; allowance_catalogue,Philippines — the rice subsidy is de minimis and outside withholding (RR 2-98 s.2.78.1(A)(3)(d)),PH-AM02-1; PH-AM02-2; PH-AM02-3,
PH-WH08,PH,tax,"13th-month pay and other benefits are exempt up to PHP90,000 a year; mandatory GSIS/SSS/PhilHealth/Pag-IBIG contributions and union dues are excluded from taxable compensation.",RR 11-2018 s.6 (RR 2-98 s.2.78.1(B)(11)–(12)),https://bir-cdn.bir.gov.ph/local/pdf/RR%20No.%2011-2018.pdf,2026-09-30,2018-01-01,,PARTIAL,"Wave0 source integration (2026-10-03): original native annual financial, prior certificate, official form/export/return and cash-year source policies activated across22dated PH versions. Remaining whole scope: Original tax cash conservation, mandatory employee relief and prior/native annual financial sources are activated. Complete mixed-source exemption, union-dues/GSIS and all independent other-benefit classes remain broader than the bounded consumer. Source-only; no new verification. ",statutory_contributions:WTAX,"Philippines — a June bonus sits inside the ₱90,000 pool; its excess is taxed on the regular bracket",PH-SS09-1; PH-WH08-1; PH-HR15-1; PH-AM02-1; PH-AM02-3; PH-HR14-1,2026-09-29
PH-WH09,PH,tax,"A minimum-wage earner's statutory minimum wage and holiday, overtime, night and hazard pay are exempt, and other taxable income does not remove the exemption; the PHP250,000 annual exemption also applies.","RR 11-2018 s.6 (RR 2-98 s.2.78.1(B)(13), both printed occurrences); RA 9504",https://bir-cdn.bir.gov.ph/local/pdf/RR%20No.%2011-2018.pdf,2026-09-29,2018-01-01,,PARTIAL,"Wave0 source integration (2026-10-03): original dated MWE basic/premium work-basis, selected-band identity, actual cash-year proof and immutable paid snapshot consumers activated across22dated PH versions. Remaining whole scope: complete mixed MWE/taxable compensation, changing-rate and independently exempt benefit partitions remain bounded by explicit original-source admission. Source-only; no new verification. ",statutory_contributions:WTAX,"Philippines — a minimum-wage earner’s overtime and night differential are outside withholding (RA 9504), and an apprentice’s floor is 75% of the wage",PH-WH09-1;PH-WG10-1,2026-09-29
PH-WH10,PH,tax,"The ordinary periodic method classifies net taxable regular versus supplementary pay, selects the bracket from taxable regular pay and applies it to the excess including supplementary pay, on the table of the actual payroll period.","RR 11-2018 s.7 (RR 2-98 s.2.79(A), (B)(1)–(4)); Labor Code art.103",https://bir-cdn.bir.gov.ph/local/pdf/RR%20No.%2011-2018.pdf,2026-09-29,2018-01-01,,TESTED,"Monthly table: the bracket chosen on taxable regular pay and applied with supplementary pay (probes PH-HR06-1, PH-HR05-1, PH-WH08-1); semi-monthly and weekly tables by golden only.",statutory_contributions:WTAX; statutory_contributions:WTAX.parts,"Philippines — a semi-monthly company: the monthly schemes once a month, Annex E by column; Philippines — a weekly-paying company withholds on Annex E’s weekly column and charges the month’s schemes in the last week; PH withholding selection: ${scenario.name}",PH-HR06-1; PH-HR05-1; PH-WH08-1,
PH-WH11,PH,tax,The cumulative averaging method applies on the specified supplement/prior-employer triggers and persists for the calendar year.,RR 11-2018 s.7 (RR 2-98 s.2.79(B)(5)(a)),https://bir-cdn.bir.gov.ph/local/pdf/RR%20No.%2011-2018.pdf,2026-09-29,2018-01-01,,TESTED,"Goldens pass (run 2026-10-01): each trigger (overtime, night differential, taxable cash-out, regular below the exemption level, supplement at least regular, prior employer incl. zero balance), persistence after an earlier trigger, semi-monthly and weekly averaging, and the stop on an incomplete prior-employer opening. No probe.",statutory_contributions:WTAX.history_trigger,"PH cumulative: prior employer, six periods of PHP27550 taxable plus PHP56550 current; PH cumulative: the method persists after an earlier trigger and a salary increase; PH cumulative: a semi-monthly average uses the semi-monthly table; PH withholding selection: ${scenario.name}",,
PH-WH12,PH,tax,The year-end/final adjustment includes prior employers; a deficiency beyond final compensation is advanced by the employer and recovered separately; excess is refunded by 25 January or with last pay on exit; remittance credits carry until reimbursed.,RR 11-2018 s.7 (RR 2-98 s.2.79(B)(5)(b)); s.16,https://bir-cdn.bir.gov.ph/local/pdf/RR%20No.%2011-2018.pdf,2026-09-30,2018-01-01,,PARTIAL,"Wave0 source integration (2026-10-03): original native annual financial, prior certificate, official form/export/return and cash-year source policies activated across22dated PH versions. Remaining whole scope: Original prior certificates/native annual documents, tax/remittance/receipt/return source mappings are activated. Whole employer advance and independent recovery, final/25January actual refund discharge and remittance reimbursement/carry closure remain separate runtime scope. Source-only; no new verification. ",statutory_contributions:WTAX; obligations.BIR_YEAR_END_ADJUSTMENT,Philippines — December annualises the year and charges the difference (RR 11-2018 s.16),PH-HR15-1; PH-HR14-1,2026-09-29
PH-WH13,PH,tax,"Other pay periods, managerial compensation versus fringe benefits, and employer-borne tax need distinct classification and gross-up; a net-pay agreement cannot erase the employer liability.","RR 11-2018 s.7 (RR 2-98 s.2.79(B)(5)(c), (C)–(D))",https://bir-cdn.bir.gov.ph/local/pdf/RR%20No.%2011-2018.pdf,2026-09-29,2018-01-01,,GAP,"Current source audit (2026-10-03). Integrated declarations: Current generic/source paths recorded in the row audit. Remaining full scope: Whole actual net agreement/coupled employer tax gross-up, fringe-vs-compensation and irregular pay-period source law require explicit contracts; SG generic income event gross-up does not automatically activate PH.. Actual original documents and external actions remain distinct from missing application behavior; no new verification.",,,,
PH-WH14,PH,tax,Citizen/resident employees of RHQ/ROHQ/OBU/petroleum employers follow regular rates.,RR 11-2018 s.7 (RR 2-98 s.2.79(E)–(I)),https://bir-cdn.bir.gov.ph/local/pdf/RR%20No.%2011-2018.pdf,2026-09-29,2018-01-01,,IMPLEMENTED,"Wave1 full source scope (2026-10-03): All22dated WTAX declarations apply the regular RR11-2018 graduated compensation schedules to RESIDENT/citizen-resident recipients, without an RHQ/ROHQ/OBU/petroleum-employer preferential branch. Native actual residency admission distinguishes the separate nonresident-netb rule; employer class does not displace regular citizen/resident compensation rates in the supported dated law range. No tests/probes/builds or new verification.",,,,
PH-WH15,PH,filing,"Employees register, give spouse and main-employer information, and successive employers exchange Form 2316; failure or refusal to register still requires table withholding.",RR 11-2018 ss.8–9 (RR 2-98 ss.2.79.1–2.79.2),https://bir-cdn.bir.gov.ph/local/pdf/RR%20No.%2011-2018.pdf,2026-09-29,2018-01-01,,EXTERNAL,"R46 zero-tax bypass corrected (PH-R46); saved-record and reporting evidence open. Obligation BIR_EMPLOYEE_TIN_REGISTRATION_AND_UPDATES (registration within 10 days of employment, RA 11976 s.34 amending s.236(A)(1)).",obligations.BIR_EMPLOYEE_TIN_REGISTRATION_AND_UPDATES,,,
PH-WH16,PH,tax,Spouses' compensation is taxed separately.,RR 11-2018 s.10 (RR 2-98 s.2.79.4),https://bir-cdn.bir.gov.ph/local/pdf/RR%20No.%2011-2018.pdf,2026-09-29,2018-01-01,,IMPLEMENTED,Current source audit (2026-10-03). Integrated declarations: WTAX. Full narrow implementation retained; verification remains due. Actual original documents and external actions remain distinct from missing application behavior; no new verification.,statutory_contributions:WTAX,,,
PH-WH17,PH,tax,The employer (or government officer) is liable for tax not withheld plus assessed interest; no simultaneous deficiency and delinquency interest under this text.,RR 11-2018 s.11 (RR 2-98 s.2.80),https://bir-cdn.bir.gov.ph/local/pdf/RR%20No.%2011-2018.pdf,2026-09-29,2018-01-01,,EXTERNAL,"Assessments are external facts, not employee deductions; later EOPT changes PH-WH21–23.",,,,
PH-WH18,PH,filing,"Employers issue Form 2316 (including MWE/zero-tax recipients) by 31 January or with last pay, with signatures and records, and meet substituted-filing copy/list deadlines.",RR 11-2018 s.12 (RR 2-98 s.2.83.1),https://bir-cdn.bir.gov.ph/local/pdf/RR%20No.%2011-2018.pdf,2026-09-29,2018-01-01,,EXTERNAL-RECORDED,"Phase 2, 2026-10-01, in all 22 unvoided versions: BIR_2316_CERTIFICATE is a yearly COMPANY duty due 31 January and retained ten years. BIR_2316_LEAVER_CERTIFICATE is an EXIT duty due 30 days after the last day; the latest lawful last payment is the recorded default for ""the day of the last payment"". Duty instances are raised only by the daily obligation_calendar automation, and the probe harness reads `saved` rows before any automation runs, so no probe pins one yet (harness gap, owner H). Open: the prescribed form content (no L2 return is declared). Prior: A generic payslip does not establish the prescribed certificate; later form, retention and submission amendments open.",obligations.BIR_2316_CERTIFICATE; duty_types:BIR_2316_CERTIFICATE; duty_types:BIR_2316_LEAVER_CERTIFICATE,,,
PH-WH19,PH,filing,"Substituted filing requires a single employer, pure compensation, tax withheld equal to tax due and the spouse conditions; multiple employers, other income, mismatch and the (E) nonresident-alien-in-business profile disqualify.",RR 11-2018 s.13 (RR 2-98 s.2.83.4),https://bir-cdn.bir.gov.ph/local/pdf/RR%20No.%2011-2018.pdf,2026-09-29,2018-01-01,,EXTERNAL,"Phase 2, 2026-10-01, in all 22 unvoided versions: duty type BIR_2316_SUBSTITUTED_FILING_LIST, due 28 February, completes with the BIR reference. Duty instances are raised only by the daily obligation_calendar automation, and the probe harness reads `saved` rows before any automation runs, so no probe pins one yet (harness gap, owner H). Open: the substituted-filing eligibility test. Prior: Eligibility and output probes open.",obligations.BIR_2316_CERTIFICATE; duty_types:BIR_2316_SUBSTITUTED_FILING_LIST,,,
PH-WH20,PH,tax,"RR 11-2018 transitional 2018 filing, corrected-certificate and no-double-credit rules, repeal, and 1 January 2018 commencement.",RR 11-2018 ss.14–16,https://bir-cdn.bir.gov.ph/local/pdf/RR%20No.%2011-2018.pdf,2026-09-29,2018-01-01,,NOT-APPLICABLE,Expired transitional deadlines do not apply to current payroll; historical inputs may preserve effects. RR 14-2018 amends the transition; its full text is unread.,,,,
PH-WH21,PH,filing,"Compensation withheld is returned and paid electronically or manually to any AAB, RDO or authorised tax software provider within 25 days after each calendar quarter, with more frequent deposit (monthly 1601-C) as the Commissioner requires; creditable/final withholding arises when income becomes payable.","RA 11976 (EOPT) ss.9, 12, 51 amending NIRC ss.58, 81; RR 4-2024",https://elibrary.judiciary.gov.ph/thebookshelf/showdocs/2/96948,2026-09-28,2024-01-22,,EXTERNAL-RECORDED,"Phase 2, 2026-10-01, in all 22 unvoided versions: BIR_1601C_MONTHLY_REMITTANCE is raised by each finalised run. It is due the 10th of the following month (December's on 15 January), the amount is the run's WTAX remittance, and it completes with the filing reference; the later eFPS group days are not applied. Duty instances are raised only by the daily obligation_calendar automation, and the probe harness reads `saved` rows before any automation runs, so no probe pins one yet (harness gap, owner H). Prior: Read 28 Sep 2026: s.9 (NIRC s.58(C) ""arises at the time the income has become payable"") governs s.57 taxes, not compensation; wages are returned under s.81 as amended by s.12. The run's pay-period assignment stands; the filing channel is a PH-RP01 output. RR 3-2024 implements VAT and percentage tax only; compensation filing is RR 4-2024 (https://bir-cdn.bir.gov.ph/BIR/pdf/RR%20No.%204-%202024.pdf). Merges PH-SRC11: s.51 ""fifteen (15) days after its publication in the Official Gazette or in a newspaper""; RR 3-, 4- and 7-2024 (dated 22 Mar 2024, signed 8 Apr, received 11 Apr, each s.11 in force 15 days after OG or BIR-website publication) do not state the Act's date; RMC 14-2024 (24 Jan 2024, https://bir-cdn.bir.gov.ph/local/pdf/RMC%20No.%2014-2024.pdf) stops the registration fee ""effective January 22, 2024""; E-Library records the Daily Tribune of 11 Jan 2024 p.A6 and 120 OG No.3 of 15 Jan 2024 (which would give 26 Jan); the BIR EOPT flyer (https://bir-cdn.bir.gov.ph/BIR/pdf/flyer-eopt.pdf p.1) says OG publication 7 Jan 2024, effective 22 Jan 2024. Owner rule 2026-09-28 (law states the s.51 formula, the regulator states the fact): 22 January 2024. officialgazette.gov.ph returns 403. No computed amount depends on it (every PH version starts on or after 1 Dec 2025).",obligations.BIR_1601C_MONTHLY_REMITTANCE; duty_types:BIR_1601C_MONTHLY_REMITTANCE,,,
PH-WH22,PH,tax,"A micro (<PHP3M) or small (PHP3M–<20M gross sales) taxpayer that files or pays late pays a 10% surcharge instead of 25%, interest reduced by 50%, a PHP500 information-return fine, and a compromise at least 50% lower.",RA 11976 s.45 (NIRC ss.248–250); classes micro/small/medium (PHP20M–<1B)/large (≥PHP1B),https://elibrary.judiciary.gov.ph/thebookshelf/showdocs/2/96948,2026-09-28,2024-01-22,,GAP,"Current source audit (2026-10-03). Integrated declarations: Current generic/source paths recorded in the row audit. Remaining full scope: Actual micro/small taxpayer category, late principal/penalty/interest original payment calculations and authority corrections are not integrated by ordinary withheld tax.. Actual original documents and external actions remain distinct from missing application behavior; no new verification.",,,,
PH-WH23,PH,tax,The EOPT micro-taxpayer exemption from withholding covers only creditable (expanded) withholding under s.57(B); a micro employer still withholds compensation tax on wages.,RA 11976 s.8 amending NIRC s.57(B),https://elibrary.judiciary.gov.ph/thebookshelf/showdocs/2/96948,2026-09-28,2024-01-22,,TESTED,"Fewer-than-ten establishment at PHP30,000 in July 2026 withholds PHP1,007.55; s.8's proviso reaches subsection (B) only; the seed has no taxpayer-class fact that could suppress WTAX.",statutory_contributions:WTAX,Philippines — a small employer still withholds on wages: the EOPT micro exemption is s.57(B) creditable tax only (RA 11976 s.8),,
PH-WH24,PH,tax,A nonresident alien not engaged in trade or business is withheld 25% of gross compensation; a nonresident alien engaged in business is on the graduated table.,NIRC s.25(B); RR 21-2025 s.3,https://bir-cdn.bir.gov.ph/BIR/pdf/RR%20NO.%2021-2025.pdf,2026-09-29,,,VERIFIED,"PH-WH24-1: NRANETB 25% of ₱40,000 gross = 10,000; PH-WH24-2: NRAETB on the graduated table, 2,618.40. RR 21-2025 s.3 retains 25%.",statutory_contributions:WTAX,Philippines — a non-resident alien not engaged in trade or business is withheld 25% of the gross (NIRC s.25(B)),PH-WH24-1;PH-WH24-2,2026-09-30
PH-AM01,PH,tax,"Uniform/clothing allowance is de minimis to PHP7,000 a year and an achievement award to PHP10,000 a year (cash, gift certificate or property under a written nondiscriminatory plan), effective fifteen days after publication.",RR 4-2025 ss.1–3,https://bir-cdn.bir.gov.ph/BIR/pdf/RR%20No.%204-2025.pdf,2026-09-29,,,IMPLEMENTED,"Current source audit (2026-10-03). Integrated declarations: ACHIEVEMENT_AWARD, ACHIEVEMENT_AWARD_NONCASH, UNIFORM_ALLOWANCE. Full narrow implementation retained; verification remains due. Actual original documents and external actions remain distinct from missing application behavior; no new verification.",allowance_catalogue; adhoc_catalogue:UNIFORM_ALLOWANCE; adhoc_catalogue:ACHIEVEMENT_AWARD,,,
PH-AM02,PH,tax,"From 6 Jan 2026 de minimis ceilings are: private vacation cash-out 12 days; dependants' medical PHP2,000/semester (PHP333/month); rice PHP2,500/month; uniform PHP8,000/year; actual medical PHP12,000/year; laundry PHP400/month; awards PHP12,000/year; Christmas/anniversary gifts PHP6,000/year; OT/night meals 30% of regional basic minimum; CBA/productivity combined PHP12,000/year; government vacation/sick exempt.",RR 29-2025 ss.1–3,https://bir-cdn.bir.gov.ph/BIR/pdf/RR%20No.%2029-2025.pdf,2026-09-30,2026-01-06,,PARTIAL,Wave1 source implementation (2026-10-03): Actual OT/night cash meal furnishing and native attendance/payment source facts now required; original dated de-minimis caps retained. Exact per-furnished-workday aggregate25/30%cap and all monthly/semester/independent benefit partitions remain unresolved. Source-only; no new verification.,statutory_contributions:WTAX; allowance_catalogue; adhoc_catalogue,"Philippines — RR 29-2025’s ₱2,500 rice ceiling, in the formula and its authority (PH-S6)",PH-AM02-1; PH-AM02-2; PH-AM02-3,
PH-AM03,PH,tax,"From 1 Jul 2025 a qualifying employer PERA contribution is exempt from the employee's withholding within the allowable cap (e.g. employee PHP180,000 + employer PHP180,000 leaves only PHP20,000 of the employer contribution within the PHP200,000 cap), supported by the administrator certificate; the employer's own ordinary/additional deduction has separate conditions.",RR 22-2025 ss.1–6,https://bir-cdn.bir.gov.ph/BIR/pdf/RR%20No.%2022-2025.pdf,2026-09-29,2025-07-01,,GAP,"Current source audit (2026-10-03). Integrated declarations: PERA_EMPLOYER_QUALIFIED. Remaining full scope: Qualified employer PERA contribution class/actual administrator facts are present. Complete employee+employer shared annual cap, administrator original certificates, FX/actual payment and taxable excess/annual noncash reporting must reconcile; whole employer income-tax deduction is separate.. Actual original documents and external actions remain distinct from missing application behavior; no new verification.",,,,
PH-AM04,PH,tax,"Retirement benefits under a qualified private plan are tax-exempt only at age 50 with ten years' service with the same employer and no prior use of the privilege; merger/multiemployer continuity depends on no separation benefit; certification, retroactivity and denial liability matter.",RR 15-2025 ss.1–15 (Annex A not included),https://bir-cdn.bir.gov.ph/BIR/pdf/RR%20No.%2015-2025.pdf,2026-09-29,,,GAP,"Current source audit (2026-10-03). Integrated declarations: PRIVATE_RETIREMENT_PLAN_EXEMPT_EXCESS, PRIVATE_RETIREMENT_PLAN_TAXABLE_EXCESS, retirement_exempt_establishment. Remaining full scope: Actual private-plan additional benefit qualification and taxable fallback exist. Complete inclusive plan/statutoryfloor reconciliation, trustee-paid source report, funding/investment/application/denial-liability lifecycle remains outside certified extra-only class.. Actual original documents and external actions remain distinct from missing application behavior; no new verification.",facts.retirement_exempt_establishment,,,
PH-AM05,PH,tax,Credit-card company and e-marketplace/digital-financial-provider merchant remittances are withheld at 0.5% of gross.,RR 5-2025 ss.1–5,https://bir-cdn.bir.gov.ph/BIR/pdf/RR%20No.%205-2025.pdf,2026-09-29,,,NOT-APPLICABLE,"Merchant sales/service remittances, not compensation; no change to the compensation ladder.",,,,
PH-AM06,PH,tax,"Top withholding agents withhold 1% on goods, 2% on services and 0.5% on specified wholesale manufacturers/direct importers (vehicles/parts, pharmaceuticals, fuels).",RR 24-2025 ss.1–4,https://bir-cdn.bir.gov.ph/BIR/pdf/RR%20No.%2024-2025.pdf,2026-09-29,,,NOT-APPLICABLE,Supplier-payment rules; independent service recipients still need PH-WH03/04 classification.,,,,
PH-AM07,PH,tax,"Employee stock options, RSUs, appreciation rights and restricted share awards are compensation at exercise under RR 13-2022/RMC 143-2022; RR 21-2025 is effective 1 Jul 2025.",RR 21-2025 ss.1–13,https://bir-cdn.bir.gov.ph/BIR/pdf/RR%20NO.%2021-2025.pdf,2026-09-29,2025-07-01,,GAP,"Current source audit (2026-10-03). Integrated declarations: EQUITY_CASH_COMPENSATION, EQUITY_SHARE_COMPENSATION. Remaining full scope: Actual equity cash/share valuation classes are present. Whole stock/RSU/SAR/restricted-award cash/share financial and annual/certificate source integration not established merely by catalogue source.. Actual original documents and external actions remain distinct from missing application behavior; no new verification.",,,,
PH-AM08,PH,tax,"Registered-enterprise direct-labour/training deductions, Adopt-a-School donations and EBET training incentives are employer income-tax incentives with their own eligibility, certification and no-overlap rules; they do not change an employee's pay or exempt training pay.",RR 13-2025 ss.1–12,https://bir-cdn.bir.gov.ph/BIR/pdf/RR%20No.%2013.pdf,2026-09-29,,,EXTERNAL,Employer tax claim; retain direct-labour/program classification and cost records if producing incentive reports.,,,,
PH-AM09,PH,tax,"EBET: only enterprise-borne costs qualify, no duplicate/carryover/overlap; general trainees get the stated allowance, apprentices at least 75% of the applicable minimum, upskilling employees full wages, overtime/night and benefits; the extra employer deduction rises from 50% to 75% in 2028.",RMC 23-2026 Q1–Q8,https://bir-cdn.bir.gov.ph/BIR/pdf/RMC%20No.%2023-2026.pdf,2026-09-29,,,GAP,"Current source audit (2026-10-03). Integrated declarations: EBET_ADMISSION_AGE, EBET_ADMISSION_BIRTH_DATE_REQUIRED, EBET_ALLOWANCE_CADENCE, EBET_APPRENTICESHIP_COMPETENCY, EBET_APPRENTICESHIP_FITNESS_DATE, EBET_APPROVED_DURATION, EBET_APPROVED_PLAN_EXPIRED, EBET_CONSECUTIVE_PROGRAMME, EBET_GENERAL_ALLOWANCE_BASIS, EBET_GENERAL_BEYOND_SIX_MONTHS, EBET_GUARDIAN_SIGNATURE, EBET_IDENTIFIED_EXCESS_REQUIRES_REGULAR_EMPLOYMENT, EBET_NO_PROBATION_ON_HIRE, EBET_PROGRAM_MISMATCH, EBET_PROGRAM_UNRECORDED, EBET_QUOTA_ACTUAL_ROSTER_REQUIRED, EBET_QUOTA_EXCESS_IDENTIFICATION_REQUIRED, EBET_REGISTRATION_BEFORE_IMPLEMENTATION, EBET_SCREENING_COST, EBET_TERMINATED_AGREEMENT_REQUIRES_ACTUAL_NEXT_STATUS, EBET_TERMINATION_PRIOR_NOTICE_REQUIRED, EBET_TESDA_TERMINATION_NOTIFICATION_UNRECORDED, EBET_UPSKILLING_NON_DIMINUTION, EBET_UPSKILLING_PROGRAMME_ONLY_EXIT_PROHIBITED, EBET_UPSKILLING_RETAINS_EMPLOYMENT, EBET_YEARLY_EVALUATED_ALLOWANCE_PAYSLIP, EBET_YEARLY_EVALUATED_ALLOWANCE_TERMS_CHANGE, ebet_agreement_source, ebet_agreement_status, ebet_allowance_meals, ebet_allowance_other_agreed, ebet_allowance_payments_per_month, ebet_allowance_transport_accommodation, ebet_apprenticeship_nc_level, ebet_due_process_reference, ebet_evaluated_monthly_allowance, ebet_fit_to_work_issued_on, ebet_fit_to_work_source, ebet_general_apprentice_total, ebet_graduate_same_competencies, ebet_guardian_signature_recorded, ebet_hired_before_completion, ebet_hiring_source, ebet_identified_excess_trainee, ebet_notice_delivered_on, ebet_previous_year_monthly_allowance, ebet_prior_programme_same_enterprise, ebet_prior_programme_source, ebet_prior_written_notice, ebet_program, ebet_programme_only_exit, ebet_quota_assessment_reference, ebet_registration_basis, ebet_registration_issued_on, ebet_registration_source, ebet_regular_employee_count, ebet_screening_charged_to_trainee, ebet_terminated_on, ebet_termination_by, ebet_termination_source, ebet_tesda_approved_trainee_cap, ebet_tesda_cap_increase_approved, ebet_tesda_termination_notification_reference, ebet_training_ends_on, ebet_training_started_on, ebet_upskilling_employer_payer_source, ebet_upskilling_pre_training_monthly_wage, ebet_yearly_evaluation_source, ebet_yearly_increase_effective_on, ebet_yearly_increase_through. Remaining full scope: EBET programme wage/allowance controls exist. Enterprise-borne cost/no duplicate/carryover incentive application and2028employer deduction source is broader than trainee pay guards.. Actual original documents and external actions remain distinct from missing application behavior; no new verification.",,,,
PH-AM10,PH,tax,"Equity exercises/availments from 29 Oct 2022 use compensation withholding for all ranks, valued at the higher of book/FMV at exercise less the grant price; grant report within 30 days, exercise report by the 10th of the following month.",RR 13-2022 ss.1–7; RMC 143-2022 Parts I–IV,https://bir-cdn.bir.gov.ph/local/pdf/RR%20No.%2013-2022.pdf,2026-09-29,2022-10-29,,GAP,"Current source audit (2026-10-03). Integrated declarations: EQUITY_CASH_COMPENSATION, EQUITY_SHARE_COMPENSATION. Remaining full scope: Actual employee-grantee exercise valuation/cash-vs-share source classes exist. Grant30day/exercise10th reporting, transfer/donation/heir/DST and pre29Oct2022FBT source regime remain missing whole-row scope.. Actual original documents and external actions remain distinct from missing application behavior; no new verification.",,,,
PH-PERA01,PH,tax,"A PERA contributor (capacity, TIN, overseas status, at most five accounts with one administrator, aggregate annual limit) gets a 5% tax credit on contributions; the employer contribution is additional to mandatory SSS/retirement and is distinct from the employee credit.","RA 9505 ss.1–6, 8; IRR Rules 1–3, 6–8, 10; RR 17-2011 ss.1–2, 4, 6–8",https://www.bsp.gov.ph/Pages/Regulations/BankingLaws/RA9505.aspx,2026-09-29,,,GAP,"Current source audit (2026-10-03). Integrated declarations: PERA_EMPLOYER_EXCESS, PERA_EMPLOYER_QUALIFIED. Remaining full scope: Current approved certificate/employer PERA sources are present. Whole contributor capacity/TIN/at-most5accounts/oneadministrator/overseas classification and aggregate original limit history plus contribution-vs-credit differentiation remains source-dependent.. Actual original documents and external actions remain distinct from missing application behavior; no new verification.",,,,
PH-PERA02,PH,tax,"Provider accreditation, investment approval/valuation, custody, suitability, transfers, investment-income/distribution tax and administrator records are the regulated administrator's duties; age 55 + five contribution years and death distributions are PERA distributions, not Labor Code retirement.","RA 9505 ss.7, 9–16; IRR Rules 4–6, 9, 11–17; RR 17-2011 ss.3, 5, 9–10, 13–14",https://www.bsp.gov.ph/Pages/Regulations/BankingLaws/RA9505.aspx,2026-09-29,,,NOT-APPLICABLE,Provider-side with no employer wage interface; an employer contributing or accepting a TCC is not the administrator.,,,,
PH-PERA03,PH,tax,"PERA enforcement, misuse sanctions, repeal and commencement (tax incentives from 1 Jan 2009 under the Act; RR 17-2011 states 1 Jan 2012).","RA 9505 ss.17–21; IRR Rules 18–19, 21; RR 17-2011 ss.11–12, 15–16",https://www.bsp.gov.ph/Pages/Regulations/BankingLaws/RA9505.aspx,2026-09-29,,,EXTERNAL,Assessments/orders are external; criminal penalties are not wage deductions; historical claims need contemporaneous instruments.,,,,
PH-PERA04,PH,tax,"Early withdrawal recaptures the availed 5% credit plus a 20% income penalty; source-of-funds evidence, 15-day transfers, hospital/disability cases and consented fees are administrator rules.",RR 10-2016 ss.1–4; RR 23-2018 ss.1–6,https://bir-cdn.bir.gov.ph/BIR/pdf/RR%20No.%2010-2016.pdf,2026-09-29,,,NOT-APPLICABLE,Administrator withdrawal rules; no employer WTAX clawback inferred; the rendered text confirms 20% despite defective PDF extraction. RR 23-2018: https://bir-cdn.bir.gov.ph/local/pdf/RR%20No.%2023-2018.pdf. Current penalty scope PH-PERA09.,,,,
PH-PERA05,PH,tax,The employer PERA contribution is exempt with no employer 5% credit and no add-back on the employee's early withdrawal; PERA participation alone does not disqualify substituted filing.,RMC 99-2018 Q1–12,https://bir-cdn.bir.gov.ph/local/pdf/RMC%20No%2099-2018.pdf,2026-09-29,,,GAP,"Current source audit (2026-10-03). Integrated declarations: PERA_EMPLOYER_EXCESS, PERA_EMPLOYER_QUALIFIED. Remaining full scope: Actual employer contribution and employee credit policies are distinct. Whole early-withdrawal/addback and substituted-filing contributor scope is not fully established by policy presence.. Actual original documents and external actions remain distinct from missing application behavior; no new verification.",,,,
PH-PERA06,PH,tax,"At year-end the employer applies an employee's approved PERA Tax Credit Certificate against annual tax due, refunds excess tax actually withheld, and carries unused credit to the next year, showing details on Alphalist/2316.",RMC 139-2020 Q1–10 (Q6–7); RR 2-2022 s.4; RMC 94-2026 Q10 employee row,https://bir-cdn.bir.gov.ph/local/pdf/RMC%20No.%20139-2020%20%281%29.pdf,2026-09-29,,,GAP,"Wave0 source integration (2026-10-03): original native annual financial, prior certificate, official form/export/return and cash-year source policies activated across22dated PH versions. Remaining whole scope: Original2316, DAT,1604C and AnnexF native policies and approved-credit report transport now activated. Whole mixed/overseas contributor classification, actual original payment refund discharge and complete source-scope annual workflow remain broader than native branches. Source-only; no new verification. ",,,,
PH-PERA07,PH,tax,Administrators report contributions 15 days and withdrawals 60 days after each quarter and annual reports/TCC applications 60 days after year-end; the employer takes the submitted TCC into the annual adjustment and keeps certificate details.,RR 2-2022 ss.1–7 (repeals RR 6-2021); RMO 17-2022 Parts I–VI,https://bir-cdn.bir.gov.ph/local/pdf/RR%20No.%202-2022.pdf,2026-09-29,,,EXTERNAL,"PERASys/ePERA approval, partial issuance, cancellation/reprint and CLAIMED state are BIR operations; payroll must not invent approvals. Annexes A–G unreviewed. RMO 17-2022: https://bir-cdn.bir.gov.ph/local/pdf/RMO%20No.%2017-2022.pdf.",,,,
PH-PERA08,PH,tax,"Qualified annual PERA caps are PHP200,000 (non-overseas) and PHP400,000 (overseas) from 1 Jan 2023; excess investments get no tax benefit; five-year TCC validity with no reissue.",RR 7-2023 ss.1–4,https://bir-cdn.bir.gov.ph/local/pdf/RR%20No.%207-2023.pdf,2026-09-29,2023-01-01,,GAP,"Current source audit (2026-10-03). Integrated declarations: PERA_EMPLOYER_EXCESS, PERA_EMPLOYER_QUALIFIED. Remaining full scope: Current contributor caps and original issue-date expiry source exist. Whole actual overseas/FX/spouse/representation/aggregate prior use needs source proof; no credit from contribution without actual approved certificate.. Actual original documents and external actions remain distinct from missing application behavior; no new verification.",,,,
PH-PERA09,PH,tax,"The administrator's 20% penalty applies to realised income on assets actually withdrawn with credit recapture for those assets, amending inconsistent RMC 4-2023.",RMC 91-2026 (corrected) Parts I–VII,https://bir-cdn.bir.gov.ph/BIR/pdf/RMC%20No.%2091-2026%20corrected.pdf,2026-09-29,,,NOT-APPLICABLE,"Administrator withholds/remits, not an employer compensation deduction; the partial-withdrawal example is not modelled.",,,,
PH-PERA10,PH,tax,"Approved TCC generation, partial utilisation, authenticity/CLAIMED status and contributor-type restrictions; five-year expiry only for TCCs issued on/after 27 Jul 2023; no transfer to a deceased contributor's estate; printed/released certificates are presumed used for early-withdrawal penalties unless disproved.","RMC 94-2026 Q1–10 (dated 13 Aug 2026, effective immediately)",https://bir-cdn.bir.gov.ph/BIR/pdf/RMC%20No.%2094-2026_redacted.pdf,2026-09-29,2026-08-13,,GAP,"Current source audit (2026-10-03). Integrated declarations: PERA_EMPLOYER_EXCESS, PERA_EMPLOYER_QUALIFIED. Remaining full scope: Certificate ledger/utilisation/correction/report source adopted. Whole authenticity/CLAIMED contributor restrictions, estate nontransfer and early-withdrawal presumed-use exceptions requires actual lifecycle integration beyond employee payroll policy.. Actual original documents and external actions remain distinct from missing application behavior; no new verification.",,,,
PH-PERA11,PH,tax,"From 1 Jul 2025 distinguish the qualified employer contribution's employee exemption, the employer's own deduction and the employee's TCC; claiming the employer deduction creates no employee credit.",RR 22-2025 (read under PH-AM03),https://bir-cdn.bir.gov.ph/BIR/pdf/RR%20No.%2022-2025.pdf,2026-09-29,2025-07-01,,GAP,"Current source audit (2026-10-03). Integrated declarations: PERA_EMPLOYER_EXCESS, PERA_EMPLOYER_QUALIFIED. Remaining full scope: Employer exemption and employee certificate source are separated. Whole qualified shared-cap source and distinct employer own deduction/report application not closed by payroll-only contribution class.. Actual original documents and external actions remain distinct from missing application behavior; no new verification.",,,,
PH-EBET01,PH,other,"EBET purpose, definitions, agency/industry roles, training design, funding, monitoring and reporting; payroll consumes the registered program and employer identity and does not grant a CTPR.","RA 12063 ss.1–4, 8, 26–28, 33–34; IRR I, IX–X, XIV.1–2; TC 069 I–V, VIII, XI–XII, XIV",https://elibrary.judiciary.gov.ph/thebookshelf/showdocs/2/98026,2026-09-29,,,EXTERNAL,Report/procedure obligations belong to their actual actors. Shared tracker R28.,,,,
PH-EBET02,PH,other,"General training normally starts at 15; apprenticeship at 18 and NC III+; upskilling retains employment; CHED/DepEd, regulated-profession and government training exclusions need specific opt-in/registration; aptitude testing and fit-to-work certification cannot be charged to the trainee.","RA 12063 ss.5–7, 10; IRR II, IV.2–3, VI.1, VII.1–2; TC III, VI.1, VII",https://elibrary.judiciary.gov.ph/thebookshelf/showdocs/2/98026,2026-09-29,,,PARTIAL,"All22 integrate actual program coverage, age/NCclass, registeredacademic/profession source, risk-based freeinsurance, actual aptitude/oral-written instruction capacity originalREF_AND_FILE and free apprenticeship fit-to-work certificate admission. Enterprise aptitude examination remains optional. Remaining: actual child/safe-spaces operational protection and original evidence/assessment execution; lawful eligibility flags do not perform those actions. No new verification.",,,,
PH-EBET03,PH,other,"Registration precedes implementation; the CTPR, enterprise/partner, approved plan, agreement, allowance, hours and dates are recorded; non-employee allowance is paid at least twice monthly; thirty-day deemed approval requires complete compliant documents.","RA 12063 ss.9, 12; IRR III, IV.1, 4–6, 8; TC V, VI.2–4",https://elibrary.judiciary.gov.ph/thebookshelf/showdocs/2/98026,2026-09-29,,,PARTIAL,"Current source audit (2026-10-03). Integrated declarations: EBET_ADMISSION_AGE, EBET_ADMISSION_BIRTH_DATE_REQUIRED, EBET_ALLOWANCE_CADENCE, EBET_APPRENTICESHIP_COMPETENCY, EBET_APPRENTICESHIP_FITNESS_DATE, EBET_APPROVED_DURATION, EBET_APPROVED_PLAN_EXPIRED, EBET_CONSECUTIVE_PROGRAMME, EBET_GENERAL_ALLOWANCE_BASIS, EBET_GENERAL_BEYOND_SIX_MONTHS, EBET_GUARDIAN_SIGNATURE, EBET_IDENTIFIED_EXCESS_REQUIRES_REGULAR_EMPLOYMENT, EBET_NO_PROBATION_ON_HIRE, EBET_PROGRAM_MISMATCH, EBET_PROGRAM_UNRECORDED, EBET_QUOTA_ACTUAL_ROSTER_REQUIRED, EBET_QUOTA_EXCESS_IDENTIFICATION_REQUIRED, EBET_REGISTRATION_BEFORE_IMPLEMENTATION, EBET_SCREENING_COST, EBET_TERMINATED_AGREEMENT_REQUIRES_ACTUAL_NEXT_STATUS, EBET_TERMINATION_PRIOR_NOTICE_REQUIRED, EBET_TESDA_TERMINATION_NOTIFICATION_UNRECORDED, EBET_UPSKILLING_NON_DIMINUTION, EBET_UPSKILLING_PROGRAMME_ONLY_EXIT_PROHIBITED, EBET_UPSKILLING_RETAINS_EMPLOYMENT, EBET_YEARLY_EVALUATED_ALLOWANCE_PAYSLIP, EBET_YEARLY_EVALUATED_ALLOWANCE_TERMS_CHANGE, ebet_agreement_source, ebet_agreement_status, ebet_allowance_meals, ebet_allowance_other_agreed, ebet_allowance_payments_per_month, ebet_allowance_transport_accommodation, ebet_apprenticeship_nc_level, ebet_due_process_reference, ebet_evaluated_monthly_allowance, ebet_fit_to_work_issued_on, ebet_fit_to_work_source, ebet_general_apprentice_total, ebet_graduate_same_competencies, ebet_guardian_signature_recorded, ebet_hired_before_completion, ebet_hiring_source, ebet_identified_excess_trainee, ebet_notice_delivered_on, ebet_previous_year_monthly_allowance, ebet_prior_programme_same_enterprise, ebet_prior_programme_source, ebet_prior_written_notice, ebet_program, ebet_programme_only_exit, ebet_quota_assessment_reference, ebet_registration_basis, ebet_registration_issued_on, ebet_registration_source, ebet_regular_employee_count, ebet_screening_charged_to_trainee, ebet_terminated_on, ebet_termination_by, ebet_termination_source, ebet_tesda_approved_trainee_cap, ebet_tesda_cap_increase_approved, ebet_tesda_termination_notification_reference, ebet_training_ends_on, ebet_training_started_on, ebet_upskilling_employer_payer_source, ebet_upskilling_pre_training_monthly_wage, ebet_yearly_evaluation_source, ebet_yearly_increase_effective_on, ebet_yearly_increase_through. Remaining full scope: Actual CTPR issue date/plan/agreement and allowance cadence source checks exist; complete prescribed agreement/partner source content and actual deemed approval complete-document rule are not produced automatically.. Actual original documents and external actions remain distinct from missing application behavior; no new verification.",,,,
PH-EBET04,PH,minimum_wage,"A general EBET trainee trains at most six months and receives an allowance covering transport/accommodation, meals and agreed expenses, additional to any scholarship; there is no universal peso amount or 75% floor.","RA 12063 ss.4(f), 13(a); IRR V.1; TC VII.1, VI.6.3",https://elibrary.judiciary.gov.ph/thebookshelf/showdocs/2/98026,2026-09-29,,,PARTIAL,"Current source audit (2026-10-03). Integrated declarations: EBET_GENERAL_BEYOND_SIX_MONTHS, EBET_PROGRAM_MISMATCH, EBET_PROGRAM_UNRECORDED, ebet_program, ebet_programme_only_exit. Remaining full scope: Current allowance transport/accommodation/meals/agreed components and duration checks exist. Exact native allowance payable source/actual cost agreement and scholarship independence require full financial source reconciliation.. Actual original documents and external actions remain distinct from missing application behavior; no new verification.",checks:EBET_GENERAL_BEYOND_SIX_MONTHS; terms_facts:ebet_program,,PH-GATES-1,
PH-EBET05,PH,minimum_wage,"An apprentice receives at least 75% of the applicable minimum wage, with an evaluated annual increase for programs over one year, for at most three years.","RA 12063 ss.4(a), 13(b); IRR V.2; TC VII.2",https://elibrary.judiciary.gov.ph/thebookshelf/showdocs/2/98026,2026-10-03,,,PARTIAL,"All22 now apply original approved duration, plan end and yearly evaluated allowance checks independently on each original salary day, with dated approved terms and governing source version. Original yearly evaluation reference binds documentary proof; evaluated increased monthly basic and75% regional floor remain actual monetary sources. Remaining: confirmation that full original evaluated-year basic allowance valuation uses each original terms period rather than a closing priced source. No new verification.",work_rules.wages.scale; work_rules.wages.block_below_when,"Philippines — a minimum-wage earner’s overtime and night differential are outside withholding (RA 9504), and an apprentice’s floor is 75% of the wage",PH-EBET05-1,
PH-EBET06,PH,wages,"An upskilling trainee keeps full wages, benefits, statutory premiums, security of tenure and non-diminution; training costs are never charged to the trainee and an employee cannot be relabelled INTERN/APPRENTICE to reduce pay.","RA 12063 ss.12, 13(c); IRR V.3; TC VII.3",https://elibrary.judiciary.gov.ph/thebookshelf/showdocs/2/98026,2026-09-29,,,PARTIAL,"Current source audit (2026-10-03). Integrated declarations: EBET_PROGRAM_MISMATCH, EBET_PROGRAM_UNRECORDED, ebet_program, ebet_programme_only_exit. Remaining full scope: UPSKILLING employment/non-diminution/prior wage/payer source checks exist. Complete actual benefits/premiums/security/tenure and cross-enterprise employer financial allocation remain broader than wage guard.. Actual original documents and external actions remain distinct from missing application behavior; no new verification.",work_rules.wages.applies_when; terms_facts:ebet_program,,,
PH-EBET07,PH,hours,"Training is at most eight hours/day; adult extra training at most two hours/day and six days/week with a 25% premium on the allowance hourly rate; rest/holiday premiums use the allowance; night training carries 10%; minors at most 40 hours/week, five days, no overtime/night/hazardous training.","RA 12063 s.13; IRR IV.7, V, VII.5–6; TC VI.1.11, 1.15–16, VII, Annex A tables 1–2",https://elibrary.judiciary.gov.ph/thebookshelf/showdocs/2/98026,2026-09-29,,,PARTIAL,"Current source audit (2026-10-03). Integrated declarations: minor_trainee_daily_hours, minor_weekly_hours, trainee_daily_hours. Remaining full scope: Selected adult/minor daily/weekly source limits exist. Actual25%extra/10%night/rest-holiday allowance bases, five/six training days and night/hazardous prohibitions need full native source routing.. Actual original documents and external actions remain distinct from missing application behavior; no new verification.",work_rules.limits.trainee_daily_hours; work_rules.limits.minor_trainee_daily_hours; work_rules.limits.minor_weekly_hours,,,
PH-EBET08,PH,other,"Regular employment arises on excess duration, prohibited consecutive training or trainee headcount above 20% of regular employees (unless TESDA approves more); hiring ends the agreement and specified graduates/early hires have no probation.","RA 12063 ss.11, 22, 25; IRR IV.7, 9, VII.3–4; TC VI.1.10, 1.17–20, VII",https://elibrary.judiciary.gov.ph/thebookshelf/showdocs/2/98026,2026-09-29,,,PARTIAL,"Current source audit (2026-10-03). Integrated declarations: EBET_GENERAL_BEYOND_SIX_MONTHS. Remaining full scope: Consecutive training, early hire/no probation and actual quota/excess identification checks exist. Whole actual automatic regularisation/evidenced TESDA exception and wage consequences require source joins; capture quota alone is insufficient.. Actual original documents and external actions remain distinct from missing application behavior; no new verification.",checks:EBET_GENERAL_BEYOND_SIX_MONTHS,,PH-GATES-1,
PH-EBET09,PH,other,"Scholarships, assessment/certification, earned credits and completion records; scholarship support does not replace the general trainee allowance.","RA 12063 ss.14–16, 23; IRR VI.2–3, XI.2; TC VI.5–8",https://elibrary.judiciary.gov.ph/thebookshelf/showdocs/2/98026,2026-09-29,,,EXTERNAL,Certification/funding administration is external; amounts due from the employer still belong in payroll. Shared tracker R28.,,,,
PH-EBET10,PH,other,Medium/high-risk trainees get life/accident insurance and PPE free of charge as employer cost.,RA 12063 s.24; IRR VII.7–8; TC VIII.3.6–8,https://elibrary.judiciary.gov.ph/thebookshelf/showdocs/2/98026,2026-09-29,,,EXTERNAL,Procurement/OSH are procedures; cost must never be a trainee deduction. Shared tracker R28.,,,,
PH-EBET11,PH,tax,Employer EBET incentives/donations (PH-AM08/09) neither exempt employee income nor pay the trainee allowance.,"RA 12063 ss.19–21; IRR VIII, XI.1, 3–4; TC IX",https://elibrary.judiciary.gov.ph/thebookshelf/showdocs/2/98026,2026-09-29,,,EXTERNAL,"Registration, certification and costs must match the actual program. Shared tracker R28.",,,,
PH-EBET12,PH,other,"Agreement termination, notice, grievance and penalties; enterprise fines are not wage deductions and program termination does not end an existing upskilling employment.","RA 12063 ss.17–18, 29–30; IRR IV.10–12, XII; TC X",https://elibrary.judiciary.gov.ph/thebookshelf/showdocs/2/98026,2026-09-29,,,PARTIAL,"Current source audit (2026-10-03). Integrated declarations: EBET_TERMINATION_PRIOR_NOTICE_REQUIRED, ebet_termination_by, ebet_termination_source. Remaining full scope: Actual agreement termination/notice/notification and upskilling employment separation safeguards exist. Complete grievance/penalty/committee process and earned-pay financial consequences not established by capture alone.. Actual original documents and external actions remain distinct from missing application behavior; no new verification.",,,,
PH-EBET13,PH,other,RA 12063 repeals the old Labor Code apprentice/learner chapters and RA 7686; existing programs stay valid subject to assessment/revalidation and TC 069 re-registration within one year while ongoing training completes.,"RA 12063 ss.31–32, 35–37; IRR XIII, XIV.3–4; TC XIII–XVII",https://elibrary.judiciary.gov.ph/thebookshelf/showdocs/2/98026,2026-09-29,,,PARTIAL,Current source audit (2026-10-03). Integrated declarations: ebet_registration_basis. Remaining full scope: Actual legacy registration basis and issued-date source is recordable. Current publication/effectivity/revalidation/re-registration deadline and ongoing-programme transition selection need full dated policy proof.. Actual original documents and external actions remain distinct from missing application behavior; no new verification.,,,,
PH-RP01,PH,filing,"Employers register with BIR, SSS, PhilHealth and HDMF, remit monthly (BIR 1601-C, SSS, PhilHealth, Pag-IBIG), file prescribed forms and keep certificates and returns.",BIR 1601-C instructions; SSS employer duties; PhilHealth employer procedures,https://efps.bir.gov.ph/efps-war/EFPSWeb_war/help/help1601c_v2.html,2026-09-29,,,EXTERNAL-RECORDED,"Phase 2, 2026-10-01, in all 22 unvoided versions: every monthly remittance is a ledger duty raised by the finalised run, with a due day, the run's remitted amount and a completion reference. BIR_1601C_MONTHLY_REMITTANCE is due the 10th (15 January for December). SSS_CONTRIBUTION_REMITTANCE is due at the end of the following month. PHILHEALTH_PREMIUM_REMITTANCE is due the 15th, or the 20th for a PEN ending 5–9 (company fact philhealth_pen_last_digit). HDMF_CONTRIBUTION_REMITTANCE is due by the name-initial window. The PhilHealth ER2 and the Pag-IBIG hire and separation reports are HIRE and EXIT duties. Duty instances are raised only by the daily obligation_calendar automation, and the probe harness reads `saved` rows before any automation runs, so no probe pins one yet (harness gap, owner H). Open: form fields and prior balances. Prior: Generic obligations and payslip data are not proof of statutory outputs: no dated due/paid dates, form fields, prior balances or audit record. https://www.sss.gov.ph/employer-er/; https://www.philhealth.gov.ph/partners/employers/pay_procedures.php. Shared tracker R05: a saved-input and report trace against a stable built artifact is required.",obligations.BIR_1601C_MONTHLY_REMITTANCE; obligations.SSS_CONTRIBUTION_REMITTANCE; obligations.PHILHEALTH_PREMIUM_REMITTANCE; obligations.HDMF_CONTRIBUTION_REMITTANCE; obligations.PHILHEALTH_EMPLOYER_AND_EMPLOYEE_REGISTRATION; obligations.HDMF_MEMBERSHIP_EVENT_REPORT; duty_types:BIR_1601C_MONTHLY_REMITTANCE; duty_types:SSS_CONTRIBUTION_REMITTANCE; duty_types:PHILHEALTH_PREMIUM_REMITTANCE; duty_types:HDMF_CONTRIBUTION_REMITTANCE; duty_types:PHILHEALTH_EMPLOYEE_REPORT; facts.philhealth_pen_last_digit,,,
PH-RP02,PH,filing,"An employer requesting a PhilHealth Certificate of Good Payment Standing qualifies only with no gaps, underpayments or unposted payments for the requested 12-month fiscal year; PhilHealth issues the dry-sealed certificate per PEN.",PhilHealth Circular 2026-0003 (effective on publication 4 Mar 2026; repeals Circulars 0092-2005 and 2015-039),https://www.philhealth.gov.ph/circulars/2026/PC2026-0003.pdf,2026-09-29,2026-03-04,,EXTERNAL,"The authority issues the certificate; no posted-versus-paid reconciliation, discrepancy record or application evidence.",,,,
PH-RP03,PH,filing,"Every private establishment branch (including non-chartered GOCCs) files the online Annual Establishment Report on Wages for pay as at 31 Dec 2025 between 15 May and 31 Aug 2026 with an Excel roster of rank-and-file workers (including learners, apprentices, workers with disabilities; excluding supervisors/managers) and keeps the receipt.",DOLE Labor Advisory 08-26; NWPC FAQ,https://dole.gov.ph/news/labor-advisory-no-08-26-2025-annual-establishment-report-on-wages-aerw/,2026-09-29,2026-05-15,2026-08-31,EXTERNAL,A payroll ledger is not the prescribed per-branch AERW roster/file or receipt; historical 31 December state unverified.,,,,
PH-RP04,PH,filing,Every withholding agent submits the annual compensation Alphalist through BIR eSubmission by 31 January of the following year.,"BIR RMC 55-2026 (digest, issued 26 May 2026) citing RR 2-98/11-2018",https://bir-cdn.bir.gov.ph/BIR/pdf/RMC%20No.%2055-2026%20Digest.pdf,2026-09-29,,,EXTERNAL-RECORDED,"Phase 2, 2026-10-01, in all 22 unvoided versions: BIR_1604C_ANNUAL_ALPHALIST is a yearly COMPANY duty due 31 January and completes with the eSubmission reference. Duty instances are raised only by the daily obligation_calendar automation, and the probe harness reads `saved` rows before any automation runs, so no probe pins one yet (harness gap, owner H). Open: the alphalist file itself (no L2 return is declared). Prior: Reiterates an existing duty; a payslip is not an accepted eSubmission or receipt; reconcile to 1601-C/2316.",obligations.BIR_1604C_ANNUAL_ALPHALIST; duty_types:BIR_1604C_ANNUAL_ALPHALIST,,,
PH-RP05,PH,filing,Taxpayers under RDO 101 (Lanao del Norte) affected by Tropical Storm Basyang may file/pay January 2026 Form 1601-C (ordinarily due 10–15 Feb) by 27 Feb 2026 without penalty; a nonworking due date moves to the next working day.,"BIR RMC 12-2026 (signed 10 Feb 2026, effective immediately)",https://bir-cdn.bir.gov.ph/BIR/pdf/RMC%20No.%2012-2026.pdf,2026-09-29,2026-02-10,2026-02-27,EXTERNAL,Filing deadline relief; no taxpayer-RDO/emergency extension selection; must not be applied nationwide.,obligations.BIR_1601C_MONTHLY_REMITTANCE,,,
PH-RP06,PH,filing,"An employer on PhilHealth's temporarily-closed non-remitting list verifies its status at a PhilHealth office and settles missing registrations, premiums and reports within 30 days of the advisory's web upload.",PhilHealth Advisories 2026-0012 (signed 3 Feb 2026; Aug–Dec 2025 list) and 2026-0035 (signed 11 Jun 2026; Jan–Mar 2026 list),https://www.philhealth.gov.ph/advisories/2026/PA2026-0012.pdf,2026-09-29,,,EXTERNAL,"No list-publication, status-correction or 30-day response tracking. PA2026-0035: https://www.philhealth.gov.ph/advisories/2026/PA2026-0035.pdf.",obligations.PHILHEALTH_PREMIUM_REMITTANCE,,,
PH-RP07,PH,filing,Additional-employee and salary-differential PhilHealth premiums are paid only online through EPRS 4.9 with an SPA from 1 Oct 2026 after an approved LHIO/PRO request (letters from 15 Sep); over-the-counter payment ceases.,PhilHealth Advisory 2026-0050 (signed 17 Sep 2026),https://www.philhealth.gov.ph/advisories/2026/PA2026-0050_v1.pdf,2026-09-29,2026-10-01,,EXTERNAL,"Remittance channel change, not a rate change; no request/SPA or dated channel switch.",obligations.PHILHEALTH_PREMIUM_REMITTANCE,,,
PH-SD01,PH,wages,DOLE promotes transaction-account use for wage disbursement; any mandatory account condition exists only if the signed advisory or another law imposes it.,DOLE Labor Advisory 06-26 (indexed 13 Apr 2026),https://dole.gov.ph/labor-advisory/,2026-09-29,,,SOURCE-BLOCKED,Signed text unread (dole.gov.ph blocked).,,,,
PH-SD02,PH,other,DOLE discontinued SEBA certification processing under DO 40-03 Rule VII; payroll follows only an operative CBA or order.,DOLE Labor Advisory 07-26 (indexed 12 May 2026),https://dole.gov.ph/labor-advisory/,2026-09-29,,,EXTERNAL,Agency processing change; signed-text exceptions unreviewed.,,,,
PH-SD03,PH,records,"During DOLE's December 2025 inspections employers produce existing wage, time and OSH records.",DOLE Labor Advisory 14-25 (indexed 27 Nov 2025),https://dole.gov.ph/labor-advisory/,2026-09-29,,,SOURCE-BLOCKED,"Signed text, deadlines and record interface unverified (dole.gov.ph blocked); no new pay rate.",,,,
PH-IDX01,PH,other,"Every 2025/26 DOLE Department Order and Labor Advisory affecting employers (DO 248/248A/248B, 254, 259; LA 12-25, 16-25, 14-26, 15-26 and others) is dispositioned against an obligation row.",DOLE Department Orders and Labor Advisories indexes,https://dole.gov.ph/department-orders/,2026-09-28,,,SOURCE-BLOCKED,"dole.gov.ph, bwc.dole.gov.ph, ncr/ble/ro7/oshc.dole.gov.ph and officialgazette.gov.ph returned 403 on 28 Sep 2026; the in-app browser stopped at the Cloudflare ""Performing security verification"" page (not bypassed); no Wayback capture of the 2026 labor-advisory list or of any dole.gov.ph upload after June 2026. Not verified: RA 10151/11165 pins (later read, PH-HR48/49); that no 2026 SSS circular changes a rate; that no 2026 Republic Act through RA 12325 changes wages or contributions. Advisory list: https://dole.gov.ph/labor-advisory/.",,,,
PH-SRC02,PH,leave,"The seed cites the 2024 DOLE Handbook on Workers' Statutory Monetary Benefits (which replaces the 2023 edition) for 13th month, wage frequency, termination notice, leave eligibility and the small-establishment fact; the SIL illustration prices exactly.","DOLE Handbook 2024 ch.6 §D, ch.7 §§A–D, ch.13 §§E, L, ch.14 §E",https://nwpc.dole.gov.ph/wp-content/uploads/2024/11/Workers-Statutory-Monetary-Benefits-Handbook-2024-Edition.pdf,2026-09-28,,,TESTED,Golden passes (run 2026-10-01): every version cites the 2024 Handbook and prices its ch.7 §D SIL illustration; SIL commutation also on a saved payslip (PH-HR15-1).,sources.urls; work_rules.encashment.authority,Philippines — every version cites the 2024 Handbook and prices its SIL illustration,PH-HR15-1,
PH-SRC07,PH,final_pay,"Final pay is released within 30 days of separation unless company policy is more favourable, and a certificate of employment within 3 days of request; final pay includes unpaid salary, SIL conversion, pro-rated 13th month, separation/retirement pay, tax refund and cash bonds.","DOLE Labor Advisory 06-20 Parts I.2, II, III (signed 31 Jan 2020)",https://www.dole.gov.ph/php_assets/uploads/2020/02/Labor-Advisory-No.-06-20-Guidelines-on-the-Payment-of-Final-Pay-and-Issuance-of-Certificate-of-Emplo.pdf,2026-09-28,2020-01-31,,PARTIAL,Current source audit (2026-10-03). Integrated declarations: FINAL_PAY_RELEASE. Remaining full scope: Final-pay native sources and deadline policy exist. Whole original actual payment discharge/cash bonds and3dayCOE issuance workflow remain separate; obligation text alone is not actual output.. Actual original documents and external actions remain distinct from missing application behavior; no new verification.,payroll.final_pay_deadlines; duty_types:FINAL_PAY_RELEASE,"Philippines — final pay: thirty days from separation holds even at the widest gap a monthly run allows, and a later settlement run warns (LA 06-20 §II as seeded)",PH-HR15-1; PH-HR15-2; PH-HR16-1; PH-HR45-1,
PH-SRC08,PH,other,The PH drift-research list reaches every authority host this tracker cites.,src/lib/statutory_sources.ts PH list,https://www.ecc.gov.ph/,2026-09-29,,,IMPLEMENTED,"Wave1 source implementation (2026-10-03): All primary authority hosts in every current tracker citation/URL are now explicitly present in each22dated version source roster, including BSP, DOLE/BWC, ECC and eFPS. The existing statutory_drift automation consumes each in-force source roster and retains source/date requirements; inaccessible pages do not fabricate law. Source-only; no tests/probes/builds or new verification.",sources.research_domains,,,
PH-SRC09,PH,other,"Labor Code citations are pinned to the articles as renumbered by DOLE Department Advisory No. 1, s.2015 (e.g. separation 298–299, retirement 302, SIL 95, probation 295–296, money claims 306).",PD 442 as renumbered (DOLE edition); E-Library 26/25306 original 1974 text,https://bwc.dole.gov.ph/wp-content/uploads/2024/04/Labor-Code-of-the-Philippines.pdf,2026-09-28,,,SOURCE-BLOCKED,"The renumbered official text is unreachable: Cloudflare challenge to curl, WebFetch and the in-app browser (round 9, 28 Sep 2026, after 8 s; not bypassed); Wayback CDX has no capture. E-Library 26/25306 is the original text (Art.86 overtime, 95 definitions, 320 probationary, 324 termination by employee, 326 retirement, 330 money claims) with no night-shift or SIL article. Affects PH-HR01, 03, 15, 19, 20, 43, 46, 47.",,,,
PH-LATE-01,PH,contribution,"A record dated in a month already settled early is paid as a (YYYY-MM) line of the next period. SSS (with MPF and EC), PhilHealth, Pag-IBIG and withholding tax on compensation bill it with the month it is paid.","RA 11199 ss.18–19 (SSS monthly contribution on the month's compensation); RA 11223 s.10 (PhilHealth premium on monthly basic salary); RA 9679 s.7 (Pag-IBIG on monthly compensation); RR 2-98 ss.2.78.1, 2.79(B) as amended by RR 11-2018 (tax withheld on compensation as it is paid).",https://bir-cdn.bir.gov.ph/local/pdf/RR%20No.%2011-2018.pdf,2026-10-01,2025-12-01,,IMPLEMENTED,"Current source audit (2026-10-03). Integrated declarations: LOAN_RECOVERY_SSS_SALARY, SSS, SSS_ADVANCE, SSS_CONTRIBUTION_REMITTANCE, SSS_EC, SSS_EMPLOYEE_REPORT, SSS_EMPLOYER_AND_EMPLOYEE_REGISTRATION, SSS_MATERNITY_BENEFIT_ADVANCE, SSS_MATERNITY_NOTICE_ADVANCE_AND_DIFFERENTIAL, SSS_MPF, SSS_REIMBURSEMENT. Full narrow implementation retained; verification remains due. Actual original documents and external actions remain distinct from missing application behavior; no new verification.",statutory_contributions:SSS|SSS_MPF|SSS_EC|PHIC|HDMF|WTAX.late_line_month,,,
