id,profile,area,provision,citation,url,source_checked,effective_from,effective_to,status,reason,config_path,golden,probe,verified_at
SG-CPF01.citizen,SG,contribution,A Singapore citizen employee is charged CPF at the Table 1 rates for the month’s age band and total-wage band.,"CPF Act, CPF Board contribution tables",https://sso.agc.gov.sg/Act/CPFA1953,2026-09-29,2025-12-01,,VERIFIED,Split from SG-CPF01 (2026-09-30). Verified by SG-CPF01-1 on 2026-09-29.,statutory_contributions:CPF,"Singapore — every CPF table cell, band seam and ceiling edge in every sealed version (Tables 1–5)",SG-CPF01-1,2026-09-29
SG-CPF01.spr-third-year,SG,contribution,An SPR from the third contribution year (the month after the second anniversary month) is charged at the Table 1 full rates; first- and second-year SPR tables are SG-CPF19.,"CPF Act, CPF Board contribution tables",https://sso.agc.gov.sg/Act/CPFA1953,2026-09-29,2025-12-01,,VERIFIED,Split from SG-CPF01 (2026-09-30). The year-three seam across a version seam is golden only (“the SPR third year starts the month after the second anniversary month”). Verified by SG-CPF01-3 on 2026-09-29.,statutory_contributions:CPF,"Singapore — every CPF table cell, band seam and ceiling edge in every sealed version (Tables 1–5)",SG-CPF01-3,2026-09-29
SG-CPF01.foreigner,SG,contribution,"A foreign employee (e.g. an Employment Pass holder) is outside mandatory CPF: contributions are payable for citizen and permanent-resident employees only (CPF Act s.7, First Schedule).","CPF Act, CPF Board contribution tables",https://sso.agc.gov.sg/Act/CPFA1953,2026-09-29,2025-12-01,,VERIFIED,Split from SG-CPF01 (2026-09-30). Verified by SG-CPF01-2 on 2026-09-29.,statutory_contributions:CPF,"Singapore — a foreigner is outside CPF, and the cent above a ceiling is inside it",SG-CPF01-2,2026-09-29
SG-CPF01.unregistered,SG,contribution,"An employer whose CPF registration is incomplete (NOT_REGISTERED) is still assessed the statutory CPF, with an incomplete-registration warning.","CPF Act, CPF Board contribution tables",https://sso.agc.gov.sg/Act/CPFA1953,2026-09-30,2025-12-01,,TESTED,"Split branch retained as TESTED. Saved production-path case SG-CPF01-4 passed on SDK0.0.163 artifactf372724efa93 (2026-10-02), with exact authored assertions: Saved CPF employee600/employer510, CDAC employee1, SDL employer7.50 on3000; exact CPF/CDAC registration-incomplete warnings persisted. Remaining scope: Assessment and warning only; no CPF submission/remittance acceptance claim. No broad family status promotion. [Finite saved evidence2026-10-02] Earlier exact finite163 saved proof retained. Current original335SG differential cases all saved agree on isolated current primary1781 artifact; country total alone is not an exact case-to-row closure proof. Cases:SG-CPF01-4. Remaining:Registration submission/remittance acceptance excluded; this exact row covers assessment and warning only. Proof:sg163-promotion-candidates-proof.json,sg-full1781-20261002/proof.json. Status unchanged in this reason-only proposal.",statutory_contributions:CPF,Singapore: incomplete CPF and SHG registration does not waive mandatory liabilities,SG-CPF01-4,
SG-CPF02.2025,SG,contribution,"The OW ceiling is $7,400 a month for wages of 2025 (December 2025 in scope).",CPF Board ordinary-wage ceiling history,https://www.cpf.gov.sg/service/article/what-is-the-ordinary-wage-ow-ceiling-mbr,2026-09-30,2025-12-01,2025-12-31,VERIFIED,Split from SG-CPF02 (2026-09-30). Verified by SG-CPF02-3 on 2026-09-29. SG-CPF02-5 pending the test phase.,statutory_contributions:CPF,Singapore — CPF across the age ladder and the ordinary-wage ceiling,SG-CPF02-3; SG-CPF02-5,2026-09-29
SG-CPF02.2026,SG,contribution,"The OW ceiling is $8,000 a month from 1 January 2026.",CPF Board ordinary-wage ceiling history,https://www.cpf.gov.sg/service/article/what-is-the-ordinary-wage-ow-ceiling-mbr,2026-09-30,2026-01-01,,VERIFIED,"Split from SG-CPF02 (2026-09-30). Verified by SG-CPF02-1, SG-CPF02-2 on 2026-09-29. SG-CPF18-20, SG-CPF19-12, SG-CPF29-8, SG-CPF02-4 pending the test phase.",statutory_contributions:CPF,Singapore — CPF across the age ladder and the ordinary-wage ceiling,SG-CPF02-1; SG-CPF02-2; SG-CPF18-20; SG-CPF19-12; SG-CPF29-8; SG-CPF02-4,2026-09-29
SG-CPF02.wage-month,SG,contribution,"OW counts toward the ceiling of the month it is due or payable for; changed, retroactive and cross-year wages at the ceiling boundary follow SG-CPF20.",CPF Board ordinary-wage ceiling history,https://www.cpf.gov.sg/service/article/what-is-the-ordinary-wage-ow-ceiling-mbr,2026-09-30,2025-12-01,,PARTIAL,Current source audit (2026-10-03). Integrated: Adopted bounded native wage/context contribution branches and source-specific seeded scope; whole-row completion not established.. Incomplete: Differing native capped/base allocations; standing AW outside original monthly window.. wage-month. Required actual inputs/external operations remain genuine; no new verification.,statutory_contributions:CPF,,,
SG-CPF03.per-employer,SG,contribution,"The AW ceiling is $102,000 less this employer’s CPF-subject OW for the year; OW earned at an unrelated earlier employer does not reduce it.",CPF Board AW ceiling,https://www.cpf.gov.sg/service/article/what-is-the-additional-wage-aw-ceiling,2026-09-26,2025-12-01,,VERIFIED,Split from SG-CPF03 (2026-09-30). Editor capture of the opening origin is not built (collection/API only). Verified by SG-CPF22-1 on 2026-09-29.,statutory_contributions:CPF.opening_scope; statutory_fact_status.opening,"Singapore — an unrelated employer does not consume this employer’s CPF AW ceiling, while an approved related transfer does",SG-CPF22-1,2026-09-29
SG-CPF03.related-company,SG,contribution,"With CPF Board approval of a single AW ceiling for a transfer between related companies, the related company’s OW for the year counts toward this employer’s ceiling.",CPF Board AW ceiling,https://www.cpf.gov.sg/service/article/what-is-the-additional-wage-aw-ceiling,2026-09-26,2025-12-01,,TESTED,Split from SG-CPF03 (2026-09-30). Editor capture of the approval reference is not built (collection/API only). SG-CPF22-2 passed in the R8 run 2026-09-30 (after the parent’s verified_at 2026-09-29).,statutory_contributions:CPF.opening_scope; statutory_fact_status.opening,"Singapore — an unrelated employer does not consume this employer’s CPF AW ceiling, while an approved related transfer does",SG-CPF22-2,
SG-CPF03.december-true-up,SG,contribution,In December the ceiling is recomputed on the year’s actual OW and any shortfall is paid with that month’s contributions.,CPF Board AW ceiling,https://www.cpf.gov.sg/service/article/what-is-the-additional-wage-aw-ceiling,2026-09-26,2025-12-01,,VERIFIED,"Split from SG-CPF03 (2026-09-30). The December 2025 persisted branch has no saved-output probe. Verified by SG-CPF21-2 on 2026-09-29. [Diff r9 2026-10-01] SG-2: the December arm reads the year's AW paid as at least the AW already charged to date, so an opening AW now counts against the ceiling (all five versions; wrong transcription, fixed in place). Golden: OW 8,000, opening 88,000 OW + 4,000 AW, December bonus 5,000 → 2,000 AW chargeable, base 10,000, 2,000 / 1,700 (was 1,000 chargeable). Open: an opening AW together with earlier payslip AW in one year still undercounts (needs an opening-AW context field).",statutory_contributions:CPF.opening_scope; statutory_fact_status.opening,"Singapore — December trues the AW ceiling up on the year’s actual OW (CPF Board, AW ceiling examples, Step 2); Singapore — an unrelated employer does not consume this employer’s CPF AW ceiling, while an approved related transfer does",SG-CPF21-2,2026-09-29
SG-CPF03.exit-true-up,SG,contribution,In the last month of employment the ceiling is recomputed on the actual OW to cessation.,CPF Board AW ceiling,https://www.cpf.gov.sg/service/article/what-is-the-additional-wage-aw-ceiling,2026-09-26,2025-12-01,,TESTED,Split from SG-CPF03 (2026-09-30). Leaver true-up is golden-tested; no probe has run. SG-CPF21-3 pending the test phase.,statutory_contributions:CPF.opening_scope; statutory_fact_status.opening,"Singapore — a leaver’s AW ceiling is reckoned on the actual OW to cessation, not a projected year",SG-CPF21-3,
SG-CPF03.excess-refund,SG,contribution,"An AW-ceiling overpayment is recovered through the CPF Board refund route (SG-CPF23), never a negative payroll contribution.",CPF Board AW ceiling,https://www.cpf.gov.sg/service/article/what-is-the-additional-wage-aw-ceiling,2026-09-26,2025-12-01,,TESTED,Split from SG-CPF03 (2026-09-30). The no-negative true-up is golden-tested; the refund application itself is SG-CPF23 (GAP).,statutory_contributions:CPF.opening_scope; statutory_fact_status.opening,"Singapore — a December true-up never goes below zero: an over-contribution is the Board’s refund, not a payslip credit",,
SG-CPF04.bonus,SG,contribution,A bonus is an Additional Wage inside the CPF wage base.,CPF Board wage scope and excluded payments notification,https://www.cpf.gov.sg/employer/employer-obligations/what-payments-attract-cpf-contributions,2026-09-28,2025-12-01,,TESTED,"Split from SG-CPF04 (2026-09-30). Golden-tested. SG-CPF21-1 passed with the parent’s evidence, which carried no verified_at.",statutory_contributions:CPF; adhoc_catalogue.counts_toward,SG audit — a bonus is inside the SDL and SHG total wages and is an Additional Wage for CPF,SG-CPF21-1,
SG-CPF04.leave-pay,SG,contribution,Payment in lieu of untaken leave on exit is CPF-payable as an Additional Wage (First Schedule para 1(e): OW is only remuneration due wholly or exclusively for the month).,CPF Board wage scope and excluded payments notification,https://www.cpf.gov.sg/employer/employer-obligations/what-payments-attract-cpf-contributions,2026-09-28,2025-12-01,,TESTED,"Split from SG-CPF04 (2026-09-30). Golden-tested in all five versions. SG-EA11-1 passed with the parent’s evidence, which carried no verified_at.",statutory_contributions:CPF; adhoc_catalogue.counts_toward,"Singapore — a mid-month leaver: s.20A final month, unused leave paid at the gross rate, and that leave pay is an Additional Wage",SG-EA11-1,
SG-CPF04.retrenchment-benefit,SG,contribution,A retrenchment benefit is not wages for CPF.,CPF Board wage scope and excluded payments notification,https://www.cpf.gov.sg/employer/employer-obligations/what-payments-attract-cpf-contributions,2026-09-28,2025-12-01,,TESTED,Split from SG-CPF04 (2026-09-30). Golden-tested. SG-EA24-R02-1 passed in the R8 run 2026-09-30 (the parent carried no verified_at).,statutory_contributions:CPF; adhoc_catalogue.counts_toward,"Singapore — a contractual retrenchment benefit is outside CPF and the SHG funds, inside SDL, in every sealed version",SG-EA24-R02-1,
SG-CPF04.notice-compensation,SG,contribution,Compensation in lieu of notice is not wages for CPF.,CPF Board wage scope and excluded payments notification,https://www.cpf.gov.sg/employer/employer-obligations/what-payments-attract-cpf-contributions,2026-09-28,2025-12-01,,TESTED,Split from SG-CPF04 (2026-09-30). Golden-tested. SG-EA05-1 pending the test phase.,statutory_contributions:CPF; adhoc_catalogue.counts_toward,"SG salary in lieu of notice is outside CPF and the SHG funds, inside SDL",SG-EA05-1,
SG-CPF04.medical-reimbursement,SG,contribution,"A qualifying medical, dental or TCM treatment reimbursement is excluded from CPF wages.",CPF Board wage scope and excluded payments notification,https://www.cpf.gov.sg/employer/employer-obligations/what-payments-attract-cpf-contributions,2026-09-28,2025-12-01,,TESTED,Split from SG-CPF04 (2026-09-30). Golden-tested; the current medical-class branch is partial and independent evidence remains open (SG-CPF-MED01).,statutory_contributions:CPF; adhoc_catalogue.counts_toward,qualified medical reimbursement follows payment due and stays outside CPF and SDL wages,,
SG-CPF04.non-qualifying-cash,SG,contribution,A cash reimbursement or benefit that does not qualify for an exclusion is classified by component and due date.,CPF Board wage scope and excluded payments notification,https://www.cpf.gov.sg/employer/employer-obligations/what-payments-attract-cpf-contributions,2026-09-28,2025-12-01,,PARTIAL,Current source audit (2026-10-03). Integrated: Adopted bounded native wage/context contribution branches and source-specific seeded scope; whole-row completion not established.. Incomplete: Complete per-component legal cash characterization; public leave encashment classification and actual mixed components remain incomplete.. non-qualifying-cash. Required actual inputs/external operations remain genuine; no new verification.,statutory_contributions:CPF; adhoc_catalogue.counts_toward,,,
SG-CPF04.directors,SG,contribution,Directors’ fees and director remuneration follow their own CPF treatment (SG-CPF10).,CPF Board wage scope and excluded payments notification,https://www.cpf.gov.sg/employer/employer-obligations/what-payments-attract-cpf-contributions,2026-10-03,2025-12-01,,IMPLEMENTED,"Integrated: four dated DIRECTOR_GENERAL_MEETING_FEE components require the actual voted resolution, original evidence and paired fact validation; exclude only CPF membership. Contract-of-service remuneration remains a separate CPF wage component. Tax reporting does not determine the CPF classification. Actual original resolution and employment agreement remain required inputs; source implementation, not behavioral verification.",seed/jurisdiction/SG/adhoc_catalogue.json:DIRECTOR_GENERAL_MEETING_FEE; seed/jurisdiction/SG/statutory_contributions.json:CPF; src/lib/declared-facts.ts; src/lib/payroll/money.ts,,,
SG-CPF04.special-profiles,SG,contribution,"Special worker profiles (e.g. students, seamen, exempt institutions) follow their own CPF scope (SG-CPF06–08, SG-CPF13).",CPF Board wage scope and excluded payments notification,https://www.cpf.gov.sg/employer/employer-obligations/what-payments-attract-cpf-contributions,2026-09-28,2025-12-01,,PARTIAL,"Current source audit (2026-10-03). Integrated: Source-adopted bounded First/Second/Third ordinary public-service and selected bonus/MSO account-credit policies, original native context partitions.. Incomplete: Additional wages/encashment, SAVER/Premium/legacy and military topup/transfer routes, distinct differing capped contexts and full medical lifecycle remain incomplete.. special-profiles. Required actual inputs/external operations remain genuine; no new verification.",statutory_contributions:CPF; adhoc_catalogue.counts_toward,,,
SG-CPF05,SG,filing,"Monthly liability due at month end; enforcement after the next month's 14th or next working day, with stated late-interest consequences. Calculation is not submission/payment: capture file, acceptance, paid date, corrections and outstanding amount.","CPF Board due date; controlling text CPF Regulations 1987 reg.2(1) (""not later than 14 days after the end of the month""; reg.2(2) Board extension up to 7 days; read on SSO 2026-09-28 — the earlier `CPFA1953-RG1` link was the Specified Employment Regulations 1966) and CPF Act late-payment interest, see SG-CPF27",https://www.cpf.gov.sg/service/article/when-is-the-due-date-for-cpf-contributions,2026-09-28,2025-12-01,,EXTERNAL-RECORDED,"Configured 2026-10-01 (Phase 2): duty type CPF_MONTHLY_SUBMISSION_AND_PAYMENT raises one instance per finalised run, due 14 days after the month, fulfilled with its submission reference and paid day. Owner rule 2026-09-28: the due day is the 14th, not rolled to the next working day (the obligation site binds no calendar; the 14th is never later than the law’s day). The amount is not stored (the run keeps no CPF remittance line); late interest stays the Board’s bill (SG-CPF27). the instance is raised by the obligation_calendar sweep, so the probe needs the harness to run that sweep before its `saved` oracle is read; probe pending the Prove phase.",duty_types:CPF_MONTHLY_SUBMISSION_AND_PAYMENT; obligations:CPF_MONTHLY_SUBMISSION_AND_PAYMENT,"Singapore — IR8A, IR21 and CPF late interest are dated external obligations in every sealed version",SG-OBL-1,
SG-SDL,SG,contribution,"See SG-SDL01–12 and exemption subrows below. Core month aggregate is priced, but worker scope, student exceptions, FX, payment, evidence, corrections and refunds remain open.",SDL Act and regulations,https://sso.agc.gov.sg/Act/SDLA1979,2026-09-26,2025-12-01,,PARTIAL,Current source audit (2026-10-03). Integrated: Adopted bounded native wage/context contribution branches and source-specific seeded scope; whole-row completion not established.. Incomplete: Native dual-currency cash payroll; distinct native capped/base allocations; automatic paid-ledger penalty accrual.. Required actual inputs/external operations remain genuine; no new verification.,statutory_contributions:SDL,"Singapore — every self-help-group rung and every SDL seam, in every sealed version",SG-SDL-1; SG-SDL02-1; SG-SDL01-1; SG-SDL13-1,2026-09-29
SG-IRAS01,SG,filing,"From YA 2022 an employer with at least five employees must join; once registered, AIS continues even after headcount falls. Determine status for each employer/year; classify IR8A/Appendix 8A/8B values and exclusions, include leavers except those for whom clearance was sought, and reconcile electronic submission by 1 March. No full annual reporting output is proved.",Income Tax Act 1947 s.68 (read on SSO 2026-09-28: s.68(2) return by Gazette notice; s.68(2A) no nil returns; s.68(2B) share gains after cessation); IRAS AIS reporting,https://sso.agc.gov.sg/Act/ITA1947?ProvIds=pr68-,2026-09-28,2025-12-01,,TESTED,"IR8A/AIS export (payroll_export kind income-tax-returns) landed 2026-09-28 with goldens. Submission to IRAS by 1 March and AIS registration status stay employer acts; Appendix 8A/8B values are SG-IRAS06/07. Evidence: Source-backed assertion; production and saved-output proof open. Open/why: No full annual reporting output is proved. The external obligation `ANNUAL_EMPLOYMENT_INCOME_RETURN` (s.68(2), by 1 March) is proved present in every sealed version by `statutory-golden-sg` (2026-09-28, round 2) ""IR8A, IR21 and CPF late interest…""; IR8A/Appendix 8A/8B/IR8S values are not produced. Legacy status: No [IN-SYSTEM 2026-09-29]. Period: 2025-12 income onward; AIS threshold since YA 2022. Profile: Employer, taxable benefit recipient and tax/reporting cohort. IR8A/AIS and IR21 data output fixed 2026-09-28: payroll_export kind income-tax-returns (src/lib/payroll/run/income-return.ts) reads every settled run of the entity for the year and the one before, emits one IR8A per employee and instead one IR21 per leaver who ceased under a TAX_CLEARANCE hold (notes para 1 exclusion (i)). Law: ITA 1947 s.68(2), (5)–(7); IR8A Explanatory Notes year ended 31 Dec 2026 (https://www.iras.gov.sg/docs/default-source/individual-income-tax/employers/explanatory-notes-on-form-ir8a-and-appendix-8a-for-ya2027.pdf): para 5 commencement/cessation dates; para 6 amendment = signed differences, revision = whole record, never negative; item a salary due for the year (run period); d3 taxable notice pay beside non-taxable compensation for loss of office outside the d total (IRAS Lump Sum Payments https://www.iras.gov.sg/taxes/individual-income-tax/employers/retrenchment-exercise-in-the-company/lump-sum-payments); deductions (I) compulsory CPF, (II) Mendaki/CDAC/SINDA/ECF, (III) Mosque Building Fund. MBMF split per MUIS Table 1 seeded as payroll.income_return.split_fund.allocation (part_item Mosque Building Fund, rest_item donations). Fields: employer UEN (companies.registration_number, refused when blank), authorised person, NRIC/FIN from the number by payroll.income_return.identity_patterns (S/T, F/G/M; others refused), DOB, sex, nationality, designation, items a–d8, e1, f blank; IR21 adds notice_due_on, departure_on, both years, withheld amount, payment_holds.no_withholding_reason, IRAS receipt date (notice_received_on) and release_by; notice due per payroll.income_return.cessation_return (IR21, 1 month before cessation). Owner rule 2026-09-28: an MBMF amount that is no Schedule total is reported whole as Mosque Building Fund (MUIS publishes no allocation; ITA s.95). d6 = 0 (declared item with no class; engine charges no voluntary CPF) — reopened by SG-CPF36. Items with no payroll source (director's fees, commission, pension, overseas fund, share gains, benefits-in-kind, life insurance) report zero unless a version maps a class via payroll.income_return.classes. Goldens: full year 60,100 / 10,000 / CPF 14,020 / MBF 166.00 / Mendaki 74.50; IR21 36,000 + d3 6,000 + compensation 12,000, notice due 2026-05-30, release by 2026-07-10; amendment +100 / −5.50. Other sources: https://www.iras.gov.sg/taxes/individual-income-tax/employers/auto-inclusion-scheme-%28ais%29-for-employment-income/join-the-auto-inclusion-scheme-%28ais%29-for-employment-income",payroll.income_return.form; payroll.income_return.items; payroll.income_return.classes; payroll.income_return.compulsory_scheme; payroll.income_return.donation_schemes; payroll.income_return.split_fund; payroll.income_return.identity_patterns; obligations:ANNUAL_EMPLOYMENT_INCOME_RETURN,"Singapore — the IR8A of a full year: salary, bonus, compulsory CPF and the MBMF split",,
SG-IRAS02,SG,final_pay,"Non-citizen cessation, overseas posting or departure over three months can require IR21 at least one month ahead and withholding all monies from awareness until directive. Existing hold/deadline path is partial; exemptions, notice, directive, paid/released dates and actual IR21 data/output need proof.","Income Tax Act 1947 s.68(5)–(7), (12) (read on SSO 2026-09-28: s.68(5) notice of a non-citizen's cessation not later than one month before; s.68(6)/(6A) departure over 3 months, not citizens or frequent travellers; s.68(7) no payment until 30 days after the Comptroller receives the notice; s.68(12) shorter/late notice or waiver); IRAS tax-clearance guide",https://sso.agc.gov.sg/Act/ITA1947?ProvIds=pr68-,2026-09-28,2025-12-01,,PARTIAL,"Current source audit (2026-10-03). Integrated: Source-driven cessation/posting/departure decisions, awareness hold, actual IR21 acceptance baseline, additional economics, official IR21, real release/remittance receipts and protected native liabilities are integrated.. Incomplete: Protected successor remainder/credit/recipient financial fingerprint extensions remain coupled B source candidates, not adopted; complete all-monies scope must retain those later authorities.; Protected successor remainder/credit/recipient financial fingerprint extensions remain coupled B source candidates, not adopted; complete all-monies scope must retain those later authorities.. Required actual inputs/external operations remain genuine; no new verification.",payroll.tax_clearance.when; payroll.tax_clearance.max_withhold_days; payroll.tax_clearance.tax_payment_days; exit_facts.clearance_awareness_on; payroll.tax_clearance.release; payroll.income_return.cessation_return,SG IR21 hold release requires a dated IRAS directive or 30 days after receipt,,
SG-IRAS03,SG,tax,"CPF/SDL exclusion does not determine annual income reporting. Capture policy-wide eligibility, dependant and benefit class; trace taxability into IR8A/AIS, including approved non-taxable treatment.",IRAS medical-benefit treatment,https://www.iras.gov.sg/taxes/individual-income-tax/employers/understanding-the-tax-treatment/medical-and-dental-care,2026-09-26,2025-12-01,,PARTIAL,Current source audit (2026-10-03). Integrated: Primary MEDICAL rule evaluates recipient/medical class/all-staff or qualified differential policy independently of CPF/SDL; taxable/non-taxable result flows to annual values.. Incomplete: Actual CLAIM request-level income replacement is absent: primary fiscal source binding only identifies ADHOC requests or one entire payslip/component code. Distinct same-code claims with different treatment cannot each own a native claim-coordinate replacement.; Actual CLAIM request-level income replacement is absent: primary fiscal source binding only identifies ADHOC requests or one entire payslip/component code. Distinct same-code claims with different treatment cannot each own a native claim-coordinate replacement.. Required actual inputs/external operations remain genuine; no new verification.,claim_catalogue:MEDICAL_TREATMENT_REIMBURSEMENT,,,
SG-WICA01,SG,other,"No implemented work-injury pay mechanism. Average monthly earnings generally uses 12 months before accident; outpatient/hospital/light-duty tiers, post-exit obligation, medical expense/compensation limits and non-CPF/non-tax treatment need dated rule/input/output probes. Expense cap became $53,000 for accidents from 1 November 2025.",MOM WICA compensation types,https://www.mom.gov.sg/workplace-safety-and-health/work-injury-compensation/types-of-compensation,2026-09-26,2025-11-01,,PARTIAL,"Current source audit (2026-10-03). Integrated: Native employee benefit case, certified earning/period and monetary expense liability/cash source branches; WICA medical wage/expense seed policy.. Incomplete: Complete actual retained salary/normal-unit source, original AME/full liability and all prescribed payment/report/dispute clocks not integrated.; WSHA fatal/doctor/operator reporting beyond employer Commissioner/insurer notices remains incomplete.. Required actual inputs/external operations remain genuine; no new verification.",,,,
SG-WICA02,SG,other,"Pay medical-leave wages by next payday, qualifying expenses/reimbursements on the prescribed schedule; report fatal/nonfatal cases on their different clocks. Record accident, MC, original receipt, insurer/MOM assessment, payment and disputes.",MOM employer claim duties,https://www.mom.gov.sg/workplace-safety-and-health/work-injury-compensation/employers-what-to-do-during-a-claim,2026-09-26,2025-12-01,,PARTIAL,"Current source audit (2026-10-03). Integrated: Native employee benefit case, certified earning/period and monetary expense liability/cash source branches; WICA medical wage/expense seed policy.. Incomplete: Complete actual retained salary/normal-unit source, original AME/full liability and all prescribed payment/report/dispute clocks not integrated.; WSHA fatal/doctor/operator reporting beyond employer Commissioner/insurer notices remains incomplete.. Required actual inputs/external operations remain genuine; no new verification.",obligations:WORK_INJURY_COMPENSATION_INSURANCE,,,
SG-LQS01.full-time-to-2026-06,SG,minimum_wage,"Full-time LQS gross floor $1,600 through June 2026.",MOM local qualifying salary and July 2026 change,https://www.mom.gov.sg/employment-practices/progressive-wage-model/local-qualifying-salary,2026-09-28,2025-12-01,2026-06-30,TESTED,Split from SG-LQS01 (2026-09-30). Obligation text golden-tested; no floor selector (work_rules.wages empty).,obligations:WORK_PASS_AND_LOCAL_QUALIFYING_SALARY; work_rules.wages,"Singapore — the full-time Local Qualifying Salary is $1,600 before 1 July 2026 and $1,800 from it",,
SG-LQS01.full-time-from-2026-07,SG,minimum_wage,"Full-time LQS gross floor $1,800 from 1 July 2026.",MOM local qualifying salary and July 2026 change,https://www.mom.gov.sg/employment-practices/progressive-wage-model/local-qualifying-salary,2026-09-28,2026-07-01,,TESTED,Split from SG-LQS01 (2026-09-30). Obligation text golden-tested; no floor selector (work_rules.wages empty).,obligations:WORK_PASS_AND_LOCAL_QUALIFYING_SALARY; work_rules.wages,"Singapore — the full-time Local Qualifying Salary is $1,600 before 1 July 2026 and $1,800 from it",,
SG-LQS01.part-time,SG,minimum_wage,Part-time floor $10.50 per actual hour.,MOM local qualifying salary and July 2026 change,https://www.mom.gov.sg/employment-practices/progressive-wage-model/local-qualifying-salary,2026-09-28,2025-12-01,,PARTIAL,Current source audit (2026-10-03). Integrated: Existing PWM_ROLE dated contracted monthly comparator and WARNING; baseline statutory schedules only.. Incomplete: Full actual source wage/training/role/OED/annual bonus runtime packet is not integrated; existing contract-only comparator cannot establish row scope.. part-time. Required actual inputs/external operations remain genuine; no new verification.,obligations:WORK_PASS_AND_LOCAL_QUALIFYING_SALARY; work_rules.wages,,,
SG-LQS01.additional-hours,SG,minimum_wage,Additional hours follow the published LQS schedule.,MOM local qualifying salary and July 2026 change,https://www.mom.gov.sg/employment-practices/progressive-wage-model/local-qualifying-salary,2026-09-28,2025-12-01,,PARTIAL,Current source audit (2026-10-03). Integrated: Existing PWM_ROLE dated contracted monthly comparator and WARNING; baseline statutory schedules only.. Incomplete: Full actual source wage/training/role/OED/annual bonus runtime packet is not integrated; existing contract-only comparator cannot establish row scope.. additional-hours. Required actual inputs/external operations remain genuine; no new verification.,obligations:WORK_PASS_AND_LOCAL_QUALIFYING_SALARY; work_rules.wages,,,
SG-PWM01,SG,minimum_wage,Occupation/sector/employer status selects applicable scheduled wage and training requirement. No exhaustive sector/occupation schedule or dated selection is proved.,MOM progressive-wage scope,https://www.mom.gov.sg/employment-practices/progressive-wage-model/what-is-pwm,2026-09-26,2025-12-01,,PARTIAL,Current source audit (2026-10-03). Integrated: Existing PWM_ROLE dated contracted monthly comparator and WARNING; baseline statutory schedules only.. Incomplete: Full actual source wage/training/role/OED/annual bonus runtime packet is not integrated; existing contract-only comparator cannot establish row scope.; Actual retained paid-leave base cash attribution remains missing; dated cash alone cannot split mixed-day work/leave amounts.. Required actual inputs/external operations remain genuine; no new verification.,checks:PWM_BELOW_FLOOR; terms_facts:pwm_role; reference_rows:PWM_ROLE,,SG-PWM01-1; SG-PWM02-2,2026-10-01
SG-FWL01,SG,levy,"Pass, sector, skill tier, quota and day-level employment can alter employer liability; this is not an employee deduction. Reconcile all applicable pass/sector instruments and actual levy billing; no coverage certification.",MOM foreign-worker levy,https://www.mom.gov.sg/passes-and-permits/work-permit-for-foreign-worker/foreign-worker-levy,2026-09-26,2025-12-01,,EXTERNAL,"Levy is imposed on and billed to the employer by MOM (EFMA s.11), never a payslip line; golden proves no levy line or deduction. Bill reconciliation by pass/sector/tier/day is an employer act. Evidence: Source-backed assertion; production and saved-output proof open. Open/why: Pass/sector/skill/quota/day-level levy selection and paid bill reconciliation are absent. Legacy status: No [IN-SYSTEM 2026-09-29]. Period: 2025-12+; exact amendment/saving dates not fully reconciled. Profile: Foreign-pass holder, hiring employer, pass/sector/tier. R26 (MOM S Pass levy, https://www.mom.gov.sg/passes-and-permits/s-pass/quota-and-levy/levy-and-quota-requirements): employer levy is distinguished from a wage deduction; pass, sector, tier, quota, permit day, waiver, full/partial month and billed/paid amounts are not modelled; the published S Pass full-month SGD650 and partial/waived cases need tests if ever computed. Former tracker R26 (MOM S Pass levy (https://www.mom.gov.sg/passes-and-permits/s-pass/quota-and-levy/levy-and-quota-requirements); SG-FWL01): Employer levy is distinguished from an employee wage deduction. Open: Pass, sector, tier, quota, permit day, waiver, full/partial month and billed/paid amount mechanisms are absent; the published S Pass full-month SGD650 and partial/waived cases need tests.",obligations:FOREIGN_WORKER_LEVY,"Singapore — the foreign worker levy is billed to the employer by MOM, never deducted on the payslip",,
SG-SHG01.muslim-indian,SG,contribution,A Muslim Indian employee is deducted MBMF (by religion) and SINDA (by race).,CPF Board self-help group contributions and mixed-race example,https://www.cpf.gov.sg/employer/employer-obligations/contributions-to-self-help-groups,2026-09-29,2025-12-01,,VERIFIED,Split from SG-SHG01 (2026-09-30). Verified by SG-SHG01-1 on 2026-09-29.,statutory_contributions:CDAC; statutory_contributions:SINDA; statutory_contributions:ECF; statutory_contributions:MBMF; statutory_contributions:*.unregistered_action,,SG-SHG01-1,2026-09-29
SG-SHG01.indian-chinese,SG,contribution,"An Indian-Chinese employee (first NRIC race Indian) may elect CDAC besides SINDA; CDAC takes a dated election, the Chinese secondary race and a fund-instruction reference.",CPF Board self-help group contributions and mixed-race example,https://www.cpf.gov.sg/employer/employer-obligations/contributions-to-self-help-groups,2026-09-29,2025-12-01,,VERIFIED,Split from SG-SHG01 (2026-09-30). Verified by SG-SHG01-2 on 2026-09-29.,statutory_contributions:CDAC; statutory_contributions:SINDA; statutory_contributions:ECF; statutory_contributions:MBMF; statutory_contributions:*.unregistered_action,Singapore: a documented Indian-Chinese dual-fund election charges both SINDA and CDAC,SG-SHG01-2,2026-09-29
SG-SHG01.chinese-indian,SG,contribution,"A Chinese-Indian employee (first NRIC race Chinese, e.g. Chinese-Tamil) may elect SINDA besides CDAC.",CPF Board self-help group contributions and mixed-race example,https://www.cpf.gov.sg/employer/employer-obligations/contributions-to-self-help-groups,2026-09-29,2025-12-01,,TESTED,Split from SG-SHG01 (2026-09-30). Golden-tested (SG-SHG04(c)). SG-SHG04-1 passed in the R8 run 2026-09-30 (after the parent’s verified_at 2026-09-29).,statutory_contributions:CDAC; statutory_contributions:SINDA; statutory_contributions:ECF; statutory_contributions:MBMF; statutory_contributions:*.unregistered_action,"Singapore — a dual-race employee: the first NRIC race selects the fund, and a documented election adds the second, either way round",SG-SHG04-1,
SG-SHG01.opt-out,SG,contribution,An employee who has opted out of a fund by written application to it is deducted nothing for that fund.,CPF Board self-help group contributions and mixed-race example,https://www.cpf.gov.sg/employer/employer-obligations/contributions-to-self-help-groups,2026-09-29,2025-12-01,,TESTED,Split from SG-SHG01 (2026-09-30). Golden-tested; corrections open. SG-SHG01-3 pending the test phase.,statutory_contributions:CDAC; statutory_contributions:SINDA; statutory_contributions:ECF; statutory_contributions:MBMF; statutory_contributions:*.unregistered_action,Singapore — an SHG opt-out turns the fund off for that employment,SG-SHG01-3,
SG-SHG01.unregistered,SG,contribution,"An employer whose fund registration is incomplete (NOT_REGISTERED) is still assessed the fund amounts, with a warning.",CPF Board self-help group contributions and mixed-race example,https://www.cpf.gov.sg/employer/employer-obligations/contributions-to-self-help-groups,2026-09-30,2025-12-01,,TESTED,"Split from SG-SHG01 (2026-09-30). Golden only (`sg-unregistered-liability`). Probe(s) SG-CPF01-4 added 2026-09-30, pending the test phase.",statutory_contributions:CDAC; statutory_contributions:SINDA; statutory_contributions:ECF; statutory_contributions:MBMF; statutory_contributions:*.unregistered_action,Singapore: incomplete CPF and SHG registration does not waive mandatory liabilities,SG-CPF01-4,
SG-SHG01.remittance,SG,contribution,The deducted fund amounts are remitted with the CPF submission.,CPF Board self-help group contributions and mixed-race example,https://www.cpf.gov.sg/employer/employer-obligations/contributions-to-self-help-groups,2026-09-29,2025-12-01,,EXTERNAL-RECORDED,"Configured 2026-10-01 (Phase 2): duty type SHG_DEDUCTION_REMITTANCE raises one instance per finalised run, due with CPF (14 days after the month); the amount is not stored. the instance is raised by the obligation_calendar sweep, so the probe needs the harness to run that sweep before its `saved` oracle is read; probe pending the Prove phase.",duty_types:SHG_DEDUCTION_REMITTANCE; obligations:SHG_DEDUCTION_REMITTANCE,,SG-OBL-1,
SG-EA01.rate-definitions,SG,wages,"Salary, basic rate of pay and gross rate of pay are separate definitions (s.2); a leave or holiday day is priced at the gross rate.",Employment Act 1968 ss.1–2; First Schedule,https://sso.agc.gov.sg/Act/EmA1968?WholeDoc=1,2026-09-26,2025-12-01,,VERIFIED,Split from SG-EA01 (2026-09-30). Verified by SG-HOL01-1 on 2026-09-29.,work_rules.gross_excluded_allowances; work_rules.overtime_when,"D19 SG: weekly, daily and hourly contracts price a leave day at the EA s.2 gross rate of pay",SG-HOL01-1,2026-09-29
SG-EA01.workman,SG,wages,"A workman (First Schedule classes; manual labour) has its own Part 4 scope, distinct from salary coverage.",Employment Act 1968 ss.1–2; First Schedule,https://sso.agc.gov.sg/Act/EmA1968?WholeDoc=1,2026-09-26,2025-12-01,,VERIFIED,"Split from SG-EA01 (2026-09-30). First Schedule workman classification beyond the MANUAL_LABOUR label, and mixed manual duties, are not built. Verified by SG-EA46-1 on 2026-09-29.",work_rules.gross_excluded_allowances; work_rules.overtime_when,SG audit — every sealed SG version carries the same Part 4 coverage predicate on monthly basic,SG-EA46-1,2026-09-29
SG-EA01.manager,SG,wages,A person in a managerial or executive position has a different scope from other employees.,Employment Act 1968 ss.1–2; First Schedule,https://sso.agc.gov.sg/Act/EmA1968?WholeDoc=1,2026-09-30,2025-12-01,,TESTED,"Split from SG-EA01 (2026-09-30). Golden-tested; no probe. Probe(s) SG-EA01-1 added 2026-09-30, pending the test phase.",work_rules.gross_excluded_allowances; work_rules.overtime_when,"SG audit — s.88: a public holiday worked earns the extra day for a manager, not for an employee outside the Act",SG-EA01-1,
SG-EA01.apprentice,SG,wages,An apprentice has its own scope under the Act.,Employment Act 1968 ss.1–2; First Schedule,https://sso.agc.gov.sg/Act/EmA1968?WholeDoc=1,2026-10-03,2025-12-01,,IMPLEMENTED,"Full statutory coverage classification source scope integrated: actual EA scope facts, manual-apprentice category, statutory-board constituting-law/Gazette references and REFUSE checks in seed/jurisdiction/SG/jurisdiction_settings.json; actual terms classification consumed by payroll/leave. Annual/sick/hospital, childcare and automatic unworked holiday exclusions are source-qualified. Current maternity eligibility requires a qualified immutable statutory origin; EA76 origins exclude NON_EA while independent CDCA origins retain their own eligibility. The old unconditional first56 maternity pay branch is absent in all four versions; original-origin pay_fraction and actual part capacities/scopes are wired. Source implementation only; no behavioral verification or VERIFIED claim.",seed/jurisdiction/SG/jurisdiction_settings.json; seed/jurisdiction/SG/leave_catalogue.json; src/lib/payroll/run/eligibility.ts; src/lib/leave/activity.ts; src/lib/leave/payroll.ts,,,
SG-EA01.seafarer,SG,wages,A seafarer has its own scope under the Act.,Employment Act 1968 ss.1–2; First Schedule,https://sso.agc.gov.sg/Act/EmA1968?WholeDoc=1,2026-10-03,2025-12-01,,IMPLEMENTED,"Full statutory coverage classification source scope integrated: actual EA scope facts, manual-apprentice category, statutory-board constituting-law/Gazette references and REFUSE checks in seed/jurisdiction/SG/jurisdiction_settings.json; actual terms classification consumed by payroll/leave. Annual/sick/hospital, childcare and automatic unworked holiday exclusions are source-qualified. Current maternity eligibility requires a qualified immutable statutory origin; EA76 origins exclude NON_EA while independent CDCA origins retain their own eligibility. The old unconditional first56 maternity pay branch is absent in all four versions; original-origin pay_fraction and actual part capacities/scopes are wired. Source implementation only; no behavioral verification or VERIFIED claim.",seed/jurisdiction/SG/jurisdiction_settings.json; seed/jurisdiction/SG/leave_catalogue.json; src/lib/payroll/run/eligibility.ts; src/lib/leave/activity.ts; src/lib/leave/payroll.ts,,,
SG-EA01.domestic-worker,SG,wages,A domestic worker has its own scope under the Act.,Employment Act 1968 ss.1–2; First Schedule,https://sso.agc.gov.sg/Act/EmA1968?WholeDoc=1,2026-10-03,2025-12-01,,IMPLEMENTED,"Full statutory coverage classification source scope integrated: actual EA scope facts, manual-apprentice category, statutory-board constituting-law/Gazette references and REFUSE checks in seed/jurisdiction/SG/jurisdiction_settings.json; actual terms classification consumed by payroll/leave. Annual/sick/hospital, childcare and automatic unworked holiday exclusions are source-qualified. Current maternity eligibility requires a qualified immutable statutory origin; EA76 origins exclude NON_EA while independent CDCA origins retain their own eligibility. The old unconditional first56 maternity pay branch is absent in all four versions; original-origin pay_fraction and actual part capacities/scopes are wired. Source implementation only; no behavioral verification or VERIFIED claim.",seed/jurisdiction/SG/jurisdiction_settings.json; seed/jurisdiction/SG/leave_catalogue.json; src/lib/payroll/run/eligibility.ts; src/lib/leave/activity.ts; src/lib/leave/payroll.ts,,,
SG-EA01.statutory-board,SG,wages,Statutory-board employees are excluded (N1).,Employment Act 1968 ss.1–2; First Schedule,https://sso.agc.gov.sg/Act/EmA1968?WholeDoc=1,2026-10-03,2025-12-01,,IMPLEMENTED,"Full statutory coverage classification source scope integrated: actual EA scope facts, manual-apprentice category, statutory-board constituting-law/Gazette references and REFUSE checks in seed/jurisdiction/SG/jurisdiction_settings.json; actual terms classification consumed by payroll/leave. Annual/sick/hospital, childcare and automatic unworked holiday exclusions are source-qualified. Current maternity eligibility requires a qualified immutable statutory origin; EA76 origins exclude NON_EA while independent CDCA origins retain their own eligibility. The old unconditional first56 maternity pay branch is absent in all four versions; original-origin pay_fraction and actual part capacities/scopes are wired. Source implementation only; no behavioral verification or VERIFIED claim.",seed/jurisdiction/SG/jurisdiction_settings.json; seed/jurisdiction/SG/leave_catalogue.json; src/lib/payroll/run/eligibility.ts; src/lib/leave/activity.ts; src/lib/leave/payroll.ts,,,
SG-EA02,SG,other,"Administration, Gazette powers and continuing duties under other laws; s.7 repealed. No independent employee amount. Gazette exclusions need an explicit instrument disposition, not an inference from the main Act.",Employment Act 1968 ss.3–7,https://sso.agc.gov.sg/Act/EmA1968?WholeDoc=1,2026-09-29,2025-12-01,,NOT-APPLICABLE,"Administration and Gazette powers only; no employee amount. The 33-entry subsidiary list holds no s.5 premises notification; its only exclusion is N1 (SG-SL01). Evidence: Selected SG golden/notice/wages probes; section-wide proof open. Open/why: No employee-pay amount; Gazette exclusions and continuing duties have no complete instrument and applicability register. SSO reachable 2026-09-29 (current version as at 29 Sep 2026); not a source block. ss.3–7 re-read: s.5 lets the Minister disapply the Act to premises by Gazette notification; the 33-entry EA subsidiary list (unchanged 29 Sep 2026) holds no s.5 premises notification, and its only exclusion is N1 (statutory-board employees, SG-SL01). Open: a saved statutory-board/premises applicability input. Legacy status: No [IN-SYSTEM 2026-09-29]. Period: 2025-12+; exact amendment/saving dates not fully reconciled. Profile: EA-covered worker and employer; section-specific exceptions.",,,,
SG-EA03,SG,other,Less favourable terms are void; more favourable contractual terms remain relevant. Fixed-task/time completion and indefinite contracts select distinct endings. Contract selection and preserved terms need probes.,Employment Act 1968 ss.8–9,https://sso.agc.gov.sg/Act/EmA1968?WholeDoc=1,2026-09-26,2025-12-01,,PARTIAL,"Current source audit (2026-10-03). Integrated: Native terms, dated contractual rates and optional generous holiday floor preserved.. Incomplete: No complete source-qualified less-favourable-term floor across all benefits, dated favorable agreement preservation/variation or distinct fixed-task completion workflow.. Required actual inputs/external operations remain genuine; no new verification.",employment_terms,,,
SG-EA04.agreed,SG,notice,"Either party may give written notice to terminate, of the period the contract states, equal for both parties (s.10).",Employment Act 1968 s.10,https://sso.agc.gov.sg/Act/EmA1968?WholeDoc=1,2026-09-26,2025-12-01,,PARTIAL,Current source audit (2026-10-03). Integrated: Single contractual notice_days and actual written decision/calendar/waiver sources; actual money case rejects inconsistent stated period.. Incomplete: The whole row also requires written notice by either party and equal bilateral contractual periods. Single notice_days cannot establish complete actual notice delivery/party-specific agreement history.. agreed. Required actual inputs/external operations remain genuine; no new verification.,exit_facts.notice_served,,,
SG-EA04.default-below-26-weeks,SG,notice,Where the contract states no period: one day’s notice under 26 weeks’ service (s.10(3)).,Employment Act 1968 s.10,https://sso.agc.gov.sg/Act/EmA1968?WholeDoc=1,2026-09-26,2025-12-01,,IMPLEMENTED,"Current source audit (2026-10-03). Integrated: Native default notice bands use actual evidenced same-employer service start and given date: <182 elapsed days1, <2 anniversary years7, <5 years14, otherwise28. Inclusive given-day interval and actual written mutually waived distinct unserved dates reconcile to admitted waiver; full waiver covers all remaining dates.. Full stated scope implemented; saved-workflow verification remains due. default-below-26-weeks. Required actual inputs/external operations remain genuine; no new verification.",exit_facts.notice_served,,,
SG-EA04.default-26-weeks,SG,notice,Where the contract states no period: one week’s notice from 26 weeks to under two years (s.10(3)).,Employment Act 1968 s.10,https://sso.agc.gov.sg/Act/EmA1968?WholeDoc=1,2026-09-26,2025-12-01,,IMPLEMENTED,"Current source audit (2026-10-03). Integrated: Native default notice bands use actual evidenced same-employer service start and given date: <182 elapsed days1, <2 anniversary years7, <5 years14, otherwise28. Inclusive given-day interval and actual written mutually waived distinct unserved dates reconcile to admitted waiver; full waiver covers all remaining dates.. Full stated scope implemented; saved-workflow verification remains due. default-26-weeks. Required actual inputs/external operations remain genuine; no new verification.",exit_facts.notice_served,,,
SG-EA04.default-2-years,SG,notice,Where the contract states no period: two weeks’ notice from two to under five years (s.10(3)).,Employment Act 1968 s.10,https://sso.agc.gov.sg/Act/EmA1968?WholeDoc=1,2026-09-26,2025-12-01,,IMPLEMENTED,"Current source audit (2026-10-03). Integrated: Native default notice bands use actual evidenced same-employer service start and given date: <182 elapsed days1, <2 anniversary years7, <5 years14, otherwise28. Inclusive given-day interval and actual written mutually waived distinct unserved dates reconcile to admitted waiver; full waiver covers all remaining dates.. Full stated scope implemented; saved-workflow verification remains due. default-2-years. Required actual inputs/external operations remain genuine; no new verification.",exit_facts.notice_served,,,
SG-EA04.default-5-years,SG,notice,Where the contract states no period: four weeks’ notice from five years (s.10(3)).,Employment Act 1968 s.10,https://sso.agc.gov.sg/Act/EmA1968?WholeDoc=1,2026-09-26,2025-12-01,,IMPLEMENTED,"Current source audit (2026-10-03). Integrated: Native default notice bands use actual evidenced same-employer service start and given date: <182 elapsed days1, <2 anniversary years7, <5 years14, otherwise28. Inclusive given-day interval and actual written mutually waived distinct unserved dates reconcile to admitted waiver; full waiver covers all remaining dates.. Full stated scope implemented; saved-workflow verification remains due. default-5-years. Required actual inputs/external operations remain genuine; no new verification.",exit_facts.notice_served,,,
SG-EA04.waiver-and-counting,SG,notice,"Notice may be waived, and the day notice is given counts in the period.",Employment Act 1968 s.10,https://sso.agc.gov.sg/Act/EmA1968?WholeDoc=1,2026-09-26,2025-12-01,,IMPLEMENTED,"Current source audit (2026-10-03). Integrated: Native default notice bands use actual evidenced same-employer service start and given date: <182 elapsed days1, <2 anniversary years7, <5 years14, otherwise28. Inclusive given-day interval and actual written mutually waived distinct unserved dates reconcile to admitted waiver; full waiver covers all remaining dates.. Full stated scope implemented; saved-workflow verification remains due. waiver-and-counting. Required actual inputs/external operations remain genuine; no new verification.",exit_facts.notice_served,,,
SG-EA05.in-lieu-of-notice,SG,notice,"A party ending the contract without notice pays the gross wages that would have accrued over the unserved notice (s.11); the payment is outside CPF and the SHG funds, inside SDL.","Employment Act 1968 ss.11,16",https://sso.agc.gov.sg/Act/EmA1968?WholeDoc=1,2026-09-26,2025-12-01,,TESTED,"Split from SG-EA05 (2026-09-30). Contribution treatment is golden-tested; the amount is a manual entry (SALARY_IN_LIEU_OF_NOTICE), not computed as the s.11 gross counterfactual. SG-EA05-1 pending the test phase.",adhoc_catalogue:SALARY_IN_LIEU_OF_NOTICE,"SG salary in lieu of notice is outside CPF and the SHG funds, inside SDL",SG-EA05-1,
SG-EA05.incomplete-month,SG,notice,For a monthly-rated employee’s incomplete month the counterfactual uses the Third Schedule daily gross rate.,"Employment Act 1968 ss.11,16",https://sso.agc.gov.sg/Act/EmA1968?WholeDoc=1,2026-09-26,2025-12-01,,IMPLEMENTED,"Current source audit (2026-10-03). Integrated: Native notice money prices each actual counterfactual required date from dated contractual monthly gross, legally classified allowances, 12/(52*actual average required weekly days) Third Schedule rate; source roster and agreed currency/rate revisions are preserved, waived/nonrequired dates take zero.. Full stated scope implemented; saved-workflow verification remains due. incomplete-month. Required actual inputs/external operations remain genuine; no new verification.",adhoc_catalogue:SALARY_IN_LIEU_OF_NOTICE,,,
SG-EA05.wilful-breach,SG,notice,The wilful-breach exceptions and contractual liability select a different remedy from the notice counterfactual.,"Employment Act 1968 ss.11,16",https://sso.agc.gov.sg/Act/EmA1968?WholeDoc=1,2026-09-26,2025-12-01,,PARTIAL,"Current source audit (2026-10-03). Integrated: LEGAL_EXCEPTION selects and refuses manufacture of ordinary notice compensation; evidenced exception facts/checks and native notice case exist.. Incomplete: Exception documentary admission is not the complete minor-benefit/damages, wilful-breach contractual liability, nonpayment, >2day unauthorized-absence or unassumed-danger legal remedy workflow/cash.. wilful-breach. Required actual inputs/external operations remain genuine; no new verification.",adhoc_catalogue:SALARY_IN_LIEU_OF_NOTICE,,,
SG-EA06,SG,notice,Minor's contract damages require the benefit condition; nonpayment and more-than-two-day unauthorised absence have different breach facts. Unassumed danger can permit immediate termination. Applicable notice/remedy selection remains unproved.,"Employment Act 1968 ss.12–13,15",https://sso.agc.gov.sg/Act/EmA1968?WholeDoc=1,2026-09-26,2025-12-01,,PARTIAL,"Integrated source: notice actual birth/original contract beneficial-condition admission, four-version enforcement_age_threshold=18 and contractual day_average policy, native original clearance notice lifecycle. Residual: unauthorized breach/danger/other whole-row termination rights remain separate. Source integration; behavioral verification not run.",,,,
SG-EA07,SG,other,"Inquiry versus disciplinary suspension, one-week limits, Commissioner extension of inquiry, at least half pay and immediate restoration on no misconduct. Wrongful-dismissal reinstatement/compensation and the manager service condition also matter. Suspension is R34; ordered-payment and reinstatement history trace/probe open.",Employment Act 1968 s.14,https://sso.agc.gov.sg/Act/EmA1968?WholeDoc=1,2026-09-26,2025-12-01,,PARTIAL,"Current source audit (2026-10-03). Integrated: Immutable inquiry, source-known original documents and Commissioner extensions; original monthly gross/work-window/contracted wage captures with frozen paid exclusions.. Incomplete: Complete legal salary membership/date pricing, actual half-pay/restoration/correction and independent original cash; wrongful-dismissal reinstatement/compensation and manager-service conditional workflow remain.. Required actual inputs/external operations remain genuine; no new verification.",obligations:MISCONDUCT_INQUIRY_AND_LEAVE,,,
SG-EA08,SG,other,"Union protection and continuity on death, partnership/change of employer or transfer of an undertaking; accrued rights, liabilities, contract terms and collective-agreement preservation. Employment currently derives service from its own range start; predecessor service/rights across entities are not demonstrated. Transfer orders and agreed variations need explicit inputs and probes.",Employment Act 1968 ss.17–19,https://sso.agc.gov.sg/Act/EmA1968?WholeDoc=1,2026-09-26,2025-12-01,,PARTIAL,"Current source audit (2026-10-03). Integrated: Actual source-qualified adjacent legal transfer predecessor chain, known-source cutoff, source-company identity, service consumer and paid-original provenance; inherited leave service qualification adopted.. Incomplete: Union protection/death/partnership and full actual notice/consultation/dispute/orders; original liabilities, collective/favorable terms and audited accrued grant/usage/expiry/capacity/cash continuation not fully integrated.. Required actual inputs/external operations remain genuine; no new verification.",,,,
SG-EA09,SG,wages,"Salary period at most one month; ordinary wages due within seven days, overtime fourteen; completed task may accelerate settlement. Payment timing needs actual due and paid dates.",Employment Act 1968 ss.20–21,https://sso.agc.gov.sg/Act/EmA1968?WholeDoc=1,2026-09-26,2025-12-01,,EXTERNAL-RECORDED,"Configured 2026-10-01 (Phase 2): duty type SALARY_PAYMENT_DEADLINE raises one instance per finalised run, due the 7th day after the salary period (s.21(1)). Not raised: the 14-day overtime deadline and the completed-task acceleration. the instance is raised by the obligation_calendar sweep, so the probe needs the harness to run that sweep before its `saved` oracle is read; probe pending the Prove phase.",duty_types:SALARY_PAYMENT_DEADLINE; obligations:SALARY_PAYMENT_DEADLINE,,SG-OBL-1,
SG-EA10.join,SG,proration,An employee who joins after the first day of the month is paid the monthly gross rate × days actually worked ÷ days required to work in the month (s.20A(1)).,Employment Act 1968 s.20A,https://sso.agc.gov.sg/Act/EmA1968?WholeDoc=1,2026-09-28,2025-12-01,,VERIFIED,Split from SG-EA10 (2026-09-30). Verified by SG-EA10-1 on 2026-09-29. SG-EA10-3 pending the test phase.,work_rules.proration.by; payroll.short_day_half_hours; payroll.short_day_fraction,"Singapore — a joiner takes the working days employed over the month’s, and a travelling allowance stays whole",SG-EA10-1; SG-EA10-3,2026-09-29
SG-EA10.exit,SG,proration,An employee whose employment ends before the month’s end is paid the same proportion (s.20A(1)(b)); a month with no working day pays nothing.,Employment Act 1968 s.20A,https://sso.agc.gov.sg/Act/EmA1968?WholeDoc=1,2026-09-28,2025-12-01,,VERIFIED,"Split from SG-EA10 (2026-09-30). Verified by SG-EA11-1 on 2026-09-29. SG-EA10-4, SG-EA10-5 pending the test phase.",work_rules.proration.by; payroll.short_day_half_hours; payroll.short_day_fraction,Singapore — s.20A prices an incomplete month and an unpaid day on the month’s working days,SG-EA11-1; SG-EA10-4; SG-EA10-5,2026-09-29
SG-EA10.rate-change,SG,proration,A salary changed during the month prices each rate on its own working days.,Employment Act 1968 s.20A,https://sso.agc.gov.sg/Act/EmA1968?WholeDoc=1,2026-09-28,2025-12-01,,VERIFIED,Split from SG-EA10 (2026-09-30). Verified by SG-EA10-2 on 2026-09-29.,work_rules.proration.by; payroll.short_day_half_hours; payroll.short_day_fraction,Singapore — a mid-month pay rise prices each salary on its own working days,SG-EA10-2,2026-09-29
SG-EA10.no-pay-leave,SG,proration,Employee-requested no-pay leave comes off at the same days-worked proportion.,Employment Act 1968 s.20A,https://sso.agc.gov.sg/Act/EmA1968?WholeDoc=1,2026-09-30,2025-12-01,,TESTED,"Split from SG-EA10 (2026-09-30). Golden-tested; the production proof is SG-EA14. Probe(s) SG-EA14-1 added 2026-09-30, pending the test phase.",work_rules.proration.by; payroll.short_day_half_hours; payroll.short_day_fraction,Singapore — s.20A prices an incomplete month and an unpaid day on the month’s working days,SG-EA14-1,
SG-EA10.holiday-on-working-day,SG,proration,A public holiday on a working day counts among both the days required and the days worked.,Employment Act 1968 s.20A,https://sso.agc.gov.sg/Act/EmA1968?WholeDoc=1,2026-09-28,2025-12-01,,TESTED,"Split from SG-EA10 (2026-09-30). Golden-tested. SG-EA10-3, SG-EA10-4 pending the test phase.",work_rules.proration.by; payroll.short_day_half_hours; payroll.short_day_fraction,"Singapore — s.20A counts a public holiday on a working day as a working day, worked or not",SG-EA10-3; SG-EA10-4,
SG-EA10.national-service,SG,proration,National-service absence is pro-rated the same way (s.20A(1)(d)).,Employment Act 1968 s.20A,https://sso.agc.gov.sg/Act/EmA1968?WholeDoc=1,2026-09-28,2025-12-01,,IMPLEMENTED,Wave 0: all four actual NS_LEAVE catalogues use pay_fraction0.0. Native dated leave/payroll charge consumer deducts the employer-paid salary share using existing contractual proration; paid status and separate CPF notional civilian wage source are preserved. Integrated source only; no new behavioral verification.,work_rules.proration.by; payroll.short_day_half_hours; payroll.short_day_fraction,,,
SG-EA10.half-day,SG,proration,A day required for 5 hours or less is regarded as half a day (s.20A(2)).,Employment Act 1968 s.20A,https://sso.agc.gov.sg/Act/EmA1968?WholeDoc=1,2026-09-28,2025-12-01,,TESTED,Split from SG-EA10 (2026-09-30). Golden-tested; the LIT-3 stored-fraction golden is pending the test phase; no probe (the harness seeds no roster). Open: s.20A(2) names the numerator; the engine weighs the divisor alike.,work_rules.proration.by; payroll.short_day_half_hours; payroll.short_day_fraction,Singapore — s.20A(2): a day of five contracted hours or fewer counts as half a working day,,
SG-EA11.employer-termination,SG,final_pay,On termination by the employer the salary is due on the last day of employment (s.22).,"Employment Act 1968 ss.22–23,25",https://sso.agc.gov.sg/Act/EmA1968?WholeDoc=1,2026-09-26,2025-12-01,,TESTED,Split from SG-EA11 (2026-09-30). Deadline warning golden-tested; SG-EA11-1 checks only the amount (see SG-EA10.exit); actual disbursement is employer evidence.,payroll.final_pay_deadlines; exit_facts.notice_served; exit_facts.final_pay_not_possible,SG: an employer termination is due on the last day unless same-day payment is impossible (s.22),,
SG-EA11.payment-impossible,SG,final_pay,"Where same-day payment is impossible the salary is due within three days, excluding the days s.22 excludes.","Employment Act 1968 ss.22–23,25",https://sso.agc.gov.sg/Act/EmA1968?WholeDoc=1,2026-09-26,2025-12-01,,PARTIAL,Current source audit (2026-10-03). Integrated: Actual final_pay_not_possible flag selects three-day deadline and existing calendar excludes statutory nonworking dates.. Incomplete: Actual impossibility documentary evidence is not required by the current boolean fact; source-described evidence alone is not immutable admissible proof.. payment-impossible. Required actual inputs/external operations remain genuine; no new verification.,payroll.final_pay_deadlines; exit_facts.notice_served; exit_facts.final_pay_not_possible,SG: an employer termination is due on the last day unless same-day payment is impossible (s.22); SG EA s.22: employer exit is payable immediately unless same-day payment was impossible,,
SG-EA11.resignation-with-notice,SG,final_pay,An employee who resigns with notice served is paid on the last day (s.23).,"Employment Act 1968 ss.22–23,25",https://sso.agc.gov.sg/Act/EmA1968?WholeDoc=1,2026-09-26,2025-12-01,,TESTED,Split from SG-EA11 (2026-09-30). Golden-tested as a run warning; no probe.,payroll.final_pay_deadlines; exit_facts.notice_served; exit_facts.final_pay_not_possible,"SG EA s.23: a resignation with notice served is paid on the last day, without it within 7 days",,
SG-EA11.resignation-without-notice,SG,final_pay,An employee who resigns without notice is paid within seven days (s.23(2)).,"Employment Act 1968 ss.22–23,25",https://sso.agc.gov.sg/Act/EmA1968?WholeDoc=1,2026-09-26,2025-12-01,,TESTED,Split from SG-EA11 (2026-09-30). Golden-tested as a run warning; no probe.,payroll.final_pay_deadlines; exit_facts.notice_served; exit_facts.final_pay_not_possible,"SG EA s.23: a resignation with notice served is paid on the last day, without it within 7 days",,
SG-EA11.payment-route,SG,final_pay,"Final pay is made at the time and place, or by the bank route, the Act permits, subject to the deduction and set-off limits (s.25).","Employment Act 1968 ss.22–23,25",https://sso.agc.gov.sg/Act/EmA1968?WholeDoc=1,2026-09-26,2025-12-01,,EXTERNAL,"Split from SG-EA11 (2026-09-30). Delivery route, set-off and paid-date evidence are employer records.",payroll.final_pay_deadlines; exit_facts.notice_served; exit_facts.final_pay_not_possible,,,
SG-EA12,SG,final_pay,Tax-clearance retention overrides ordinary final-pay timing; notification and receipt dates matter. R23.,Employment Act 1968 s.24,https://sso.agc.gov.sg/Act/EmA1968?WholeDoc=1,2026-09-26,2025-12-01,,TESTED,"The s.24 retention is enforced by the IR21 hold on the PAID transform (goldens). IRAS filing/receipt evidence is external (SG-IRAS02). Evidence: Selected SG golden/notice/wages probes; section-wide proof open. Open/why: IR21 awareness, hold, notice, directive and release dates need saved-output evidence. Legacy status: No [EXTERNAL 2026-09-29]. Period: 2025-12+; exact amendment/saving dates not fully reconciled. Profile: EA-covered worker and employer; section-specific exceptions. R33/R23: the PAID transform formerly checked only open payment_holds, so a foreign leaver was paid before the exit automation created the IR21 hold (reproduced). It now resolves the sealed tax_clearance.when rule and requires a matching released hold on or after clearance_awareness_on; validates departure facts first; a release later than the payment date does not authorise it. Exit automation dates the hold to the awareness day and checks open or released holds; a December 2025 exit with November awareness accepts its November hold. R23 open: future cessation already known, non-exit overseas posting/departure, exemptions, IR21 notice/data, directive, release and paid dates on the saved path; a hold starting only at exit can be too late.",payroll.tax_clearance.when; exit_facts.clearance_awareness_on; payroll.tax_clearance.release,SG IR21: a foreign leaver cannot be marked paid before an asynchronous clearance hold exists,,
SG-EA13,SG,wages,"Only legally authorised deductions; orders and tax-agent notices are not ordinary consent. From 5 December 2025, named MediShield Life/CareShield Life premium-agent recoveries are added. Written-consent and withdrawal branches, no retaliation, and overpayment/unearned-benefit classification need dated evidence. R04 plus the s.26 commencement trace under R03.",Employment Act 1968 ss.26–27,https://sso.agc.gov.sg/Act/EmA1968?WholeDoc=1,2026-09-26,2025-12-01,,PARTIAL,Integrated source: native original permission/facts/specific-cap/inquiry/one-time allocation chain plus four-version DAMAGE_RECOVERY/accepted-cost/cooperative catalogue policies. Residual: broader deduction lawful-purpose/payment/remittance scope requires whole-row audit; actual cooperative onward cash is not inferred. Source integration; behavioral verification not run.,payroll.deduction_ceiling; loan_catalogue:SALARY_OVERPAYMENT; loan_catalogue:UNEARNED_BENEFIT_RECOVERY; adhoc_catalogue:COOPERATIVE_DUES,"SG EA s.27(1)(f): overpaid salary can be recovered in full, unlike a loan instalment",,
SG-EA14.no-pay-leave,SG,wages,"Employee-requested no-pay leave is deducted for the time contractually required, on the working-day basis.",Employment Act 1968 s.28,https://sso.agc.gov.sg/Act/EmA1968?WholeDoc=1,2026-09-26,2025-12-01,,VERIFIED,Split from SG-EA14 (2026-09-30). Verified by SG-EA14-1 on 2026-09-29.,work_rules.proration.by; leave_catalogue:UNPAID_LEAVE; leave_catalogue:UNPAID_LEAVE.entitlement.hour_rounding,"Singapore — the lineage carries a no-pay leave row, and a day of it comes off the month’s working days",SG-EA14-1,2026-09-29
SG-EA14.unexcused-absence,SG,wages,An absence without leave (no attendance and no leave row) is deducted the same way.,Employment Act 1968 s.28,https://sso.agc.gov.sg/Act/EmA1968?WholeDoc=1,2026-09-26,2025-12-01,,TESTED,Split from SG-EA14 (2026-09-30). Golden-tested. SG-EA14-2 pending the test phase.,work_rules.proration.by; leave_catalogue:UNPAID_LEAVE; leave_catalogue:UNPAID_LEAVE.entitlement.hour_rounding,"Singapore — s.20A(1)(c) on many absent days: the month’s share, not a sum of rounded days (SG-D1)",SG-EA14-2,
SG-EA14.partial-day,SG,wages,A partial-day absence is deducted for the contractually required time missed.,Employment Act 1968 s.28,https://sso.agc.gov.sg/Act/EmA1968?WholeDoc=1,2026-09-26,2025-12-01,,IMPLEMENTED,"Integrated: dated SG work_rules.partial_absence_when; payroll/work.ts and partial-absence.ts price actual contract-required missed intervals, subtract protected worked/legal-paid/approved-leave time and actual timed breaks; native work_days unpaid_absence_intervals/evidence plus authoring schema preserve exact source. No inferred break placement or overlapping time credit. Source implementation; behavioral verification not run.",work_rules.proration.by; leave_catalogue:UNPAID_LEAVE; leave_catalogue:UNPAID_LEAVE.entitlement.hour_rounding,,,
SG-EA14.food-cost,SG,wages,The s.28 food-cost exception.,Employment Act 1968 s.28,https://sso.agc.gov.sg/Act/EmA1968?WholeDoc=1,2026-09-26,2025-12-01,,PARTIAL,"Current source audit (2026-10-03). Integrated: Source deduction classes and limits; native actual deduction authorization/order/credit paths, existing food allowance definitions.. Incomplete: All actual dated withdrawal/nonretaliation and agent premium commencement/source distinction are not full integrated scope. Food-cost specific actual supplied-food/value exception is not established by a FOOD catalogue name.. food-cost. Required actual inputs/external operations remain genuine; no new verification.",work_rules.proration.by; leave_catalogue:UNPAID_LEAVE; leave_catalogue:UNPAID_LEAVE.entitlement.hour_rounding,,,
SG-EA15.damage,SG,wages,"A deduction for damage or loss is limited to the actual loss after the employee can explain, and to one-quarter of the month’s wages per incident (s.29(1)).",Employment Act 1968 ss.29–30,https://sso.agc.gov.sg/Act/EmA1968?WholeDoc=1,2026-09-30,2025-12-01,,TESTED,"Split from SG-EA15 (2026-09-30). Golden-tested; inquiry and actual-loss evidence are employer records. SG-EA15-1, SG-EA15-2 pending the test phase.",adhoc_catalogue:DAMAGE_RECOVERY; adhoc_catalogue:APPROVED_DAMAGE_RECOVERY; adhoc_catalogue:ACCOMMODATION_RECOVERY; adhoc_catalogue:AMENITIES_RECOVERY; payroll.deduction_ceiling.group_limits,SG each damage incident has its own quarter limit; Commissioner-approved damage retains only the aggregate half,SG-EA15-1; SG-EA15-2,
SG-EA15.commissioner-permitted,SG,wages,With the Commissioner’s permission the quarter does not bind; the s.32(1) half still does.,Employment Act 1968 ss.29–30,https://sso.agc.gov.sg/Act/EmA1968?WholeDoc=1,2026-09-30,2025-12-01,,TESTED,Split from SG-EA15 (2026-09-30). Golden-tested; approval evidence is an employer record. SG-EA15-3 pending the test phase.,adhoc_catalogue:DAMAGE_RECOVERY; adhoc_catalogue:APPROVED_DAMAGE_RECOVERY; adhoc_catalogue:ACCOMMODATION_RECOVERY; adhoc_catalogue:AMENITIES_RECOVERY; payroll.deduction_ceiling.group_limits,SG each damage incident has its own quarter limit; Commissioner-approved damage retains only the aggregate half,SG-EA15-3,
SG-EA15.accommodation-amenities,SG,wages,Accepted accommodation and approved amenities share one quarter-of-salary ceiling per salary period (s.30(2)) and cannot exceed the supplied value.,Employment Act 1968 ss.29–30,https://sso.agc.gov.sg/Act/EmA1968?WholeDoc=1,2026-09-30,2025-12-01,,TESTED,"Split from SG-EA15 (2026-09-30). Golden-tested; consent and supplied-value evidence are employer records. SG-EA15-4, SG-EA15-5 pending the test phase.",adhoc_catalogue:DAMAGE_RECOVERY; adhoc_catalogue:APPROVED_DAMAGE_RECOVERY; adhoc_catalogue:ACCOMMODATION_RECOVERY; adhoc_catalogue:AMENITIES_RECOVERY; payroll.deduction_ceiling.group_limits,SG damage and accommodation limits remain independent of the final-pay aggregate exemption,SG-EA15-4; SG-EA15-5,
SG-EA16,SG,wages,"Pre-employment advance recovery timing, nonrecoverable pre-employment travel advance, twelve-month recovery limit and separate quarter-wage instalment limits for advances/loans. R04; actual disbursement and recovery history required.",Employment Act 1968 s.31,https://sso.agc.gov.sg/Act/EmA1968?WholeDoc=1,2026-09-30,2025-12-01,,TESTED,"Advance timing, non-recoverable travel advance, 12-month origin and quarter instalment limit are golden-tested. Evidence: Selected SG golden/notice/wages probes; section-wide proof open. Open/why: The instalment limit is selected, but advance disbursement, original schedule, pre-employment exception and repayment history need saved probes. Legacy status: No [PROBE 2026-09-29]. Period: 2025-12+; exact amendment/saving dates not fully reconciled. Profile: EA-covered worker and employer; section-specific exceptions. Default (F18, 2026-09-30; law silent: s.31(2),(4) allow recovery in instalments, s.31(3),(5) cap each at a quarter of the salary due for the salary period in respect of which the deduction is made, and no provision names the payslip): an instalment is recovered on the payslip whose salary period contains its due date; the entry cutoff (pay_cutoff_day) does not move it. Golden: tests/loan.test.ts ""an instalment due after the cutoff is recovered on the payslip whose period contains it"".",payroll.deduction_ceiling.advance_recovery; loan_catalogue:SALARY_ADVANCE; loan_catalogue:TRAVEL_ADVANCE; payroll.deduction_ceiling.loan_instalment_share,SG EA s.31(1): pre-employment advances wait for a complete salary period; travel advances cannot be recovered,,
SG-EA17.half-ceiling,SG,wages,"All deductions in a salary period together are at most half the salary, CPF counted (s.32(1)).",Employment Act 1968 s.32,https://sso.agc.gov.sg/Act/EmA1968?WholeDoc=1,2026-09-30,2025-12-01,,TESTED,Split from SG-EA17 (2026-09-30). Golden-tested. SG-EA17-1 pending the test phase.,payroll.deduction_ceiling.share; payroll.deduction_ceiling.final_pay_exempt; payroll.deduction_ceiling.counts_statutory,"SG EA s.32: CPF counts toward the half, loans (s.27(1)(f)) do not, and an excess other deduction is reported",SG-EA17-1,
SG-EA17.excluded-deductions,SG,wages,The deductions s.32(1) names (e.g. s.27(1)(j) co-operative society dues) are outside the half.,Employment Act 1968 s.32,https://sso.agc.gov.sg/Act/EmA1968?WholeDoc=1,2026-09-30,2025-12-01,,TESTED,Split from SG-EA17 (2026-09-30). Golden-tested. SG-EA17-2 pending the test phase.,payroll.deduction_ceiling.share; payroll.deduction_ceiling.final_pay_exempt; payroll.deduction_ceiling.counts_statutory,"SG EA s.32: CPF counts toward the half, loans (s.27(1)(f)) do not, and an excess other deduction is reported",SG-EA17-2,
SG-EA17.final-salary,SG,wages,The last salary on termination is outside the half (s.32(2)); the independent limits still apply.,Employment Act 1968 s.32,https://sso.agc.gov.sg/Act/EmA1968?WholeDoc=1,2026-09-30,2025-12-01,,TESTED,Split from SG-EA17 (2026-09-30). Golden-tested. SG-EA17-3 pending the test phase.,payroll.deduction_ceiling.share; payroll.deduction_ceiling.final_pay_exempt; payroll.deduction_ceiling.counts_statutory,SG s.32(2): every deduction from the last salary is outside the 50% limit — every version,SG-EA17-3,
SG-EA18,SG,other,"Covered wages have priority against qualifying property/work, capped at five months for the statutory priority. Court distribution/priority input is distinct from reducing wages due. Scope and numerical treatment unproved; penalties are enforcement.",Employment Act 1968 ss.33–34,https://sso.agc.gov.sg/Act/EmA1968?WholeDoc=1,2026-09-26,2025-12-01,,EXTERNAL,Wage priority in insolvency is court distribution; no routine payslip amount. Evidence: Selected SG golden/notice/wages probes; section-wide proof open. Legacy status: No [IN-SYSTEM 2026-09-29]. Period: 2025-12+; exact amendment/saving dates not fully reconciled. Profile: EA-covered worker and employer; section-specific exceptions.,,,,
SG-EA19.non-workman,SG,hours,"A non-workman is inside Part 4 at a basic monthly salary of at most $2,600 (s.35(b)).",Employment Act 1968 s.35,https://sso.agc.gov.sg/Act/EmA1968?WholeDoc=1,2026-09-30,2025-12-01,,VERIFIED,"Split from SG-EA19 (2026-09-30). The $2,600.00/$2,600.01 edge is golden only until SG-EA19-1/2 run. Verified by SG-EA22-1 on 2026-09-29. SG-EA19-1, SG-EA19-2 pending the test phase.",work_rules.overtime_when,"SG audit — s.35(b): Part 4 reaches a non-workman at $2,600 a month and not at $2,600.01",SG-EA22-1; SG-EA19-1; SG-EA19-2,2026-09-29
SG-EA19.workman,SG,hours,"A workman is inside Part 4 at a basic monthly salary of at most $4,500 (s.35(a)).",Employment Act 1968 s.35,https://sso.agc.gov.sg/Act/EmA1968?WholeDoc=1,2026-09-30,2025-12-01,,VERIFIED,"Split from SG-EA19 (2026-09-30). The $4,500.00/$4,500.01 edge is unprobed until SG-EA19-3/4 run. Verified by SG-EA46-1 on 2026-09-29. SG-EA19-3, SG-EA19-4 pending the test phase.",work_rules.overtime_when,SG audit — every sealed SG version carries the same Part 4 coverage predicate on monthly basic,SG-EA46-1; SG-EA19-3; SG-EA19-4,2026-09-29
SG-EA19.manager,SG,hours,A person in a managerial or executive position is outside Part 4 whatever the salary (s.35(b)).,Employment Act 1968 s.35,https://sso.agc.gov.sg/Act/EmA1968?WholeDoc=1,2026-09-30,2025-12-01,,VERIFIED,"Probe SG-EA19-5 (MANAGERIAL on SGD 2,288, two planned hours unpaid under s.35(b)) passed 2026-10-01.",work_rules.overtime_when,,SG-EA19-5,2026-10-01
SG-EA19.pay-basis,SG,hours,A daily- or hourly-rated employee is measured on the monthly equivalent of the rate.,Employment Act 1968 s.35,https://sso.agc.gov.sg/Act/EmA1968?WholeDoc=1,2026-09-30,2025-12-01,,TESTED,Split from SG-EA19 (2026-09-30). Golden-tested; no probe.,work_rules.overtime_when,SG audit — s.35: a daily-rated employee is measured on the month the daily rate makes,,
SG-EA19.classification-change,SG,hours,A dated change of classification or salary selects Part 4 coverage from its effective date.,Employment Act 1968 s.35,https://sso.agc.gov.sg/Act/EmA1968?WholeDoc=1,2026-10-03,2025-12-01,,VERIFIED,"Verified 2026-10-03: all three registered saved cases passed (hr-sg-part4-registered-saved.log, 3/3, 14.05s). Dated MANAGERIAL to EA_COVERED classification and salary rise/fall across the exact nonworkman SGD2600 ceiling select Part4 on each work date. Two-term basic2600.01 plus only the eligible dated overtime40.91 yields gross2640.92, CPF employee528/employer449, SDL6.60, net2112.92. Saved adjustments name only the eligible work-day source; two unpaid recalculations preserve full financial/statutory captures and work-day pins. Source: MOM Employment Act coverage guidance and EA s35, Fourth Schedule.",work_rules.overtime_when,,SG-EA19-6; SG-EA19-SALARY-RISE-SAVED; SG-EA19-SALARY-FALL-SAVED,2026-10-03
SG-EA20,SG,rest_holiday,"Weekly rest, shift workers' qualifying continuous thirty-hour rest and monthly roster rules. R40; Sunday-crossing and roster exceptions need probes.",Employment Act 1968 s.36,https://sso.agc.gov.sg/Act/EmA1968?WholeDoc=1,2026-09-26,2025-12-01,,PARTIAL,"Current source audit (2026-10-03). Integrated: Weekly-rest source bands, actual Sunday-based week and documented qualifying part-time5–7day bounded rest plan.. Incomplete: Full shift qualifying continuous30hour rest and actual monthly roster issuance/authorized exceptions not implemented by ordinary REST day labels.. Required actual inputs/external operations remain genuine; no new verification.",work_rules.holiday_rest_precedence; work_rules.bands,,,
SG-EA21.employee-half,SG,overtime,Rest-day work at the employee’s request for not more than half the normal hours: half a day at the basic rate (s.37(2)(a)).,Employment Act 1968 s.37,https://sso.agc.gov.sg/Act/EmA1968?WholeDoc=1,2026-09-30,2025-12-01,,VERIFIED,Split from SG-EA21 (2026-09-30). Verified by SG-EA21-2 on 2026-09-29.,work_rules.bands,"Singapore — rest-day work at the employee’s request pays half (s.37(2)), and a holiday on a non-working day pays a day (s.88)",SG-EA21-2,2026-09-29
SG-EA21.employee-full,SG,overtime,"Rest-day work at the employee’s request for more than half, not more than the normal hours: one day at the basic rate (s.37(2)(b)).",Employment Act 1968 s.37,https://sso.agc.gov.sg/Act/EmA1968?WholeDoc=1,2026-09-30,2025-12-01,,TESTED,Split from SG-EA21 (2026-09-30). Golden-tested. SG-EA21-3 pending the test phase.,work_rules.bands,"Singapore — Part 4 pay: the Fourth Schedule hour, the Third Schedule day, rest days and a holiday",SG-EA21-3,
SG-EA21.employee-beyond,SG,overtime,Rest-day work at the employee’s request beyond the normal hours: one day plus 1.5× the hourly basic rate for each excess hour (s.37(2)(c)).,Employment Act 1968 s.37,https://sso.agc.gov.sg/Act/EmA1968?WholeDoc=1,2026-09-30,2025-12-01,,TESTED,Split from SG-EA21 (2026-09-30). Golden-tested. SG-EA21-6 pending the test phase.,work_rules.bands,"Singapore — Part 4 pay: the Fourth Schedule hour, the Third Schedule day, rest days and a holiday",SG-EA21-6,
SG-EA21.employer-half,SG,overtime,Rest-day work at the employer’s request for not more than half the normal hours: one day at the basic rate (s.37(3)(a)).,Employment Act 1968 s.37,https://sso.agc.gov.sg/Act/EmA1968?WholeDoc=1,2026-09-30,2025-12-01,,TESTED,Split from SG-EA21 (2026-09-30). Golden-tested. SG-EA21-4 pending the test phase.,work_rules.bands,"Singapore — Part 4 pay: the Fourth Schedule hour, the Third Schedule day, rest days and a holiday",SG-EA21-4,
SG-EA21.employer-full,SG,overtime,"Rest-day work at the employer’s request for more than half, not more than the normal hours: two days at the basic rate (s.37(3)(b)).",Employment Act 1968 s.37,https://sso.agc.gov.sg/Act/EmA1968?WholeDoc=1,2026-09-30,2025-12-01,,VERIFIED,Split from SG-EA21 (2026-09-30). Verified by SG-EA21-1 on 2026-09-29.,work_rules.bands,"Singapore — Part 4 pay: the Fourth Schedule hour, the Third Schedule day, rest days and a holiday",SG-EA21-1,2026-09-29
SG-EA21.employer-beyond,SG,overtime,Rest-day work at the employer’s request beyond the normal hours: two days plus 1.5× the hourly basic rate for each excess hour or part of one (s.37(3)(c)).,Employment Act 1968 s.37,https://sso.agc.gov.sg/Act/EmA1968?WholeDoc=1,2026-09-30,2025-12-01,,TESTED,"Split from SG-EA21 (2026-09-30). Golden-tested. SG-EA21-5, SG-EA21-7 pending the test phase.",work_rules.bands,"Singapore — s.38(1)’s 44-hour week pays nothing from the clock, and a rest-day hour is paid whole or part (s.37(3)(c)(ii))",SG-EA21-5; SG-EA21-7,
SG-EA21.essential-service,SG,overtime,Essential-service alternative leave and the public-service exception (after resolving the statutory-board exclusion).,Employment Act 1968 s.37,https://sso.agc.gov.sg/Act/EmA1968?WholeDoc=1,2026-09-30,2025-12-01,,GAP,Current source audit (2026-10-03). Integrated: . Incomplete: Source-qualified essential-service alternative leave and public-service exception native entitlement/actual compensatory-leave consumer absent.. essential-service. Required actual inputs/external operations remain genuine; no new verification.,work_rules.bands,,,
SG-EA22,SG,hours,"Normal and maximum hours, breaks, 44-hour week, agreed nine-hour days, alternating weeks, 1.5x overtime, 72-hour month, twelve-hour day and specifically enumerated emergencies; task work remains possible. R24/R39/R40.",Employment Act 1968 ss.38–39,https://sso.agc.gov.sg/Act/EmA1968?WholeDoc=1,2026-09-26,2025-12-01,,PARTIAL,Current source audit (2026-10-03). Integrated: Six-hour uninterrupted-run warning uses existing native continuous assessment; positive actual leisure gap interrupts without an invented statutory minute minimum.; Actual sourced per-ceiling emergency exception: daily grounds a–e; weekly a–f; both monthly counters retain actual emergency hours. IMPLEMENTED_UNVERIFIED.. Incomplete: Agreed nine-hour actual workweek; alternating 48/88-hour paired weeks; defined emergency/maximum-hours exceptions; breaks/72-hour actual caps; Exact fixed-contract cycle9/8 actual-week qualification authored pending root adoption; declared/partial calendar agreement fallback and rolling2/3week scope remain internal engineering.; Frozen exact contractual week shape/nine-hour qualification and ceiling-specific evidenced emergency source pending review; MY generic primitive adopted. Two/three-week averaging and actual Commissioner exemption remain.; Actual documentary complete-week source branch frozen: nine-hour agreement and covered PT5+days oneREST via existing bounded7/1 plan. Partial hire/exit weeks and automatic roster/week projection remain; original pt-rest-week-source has authoritative hold and is not an implemented/adopted branch.. Required actual inputs/external operations remain genuine; no new verification.,work_rules.normal_hours; work_rules.limits,"Singapore — the normal day is nine hours on a five-day week (s.38(1)), a longer shift is a normal day plus overtime; Singapore — the 12-hour day is twelve hours of work, meal intervals excluded (EA s.38 with s.2 “hours of work”)",SG-EA22-1,2026-09-29
SG-EA23,SG,hours,"Shift/agreed averaging over three weeks, Sunday-based statutory week and conditioned written exemptions. R40. An exemption must affect only its authorised conditions and dates.",Employment Act 1968 ss.40–41A,https://sso.agc.gov.sg/Act/EmA1968?WholeDoc=1,2026-09-26,2025-12-01,,PARTIAL,"Current source audit (2026-10-03). Integrated: Actual statutory Sunday week via per-limit source origin; payroll/planning/gather/rest-week boundary transport. Counter week remains separate, absent origin preserves other countries.; Actual sourced per-ceiling emergency exception: daily grounds a–e; weekly a–f; both monthly counters retain actual emergency hours. IMPLEMENTED_UNVERIFIED.. Incomplete: Actual two-week alternating and three-week shift averaging, already-paid OT conservation, valid shift agreement and scoped Commissioner exemptions.; Frozen exact contractual week shape/nine-hour qualification and ceiling-specific evidenced emergency source pending review; MY generic primitive adopted. Two/three-week averaging and actual Commissioner exemption remain.. Required actual inputs/external operations remain genuine; no new verification.",work_rules.limits,,,
SG-EA24,SG,severance,"Repealed ss.42–44/51; retrenchment and retirement qualifying limits do not set a universal payment quantum. Collective retirement rights, closure/transfer, historical AWS, one-month ceiling for specified post-1988 arrangements, agreed variable bonuses, guidelines and Gazette suspensions need contract/date selection. Existing separation/AWS cases do not establish all branches.",Employment Act 1968 ss.42–53,https://sso.agc.gov.sg/Act/EmA1968?WholeDoc=1,2026-09-26,2025-12-01,,PARTIAL,"Current source audit (2026-10-03). Integrated: Native contract/separation/AWS/ordinary actual attendance and generic source/order records.. Incomplete: No complete certified collective agreement/award binding-unit/date/variation execution, historical AWS ceiling/Gazette suspension, contractual retirement/retrenchment, or lawfully classified industrial-action settlement/day-pay workflow.. Required actual inputs/external operations remain genuine; no new verification.",obligations:RETRENCHMENT_NOTIFICATION_AND_BENEFIT; adhoc_catalogue:RETRENCHMENT_BENEFIT; adhoc_catalogue:bonus,"Singapore — a retrenched employee is paid no statutory retrenchment benefit, and the final salary is due on the last day",SG-EA24-R02-1,
SG-EA25,SG,wages,"Workman salary paid in legal tender/permitted bank or cheque route; prohibited forced spending, advance interest/discounts and substituted benefits. Payment-channel and loan-charge controls need trace/probe evidence. Repealed sections and cooperative-workgroup exception are retained in scope review.",Employment Act 1968 ss.54–64,https://sso.agc.gov.sg/Act/EmA1968?WholeDoc=1,2026-09-26,2025-12-01,,EXTERNAL,Payment channel (legal tender/bank/cheque) is the employer's payment act; the loan catalogue charges no interest. Evidence: Selected SG golden/notice/wages probes; section-wide proof open. Legacy status: No [PROBE 2026-09-29]. Period: 2025-12+; exact amendment/saving dates not fully reconciled. Profile: EA-covered worker and employer; section-specific exceptions.,,,,
SG-EA26,SG,other,"Principal/contractor chain liability has work and construction conditions; nonemployer liability is capped at one month's earned wages. Sixty-day mediation trigger/extension, pre-April-2017 saving, paying-party recourse and prescribed registration duties. Liability allocation and paid credits unproved; registration is procedure.",Employment Act 1968 ss.65–66,https://sso.agc.gov.sg/Act/EmA1968?WholeDoc=1,2026-09-26,2025-12-01,,EXTERNAL,Principal/contractor liability and registration are procedure; liability allocation and paid credits are not modelled. Evidence: Selected SG golden/notice/wages probes; section-wide proof open. Legacy status: No [EXTERNAL 2026-09-29]. Period: 2025-12+; exact amendment/saving dates not fully reconciled. Profile: EA-covered worker and employer; section-specific exceptions.,,,,
SG-EA27,SG,hours,Below-35-hour part-time definition and power for modifications/domestic regulations. Part-time instrument mapped below; enabling powers do not independently include all domestic workers.,Employment Act 1968 ss.66A–67,https://sso.agc.gov.sg/Act/EmA1968?WholeDoc=1,2026-09-26,2025-12-01,,TESTED,Below-35-hour selector golden-tested; domestic-worker exception out of product scope. Evidence: Selected SG golden/notice/wages probes; section-wide proof open. Open/why: The below-35-hour selector has a focused probe; domestic-worker exception and full part-time instrument closure remain open. Legacy status: No [IN-SYSTEM 2026-09-29]. Period: 2025-12+; exact amendment/saving dates not fully reconciled. Profile: EA-covered worker and employer; section-specific exceptions.,work_rules.part_time_week_hours_below,Singapore — the sealed part-time boundary is below 35 contracted hours,,
SG-EA28,SG,other,"Child/young-worker age, industrial/light-work, family and approved-training exceptions. Rg 1 adds health, daily/break/night/rest and notification conditions. Work-limit/profile inputs and enforcement remain unproved; court/offence provisions are procedure.",Employment Act 1968 ss.67A–75,https://sso.agc.gov.sg/Act/EmA1968?WholeDoc=1,2026-09-26,2025-12-01,,PARTIAL,"Current source audit (2026-10-03). Integrated: Native day rules cover actual child/young age/manual/industrial/light/family/apprentice exceptions, school+work hours, hazards/vessel/machinery, dated qualifications, fitness references, night/rest, notification clock, three/four-hour breaks and six/seven-hour safeguards. Source warning policy is integrated; court/offence procedures are not payroll forfeiture.. Incomplete: Full original written permission/qualification/fitness/notification documentary admission is not immutable evidence transport: current young_fitness_report_ref evidence is REFERENCE, and day-rule declarations do not establish all original authority-document bytes/receipt source clocks. Do not repeat already-integrated hour/break warnings as absent.. Required actual inputs/external operations remain genuine; no new verification.",,,,
SG-EA29,SG,leave,"Twelve-week EA maternity period, flexible component and three-month service condition for payment; statutory leave and paid qualification differ. Living children from prior confinements govern paid exclusion. Extra day/pay for preconfinement work and unused-flexible-leave termination conditions. R06/R08/R11; CDCA modifications are separately mapped.",Employment Act 1968 s.76,https://sso.agc.gov.sg/Act/EmA1968?WholeDoc=1,2026-09-26,2025-12-01,,PARTIAL,"Integrated actual EA76 twelve-week calendar/initial-eight plus flexible-four original part capacities/full scopes, complete original weekly contract/irregular source admission, original event service and same-employer continuity, original-origin pay fractions and source notice declarations. EA76 salary exception now uses documented earlier own living children and distinct previous confinements; CDCA specified-event order is not substituted. NON_EA is excluded from EA origins while independent CDCA retains its own qualification. Residual: complete death/nominee and daily-rated instalment/payment lifecycle, forfeiture/other-employer and dismissal protections need full-row source reconciliation; superior contractual remuneration and special original-source transitions remain separately scoped. Source implementation only; no behavioral verification.",seed/jurisdiction/SG/leave_catalogue.json; src/lib/leave/activity.ts; src/lib/leave/context.ts; src/lib/leave/payroll.ts; src/lib/leave/original-statutory-source.ts,SG selected third child (${citizenship}) controls maternity pay,,
SG-EA30,SG,leave,"Holiday inclusion, requested no-pay exclusion, daily-rated two-instalment deadlines, death/nominee payment through the preceding day, notice and justified-failure exception to half benefit. R11/R41; EA and CDCA deadlines must not be interchanged.",Employment Act 1968 ss.77–80,https://sso.agc.gov.sg/Act/EmA1968?WholeDoc=1,2026-09-26,2025-12-01,,GAP,Current source audit (2026-10-03). Integrated: Primary maternity pay_fraction includes recorded notice lead/delivery/sufficient-cause and part-time calendar pay projection. Current citizen notice always28; source-qualified exempt/shorter/actual receipt admission is candidate-only.. Incomplete: Actual daily-rated two-instalment cash deadlines and death/nominee earned-through-prior-day recipient payment are not complete in the native leave cash path; no-pay requested-day exclusion and holiday inclusion must be reconciled against current PT source.. Required actual inputs/external operations remain genuine; no new verification.,leave_catalogue:MATERNITY_LEAVE,,,
SG-EA31,SG,leave,"Maternity dismissal protection, four-week no-reemployment rule, EA outside-employer-work forfeiture, pregnancy redundancy/dismissal pay, certification/notice/service dates and no waiver. s.85 repealed. EA s.83 is not automatically a CDCA forfeiture. R11/R41 and separation/remedy input trace remain open.",Employment Act 1968 ss.81–87,https://sso.agc.gov.sg/Act/EmA1968?WholeDoc=1,2026-09-26,2025-12-01,,GAP,"Current source audit (2026-10-03). Integrated: Current SG catalogue and native leave grant/charge/money route contain MATERNITY_LEAVE; this is partial seed/runtime support, not complete clause admission or cash scope.. Incomplete: Native pregnancy redundancy/dismissal wage liability, actual justified failure/notice certificate history, outside-employer work forfeiture and four-week postbirth reemployment restriction need independent source-backed financial/admission lifecycle.. Required actual inputs/external operations remain genuine; no new verification.",,,,
SG-EA32,SG,leave,"Two-day EA childcare, fourteen-day per-child lifetime limit, qualifying service/year choice, relationship definitions, first-period option, no-pay-day exclusion, no cash-out and termination forfeiture. R09/R10/R11.",Employment Act 1968 s.87A,https://sso.agc.gov.sg/Act/EmA1968?WholeDoc=1,2026-09-29,2025-12-01,,PARTIAL,"Current source audit (2026-10-03). Integrated: Primary seed child_lifetime includes14 noncitizen days, actual per-child flow admission is in activity.ts, no encash/exit cash. Full first-year election/no-pay/termination source lifecycle not established.. Incomplete: Actual per-child lifetime fourteen-day consumption and first-period year choice require full row-specific review; currently implemented dated leave qualification is partial.. Required actual inputs/external operations remain genuine; no new verification.",leave_catalogue:CHILDCARE_LEAVE,W3 SG EA s.87A and s.12B(1A): the two-day grants are never prorated — every version,,
SG-EA33.holiday-work,SG,rest_holiday,Work on a public holiday pays an extra day’s salary at the basic rate on top of the day’s gross pay (s.88(4)).,Employment Act 1968 s.88,https://sso.agc.gov.sg/Act/EmA1968?WholeDoc=1,2026-09-30,2025-12-01,,VERIFIED,"Split from SG-EA33 (2026-09-30). Verified by SG-EA33-1 on 2026-09-29. SG-EA33-8, SG-EA33-10 pending the test phase.",payroll.holiday_adjacent_absence_unpaid; payroll.holiday_in_no_pay_leave_unpaid; facts.public_holiday_compensation,"SG audit — s.88: a public holiday worked earns the extra day for a manager, not for an employee outside the Act",SG-EA33-1; SG-EA33-8; SG-EA33-10,2026-09-29
SG-EA33.holiday-work-beyond-normal,SG,rest_holiday,Holiday work beyond the normal day adds 1.5× the hourly basic rate for the excess hours.,Employment Act 1968 s.88,https://sso.agc.gov.sg/Act/EmA1968?WholeDoc=1,2026-09-30,2025-12-01,,TESTED,Split from SG-EA33 (2026-09-30). Golden-tested. SG-EA33-2 pending the test phase.,payroll.holiday_adjacent_absence_unpaid; payroll.holiday_in_no_pay_leave_unpaid; facts.public_holiday_compensation,"Singapore — Part 4 pay: the Fourth Schedule hour, the Third Schedule day, rest days and a holiday",SG-EA33-2,
SG-EA33.non-working-day,SG,rest_holiday,A public holiday on an off day is paid at the gross rate unless a day off in substitution is given (s.88(1)(c)).,Employment Act 1968 s.88,https://www.mom.gov.sg/employment-practices/public-holidays-entitlement-and-pay,2026-10-02,2025-12-01,,VERIFIED,"Monthly-rated off-day award and adjacent-absence branches verified 2026-10-02: March Saturday holiday pays $138.46 except an evidenced unauthorized Friday absence; consent or unresolved absence evidence protects holiday pay, with an unresolved-evidence warning in the latter case. Four new saved probes passed on artifact c70b1a4e6e47/base9e3a51511044; no-absence protection and reasonable-excuse YES also pass dedicated goldens. Existing ordinary off-day award proof SG-HOL01-1 retained; daily/hourly forfeiture remains separately GAP.",payroll.holiday_adjacent_absence_unpaid; payroll.holiday_in_no_pay_leave_unpaid; facts.public_holiday_compensation; payroll.holiday_adjacent_absence_when; work_rules.bands:PH-NON-WORKING-DAY,Singapore — unauthorized Friday absence forfeits Saturday holiday pay; Singapore — ${label} protects Saturday holiday pay despite Friday absence; Singapore — unauthorized Monday absence also forfeits Saturday holiday pay; Singapore — forfeiture preserves wages for actual work on the holiday; Singapore — adjacent absence across the month boundary forfeits the next holiday; Singapore — missing adjacent absence decision cannot establish holiday forfeiture; Singapore — no recorded adjacent absence preserves the off-day holiday award,SG-HOL01-1; SG-HOL-ADJACENT-UNAUTHORIZED; SG-HOL-ADJACENT-CONSENT; SG-HOL-ADJACENT-CROSS-MONTH; SG-HOL-ADJACENT-UNKNOWN,2026-10-02
SG-EA33.substitution,SG,rest_holiday,A day off in substitution replaces holiday pay for a holiday on an off day (s.88(1)(c)).,Employment Act 1968 s.88,https://sso.agc.gov.sg/Act/EmA1968?WholeDoc=1,2026-09-30,2025-12-01,,TESTED,Split from SG-EA33 (2026-09-30). Golden-tested. SG-EA33-7 pending the test phase.,payroll.holiday_adjacent_absence_unpaid; payroll.holiday_in_no_pay_leave_unpaid; facts.public_holiday_compensation,"SG round 2 — s.88(1)(c)/(4A): an employer that gives time off pays no holiday day, except to Part 4",SG-EA33-7,
SG-EA33.outside-part4-time-off,SG,rest_holiday,"Outside Part 4, agreed time off in lieu replaces the extra day for holiday work (s.88(4A)); it does not reach a Part 4 employee.",Employment Act 1968 s.88,https://sso.agc.gov.sg/Act/EmA1968?WholeDoc=1,2026-09-30,2025-12-01,,TESTED,"Split from SG-EA33 (2026-09-30). Golden-tested. SG-EA33-9, SG-EA33-10 pending the test phase.",payroll.holiday_adjacent_absence_unpaid; payroll.holiday_in_no_pay_leave_unpaid; facts.public_holiday_compensation,"SG round 2 — s.88(1)(c)/(4A): an employer that gives time off pays no holiday day, except to Part 4",SG-EA33-9; SG-EA33-10,
SG-EA33.adjacent-absence,SG,rest_holiday,"An absence without consent or excuse on the working day before or after a public holiday forfeits the holiday pay (s.88(3)), monthly pay.",Employment Act 1968 s.88,https://www.mom.gov.sg/employment-practices/public-holidays-entitlement-and-pay,2026-10-03,2025-12-01,,VERIFIED,"Whole monthly-rated s88(3) branch matrix saved2026-10-03: preceding and following working-day unauthorized absence, employer consent, reasonable-excuse YES, unresolved-decision warning and protection, cross-month allocation, and actual holiday work preserved separately. Seven registered cases assert saved gross/net/CPF/SDL, dated attendance permission/excuse facts and fact_evidence decisions. May after-absence two unpaid days gives2714.29; reasonable excuse protects holiday and gives2857.14; actual holiday work adds138.46 after forfeiture giving2852.75. Existing March off-day cases remain unchanged. Combined actual saved gate hr-sg-work-holiday-batch.log:27PASS/0FAIL,30.35s. Daily/hourly scope has its own row.",payroll.holiday_adjacent_absence_unpaid; payroll.holiday_in_no_pay_leave_unpaid; facts.public_holiday_compensation; payroll.holiday_adjacent_absence_when; work_rules.bands:PH-NON-WORKING-DAY,Singapore — unauthorized Friday absence forfeits Saturday holiday pay; Singapore — ${label} protects Saturday holiday pay despite Friday absence; Singapore — unauthorized Monday absence also forfeits Saturday holiday pay; Singapore — forfeiture preserves wages for actual work on the holiday; Singapore — adjacent absence across the month boundary forfeits the next holiday; Singapore — missing adjacent absence decision cannot establish holiday forfeiture; Singapore — no recorded adjacent absence preserves the off-day holiday award,SG-HOL-ADJACENT-UNAUTHORIZED; SG-HOL-ADJACENT-CONSENT; SG-HOL-ADJACENT-CROSS-MONTH; SG-HOL-ADJACENT-UNKNOWN; SG-HOL-ADJACENT-AFTER; SG-HOL-ADJACENT-EXCUSE; SG-HOL-ADJACENT-WORKED,2026-10-03
SG-EA33.adjacent-absence-daily-rated,SG,rest_holiday,The same forfeiture for a daily- or hourly-rated employee (s.88(3)).,Employment Act 1968 s.88,https://sso.agc.gov.sg/Act/EmA1968?WholeDoc=1,2026-10-03,2025-12-01,,VERIFIED,"Whole daily/hourly s88(3) branch matrix saved2026-10-03: fourteen registered cases cover each frequency with before/after unauthorized absence, reasonable excuse, unknown-decision protection/warning, separately paid actual holiday work, Saturday off-day forfeiture and consent protection. Actual saved payroll uses daily100 or hourly12.50 at8contractual hours; saved attendance facts and decision evidence select forfeiture. Existing fourteen inputs and independent whole-hundred goldens preserved. Combined actual saved gate hr-sg-work-holiday-batch.log:27PASS/0FAIL,30.35s. Monthly scope has its own row.",payroll.holiday_adjacent_absence_unpaid; payroll.holiday_in_no_pay_leave_unpaid; facts.public_holiday_compensation,,SG-HOL-EARNED-DAILY-BEFORE; SG-HOL-EARNED-DAILY-AFTER; SG-HOL-EARNED-DAILY-EXCUSE; SG-HOL-EARNED-DAILY-UNKNOWN; SG-HOL-EARNED-DAILY-WORKED; SG-HOL-EARNED-DAILY-OFF-DENIED; SG-HOL-EARNED-DAILY-OFF-CONSENT; SG-HOL-EARNED-HOURLY-BEFORE; SG-HOL-EARNED-HOURLY-AFTER; SG-HOL-EARNED-HOURLY-EXCUSE; SG-HOL-EARNED-HOURLY-UNKNOWN; SG-HOL-EARNED-HOURLY-WORKED; SG-HOL-EARNED-HOURLY-OFF-DENIED; SG-HOL-EARNED-HOURLY-OFF-CONSENT,2026-10-03
SG-EA33.no-pay-leave,SG,rest_holiday,A public holiday inside employee-requested no-pay leave is unpaid (s.88(2)).,Employment Act 1968 s.88,https://sso.agc.gov.sg/Act/EmA1968?WholeDoc=1,2026-09-30,2025-12-01,,TESTED,Split from SG-EA33 (2026-09-30). Golden-tested. SG-EA33-6 pending the test phase.,payroll.holiday_adjacent_absence_unpaid; payroll.holiday_in_no_pay_leave_unpaid; facts.public_holiday_compensation,a public holiday enclosed by no-pay leave is charged where the version says so (SG s.88(2)),SG-EA33-6,
SG-EA33.half-working-day,SG,rest_holiday,A public holiday on a half working day is paid as a full day (s.88(7)).,Employment Act 1968 s.88,https://sso.agc.gov.sg/Act/EmA1968?WholeDoc=1,2026-09-30,2025-12-01,,TESTED,Split from SG-EA33 (2026-09-30). Golden-tested; no probe.,payroll.holiday_adjacent_absence_unpaid; payroll.holiday_in_no_pay_leave_unpaid; facts.public_holiday_compensation,"Singapore — a five-hour contracted day is half a day (s.20A(2)), but a public holiday on it is a full day (s.88(7))",,
SG-EA33.travel-allowance,SG,rest_holiday,Holiday work also pays the contractual travel allowance.,Employment Act 1968 s.88,https://sso.agc.gov.sg/Act/EmA1968?WholeDoc=1,2026-10-03,2025-12-01,,VERIFIED,"Whole s88(4) contractual travelling-allowance branch saved2026-10-03: one dated contract amount on actual holiday work, independent of hours/day award/overtime; unworked paid holiday, no contractual amount and NON_EA pay none; managerial time off replaces extra salary but preserves travel; two-hour attendance pays once; holiday day plus two OT hours does not consume or duplicate travel. Dated May1 amount15 and May27 amount25 are pinned to exact work source dates and stored terms facts. Independent monthly3000 plus138.46 day plus15 gives3153.46; monthly2600 plus120 day plus40.91 OT plus15 gives2775.91; two dated holidays3316.92. CPF/SDL include actual wage allowance through DAY_PAY; actual-expense reimbursements remain distinct. Dated and day-plus-OT cases preserve full saved financial/statutory captures and source pins across two unpaid reruns. Eight NEW registered saved controls PASS/0FAIL in18.16s, hr-sg-holiday-travel-saved.log; matching artifact8a0761d7cf23/schema7aadf89e6c0e. No already VERIFIED cases rerun.",terms_facts:holiday_travel_allowance; work_rules.bands:PH-TRAVEL.amount_only; statutory_contributions.assessed_on:DAY_PAY,,SG-HOL-TRAVEL-WORKED; SG-HOL-TRAVEL-UNWORKED; SG-HOL-TRAVEL-NONE; SG-HOL-TRAVEL-NON-EA; SG-HOL-TRAVEL-TIME-OFF; SG-HOL-TRAVEL-PART-DAY; SG-HOL-TRAVEL-DAY-AND-OT; SG-HOL-TRAVEL-DATED,2026-10-03
SG-EA34.service-ladder,SG,leave,"Annual leave is 7 days for the first 12 months of service, rising with service to 14 days in the eighth year (s.88A(1)).",Employment Act 1968 s.88A,https://sso.agc.gov.sg/Act/EmA1968?WholeDoc=1,2026-09-30,2025-12-01,,TESTED,"Split from SG-EA34 (2026-09-30). Golden-tested; no probe. Probe(s) SG-EA34-2 added 2026-09-30, pending the test phase.",payroll.leave_constraints:ANNUAL_LEAVE; leave_catalogue:ANNUAL_LEAVE.entitlement.*; work_day_facts:absence_*; work_rules.day_rules:absence_*,SG audit — s.88A(1): the annual-leave ladder reaches 14 days in the eighth year and stops,SG-EA34-2,
SG-EA34.part-year,SG,leave,A part year is in proportion to completed months of service; a fraction of one-half or more is a day (s.88A(2)–(3)).,Employment Act 1968 s.88A,https://sso.agc.gov.sg/Act/EmA1968?WholeDoc=1,2026-09-30,2025-12-01,,TESTED,"Split from SG-EA34 (2026-09-30). Golden-tested; exit/no-pay-shortened accrual years remain open. Probe(s) SG-EA34-1 added 2026-09-30, pending the test phase.",payroll.leave_constraints:ANNUAL_LEAVE; leave_catalogue:ANNUAL_LEAVE.entitlement.*; work_day_facts:absence_*; work_rules.day_rules:absence_*,"SG annual completed service months: ${row.settings_id}, hired ${hireDate}",SG-EA34-1,
SG-EA34.no-pay-service,SG,leave,Employee-requested no-pay leave is excluded from service (s.88A(4)).,Employment Act 1968 s.88A,https://sso.agc.gov.sg/Act/EmA1968?WholeDoc=1,2026-09-30,2025-12-01,,TESTED,"Split from SG-EA34 (2026-09-30). Golden-tested; a shifted later service window, partial-day no-pay and a 29 February hire refuse rather than decide.",payroll.leave_constraints:ANNUAL_LEAVE; leave_catalogue:ANNUAL_LEAVE.entitlement.*; work_day_facts:absence_*; work_rules.day_rules:absence_*,SG annual leave needs the no-pay request origin and excludes approved requested days,,
SG-EA34.absence-forfeiture,SG,leave,Absence without permission or reasonable excuse above 20% of the accrual year’s working days forfeits the year’s leave (s.88A(5)).,Employment Act 1968 s.88A,https://sso.agc.gov.sg/Act/EmA1968?WholeDoc=1,2026-09-30,2025-12-01,,TESTED,Split from SG-EA34 (2026-09-30). Golden-tested; partial-day absence refuses.,payroll.leave_constraints:ANNUAL_LEAVE; leave_catalogue:ANNUAL_LEAVE.entitlement.*; work_day_facts:absence_*; work_rules.day_rules:absence_*,SG annual forfeiture uses all 261 rostered working days and a strict >20% threshold,,
SG-EA34.carry,SG,leave,Part 4 leave not taken may be carried and taken within the following twelve months (s.88A(6)).,Employment Act 1968 s.88A,https://sso.agc.gov.sg/Act/EmA1968?WholeDoc=1,2026-09-30,2025-12-01,,TESTED,Split from SG-EA34 (2026-09-30). Golden-tested.,payroll.leave_constraints:ANNUAL_LEAVE; leave_catalogue:ANNUAL_LEAVE.entitlement.*; work_day_facts:absence_*; work_rules.day_rules:absence_*,SG annual leave automatically carries the service-year balance once,,
SG-EA34.exit-payment,SG,leave,"On dismissal other than for misconduct, every untaken day is paid at the gross rate (s.88A(8)).",Employment Act 1968 s.88A,https://sso.agc.gov.sg/Act/EmA1968?WholeDoc=1,2026-09-30,2025-12-01,,TESTED,"Split from SG-EA34 (2026-09-30). Golden-tested. SG-EA11-1 passed with the parent’s evidence, which carried no verified_at. SG-EA24-R02-1 passed in the R8 run 2026-09-30 (the parent carried no verified_at). Probe(s) SG-EA34-1, SG-EA34-2 added 2026-09-30, pending the test phase.",payroll.leave_constraints:ANNUAL_LEAVE; leave_catalogue:ANNUAL_LEAVE.entitlement.*; work_day_facts:absence_*; work_rules.day_rules:absence_*,MY s.60E(3A) proviso and SG s.88A(8): a misconduct dismissal gets no annual-leave pay-out; every other departure does,SG-EA11-1; SG-EA24-R02-1; SG-EA34-1; SG-EA34-2,
SG-EA34.leave-pay,SG,leave,Leave taken is paid at the gross rate of pay.,Employment Act 1968 s.88A,https://sso.agc.gov.sg/Act/EmA1968?WholeDoc=1,2026-09-30,2025-12-01,,TESTED,Split from SG-EA34 (2026-09-30). Golden-tested; hourly part-time modifications are SG-PT08.,payroll.leave_constraints:ANNUAL_LEAVE; leave_catalogue:ANNUAL_LEAVE.entitlement.*; work_day_facts:absence_*; work_rules.day_rules:absence_*,"D19 SG: weekly, daily and hourly contracts price a leave day at the EA s.2 gross rate of pay",,
SG-EA35.outpatient,SG,leave,Outpatient sick leave by the service ladder.,Employment Act 1968 s.89,https://sso.agc.gov.sg/Act/EmA1968?WholeDoc=1,2026-09-29,2025-12-01,,TESTED,Split from SG-EA35 (2026-09-30). Golden-tested; no probe.,leave_catalogue:SICK_LEAVE; leave_catalogue:HOSPITALIZATION_LEAVE,SG audit — s.89(2): outpatient and hospitalisation leave at four and five months of service,,
SG-EA35.hospitalisation,SG,leave,"Hospitalisation leave by the service ladder, within the combined limit.",Employment Act 1968 s.89,https://sso.agc.gov.sg/Act/EmA1968?WholeDoc=1,2026-09-29,2025-12-01,,TESTED,Split from SG-EA35 (2026-09-30). Golden-tested; no probe.,leave_catalogue:SICK_LEAVE; leave_catalogue:HOSPITALIZATION_LEAVE,SG audit — s.89(2): outpatient and hospitalisation leave at four and five months of service,,
SG-EA35.outpatient-pay,SG,leave,Outpatient sick pay excludes shift allowance; hospitalisation pay does not.,Employment Act 1968 s.89,https://sso.agc.gov.sg/Act/EmA1968?WholeDoc=1,2026-09-29,2025-12-01,,TESTED,Split from SG-EA35 (2026-09-30). Golden-tested.,leave_catalogue:SICK_LEAVE; leave_catalogue:HOSPITALIZATION_LEAVE,SG outpatient sick leave excludes classified shift allowance and refuses an unclassified one,,
SG-EA35.certification,SG,leave,"Leave needs approved certification (warding, quarantine, recovery) and notification or an attempt within the time allowed; cosmetic procedures are excluded.",Employment Act 1968 s.89,https://sso.agc.gov.sg/Act/EmA1968?WholeDoc=1,2026-09-29,2025-12-01,,GAP,Current source audit (2026-10-03). Integrated: Primary event_facts require registered practitioner/employer-appointed/48-hour attempt and temporary-incapacity flags; hospital has actual basis/day-surgery/ward/died/approved institution facts. Full owned certification/cosmetic qualification still not established.. Incomplete: Current SG seed declares actual MC/48-hour notice-attempt/cosmetic and hospital certification facts/admission. Complete source scope reconciliation remains unverified.. certification. Required actual inputs/external operations remain genuine; no new verification.,leave_catalogue:SICK_LEAVE; leave_catalogue:HOSPITALIZATION_LEAVE,,,
SG-EA35.examination-fee,SG,leave,The employer reimburses the medical examination fee.,Employment Act 1968 s.89,https://sso.agc.gov.sg/Act/EmA1968?WholeDoc=1,2026-09-29,2025-12-01,,GAP,"Current source audit (2026-10-03). Integrated: Primary sick/hospital statutory grants exist; no actual ordinary EA fee invoice/payer/recipient/amount source and dedicated reimbursement route established. WICA expense route is a different liability.. Incomplete: Actual fee source, employer/public practitioner qualification, amount/currency/invoice and distinct employer reimbursement/receipt path remain engineering; WICA medical expense is not this ordinary EA fee obligation.. examination-fee. Required actual inputs/external operations remain genuine; no new verification.",leave_catalogue:SICK_LEAVE; leave_catalogue:HOSPITALIZATION_LEAVE,,,
SG-EA35.no-duplication,SG,leave,"No duplicate benefit on a holiday, non-working day, no-pay day or WICA temporary incapacity.",Employment Act 1968 s.89,https://sso.agc.gov.sg/Act/EmA1968?WholeDoc=1,2026-09-29,2025-12-01,,GAP,Current source audit (2026-10-03). Integrated: Integrated native certified WICA salary replacement/known paid leave overlap machinery from Coupled64 exists. Ordinary statutory holiday/nonworking/no-pay medical exclusion remains separately incomplete.. Incomplete: Current payroll/source reads actual certified WICA salary replacement and paid statutory leave overlap. Exact ordinary holiday/nonworking/no-pay medical exclusion scope still requires current row reconciliation.. no-duplication. Required actual inputs/external operations remain genuine; no new verification.,leave_catalogue:SICK_LEAVE; leave_catalogue:HOSPITALIZATION_LEAVE,,,
SG-EA36,SG,leave,More favourable annual/sick contractual terms are permitted; statutory offences are external enforcement. ss.91–94 repealed. Do not report an agreed enhancement as statutory underpayment or reduce it when correcting minimum rules.,Employment Act 1968 ss.90–94,https://sso.agc.gov.sg/Act/EmA1968?WholeDoc=1,2026-09-26,2025-12-01,,EXTERNAL,Offences are external enforcement; more favourable contractual terms are entered as enhanced policies. Evidence: Selected SG golden/notice/wages probes; section-wide proof open. Legacy status: No [EXTERNAL 2026-09-29]. Period: 2025-12+; exact amendment/saving dates not fully reconciled. Profile: EA-covered worker and employer; section-specific exceptions.,,,,
SG-EA37,SG,records,"Accurate employment records, prescribed retention/access, written key terms and itemised payslips, including former employees and final payments. S148/2016 mapped below. Existing exports do not prove all prescribed fields, issue deadlines and retention controls.",Employment Act 1968 ss.95–96,https://sso.agc.gov.sg/Act/EmA1968?WholeDoc=1,2026-09-26,2025-12-01,,PARTIAL,"Current source audit (2026-10-03). Integrated: Native identity/terms/work/leave/pay captures and itemized payroll reports retained; generated payslip contains source components.. Incomplete: No complete prescribed all-field KET/payslip issuance/delivery clock, actual exceptional delay evidence, final-pay/setoff and former-worker retention/access lifecycle. Indefinite database storage/report exports alone do not prove the whole prescribed record scope.. Required actual inputs/external operations remain genuine; no new verification.",obligations:ITEMISED_PAYSLIP; obligations:EMPLOYEE_AND_SALARY_RECORDS; obligations:KEY_EMPLOYMENT_TERMS,,,
SG-EA38,SG,filing,"Retrenchment notification; S200/2019 current notice-date, headcount, contract-scope, five-working-day deadline and required-data branches mapped below. Filing is procedure; deadline/data production remains a mechanism.",Employment Act 1968 s.96A,https://sso.agc.gov.sg/Act/EmA1968?WholeDoc=1,2026-09-26,2025-12-01,,EXTERNAL,MOM retrenchment notification is an employer filing; the EXTERNAL obligation row is proved in every version. Evidence: Selected SG golden/notice/wages probes; section-wide proof open. Legacy status: No [IN-SYSTEM 2026-09-29]. Period: 2025-12+; exact amendment/saving dates not fully reconciled. Profile: EA-covered worker and employer; section-specific exceptions.,obligations:RETRENCHMENT_NOTIFICATION_AND_BENEFIT,"Singapore — a retrenched employee is paid no statutory retrenchment benefit, and the final salary is due on the last day",,
SG-EA39,SG,records,"Notified returns, evidence, inspection, confidentiality, offences and investigation powers; s.100 repealed. No independent employee amount. Required records must remain accurate and retrievable; do not invent a universal return absent the notice.",Employment Act 1968 ss.97–107,https://sso.agc.gov.sg/Act/EmA1968?WholeDoc=1,2026-09-26,2025-12-01,,EXTERNAL,"Notified returns, inspection and offences are enforcement; no universal return. Evidence: Selected SG golden/notice/wages probes; section-wide proof open. Legacy status: No [IN-SYSTEM 2026-09-29]. Period: 2025-12+; exact amendment/saving dates not fully reconciled. Profile: EA-covered worker and employer; section-specific exceptions.",,,,
SG-EA40.fixed-monthly,SG,wages,"For a fixed monthly rate, the rate for one day is 12 × the monthly rate ÷ (52 × days required a week).",Employment Act 1968 s.107A; Third Schedule,https://sso.agc.gov.sg/Act/EmA1968?WholeDoc=1,2026-09-26,2025-12-01,,VERIFIED,Split from SG-EA40 (2026-09-30). Verified by SG-HOL01-1 on 2026-09-29. SG-EA33-8 pending the test phase.,work_rules.ordinary_divisor_days; work_rules.rate_week_hours; work_rules.rate_conversions,"Singapore — Part 4 pay: the Fourth Schedule hour, the Third Schedule day, rest days and a holiday",SG-HOL01-1; SG-EA33-8,2026-09-29
SG-EA40.weekly-daily-hourly,SG,wages,"Weekly, daily and hourly bases convert through the same Third Schedule day.",Employment Act 1968 s.107A; Third Schedule,https://sso.agc.gov.sg/Act/EmA1968?WholeDoc=1,2026-09-26,2025-12-01,,TESTED,"Goldens pass on every sealed version: weekly 600 → month 2,600 → day 120; daily/weekly/hourly cadences reach the same hourly gross rate; D19 prices a leave day for weekly, daily and hourly contracts at the s.2 gross rate. No probe (probes are monthly only).",work_rules.ordinary_divisor_days; work_rules.rate_week_hours; work_rules.rate_conversions,"SG weekly S$600 on a five-day week: month 2,600, day 120; SG hourly leave rate: 12 × (basic + gross allowances) ÷ (52 × weekly hours), per cadence; D19 SG: weekly, daily and hourly contracts price a leave day at the EA s.2 gross rate of pay",,
SG-EA40.piece-rate,SG,wages,Piece work uses the prescribed fourteen-day earnings over the actual days worked.,Employment Act 1968 s.107A; Third Schedule,https://sso.agc.gov.sg/Act/EmA1968?WholeDoc=1,2026-09-26,2025-12-01,,PARTIAL,Current source audit (2026-10-03). Integrated: Exact BASIC/GROSS/RECEIVED_BASIC source quantities with safe actual money totals; actual full-time ordinary Sunday-week received-basic piece OT; actual preceding14-day earned basic per whole worked day for selected rest/holiday occasion. No verification claim.. Incomplete: PT piece premium composition; other gross/absence/notice scopes and full mixed-date/rate history.. piece-rate. Required actual inputs/external operations remain genuine; no new verification.,work_rules.ordinary_divisor_days; work_rules.rate_week_hours; work_rules.rate_conversions,,,
SG-EA40.alternating-irregular,SG,wages,Alternating two-week and irregular three-week patterns use their own averages.,Employment Act 1968 s.107A; Third Schedule,https://sso.agc.gov.sg/Act/EmA1968?WholeDoc=1,2026-09-26,2025-12-01,,PARTIAL,"Current source audit (2026-10-03). Integrated: Actual complete sourced contractual calendar and independently reconciled weighted-day count; selected full-time monthly basic-day alternating14-day or irregular21-day rest/holiday window, including following21-day newstarter counterfactual.. Incomplete: Gross-day notice/absence consumer owned by tax; automatic native roster projection and every alternative cadence remain internal engineering.. alternating-irregular. Required actual inputs/external operations remain genuine; no new verification.",work_rules.ordinary_divisor_days; work_rules.rate_week_hours; work_rules.rate_conversions,,,
SG-EA40.new-starter,SG,wages,A new starter uses the specified prospective reference weeks.,Employment Act 1968 s.107A; Third Schedule,https://sso.agc.gov.sg/Act/EmA1968?WholeDoc=1,2026-09-26,2025-12-01,,PARTIAL,"Current source audit (2026-10-03). Integrated: Actual complete sourced contractual calendar and independently reconciled weighted-day count; selected full-time monthly basic-day alternating14-day or irregular21-day rest/holiday window, including following21-day newstarter counterfactual.. Incomplete: Gross-day notice/absence consumer owned by tax; automatic native roster projection and every alternative cadence remain internal engineering.. new-starter. Required actual inputs/external operations remain genuine; no new verification.",work_rules.ordinary_divisor_days; work_rules.rate_week_hours; work_rules.rate_conversions,,,
SG-EA40.commissioner-alternative,SG,wages,A Commissioner-approved alternative basis applies only with approval.,Employment Act 1968 s.107A; Third Schedule,https://sso.agc.gov.sg/Act/EmA1968?WholeDoc=1,2026-09-26,2025-12-01,,PARTIAL,"Current source audit (2026-10-03). Integrated: Selected actual signed Commissioner basic-day decision with effective scope, cohort/reference, calculation/input provenance; exclusive with other actual selected routes.. Incomplete: Frozen actual authority-approved fulltime monthly basic-day assessment branch with scoped/native fallback and immutable source fact linkage; no approval inferred from application/election.; Other cadence/gross-day alternatives, automatic approved formula execution and multi-decision dated authority history remain internal engineering; source assessment amount requires actual formula/input evidence.. commissioner-alternative. Required actual inputs/external operations remain genuine; no new verification.",work_rules.ordinary_divisor_days; work_rules.rate_week_hours; work_rules.rate_conversions,,,
SG-EA41,SG,other,"Unlawful detention, other's debt, employer/corporate/officer offences, penalties and compounding. Fines are not employee pay by default; an order allocating an amount to an employee needs correct treatment. No standalone formula inferred from offence maxima.",Employment Act 1968 ss.108–114,https://sso.agc.gov.sg/Act/EmA1968?WholeDoc=1,2026-09-26,2025-12-01,,EXTERNAL,"Offences, penalties and compounding are enforcement; not employee pay. Evidence: Selected SG golden/notice/wages probes; section-wide proof open. Legacy status: No [IN-SYSTEM 2026-09-29]. Period: 2025-12+; exact amendment/saving dates not fully reconciled. Profile: EA-covered worker and employer; section-specific exceptions.",,,,
SG-EA42,SG,other,"Prescribed transfer/award disputes and saved pre-April-2017 claims; statutory claim periods and order scope. A valid monetary award is an input, not an automatic payroll judgment about who wins a dispute. Ordered wage/compensation trace/probe open.",Employment Act 1968 s.115; S137/2017,https://sso.agc.gov.sg/Act/EmA1968?WholeDoc=1,2026-09-26,2025-12-01,,EXTERNAL,Dispute jurisdiction; an award reaching payroll is SG-HR20. Evidence: Selected SG golden/notice/wages probes; section-wide proof open. Legacy status: No [PROBE 2026-09-29]. Period: 2025-12+; exact amendment/saving dates not fully reconciled. Profile: EA-covered worker and employer; section-specific exceptions.,,,,
SG-EA43,SG,wages,"Third-party prohibiting/payment orders, paid credit, appeal/default/review deadlines and registration/court fees. Distinguish employee liability/payment credit from employer procedural cost. No generic deduction should bypass the actual order and remaining balance.",Employment Act 1968 ss.116–126; Second Schedule,https://sso.agc.gov.sg/Act/EmA1968?WholeDoc=1,2026-09-26,2025-12-01,,PARTIAL,Integrated source: actual native receivable procedures and four-version DIRECTION_APPEAL/AWARD_APPEAL/ABSENT_AWARD_REVIEW14-day source rules; registered earned-wage heads retain original pins. Residual: exact full principal liability/stay/variation/fee-custody/lifecycle scope remains. Source integration; behavioral verification not run.,,,,
SG-EA44,SG,other,"Administrative penalties, review/stay/remission/refund/directions; litigation, recovery, service and reciprocal process. Preserve actual monetary orders and avoid duplicate recovery. Remaining court administration has no automatic employee earning.","Employment Act 1968 ss.126A–D,127–138",https://sso.agc.gov.sg/Act/EmA1968?WholeDoc=1,2026-09-26,2025-12-01,,EXTERNAL,Administrative penalties and court process; no automatic employee earning. Evidence: Selected SG golden/notice/wages probes; section-wide proof open. Legacy status: No [EXTERNAL 2026-09-29]. Period: 2025-12+; exact amendment/saving dates not fully reconciled. Profile: EA-covered worker and employer; section-specific exceptions.,,,,
SG-EA45,SG,other,"Delegated regulation and schedule-amendment powers, including savings. Require the subsidiary inventory below and the remaining Gazette/history review; main-Act reading alone cannot close them.",Employment Act 1968 ss.139–140,https://sso.agc.gov.sg/Act/EmA1968?WholeDoc=1,2026-09-29,2025-12-01,,NOT-APPLICABLE,"Regulation- and schedule-amendment powers only; every instrument made under them is on the 33-entry list (SG-SL01–33). Re-check the list at each sealed date. Evidence: Selected SG golden/notice/wages probes; section-wide proof open. Open/why: Require the subsidiary inventory below and the remaining Gazette/history review; main-Act reading alone cannot close them. SSO reachable 2026-09-29 (current version as at 29 Sep 2026); not a source block. ss.139–140 re-read: powers only (regulations; Schedule amendment by Gazette order, with savings). No employee amount; every instrument made under them is on the 33-entry list (SG-SL01–33) and Schedule orders are in the consolidated text. Re-check the list at each sealed date. Legacy status: Yes (disposition 2026-09-29). Period: 2025-12+; exact amendment/saving dates not fully reconciled. Profile: EA-covered worker and employer; section-specific exceptions. R03 (former tracker): EA, subsidiaries, CDCA and SDL provisions for 2025-12+ (SG-EA01–47, SL01–33, PT01–14, CD01–68, SDL01–12) were moved into this register; five sealed intervals exist. Open: the complete official instrument/amendment universe, saved applicability, exceptional cohorts and every source-to-output probe; Act 19/2025 changes EA s.26 on 2025-12-05 inside the first interval. All 148 distinct SSO URLs cited resolve (SG-SRC03). EA reading: current Act read through s.140, all five Schedules and nine formula images, SSO as at 26 Sep 2026; modern legislative history read but not every amendment, commencement, saving or Gazette exemption. 'Trace/probe open' in the EA rows is outstanding R03 work; court administration may be external but an employee award, credit, priority or monetary restoration still needs an input; special profiles are not excluded because they are absent from the seed. Former tracker R03 (EA, subsidiaries, CDCA, SDL and their 2025-12+ provisions; SG-EA01–47, SG-SL01–33, SG-PT01–14, SG-CD01–68, SG-SDL01–12): The reviewed legal propositions and all known disposition rows were moved above. Five active sealed intervals exist. Open: The complete official instrument/amendment universe, saved applicability, exceptional cohorts and every source-to-output probe remain open. Act 19/2025 changes EA s.26 on 2025-12-05 inside the first interval. SSO reachable 2026-09-29 (current version as at 29 Sep 2026); not a source block. All 148 distinct SSO URLs cited by this register and the SG seed resolve (SG-SRC03). Open: saved applicability, exceptional cohorts and source-to-output probes.",,,,
SG-EA46.monthly,SG,overtime,A monthly-rated employee’s hourly basic rate for overtime is 12 × monthly basic ÷ (52 × 44).,Employment Act 1968 Fourth Schedule,https://sso.agc.gov.sg/Act/EmA1968?WholeDoc=1,2026-09-26,2025-12-01,,VERIFIED,"Split from SG-EA46 (2026-09-30). Verified by SG-EA46-1, SG-EA22-1 on 2026-09-29. SG-EA19-3 pending the test phase.",work_rules.rate_week_hours; work_rules.bands; work_rules.rate_conversions,"SG audit — Fourth Schedule: the hourly basic rate is 12 × monthly ÷ (52 × 44), whatever the full-time contract’s week",SG-EA46-1; SG-EA22-1; SG-EA19-3,2026-09-29
SG-EA46.daily-hourly,SG,overtime,An hourly-rated employee uses the actual hourly rate; a daily-rated one the daily basic ÷ normal daily hours.,Employment Act 1968 Fourth Schedule,https://sso.agc.gov.sg/Act/EmA1968?WholeDoc=1,2026-09-26,2025-12-01,,IMPLEMENTED,Current source audit (2026-10-03). Integrated: Native premium rates use stated hourly basic or daily basic divided by actual positive normal daily hours. Dated part-time signed/assessed normal-hour basis is native; configured gross earned-hour allowance expression is distinct from basic premium conversion.. Full stated scope implemented; saved-workflow verification remains due. daily-hourly. Required actual inputs/external operations remain genuine; no new verification.,work_rules.rate_week_hours; work_rules.bands; work_rules.rate_conversions,,,
SG-EA46.piece-work,SG,overtime,Piece work uses the weekly basic ÷ actual hours worked.,Employment Act 1968 Fourth Schedule,https://sso.agc.gov.sg/Act/EmA1968?WholeDoc=1,2026-09-26,2025-12-01,,PARTIAL,Current source audit (2026-10-03). Integrated: Exact BASIC/GROSS/RECEIVED_BASIC source quantities with safe actual money totals; actual full-time ordinary Sunday-week received-basic piece OT; actual preceding14-day earned basic per whole worked day for selected rest/holiday occasion. No verification claim.. Incomplete: PT piece premium composition; other gross/absence/notice scopes and full mixed-date/rate history.. piece-work. Required actual inputs/external operations remain genuine; no new verification.,work_rules.rate_week_hours; work_rules.bands; work_rules.rate_conversions,,,
SG-EA47,SG,leave,"EA flexible-maternity days: four times fixed weekly days, pattern average or specified prior three-week average; half-day counting/floor and earlier birth/leave reference date. R06/R10/R11. Formula images inspected; do not substitute a fixed 28 working days.",Employment Act 1968 Fifth Schedule,https://sso.agc.gov.sg/Act/EmA1968?WholeDoc=1,2026-10-03,2025-12-01,,IMPLEMENTED,"Full EA flexible-maternity working-day basis integrated: src/lib/leave/activity.ts actualWeeklyIndex uses original dated terms and whole-week repeating contract patterns, or every explicit dated day of the preceding21-day irregular window; original roster paid duration<=300minutes counts0.5, original maximum6 is source-authored. SG maternity reimbursement_origin freezes weekly index/reference/source pins and independently qualified EA76_LATER four-week part capacity; original flexible quantity floors to the nearest half day before reservation/consumption. Paid original snapshots and distinct prescribed contractual workday units are preserved. Government reimbursable-day240-minute weighting is separate and is not substituted for this statutory grant. Source implementation only; no behavioral verification.",seed/jurisdiction/SG/leave_catalogue.json; src/lib/leave/activity.ts; src/lib/leave/original-statutory-source.ts; src/lib/datatypes/leave_entitlement.ts,,,
SG-SL01,SG,other,Read all text: statutory-board employees excluded since 18 July 1975. Profile selection remains unproved.,N1 — excluded persons,https://sso.agc.gov.sg/SL/EmA1968-N1?DocDate=20000430,2026-10-03,1975-07-18,,IMPLEMENTED,"Integrated: actual statutory-board constituting-law and Gazette scope declarations, source-evidenced excluded profile selection and consistent EA consumer exclusion, including maternity qualification. Independent CDCA qualification remains available under its own law. Actual employer constituting instrument and applicable Gazette remain required inputs; source implementation, not behavioral verification.",seed/jurisdiction/SG/jurisdiction_settings.json; seed/jurisdiction/SG/leave_catalogue.json; src/lib/payroll/run/eligibility.ts; src/lib/leave/activity.ts; src/lib/leave/payroll.ts,,,
SG-SL02,SG,other,"Read regs.1–5 and all ten Schedule items. Fourteen-day reconsideration/appeal periods; service rules; first/repeat penalties of $200/$400 for specified missing records/terms/payslips, $100/$200 for specified incomplete particulars, and $1,000/$2,000 for retrenchment-report failures. Employer enforcement liability, not an automatic employee deduction.",S149/2016 — administrative penalties,https://sso.agc.gov.sg/SL/EmA1968-S149-2016?DocDate=20220330,2026-09-26,2025-12-01,,EXTERNAL,Administrative penalties are employer enforcement liability. Evidence: Legal text disposition; employer event/output proof open. Legacy status: No [EXTERNAL 2026-09-29]. Period: 2025-12+; exact amendment/saving dates not fully reconciled. Profile: Employer or worker where named subsidiary instrument applies.,,,,
SG-SL03,SG,leave,Read regs.1–3 and all 31 Schedule entries. Medical-officer/approved-hospital tests differ from general accepted MC certification; dated institution selection unproved.,S668/2008 — approved medical institutions,https://sso.agc.gov.sg/SL/EmA1968-S668-2008?DocDate=20181217,2026-09-26,2025-12-01,,GAP,"Current source audit (2026-10-03). Integrated: Current SG catalogue and native leave grant/charge/money route contain HOSPITALIZATION_LEAVE; this is partial seed/runtime support, not complete clause admission or cash scope.. Incomplete: Primary captures institution names and practitioner/employment declarations, but no integrated effective-date mapping of every 31 Schedule institution and owned practitioner-employment evidence establishes the complete row.. Required actual inputs/external operations remain genuine; no new verification.",leave_catalogue:SICK_LEAVE; leave_catalogue:HOSPITALIZATION_LEAVE,,,
SG-SL04,SG,other,"Read regs.1–12. Bail/personal bond, security, surety duties, court forfeiture/recovery and appeal. Criminal-process obligations; no contractual salary or statutory employee-pay formula.",S248/2014 — bail and personal bond,https://sso.agc.gov.sg/SL/EmA1968-S248-2014?DocDate=20140331,2026-09-26,2025-12-01,,EXTERNAL,Criminal-process duty external to payroll. Evidence: Legal text disposition; employer event/output proof open. Open/why: Criminal-process duty is external to payroll; accountable actor and event/evidence workflow remain unverified. Legacy status: No [EXTERNAL 2026-09-29]. Period: 2025-12+; exact amendment/saving dates not fully reconciled. Profile: Employer or worker where named subsidiary instrument applies.,,,,
SG-SL05,SG,hours,"Read regs.1–15 and Schedule. Child workman: break after three hours, six-hour day; young industrial workman: four/seven with written permission exception. School hours count except specified training. Fitness/night/rest/dangerous-work controls and industrial-young-worker notification within thirty days. “Night” hours are not defined in this text; do not import Rg 7's definition without authority. Execution unproved.",Rg 1 — children and young persons,https://sso.agc.gov.sg/SL/EmA1968-RG1?DocDate=20000430,2026-09-26,2025-12-01,,PARTIAL,"Current source audit (2026-10-03). Integrated: Native day rules cover actual child/young age/manual/industrial/light/family/apprentice exceptions, school+work hours, hazards/vessel/machinery, dated qualifications, fitness references, night/rest, notification clock, three/four-hour breaks and six/seven-hour safeguards. Source warning policy is integrated; court/offence procedures are not payroll forfeiture.. Incomplete: Full original written permission/qualification/fitness/notification documentary admission is not immutable evidence transport: current young_fitness_report_ref evidence is REFERENCE, and day-rule declarations do not establish all original authority-document bytes/receipt source clocks. Do not repeat already-integrated hour/break warnings as absent.. Required actual inputs/external operations remain genuine; no new verification.",,,,
SG-SL06,SG,other,Read regs.1–2 and the complete compoundable-offence list. Commissioner compounding under s.114; no employee earning or automatic payroll deduction.,S339/2009 — composition,https://sso.agc.gov.sg/SL/EmA1968-S339-2009?DocDate=20170331,2026-09-26,2025-12-01,,EXTERNAL,"Compounding is external enforcement. Evidence: Legal text disposition; employer event/output proof open. Open/why: Compounding is external enforcement; no employee-pay mechanism is required, but event disposition is not operationally verified. Legacy status: No [EXTERNAL 2026-09-29]. Period: 2025-12+; exact amendment/saving dates not fully reconciled. Profile: Employer or worker where named subsidiary instrument applies.",,,,
SG-SL07,SG,records,"Read regs.1–12 and all three Schedules. Identity/service records retained through employment plus one year; other entries generally two years and former-employee rule. Key terms apply at fourteen continuous days. Payslip normally on payday, exceptional delay three days excluding Saturday/Sunday/PH; final-pay/set-off branches differ. Record daily work/breaks, leave/holidays, salary and OT periods, itemised components, deductions and paid dates; include all prescribed KET/payslip fields. Report/retention probes open.","S148/2016 — records, key terms and payslips",https://sso.agc.gov.sg/SL/EmA1968-S148-2016?DocDate=20160401,2026-09-26,2016-04-01,,PARTIAL,"Current source audit (2026-10-03). Integrated: Native identity/terms/work/leave/pay captures and itemized payroll reports retained; generated payslip contains source components.. Incomplete: No complete prescribed all-field KET/payslip issuance/delivery clock, actual exceptional delay evidence, final-pay/setoff and former-worker retention/access lifecycle. Indefinite database storage/report exports alone do not prove the whole prescribed record scope.. Required actual inputs/external operations remain genuine; no new verification.",obligations:ITEMISED_PAYSLIP; obligations:EMPLOYEE_AND_SALARY_RECORDS; obligations:KEY_EMPLOYMENT_TERMS,"the payslip PDF states every Third Schedule particular in sections, deductions signed",,
SG-SL08,SG,wages,Preamble and paras.1–2 read: optional wage recommendations for 2003-01-01–2003-06-30. Dated-scope disposition below; recommendation Schedule not read.,S28/2003 — extension of December 2001 guidelines,https://sso.agc.gov.sg/SL/EmA1968-S28-2003?DocDate=20030110,2026-09-26,2003-01-01,2003-06-30,NOT-APPLICABLE,"Optional wage recommendation expired before the configured periods. Evidence: Legal text disposition; employer event/output proof open. Open/why: Historical optional recommendation is outside the requested period; a contract/collective adoption or accrued liability still needs specific input and source review. Legacy status: No [IN-SYSTEM 2026-09-29]. Period: 2003-01-01–2003-06-30 only; adopted terms may survive. Profile: Employer or worker where named subsidiary instrument applies. Subsidiary inventory: the official list (https://sso.agc.gov.sg/Act/EmA1968?ViewType=Sl) has 33 entries across two pages; fifteen read in full; for the other eighteen the preamble and operative paragraphs were read — optional wage recommendations for dated periods ending before the configured payroll periods; their Schedules were not read. No universal wage adjustment is inferred; an adopted contractual/collective term, accrued right or imported historical liability must still be captured (SG-EA03/08/24), reviewing that recommendation's Schedule and adoption terms first. The list does not prove absence of other Acts, Gazette notices or wage requirements (R12).",,,,
SG-SL09,SG,hours,Read regs.1–5: pregnant workman's 23:00–06:00 work requires written consent and no medical unfitness; written pregnancy notice/certificate. Reg.5 deleted. Inputs and scheduling enforcement unproved.,Rg 7 — female workmen,https://sso.agc.gov.sg/SL/EmA1968-RG7?DocDate=20140331190000,2026-09-26,2025-12-01,,PARTIAL,Current source audit (2026-10-03). Integrated: Actual pregnancy notice/certificate; night consent signed before actual first night instant; actual not-certified-unfit review; scoped consent dates and occasion conditions. Statutory warning-only owner policy; no inferred pregnancy/fitness/permission.. Incomplete: Current source has actual pregnancy notice/certificate/medical review and signed consent date/reference/night conditions as warning rules. Corresponding terms facts carry no native document evidence binding; complete original written notice/certificate/consent provenance and scheduling control beyond warning-only policy remain partial.. Required actual inputs/external operations remain genuine; no new verification.,,,,
SG-SL10,SG,other,Read regs.1–2: certified notes of evidence cost $5 per page under s.119(1)(j). Administrative copying fee; do not infer an employee wage deduction.,Rg 2 — evidence fees,https://sso.agc.gov.sg/SL/EmA1968-RG2?DocDate=20000430,2026-09-26,2025-12-01,,EXTERNAL,Administrative copying fee; no wage deduction. Evidence: Legal text disposition; employer event/output proof open. Open/why: Administrative copying fee is outside ordinary payroll; no employee wage deduction should be generated. Legacy status: No [EXTERNAL 2026-09-29]. Period: 2025-12+; exact amendment/saving dates not fully reconciled. Profile: Employer or worker where named subsidiary instrument applies.,,,,
SG-SL11,SG,overtime,Complete reading and SG-PT dispositions below; R10 implementation and formula-reference qualification remain open.,Rg 8 — part-time employees,https://sso.agc.gov.sg/SL/EmA1968-RG8?DocDate=20190329,2026-09-26,2025-12-01,,PARTIAL,"Current source audit (2026-10-03). Integrated: Current source-regulation references and the adopted part-time hourly/day/leave/holiday/rest branches.. Incomplete: Full missing-contract Schedule fallback, weekly/daily overlap and actual PH encash date/year/base-credit conservation remain; complete PT dispositions are not implemented merely by reading RG8.. Required actual inputs/external operations remain genuine; no new verification.",work_rules.part_time_week_hours_below; work_rules.part_time_comparator_when,Singapore — a part-timer’s hours beyond their own day up to a full-timer’s are the basic hourly rate (Part-Time Employees Regulations reg. 5),,
SG-SL12,SG,other,Read regs.1–3. Transfer disputes and Industrial Relations Act award/payment/enforcement disputes select s.115 jurisdiction. Actual ordered amount/payment remains relevant.,S137/2017 — prescribed disputes,https://sso.agc.gov.sg/SL/EmA1968-S137-2017?DocDate=20170331,2026-09-26,2025-12-01,,EXTERNAL,Dispute jurisdiction; award payment is SG-HR20. Evidence: Legal text disposition; employer event/output proof open. Legacy status: No [IN-SYSTEM 2026-09-29]. Period: 2025-12+; exact amendment/saving dates not fully reconciled. Profile: Employer or worker where named subsidiary instrument applies.,,,,
SG-SL13,SG,other,"Read regs.1–2 and the complete order form. Case, parties, claim, decision, officer, order and no/partial satisfaction are recorded. Commissioner issues the form; actual award and amounts already satisfied must feed any payroll settlement.",Rg 4 — prescribed form,https://sso.agc.gov.sg/SL/EmA1968-RG4?DocDate=20000430,2026-09-26,2025-12-01,,EXTERNAL,Commissioner's order form; award amount reaching payroll is SG-HR20. Evidence: Legal text disposition; employer event/output proof open. Legacy status: No [IN-SYSTEM 2026-09-29]. Period: 2025-12+; exact amendment/saving dates not fully reconciled. Profile: Employer or worker where named subsidiary instrument applies.,,,,
SG-SL14,SG,other,"Read regs.1–10, including deleted reg.9. SG/MY summons, certified-order registration/enforcement, directed payment route and absconding-employer warrant. Court procedure; registered monetary orders and payment credits remain relevant inputs.",Rg 5 — reciprocal enforcement procedure,https://sso.agc.gov.sg/SL/EmA1968-RG5?DocDate=20140304170000,2026-09-26,2025-12-01,,EXTERNAL,Court procedure. Evidence: Legal text disposition; employer event/output proof open. Legacy status: No [EXTERNAL 2026-09-29]. Period: 2025-12+; exact amendment/saving dates not fully reconciled. Profile: Employer or worker where named subsidiary instrument applies.,,,,
SG-SL15,SG,wages,Preamble and paras.1–2 read: optional wage recommendations for 2009-07-01–2010-06-30. Dated-scope disposition below; recommendation Schedule not read.,S285/2009 — wage adjustments (No.2),https://sso.agc.gov.sg/SL/EmA1968-S285-2009?DocDate=20090626,2026-09-26,2009-07-01,2010-06-30,NOT-APPLICABLE,Optional wage recommendation expired before the configured periods. Evidence: Legal text disposition; employer event/output proof open. Open/why: Historical optional recommendation is outside the requested period; a contract/collective adoption or accrued liability still needs specific input and source review. Legacy status: No [IN-SYSTEM 2026-09-29]. Period: 2009-07-01–2010-06-30 only; adopted terms may survive. Profile: Employer or worker where named subsidiary instrument applies.,,,,
SG-SL16,SG,wages,Preamble and paras.1–2 read: optional wage recommendations for 1999-07-01–2000-06-30. Dated-scope disposition below; recommendation Schedule not read.,S300/1999 — wage adjustments,https://sso.agc.gov.sg/SL/EmA1968-S300-1999?DocDate=19990701,2026-09-26,1999-07-01,2000-06-30,NOT-APPLICABLE,Optional wage recommendation expired before the configured periods. Evidence: Legal text disposition; employer event/output proof open. Open/why: Historical optional recommendation is outside the requested period; a contract/collective adoption or accrued liability still needs specific input and source review. Legacy status: No [IN-SYSTEM 2026-09-29]. Period: 1999-07-01–2000-06-30 only; adopted terms may survive. Profile: Employer or worker where named subsidiary instrument applies.,,,,
SG-SL17,SG,wages,Preamble and paras.1–2 read: optional wage recommendations for 2003-07-01–2004-06-30. Dated-scope disposition below; recommendation Schedule not read.,S303/2003 — wage adjustments,https://sso.agc.gov.sg/SL/EmA1968-S303-2003?DocDate=20030627,2026-09-26,2003-07-01,2004-06-30,NOT-APPLICABLE,Optional wage recommendation expired before the configured periods. Evidence: Legal text disposition; employer event/output proof open. Open/why: Historical optional recommendation is outside the requested period; a contract/collective adoption or accrued liability still needs specific input and source review. Legacy status: No [IN-SYSTEM 2026-09-29]. Period: 2003-07-01–2004-06-30 only; adopted terms may survive. Profile: Employer or worker where named subsidiary instrument applies.,,,,
SG-SL18,SG,wages,Preamble and paras.1–2 read: optional wage recommendations for 2004-07-01–2005-06-30. Dated-scope disposition below; recommendation Schedule not read.,S362/2004 — wage adjustments,https://sso.agc.gov.sg/SL/EmA1968-S362-2004?DocDate=20040625,2026-09-26,2004-07-01,2005-06-30,NOT-APPLICABLE,Optional wage recommendation expired before the configured periods. Evidence: Legal text disposition; employer event/output proof open. Open/why: Historical optional recommendation is outside the requested period; a contract/collective adoption or accrued liability still needs specific input and source review. Legacy status: No [IN-SYSTEM 2026-09-29]. Period: 2004-07-01–2005-06-30 only; adopted terms may survive. Profile: Employer or worker where named subsidiary instrument applies.,,,,
SG-SL19,SG,wages,Preamble and paras.1–2 read: optional wage recommendations for 2005-07-01–2006-06-30. Dated-scope disposition below; recommendation Schedule not read.,S415/2005 — wage adjustments,https://sso.agc.gov.sg/SL/EmA1968-S415-2005?DocDate=20050627,2026-09-26,2005-07-01,2006-06-30,NOT-APPLICABLE,Optional wage recommendation expired before the configured periods. Evidence: Legal text disposition; employer event/output proof open. Open/why: Historical optional recommendation is outside the requested period; a contract/collective adoption or accrued liability still needs specific input and source review. Legacy status: No [IN-SYSTEM 2026-09-29]. Period: 2005-07-01–2006-06-30 only; adopted terms may survive. Profile: Employer or worker where named subsidiary instrument applies.,,,,
SG-SL20,SG,wages,Preamble and paras.1–2 read: optional wage recommendations for 2006-07-01–2007-06-30. Dated-scope disposition below; recommendation Schedule not read.,S327/2006 — wage adjustments,https://sso.agc.gov.sg/SL/EmA1968-S327-2006?DocDate=20060615,2026-09-26,2006-07-01,2007-06-30,NOT-APPLICABLE,Optional wage recommendation expired before the configured periods. Evidence: Legal text disposition; employer event/output proof open. Open/why: Historical optional recommendation is outside the requested period; a contract/collective adoption or accrued liability still needs specific input and source review. Legacy status: No [IN-SYSTEM 2026-09-29]. Period: 2006-07-01–2007-06-30 only; adopted terms may survive. Profile: Employer or worker where named subsidiary instrument applies.,,,,
SG-SL21,SG,wages,Preamble and paras.1–2 read: optional wage recommendations for 2007-07-01–2008-06-30. Dated-scope disposition below; recommendation Schedule not read.,S267/2007 — wage adjustments,https://sso.agc.gov.sg/SL/EmA1968-S267-2007?DocDate=20070614,2026-09-26,2007-07-01,2008-06-30,NOT-APPLICABLE,Optional wage recommendation expired before the configured periods. Evidence: Legal text disposition; employer event/output proof open. Open/why: Historical optional recommendation is outside the requested period; a contract/collective adoption or accrued liability still needs specific input and source review. Legacy status: No [IN-SYSTEM 2026-09-29]. Period: 2007-07-01–2008-06-30 only; adopted terms may survive. Profile: Employer or worker where named subsidiary instrument applies.,,,,
SG-SL22,SG,wages,Preamble and paras.1–2 read: optional wage recommendations for 2008-07-01–2009-06-30. Dated-scope disposition below; recommendation Schedule not read.,S325/2008 — wage adjustments,https://sso.agc.gov.sg/SL/EmA1968-S325-2008?DocDate=20080627,2026-09-26,2008-07-01,2009-06-30,NOT-APPLICABLE,Optional wage recommendation expired before the configured periods. Evidence: Legal text disposition; employer event/output proof open. Open/why: Historical optional recommendation is outside the requested period; a contract/collective adoption or accrued liability still needs specific input and source review. Legacy status: No [IN-SYSTEM 2026-09-29]. Period: 2008-07-01–2009-06-30 only; adopted terms may survive. Profile: Employer or worker where named subsidiary instrument applies.,,,,
SG-SL23,SG,wages,Preamble and paras.1–2 read: optional wage recommendations for 2009-01-16–2009-06-30. Dated-scope disposition below; recommendation Schedule not read.,S16/2009 — wage adjustments,https://sso.agc.gov.sg/SL/EmA1968-S16-2009?DocDate=20090116,2026-09-26,2009-01-16,2009-06-30,NOT-APPLICABLE,Optional wage recommendation expired before the configured periods. Evidence: Legal text disposition; employer event/output proof open. Open/why: Historical optional recommendation is outside the requested period; a contract/collective adoption or accrued liability still needs specific input and source review. Legacy status: No [IN-SYSTEM 2026-09-29]. Period: 2009-01-16–2009-06-30 only; adopted terms may survive. Profile: Employer or worker where named subsidiary instrument applies.,,,,
SG-SL24,SG,wages,Preamble and paras.1–2 read: optional wage recommendations for 2010-07-01–2011-06-30. Dated-scope disposition below; recommendation Schedule not read.,S322/2010 — wage adjustments,https://sso.agc.gov.sg/SL/EmA1968-S322-2010?DocDate=20100628,2026-09-26,2010-07-01,2011-06-30,NOT-APPLICABLE,Optional wage recommendation expired before the configured periods. Evidence: Legal text disposition; employer event/output proof open. Open/why: Historical optional recommendation is outside the requested period; a contract/collective adoption or accrued liability still needs specific input and source review. Legacy status: No [IN-SYSTEM 2026-09-29]. Period: 2010-07-01–2011-06-30 only; adopted terms may survive. Profile: Employer or worker where named subsidiary instrument applies.,,,,
SG-SL25,SG,wages,Preamble and paras.1–2 read: optional wage recommendations for 2011-07-01–2012-06-30. Dated-scope disposition below; recommendation Schedule not read.,S340/2011 — wage adjustments,https://sso.agc.gov.sg/SL/EmA1968-S340-2011?DocDate=20110624,2026-09-26,2011-07-01,2012-06-30,NOT-APPLICABLE,Optional wage recommendation expired before the configured periods. Evidence: Legal text disposition; employer event/output proof open. Open/why: Historical optional recommendation is outside the requested period; a contract/collective adoption or accrued liability still needs specific input and source review. Legacy status: No [IN-SYSTEM 2026-09-29]. Period: 2011-07-01–2012-06-30 only; adopted terms may survive. Profile: Employer or worker where named subsidiary instrument applies.,,,,
SG-SL26,SG,wages,Preamble and paras.1–2 read: optional wage recommendations for 2014-07-01–2015-06-30. Dated-scope disposition below; recommendation Schedule not read.,S417/2014 — wage adjustments,https://sso.agc.gov.sg/SL/EmA1968-S417-2014?DocDate=20140625,2026-09-26,2014-07-01,2015-06-30,NOT-APPLICABLE,Optional wage recommendation expired before the configured periods. Evidence: Legal text disposition; employer event/output proof open. Open/why: Historical optional recommendation is outside the requested period; a contract/collective adoption or accrued liability still needs specific input and source review. Legacy status: No [IN-SYSTEM 2026-09-29]. Period: 2014-07-01–2015-06-30 only; adopted terms may survive. Profile: Employer or worker where named subsidiary instrument applies.,,,,
SG-SL27,SG,wages,Preamble and paras.1–2 read: optional wage recommendations for 1998-07-01–1999-06-30. Dated-scope disposition below; recommendation Schedule not read.,S359/1998 — wage increases,https://sso.agc.gov.sg/SL/EmA1968-S359-1998?DocDate=19980701,2026-09-26,1998-07-01,1999-06-30,NOT-APPLICABLE,Optional wage recommendation expired before the configured periods. Evidence: Legal text disposition; employer event/output proof open. Open/why: Historical optional recommendation is outside the requested period; a contract/collective adoption or accrued liability still needs specific input and source review. Legacy status: No [IN-SYSTEM 2026-09-29]. Period: 1998-07-01–1999-06-30 only; adopted terms may survive. Profile: Employer or worker where named subsidiary instrument applies.,,,,
SG-SL28,SG,wages,Preamble and paras.1–2 read: optional wage recommendations for 2000-07-01–2001-06-30. Dated-scope disposition below; recommendation Schedule not read.,S309/2000 — wage increases,https://sso.agc.gov.sg/SL/EmA1968-S309-2000?DocDate=20000630,2026-09-26,2000-07-01,2001-06-30,NOT-APPLICABLE,Optional wage recommendation expired before the configured periods. Evidence: Legal text disposition; employer event/output proof open. Open/why: Historical optional recommendation is outside the requested period; a contract/collective adoption or accrued liability still needs specific input and source review. Legacy status: No [IN-SYSTEM 2026-09-29]. Period: 2000-07-01–2001-06-30 only; adopted terms may survive. Profile: Employer or worker where named subsidiary instrument applies.,,,,
SG-SL29,SG,wages,Preamble and paras.1–2 read: optional wage recommendations for 2001-07-01–2002-06-30. Dated-scope disposition below; recommendation Schedule not read.,S333/2001 — wage increases,https://sso.agc.gov.sg/SL/EmA1968-S333-2001?DocDate=20010702,2026-09-26,2001-07-01,2002-06-30,NOT-APPLICABLE,Optional wage recommendation expired before the configured periods. Evidence: Legal text disposition; employer event/output proof open. Open/why: Historical optional recommendation is outside the requested period; a contract/collective adoption or accrued liability still needs specific input and source review. Legacy status: No [IN-SYSTEM 2026-09-29]. Period: 2001-07-01–2002-06-30 only; adopted terms may survive. Profile: Employer or worker where named subsidiary instrument applies.,,,,
SG-SL30,SG,filing,"Read paras.1–5 and Schedule. From 1 November 2021, employer with at least ten employees at notice must report each qualifying indefinite/at-least-six-month contract retrenchment within five days excluding Saturday/Sunday/PH. Date is notice, not last day. Required headcount/citizenship breakdown, union consultation, reason/benefits/assistance and employee data need report/deadline probes.",S200/2019 — retrenchment reporting,https://sso.agc.gov.sg/SL/EmA1968-S200-2019?DocDate=20211015,2026-09-26,2021-11-01,,EXTERNAL,Retrenchment report to MOM within five working days of notice is an employer filing. Evidence: Legal text disposition; employer event/output proof open. Legacy status: No [PROBE 2026-09-29]. Period: From 2021-11-01; employer notice in requested period. Profile: Employer or worker where named subsidiary instrument applies.,obligations:RETRENCHMENT_NOTIFICATION_AND_BENEFIT,,,
SG-SL31,SG,wages,Preamble and paras.1–2 read: optional wage recommendations for 1998-11-02–1999-06-30. Dated-scope disposition below; recommendation Schedule not read.,S617/1998 — revised wage guidelines,https://sso.agc.gov.sg/SL/EmA1968-S617-1998?DocDate=19981223,2026-09-26,1998-11-02,1999-06-30,NOT-APPLICABLE,Optional wage recommendation expired before the configured periods. Evidence: Legal text disposition; employer event/output proof open. Open/why: Historical optional recommendation is outside the requested period; a contract/collective adoption or accrued liability still needs specific input and source review. Legacy status: No [IN-SYSTEM 2026-09-29]. Period: 1998-11-02–1999-06-30 only; adopted terms may survive. Profile: Employer or worker where named subsidiary instrument applies.,,,,
SG-SL32,SG,wages,Preamble and paras.1–2 read: optional wage recommendations for 2001-12-05–2002-12-31. Dated-scope disposition below; recommendation Schedule not read.,S2/2002 — revised wage guidelines,https://sso.agc.gov.sg/SL/EmA1968-S2-2002?DocDate=20020103,2026-09-26,2001-12-05,2002-12-31,NOT-APPLICABLE,Optional wage recommendation expired before the configured periods. Evidence: Legal text disposition; employer event/output proof open. Open/why: Historical optional recommendation is outside the requested period; a contract/collective adoption or accrued liability still needs specific input and source review. Legacy status: No [IN-SYSTEM 2026-09-29]. Period: 2001-12-05–2002-12-31 only; adopted terms may survive. Profile: Employer or worker where named subsidiary instrument applies.,,,,
SG-SL33,SG,leave,Read both regulations: day surgery; other warding at least eight hours; less than eight hours before death. Effective 1 April 2019. Hospital/illness inputs and classification probes open.,S199/2019 — hospitalisation,https://sso.agc.gov.sg/SL/EmA1968-S199-2019?DocDate=20190329,2026-09-26,2019-04-01,,GAP,"Current source audit (2026-10-03). Integrated: Current SG catalogue and native leave grant/charge/money route contain HOSPITALIZATION_LEAVE; this is partial seed/runtime support, not complete clause admission or cash scope.. Incomplete: Primary captures day-surgery/ward-minutes/death and basis facts. Source-to-admission classification of every actual ward/quarantine/recovery date and evidence remains unestablished; facts alone are not complete entitlement admission.. Required actual inputs/external operations remain genuine; no new verification.",leave_catalogue:HOSPITALIZATION_LEAVE,,,
SG-PT01,SG,other,"Citation and commencement trace. Original instrument from 1 October 1996; amended in 2004, 2008, 2017 and 2019. No separate employee amount.",Employment (Part-Time Employees) Regulations reg.1; legislative history,https://sso.agc.gov.sg/SL/EmA1968-RG8?WholeDoc=1,2026-09-26,1996-10-01,,NOT-APPLICABLE,"Citation and commencement only; no employee amount. Evidence: Selected `sg-part-time-catalogue` probes; branch-complete proof open. Open/why: Historical commencement is documented; no monetary mechanism is required, but provision-level scope remains tied to unclosed part-time branches. Legacy status: No [IN-SYSTEM 2026-09-29]. Period: 2025-12+; exact amendment/saving dates not fully reconciled. Profile: Part-time employee, employer and comparable full-time worker. Instrument reading: complete Employment (Part-Time Employees) Regulations read (https://sso.agc.gov.sg/SL/EmA1968-RG8?DocDate=20190329&WholeDoc=1) including 21 formula/illustration images, the Schedule and legislative history; SSO current version as at 26 Sep 2026; last amendment commenced 1 April 2019, before all five versions. This completes reading, not implementation.",,,,
SG-PT02,SG,hours,"Part-time means contractual hours below 35/week; full-time means at least 35. Similar worker means same employer and similar duties. Use actual comparable daily/weekly hours; only no similar worker gives the 8/day, 44/week defaults. Contract must state hourly basic/gross rates, hours and days; missing terms invoke the Schedule. Existing employment labels conflate contract duration and part-time status. Required comparator and classification inputs remain R10.",Employment (Part-Time Employees) Regulations regs.2–3,https://sso.agc.gov.sg/SL/EmA1968-RG8?WholeDoc=1,2026-09-26,2025-12-01,,PARTIAL,"Current source audit (2026-10-03). Integrated: Below-35 contractual boundary; actual full-time weekly comparator exposed; present comparator must be >=35 and same-source qualification; signed normal daily hours/ref and documented assessed alternative; monthly-only weekly/days inference. Incomplete: Full missing-contract Schedule fallback and actual similar-worker provenance across every dated contract; Legacy rows without actual signed_contract_end may still conflate inferred fixed duration and employment_type; actual signed-duration capture already supports PART_TIME independent fixed-term duration, no duplicate model required.; Official Schedule nonmonthly formula-image bytes remain unresolved; explicit signed/assessed normal-hour routes remain executable, so row is not blanket blocked.. Required actual inputs/external operations remain genuine; no new verification.",employment_terms.comparable_full_time_daily_hours; employment_terms.comparable_full_time_presence; work_days.comparable_full_time_daily_hours; work_rules.part_time_comparator_when; leave_catalogue.entitlement.part_time_hours,Singapore — part-time overtime uses the dated comparable day and absent fallback,,
SG-PT03,SG,wages,"Absent stated hourly basic/gross rate: daily rate divided by own normal daily hours; monthly rate times 12 divided by own weekly hours times 52. Rates exclude or include allowances as the relevant definition requires. R10 must verify explicit contract rates, fallback rates and effective changes.","Employment (Part-Time Employees) Regulations Schedule paras.1,3",https://sso.agc.gov.sg/SL/EmA1968-RG8?WholeDoc=1,2026-09-26,2025-12-01,,TESTED,"Hourly rate derivation (asRateTerms) is coded; no golden for explicit versus Schedule fallback rates. Evidence: Selected `sg-part-time-catalogue` probes; branch-complete proof open. Legacy status: No [PROBE 2026-09-29]. Period: 2025-12+; exact amendment/saving dates not fully reconciled. Profile: Part-time employee, employer and comparable full-time worker. [LIT-01 2026-09-30] The hourly gross rate an hourly leave charge withholds is `work_rules.hourly_rate` (hourly as stated; daily ÷ own normal daily hours; weekly ÷ weekly hours; monthly × 12 ÷ (52 × weekly hours); gross allowances × 12 ÷ (52 × weekly hours)), no longer hard-coded; golden pending the test phase.",work_rules.rate_week_hours; work_rules.hourly_rate,"SG hourly leave rate: 12 × (basic + gross allowances) ÷ (52 × weekly hours), per cadence",,
SG-PT04,SG,hours,Absent stated normal daily/weekly hours: daily denominator excludes rest-day hours and days; weekly numerator excludes rest-day hours and divides annual hours by weeks worked. A generic pattern average is not evidence that these legal fallbacks execute. R10 remains open.,Employment (Part-Time Employees) Regulations Schedule para.2,https://sso.agc.gov.sg/SL/EmA1968-RG8?WholeDoc=1,2026-09-26,2025-12-01,,PARTIAL,"Current source audit (2026-10-03). Integrated: Signed daily-hours/source capture; source-backed monthly inference instead of guessed pattern divisor. Incomplete: Complete annual-hours/rest-day exclusion/week-worked Schedule fallback for nonmonthly missing-normal-hour cases; Official Schedule nonmonthly formula-image bytes remain unresolved; explicit signed/assessed normal-hour routes remain executable, so row is not blanket blocked.. Required actual inputs/external operations remain genuine; no new verification.",,,,
SG-PT05,SG,overtime,"Employee/employer-requested rest work has distinct half-day/full-day awards; excess over own normal hours up to the comparator pays 1x, above it 1.5x. Statutory weekly rest entitlement requires at least five workdays/week. EA s.37(3A) is displaced. Current excess-hours band jumps straight to 1.5x. R10; fractional-hour treatment also needs an independent case.",Employment (Part-Time Employees) Regulations reg.4,https://sso.agc.gov.sg/SL/EmA1968-RG8?WholeDoc=1,2026-09-26,2025-12-01,,PARTIAL,"Current source audit (2026-10-03). Integrated: Source rest excess 1x then1.5x with each-hour-or-part rounding; own and similar-worker hours/presence gates retained; Documentary complete Sunday–Saturday required5–7-day contractual week bounded inside actual employment and selected terms: native actual rest-plan minimum1, statutory warning independent of12-consecutive days. No normal-hours rate change. Unverified.. Incomplete: Source-qualified at-least-five-working-days rest eligibility across actual variable contracts; Complete independent fractional employee/employer-requested boundary proof deferred by Wave1; Partial hire/exit/terms weeks; automatic actual variable-calendar projection and designated rest source remain engineering.. Required actual inputs/external operations remain genuine; no new verification.",work_rules.bands,,,
SG-PT06,SG,overtime,Daily and weekly own/comparator thresholds give 1x then 1.5x; avoid double payment where both thresholds apply. EA s.38(6)'s Fourth Schedule hourly-rate method is displaced; s.38(5)'s 72-hour cap is not. Current daily comparator is wrong and the weekly premium path is unproved. R10; see the rejected cap finding below.,Employment (Part-Time Employees) Regulations reg.5,https://sso.agc.gov.sg/SL/EmA1968-RG8?WholeDoc=1,2026-09-26,2025-12-01,,PARTIAL,Current source audit (2026-10-03). Integrated: Actual full-time weekly comparator; optional source week/counter-only awards native transport. Incomplete: Activate exact daily/weekly union with no duplicate 1.5x premium; Statutory week origin and complete weekly fractional-hour method source reconciliation; Part-IV averaging/exemption cross-family source implementation remains parent-owned; Frozen ordinary-date weekly0.5 basic complement avoids duplicate daily1.5; actual weekly attendance/basic-rate provenance mandatory. Rest/PH current-date union and variable comparator/rate automation remain internal engineering. No test or closure claim.. Required actual inputs/external operations remain genuine; no new verification.,work_rules.bands; employment_terms.comparable_full_time_daily_hours,Singapore — a part-timer’s hours beyond their own day up to a full-timer’s are the basic hourly rate (Part-Time Employees Regulations reg. 5),,
SG-PT07,SG,rest_holiday,"Paid-holiday hours use own/comparator weekly ratio times comparator daily hours, with reg.6(1) gross-rate payment. Work adds own basic day and contractual travel allowance. Reg.6(2A) has agreed/default time-off branches for its specified profiles. Relinquishment requires agreement and a separate hourly allowance under regs.6(4)–(5); EA s.88(7) is displaced. Reg.6(3) is deleted. Current full-time holiday bands and entity-wide TIME_OFF fact do not prove these branches. R10.",Employment (Part-Time Employees) Regulations reg.6,https://sso.agc.gov.sg/SL/EmA1968-RG8?WholeDoc=1,2026-09-26,2025-12-01,,PARTIAL,"Current source audit (2026-10-03). Integrated: Actual paid-normal-hour holiday quantity uses resolved observed calendar; full approved NPL withholding; actual individual timeoff decision/reference/agreed hours; half/full own-day fallback; PAID frozen replacement-time credit/payout conservation; Optional selected monetary-band source predicate/message and sealed UI guard adopted; actual PT07 country qualification/prices still pending review.; Actual worked own-basic-day cash across EA-covered PT profiles: daily basic, monthly contractual-day MOM divisor, evidenced hourly normal day, documentary assessed alternative; mandatory PartIV/workman cash; no duplicate old holiday basic-day band. Unverified.. Incomplete: Original base gross holiday entitlement substitution/floor and retained allowance cash reconciliation; Actual PH contractual hourly encashment plus removal/disposition of original entitlement; Worked basic-day obligation across every PT profile and travel source; Calendar/year quantity and actual mixed-year contract amendments; Excluded-profile automatic unworked holiday source dependency authored, pending root review/adoption; actual signed normal holiday clause preserved separately.. Required actual inputs/external operations remain genuine; no new verification.",facts.public_holiday_compensation,,,
SG-PT08,SG,leave,"Annual leave is hourly, proportional to a similar worker's entitlement at equal service; taken/qualifying untaken leave pays hourly gross. Agreed hourly encashment excludes employees working at least five days and 30 hours/week. EA s.88A(3)'s whole-day rounding does not apply. Hourly comparator, grants, charges and qualifying exit payout are implemented but unverified; agreed cash-in-hourly-rate, mixed-hour leave years and the formula-image cross-reference remain open.",Employment (Part-Time Employees) Regulations reg.7,https://sso.agc.gov.sg/SL/EmA1968-RG8?WholeDoc=1,2026-09-26,2025-12-01,,PARTIAL,"Current source audit (2026-10-03). Integrated: Actual annual relinquishment linked to original-year entitlement, consumed/reserved conservation; ongoing hourly allowance actual attendance/paid legal/approved leave/holiday units; actual dated catalogue/rate/terms; original signed gross/reference; OW/AW actual payable clause and source attribution. Incomplete: Source-year mixed-hour contracts and amended/stopped encash agreement reconciliation; Full hourly entitlement/taken/exit literal proof deferred; no status promotion. Required actual inputs/external operations remain genuine; no new verification.",leave_catalogue:ANNUAL_LEAVE.entitlement.requires_hourly_for_part_time; leave_catalogue:ANNUAL_LEAVE.entitlement.hour_rounding; leave_catalogue:ANNUAL_LEAVE.entitlement.scaled_rounding; leave_catalogue.entitlement.part_time_hours,"SG departure raises, allocates and prices unused annual leave in hours",,
SG-PT09,SG,leave,Sick/hospitalisation hours use the actual comparator. Outpatient pay excludes shift allowance; hospitalisation pay includes it. Reg.8(3) is deleted. Other EA s.89 conditions continue under reg.10. Statutory sick cash-out is refused; hour-unit probes were added but not run. Outpatient shift-allowance pay remains R05/R10.,Employment (Part-Time Employees) Regulations reg.8,https://sso.agc.gov.sg/SL/EmA1968-RG8?WholeDoc=1,2026-09-26,2025-12-01,,TESTED,"Hourly sick/hospital grants, no cash-out and outpatient shift-allowance exclusion (INCLUDE/EXCLUDE class) tested; a variable priced class refuses. Evidence: Selected `sg-part-time-catalogue` probes; branch-complete proof open. Legacy status: No [PROBE 2026-09-29]. Period: 2025-12+; exact amendment/saving dates not fully reconciled. Profile: Part-time employee, employer and comparable full-time worker. R10 corrected: all five versions set can_encash: false on SICK_LEAVE and HOSPITALIZATION_LEAVE; planLeaveActivity and payroll encashment check the flag; fifteen authority descriptions state the actual-comparator rule. Outpatient allowance (29 Sep): all 80 outpatient SICK_LEAVE rows cite the MOM gross-pay exception (https://www.mom.gov.sg/employment-practices/leave/sick-leave/medical-reimbursements-and-salary); each gross-pay allowance class must state outpatient_sick_pay INCLUDE or EXCLUDE (missing refuses); EXCLUDE reduces paid outpatient leave by its dated share; a variable priced class that cannot establish the shift share refuses; hospitalisation keeps gross pay; a monthly shift-allowance continuation policy needs the employer/union decision recorded as INCLUDE. [LIT-01 2026-09-30] The excluded shift allowance's hour is `work_rules.hourly_rate_excluded` (12 × allowance ÷ (52 × weekly hours)); a day charge is it × the normal day's hours. Golden: tests/rate-conversions.test.ts and the existing outpatient golden (3.75 on 1.25 h), pending the test phase. [LIT-06 2026-09-30] An hourly grant rounds by the row's `entitlement.hour_rounding`, seeded `{ step: 0.001, mode: UP }` (up to the thousandth of an hour, never below the hours owed): Part-Time Regulations reg.7(4) excludes the whole-day rounding and states no other, so this is the recorded default (the engine's former built-in, now configuration). A grant the `scale` moves rounds by the row's `entitlement.scaled_rounding`, seeded `{ step: 0.5, mode: UP }` (up to the half day, never below the hours owed): the law states no rounding of a part-timer's scaled days, so this is the recorded default (the engine's former built-in, now configuration). Golden: tests/leave-entitlement-golden.test.ts (LIT-06 cases), pending the test phase; no probe added.",leave_catalogue:SICK_LEAVE.entitlement.requires_hourly_for_part_time; work_rules.gross_excluded_allowances; work_rules.hourly_rate_excluded; leave_catalogue:SICK_LEAVE.entitlement.hour_rounding; leave_catalogue:SICK_LEAVE.entitlement.scaled_rounding; leave_catalogue:HOSPITALIZATION_LEAVE.entitlement.hour_rounding; leave_catalogue:HOSPITALIZATION_LEAVE.entitlement.scaled_rounding; leave_catalogue.entitlement.part_time_hours,SG part-time sick entitlement is granted in hours using the declared comparator,,
SG-PT10,SG,leave,EA childcare entitlement is the ratio of hours times two comparator days; hourly gross pay and proportional lifetime references. Do not impose the separate CDCA minimum-two-day rule on this EA branch. Hourly grant/debit path was added; EA-specific lifetime and payment proofs remain R10/R11.,Employment (Part-Time Employees) Regulations reg.8A,https://sso.agc.gov.sg/SL/EmA1968-RG8?WholeDoc=1,2026-09-26,2025-12-01,,PARTIAL,"Current source audit (2026-10-03). Integrated: Current SG catalogue and native leave grant/charge/money route contain CHILDCARE_LEAVE; this is partial seed/runtime support, not complete clause admission or cash scope.. Incomplete: Shared CHILDCARE_LEAVE seed sets minimum_days=2 for both citizen CDCA and noncitizen EA branches; entitlement.ts applies this same floor to hourly grants. The EA-only two-comparator-day ratio must not receive the separate CDCA minimum two-own-days rule. Actual EA lifetime/payment admission still needs row-specific completion.. Required actual inputs/external operations remain genuine; no new verification.",leave_catalogue:CHILDCARE_LEAVE.entitlement.requires_hourly_for_part_time; leave_catalogue:CHILDCARE_LEAVE.entitlement.hour_rounding; leave_catalogue.entitlement.part_time_hours,,,
SG-PT11,SG,leave,EA maternity benefit period remains; pay contracted workdays at gross rate plus reg.6(1) holiday payment unless relinquished. Modified references carry through the named Part IX protections/payment provisions. R06/R08/R10/R11; CDCA parental schemes need their own instrument review.,Employment (Part-Time Employees) Regulations reg.9,https://sso.agc.gov.sg/SL/EmA1968-RG8?WholeDoc=1,2026-09-29,2025-12-01,,GAP,"Current source audit (2026-10-03). Integrated: Current SG catalogue and native leave grant/charge/money route contain MATERNITY_LEAVE; this is partial seed/runtime support, not complete clause admission or cash scope.. Incomplete: Primary PART_TIME maternity calendar_days_for/calendar_pay_contract_days_for and contractHolidayFloorOn support calendar-to-contract-day/holiday money. Full EA notice/protection/extra-period/death/payment cross-references and actual original twelve-week/flexible branch admission remain incomplete.. Required actual inputs/external operations remain genuine; no new verification.",leave_catalogue:MATERNITY_LEAVE,,,
SG-PT12,SG,hours,"All other EA provisions continue unless displaced here. Cross-read EA ss.37(3A), 38(5)–(6), 88A(3), 89 and 90(2); Part IV averaging/exemption gaps are R40. This cross-reference does not certify the remainder of the EA.",Employment (Part-Time Employees) Regulations reg.10,https://sso.agc.gov.sg/SL/EmA1968-RG8?WholeDoc=1,2026-09-29,2025-12-01,,GAP,"Current source audit (2026-10-03). Integrated: No distinct full-row integrated implementation established from current owned source; general native leave/benefit cash infrastructure does not establish the named clause.. Incomplete: No full EA Part IV averaging/exemption and named ss37(3A),38(5)-(6),88A(3),89,90(2) integrated cross-read was established. Existing general leave/hourly/holiday paths do not certify this row.. Required actual inputs/external operations remain genuine; no new verification.",work_rules.limits,,,
SG-PT13,SG,other,Preserve more favourable pre-1 October 1996 contract/collective-agreement terms unless parties otherwise agree. Need the dated contract and agreed variations; do not silently replace them with statutory minima. R10 contract comparison remains open.,Employment (Part-Time Employees) Regulations reg.11,https://sso.agc.gov.sg/SL/EmA1968-RG8?WholeDoc=1,2026-09-26,2025-12-01,,PARTIAL,"Current source audit (2026-10-03). Integrated: Native dated contract input and generous configured holiday floor preserve selected documentary cash.. Incomplete: No full pre1Oct1996 agreement identification, original favorable entitlement comparison across benefits and actual agreed variation conservation.. Required actual inputs/external operations remain genuine; no new verification.",employment_terms,,,
SG-PT14,SG,other,"Nonpayment of required holiday/annual hourly allowances is an employer offence. Payment/allowance mechanism belongs to R10; statutory fines are enforcement obligations, not employee earnings.",Employment (Part-Time Employees) Regulations reg.12,https://sso.agc.gov.sg/SL/EmA1968-RG8?WholeDoc=1,2026-09-26,2025-12-01,,EXTERNAL,"Employer offence is enforcement; the allowance mechanism it protects is SG-PT07. Evidence: Selected `sg-part-time-catalogue` probes; branch-complete proof open. Open/why: The hourly allowance mechanism and employer-offence trigger need independent cases. Legacy status: No [PROBE 2026-09-29]. Period: 2025-12+; exact amendment/saving dates not fully reconciled. Profile: Part-time employee, employer and comparable full-time worker.",,,,
SG-CD01,SG,leave,"Cohort uses live birth and certified estimated-delivery date, or the statutory adoption eligibility date. Adoption distinguishes citizen/PR application from other-child dependant's-pass date. Test both April boundaries and early births; R11 inputs remain missing.",CDCA s.2; Second Schedule para.5,https://sso.agc.gov.sg/Act/CDCSA2001?WholeDoc=1,2026-09-26,2025-04-01,,PARTIAL,"Current source audit (2026-10-03). Integrated: Current SG catalogue and native leave grant/charge/money route contain SHARED_PARENTAL_LEAVE; this is partial seed/runtime support, not complete clause admission or cash scope.. Incomplete: Clause scope not fully integrated or established by current source audit: Cohort uses live birth and certified estimated-delivery date, or the statutory adoption eligibility date. Adoption distinguishes citizen/PR application from other-child dependant's-pass date. Test both April boundaries and early births; R11 inputs remain missing.. Required actual inputs/external operations remain genuine; no new verification.",leave_catalogue:SHARED_PARENTAL_LEAVE; employee_children.estimated_delivery_date; employee_children.adoption_eligibility_date,"SG SPL cohort uses EDD or adoption eligibility, with an absent date defaulting to event date",,
SG-CD02,SG,leave,"New SPL requires eligibility for the corresponding primary leave. Service is assessed before the specified event, not earned during later leave. Underlying eligibility is mapped in SG-CD28–36 and SG-CD42–44; implementation and independent branch probes remain R11.","CDCA s.12DA(1); underlying ss.9/9A, 12AA/12AC, 12H/12I",https://sso.agc.gov.sg/Act/CDCSA2001?WholeDoc=1,2026-09-26,2025-04-01,,GAP,"Current source audit (2026-10-03). Integrated: Current SG catalogue and native leave grant/charge/money route contain SHARED_PARENTAL_LEAVE; this is partial seed/runtime support, not complete clause admission or cash scope.. Incomplete: Clause scope not fully integrated or established by current source audit: New SPL requires eligibility for the corresponding primary leave. Service is assessed before the specified event, not earned during later leave. Underlying eligibility is mapped in SG-CD28–36 and SG-CD42–44; implementation and independent branch probes remain R11.. Required actual inputs/external operations remain genuine; no new verification.",leave_catalogue:SHARED_PARENTAL_LEAVE,,,
SG-CD03,SG,leave,"Continuous N weeks within 26 weeks versus agreed flexible N × min(weekly index, 6) days within 12 months; adoption cannot start before eligibility date. Notice has sufficient-cause/shorter-agreement exceptions. R06/R11; calendar days are not flexible workdays.","CDCA s.12DA(2)–(3), (6)–(7)",https://sso.agc.gov.sg/Act/CDCSA2001?WholeDoc=1,2026-09-26,2025-04-01,,GAP,"Current source audit (2026-10-03). Integrated: Current SG catalogue and native leave grant/charge/money route contain SHARED_PARENTAL_LEAVE; this is partial seed/runtime support, not complete clause admission or cash scope.. Incomplete: Clause scope not fully integrated or established by current source audit: Continuous N weeks within 26 weeks versus agreed flexible N × min(weekly index, 6) days within 12 months; adoption cannot start before eligibility date. Notice has sufficient-cause/shorter-agreement exceptions. R06/R11; calendar days are not flexible workdays.. Required actual inputs/external operations remain genuine; no new verification.",leave_catalogue:SHARED_PARENTAL_LEAVE,,,
SG-CD04,SG,leave,One allocation per confinement despite twins; separate adoption arrangements per child. Child death ends SPL on the following day; parent's death excludes the day of death. R09/R11 need stable event identity and dated cessation.,CDCA s.2(2B); s.12DA(8)–(9); Second Schedule paras.2–4,https://sso.agc.gov.sg/Act/CDCSA2001?WholeDoc=1,2026-09-26,2025-04-01,,GAP,"Integrated: four dated SPL policies bind a documentary stable confinement identity, birth-only cross-child identity opt-in and distinct adoption subjects; original allocation includes child-death next-day and parent-death same-day cutoff policies. Remaining: SPL-specific related-arrangement consumer still requires identical child reference/citizenship across the confinement, so documented twins need exact confinement-aware consumption and child-specific cessation reconciliation. No behavioral verification.",seed/jurisdiction/SG/leave_catalogue.json:SHARED_PARENTAL_LEAVE; src/lib/leave/activity.ts:event_allocation,,,
SG-CD05,SG,leave,"On any employment termination, unconsumed entitlement is forfeited unless whole units are lawfully reallocated; fractional residue is forfeited. R11 must distinguish transfer, forfeiture and continued contract.",CDCA s.12DA(4)–(5); Second Schedule para.12,https://sso.agc.gov.sg/Act/CDCSA2001?WholeDoc=1,2026-09-26,2025-04-01,,GAP,"Current source audit (2026-10-03). Integrated: Current SG catalogue and native leave grant/charge/money route contain SHARED_PARENTAL_LEAVE; this is partial seed/runtime support, not complete clause admission or cash scope.. Incomplete: Clause scope not fully integrated or established by current source audit: On any employment termination, unconsumed entitlement is forfeited unless whole units are lawfully reallocated; fractional residue is forfeited. R11 must distinguish transfer, forfeiture and continued contract.. Required actual inputs/external operations remain genuine; no new verification.",leave_catalogue:SHARED_PARENTAL_LEAVE,,,
SG-CD06,SG,leave,"Gross pay, CPF-inclusive weekly/total limits and employer reimbursement are distinct calculations; preserve more favourable contractual rights. R41.","CDCA s.12DB(1)–(5), (10)",https://sso.agc.gov.sg/Act/CDCSA2001?WholeDoc=1,2026-09-26,2025-04-01,,GAP,"Current source audit (2026-10-03). Integrated: Current SG catalogue and native leave grant/charge/money route contain SHARED_PARENTAL_LEAVE; this is partial seed/runtime support, not complete clause admission or cash scope.. Incomplete: Clause scope not fully integrated or established by current source audit: Gross pay, CPF-inclusive weekly/total limits and employer reimbursement are distinct calculations; preserve more favourable contractual rights. R41.. Required actual inputs/external operations remain genuine; no new verification.",leave_catalogue:SHARED_PARENTAL_LEAVE,,,
SG-CD07,SG,leave,"Employer may voluntarily grant paid leave to a parent short of three months' service, with qualifying equivalent arrangements and discretionary reimbursement. Missing mandatory entitlement does not establish reimbursement ineligibility. R11/R41.",CDCA s.12DB(6)–(9); s.12DD(2),https://sso.agc.gov.sg/Act/CDCSA2001?WholeDoc=1,2026-09-26,2025-04-01,,GAP,"Current source audit (2026-10-03). Integrated: No distinct full-row integrated implementation established from current owned source; general native leave/benefit cash infrastructure does not establish the named clause.. Incomplete: Clause scope not fully integrated or established by current source audit: Employer may voluntarily grant paid leave to a parent short of three months' service, with qualifying equivalent arrangements and discretionary reimbursement. Missing mandatory entitlement does not establish reimbursement ineligibility. R11/R41.. Required actual inputs/external operations remain genuine; no new verification.",,,,
SG-CD08,SG,other,"Direct government benefit uses N × 7 income days, with its own cap, duplicate-benefit reductions and unpaid-leave/termination exceptions. It must not be used as an employee flexible-leave grant. Application is external; required income/entitlement evidence and employer interaction remain R11/R41.",CDCA s.12DC,https://sso.agc.gov.sg/Act/CDCSA2001?WholeDoc=1,2026-09-26,2025-04-01,,EXTERNAL,"Direct government benefit applied for by the individual. Evidence: Selected `sg-shared-parental-allocation` probes; branch-complete proof open. Legacy status: No [IN-SYSTEM 2026-09-29]. Period: 2025-12+; exact amendment/saving dates not fully reconciled. Profile: Eligible parent/child cohort, employment or self-employment.",,,,
SG-CD09,SG,leave,"Sharing allocations are whole units, default half each, total no more than six/ten; explicit zero is valid. Only whole unconsumed units can transfer. Zero branch corrected; actual pool/consumption validation and notification remain R11.","CDCA s.12DD(1); Second Schedule paras.5–6, 8–9",https://sso.agc.gov.sg/Act/CDCSA2001?WholeDoc=1,2026-09-26,2025-04-01,,PARTIAL,"Current source audit (2026-10-03). Integrated: Current SG catalogue and native leave grant/charge/money route contain SHARED_PARENTAL_LEAVE; this is partial seed/runtime support, not complete clause admission or cash scope.. Incomplete: Clause scope not fully integrated or established by current source audit: Sharing allocations are whole units, default half each, total no more than six/ten; explicit zero is valid. Only whole unconsumed units can transfer. Zero branch corrected; actual pool/consumption validation and notification remain R11.. Required actual inputs/external operations remain genuine; no new verification.",leave_catalogue:SHARED_PARENTAL_LEAVE; employee_children.shared_parental_weeks,SG context: absent and zero shared-parental declarations stay distinct,,
SG-CD10,SG,leave,"Individual arrangement defaults to the whole pool; later marriage/adoption may turn it into sharing, carrying prior consumption. Missing allocation currently always takes half, so this distinct branch remains R11.","CDCA s.12DD(3)–(5); Second Schedule paras.7, 10–11",https://sso.agc.gov.sg/Act/CDCSA2001?WholeDoc=1,2026-09-26,2025-04-01,,GAP,"Current source audit (2026-10-03). Integrated: Current SG catalogue and native leave grant/charge/money route contain SHARED_PARENTAL_LEAVE; this is partial seed/runtime support, not complete clause admission or cash scope.. Incomplete: Clause scope not fully integrated or established by current source audit: Individual arrangement defaults to the whole pool; later marriage/adoption may turn it into sharing, carrying prior consumption. Missing allocation currently always takes half, so this distinct branch remains R11.. Required actual inputs/external operations remain genuine; no new verification.",leave_catalogue:SHARED_PARENTAL_LEAVE,,,
SG-CD11,SG,leave,"Four-week variation period, subsequent employer agreement, surviving-parent exemption and Director-imposed documentary requirements are distinct conditions. Scalar allocated weeks cannot establish them. R11.","CDCA Second Schedule paras.1, 13–16",https://sso.agc.gov.sg/Act/CDCSA2001?WholeDoc=1,2026-09-26,2025-04-01,,GAP,"Current source audit (2026-10-03). Integrated: Current SG catalogue and native leave grant/charge/money route contain SHARED_PARENTAL_LEAVE; this is partial seed/runtime support, not complete clause admission or cash scope.. Incomplete: Clause scope not fully integrated or established by current source audit: Four-week variation period, subsequent employer agreement, surviving-parent exemption and Director-imposed documentary requirements are distinct conditions. Scalar allocated weeks cannot establish them. R11.. Required actual inputs/external operations remain genuine; no new verification.",,,,
SG-CD12,SG,leave,"Designated notice, parents' declarations and required evidence; variation effective on submission unless refused or withdrawn. Keep dated validity and consumption, not only the latest declaration. R11.",CDCA Second Schedule paras.17–18,https://sso.agc.gov.sg/Act/CDCSA2001?WholeDoc=1,2026-09-26,2025-04-01,,GAP,"Current source audit (2026-10-03). Integrated: Current SG catalogue and native leave grant/charge/money route contain SHARED_PARENTAL_LEAVE; this is partial seed/runtime support, not complete clause admission or cash scope.. Incomplete: Clause scope not fully integrated or established by current source audit: Designated notice, parents' declarations and required evidence; variation effective on submission unless refused or withdrawn. Keep dated validity and consumption, not only the latest declaration. R11.. Required actual inputs/external operations remain genuine; no new verification.",,,,
SG-CD13,SG,leave,"Weekly index uses fixed days, T/W for repeating patterns or T/3 for irregular three-week history. Contract days of at most five hours count half; cap six. Round a multiple down to half/whole day. Freeze at the applicable statutory date. R06/R08; current working-days scalar does not prove these branches.",CDCA First Schedule Parts 1–3,https://sso.agc.gov.sg/Act/CDCSA2001?WholeDoc=1,2026-09-26,2025-04-01,,GAP,"Integrated: actual fixed whole-week cycle or complete original 21-day contractual roster calculation, short-day weighting, source-capped weekly index, original reference/source snapshots and original flexible part rounding. Remaining: SPL consumer still embeds 300-minute and six-day constants and accepts declared reference date pending full source-bound statutory date/rounding policy transport. Missing genuine preceding roster evidence is an input residual, never a scalar guess. No behavioral verification.",seed/jurisdiction/SG/leave_catalogue.json:reimbursement_origin; src/lib/leave/activity.ts:actualWeeklyIndex/event_allocation; src/lib/leave/original-statutory-source.ts,,,
SG-CD14,SG,leave,Include holidays without automatic extra salary; requested unpaid-leave days exclude paid leave subject to named exceptions. Claims/payment deem primary leave consumed before new SPL even if actual labels differ. R06/R08/R11/R41.,"CDCA ss.12L–12M, 12MB",https://sso.agc.gov.sg/Act/CDCSA2001?WholeDoc=1,2026-09-26,2025-04-01,,GAP,Current source audit (2026-10-03). Integrated: Primary part-time calendar/holiday pay machinery exists. Full primary-before-SPL statutory sequence source reader is frozen73 plus original19 candidate-only.. Incomplete: Clause scope not fully integrated or established by current source audit: Include holidays without automatic extra salary; requested unpaid-leave days exclude paid leave subject to named exceptions. Claims/payment deem primary leave consumed before new SPL even if actual labels differ. R06/R08/R11/R41.. Required actual inputs/external operations remain genuine; no new verification.,,,,
SG-CD15,SG,leave,"Concurrent employments may each grant leave, but government reimbursement shares one cap with prescribed apportionment/priority. Scope uses actual birth/adoption date, not the broader early-birth scheme definition. Permitted recovery after refused reimbursement needs its own basis. R41.",CDCA s.12MA,https://sso.agc.gov.sg/Act/CDCSA2001?WholeDoc=1,2026-09-26,2025-04-01,,GAP,"Current source audit (2026-10-03). Integrated: No distinct full-row integrated implementation established from current owned source; general native leave/benefit cash infrastructure does not establish the named clause.. Incomplete: Clause scope not fully integrated or established by current source audit: Concurrent employments may each grant leave, but government reimbursement shares one cap with prescribed apportionment/priority. Scope uses actual birth/adoption date, not the broader early-birth scheme definition. Permitted recovery after refused reimbursement needs its own basis. R41.. Required actual inputs/external operations remain genuine; no new verification.",,,,
SG-CD16,SG,leave,Defaulting-event and excess-benefit recoveries; adoption order within 12 months and citizenship within six months after adoption. Recoveries already reimbursed to employer must be refunded within one month of the later recovery/reimbursement date. Avoid duplicate recovery. R04/R11/R41.,CDCA ss.12N–12O,https://sso.agc.gov.sg/Act/CDCSA2001?WholeDoc=1,2026-09-26,2025-04-01,,PARTIAL,"Integrated source: Native actual employee-recovery/Government-refund receipts and allocations plus src/lib/benefit-cases/reimbursement-recovery{,-admission}.ts are integrated; preserve original PAID source and capacity. Residual: Defaulting-event lawful liability/adoption deadlines, non-bank discharge, authentic source amendment/cancellation and Government payment instruction remain incomplete; bank observations do not establish debt. Wave0 source integration; behavioral verification not run.",,,,
SG-CD17,SG,leave,"Same-employer similar-worker comparator, with 8/44 only when absent; CDCA and benefit regulations otherwise apply. More favourable earlier contract/collective terms survive until varied. R10 and dated-contract comparison.","CDCA Part-Time regs.1–3, 10",https://sso.agc.gov.sg/Act/CDCSA2001?WholeDoc=1,2026-09-26,2025-12-01,,PARTIAL,Current source audit (2026-10-03). Integrated: Current leave context/payroll eligibility transport comparable full-time presence/daily/weekly hours; generic hourly leave grants exist.. Incomplete: Actual comparable_full_time_presence/daily/weekly fields and hourly source machinery are integrated. Full dated more-favourable pre-existing contract/collective term preservation and comparison across all CDCA schemes has not been established by this audit.. Required actual inputs/external operations remain genuine; no new verification.,employment_terms.comparable_full_time_daily_hours; employment_terms.comparable_full_time_presence,,,
SG-CD18,SG,leave,"Maternity/adoption periods remain; pay contracted workdays plus statutory paid-holiday amount unless relinquished, subject to applicable limits. Direct-benefit exceptions remain distinct. R06/R08/R10/R11/R41.","CDCA Part-Time regs.4, 7",https://sso.agc.gov.sg/Act/CDCSA2001?WholeDoc=1,2026-09-26,2025-12-01,,GAP,"Current source audit (2026-10-03). Integrated: No distinct full-row integrated implementation established from current owned source; general native leave/benefit cash infrastructure does not establish the named clause.. Incomplete: Clause scope not fully integrated or established by current source audit: Maternity/adoption periods remain; pay contracted workdays plus statutory paid-holiday amount unless relinquished, subject to applicable limits. Direct-benefit exceptions remain distinct. R06/R08/R10/R11/R41.. Required actual inputs/external operations remain genuine; no new verification.",leave_catalogue:MATERNITY_LEAVE; leave_catalogue:ADOPTION_LEAVE,,,
SG-CD19,SG,leave,"Childcare hours = own weekly hours / comparator weekly hours × comparator entitlement × comparator daily hours, with minimum two own days. After three days, subsequent daily employee payment capped at $500. R10/R41.",CDCA Part-Time reg.5,https://sso.agc.gov.sg/Act/CDCSA2001?WholeDoc=1,2026-09-26,2025-12-01,,PARTIAL,"Current source audit (2026-10-03). Integrated: Current SG catalogue and native leave grant/charge/money route contain CHILDCARE_LEAVE; this is partial seed/runtime support, not complete clause admission or cash scope.. Incomplete: Hourly childcare grant and minimum two-own-days path exist. No current SG leave/payment policy establishes actual $500 CPF-inclusive employee daily payment after the third day with complete source corresponding CPF allocation; frozen73 reimbursement candidates do not fill that employee-pay route.. Required actual inputs/external operations remain genuine; no new verification.",leave_catalogue:CHILDCARE_LEAVE.entitlement.requires_hourly_for_part_time; leave_catalogue:CHILDCARE_LEAVE.entitlement.hour_rounding,,,
SG-CD20,SG,leave,Extended childcare is two days with hourly gross pay and $500/day limit. Infant-care hours = own/comparator weekly ratio × 12 × comparator daily hours. These differ from EA childcare and from one another. R06/R10/R41.,"CDCA Part-Time regs.5A, 6",https://sso.agc.gov.sg/Act/CDCSA2001?WholeDoc=1,2026-09-26,2025-12-01,,PARTIAL,"Current source audit (2026-10-03). Integrated: Current SG catalogue and native leave grant/charge/money route contain UNPAID_INFANT_CARE_LEAVE; this is partial seed/runtime support, not complete clause admission or cash scope.. Incomplete: Hourly infant-care grants and per-child 24-day seed are integrated; CHILDCARE_LEAVE older-child branch gives two days. Actual extended-childcare $500 CPF-inclusive daily employee payment and complete source-specific correspondence remain missing from the current integrated route.. Required actual inputs/external operations remain genuine; no new verification.",leave_catalogue:CHILDCARE_LEAVE; leave_catalogue:UNPAID_INFANT_CARE_LEAVE; leave_catalogue:CHILDCARE_LEAVE.entitlement.hour_rounding; leave_catalogue:UNPAID_INFANT_CARE_LEAVE.entitlement.hour_rounding,,,
SG-CD21,SG,leave,"New/old SPL and paternity retain their statutory periods; pay contracted workdays and unrelinquished statutory holidays, with scheme-specific limits and government-benefit exceptions. R06/R10/R11/R41.",CDCA Part-Time regs.7A–9,https://sso.agc.gov.sg/Act/CDCSA2001?WholeDoc=1,2026-09-26,2025-12-01,,GAP,"Current source audit (2026-10-03). Integrated: Current SG catalogue and native leave grant/charge/money route contain SHARED_PARENTAL_LEAVE; this is partial seed/runtime support, not complete clause admission or cash scope.. Incomplete: Clause scope not fully integrated or established by current source audit: New/old SPL and paternity retain their statutory periods; pay contracted workdays and unrelinquished statutory holidays, with scheme-specific limits and government-benefit exceptions. R06/R10/R11/R41.. Required actual inputs/external operations remain genuine; no new verification.",leave_catalogue:PATERNITY_LEAVE; leave_catalogue:SHARED_PARENTAL_LEAVE,,,
SG-CD22,SG,other,"Read current enforcement, evidence, investigation and offence adaptations; deleted provisions remain deleted. Pre-1 April 2017 claims have a separate saved procedure. These are procedural obligations; do not generate wages from penalty provisions. Full underlying EA cross-reference review remains R03.",CDCA Application of EA Provisions Order paras.1–18,https://sso.agc.gov.sg/Act/CDCSA2001?WholeDoc=1,2026-09-29,2025-12-01,,EXTERNAL,"Enforcement, investigation and offence adaptations are MOM procedure. Evidence: Selected `sg-shared-parental-allocation` probes; branch-complete proof open. Open/why: Full underlying EA cross-reference review remains R03. SSO reachable 2026-09-29 (current version as at 29 Sep 2026); not a source block. OR1 read in full; the CDCA subsidiary list is still four instruments on 29 Sep 2026. Enforcement, investigation and offence adaptations are MOM procedure with no wage mechanism. Legacy status: No [EXTERNAL 2026-09-29]. Period: 2025-12+; exact amendment/saving dates not fully reconciled. Profile: Eligible parent/child cohort, employment or self-employment.",,,,
SG-CD23,SG,leave,Evidence may be required; prescribed continuous-leave notice is four weeks; former-scheme election starts after the 24th pregnancy week. Gross pay includes an otherwise qualifying allowance only after three months' payment before the applicable absence starts. R08/R11/R41.,"CDCA Leave and Benefits regs.4, 4A–4B",https://sso.agc.gov.sg/Act/CDCSA2001?WholeDoc=1,2026-09-26,2025-04-01,,GAP,Current source audit (2026-10-03). Integrated: No distinct full-row integrated implementation established from current owned source; general native leave/benefit cash infrastructure does not establish the named clause.. Incomplete: Clause scope not fully integrated or established by current source audit: Evidence may be required; prescribed continuous-leave notice is four weeks; former-scheme election starts after the 24th pregnancy week. Gross pay includes an otherwise qualifying allowance only after three months' payment before the applicable absence starts. R08/R11/R41.. Required actual inputs/external operations remain genuine; no new verification.,,,,
SG-CD24,SG,leave,"Employer claims generally due three months after last leave, with permitted interim claims and extensions. Formula uses (monthly gross + employer CPF) × 12 / (weekly index × 52) × reimbursable days, subject to daily/aggregate limits. R41; portal submission remains external.",CDCA Leave and Benefits regs.7–8,https://sso.agc.gov.sg/Act/CDCSA2001?WholeDoc=1,2026-09-26,2025-04-01,,PARTIAL,Integrated: maternity/adoption original statutory origin/document/service/notice/weekly/calendar/part-capacity grants in4SGleave versions; GPML/ADOPTION native reimbursement policies with65 qualified part rules per version; actual paid-money source and deadline/cap pipeline. Residual: employee gross+employerCPF statutory joint-cap consumer and female SPL2 original-source parts; original pre-Apr2025 PR adoption uses actual dependant-pass eligibility and parent citizenship sources; row-specific other scheme/transition scope remains. No fabricated paid original or claim-as-grant. Source implementation; no behavioral verification.,obligations:GOVERNMENT_PAID_LEAVE_AND_NS_CLAIMS,,,
SG-CD25,SG,leave,"When employer claims exceed the shared limit, each receives its claim / all employer claims × the limit. Otherwise reimburse employers first, then self-employed balance. R41 needs external claim facts and calculations.",CDCA Leave and Benefits reg.9A,https://sso.agc.gov.sg/Act/CDCSA2001?WholeDoc=1,2026-09-26,2025-04-01,,PARTIAL,"Integrated source: Native src/lib/benefit-cases/reimbursement-{parent-cap,native-parent-cap}.ts and actual all-parent source reader are integrated. Residual: Country claim policies and exact qualified original grants/cohorts remain incomplete; actual all-employer/self-employed claim observations are required, never inferred. Wave0 source integration; behavioral verification not run.",,,,
SG-CD26,SG,filing,"Designated claim/adjustment submission, five-year adjustment window and retention with claim-specific start dates; dispute notice within one month. Evidence, deadline and correction obligations remain open; a payslip export does not submit a claim.","CDCA Leave and Benefits regs.2A–2B, 15–16",https://sso.agc.gov.sg/Act/CDCSA2001?WholeDoc=1,2026-09-26,2025-04-01,,EXTERNAL,"Claim/adjustment submission, five-year window and retention are employer filings. Evidence: Selected `sg-shared-parental-allocation` probes; branch-complete proof open. Legacy status: No [IN-SYSTEM 2026-09-29]. Period: 2025-12+; exact amendment/saving dates not fully reconciled. Profile: Eligible parent/child cohort, employment or self-employment.",obligations:GOVERNMENT_PAID_LEAVE_AND_NS_CLAIMS,,,
SG-CD27,SG,other,"Short title and child development account membership, trustees, government matching, withdrawals and approved providers. Outside employer payroll calculations; no blanket conclusion about an employer's separate role as an approved childcare/healthcare provider. Account-operation formulas were excluded on this statutory subject matter, not because seed inputs are absent.","CDCA ss.1, 3–8; Co-Savings Regulations scope",https://sso.agc.gov.sg/Act/CDCSA2001?WholeDoc=1,2026-09-26,2025-12-01,,NOT-APPLICABLE,"Child development accounts are outside employer payroll. Evidence: Selected `sg-shared-parental-allocation` probes; branch-complete proof open. Legacy status: No [EXTERNAL 2026-09-29]. Period: 2025-12+; exact amendment/saving dates not fully reconciled. Profile: Eligible parent/child cohort, employment or self-employment.",,,,
SG-CD28,SG,leave,"Qualifying citizen-child maternity: four weeks before and twelve after confinement, agreed continuous sixteen weeks, or agreed eight continuous plus eight weekly-index multiples within twelve months. Service/self-employment must precede confinement; live/stillbirth cohorts and EDD differ. R06/R11.","CDCA ss.9(1), 9A(1)",https://sso.agc.gov.sg/Act/CDCSA2001?WholeDoc=1,2026-09-26,2025-12-01,,PARTIAL,Integrated: maternity/adoption original statutory origin/document/service/notice/weekly/calendar/part-capacity grants in4SGleave versions; GPML/ADOPTION native reimbursement policies with65 qualified part rules per version; actual paid-money source and deadline/cap pipeline. Residual: employee gross+employerCPF statutory joint-cap consumer and female SPL2 original-source parts; original pre-Apr2025 PR adoption uses actual dependant-pass eligibility and parent citizenship sources; row-specific other scheme/transition scope remains. No fabricated paid original or claim-as-grant. Source implementation; no behavioral verification.,leave_catalogue:MATERNITY_LEAVE,"Singapore — the service ladders and the family schemes, on all four sealed versions",,
SG-CD29,SG,leave,"Citizenship acquired within twelve months: retain every EA 76(a)/(b)/(c), first-two/third-event, first-eight/post-eight/post-sixteen-week and flexible-period branch. Payment may start at citizenship, cover a remaining EA period, and add four weeks; an agreed flexible substitute has its own start/deadline. A current-citizenship flag plus 112 days cannot implement this history. R06/R08/R11/R41.","CDCA s.9(1A)(i)–(vi), including (iva); s.9(1AA)",https://sso.agc.gov.sg/Act/CDCSA2001?WholeDoc=1,2026-09-26,2025-12-01,,PARTIAL,Integrated: maternity/adoption original statutory origin/document/service/notice/weekly/calendar/part-capacity grants in4SGleave versions; GPML/ADOPTION native reimbursement policies with65 qualified part rules per version; actual paid-money source and deadline/cap pipeline. Residual: employee gross+employerCPF statutory joint-cap consumer and female SPL2 original-source parts; original pre-Apr2025 PR adoption uses actual dependant-pass eligibility and parent citizenship sources; row-specific other scheme/transition scope remains. No fabricated paid original or claim-as-grant. Source implementation; no behavioral verification.,,,,
SG-CD30,SG,leave,"Where the mother has no EA s.76 entitlement, later citizenship selects remaining continuous leave to sixteen weeks or the specified eight-week/flexible alternatives, within twelve months. This is distinct from the EA-transition branches. R06/R11.",CDCA s.9(1B),https://sso.agc.gov.sg/Act/CDCSA2001?WholeDoc=1,2026-09-26,2025-12-01,,PARTIAL,Integrated: maternity/adoption original statutory origin/document/service/notice/weekly/calendar/part-capacity grants in4SGleave versions; GPML/ADOPTION native reimbursement policies with65 qualified part rules per version; actual paid-money source and deadline/cap pipeline. Residual: employee gross+employerCPF statutory joint-cap consumer and female SPL2 original-source parts; original pre-Apr2025 PR adoption uses actual dependant-pass eligibility and parent citizenship sources; row-specific other scheme/transition scope remains. No fabricated paid original or claim-as-grant. Source implementation; no behavioral verification.,,,,
SG-CD31,SG,leave,"Pre-confinement work on a benefit day requires an extra gross-pay day or a replacement day. Resignation and other termination have different forfeiture/payment effects, with EA ss.84/84A protections preserved. EA ss.77–82, 84, 84A and 86 apply with adaptations; from April 2025, agreed flexible periods and prescribed continuous-leave notice differ. R08/R11/R41 and underlying EA cross-reference review.",CDCA s.9(2)–(3A); s.12,https://sso.agc.gov.sg/Act/CDCSA2001?WholeDoc=1,2026-09-26,2025-12-01,,GAP,"Current source audit (2026-10-03). Integrated: Current SG catalogue and native leave grant/charge/money route contain MATERNITY_LEAVE; this is partial seed/runtime support, not complete clause admission or cash scope.. Incomplete: Clause scope not fully integrated or established by current source audit: Pre-confinement work on a benefit day requires an extra gross-pay day or a replacement day. Resignation and other termination have different forfeiture/payment effects, with EA ss.84/84A protections preserved. EA ss.77–82, 84, 84A and 86 apply with adaptations; from April 2025, agreed flexible periods and prescribed continuous-leave notice differ. R08/R11/R41 and underlying EA cross-reference review.. Required actual inputs/external operations remain genuine; no new verification.",,,,
SG-CD32,SG,other,"Self-employed lost income and direct government maternity benefit differ from employee leave. Direct benefit needs ninety aggregate days in the preceding twelve months, overlap counted once, overseas elections/residence and income exclusions. Duplicate-benefit bars have continuous requested unpaid-leave, completed-contract and redundancy exceptions; first-two/third-event income days are 56/112. External individual claim; employer evidence/offsets remain R11/R41.","CDCA ss.9(4)–(8), 9A(2)–(3A), (5)–(5B), (8)",https://sso.agc.gov.sg/Act/CDCSA2001?WholeDoc=1,2026-09-26,2025-12-01,,EXTERNAL,"Self-employed and direct government maternity benefit are individual claims. Evidence: Selected `sg-shared-parental-allocation` probes; branch-complete proof open. Legacy status: No [IN-SYSTEM 2026-09-29]. Period: 2025-12+; exact amendment/saving dates not fully reconciled. Profile: Eligible parent/child cohort, employment or self-employment.",,,,
SG-CD33,SG,leave,"First-two maternity events: employer initially funds eight weeks; reimbursable portion has S$10,000 per four weekly-index multiples/max 24 days and S$20,000 total. Third-plus: whole eligible period, total S$40,000. Caps include CPF; employer claim includes non-recoverable employer CPF. Short-service voluntary payment has separate conditions; specified ordered payments cannot be reimbursed unless the direction is withdrawn/reversed. R41.","CDCA ss.9A(4), (6)–(7), 10",https://sso.agc.gov.sg/Act/CDCSA2001?WholeDoc=1,2026-10-03,2025-12-01,,PARTIAL,"Integrated standard original maternity/adoption employee gross plus actual employer CPF joint caps: original event order, initial eight/four uncapped weeks, exact weighted required-absence periods and original paid consumption, statutory aggregate limits, individually frozen documentary contractual superiority, source contribution rebuild and engine caller. Existing native employer reimbursement remains distinct. Residual: additional/late-citizenship maternity origin financial recipes, actual foreign employer-liability FX, precise original charge-to-cash identity for multiple same-date segments, short-service discretionary reimbursement and clause-specific ordered-payment/dismissal/transition scope. No full-row claim or behavioral verification.",seed/jurisdiction/SG/leave_catalogue.json; src/lib/payroll/original-leave-remuneration-source.ts; src/lib/payroll/original-leave-remuneration.ts; src/lib/payroll/original-leave-employer-charge.ts; src/lib/benefit-cases/leave-remuneration-periods.ts; src/lib/payroll/run/engine.ts,,,
SG-CD34,SG,other,"Direct adoption benefit uses 56/84 income days and S$10,000/28-day limit, ninety-day history and distinct duplication/termination exceptions. Self-employed adoption uses actual lost income and first-four-week funding distinction. Parent/child citizenship and non-natural-parent conditions apply at specified dates. Individual applications are external; employer interactions and offsets remain R11/R41.","CDCA ss.12A, 12AB; 12AC(2)–(3)",https://sso.agc.gov.sg/Act/CDCSA2001?WholeDoc=1,2026-09-26,2025-12-01,,EXTERNAL,"Direct adoption benefit is an individual application. Evidence: Selected `sg-shared-parental-allocation` probes; branch-complete proof open. Legacy status: No [IN-SYSTEM 2026-09-29]. Period: 2025-12+; exact amendment/saving dates not fully reconciled. Profile: Eligible parent/child cohort, employment or self-employment.",,,,
SG-CD35,SG,leave,"Mother: twelve continuous weeks or eight plus four weekly-index multiples, within twelve months of birth; start is tied to eligibility/application/order. Child age below twelve months and three months' service are measured at eligibility date. PR and other non-citizen children have sole/joint parent-citizenship branches; natural mother excluded. Continuous-leave notice, termination and expiry differ from flexible agreement. R06/R11.","CDCA ss.12AA(1)–(2), 12AC(1)",https://sso.agc.gov.sg/Act/CDCSA2001?WholeDoc=1,2026-09-26,2025-12-01,,PARTIAL,Integrated: maternity/adoption original statutory origin/document/service/notice/weekly/calendar/part-capacity grants in4SGleave versions; GPML/ADOPTION native reimbursement policies with65 qualified part rules per version; actual paid-money source and deadline/cap pipeline. Residual: employee gross+employerCPF statutory joint-cap consumer and female SPL2 original-source parts; original pre-Apr2025 PR adoption uses actual dependant-pass eligibility and parent citizenship sources; row-specific other scheme/transition scope remains. No fabricated paid original or claim-as-grant. Source implementation; no behavioral verification.,leave_catalogue:ADOPTION_LEAVE,"Singapore — the service ladders and the family schemes, on all four sealed versions",,
SG-CD36,SG,leave,"Adoption gross pay and employer reimbursement: first two events fund first four weeks through employer, later eight capped at S$20,000; third-plus total S$30,000, S$10,000 per four weekly-index multiples/max 24 days. CPF inclusion, short-service discretionary reimbursement, enhanced contracts and dismissal protection apply. Use the precise cross-references in 12AD(4), not assumed identical eligibility. R11/R41.","CDCA ss.12AA(4)–(13), 12AD",https://sso.agc.gov.sg/Act/CDCSA2001?WholeDoc=1,2026-10-03,2025-12-01,,PARTIAL,"Integrated standard original maternity/adoption employee gross plus actual employer CPF joint caps: original event order, initial eight/four uncapped weeks, exact weighted required-absence periods and original paid consumption, statutory aggregate limits, individually frozen documentary contractual superiority, source contribution rebuild and engine caller. Existing native employer reimbursement remains distinct. Residual: additional/late-citizenship maternity origin financial recipes, actual foreign employer-liability FX, precise original charge-to-cash identity for multiple same-date segments, short-service discretionary reimbursement and clause-specific ordered-payment/dismissal/transition scope. No full-row claim or behavioral verification.",seed/jurisdiction/SG/leave_catalogue.json; src/lib/payroll/original-leave-remuneration-source.ts; src/lib/payroll/original-leave-remuneration.ts; src/lib/payroll/original-leave-employer-charge.ts; src/lib/benefit-cases/leave-remuneration-periods.ts; src/lib/payroll/run/engine.ts,,,
SG-CD37,SG,leave,"Childcare service ladder, annual combined six-day and per-child 42/12-day limits; agreed twelve-month period versus calendar year. First entitlement may be elected for the following period; subsequent periods follow it. Natural-father marriage-at-conception exclusion/later-marriage restoration, foster/step/adopted children, EA-to-CDCA conversion and reverse conversion require dated facts. Termination/adoption by others/end of foster care and expiry forfeit unused leave without cash-out. R06/R09/R11.","CDCA s.12B(1)–(8), (11)–(11A), (15), (21)",https://sso.agc.gov.sg/Act/CDCSA2001?WholeDoc=1,2026-09-29,2025-12-01,,PARTIAL,"Current source audit (2026-10-03). Integrated: Current SG catalogue and native leave grant/charge/money route contain CHILDCARE_LEAVE; this is partial seed/runtime support, not complete clause admission or cash scope.. Incomplete: Clause scope not fully integrated or established by current source audit: Childcare service ladder, annual combined six-day and per-child 42/12-day limits; agreed twelve-month period versus calendar year. First entitlement may be elected for the following period; subsequent periods follow it. Natural-father marriage-at-conception exclusion/later-marriage restoration, foster/step/adopted children, EA-to-CDCA conversion and reverse conversion require dated facts. Termination/adoption by others/end of foster care and expiry forfeit unused leave without cash-out. R06/R09/R11.. Required actual inputs/external operations remain genuine; no new verification.",leave_catalogue:CHILDCARE_LEAVE,"W6 SG s.12B(2)(a): 42 childcare and 12 extended childcare days for each child, earlier employers included — every version",,
SG-CD38,SG,leave,"First three childcare days employer-funded; subsequent daily CPF-inclusive payment limit S$500. Extended childcare has S$500/day from day one. Claims limited to S$1,500/three days or S$1,000/two days per calendar year and 21/12 days per qualifying child across employers. Government may assign a cross-year relevant period to either year. R41 needs claim history separately from employee leave balances.","CDCA s.12B(9)–(10A), (20); ss.12C–12CA",https://sso.agc.gov.sg/Act/CDCSA2001?WholeDoc=1,2026-09-26,2025-12-01,,GAP,"Current source audit (2026-10-03). Integrated: Current SG catalogue and native leave grant/charge/money route contain CHILDCARE_LEAVE; this is partial seed/runtime support, not complete clause admission or cash scope.. Incomplete: Clause scope not fully integrated or established by current source audit: First three childcare days employer-funded; subsequent daily CPF-inclusive payment limit S$500. Extended childcare has S$500/day from day one. Claims limited to S$1,500/three days or S$1,000/two days per calendar year and 21/12 days per qualifying child across employers. Government may assign a cross-year relevant period to either year. R41 needs claim history separately from employee leave balances.. Required actual inputs/external operations remain genuine; no new verification.",,,,
SG-CD39,SG,other,"Self-employed childcare claims cover only fourth–sixth cessation days; extended care covers up to two days. Combined three paid days/calendar year, per-child 21/12-day limits, S$500 daily CPF-inclusive cap and excluded concurrent maternity claim periods. These individual claims are external; concurrent-claim facts remain relevant to R41.",CDCA s.12B(16)–(21),https://sso.agc.gov.sg/Act/CDCSA2001?WholeDoc=1,2026-09-26,2025-12-01,,EXTERNAL,"Self-employed childcare claims are individual. Evidence: Selected `sg-shared-parental-allocation` probes; branch-complete proof open. Legacy status: No [IN-SYSTEM 2026-09-29]. Period: 2025-12+; exact amendment/saving dates not fully reconciled. Profile: Eligible parent/child cohort, employment or self-employment.",,,,
SG-CD40,SG,leave,"Twelve unpaid infant-care days, twenty-four per qualifying child; natural-father marriage exceptions and child/foster definitions parallel childcare. First-year deferral, agreed relevant period, termination/expiry and ceased relationship require history. Infant-care days count as service under the EA. R06/R09/R11.",CDCA s.12D,https://sso.agc.gov.sg/Act/CDCSA2001?WholeDoc=1,2026-09-26,2025-12-01,,PARTIAL,"Current source audit (2026-10-03). Integrated: Current SG catalogue and native leave grant/charge/money route contain UNPAID_INFANT_CARE_LEAVE; this is partial seed/runtime support, not complete clause admission or cash scope.. Incomplete: Clause scope not fully integrated or established by current source audit: Twelve unpaid infant-care days, twenty-four per qualifying child; natural-father marriage exceptions and child/foster definitions parallel childcare. First-year deferral, agreed relevant period, termination/expiry and ceased relationship require history. Infant-care days count as service under the EA. R06/R09/R11.. Required actual inputs/external operations remain genuine; no new verification.",leave_catalogue:UNPAID_INFANT_CARE_LEAVE,"W7 SG s.12D: infant care leave is the whole year’s 12, and 24 days a child — every version",,
SG-CD41,SG,leave,"Former SPL: mother's one-to-four-whole-week election reduces her last weeks; historical marriage, live/stillbirth/EDD and adoption cohorts select the scheme. Death may transfer whole unused weeks; ordinary termination revokes whole unused weeks to mother, while a deceased mother's transfer has a distinct re-employment rule. Weekly CPF-inclusive S$2,500 and N × S$2,500 caps apply. R06/R09/R11/R41.",CDCA ss.12E–12G,https://sso.agc.gov.sg/Act/CDCSA2001?WholeDoc=1,2026-09-26,2025-12-01,,GAP,"Current source audit (2026-10-03). Integrated: Current SG catalogue and native leave grant/charge/money route contain SHARED_PARENTAL_LEAVE; this is partial seed/runtime support, not complete clause admission or cash scope.. Incomplete: Clause scope not fully integrated or established by current source audit: Former SPL: mother's one-to-four-whole-week election reduces her last weeks; historical marriage, live/stillbirth/EDD and adoption cohorts select the scheme. Death may transfer whole unused weeks; ordinary termination revokes whole unused weeks to mother, while a deceased mother's transfer has a distinct re-employment rule. Weekly CPF-inclusive S$2,500 and N × S$2,500 caps apply. R06/R09/R11/R41.. Required actual inputs/external operations remain genuine; no new verification.",,,,
SG-CD42.four-weeks,SG,leave,Four weeks of paternity leave for an April 2025 Scheme child.,"CDCA ss.12H, 12I(1)–(2)",https://sso.agc.gov.sg/Act/CDCSA2001?WholeDoc=1,2026-09-26,2025-12-01,,TESTED,Golden: a married father of a citizen child born 10 Jan 2026 gets 28 days on all five sealed versions (leave-entitlement-golden passes 2026-10-01). No probe.,leave_catalogue:PATERNITY_LEAVE,"Singapore — the service ladders and the family schemes, on all four sealed versions",,
SG-CD42.two-weeks,SG,leave,Two weeks otherwise.,"CDCA ss.12H, 12I(1)–(2)",https://sso.agc.gov.sg/Act/CDCSA2001?WholeDoc=1,2026-09-26,2025-12-01,,TESTED,Golden: a child born 20 Mar 2025 carries 14 days on all five sealed versions. No probe.,leave_catalogue:PATERNITY_LEAVE,"Singapore — the service ladders and the family schemes, on all four sealed versions",,
SG-CD42.stillbirth,SG,leave,"After a stillbirth the four-week branches are expressly excluded (two weeks, s.12H(12)).","CDCA ss.12H, 12I(1)–(2)",https://sso.agc.gov.sg/Act/CDCSA2001?WholeDoc=1,2026-10-03,2025-12-01,,IMPLEMENTED,Integrated: seed/jurisdiction/SG/leave_catalogue.json PATERNITY_LEAVE all four versions excludes STILLBIRTH from April-2025 four-week bands and derived original S12H four-week origins; evidenced stillbirth retains two-week continuous/flexible original capacity. Native original part capacity admission and calendar/flexible charging are wired. No new verification.,leave_catalogue:PATERNITY_LEAVE,,,
SG-CD42.adoptive-father,SG,leave,An adoptive father has no general marriage requirement.,"CDCA ss.12H, 12I(1)–(2)",https://sso.agc.gov.sg/Act/CDCSA2001?WholeDoc=1,2026-09-26,2025-12-01,,TESTED,Split from SG-CD42 (2026-09-30). Marital branch corrected; sg-paternity-marital-eligibility 40/40.,leave_catalogue:PATERNITY_LEAVE,SG paternity ${row.id}: adoptive father ${marital_status},,
SG-CD42.natural-father,SG,leave,A natural father must meet the historical marriage condition.,"CDCA ss.12H, 12I(1)–(2)",https://sso.agc.gov.sg/Act/CDCSA2001?WholeDoc=1,2026-10-03,2025-12-01,,IMPLEMENTED,Integrated: seed/jurisdiction/SG/leave_catalogue.json PATERNITY_LEAVE all four versions requires evidenced natural-father status and actual marriage at conception or actual later marriage before child first birthday and before taking leave. Actual conception/date guard prevents a ceased prior marriage satisfying subsequent marriage. Original source admission retains documentary marriage/conception facts; adoptive fathers remain outside the marriage predicate. Covers this marriage-condition provision; broader original service/pay/claim cohorts remain in their own open rows. No new verification.,leave_catalogue:PATERNITY_LEAVE,SG paternity ${row.id}: ${label},,
SG-CD42.adoption-dates,SG,leave,"Adoption age, service and parent-citizenship reference dates.","CDCA ss.12H, 12I(1)–(2)",https://sso.agc.gov.sg/Act/CDCSA2001?WholeDoc=1,2026-09-26,2025-12-01,,GAP,"Current source audit (2026-10-03). Integrated: Current SG catalogue and native leave grant/charge/money route contain PATERNITY_LEAVE; this is partial seed/runtime support, not complete clause admission or cash scope.. Incomplete: Clause scope not fully integrated or established by current source audit: Adoption age, service and parent-citizenship reference dates.. adoption-dates. Required actual inputs/external operations remain genuine; no new verification.",leave_catalogue:PATERNITY_LEAVE,,,
SG-CD42.taking,SG,leave,"Taken continuously within sixteen weeks, or as agreed flexible weekly-index days within twelve months; notice, dismissal protection and forfeiture apply.","CDCA ss.12H, 12I(1)–(2)",https://sso.agc.gov.sg/Act/CDCSA2001?WholeDoc=1,2026-09-26,2025-12-01,,GAP,"Current source audit (2026-10-03). Integrated: Current SG catalogue and native leave grant/charge/money route contain PATERNITY_LEAVE; this is partial seed/runtime support, not complete clause admission or cash scope.. Incomplete: Clause scope not fully integrated or established by current source audit: Taken continuously within sixteen weeks, or as agreed flexible weekly-index days within twelve months; notice, dismissal protection and forfeiture apply.. taking. Required actual inputs/external operations remain genuine; no new verification.",leave_catalogue:PATERNITY_LEAVE,,,
SG-CD43,SG,leave,"Employee paternity cap S$2,500 per weekly index/max six days, S$10,000 or S$5,000 total; self-employed four-week cohort starts January 2024, distinct from employee April 2025. CPF-inclusive pay and employer reimbursement plus non-recoverable CPF are separate. Voluntary short-service claims preserve their exact statutory conditions. R41.","CDCA ss.12I(3)–(6), 12J",https://sso.agc.gov.sg/Act/CDCSA2001?WholeDoc=1,2026-10-03,2025-12-01,,PARTIAL,"Integrated regular paternity original two/four-week eligibility, notice, adjacent actual service continuity and capacity; GPPL native employer paid-source reimbursement and3month claim lifecycle; employee gross plus actual employer CPF weekly2500 and aggregate5000/10000 caps through frozen original weekly index, exact weighted absence periods, actual paid history, contribution replay and independently documented contractual superiority. Residual: self-employed original lost income/platform contribution source, January2024 direct-income cohort benefits, pre-April2025 voluntary extra-pay source and clause-specific submission/direction transitions. Foreign actual employer-liability FX and same-date original cash segment identity remain named engineering. No behavioral verification or full-row claim.",seed/jurisdiction/SG/leave_catalogue.json; seed/jurisdiction/SG/jurisdiction_settings.json; src/lib/payroll/original-leave-remuneration-source.ts; src/lib/payroll/original-leave-remuneration.ts; src/lib/payroll/original-leave-employer-charge.ts; src/lib/payroll/run/engine.ts,,,
SG-CD44,SG,other,"Direct paternity benefit: 14/28 income days, S$2,500 per seven days; stillbirth excludes the 28-day branch. Ninety-day aggregate qualifying history, overseas choices and duplicate-benefit/termination exceptions apply. Personal claim is external; employer evidence and offsets remain R11/R41.","CDCA ss.12HA, 12I(4A)–(4B)",https://sso.agc.gov.sg/Act/CDCSA2001?WholeDoc=1,2026-09-26,2025-12-01,,EXTERNAL,"Direct paternity benefit is a personal claim. Evidence: Selected `sg-shared-parental-allocation` probes; branch-complete proof open. Legacy status: No [IN-SYSTEM 2026-09-29]. Period: 2025-12+; exact amendment/saving dates not fully reconciled. Profile: Eligible parent/child cohort, employment or self-employment.",,,,
SG-CD45,SG,leave,"Pre-April-2025 extra paternity: live-birth/EDD and adoption cohorts, voluntary extra leave only after statutory leave, within twelve months, agreed periods and specified minimum payment. Claim cap S$2,500/week and S$5,000 overall, with separate short-service discretion. This can affect claims/corrections made in supported periods. R11/R41.",CDCA s.12JA,https://sso.agc.gov.sg/Act/CDCSA2001?WholeDoc=1,2026-09-26,2025-12-01,,GAP,"Current source audit (2026-10-03). Integrated: Current SG catalogue and native leave grant/charge/money route contain PATERNITY_LEAVE; this is partial seed/runtime support, not complete clause admission or cash scope.. Incomplete: Clause scope not fully integrated or established by current source audit: Pre-April-2025 extra paternity: live-birth/EDD and adoption cohorts, voluntary extra leave only after statutory leave, within twelve months, agreed periods and specified minimum payment. Claim cap S$2,500/week and S$5,000 overall, with separate short-service discretion. This can affect claims/corrections made in supported periods. R11/R41.. Required actual inputs/external operations remain genuine; no new verification.",,,,
SG-CD46,SG,other,"Gazette exclusions, one-month dispute reference, documentary access, accurate claims, restitution/offences and delegated rule-making. Individual exemptions require written terms, dates, variations and revocations and need not be gazetted. Parent residence and approved-provider duties belong to account administration. Payroll claim evidence/recoveries remain R41; no unverified exemption is assumed.",CDCA ss.13–22,https://sso.agc.gov.sg/Act/CDCSA2001?WholeDoc=1,2026-09-26,2025-12-01,,EXTERNAL,"Gazette exclusions, disputes, offences and rule-making; no unverified exemption assumed. Evidence: Selected `sg-shared-parental-allocation` probes; branch-complete proof open. Legacy status: No [IN-SYSTEM 2026-09-29]. Period: 2025-12+; exact amendment/saving dates not fully reconciled. Profile: Eligible parent/child cohort, employment or self-employment.",,,,
SG-CD47,SG,other,Definitions and designated decision-makers; automated decisions can be reviewed/substituted. Deleted provisions remain deleted. Reg.19's specified saved calculations are now mapped in SG-CD57–66. The wider historical instrument inventory remains R03; neither the catalogue's first date nor the continued printing of a saving clause alone decides whether a current claim is admissible.,"CDCA Leave and Benefits regs.1–3, 6, 17–19",https://sso.agc.gov.sg/Act/CDCSA2001?WholeDoc=1,2026-09-29,2025-12-01,,EXTERNAL,"Definitions and decision-makers; saved claim-cohort admissibility is government administration. Evidence: Selected `sg-shared-parental-allocation` probes; branch-complete proof open. Open/why: The wider historical instrument inventory remains R03; neither the catalogue's first date nor the continued printing of a saving clause alone decides whether a current claim is admissible. SSO reachable 2026-09-29 (current version as at 29 Sep 2026); not a source block. S 358/2017 (current as at 29 Sep 2026) is annotated only with S 324/2024, S 939/2024 (wef 2025-01-01) and S 225/2025, so it has no 2026 amendment. Open: saved claim-cohort admissibility (R11/R41). Legacy status: No [IN-SYSTEM 2026-09-29]. Period: 2025-12+; exact amendment/saving dates not fully reconciled. Profile: Eligible parent/child cohort, employment or self-employment. S 358/2017 (current as at 29 Sep 2026) is annotated only with S 324/2024, S 939/2024 (wef 2025-01-01) and S 225/2025; no 2026 amendment.",,,,
SG-CD48,SG,other,"Direct claim generally within fifteen months; income base (GP + employer CPF + platform-operator CPF + net income)/365. Maternity/adoption multiply by C − (A/W × 7 + N × 7) − D; paternity/new SPL omit N. C, paid days A, former election N and unused pre-contract-end days D have scheme-specific definitions; cap and excess recovery still apply. R41 reconciles the deleted-definition reference with the replacement cohort; implementation remains open.","CDCA Leave and Benefits regs.5, 11",https://sso.agc.gov.sg/Act/CDCSA2001?WholeDoc=1,2026-09-26,2025-04-01,,EXTERNAL,"Direct claim by the individual (15-month window, income base). Evidence: Selected `sg-shared-parental-allocation` probes; branch-complete proof open. Legacy status: No [IN-SYSTEM 2026-09-29]. Period: 2025-12+; exact amendment/saving dates not fully reconciled. Profile: Eligible parent/child cohort, employment or self-employment.",,,,
SG-CD49,SG,leave,"Extra-paternity claim formula (monthly gross + employer CPF) × 12/(weekly index × 52) × reimbursable days; daily S$2,500/index plus statutory aggregate cap. Three-month allowance history, final/interim deadlines and discretionary short-service amount differ. R41.",CDCA Leave and Benefits reg.8A,https://sso.agc.gov.sg/Act/CDCSA2001?WholeDoc=1,2026-09-26,2025-12-01,,GAP,"Current source audit (2026-10-03). Integrated: Current SG catalogue and native leave grant/charge/money route contain PATERNITY_LEAVE; this is partial seed/runtime support, not complete clause admission or cash scope.. Incomplete: Clause scope not fully integrated or established by current source audit: Extra-paternity claim formula (monthly gross + employer CPF) × 12/(weekly index × 52) × reimbursable days; daily S$2,500/index plus statutory aggregate cap. Three-month allowance history, final/interim deadlines and discretionary short-service amount differ. R41.. Required actual inputs/external operations remain genuine; no new verification.",,,,
SG-CD50,SG,other,"Self-employed lost income must be attributable to cessation; relevant assessed net income (plus non-recoverable platform CPF) less continued income. Current basis period or latest of preceding two assessed periods; Board may set a representative basis where unavailable. Parental and childcare claim deadlines/reference years differ. External individual calculation, with concurrent employer interactions in R41.","CDCA Leave and Benefits regs.9, 14",https://sso.agc.gov.sg/Act/CDCSA2001?WholeDoc=1,2026-09-26,2025-12-01,,EXTERNAL,"Self-employed lost income is an individual calculation. Evidence: Selected `sg-shared-parental-allocation` probes; branch-complete proof open. Legacy status: No [IN-SYSTEM 2026-09-29]. Period: 2025-12+; exact amendment/saving dates not fully reconciled. Profile: Eligible parent/child cohort, employment or self-employment.",,,,
SG-CD51,SG,leave,"Former SPL revocation needs listed grounds, both parents' consent and Director acceptance. Only whole unconsumed weeks revert; fractions forfeit. Re-employment/new election must respect four-week total including consumed weeks, mother's unused balance and employer consent. R11; do not overwrite allocation without history.",CDCA Leave and Benefits reg.10,https://sso.agc.gov.sg/Act/CDCSA2001?WholeDoc=1,2026-09-26,2025-12-01,,GAP,"Current source audit (2026-10-03). Integrated: Current SG catalogue and native leave grant/charge/money route contain SHARED_PARENTAL_LEAVE; this is partial seed/runtime support, not complete clause admission or cash scope.. Incomplete: Clause scope not fully integrated or established by current source audit: Former SPL revocation needs listed grounds, both parents' consent and Director acceptance. Only whole unconsumed weeks revert; fractions forfeit. Re-employment/new election must respect four-week total including consumed weeks, mother's unused balance and employer consent. R11; do not overwrite allocation without history.. Required actual inputs/external operations remain genuine; no new verification.",,,,
SG-CD52,SG,leave,"Signed eligibility declaration/evidence and employer assessment; childcare claim due three months after relevant-period end. Formula is (monthly gross + employer CPF) × 12/(index × 52) × (days − 3), extended care uses days. Floor fractional workdays to half/whole days and apply Act caps and eligible-claim scope. R41.",CDCA Leave and Benefits regs.12–13,https://sso.agc.gov.sg/Act/CDCSA2001?WholeDoc=1,2026-09-26,2025-12-01,,GAP,"Current source audit (2026-10-03). Integrated: Current SG catalogue and native leave grant/charge/money route contain CHILDCARE_LEAVE; this is partial seed/runtime support, not complete clause admission or cash scope.. Incomplete: Clause scope not fully integrated or established by current source audit: Signed eligibility declaration/evidence and employer assessment; childcare claim due three months after relevant-period end. Formula is (monthly gross + employer CPF) × 12/(index × 52) × (days − 3), extended care uses days. Floor fractional workdays to half/whole days and apply Act caps and eligible-claim scope. R41.. Required actual inputs/external operations remain genuine; no new verification.",,,,
SG-CD53,SG,leave,"EDD/birth transition: some consumed former elections become new sharing allocations, restoring mother's N weeks and counting father's old consumption against new entitlement; ongoing continuous leave has a notice exception. Unconsumed elections are revoked and mother's weeks restored. A specified non-eligible self-employed father retains the old scheme. R11/R41 require pre-transition consumption and eligibility, not a date switch alone.",CDCA 2024 Amendment Act ss.25–28,https://sso.agc.gov.sg/Act/CDCSA2001?WholeDoc=1,2026-09-26,2025-04-01,,GAP,"Current source audit (2026-10-03). Integrated: Current SG catalogue and native leave grant/charge/money route contain SHARED_PARENTAL_LEAVE; this is partial seed/runtime support, not complete clause admission or cash scope.. Incomplete: Clause scope not fully integrated or established by current source audit: EDD/birth transition: some consumed former elections become new sharing allocations, restoring mother's N weeks and counting father's old consumption against new entitlement; ongoing continuous leave has a notice exception. Unconsumed elections are revoked and mother's weeks restored. A specified non-eligible self-employed father retains the old scheme. R11/R41 require pre-transition consumption and eligibility, not a date switch alone.. Required actual inputs/external operations remain genuine; no new verification.",,,,
SG-CD54,SG,leave,"Qualifying voluntary pre-April arrangements and extra paternity leave are converted into new arrangements/claims, including pending claims, consumed leave and notice exceptions. R11/R41 need dated arrangements and claim status.",CDCA 2024 Amendment Act ss.29–30,https://sso.agc.gov.sg/Act/CDCSA2001?WholeDoc=1,2026-09-26,2025-04-01,,GAP,"Current source audit (2026-10-03). Integrated: Current SG catalogue and native leave grant/charge/money route contain SHARED_PARENTAL_LEAVE; this is partial seed/runtime support, not complete clause admission or cash scope.. Incomplete: Clause scope not fully integrated or established by current source audit: Qualifying voluntary pre-April arrangements and extra paternity leave are converted into new arrangements/claims, including pending claims, consumed leave and notice exceptions. R11/R41 need dated arrangements and claim status.. Required actual inputs/external operations remain genuine; no new verification.",,,,
SG-CD55,SG,other,Additional saving/transitional regulations may be made within two years of a provision's commencement. S 224/2025 establishes commencement on 1 April 2025. The wider Gazette inventory remains R03; this enabling power does not by itself prove an additional instrument exists.,CDCA 2024 Amendment Act s.31,https://sso.agc.gov.sg/Act/CDCSA2001?WholeDoc=1,2026-09-29,2025-04-01,,NOT-APPLICABLE,"Enabling power; no s.31 saving/transitional regulation exists as at 2026-09-29 (window to 2027-03-31 for 1 April 2025 provisions). Evidence: Selected `sg-shared-parental-allocation` probes; branch-complete proof open. Open/why: The wider Gazette inventory remains R03; this enabling power does not by itself prove an additional instrument exists. SSO reachable 2026-09-29 (current version as at 29 Sep 2026); not a source block. The CDCA subsidiary list is still four instruments and S 358/2017 has no 2026 amendment, so no s.31 saving or transitional regulation exists yet. The window runs two years from each provision's commencement (for 1 April 2025 provisions, to 31 March 2027); re-check at each sealed date. Legacy status: Yes (disposition 2026-09-29). Period: 2025-12+; exact amendment/saving dates not fully reconciled. Profile: Eligible parent/child cohort, employment or self-employment.",,,,
SG-CD56,SG,leave,"Entire 2024 Amendment Act and 2025 benefit-regulation amendment commence on 1 April 2025. Original amendment text covers notice, direct/employee/self-employed claims, apportionment, refunds and records; it does not repair reg.5(4)(d)(iii)'s definition reference. Current formulas were separately image-checked. Commencement is established for these instruments, not every CDCA amendment.",CDCA S 224/2025; S 225/2025 regs.1–15,https://sso.agc.gov.sg/Act/CDCSA2001?WholeDoc=1,2026-09-26,2025-04-01,,GAP,"Current source audit (2026-10-03). Integrated: No distinct full-row integrated implementation established from current owned source; general native leave/benefit cash infrastructure does not establish the named clause.. Incomplete: Clause scope not fully integrated or established by current source audit: Entire 2024 Amendment Act and 2025 benefit-regulation amendment commence on 1 April 2025. Original amendment text covers notice, direct/employee/self-employed claims, apportionment, refunds and records; it does not repair reg.5(4)(d)(iii)'s definition reference. Current formulas were separately image-checked. Commencement is established for these instruments, not every CDCA amendment.. Required actual inputs/external operations remain genuine; no new verification.",,,,
SG-CD57,SG,leave,Commences 1 November 2021. Citizenship-acquisition date selects the specified late-citizenship maternity savings; confinement/EDD or citizenship selects saved direct-maternity reductions. Specified widowed-father eligibility turns on the mother's death date. R11/R41 require these dated facts; leave-start date alone cannot select the rule.,CDCA S 826/2021 regs.1–5,https://sso.agc.gov.sg/Act/CDCSA2001?WholeDoc=1,2026-09-26,2021-11-01,,GAP,Current source audit (2026-10-03). Integrated: No distinct full-row integrated implementation established from current owned source; general native leave/benefit cash infrastructure does not establish the named clause.. Incomplete: Clause scope not fully integrated or established by current source audit: Commences 1 November 2021. Citizenship-acquisition date selects the specified late-citizenship maternity savings; confinement/EDD or citizenship selects saved direct-maternity reductions. Specified widowed-father eligibility turns on the mother's death date. R11/R41 require these dated facts; leave-start date alone cannot select the rule.. Required actual inputs/external operations remain genuine; no new verification.,,,,
SG-CD58,SG,leave,"New employee caps apply to specified payments made from 1 November 2021, including older entitlements; employer and self-employed claim dates select corresponding reimbursement/lost-income caps. New defaulting-event recovery applies only to events from that date. R41 requires payment, submission and default dates separately from birth/leave dates.",CDCA S 826/2021 regs.6–9,https://sso.agc.gov.sg/Act/CDCSA2001?WholeDoc=1,2026-09-26,2021-11-01,,GAP,"Current source audit (2026-10-03). Integrated: No distinct full-row integrated implementation established from current owned source; general native leave/benefit cash infrastructure does not establish the named clause.. Incomplete: Clause scope not fully integrated or established by current source audit: New employee caps apply to specified payments made from 1 November 2021, including older entitlements; employer and self-employed claim dates select corresponding reimbursement/lost-income caps. New defaulting-event recovery applies only to events from that date. R41 requires payment, submission and default dates separately from birth/leave dates.. Required actual inputs/external operations remain genuine; no new verification.",,,,
SG-CD59,SG,other,"Saved direct maternity uses (GP + employer CPF + net income)/365 × [C − (A + B)], with C = 56/112, A the specified employer-reimbursed days and B the father's paid former-SPL/lost-income days. Income exclusions, fifteen-month claim deadline and permitted extension apply. Do not substitute current A/W × 7, N × 7 or unused-contract-day deductions. R41; formula image inspected.",CDCA Current reg.19(2); pre-November-2021 reg.5,https://sso.agc.gov.sg/Act/CDCSA2001?WholeDoc=1,2026-09-26,2021-11-01,,EXTERNAL,"Saved direct-maternity formula is a government direct-benefit calculation. Evidence: Selected `sg-shared-parental-allocation` probes; branch-complete proof open. Open/why: Saved direct-maternity formula, exclusions and claim deadline require historical cohort and income probes. Legacy status: No [PROBE 2026-09-29]. Period: 2025-12+; exact amendment/saving dates not fully reconciled. Profile: Eligible parent/child cohort, employment or self-employment. R41 saved calculation: income plus employer CPF plus net income S$36,500, C = 56, A = 5, B = 0 gives S$5,100 (subject to eligibility/caps); substituting the current A/W × 7 with W = 5 would wrongly give S$4,900; independent expected amount, not a passing probe; five-year admissibility must be checked before offering an adjustment. Saved chain traced through S 826/2021 (https://sso.agc.gov.sg/SL-Supp/S826-2021/Published/20211029?WholeDoc=1), S 711/2016 regs.14–15 (https://sso.agc.gov.sg/SL-Supp/S711-2016/Published/20161229?WholeDoc=1), pre-November-2021 reg.5 (https://sso.agc.gov.sg/SL/CDCSA2001-S358-2017?ValidDate=20211031&ProvIds=pr5-) and revoked Rg 1 (https://sso.agc.gov.sg/SL/CDCSA2001-RG1?ValidDate=20161231&WholeDoc=1); all operative Rg 1 provisions and twenty formula images read.",,,,
SG-CD60,SG,leave,The named S 826/2021 employer/self-employed claims and adjustments use current regs.7–9; specified self-employed childcare claims use reg.14(4)–(6). A saved eligibility cohort does not make every old formula applicable. R41 must select entitlement and computation independently.,CDCA Current reg.19(3)–(5),https://sso.agc.gov.sg/Act/CDCSA2001?WholeDoc=1,2026-09-26,2021-11-01,,GAP,Current source audit (2026-10-03). Integrated: No distinct full-row integrated implementation established from current owned source; general native leave/benefit cash infrastructure does not establish the named clause.. Incomplete: Clause scope not fully integrated or established by current source audit: The named S 826/2021 employer/self-employed claims and adjustments use current regs.7–9; specified self-employed childcare claims use reg.14(4)–(6). A saved eligibility cohort does not make every old formula applicable. R41 must select entitlement and computation independently.. Required actual inputs/external operations remain genuine; no new verification.,,,,
SG-CD61,SG,leave,"Rg 1 calculation survives for specified adjustments: maternity confinement and EDD both before 1 January 2017, natural-father delivery and EDD both before that date, or adoption eligibility before it, including employers of those people. Reg.2B admissibility still applies. These are explicit saved cohorts, not a general mandate to price every repealed scheme.",CDCA Current reg.19(6)–(7); S 711/2016 regs.14–15,https://sso.agc.gov.sg/Act/CDCSA2001?WholeDoc=1,2026-09-26,2017-01-01,,GAP,"Current source audit (2026-10-03). Integrated: No distinct full-row integrated implementation established from current owned source; general native leave/benefit cash infrastructure does not establish the named clause.. Incomplete: Clause scope not fully integrated or established by current source audit: Rg 1 calculation survives for specified adjustments: maternity confinement and EDD both before 1 January 2017, natural-father delivery and EDD both before that date, or adoption eligibility before it, including employers of those people. Reg.2B admissibility still applies. These are explicit saved cohorts, not a general mandate to price every repealed scheme.. Required actual inputs/external operations remain genuine; no new verification.",,,,
SG-CD62,SG,leave,"Definitions, decision-makers, signed declarations/evidence and three-month allowance history. Direct maternity has (GP + employer CPF + net income)/365 × 56/112; the separate former-fixed-term branch uses (GP + employer CPF)/365 × [D − (A + B)], where D is 56/112 and the old A/B definitions apply. Fifteen-month claim deadline permits Director extension. These are historical calculations within SG-CD61's saved scope.",CDCA Revoked Rg 1 regs.1–4B,https://sso.agc.gov.sg/Act/CDCSA2001?WholeDoc=1,2026-09-26,2017-01-01,,GAP,"Current source audit (2026-10-03). Integrated: No distinct full-row integrated implementation established from current owned source; general native leave/benefit cash infrastructure does not establish the named clause.. Incomplete: Clause scope not fully integrated or established by current source audit: Definitions, decision-makers, signed declarations/evidence and three-month allowance history. Direct maternity has (GP + employer CPF + net income)/365 × 56/112; the separate former-fixed-term branch uses (GP + employer CPF)/365 × [D − (A + B)], where D is 56/112 and the old A/B definitions apply. Fifteen-month claim deadline permits Director extension. These are historical calculations within SG-CD61's saved scope.. Required actual inputs/external operations remain genuine; no new verification.",,,,
SG-CD63,SG,leave,"Twelve female-employee branches distinguish continuous calendar days from flexible workdays, first-two from later events, late citizenship and absence outside EA entitlement. Continuous formula uses (monthly gross + employer CPF) × 12/365; flexible uses × 12/(contract workdays/week × 52). First-two ordinary branches deduct 56 calendar days or eight weeks' workdays; other branches define their own eligible/capped days. Daily cap is S$10,000/28 calendar days or S$10,000/(four × weekly workdays). Final/interim deadlines and evidence remain scheme-specific. R41 historical selection.",CDCA Revoked Rg 1 reg.5,https://sso.agc.gov.sg/Act/CDCSA2001?WholeDoc=1,2026-09-26,2017-01-01,,PARTIAL,Integrated: maternity/adoption original statutory origin/document/service/notice/weekly/calendar/part-capacity grants in4SGleave versions; GPML/ADOPTION native reimbursement policies with65 qualified part rules per version; actual paid-money source and deadline/cap pipeline. Residual: employee gross+employerCPF statutory joint-cap consumer and female SPL2 original-source parts; original pre-Apr2025 PR adoption uses actual dependant-pass eligibility and parent citizenship sources; row-specific other scheme/transition scope remains. No fabricated paid original or claim-as-grant. Source implementation; no behavioral verification.,,,,
SG-CD64,SG,leave,"Male continuous-leave claim uses (monthly gross + employer CPF) × 12/365 × calendar days; flexible claim uses × 12/(weekly workdays × 52) × workdays. Daily cap is S$2,500/7 or S$2,500/weekly workdays respectively. Preserve historical declaration, receipt and interim/final deadlines; do not use the current workday formula for every saved continuous claim. R41.",CDCA Revoked Rg 1 reg.5A,https://sso.agc.gov.sg/Act/CDCSA2001?WholeDoc=1,2026-09-26,2017-01-01,,GAP,"Current source audit (2026-10-03). Integrated: No distinct full-row integrated implementation established from current owned source; general native leave/benefit cash infrastructure does not establish the named clause.. Incomplete: Clause scope not fully integrated or established by current source audit: Male continuous-leave claim uses (monthly gross + employer CPF) × 12/365 × calendar days; flexible claim uses × 12/(weekly workdays × 52) × workdays. Daily cap is S$2,500/7 or S$2,500/weekly workdays respectively. Preserve historical declaration, receipt and interim/final deadlines; do not use the current workday formula for every saved continuous claim. R41.; Exact short-day/table versus reimbursable-day weighting and historical computation/admission remain separate; no assumed240/300 equivalence or current-formula substitution.. Required actual inputs/external operations remain genuine; no new verification.",,,,
SG-CD65,SG,other,"Self-employed lost income must arise from cessation; assessed-period and three-month fallback income deduct continued income, with Board discretion on evidence. Former-SPL revocation/re-employment requires the specified grounds, timing and employer agreement. Records may be demanded; written disputes have a one-month window. Historical employer/claim interactions remain R11/R41; personal submission is external.","CDCA Revoked Rg 1 regs.6–8, including 6A",https://sso.agc.gov.sg/Act/CDCSA2001?WholeDoc=1,2026-09-26,2017-01-01,,EXTERNAL,"Self-employed lost income and former-SPL revocation are individual/government processes. Evidence: Selected `sg-shared-parental-allocation` probes; branch-complete proof open. Legacy status: No [IN-SYSTEM 2026-09-29]. Period: 2025-12+; exact amendment/saving dates not fully reconciled. Profile: Eligible parent/child cohort, employment or self-employment.",,,,
SG-CD66,SG,filing,Adjustment window is five years from the relevant last leave/cessation day; other direct-benefit claims use the day before the child's first birthday. Reg.2B states no extension power; ordinary claim-extension language must not be applied to it without authority. A saved formula does not reopen an expired window. R41 needs deadline validation and claim/review history; timely pending adjustments and historical reproduction remain distinct from new submissions.,"CDCA Current regs.2B, 3, 19",https://sso.agc.gov.sg/Act/CDCSA2001?WholeDoc=1,2026-09-26,2025-12-01,,EXTERNAL,"Adjustment window/deadline is claim administration. Evidence: Selected `sg-shared-parental-allocation` probes; branch-complete proof open. Legacy status: No [IN-SYSTEM 2026-09-29]. Period: 2025-12+; exact amendment/saving dates not fully reconciled. Profile: Eligible parent/child cohort, employment or self-employment.",,,,
SG-CD67,SG,other,"Old specified-father cohort and replacement January 2024 Scheme child cohort match. Read stale benefit reg.5 reference with the amended Act: 28 income days for that eligible live-birth/adoption cohort, otherwise 14; retain the Act's stillbirth exclusion. This is the documented interpretation in R41, supported by official current guidance; no regulator-specific clarification was obtained.","CDCA Former s.12HA(11); current ss.2, 12HA; Interpretation Act ss.9A, 15",https://sso.agc.gov.sg/Act/CDCSA2001?WholeDoc=1,2026-10-03,2024-01-01,,GAP,"Primary law and current official guidance support January2024 live-birth/certified-EDD/adoption cohort28 income days, otherwise14; stillbirth excludes28. Actual direct-income source kernel unions original work intervals and prices original income/CPF receipts with exact rational paid-leave offsets and caps; not yet a native positive benefit workflow. Residual: original source/receipt/offset admission and government decision/cash/recovery lifecycle plus dated cohort source activation. GPPL employer reimbursement is separately integrated and cannot substitute. No blanket external/source blocker; no verification.",src/lib/benefit-cases/direct-income.ts,,,
SG-CD68,SG,tax,Adds new SPL payments to self-employed individuals' taxable trade/business income. Direct self-employed receipts are not employer-paid wages by this deeming rule. Personal trade-income tax is outside employee payroll; R41 must retain payment recipient/type in employer records and offsets. The cross-reference was read; it does not establish a complete Income Tax Act review.,CDCA 2024 Amendment Act s.24; Income Tax Act s.10(26),https://sso.agc.gov.sg/Act/CDCSA2001?WholeDoc=1,2026-09-26,2025-04-01,,NOT-APPLICABLE,"Self-employed trade income; outside employee payroll. Evidence: Selected `sg-shared-parental-allocation` probes; branch-complete proof open. Open/why: Personal trade-income tax is external; employer payment-recipient and offset classification remain unverified. Legacy status: No [IN-SYSTEM 2026-09-29]. Period: 2025-12+; exact amendment/saving dates not fully reconciled. Profile: Eligible parent/child cohort, employment or self-employment.",,,,
SG-SDL01.singapore-service,SG,contribution,"Services wholly or partly in Singapore are within SDL, foreign employees included.",SDL Act 1979 s.2,https://sso.agc.gov.sg/Act/SDLA1979#pr2-,2026-09-26,2025-12-01,,VERIFIED,"Split from SG-SDL01 (2026-09-30). Verified by SG-CPF01-2, SG-SHG02-1 on 2026-09-29.",statutory_contributions:SDL.elections.sdl_service_scope; sdl_household_role; sdl_wholly_exclusive; sdl_nonbusiness; facts.sdl_individual_employer,SG SDL scope: ${name},SG-CPF01-2; SG-SHG02-1,2026-09-29
SG-SDL01.singapore-leave,SG,contribution,Leave attributable to earlier services in Singapore is within SDL.,SDL Act 1979 s.2,https://sso.agc.gov.sg/Act/SDLA1979#pr2-,2026-09-26,2025-12-01,,TESTED,Split from SG-SDL01 (2026-09-30). Golden-tested in five versions. SG-SDL01-1 passed in the R8 run 2026-09-30 (after the parent’s verified_at 2026-09-29).,statutory_contributions:SDL.elections.sdl_service_scope; sdl_household_role; sdl_wholly_exclusive; sdl_nonbusiness; facts.sdl_individual_employer,SG SDL scope: ${name},SG-SDL01-1,
SG-SDL01.outside-singapore,SG,contribution,Service wholly outside Singapore is outside SDL.,SDL Act 1979 s.2,https://sso.agc.gov.sg/Act/SDLA1979#pr2-,2026-09-26,2025-12-01,,TESTED,Split from SG-SDL01 (2026-09-30). Golden-tested in five versions. SG-SDL01-2 passed in the R8 run 2026-09-30 (after the parent’s verified_at 2026-09-29).,statutory_contributions:SDL.elections.sdl_service_scope; sdl_household_role; sdl_wholly_exclusive; sdl_nonbusiness; facts.sdl_individual_employer,SG SDL scope: ${name},SG-SDL01-2,
SG-SDL01.individual-household,SG,contribution,"A domestic servant, gardener or chauffeur wholly and exclusively employed by an individual, outside that individual’s business, is excluded.",SDL Act 1979 s.2,https://sso.agc.gov.sg/Act/SDLA1979#pr2-,2026-09-26,2025-12-01,,TESTED,Split from SG-SDL01 (2026-09-30). Golden-tested; gardener/chauffeur roles are unprobed; evidence records open. SG-SDL01-3 passed in the R8 run 2026-09-30 (after the parent’s verified_at 2026-09-29).,statutory_contributions:SDL.elections.sdl_service_scope; sdl_household_role; sdl_wholly_exclusive; sdl_nonbusiness; facts.sdl_individual_employer,SG SDL scope: ${name},SG-SDL01-3,
SG-SDL01.company-household-role,SG,contribution,The same household role employed by a company stays within SDL.,SDL Act 1979 s.2,https://sso.agc.gov.sg/Act/SDLA1979#pr2-,2026-09-26,2025-12-01,,TESTED,Split from SG-SDL01 (2026-09-30). Golden-tested. SG-SDL01-4 passed in the R8 run 2026-09-30 (after the parent’s verified_at 2026-09-29).,statutory_contributions:SDL.elections.sdl_service_scope; sdl_household_role; sdl_wholly_exclusive; sdl_nonbusiness; facts.sdl_individual_employer,SG SDL scope: ${name},SG-SDL01-4,
SG-SDL02.minimum,SG,contribution,The levy is at least $2 a month (wages under $800).,SDL Act 1979 ss.2–3,https://sso.agc.gov.sg/Act/SDLA1979#pr3-,2026-09-30,2025-12-01,,VERIFIED,"Split from SG-SDL02 (2026-09-30). Verified by SG-SDL02-1, SG-CPF17-1 on 2026-09-29.",statutory_contributions:SDL,"SG audit — SDL: the $2 minimum under $800, 0.25% between, the $11.25 maximum over $4,500",SG-SDL02-1; SG-CPF17-1,2026-09-29
SG-SDL02.rate,SG,contribution,Between the minimum and the cap the levy is 0.25% of the month’s wages.,SDL Act 1979 ss.2–3,https://sso.agc.gov.sg/Act/SDLA1979#pr3-,2026-09-30,2025-12-01,,TESTED,Split from SG-SDL02 (2026-09-30). Golden-tested. SG-SHG03-17 pending the test phase.,statutory_contributions:SDL,"SG audit — SDL: the $2 minimum under $800, 0.25% between, the $11.25 maximum over $4,500",SG-SHG03-17,
SG-SDL02.cap,SG,contribution,"Wages above $4,500 a month are not chargeable ($11.25 maximum).",SDL Act 1979 ss.2–3,https://sso.agc.gov.sg/Act/SDLA1979#pr3-,2026-09-30,2025-12-01,,VERIFIED,"Split from SG-SDL02 (2026-09-30). Verified by SG-CPF21-1 on 2026-09-29. SG-SHG03-45, SG-SHG03-46 pending the test phase.",statutory_contributions:SDL,"SG audit — SDL: the $2 minimum under $800, 0.25% between, the $11.25 maximum over $4,500",SG-CPF21-1; SG-SHG03-45; SG-SHG03-46,2026-09-29
SG-SDL02.bonus,SG,contribution,Bonuses and allowances paid in the month are wages of that month.,SDL Act 1979 ss.2–3,https://sso.agc.gov.sg/Act/SDLA1979#pr3-,2026-09-30,2025-12-01,,VERIFIED,"Split from SG-SDL02 (2026-09-30). Verified by SG-CPF17-7, SG-CPF21-1 on 2026-09-29.",statutory_contributions:SDL,SG audit — a bonus is inside the SDL and SHG total wages and is an Additional Wage for CPF,SG-CPF17-7; SG-CPF21-1,2026-09-29
SG-SDL02.no-wages,SG,contribution,"No levy is charged where no wages are paid or payable, including leave without wages.",SDL Act 1979 ss.2–3,https://sso.agc.gov.sg/Act/SDLA1979#pr3-,2026-09-30,2025-12-01,,TESTED,"Split from SG-SDL02 (2026-09-30). Golden-tested; leave with no wages paid or payable is unprobed. SG-EA10-5 pending the test phase. Probe(s) SG-SDL02-2 added 2026-09-30, pending the test phase.",statutory_contributions:SDL,SG SDL charges no levy when no wages are payable,SG-EA10-5; SG-SDL02-2,
SG-SDL02.notice-pay,SG,contribution,Salary in lieu of notice is inside the SDL wages.,SDL Act 1979 ss.2–3,https://sso.agc.gov.sg/Act/SDLA1979#pr3-,2026-09-30,2025-12-01,,TESTED,Split from SG-SDL02 (2026-09-30). Golden-tested. SG-EA05-1 pending the test phase.,statutory_contributions:SDL,"SG salary in lieu of notice is outside CPF and the SHG funds, inside SDL",SG-EA05-1,
SG-SDL02.foreign-currency,SG,contribution,Foreign-currency wages convert to SGD at a published rate of a major local bank.,SDL Act 1979 ss.2–3,https://sso.agc.gov.sg/Act/SDLA1979#pr3-,2026-09-30,2025-12-01,,PARTIAL,Current source audit (2026-10-03). Integrated: Actual major-local-bank dated rate and foreign wage evidence prices standalone SDL SGD assessment; generic remittance supports source assessments.. Incomplete: Native dual-currency wage payroll/source cash reconciliation is not implemented; standalone source assessment is not complete foreign wage payroll.. foreign-currency. Required actual inputs/external operations remain genuine; no new verification.,statutory_contributions:SDL,,,
SG-SDL03,SG,contribution,"qualifying medical, dental and TCM reimbursements due from 15 June 2023 for an employee or a defined dependant are outside SDL wages.","2023 excluded-payments notification, paras.2–3",https://sso.agc.gov.sg/SL/SDLA1979-S375-2023#pr3-,2026-09-26,2023-06-15,,TESTED,"Qualifying exclusion, due-date selection and refusals tested; practitioner/relationship documents are employer evidence. Disposition: Qualifying amount branch implemented, broader obligation open: five replacement sealed SG versions from December 2025 carry `MEDICAL_TREATMENT_REIMBURSEMENT` as a `NET` claim excluded from SDL/CPF. `claim_requests.due_on` saves the due date and `claim_requests.facts` (declared by the row's `request_facts`) the actual expense, patient and dated recognised relationship, treatment and practitioner facts; receipt is required. The catalogue’s `qualifies_when` refuses a mismatch at collection admission and at payroll measurement. Focused cases across all five periods pay SGD100 without moving the SGD3,000 SDL base or SGD7.50 charge; aesthetic treatment, unqualified practitioner, excess claim, non-dependant, ended foster relationship and expense after due date refuse. Still open: independent verification of practitioner/relationship evidence; nonqualifying cash reimbursement characterisation and wage month; tax reporting; actual database write/read/output proof. `bolt check` and bank build passed on 26 September 2026 after the concurrent page change; a saved database write/read/output probe remains open. Evidence: Selected `sg-sdl-remittance` / medical probes; branch-complete proof open. Legacy status: No [PROBE 2026-09-29]. Period: From 2023-06-15; medical claim due in requested period. Profile: Employer and SG-service employee; stated exemptions. Implementation seam: a catalogue band mismatch still captures/skips a claim, so statutory qualification is a separate qualifies_when expression; run and collection write both refuse a false result. claim_requests.due_on selects the economic date, incurred_on stays the expense date; expense must be no later than due; manual pay-period override rejected; a REQUIRED receipt is checked at admission and measurement. The public seed cloned the five operative versions with a sourced claim row (old versions voided). 53/53 claim plus SG golden/audit tests, 25 claim/admission/regular-payroll probes and 102 ID/MY/PH golden probes passed on 26 Sep; five nonoverlapping active periods and unique row IDs. Known UI defect: the claim-requests view filters by expense date, so a claim due later may appear in the earlier month (fix after the page migration). Annual IR8A/AIS classification is SG-TAX-MED01. 2026-09-30 (F16): admission judges the declared `request_facts` before `qualifies_when`, so a claim missing a treatment input (e.g. details sent outside `facts`) is refused by that input's label (""Amount actually incurred is required before calculation""), not by an anonymous qualification failure; pay-request-rules.test.ts ""a claim missing a declared input is refused by the input it lacks"". The reported reading-trim crash did not reproduce against current source (band `when` is a required string in catalogue_band); it was observed only on a live serve (probe FINDINGS #8) and its site is unconfirmed.",claim_catalogue:MEDICAL_TREATMENT_REIMBURSEMENT; claim_catalogue:MEDICAL_TREATMENT_REIMBURSEMENT.request_facts,qualified medical reimbursement follows payment due and stays outside CPF and SDL wages,,
SG-SDL04A,SG,contribution,a matriculated or registered student of one of the 12 named local institutions employed for training approved by that institution.,SDL Act 1979 s.4 and 2014 Exemption Order para.2(1)(a),https://sso.agc.gov.sg/Act/SDLA1979#pr4-,2026-09-26,2014-01-01,,TESTED,"Listed-institution exemption with evidence references tested; midmonth change refuses. Disposition: Month-consistent amount branch implemented in five replacement sealed versions: the SDL election now distinguishes `NONE`, local tertiary, overseas tertiary and school holiday; a local exemption requires a named listed institution, confirmed student standing and institution-approved training with separate evidence references. The 12 named institution options match the Order exactly (plus `OTHER`); listed and unlisted institutions, missing standing/approval/reference, `INTERN` without qualification, absent class and midmonth status change have direct payroll probes. 36/36 focused SDL and 118/118 SG golden/audit/election/drift probes passed; `bolt check` and bank build passed. Still open: independently verify the cited evidence and exact training/standing dates; a midmonth change refuses pending a sourced month-allocation rule. Do not count this as complete student-exemption coverage. Evidence: Selected `sg-sdl-remittance` / medical probes; branch-complete proof open. Legacy status: No [IN-SYSTEM 2026-09-29]. Period: 2014 Order in force by 2025-12; 2026-07 Agency change where relevant. Profile: Employer and SG-service employee; stated exemptions. Other sources: https://sso.agc.gov.sg/SL/SDLA1979-S258-2014#pr2-",statutory_contributions:SDL.elections.sdl_student_class; sdl_local_institution; sdl_local_student_confirmed; sdl_local_training_approved,SG SDL local student: ${name},,
SG-SDL04B,SG,contribution,overseas tertiary student required by the institution to train in Singapore for no more than six months; employer must submit an institution letter confirming standing and compulsory training.,"SDL (Exemption) Order 2014 paras.2(1)(b), 2(2)",https://sso.agc.gov.sg/SL/SDLA1979-S258-2014#pr2-,2026-09-30,2014-01-01,,PARTIAL,Current source audit (2026-10-03). Integrated: Dated institution/student/intern/holiday scope predicates and actual native source-context partitions; selected scheme exemptions retained independently.. Incomplete: Distinct capped/base and mixed original source classes need lawful allocation; full dated qualifying class/source coverage not established by bounded selector transport.. Required actual inputs/external operations remain genuine; no new verification.,statutory_contributions:SDL.elections.sdl_student_class,SG SDL ${studentClass} refuses pending its distinct exemption mechanism,,
SG-SDL04C,SG,contribution,"registered student of a school under the Education Act, employed during gazetted school holidays, except a student who completed A-level examinations.",SDL (Exemption) Order 2014 para.2(1)(c),https://sso.agc.gov.sg/SL/SDLA1979-S258-2014#pr2-,2026-09-30,2014-01-01,,PARTIAL,Current source audit (2026-10-03). Integrated: Dated institution/student/intern/holiday scope predicates and actual native source-context partitions; selected scheme exemptions retained independently.. Incomplete: Distinct capped/base and mixed original source classes need lawful allocation; full dated qualifying class/source coverage not established by bounded selector transport.. Required actual inputs/external operations remain genuine; no new verification.,statutory_contributions:SDL.elections.sdl_student_class,SG SDL ${studentClass} refuses pending its distinct exemption mechanism,,
SG-SDL05,SG,filing,"compute and pay within 14 days after month end; keep the specified per-employee payroll register in safe custody. The SSG's SDL NOA 2023 FAQ, pp.4 and 14 (https://file.go.gov.sg/sdl-noa2023faqs.pdf) enumerates full name, gender, age, address, identity number, employment nature, wage rate/amount and start/end dates, with CPF Forms 90/90A as possible payment evidence.",SDL Regulations regs.3–4,https://sso.agc.gov.sg/SL/SDLA1979-RG2#pr3-,2026-09-26,2025-12-01,,EXTERNAL-RECORDED,"Configured 2026-10-01 (Phase 2): duty type SDL_REMITTANCE raises one instance per finalised run carrying an SDL remittance, due 14 days after the month, with the run’s floored payable as amount_due. Not built: the prescribed register export and its retention. the instance is raised by the obligation_calendar sweep, so the probe needs the harness to run that sweep before its `saved` oracle is read; probe pending the Prove phase.",duty_types:SDL_REMITTANCE; obligations:SDL_REMITTANCE,SG payroll run write includes the separate SDL remittance payable,SG-OBL-1,
SG-SDL06,SG,other,receivers or fiduciaries for incapacitated persons and agents/managers of non-resident employers can be answerable.,SDL Regulations regs.6–7,https://sso.agc.gov.sg/SL/SDLA1979-RG2#pr6-,2026-09-26,2025-12-01,,EXTERNAL,Receiver/agent liability is external. Disposition: External scope open: identify accountable actor and keep notice/payment evidence where those profiles occur; no employee-pay formula. Evidence: Selected `sg-sdl-remittance` / medical probes; branch-complete proof open. Legacy status: No [EXTERNAL 2026-09-29]. Period: 2025-12+; exact amendment/saving dates not fully reconciled. Profile: Employer and SG-service employee; stated exemptions.,,,,
SG-SDL07,SG,other,"Agency assessments for nonpayment/shortfall; written objection within two months of service, specified grounds, possible extension and continued liability absent Agency agreement.",SDL Regulations regs.8–11,https://sso.agc.gov.sg/SL/SDLA1979-RG2#pr8-,2026-09-26,2025-12-01,,EXTERNAL,"Agency assessments/objections are external. Disposition: External order path open: assessment/objection dates, amount, decision and settlement evidence must be captured; a payroll recalculation does not automatically amend an Agency assessment. Evidence: Selected `sg-sdl-remittance` / medical probes; branch-complete proof open. Legacy status: No [EXTERNAL 2026-09-29]. Period: 2025-12+; exact amendment/saving dates not fully reconciled. Profile: Employer and SG-service employee; stated exemptions.",,,,
SG-SDL08,SG,filing,"10% annual late-payment penalty subject to extension/remission; overpayment refund or certified set-off requires an approved written application within six years after the month and supporting information. The SSG's SDL NOA 2023 FAQ, pp.16–17 (https://file.go.gov.sg/sdl-noa2023faqs.pdf) describes period/amount, payment receipts, all-employee payroll register and refund-account evidence in a prescribed submission format.",SDL Regulations regs.12–13,https://sso.agc.gov.sg/SL/SDLA1979-RG2#pr12-,2026-09-26,2025-12-01,,EXTERNAL,"Late penalty, refund and set-off are Agency processes; a negative month balance refuses. Disposition: Open: paid ledger, approved extension, refund application, current prescribed evidence/format, certificate and set-off path. R31 refuses a negative month balance until it can be reconciled under this procedure. The FAQ's 2023 payment instructions must be rechecked before use after the 2026 Agency change. Evidence: Selected `sg-sdl-remittance` / medical probes; branch-complete proof open. Legacy status: No [SOURCE 2026-09-29]. Period: 2025-12+; exact amendment/saving dates not fully reconciled. Profile: Employer and SG-service employee; stated exemptions.",,,,
SG-SDL09,SG,other,"offences for register/address failures, service of notices, written address changes and Agency remission.",SDL Regulations regs.14–18,https://sso.agc.gov.sg/SL/SDLA1979-RG2#pr14-,2026-09-26,2025-12-01,,EXTERNAL,"Offences, notices and remission are external. Disposition: External evidence open: address-change and notice-service records; fines are enforcement consequences, not ordinary wage entries. Evidence: Selected `sg-sdl-remittance` / medical probes; branch-complete proof open. Legacy status: No [EXTERNAL 2026-09-29]. Period: 2025-12+; exact amendment/saving dates not fully reconciled. Profile: Employer and SG-service employee; stated exemptions.",,,,
SG-SDL10,SG,other,"false return/record offences, authorised inspections, information and document demands, obstruction, composition and prosecution.","Act ss.11, 14–18",https://sso.agc.gov.sg/Act/SDLA1979#pr11-,2026-09-26,2025-12-01,,EXTERNAL,Inspection and offences are external. Disposition: External response/evidence open: preserve accurate registers and respond to lawful demands; penalties do not replace levy liability. Evidence: Selected `sg-sdl-remittance` / medical probes; branch-complete proof open. Legacy status: No [EXTERNAL 2026-09-29]. Period: 2025-12+; exact amendment/saving dates not fully reconciled. Profile: Employer and SG-service employee; stated exemptions.,,,,
SG-SDL11,SG,other,up-to-12-month levy priority in specified bankruptcy/winding-up cases.,Act s.24,https://sso.agc.gov.sg/Act/SDLA1979#pr24-,2026-09-26,2025-12-01,,EXTERNAL,Insolvency priority; no routine payslip amount. Disposition: External insolvency profile: record as an obligation when an employing entity enters that process; no routine payslip amount. Evidence: Selected `sg-sdl-remittance` / medical probes; branch-complete proof open. Legacy status: No [EXTERNAL 2026-09-29]. Period: 2025-12+; exact amendment/saving dates not fully reconciled. Profile: Employer and SG-service employee; stated exemptions.,,,,
SG-SDL12,SG,other,"Fund creation, grants, Agency administration/investment, ministerial directions and regulation-making.","Act ss.5–10, 19–21, 25 and Prescribed Purposes Regulations",https://sso.agc.gov.sg/Act/SDLA1979,2026-09-26,2025-12-01,,NOT-APPLICABLE,Fund/Agency administration; does not waive ss.2–3 liability. Disposition: Excluded from employer payroll calculation with source scope: these govern the Fund/Agency. They do not waive an employer's ss.2–3 liability. Repealed ss.12–13 and 22–23 are retained as historical dispositions. Evidence: Selected `sg-sdl-remittance` / medical probes; branch-complete proof open. Open/why: Fund/Agency powers produce no employer-pay amount; Gazette changes and instrument-disposition closure remain unverified. Legacy status: No [EXTERNAL 2026-09-29]. Period: 2025-12+; exact amendment/saving dates not fully reconciled. Profile: Employer and SG-service employee; stated exemptions. Other sources: https://sso.agc.gov.sg/SL/SDLA1979-RG1,,,,
SG-SDL03A,SG,contribution,"A SGD100 reimbursement due in April 2026 for a worker’s qualifying necessary treatment, against SGD3,000 other SDL wages: exclude SGD100; SDL stays SGD7.50. Change practitioner qualification, necessity or solely aesthetic purpose separately.",SDL excluded-payments notification paras.2–3,https://sso.agc.gov.sg/SL/SDLA1979-S375-2023?DocDate=20230614,2026-09-26,2023-06-15,,TESTED,"Qualifying case and failed predicates tested. Disposition: Priced for the qualifying case: five dated versions pay the claim outside the SDL/CPF bases; the focused production path rejects the tested failed predicates. Practitioner qualification is declared with a reference, not independently verified from a regulator register. Dental-hygiene and overseas-treatment evidence still need their own independent source-to-output cases. Evidence: `sg-medical-reimbursement` qualifying/refusal probes across five active versions. Open/why: Practitioner register, dental-hygiene, overseas treatment and independently checked receipt evidence remain open. Legacy status: No [IN-SYSTEM 2026-09-29]. Period: From 2023-06-15; qualifying due date in each claim. Profile: Employee receiving medical, dental or TCM reimbursement. Medical branch inventory: the SDL notification (https://sso.agc.gov.sg/SL/SDLA1979-S375-2023?DocDate=20230614&ViewType=Within) requires an amount actually incurred, qualifying medical/dental/TCM treatment (not solely aesthetic), a locally registered or overseas legally qualified practitioner, and employee or defined dependant status when payment becomes due; the CPF notification uses the same predicates; dependant includes legally recognised spouse, natural/stepchild and child under recognised adoption, guardianship or foster care. SDL commenced 15 June 2023, CPF 1 January 2020.",claim_catalogue:MEDICAL_TREATMENT_REIMBURSEMENT.qualifies_when; claim_catalogue:MEDICAL_TREATMENT_REIMBURSEMENT.request_facts,a mismatched treatment or dependant is refused at collection admission and in the run,,
SG-SDL03B,SG,contribution,"A defined dependant must have the qualifying relationship when reimbursement becomes due, even if treatment/expense occurred earlier. Legally recognised spouse, natural/stepchild, adoption, guardianship and foster care require separate evidence. A parent is outside the notification’s dependant definition.",SDL excluded-payments notification paras.2–3,https://sso.agc.gov.sg/SL/SDLA1979-S375-2023?DocDate=20230614,2026-09-26,2023-06-15,,TESTED,"Relationship-at-due-date predicate tested. Disposition: Dated predicate implemented for the qualifying class: `due_on`, `relationship_from/through` and recognition are saved; a foster relationship ending the day before due refuses, and one lasting through due pays. Open: source-document verification, all relationship classes and changes between treatment, expense, approval and due; determine whether each non-excluded cash reimbursement is s.2 wages rather than assuming it. Evidence: `sg-medical-reimbursement` foster-end-date probe; other classes open. Open/why: All relationship classes, source-document checks and non-excluded cash wage treatment remain open. Legacy status: No [IN-SYSTEM 2026-09-29]. Period: From 2023-06-15; relationship assessed when payment due. Profile: Recognised spouse or qualifying child dependant at due date.",claim_catalogue:MEDICAL_TREATMENT_REIMBURSEMENT.qualifies_when; claim_catalogue:MEDICAL_TREATMENT_REIMBURSEMENT.request_facts,medical claim inputs require a positive incurred amount and relationship evidence,,
SG-CPF-MED01,SG,contribution,"the current qualifying treatment, practitioner, dependant and payment-due-date predicates match the SDL notification; CPF’s exclusion began 1 January 2020, SDL’s 15 June 2023. The CPF Board’s shorter guidance (https://www.cpf.gov.sg/service/article/are-cpf-contributions-payable-on-reimbursements-of-employee-flexible-benefits) does not replace the notification’s detailed child and marriage definitions.",CPF Act s.2(1) and CPF Wages — Excluded Payments Notification 2019 paras.2–3,https://sso.agc.gov.sg/Act/CPFA1953?ProvIds=pr2-.,2026-09-26,2020-01-01,,TESTED,"CPF exclusion of a qualifying claim tested in five versions. Disposition: Qualifying amount branch implemented in the same five sealed versions: a SGD100 qualified claim leaves CPF wages at SGD3,000 and employee/employer shares at SGD600/510 in each period; tested invalid classes refuse before they can take this exclusion. Open: independent evidence verification, remaining beneficiary/treatment boundaries, nonqualifying cash reimbursement treatment and real database/output proof. Evidence: `sg-medical-reimbursement` five-period amount/refusal probes. Open/why: Independent evidence, remaining beneficiary/treatment boundaries, nonqualifying cash and saved output remain open. Legacy status: No [PROBE 2026-09-29]. Period: From 2020-01-01; payment due from 2025-12 in scope. Profile: Employee or qualifying dependant receiving treatment reimbursement. Other sources: https://sso.agc.gov.sg/SL/CPFA1953-N12?DocDate=20251217",claim_catalogue:MEDICAL_TREATMENT_REIMBURSEMENT; claim_catalogue:MEDICAL_TREATMENT_REIMBURSEMENT.request_facts,qualified medical reimbursement follows payment due and stays outside CPF and SDL wages,,
SG-TAX-MED01,SG,tax,"medical reimbursement for employee/spouse/children is non-taxable under the availability-to-all concession, including qualified policy variations; other dependants and non-medical personal expenses are taxable. IRAS flexible-benefits guidance (https://www.iras.gov.sg/taxes/individual-income-tax/employers/understanding-the-tax-treatment/tax-principles-and-flexible-benefits) requires taxable items to be tracked for Form IR8A, and IRAS reporting guidance (https://www.iras.gov.sg/taxes/individual-income-tax/employers/auto-inclusion-scheme-%28ais%29-for-employment-income/reporting-employee-earnings-%28ir8a-appendix-8a-appendix-8b%29) gives the annual filing/output obligation. Probe two otherwise identical qualifying medical claims with and without a qualifying employer-wide policy: their SDL/CPF exclusions remain the same while their annual tax-reporting treatment changes.",IRAS medical/dental guidance,https://www.iras.gov.sg/taxes/individual-income-tax/employers/understanding-the-tax-treatment/medical-and-dental-care,2026-09-26,2025-12-01,,PARTIAL,"Current source audit (2026-10-03). Integrated: MEDICAL facts distinguish employee/spouse/children/other dependant, medical versus personal class, availability-to-all and qualified policy variation; generic evaluator/reporting exists.. Incomplete: No exact claim_requests fiscal source identity/amount binding in current IncomeEvent/request-income-source contract. Whole component replacement is unique; mixed same-component qualifying/nonqualifying claim ownership remains missing. No probe run.; No exact claim_requests fiscal source identity/amount binding in current IncomeEvent/request-income-source contract. Whole component replacement is unique; mixed same-component qualifying/nonqualifying claim ownership remains missing. No probe run.. Required actual inputs/external operations remain genuine; no new verification.",payroll.income_return.items; payroll.income_return.classes,,,
SG-HR01,SG,records,Give written prescribed key terms within 14 days of employment start and retain changes/receipt.,EA s.95A and KET guidance; SG-EA37/SG-SL07,https://www.mom.gov.sg/employment-practices/contract-of-service,2026-09-26,2016-04-01,,EXTERNAL-RECORDED,"Configured 2026-10-01 (Phase 2): duty type KEY_EMPLOYMENT_TERMS raises one instance per hire employed 14 days or more, due 14 days after the start, fulfilled with the KET document reference and issue day. Not checked: the prescribed field set of the issued document. the instance is raised by the obligation_calendar sweep, so the probe needs the harness to run that sweep before its `saved` oracle is read; probe pending the Prove phase.",duty_types:KEY_EMPLOYMENT_TERMS; obligations:KEY_EMPLOYMENT_TERMS,,SG-OBL-1,
SG-HR02,SG,records,"Include rate, hours/days/pieces, period, all allowances, deductions, OT and net amount; issue with pay or within allowed delay, and with final salary on exit.",EA s.96 and itemised payslip guidance; SG-EA37/SG-SL07,https://www.mom.gov.sg/employment-practices/salary/itemised-payslips,2026-09-26,2016-04-01,,PARTIAL,"Current source audit (2026-10-03). Integrated: Native identity/terms/work/leave/pay captures and itemized payroll reports retained; generated payslip contains source components.. Incomplete: No complete prescribed all-field KET/payslip issuance/delivery clock, actual exceptional delay evidence, final-pay/setoff and former-worker retention/access lifecycle. Indefinite database storage/report exports alone do not prove the whole prescribed record scope.. Required actual inputs/external operations remain genuine; no new verification.",obligations:ITEMISED_PAYSLIP,"the payslip PDF states every Third Schedule particular in sections, deductions signed",,
SG-HR03,SG,records,"Preserve identity, address, pass, hours/breaks, leave, holidays and pay records; current latest two years and former last two years for one year after exit.",EA s.95 and MOM records guidance; SG-EA37/SG-SL07,https://www.mom.gov.sg/employment-practices/employment-records,2026-09-26,2016-04-01,,PARTIAL,"Current source audit (2026-10-03). Integrated: Native identity/terms/work/leave/pay captures and itemized payroll reports retained; generated payslip contains source components.. Incomplete: No complete prescribed all-field KET/payslip issuance/delivery clock, actual exceptional delay evidence, final-pay/setoff and former-worker retention/access lifecycle. Indefinite database storage/report exports alone do not prove the whole prescribed record scope.. Required actual inputs/external operations remain genuine; no new verification.",obligations:EMPLOYEE_AND_SALARY_RECORDS,,,
SG-HR04,SG,wages,"Pay regular salary within seven days and overtime within fourteen; apply final-pay, tax-hold and permitted payment-route deadlines.",EA ss.20–25 and MOM salary guidance; SG-EA09–12,https://www.mom.gov.sg/employment-practices/salary/paying-salary,2026-09-26,2025-12-01,,EXTERNAL-RECORDED,"Configured 2026-10-01 (Phase 2): the salary-payment deadline is duty type SALARY_PAYMENT_DEADLINE (see SG-EA09); final pay stays payroll.final_pay_deadlines. Not raised: the overtime 14-day deadline. the instance is raised by the obligation_calendar sweep, so the probe needs the harness to run that sweep before its `saved` oracle is read; probe pending the Prove phase.",duty_types:SALARY_PAYMENT_DEADLINE; payroll.final_pay_deadlines,,SG-OBL-1,
SG-HR05,SG,other,"Buy/renew designated-insurer WIC policy, accurately declare occupation/headcount and check statutory cover.",WICA insurance guidance,https://www.mom.gov.sg/workplace-safety-and-health/work-injury-compensation/work-injury-compensation-insurance,2026-09-26,2025-12-01,,EXTERNAL,"WIC insurance purchase is an employer act. Evidence: Seed names external obligation; no policy register or coverage selector. Open/why: Wage/class threshold, insurer/policy dates, exceptions and coverage evidence not assessed per worker. Legacy status: No [IN-SYSTEM 2026-09-29]. Period: 2025-12+ threshold to verify against dated instrument; manual workers at any wage, nonmanual workers at current published SGD2,600-or-less base; local or foreign.",obligations:WORK_INJURY_COMPENSATION_INSURANCE,,,
SG-HR06,SG,filing,Notify fatal cases promptly and report within ten days of accident; nonfatal report within ten days of employer's first notice; later death needs immediate notice.,WSH Incident Reporting Regulations and MOM reporting guide,https://www.mom.gov.sg/workplace-safety-and-health/work-accident-reporting/what-and-when-to-report,2026-09-26,2025-12-01,,EXTERNAL,"Incident reporting to MOM is an employer filing. Evidence: WICA accident facts and deadline/report output absent. Open/why: Trigger class, first-notice date, submitter, submitted report and acknowledgement require a saved case workflow. Legacy status: No [IN-SYSTEM 2026-09-29]. Period: 2025-12+; employer/occupier/doctor according to fatal, nonfatal, dangerous occurrence or disease class.",,,,
SG-HR07,SG,other,"Assess and control work hazards, communicate safe procedures, train/supervise workers, keep risk register and review it when operations or incidents change.",WSH Act employer duties and Risk Management Regulations guidance,https://www.mom.gov.sg/workplace-safety-and-health/workplace-safety-and-health-act/responsibilities-of-stakeholders,2026-09-26,2025-12-01,,EXTERNAL,"WSH risk management is an employer process. Evidence: External HR/WSH process; no risk or training evidence captured by payroll. Open/why: Workplace scope, industry-specific duties, dated risk assessment, control and training records are unverified. Legacy status: No [EXTERNAL 2026-09-29]. Period: 2025-12+; employer/workplace, subject to workplace and industry instruments. Other sources: https://www.mom.gov.sg/workplace-safety-and-health/safety-and-health-management-systems/risk-management",,,,
SG-HR08,SG,other,"Verify valid pass, job/sector, quotas/LQS, levy, renewal and expiry; retain permits and paid bills.",Employment of Foreign Manpower Act/work-pass rules and LQS; SG-LQS01/SG-FWL01,https://www.mom.gov.sg/passes-and-permits,2026-09-26,2025-12-01,,EXTERNAL,"Work-pass validity, quota and renewal are MOM/employer processes. Evidence: Pass and worker data exist; no complete dated selection/output. Open/why: Permit/status, quotas, pass conditions, wage-floor and employer levy mechanisms are unproved. Legacy status: No [IN-SYSTEM 2026-09-29]. Period: 2025-12+, revised LQS from 2026-07-01; pass holder/hiring employer. Other sources: https://www.mom.gov.sg/employment-practices/progressive-wage-model/local-qualifying-salary",obligations:WORK_PASS_AND_LOCAL_QUALIFYING_SALARY,,,
SG-HR09,SG,filing,"Notify MOM within five working days of notice; preserve contract, reason, breakdown, benefit and assistance details.",EA s.96A and retrenchment notification rules; SG-EA38/SG-SL30,https://www.mom.gov.sg/employment-practices/retrenchment/mandatory-retrenchment-notifications,2026-09-26,2021-11-01,,EXTERNAL,"Retrenchment notification is an employer filing. Evidence: Source disposition exists; no complete generated report/acknowledgement. Open/why: Headcount at notice, worker/contract class, holiday clock and submission evidence lack saved probes. Legacy status: No [IN-SYSTEM 2026-09-29]. Period: From 2021-11-01; SG-registered employer with at least ten workers when affected employee receives notice.",obligations:RETRENCHMENT_NOTIFICATION_AND_BENEFIT,,,
SG-HR10,SG,other,"Assess service, performance and fitness; offer suitable re-employment, transfer agreed obligation or pay EAP.",RRA and MOM re-employment guidance,https://www.mom.gov.sg/employment-practices/re-employment,2026-09-29,2025-12-01,,PARTIAL,"Current source audit (2026-10-03). Integrated: Actual retirement/cohort boundary checks and EAP decision/fitness/performance/service/gross/comparator authoring plus native priced award.. Incomplete: Complete suitable-offer/search/acceptance/refusal, agreed transfer of obligation and actual final EAP cash/instalment/correction lifecycle not integrated.. Required actual inputs/external operations remain genuine; no new verification.",obligations:RETIREMENT_AND_RE_EMPLOYMENT,SG — the retirement register reads 63 / 68 on 30 June 2026 and 64 / 69 on 1 July,,
SG-HR11,SG,leave,Pay qualifying employee leave and submit separate Government reimbursement by scheme-specific deadline with evidence.,CDCA and Government-Paid Leave portal; SG-CD01–68,https://www.profamilyleave.msf.gov.sg/,2026-09-26,2025-12-01,,GAP,"Current source audit (2026-10-03). Integrated: No distinct full-row integrated implementation established from current owned source; general native leave/benefit cash infrastructure does not establish the named clause.. Incomplete: Current leave money/native benefit cash exist, but actual country GPML/GPPL/SPL/adoption/childcare claims with complete original gross/eligible employer CPF/month allowance sources and scheme-specific submitted decisions/received cash reconciliation are candidate-only or missing. Frozen73/19 have no adoption receipt; portal submission itself requires actual external evidence.. Required actual inputs/external operations remain genuine; no new verification.",obligations:GOVERNMENT_PAID_LEAVE_AND_NS_CLAIMS,,,
SG-HR12,SG,other,"Release employee; record call-up and ordinary civilian income, review the automatically computed make-up pay, appeal with evidence if needed, or use the employer direct-reimbursement arrangement where elected.",Enlistment Act and MINDEF automated make-up-pay guidance,https://www.mindef.gov.sg/news-and-events/latest-releases/26oct25-mq/,2026-09-26,2025-12-01,,EXTERNAL,"MINDEF make-up pay review/appeal is external. Evidence: Seed marks external duty; no verified review/appeal/direct-reimbursement path. Open/why: Call-up dates, income basis, payment recipient, automated award, adjustment and employer-paid offset are unverified. Legacy status: No [EXTERNAL 2026-09-29]. Period: 2025-12+; NSman employee called to Operationally Ready NS.",obligations:GOVERNMENT_PAID_LEAVE_AND_NS_CLAIMS; leave_catalogue:NS_LEAVE,,,
SG-HR13,SG,other,"Notify employment purposes, use permitted consent or exception and limit use to reasonable purposes.",PDPA ss.13–20 and PDPC employment guidance.pdf>),https://www.pdpc.gov.sg/-/media/files/pdpc/pdf-files/advisory-guidelines/ag-on-selected-topics/advisory-guidelines-on-the-pdpa-for-selected-topics-(revised-may-2024,2026-09-26,2025-12-01,,EXTERNAL,"PDPA notice/consent is an organisation duty. Evidence: Payroll holds sensitive employee facts; notice/consent evidence external. Open/why: Dated purpose notices, exception selection, consent/withdrawal and downstream use records not proved. Legacy status: No [EXTERNAL 2026-09-29]. Period: 2025-12+; applicant/employee data collection, use or disclosure.",obligations:PDPA_CONSENT_PURPOSE_NOTIFICATION,,,
SG-HR14,SG,other,"Log request, give access/correct data, keep payroll input accurate and meet response clocks.",PDPA ss.21–23 and access/correction rules,https://sso.agc.gov.sg/Act/PDPA2012,2026-09-26,2025-12-01,,EXTERNAL,"Access/correction requests are an organisation duty. Evidence: No verified request workflow. Open/why: Request date, identity, disclosure history, correction propagation and response evidence absent. Legacy status: No [EXTERNAL 2026-09-29]. Period: 2025-12+; personal-data access/correction request or decision.",obligations:PDPA_ACCESS_CORRECTION_ACCURACY,,,
SG-HR15,SG,other,"Protect payroll, identity, bank and medical data with reasonable security arrangements.",PDPA s.24,https://sso.agc.gov.sg/Act/PDPA2012,2026-09-26,2025-12-01,,EXTERNAL,"Security arrangements need a separate security audit. Evidence: System controls require separate security audit; seed says external. Open/why: Data-flow, access, encryption, processor and incident-control evidence not independently reviewed. Legacy status: No [EXTERNAL 2026-09-29]. Period: 2025-12+; all employee personal data held by employer or processor.",obligations:PDPA_PROTECTION,,,
SG-HR16,SG,records,Cease retaining or anonymise data when purpose and lawful business/legal retention end.,PDPA s.25,https://sso.agc.gov.sg/Act/PDPA2012,2026-09-26,2025-12-01,,EXTERNAL,"Retention limitation is an organisation duty. Evidence: No verified record-level retention schedule. Open/why: EA/CPF/tax retention intersections, deletion trigger and proof of disposal are unresolved. Legacy status: No [EXTERNAL 2026-09-29]. Period: 2025-12+; records past purpose and mandatory retention.",obligations:PDPA_RETENTION_LIMITATION,,,
SG-HR17,SG,other,Assess notifiability; notify PDPC within three calendar days after determination and affected people as required.,PDPA Part 6A and breach-notification rules,https://sso.agc.gov.sg/Act/PDPA2012,2026-09-26,2025-12-01,,EXTERNAL,"Breach notification is an organisation duty. Evidence: External incident duty. Open/why: Breach detection, class, assessment clock, notices and acknowledgements absent. Legacy status: No [EXTERNAL 2026-09-29]. Period: 2025-12+; credible breach, significant harm or 500+ individuals.",obligations:PDPA_DATA_BREACH_NOTIFICATION,,,
SG-HR18,SG,other,"Appoint DPO, publish contact, maintain policies and complaint process.",PDPA ss.11–12,https://sso.agc.gov.sg/Act/PDPA2012,2026-09-26,2025-12-01,,EXTERNAL,"DPO appointment is an organisation duty. Evidence: External governance duty. Open/why: DPO appointment/contact, policy version, training and complaint evidence not reviewed. Legacy status: No [EXTERNAL 2026-09-29]. Period: 2025-12+; every organisation processing personal data.",obligations:PDPA_DPO_AND_POLICIES,,,
SG-CPF06,SG,contribution,"Exempt both CPF s.7 and SHG s.76(3) only where current/prior connected contract was entered and employment started before June, the applicable pre-June 14-hour test passes, and every rolling seven-day period in the charged month is at most 14 hours. For starts 25–31 May, test 25 May/start through 31 May; earlier starts use qualifying pre-June calendar-month seven-day windows. Keep contract, start, breaks (at most one month for a connected chain) and hours evidence; otherwise assess normal CPF/SHG.","CPF Exemption Order 2018 para.4, inserted by S 325/2026",https://sso.agc.gov.sg/Details/GetAmendingLegislation?HistoryType=amend&SourceDocStatus=published&SourceDocType=SL&SourceDocumentId=6b36cfbe-7b96-4604-bfd6-387ef6841d2d&SourceNo=325&SourcePublishDate=20260529&SourceTransactionDate=20260529&SourceValidDate=20260601&SourceYear=2026&ValidTime=20260101,2026-09-26,2026-06-01,,PARTIAL,Current source audit (2026-10-03). Integrated: Per-contract dated exemption scope transport and bounded pre-June contract/hour predicates; normal contributions preserved outside qualifying scope.. Incomplete: Multi-intermediary pre-June connected domestic service contracts.. Required actual inputs/external operations remain genuine; no new verification.,statutory_contributions:CPF,,,
SG-CPF07,SG,contribution,Exempt CPF and SHG after May only if current or connected prior seaman contract was entered before June and employment under one such contract started before June; each break in the qualifying chain is at most one month. New June hires outside that chain remain chargeable.,"CPF Exemption Order para.5, S 325/2026",https://sso.agc.gov.sg/Details/GetAmendingLegislation?HistoryType=amend&SourceDocStatus=published&SourceDocType=SL&SourceDocumentId=6b36cfbe-7b96-4604-bfd6-387ef6841d2d&SourceNo=325&SourcePublishDate=20260529&SourceTransactionDate=20260529&SourceValidDate=20260601&SourceYear=2026&ValidTime=20260101,2026-09-26,2026-06-01,,PARTIAL,Current source audit (2026-10-03). Integrated: Per-contract dated exemption scope transport and bounded pre-June contract/hour predicates; normal contributions preserved outside qualifying scope.. Incomplete: Multi-intermediary pre-June connected seaman service contracts.. Required actual inputs/external operations remain genuine; no new verification.,statutory_contributions:CPF,,,
SG-CPF08,SG,contribution,"Select listed institutional employees (UN entities in Singapore, named World Bank Group entities, assigned OECD/IEA centre worker), approved student-training classes and each other Schedule item by its exact conditions and dates. The general exemption removes both CPF and SHG; para.3 foreign-employee CPF exemption is separate. Preserve pre/post amendment versions rather than applying the current Schedule retroactively.","CPF Exemption Order para.2 and Schedule, amended by S 895/2025",https://sso.agc.gov.sg/SL/CPFA1953-OR10?DocDate=20251217,2026-09-26,2025-12-01,,PARTIAL,Current source audit (2026-10-03). Integrated: Dated institution/student/intern/holiday scope predicates and actual native source-context partitions; selected scheme exemptions retained independently.. Incomplete: Distinct capped/base and mixed original source classes need lawful allocation; full dated qualifying class/source coverage not established by bounded selector transport.. Required actual inputs/external operations remain genuine; no new verification.,statutory_contributions:CPF,,,
SG-PW01,SG,other,"Classify platform work agreement, service and operator; notify MOM when an operator. Keep employee payroll and platform remuneration separate. The specified authorised Singapore–Malaysia cross-border ride-hail service is excluded from4May2026.","Platform Workers Act 2024, MOM scope, S 282/2026",https://sso.agc.gov.sg/Act/PWA2024,2026-10-03,2025-01-01,,IMPLEMENTED,"Integrated: platform_work policy in all four sealed SG versions; platform-work/scope.ts actual service/agreement/control/classification and14-day notification clock; native operator/worker/scope/notification transition records, owned documents, UI/schema/access. Licensed Singapore–Malaysia cross-border exclusion begins2026-05-04; employee payroll remains separate. Actual submission/acknowledgement is documentary external action, never fabricated. Source implementation; no behavioral verification.",,,,
SG-PW02,SG,contribution,"Compute gross qualifying task/incentive earnings minus transport FEDA (60% car/van/lorry/truck, 35% motorbike/equivalent, 20% bicycle/on foot; untied incentive uses lowest applicable FEDA); apply monthly net-earning tiers, 2025/2026 age rates, total-dollar and worker-share rounding. Operator share starts above $50 only for 1995+/opted-in workers; worker share above $500.","CPF Board platform computation, net earnings/FEDA, 2026 rate change",https://www.cpf.gov.sg/employer/platform-operators/obligations/how-much-cpf-contributions-to-pay-platform-workers,2026-10-03,2025-12-01,,IMPLEMENTED,"Integrated: four native platform_cpf policies,8 table schemas and57 dated PLATFORM_FEDA/PLATFORM_CPF_RATE rows; platform-work/{cpf-gross-sources,net-earnings,election-source,annual-earnings,contribution-money,assess-month,read-cpf-assessment}.ts and native assessment caller. Actual task/incentive source modes and monthly Board query remain inputs; lowest applicable untied-incentive FEDA, net tiers,2025/2026 age rates, total-dollar/worker-floor rounding and annual cap are executable. Source implementation; no behavioral verification.",,,,
SG-PW03,SG,contribution,"An election by the 15th applies next month; after the 15th, two months later; new-operator onboarding has its own 15th timing. Query status monthly, deduct worker share as earned, submit monthly by calendar-month end (enforcement after following 14th or next working day) using platform operator account, and reconcile receipts/refunds.","CPF Board opt-in effective date, platform operator submission, due date",https://www.cpf.gov.sg/service/article/how-do-i-opt-in-as-a-platform-worker-and-how-soon-will-it-take-effect,2026-09-26,2025-12-01,,PARTIAL,"Integrated native platform election, monthly assessment, remittance receipt, refund amendment and exact original cash source lifecycles: src/lib/platform-work/{election-source,assess-month,fund-received,remittance,read-cpf-refunds,refund-disposition,refund-cash}.ts; matching native models/collections and source policies. Residual: partial/provisional/mixed payable-month deductions and corrections, complete original Board acknowledgment/deadline lifecycle. Source implementation only; no behavioral verification.",,,,
SG-PW04,SG,other,"Insure platform workers; use task-phase and accident evidence. ADE draws gross platform earnings across operators in the same service for up to 90 calendar days, less mode FEDA; medical/hospital income-loss tiers, medical costs and incapacity/death compensation apply, but light-duty compensation does not. Report fatal/nonfatal accidents on their respective clocks.",MOM platform WIC guidance,https://www.mom.gov.sg/employment-practices/platform-workers-act/work-injury-compensation-for-platform-workers,2026-09-26,2025-01-01,,PARTIAL,"Integrated native platform scope/task evidence and exact original earnings cash attribution: src/lib/platform-work/{scope,read-task-money,task-money,read-benefit-money}.ts; injury-earnings.ts supplies the original same-service multi-operator 90-day or actual shorter-history ADE/AME kernel and certified medical lookback extension. Residual: actual native incident/all-operator source universe and caller, incident-phase coverage, insurance, differentiated accident reporting clocks, platform-specific medical/income-loss/incapacity/death settlement and correction workflows. Employee WICA liability is not substituted for platform liability. Source implementation only; no behavioral verification.",,,,
SG-PW05,SG,records,"Keep specified identity, period, earnings, deductions, CPF/refund and net fields (current latest two years; former two years after last task). Deliver a platform earnings slip within two months of one task or the earliest grouped task.",MOM platform records and earnings slips,https://www.mom.gov.sg/employment-practices/platform-workers-act/platform-worker-records-and-earning-slips,2026-09-26,2025-01-01,,PARTIAL,"Integrated: native original earning slips, exact actor/cash/refund documents, actual issue/delivery/redelivery chronology and platform-work earning-slip/read-earning-slip/slip-calendar consumers. Four dated source configurations now include the actual gazetted 2025–2027 deadline calendar, announcement clocks and corresponding-date/month-end authority. Remaining: provisional/partial/mixed payable-month source cash and corrected financial/slip successor full scope. Original task/cash/documents remain genuine required inputs; source implementation, not behavioral verification.",seed/jurisdiction/SG/jurisdiction_settings.json:payroll.platform_work.slip_calendar; src/lib/platform-work/earning-slip.ts; src/lib/platform-work/read-earning-slip.ts; src/lib/platform-work/read-slip-calendar.ts; src/lib/platform-work/slip-calendar.ts; src/data/collection/platform_earning_slips/+collection.ts,,,
SG-FWL02,SG,levy,"Select pass, sector, skill/tier and permit days. Monthly scheduled amounts change $300→$350 and $400→$500 for marine shipyard items, $300→$350 for the named DP-WP item; daily/partial-month liability follows the Order.","Levy Order 2011 schedules, S 307/2026",https://sso.agc.gov.sg/SL/EFMA1990-S371-2011,2026-09-26,2026-06-01,,EXTERNAL,"Levy bill from MOM; not a payslip amount (SG-FWL12/13 disposition). Evidence: SG-FWL01 has no executable sector/pass levy calculation. Open/why: Three amended schedule cells, June boundary, prorating and bill reconciliation have no dated rules/probes. Legacy status: No [IN-SYSTEM 2026-09-29]. Period: From 2026-06-01; Eighth Schedule marine shipyard items 1–2 and Sixteenth Schedule Part 2 item 1 DP-WP holder. Other sources: https://sso.agc.gov.sg/SL-Supp/S307-2026/Published/20260526?DocDate=20260526",obligations:FOREIGN_WORKER_LEVY,,,
SG-FWL03,SG,levy,"Recognise qualifying training/assessment by the renamed Skills and Workforce Development Agency under the higher-skilled definitions. This amendment changes the accepted authority, not a levy rate.",Levy Order definition amendment S 419/2026,https://sso.agc.gov.sg/Details/GetAmendingLegislation?HistoryType=amend&SourceDocStatus=published&SourceDocType=SL&SourceDocumentId=a31166b0-eec9-4d41-886a-553a52b88052&SourceNo=419&SourcePublishDate=20260626&SourceTransactionDate=20260626&SourceValidDate=20260701&SourceYear=2026,2026-09-26,2026-07-01,,EXTERNAL,Higher-skilled evidence and tier selection are MOM/employer processes. Evidence: No higher-skilled evidence/agency selector. Open/why: Training agency/date/credential proof and corresponding levy-tier selection are absent. Legacy status: No [IN-SYSTEM 2026-09-29]. Period: From 2026-07-01; process construction or process maintenance higher-skilled applicant.,obligations:FOREIGN_WORKER_LEVY,,,
SG-FWL04,SG,levy,"Charge employer issuance fee at revised $65.40/$109/$327 instead of $60/$100/$300 for specified item classes; select saving by application, payment and issuance dates. Treat as employer expense, never worker wage deduction.",Work Passes Regulations Seventh Schedule amendment S 875/2025,https://sso.agc.gov.sg/SL-Supp/S875-2025/Published/20251230?DocDate=20251230,2026-09-26,2026-01-01,,EXTERNAL,"Work-pass issuance fee is an employer expense paid to MOM. Evidence: No work-pass issuance fee/saving workflow. Open/why: Pass/item, three dates, paid fee and receipt are absent; an application-date-only selector would be wrong. Legacy status: No [IN-SYSTEM 2026-09-29]. Period: Issuances from 2026-01-01 for specified Schedule items; old fee saved only if application and payment were before that day.",,,,
SG-FWL05,SG,levy,Reject wage deductions or repayment arrangements that pass foreign-worker levy or prohibited employment costs to the worker; retain employer-paid levy bill.,"MOM levy non-recovery guidance, EFMA",https://www.mom.gov.sg/faq/levy/can-employers-pass-on-the-foreign-worker-levy-costs--to-their-foreign-workers,2026-09-28,2025-12-01,,PARTIAL,Current source audit (2026-10-03). Integrated: Employer levy assessment/authority notice currency source and prohibition declarations.. Incomplete: Actual affected-month corrections/recovery balances and complete native prohibited cost deduction/repayment enforcement are not established.. Required actual inputs/external operations remain genuine; no new verification.,,"Singapore — the foreign worker levy is billed to the employer by MOM, never deducted on the payslip",,
SG-FWL06,SG,other,Determine the exact notification conditions before requiring a work pass for the specified cross-border driver; keep the platform-worker classification separate from ordinary employment.,EFMA s.10 exemption S 281/2026,https://sso.agc.gov.sg/SL/EFMA1990-S281-2026?DocDate=20260430,2026-09-26,2026-05-04,,EXTERNAL,"Work-pass exemption for cross-border drivers is a MOM matter. Evidence: No licensed cross-border driver/activity selector. Open/why: Citizenship, contract, licence, service and other-activity declarations cannot be evaluated. Legacy status: No [IN-SYSTEM 2026-09-29]. Period: From 2026-05-04; Malaysian citizen, not employed under SG contract of service, licensed cross-border ride-hail/taxi conditions and no other SG gainful activity.",,,,
SG-PD01,SG,other,"Before transfer, satisfy comparable-protection transfer rule; revised recognition options include APEC and Global Cross-Border Privacy Rules and Privacy Recognition for Processors systems for the specified recipient classes. Record destination, recipient/intermediary class, certification validity, agreement/legal exception and transfer decision.","PDPA Regulations 2021 reg.12(2), S 86/2026",https://sso.agc.gov.sg/SL-Supp/S86-2026/Published/20260227?DocDate=20260227,2026-09-26,2026-03-02,,EXTERNAL,Overseas-transfer safeguards are an organisation duty. Evidence: SG-HR13–18 have no outbound-transfer decision record. Open/why: Provider/destination/certification and dated transfer evidence are not captured or reviewed. Legacy status: No [EXTERNAL 2026-09-29]. Period: From 2026-03-02; employee data transferred outside Singapore.,,,,
SG-PD02,SG,other,Make business contact information available on an organisation record on PDPC's website; the amended regulation also defines an organisation's official website. Reconcile published DPO contact and date with SG-HR18.,"PDPA Regulations reg.1A, S 580/2026",https://sso.agc.gov.sg/SL-Supp/S580-2026/Published/20260831?DocDate=20260831,2026-09-26,2026-09-01,,EXTERNAL,"DPO contact publication is an organisation duty. Evidence: External DPO duty only. Open/why: No DPO contact, PDPC record publication or date-evidenced check. Legacy status: No [EXTERNAL 2026-09-29]. Period: From 2026-09-01; organisation subject to DPO contact-publication duty.",obligations:PDPA_DPO_AND_POLICIES,,,
SG-HR19,SG,hours,Apply approval conditions and effective dates before using altered weekly averaging or prescribed overtime/rest-day/public-holiday rates; otherwise use ordinary EA rates.,"MOM flexible work schedule approval, EA Part 4",https://www.mom.gov.sg/employment-practices/flexible-work-schedule,2026-09-26,2025-12-01,,PARTIAL,"Current source audit (2026-10-03). Integrated: Actual qualified full-time FWS approval and separate once/date OT, employer-requested rest and holiday extra cash; actual beyond-normal work/source controls; original statutory extras retained absent sufficient approval evidence.. Incomplete: Every approval-specific averaging calendar and rate formulation beyond actual evidenced extra amount.. Required actual inputs/external operations remain genuine; no new verification.",work_rules.limits,,,
SG-HR20,SG,wages,"Record settlement/order, payable party, sum, due terms, costs and correction; pay salary/order amount, distinguish back pay from costs and retain evidence. An order can require reinstatement or money, not merely a generic wage adjustment.",Employment Claims Act 2016 Parts 2–3,https://sso.agc.gov.sg/Act/ECA2016?ProvIds=P13-,2026-09-26,2025-12-01,,PARTIAL,Integrated source: actual registered mediated agreement heads and four-version28-day registration/SGD10 fee policy; salary-arrears native wage-award class attribution. Residual: rejection/set-aside/stay/variation and actual onward custody/whole-row workflow remain. Source integration; behavioral verification not run.,,,,
SG-HR21,SG,other,"Determine the regulated workplace and provide required safety controls, equipment/first-aid personnel and records. Keep incident/risk duties in SG-HR06–07 as separate branches.",MOM WSH subsidiary index: General Provisions and First Aid Regulations,https://www.mom.gov.sg/legislation/workplace-safety-and-health,2026-09-26,2025-12-01,,EXTERNAL,"WSH general provisions/first aid are employer duties. Evidence: No workplace first-aid/general-provision evidence workflow. Open/why: Site/headcount/activity facts and compliance records are unreviewed; payroll output alone cannot discharge these employer duties. Legacy status: No [EXTERNAL 2026-09-29]. Period: 2025-12+; all workplaces, with duty details selected by workplace/activity/headcount.",,,,
SG-HR22,SG,other,"Classify premises and work activity, then apply each triggered instrument's registration, medical surveillance, training, appointment, equipment, permit and report duties. Mark legally inapplicable instruments with evidence, not an implicit blanket exclusion.",MOM WSH subsidiary index: factory/industry/hazard-specific regulations,https://www.mom.gov.sg/legislation/workplace-safety-and-health,2026-09-26,2025-12-01,,EXTERNAL,"Hazard-specific WSH duties; site/sector applicability register open. Evidence: SG-HR07 is a generic risk row. Open/why: No site/sector/hazard applicability register or instrument-by-instrument evidence. This is an unclosed legal-source inventory, not a claim that every listed duty applies. Legacy status: No [SOURCE 2026-09-29]. Period: 2025-12+; only when construction, shipyard, factory, noise, confined-space, work-at-height, cranes, hazardous substance or similar triggering activity applies.",,,,
SG-FWL07,SG,levy,"Select sector, skill and tier with the amended DP-WP provisions. September 2025 alone used the former tier method under the saving; December 2025 onward uses the amended method. Include DP-WP in workforce/levy calculations where the Order requires, without importing a generic S Pass rate.","Levy Order amendment S 552/2025, MOM September 2025 quota/levy guide",https://sso.agc.gov.sg/SL-Supp/S552-2025/Published/20250829?DocDate=20250829,2026-09-26,2025-12-01,,EXTERNAL,"DP-WP levy tier is billed by MOM. Evidence: SG-FWL01 has no DP-WP or tier selector. Open/why: The pre-scope transitional method confirms why the December baseline differs, but the active profile still lacks dated DP-WP pass/sector/tier data and probes. Legacy status: No [IN-SYSTEM 2026-09-29]. Period: Baseline for all requested periods from 2025-12; dependant-pass Work Permit (DP-WP) holder in a relevant sector. Other sources: https://www.mom.gov.sg/-/media/mom/documents/services-forms/passes/guide_on_comp_of_company_quota_balance.pdf",obligations:FOREIGN_WORKER_LEVY,,,
SG-HR23,SG,other,"Use the prescribed compulsory policy terms. The amendment deletes expired reg.2(2), (2A), (2B), (2C) transitional policy-wording options and leaves reg.2(1) subject to (3). Keep issue/renewal date, insurer, certificate, schedule of covered workers and earnings. It does not change the employee's WIC wage/compensation formula.","WICA Insurance Regulations reg.2, S 783/2025",https://sso.agc.gov.sg/SL-Supp/S783-2025/Published/20251208?DocDate=20251208,2026-09-26,2026-01-01,,EXTERNAL,"WIC policy form is an insurer/employer matter. Evidence: SG-HR05 does not verify policy form, issue/renewal or certificate. Open/why: January 2026 policy-wording boundary and documentary insurance proof are absent. Legacy status: No [EXTERNAL 2026-09-29]. Period: From 2026-01-01; employer renewing/issuing an approved employee WIC policy.",obligations:WORK_INJURY_COMPENSATION_INSURANCE,,,
SG-HR24.retirement-64,SG,other,Minimum retirement age 64 for those attaining 63 on or after 1 July 2026.,"Retirement and Re-employment Notifications S 187/2026 (in force 2026-07-01; replaced the `/Uncommenced/` view on 2026-09-28, in-force URL rendering unverified while SSO returns 403), Retirement and Re-employment Act 1993, S 188/2026, MOM cohort table",https://sso.agc.gov.sg/SL/RRA1993-S187-2026?DocDate=20260401&ValidDate=20260701&ViewType=Within,2026-09-28,2026-07-01,,TESTED,Split from SG-HR24 (2026-09-30). Golden-tested; no saved offer decision.,obligations:RETIREMENT_AND_RE_EMPLOYMENT,SG — the retirement register reads 63 / 68 on 30 June 2026 and 64 / 69 on 1 July,,
SG-HR24.re-employment-69,SG,other,Re-employment age 69 for those attaining 68 on or after 1 July 2026.,"Retirement and Re-employment Notifications S 187/2026 (in force 2026-07-01; replaced the `/Uncommenced/` view on 2026-09-28, in-force URL rendering unverified while SSO returns 403), Retirement and Re-employment Act 1993, S 188/2026, MOM cohort table",https://sso.agc.gov.sg/SL/RRA1993-S187-2026?DocDate=20260401&ValidDate=20260701&ViewType=Within,2026-09-28,2026-07-01,,TESTED,Split from SG-HR24 (2026-09-30). Golden-tested; no saved offer decision.,obligations:RETIREMENT_AND_RE_EMPLOYMENT,SG — the retirement register reads 63 / 68 on 30 June 2026 and 64 / 69 on 1 July,,
SG-HR24.born-1958-1960,SG,other,"Born 1 July 1958 to 30 June 1960: retirement age 62, re-employment age 69 (MOM transitional cohort).","Retirement and Re-employment Notifications S 187/2026 (in force 2026-07-01; replaced the `/Uncommenced/` view on 2026-09-28, in-force URL rendering unverified while SSO returns 403), Retirement and Re-employment Act 1993, S 188/2026, MOM cohort table",https://sso.agc.gov.sg/SL/RRA1993-S187-2026?DocDate=20260401&ValidDate=20260701&ViewType=Within,2026-09-28,2026-07-01,,IMPLEMENTED,"Current source audit (2026-10-03). Integrated: Actual date/citizen or PR source, exact birth cohorts and dated retirement boundaries62/63/64 with reemployment69 after1Jul2026 are captured and evaluated; these literal rows concern age selection, not the separate HR10 offer/payment workflow.. Full stated scope implemented; saved-workflow verification remains due. born-1958-1960. Required actual inputs/external operations remain genuine; no new verification.",checks:RETIREMENT_BELOW_MINIMUM_AGE; obligations:RETIREMENT_AND_RE_EMPLOYMENT,,SG-HR24-3,
SG-HR24.born-1960-1963,SG,other,"Born 1 July 1960 to 30 June 1963: retirement age 63, re-employment age 69 (MOM transitional cohort).","Retirement and Re-employment Notifications S 187/2026 (in force 2026-07-01; replaced the `/Uncommenced/` view on 2026-09-28, in-force URL rendering unverified while SSO returns 403), Retirement and Re-employment Act 1993, S 188/2026, MOM cohort table",https://sso.agc.gov.sg/SL/RRA1993-S187-2026?DocDate=20260401&ValidDate=20260701&ViewType=Within,2026-09-28,2026-07-01,,IMPLEMENTED,"Current source audit (2026-10-03). Integrated: Actual date/citizen or PR source, exact birth cohorts and dated retirement boundaries62/63/64 with reemployment69 after1Jul2026 are captured and evaluated; these literal rows concern age selection, not the separate HR10 offer/payment workflow.. Full stated scope implemented; saved-workflow verification remains due. born-1960-1963. Required actual inputs/external operations remain genuine; no new verification.",checks:RETIREMENT_BELOW_MINIMUM_AGE; obligations:RETIREMENT_AND_RE_EMPLOYMENT,,SG-HR24-2,
SG-HR24.born-from-1963,SG,other,"Born from 1 July 1963: retirement age 64, re-employment age 69.","Retirement and Re-employment Notifications S 187/2026 (in force 2026-07-01; replaced the `/Uncommenced/` view on 2026-09-28, in-force URL rendering unverified while SSO returns 403), Retirement and Re-employment Act 1993, S 188/2026, MOM cohort table",https://sso.agc.gov.sg/SL/RRA1993-S187-2026?DocDate=20260401&ValidDate=20260701&ViewType=Within,2026-09-28,2026-07-01,,IMPLEMENTED,"Current source audit (2026-10-03). Integrated: Actual date/citizen or PR source, exact birth cohorts and dated retirement boundaries62/63/64 with reemployment69 after1Jul2026 are captured and evaluated; these literal rows concern age selection, not the separate HR10 offer/payment workflow.. Full stated scope implemented; saved-workflow verification remains due. born-from-1963. Required actual inputs/external operations remain genuine; no new verification.",checks:RETIREMENT_BELOW_MINIMUM_AGE; obligations:RETIREMENT_AND_RE_EMPLOYMENT,,SG-HR24-1,
SG-CD69,SG,other,"Amendment changes approved provider definitions, CDA withdrawal/closure and related schedules. Route to CDA scheme administration if the organisation is an approved person; do not change employee leave wages or reimbursement merely from this instrument.","Child Development Co-Savings (Amendment No. 2) Regulations 2025, S 833/2025",https://sso.agc.gov.sg/SL-Supp/S833-2025/Published/20251226?DocDate=20251226,2026-09-26,2026-01-01,,NOT-APPLICABLE,"CDA provider/agent rules; a generic employer is not an approved person. Evidence: No CDA provider/agent functionality asserted in payroll. Open/why: An applicability decision is required for a provider/agent entity; no employee-pay amount rule arises for a generic employer. Legacy status: No [EXTERNAL 2026-09-29]. Period: From 2026-01-01; CDA managing agent/approved healthcare-related provider, not an ordinary payroll employer merely because it employs a parent.",,,,
SG-HR25,SG,wages,"Select the agreement/award, bargaining unit, commencement, expiry/variation and binding scope. Apply wage, allowance, overtime, leave and arrears terms to each affected worker; recover/pay award amounts and retain notices. Statutory EA minimums remain a separate floor.","Industrial Relations Act 1960 ss.25–26, 37–53",https://sso.agc.gov.sg/Act/IRA1960?ProvIds=P13-,2026-09-26,2025-12-01,,PARTIAL,"Current source audit (2026-10-03). Integrated: Native contract/separation/AWS/ordinary actual attendance and generic source/order records.. Incomplete: No complete certified collective agreement/award binding-unit/date/variation execution, historical AWS ceiling/Gazette suspension, contractual retirement/retrenchment, or lawfully classified industrial-action settlement/day-pay workflow.. Required actual inputs/external operations remain genuine; no new verification.",,,,
SG-HR26,SG,other,"Classify actual event, lawful/illegal status, dates, attendance and any binding settlement/award before adjusting paid work, absence or arrears. Legal conduct/reporting is an employer process.","Trade Disputes Act 1941 ss.3–11, MOM employment-law index",https://sso.agc.gov.sg/Act/TDA1941?ProvIds=xv-,2026-09-29,2025-12-01,,PARTIAL,"Current source audit (2026-10-03). Integrated: Native contract/separation/AWS/ordinary actual attendance and generic source/order records.. Incomplete: No complete certified collective agreement/award binding-unit/date/variation execution, historical AWS ceiling/Gazette suspension, contractual retirement/retrenchment, or lawfully classified industrial-action settlement/day-pay workflow.. Required actual inputs/external operations remain genuine; no new verification.",,,,
SG-WICA03.death,SG,other,"Death compensation floor/ceiling $91,000/$269,000 for accidents from 1 November 2025.",WICA First/Fifth Schedule amendment S 694/2025,https://sso.agc.gov.sg/SL-Supp/S694-2025/Published/20251031?DocDate=20251031,2026-09-26,2025-11-01,,PARTIAL,"Current source audit (2026-10-03). Integrated: Native employee benefit case, certified earning/period and monetary expense liability/cash source branches; WICA medical wage/expense seed policy.. Incomplete: Full dated original accident lump-sum pricing/classification and actual native award/payee/payment workflow remain unintegrated.. death. Required actual inputs/external operations remain genuine; no new verification.",,,,
SG-WICA03.permanent-incapacity,SG,other,"Permanent-incapacity floor/ceiling $116,000/$346,000 for accidents from 1 November 2025.",WICA First/Fifth Schedule amendment S 694/2025,https://sso.agc.gov.sg/SL-Supp/S694-2025/Published/20251031?DocDate=20251031,2026-09-26,2025-11-01,,PARTIAL,"Current source audit (2026-10-03). Integrated: Native employee benefit case, certified earning/period and monetary expense liability/cash source branches; WICA medical wage/expense seed policy.. Incomplete: Full dated original accident lump-sum pricing/classification and actual native award/payee/payment workflow remain unintegrated.. permanent-incapacity. Required actual inputs/external operations remain genuine; no new verification.",,,,
SG-WICA03.medical-expenses,SG,other,"Medical-expense cap $53,000 per accident from 1 November 2025.",WICA First/Fifth Schedule amendment S 694/2025,https://sso.agc.gov.sg/SL-Supp/S694-2025/Published/20251031?DocDate=20251031,2026-09-26,2025-11-01,,PARTIAL,"Current source audit (2026-10-03). Integrated: Native employee benefit case, certified earning/period and monetary expense liability/cash source branches; WICA medical wage/expense seed policy.. Incomplete: Actual medical cap corrections/refunds and complete claimant liability/receipt workflow not integrated; source cap alone is not full scope.. medical-expenses. Required actual inputs/external operations remain genuine; no new verification.",,,,
SG-WICA03.earlier-accidents,SG,other,"An earlier accident retains the earlier $76,000/$225,000, $97,000/$289,000 and $45,000 limits even when paid during scope.",WICA First/Fifth Schedule amendment S 694/2025,https://sso.agc.gov.sg/SL-Supp/S694-2025/Published/20251031?DocDate=20251031,2026-09-26,2025-11-01,,PARTIAL,"Current source audit (2026-10-03). Integrated: Native employee benefit case, certified earning/period and monetary expense liability/cash source branches; WICA medical wage/expense seed policy.. Incomplete: Full dated original accident lump-sum pricing/classification and actual native award/payee/payment workflow remain unintegrated.. earlier-accidents. Required actual inputs/external operations remain genuine; no new verification.",,,,
SG-WICA04,SG,other,"Evaluate the new 38-condition occupational-disease schedule, its occupation and limitation period, and multi-employer/operator apportionment. Newly covered disease claims require diagnosis within its period and claim from 1 December. Former specified item 18(f)/22 conditions retain the statutory transition through the earlier of their old limit or 2026-11-30; after that, assess an accident claim if factually applicable.","WICA Second Schedule S 751/2025, WICA amendment regulations S 752/2025, MOM disease transition",https://sso.agc.gov.sg/SL-Supp/S751-2025/Published/20251128?DocDate=20251128,2026-09-26,2025-12-01,,PARTIAL,"Current source audit (2026-10-03). Integrated: Native employee benefit case, certified earning/period and monetary expense liability/cash source branches; WICA medical wage/expense seed policy.. Incomplete: Full 38-condition occupation/diagnosis/limitation/transition and multi-employer/operator liability allocation remains candidate-only.. Required actual inputs/external operations remain genuine; no new verification.",,,,
SG-HR27,SG,filing,"Use the aligned 38-condition list, including broader musculoskeletal and occupational infectious disease categories. Employer/operator reports a diagnosed work-related OD within ten days of notice even if the doctor reports separately, including an unlisted disease arising from occupational exposure; retain diagnosis, notice and iReport receipt.","WSH Second Schedule S 754/2025, MOM occupational-disease reporting FAQ",https://sso.agc.gov.sg/SL-Supp/S754-2025/Published/20251128?DocDate=20251128,2026-09-26,2025-12-01,,EXTERNAL,"OD reporting to MOM is an employer filing. Evidence: SG-HR06 mentions disease but lacks the dated list and separate reporter clocks. Open/why: No disease taxonomy, work-relatedness evidence, employer-notice clock or report acknowledgement. Legacy status: No [IN-SYSTEM 2026-09-29]. Period: From 2025-12-01; diagnosed employee or platform worker, employer/operator and separately treating doctor. Other sources: https://www.mom.gov.sg/workplace-safety-and-health/od-under-wsha-and-wica/faqs-wsha-wica",,,,
SG-CPF09.conversion-month,SG,contribution,CPF starts on the SPR day; the conversion month’s OW is pro-rated to the resident-service days.,"CPF Board SPR rate timing, joint higher-rate application",https://www.cpf.gov.sg/service/article/do-i-need-to-pay-cpf-contributions-for-my-foreign-employee-who-has-recently-obtained-singapore-permanent-residence-status,2026-09-26,2025-12-01,,VERIFIED,Split from SG-CPF09 (2026-09-30). Verified by SG-CPF34-1 on 2026-09-29.,statutory_contributions:CPF.elections.spr_full_rate; spr_full_employer_rate; spr_approval_reference,"Singapore — the month a foreigner becomes an SPR, and an SPR a citizen, splits the OW at the status date (CPF Board)",SG-CPF34-1,2026-09-29
SG-CPF09.conversion-month-aw,SG,contribution,AW is charged only when payable on or after the SPR day.,"CPF Board SPR rate timing, joint higher-rate application",https://www.cpf.gov.sg/service/article/do-i-need-to-pay-cpf-contributions-for-my-foreign-employee-who-has-recently-obtained-singapore-permanent-residence-status,2026-09-26,2025-12-01,,VERIFIED,"Probe SG-CPF34-5 (SPR from 16 Sep 2026, SGD 1,000 bonus paid 25 Sep attracts first-year SPR CPF) passed in the 1179/1179 run 2026-10-01.",statutory_contributions:CPF.elections.spr_full_rate; spr_full_employer_rate; spr_approval_reference,,SG-CPF34-5,2026-10-01
SG-CPF09.year-seams,SG,contribution,"The first-year table applies through the first anniversary month, the second-year table from the next month through the second anniversary month, then full rates.","CPF Board SPR rate timing, joint higher-rate application",https://www.cpf.gov.sg/service/article/do-i-need-to-pay-cpf-contributions-for-my-foreign-employee-who-has-recently-obtained-singapore-permanent-residence-status,2026-09-30,2025-12-01,,TESTED,"Split from SG-CPF09 (2026-09-30). The anniversary-month selector is golden only. Probe(s) SG-CPF09-1, SG-CPF09-2, SG-CPF09-3, SG-CPF09-4 added 2026-09-30, pending the test phase.",statutory_contributions:CPF.elections.spr_full_rate; spr_full_employer_rate; spr_approval_reference,"Singapore — the SPR year turns on the month after the anniversary, whatever its day",SG-CPF09-1; SG-CPF09-2; SG-CPF09-3; SG-CPF09-4,
SG-CPF09.graduated,SG,contribution,"Without an approval, first- and second-year SPRs are charged graduated employer and employee rates (Tables 2 and 3).","CPF Board SPR rate timing, joint higher-rate application",https://www.cpf.gov.sg/service/article/do-i-need-to-pay-cpf-contributions-for-my-foreign-employee-who-has-recently-obtained-singapore-permanent-residence-status,2026-09-26,2025-12-01,,VERIFIED,"Split from SG-CPF09 (2026-09-30). Verified by SG-CPF19-1, SG-CPF19-2 on 2026-09-29.",statutory_contributions:CPF.elections.spr_full_rate; spr_full_employer_rate; spr_approval_reference,Singapore — the SPR first- and second-year graduated ladders,SG-CPF19-1; SG-CPF19-2,2026-09-29
SG-CPF09.full-graduated,SG,contribution,"With a joint approval, full employer and graduated employee rates (Tables 4 and 5).","CPF Board SPR rate timing, joint higher-rate application",https://www.cpf.gov.sg/service/article/do-i-need-to-pay-cpf-contributions-for-my-foreign-employee-who-has-recently-obtained-singapore-permanent-residence-status,2026-09-26,2025-12-01,,VERIFIED,"Split from SG-CPF09 (2026-09-30). Second-year (Table 5) approval evidence and the approval effective month are unprobed. Verified by SG-CPF19-3 on 2026-09-29. SG-CPF19-4 passed in the R8 run 2026-09-30 (after the parent’s verified_at 2026-09-29). SG-CPF19-10, SG-CPF19-11 pending the test phase.",statutory_contributions:CPF.elections.spr_full_rate; spr_full_employer_rate; spr_approval_reference,SG ${period} SPR year ${year}: full employer rates retain graduated employee shares across age bands,SG-CPF19-3; SG-CPF19-4; SG-CPF19-10; SG-CPF19-11,2026-09-29
SG-CPF09.full-full,SG,contribution,"With a joint approval, full employer and full employee rates (Table 1).","CPF Board SPR rate timing, joint higher-rate application",https://www.cpf.gov.sg/service/article/do-i-need-to-pay-cpf-contributions-for-my-foreign-employee-who-has-recently-obtained-singapore-permanent-residence-status,2026-09-26,2025-12-01,,TESTED,Split from SG-CPF09 (2026-09-30). Golden-tested; the approval effective month is open. SG-CPF19-5 passed in the R8 run 2026-09-30 (after the parent’s verified_at 2026-09-29).,statutory_contributions:CPF.elections.spr_full_rate; spr_full_employer_rate; spr_approval_reference,SG: higher CPF rates require approval evidence and conflicting rate elections are refused,SG-CPF19-5,
SG-CPF10,SG,contribution,"Exclude directors' fees voted at a general meeting from CPF; charge salary under a contract of service. Keep board approval, pay component and employment contract distinct; do not use tax-reporting classification as CPF classification.",CPF Board director-fee rule,https://www.cpf.gov.sg/service/article/are-cpf-contributions-payable-for-directors,2026-10-03,2025-12-01,,IMPLEMENTED,"Integrated: four dated DIRECTOR_GENERAL_MEETING_FEE components require the actual voted resolution, original evidence and paired fact validation; exclude only CPF membership. Contract-of-service remuneration remains a separate CPF wage component. Tax reporting does not determine the CPF classification. Actual original resolution and employment agreement remain required inputs; source implementation, not behavioral verification.",seed/jurisdiction/SG/adhoc_catalogue.json:DIRECTOR_GENERAL_MEETING_FEE; seed/jurisdiction/SG/statutory_contributions.json:CPF; src/lib/declared-facts.ts; src/lib/payroll/money.ts,,,
SG-CPF11,SG,contribution,"Each employer applies its own OW and AW ceilings and pays employer CPF. Employee may limit employee share only after CPF Board approval when combined OW exceeds ceiling; approval cannot be backdated. Record other employment, approved allocation and effective month.","CPF Board concurrent-employment rule, AW ceiling FAQ",https://www.cpf.gov.sg/service/article/if-i-am-concurrently-employed-by-more-than-one-employer-can-i-choose-to-contribute-cpf-for-one-of-my-employments-only,2026-09-26,2025-12-01,,PARTIAL,"Current source audit (2026-10-03). Integrated: Dated Board-approved employee-share allocation fact/rule branch preserves separate employer/AW liability.. Incomplete: Distinct concurrent native capped/base allocation and governing original contexts remain incomplete; receipt is candidate provenance, not whole-row adoption.. Required actual inputs/external operations remain genuine; no new verification.",statutory_contributions:CPF,,,
SG-CPF12,SG,contribution,"Charge CPF on a lump-sum per-diem allowance; exclude only proven official-purpose reimbursement no higher than actual expenditure. Required inputs are purpose, receipts/actual cost and component amount.",CPF Board per-diem rule,https://www.cpf.gov.sg/service/article/are-cpf-contributions-payable-on-per-diem-payments,2026-09-26,2025-12-01,,PARTIAL,Current source audit (2026-10-03). Integrated: Lump-sum wage membership and separate evidenced official reimbursement class.. Incomplete: Complete mixed/excess-over-actual reimbursement disposition is not established by the bounded whole-component exclusion; no whole-row receipt.. Required actual inputs/external operations remain genuine; no new verification.,claim_catalogue; adhoc_catalogue.counts_toward,"Singapore — cash allowances, expense refunds, overtime and leave conversion use their distinct wage bases",,
SG-CPF13.default,SG,contribution,CPF is charged by default on a student or intern under a contract of service.,"CPF Board student/intern guide, student class table",https://www.cpf.gov.sg/service/article/are-cpf-contributions-payable-for-interns-undergoing-an-internship-programme,2026-09-26,2025-12-01,,IMPLEMENTED,Current source audit (2026-10-03). Integrated: Existing SC/SPR CPF rules charge student/intern contract-of-service wages by default; exemption requires separate qualifying scope.. Full stated scope implemented; saved-workflow verification remains due. default. Required actual inputs/external operations remain genuine; no new verification.,statutory_contributions:CPF,,,
SG-CPF13.school-holiday,SG,contribution,Exempt: a named school-holiday class within its prescribed holiday window.,"CPF Board student/intern guide, student class table",https://www.cpf.gov.sg/service/article/are-cpf-contributions-payable-for-interns-undergoing-an-internship-programme,2026-09-26,2025-12-01,,PARTIAL,Current source audit (2026-10-03). Integrated: Dated institution/student/intern/holiday scope predicates and actual native source-context partitions; selected scheme exemptions retained independently.. Incomplete: Distinct capped/base and mixed original source classes need lawful allocation; full dated qualifying class/source coverage not established by bounded selector transport.. school-holiday. Required actual inputs/external operations remain genuine; no new verification.,statutory_contributions:CPF,,,
SG-CPF13.moe-internship,SG,contribution,"Exempt: a qualifying MOE-subsidised institution/programme internship with institution-approved training and retained endorsement, including an approved extension.","CPF Board student/intern guide, student class table",https://www.cpf.gov.sg/service/article/are-cpf-contributions-payable-for-interns-undergoing-an-internship-programme,2026-09-26,2025-12-01,,PARTIAL,Current source audit (2026-10-03). Integrated: Dated institution/student/intern/holiday scope predicates and actual native source-context partitions; selected scheme exemptions retained independently.. Incomplete: Distinct capped/base and mixed original source classes need lawful allocation; full dated qualifying class/source coverage not established by bounded selector transport.. moe-internship. Required actual inputs/external operations remain genuine; no new verification.,statutory_contributions:CPF,,,
SG-CPF14,SG,contribution,"Employer owes CPF on typical total monthly civilian wages, including basic, fixed allowance and variable wage components such as usual overtime, as if training had not interrupted work. Employer and employee shares remain its obligation even under DIRECT; employee share can be recovered from wages.",CPF Board National Service make-up-pay rule,https://www.cpf.gov.sg/service/article/are-cpf-contributions-payable-on-the-national-service-ns-make-up-pay-when-i-am-away-from-work-for-ns-training,2026-09-26,2025-12-01,,PARTIAL,"Current source audit (2026-10-03). Integrated: Civilian NS ordinary make-up wage basis preserves employer and employee shares.. Incomplete: Complete usual variable/additional wage source universe, including DIRECT original liability/recovery, remains incomplete.. Required actual inputs/external operations remain genuine; no new verification.",statutory_contributions:CPF; leave_catalogue:NS_LEAVE,,,
SG-CPF15,SG,contribution,"Charge CPF for substantive Singapore work even if contract signed abroad; EOR that is employer bears it. A temporary Singapore stint on overseas-based contract (meeting/training/personal remote work) is outside mandatory CPF. Select actual employment, contract base, place/purpose/duration and legal employer.","CPF Board overseas-contract scope, overseas employer/EOR",https://www.cpf.gov.sg/service/article/are-cpf-contributions-payable-if-i-am-on-an-overseas-based-contract-and-working-in-singapore-temporarily,2026-09-26,2025-12-01,,PARTIAL,Current source audit (2026-10-03). Integrated: Actual contract/work purpose/base jurisdiction exemption predicates and source-date contexts; substantive SG salary remains mandatory outside qualifying temporary scope.. Incomplete: Mixed dated source classes with differing statutory cap/base need lawful allocation; adopted native context/source partitions cover same capped base only.. Required actual inputs/external operations remain genuine; no new verification.,statutory_contributions:CPF,,,
SG-CPF16,SG,filing,"Report actual payable OW and AW separately, without contribution wage ceilings, even where the contribution itself is capped. Every submission for the employee/month repeats the latest full actual wage amounts; later declaration generally supersedes earlier wage data. A new AW entitlement requires updated actual OW/AW. For refund/adjustment, declare actual wages under the correct CSN, not amounts derived from CPF paid/refunded. Do not submit an employee for a month without mandatory CPF. Output is the accepted wage declaration/adjustment, not merely the computed contribution.",CPF Board accurate wage declaration,https://www.cpf.gov.sg/employer/employer-obligations/declaring-accurate-wage-information,2026-09-26,2025-12-01,,EXTERNAL,"Uncapped OW/AW wage declaration is the CPF submission; no accepted-declaration ledger. Evidence: SG-CPF02/03 cap the calculation base; SG-CPF05 tracks the filing gap. No accepted uncapped OW/AW record probe. Open/why: Calculation wage ceilings and wage-reporting values are distinct; repeated/full wages, changed AW, CSN correction, no-CPF-month exclusion and acceptance need an explicit submission ledger. Legacy status: No [IN-SYSTEM 2026-09-29]. Period: 2025-12+ contribution months; employer submitting mandatory CPF, including multiple submissions or later correction.",obligations:CPF_MONTHLY_SUBMISSION_AND_PAYMENT,,,
SG-CPF17.nil-band,SG,rounding,Total wages of $50 or less: both shares nil.,CPF Board contribution rounding and low-wage rule,https://www.cpf.gov.sg/employer/employer-obligations/how-much-cpf-contributions-to-pay,2026-09-30,2025-12-01,,VERIFIED,Split from SG-CPF17 (2026-09-30). Verified by SG-CPF17-1 on 2026-09-29.,statutory_contributions:CPF.rules,SG audit — CPF 2026 Table 1: the $50 / $500 / $750 wage bands and the half-dollar rounding,SG-CPF17-1,2026-09-29
SG-CPF17.employer-only-band,SG,rounding,Total wages above $50 to $500: the employee share is nil; the employer share remains payable.,CPF Board contribution rounding and low-wage rule,https://www.cpf.gov.sg/employer/employer-obligations/how-much-cpf-contributions-to-pay,2026-09-30,2025-12-01,,VERIFIED,"Split from SG-CPF17 (2026-09-30). Verified by SG-CPF17-2 on 2026-09-29. SG-CPF17-9, SG-CPF18-18, SG-CPF19-9, SG-CPF29-9 pending the test phase.",statutory_contributions:CPF.rules,SG audit — CPF 2026 Table 1: the $50 / $500 / $750 wage bands and the half-dollar rounding,SG-CPF17-2; SG-CPF17-9; SG-CPF18-18; SG-CPF19-9; SG-CPF29-9,2026-09-29
SG-CPF17.graduated-band,SG,rounding,"Total wages above $500 to $750: the table-specific graduated formula, not the full-rate percentage.",CPF Board contribution rounding and low-wage rule,https://www.cpf.gov.sg/employer/employer-obligations/how-much-cpf-contributions-to-pay,2026-09-30,2025-12-01,,VERIFIED,"Split from SG-CPF17 (2026-09-30). Low-wage formulas outside Table 1 55 & below are unprobed until their cases run. Verified by SG-CPF17-3, SG-CPF17-4 on 2026-09-29. SG-CPF18-17, SG-CPF18-19, SG-CPF19-8, SG-CPF29-6, SG-CPF29-7 pending the test phase.",statutory_contributions:CPF.rules,Singapore — the graduated $500-to-$750 CPF band is a monthly award on the period wage,SG-CPF17-3; SG-CPF17-4; SG-CPF18-17; SG-CPF18-19; SG-CPF19-8; SG-CPF29-6; SG-CPF29-7,2026-09-29
SG-CPF17.band-on-total-wages,SG,rounding,The band is selected on the month’s total wages (OW plus AW).,CPF Board contribution rounding and low-wage rule,https://www.cpf.gov.sg/employer/employer-obligations/how-much-cpf-contributions-to-pay,2026-09-30,2025-12-01,,VERIFIED,Split from SG-CPF17 (2026-09-30). Verified by SG-CPF17-7 on 2026-09-29.,statutory_contributions:CPF.rules,"Singapore — the graduated bands read total wages, so an Additional Wage moves a low earner up a band",SG-CPF17-7,2026-09-29
SG-CPF17.total-rounding,SG,rounding,"The total contribution is rounded to the nearest dollar, 50 cents up.",CPF Board contribution rounding and low-wage rule,https://www.cpf.gov.sg/employer/employer-obligations/how-much-cpf-contributions-to-pay,2026-09-30,2025-12-01,,VERIFIED,"Split from SG-CPF17 (2026-09-30). Verified by SG-CPF17-4, SG-CPF17-6 on 2026-09-29.",statutory_contributions:CPF.rules,SG audit — CPF 2026 Table 1: the $50 / $500 / $750 wage bands and the half-dollar rounding,SG-CPF17-4; SG-CPF17-6,2026-09-29
SG-CPF17.employee-share,SG,rounding,The employee share drops its cents; the employer share is the rounded total less the employee share.,CPF Board contribution rounding and low-wage rule,https://www.cpf.gov.sg/employer/employer-obligations/how-much-cpf-contributions-to-pay,2026-09-30,2025-12-01,,VERIFIED,Split from SG-CPF17 (2026-09-30). Verified by SG-CPF17-5 on 2026-09-29.,statutory_contributions:CPF.rules,SG audit — CPF 2026 Table 1: the $50 / $500 / $750 wage bands and the half-dollar rounding,SG-CPF17-5,2026-09-29
SG-CPF17.ow-aw-unrounded,SG,rounding,"Above $750, the OW and AW contributions are summed unrounded and the total rounded once.",CPF Board contribution rounding and low-wage rule,https://www.cpf.gov.sg/employer/employer-obligations/how-much-cpf-contributions-to-pay,2026-09-30,2025-12-01,,TESTED,Split from SG-CPF17 (2026-09-30). Golden-tested. SG-CPF17-8 passed in the R8 run 2026-09-30 (after the parent’s verified_at 2026-09-29).,statutory_contributions:CPF.rules,SG audit — CPF 2026 Table 1: the $50 / $500 / $750 wage bands and the half-dollar rounding,SG-CPF17-8,
SG-CPF17.ow-maximum,SG,rounding,"With OW alone, the schedule’s maximum OW contribution applies before rounding.",CPF Board contribution rounding and low-wage rule,https://www.cpf.gov.sg/employer/employer-obligations/how-much-cpf-contributions-to-pay,2026-09-30,2025-12-01,,VERIFIED,Split from SG-CPF17 (2026-09-30). Verified by SG-CPF02-1 on 2026-09-29.,statutory_contributions:CPF.rules,SG audit — CPF 2026 Table 1: the $50 / $500 / $750 wage bands and the half-dollar rounding,SG-CPF02-1,2026-09-29
SG-SHG02.foreign-muslim,SG,contribution,"MBMF is assessed by religion, whatever CPF eligibility or nationality: a foreign Muslim employee pays it.","MUIS MBMF employer rules, CPF Board intern/SHG distinction",https://www.muis.gov.sg/give-back/mbmf/employer-information/,2026-09-26,2025-12-01,,VERIFIED,"Split from SG-SHG02 (2026-09-30). Verified by SG-SHG02-1 on 2026-09-29. [Enum 2026-10-01] employees.religion is a code of table RELIGION in every SG version; MBMF compares ISLAM. Owner rule 2026-09-28 (law names no list): the recorded default is the Census of Population 2020 groups BUDDHISM, TAOISM, ISLAM, HINDUISM, SIKHISM, CHRISTIANITY, OTHER, NO_RELIGION.",statutory_contributions:MBMF; reference_rows:RELIGION,,SG-SHG02-1,2026-09-29
SG-SHG02.no-cpf-remittance,SG,contribution,"Where no CPF contribution is made, the employer remits MBMF directly by cheque (MUIS).","MUIS MBMF employer rules, CPF Board intern/SHG distinction",https://www.muis.gov.sg/give-back/mbmf/employer-information/,2026-09-26,2025-12-01,,PARTIAL,Current source audit (2026-10-03). Integrated: Generic remittance recipient/payment capture plus source-specific MBMF cheque route.. Incomplete: Complete actual no-CPF source universe and foreign-currency native payment reconciliation remain incomplete.. no-cpf-remittance. Required actual inputs/external operations remain genuine; no new verification.,statutory_contributions:MBMF,,,
SG-SHG02.student,SG,contribution,MUIS student exemptions.,"MUIS MBMF employer rules, CPF Board intern/SHG distinction",https://www.muis.gov.sg/give-back/mbmf/employer-information/,2026-09-26,2025-12-01,,PARTIAL,Current source audit (2026-10-03). Integrated: Dated institution/student/intern/holiday scope predicates and actual native source-context partitions; selected scheme exemptions retained independently.. Incomplete: Distinct capped/base and mixed original source classes need lawful allocation; full dated qualifying class/source coverage not established by bounded selector transport.. student. Required actual inputs/external operations remain genuine; no new verification.,statutory_contributions:MBMF,,,
SG-SHG02.intern,SG,contribution,An intern: CDAC/ECF/SINDA follow CPF; MBMF follows MUIS.,"MUIS MBMF employer rules, CPF Board intern/SHG distinction",https://www.muis.gov.sg/give-back/mbmf/employer-information/,2026-09-26,2025-12-01,,PARTIAL,Current source audit (2026-10-03). Integrated: Dated institution/student/intern/holiday scope predicates and actual native source-context partitions; selected scheme exemptions retained independently.. Incomplete: Distinct capped/base and mixed original source classes need lawful allocation; full dated qualifying class/source coverage not established by bounded selector transport.. intern. Required actual inputs/external operations remain genuine; no new verification.,statutory_contributions:MBMF,,,
SG-IRAS04,SG,filing,"For wrong income, choose revision with full corrected fields or amendment with signed deltas. Submit omitted employee separately; reverse a wrong employee ID to zero/negative and submit original under correct ID. Mere personal-particular changes need no income amendment. Reconcile accepted records and employee notice.",IRAS AIS amendments,https://www.iras.gov.sg/taxes/individual-income-tax/employers/auto-inclusion-scheme-%28ais%29-for-employment-income/amend-submitted-records,2026-09-26,2025-12-01,,TESTED,"Amendment and revision modes tested; wrong-ID reversal and IRAS acceptance are employer acts. Evidence: SG-IRAS01 records initial AIS obligation only. Open/why: No source submission ledger, correction mode, wrong-ID reversal, acceptance or amended yearly totals. Legacy status: No [IN-SYSTEM 2026-09-29]. Period: 2025-12 income onward, YA2026+ correction; AIS employer after original annual submission.",payroll.income_return.items,Singapore — an AIS amendment submits only the differences; a revision restates the record,,
SG-IRAS05,SG,filing,"Prepare IR8A by following 1 March for each qualifying person and each employer's contract period, including post-exit share gains. Exclude income already cleared by IR21. AIS employer e-files; non-AIS employer supplies forms to employee. A restructuring/merger may use respective periods or combined successor reporting.","Income Tax Act 1947 s.68(2) (anchor unverified, 2026-09-28), IRAS employer form classes",https://sso.agc.gov.sg/Act/ITA1947?ProvIds=pr68-,2026-09-28,2025-12-01,,PARTIAL,"Current source audit (2026-10-03). Integrated: Annual/cessation routing, cleared-income exclusion, event-only recipients, official annual forms and recorded AIS/non-AIS delivery are integrated. Direct predecessor/successor elected reporting source is adopted.. Incomplete: Complete multi-hop same-year transfer-chain reporting is not demonstrated by the bounded adopted direct predecessor transport; chains are internal source engineering, not unavailable tenant evidence. Later conditional refund-year routing/reporting/corrections remain isolated candidates.; Complete multi-hop same-year transfer-chain reporting is not demonstrated by the bounded adopted direct predecessor transport; chains are internal source engineering, not unavailable tenant evidence. Later conditional refund-year routing/reporting/corrections remain isolated candidates.. Required actual inputs/external operations remain genuine; no new verification.",payroll.income_return.items; payroll.income_return.classes; payroll.income_return.cessation_return; duty_types:ANNUAL_EMPLOYMENT_INCOME_RETURN,"Singapore — the IR8A of a full year: salary, bonus, compulsory CPF and the MBMF split",SG-OBL-1,
SG-IRAS06,SG,tax,"Classify each benefit by IRAS exemption/concession, value it and prepare Appendix 8A or AIS equivalent. CPF exclusion does not imply income-tax exemption. Record benefit owner, period, cost/valuation and evidence.","IRAS Appendix 8A and benefits-in-kind, benefit treatment index",https://www.iras.gov.sg/taxes/individual-income-tax/employers/auto-inclusion-scheme-%28ais%29-for-employment-income/reporting-employee-earnings-%28ir8a-appendix-8a-appendix-8b%29,2026-09-26,2025-12-01,,PARTIAL,"Current source audit (2026-10-03). Integrated: Primary benefits valuations and official Appendix8A projection/schema are integrated, including cost/period evidence facts and independent tax treatment.. Incomplete: Native per-CLAIM financial source ownership for distinct same-code taxable/concession benefit claims remains absent; component replacement cannot supply a complete mixed source register. Whole Appendix value capture does not fix that upstream source ownership.; Native per-CLAIM financial source ownership for distinct same-code taxable/concession benefit claims remains absent; component replacement cannot supply a complete mixed source register. Whole Appendix value capture does not fix that upstream source ownership.. Required actual inputs/external operations remain genuine; no new verification.",payroll.income_return.items; payroll.income_return.classes,,,
SG-IRAS07,SG,tax,"Determine taxable event and gain, prepare Appendix 8B/AIS or IR21 Annex 2; inventory restricted/unvested awards in IR21 Annex 3 when clearance requires tracking. Keep grant, price, market value, exercise/vesting and cessation dates.","IRAS Appendix 8B, IR21 share-award annexes",https://www.iras.gov.sg/taxes/individual-income-tax/employers/auto-inclusion-scheme-%28ais%29-for-employment-income/reporting-employee-earnings-%28ir8a-appendix-8a-appendix-8b%29,2026-10-03,2025-12-01,,IMPLEMENTED,"Integrated: original grant/exercise/vesting/deemed events and per-unit lineage, remaining restricted/unvested inventory, Appendix 8B/AIS and IR21 Annex 2/3 source forms and tracking notifications. Four dated policies convert original foreign unit prices using the actual event-date quote and immutable single employer source policy, documented unavailable-rate hierarchy and employee communication; native income admission and payroll replay retain quote/policy/currency evidence. Actual original awards, quotes and authority records remain required inputs; source implementation, not behavioral verification.",seed/jurisdiction/SG/jurisdiction_settings.json:income_event_types/return_forms; src/lib/payroll/run/income-valuation-forex.ts; src/lib/payroll/run/income-events.ts; src/lib/payroll/run/clearance-cases.ts; src/data/collection/employment_income_events/+collection.ts; src/data/collection/recipient_income_events/+collection.ts,,,
SG-IRAS08,SG,tax,Report actual employer rent (including furniture) less employee rent for employer-rented residence; owned residence uses AV and applicable furnishing value; hotel actual cost less employee payment; housing cash allowance taxable in full. Apportion occupancy days/shared workers and add separately paid utilities.,IRAS accommodation valuation,https://www.iras.gov.sg/taxes/individual-income-tax/employers/understanding-the-tax-treatment/accommodation-and-related-benefits,2026-09-26,2025-12-01,,IMPLEMENTED,"Current source audit (2026-10-03). Integrated: Primary rented/owned/hotel/cash housing methods compute declared actual cost/AV/furnishing/day/share/payment values; utilities separate, taxable amounts and applicable Appendix8A flow to annual/clearance output.. Full stated scope implemented; saved-workflow verification remains due. Required actual inputs/external operations remain genuine; no new verification.",payroll.income_return.items; payroll.income_return.classes,,,
SG-IRAS09,SG,tax,"Separate non-taxable capital loss-of-office compensation/restrictive covenant from taxable PILON, ex gratia or gratuity for prior service. Tax taxable components when legally entitled, even if paid later; include component breakdown and supporting reason/agreement in IR8A/AIS or IR21.","IRAS retrenchment tax treatment, IR21 retrenchment documents",https://www.iras.gov.sg/taxes/individual-income-tax/basics-of-individual-income-tax/what-is-taxable-what-is-not/employment-income/retrenchment-benefits,2026-10-03,2025-12-01,,IMPLEMENTED,"Integrated: distinct evidenced LOSS_OF_OFFICE and RESTRICTIVE_COVENANT capital components remain non-taxable; PRIOR_SERVICE_LUMP_SUM and actual PILON are taxable with original entitlement dates. Annual/clearance forms preserve taxable and capital breakdowns. Notice compensation now calls the actual dated leave window/knowledge clock and source-authored regular/alternating/irregular/new-starter day-average policies; earlier frozen-only residual is integrated. Actual employment/termination agreement and component basis remain required; source implementation, not behavioral verification.",seed/jurisdiction/SG/jurisdiction_settings.json:income_event_types/return_forms/notice_compensation; seed/jurisdiction/SG/adhoc_catalogue.json; src/lib/notice-compensation.ts; src/lib/notice-working-day-average.ts; src/lib/payroll/run/income-events.ts,"Singapore — a cleared foreign leaver files IR21, not IR8A, with both years and the withheld moneys",,
SG-IRAS10,SG,tax,"Contractual bonus follows year of vested entitlement; noncontractual bonus generally follows payment/entitlement. Director fee approved in arrears follows AGM/board approval; advance approval follows service as performed. Select report year from contract, conditions, approval and service dates.",IRAS bonus and director-fee entitlement,https://www.iras.gov.sg/taxes/individual-income-tax/basics-of-individual-income-tax/what-is-taxable-what-is-not/employment-income/salary-bonus-director%27s-fee-commission-and-others,2026-09-26,2025-12-01,,PARTIAL,"Current source audit (2026-10-03). Integrated: Actual native BONUS/PWM request fiscal declarations, original paid source replacement, entitlement/conditions/approval/service dates and annual classification are integrated.. Incomplete: Conditional-advance actual refund qualification, annual identity, official supplement/report/notices and actual allocation correction producers/callers remain frozen packages. Partial/cross-year authority refund income-tax correction method remains unresolved in the retrieved official conditional workbook; general CPF excess review is not that method.; Conditional-advance actual refund qualification, annual identity, official supplement/report/notices and actual allocation correction producers/callers remain frozen packages. Partial/cross-year authority refund income-tax correction method remains unresolved in the retrieved official conditional workbook; general CPF excess review is not that method.. Required actual inputs/external operations remain genuine; no new verification.",payroll.income_return.classes; payroll.income_return.dates,"Singapore — the IR8A of a full year: salary, bonus, compulsory CPF and the MBMF split",,
SG-IRAS11,SG,tax,"Withhold 24% on qualifying remuneration, including SG-company board fee regardless of meeting location; e-file and pay by 15th of second month after deemed payment, with CP receipt. For arrears fee, AGM approval is normally deemed-payment date; advance approvals require service entitlement.","IRAS nonresident director withholding, payment-date rule",https://www.iras.gov.sg/taxes/withholding-tax/payments-to-non-resident-director/tax-obligations-for-non-resident-director,2026-09-26,2025-12-01,,PARTIAL,"Current source audit (2026-10-03). Integrated: Primary actual director/office fee withholding valuation, official S45 source schema, due/acceptance metadata, employee-office and nonemployment actual bank/net receipt routes are integrated.. Incomplete: Full nonemployment director remuneration in kind requires genuine benefit-valued office source/withholding linkage rather than treating all remuneration as one cash fee. Primary nonemployment permissions are source-kind-limited; employment benefit/foreign-equity valuation is not universally transported as office S45 remuneration. Authorized IRAS ODE/.45x transmission remains actual external capability, not a fake accepted receipt.; Full nonemployment director remuneration in kind requires genuine benefit-valued office source/withholding linkage rather than treating all remuneration as one cash fee. Primary nonemployment permissions are source-kind-limited; employment benefit/foreign-equity valuation is not universally transported as office S45 remuneration. Authorized IRAS ODE/.45x transmission remains actual external capability, not a fake accepted receipt.. Required actual inputs/external operations remain genuine; no new verification.",,,,
SG-IRAS12,SG,filing,Use Form IR21A within 30 days of the relevant share event rather than employee IR21/deemed exercise merely upon directorship resignation. Select director-only versus employee service and award dates.,IRAS nonresident director ESOP/ESOW exit FAQ,https://www.iras.gov.sg/taxes/withholding-tax/payments-to-non-resident-director/tax-obligations-for-non-resident-director,2026-09-26,2025-12-01,,EXTERNAL,"IR21A within 30 days of a share event is an employer filing; no share-award data. Evidence: SG-IRAS02 addresses employee IR21, not board-director IR21A. Open/why: Award/director class and 30-day event report are missing. Legacy status: No [IN-SYSTEM 2026-09-29]. Period: 2025-12+; resigning nonresident board director with later ESOP/ESOW exercise/assignment/release/acquisition.",,,,
SG-IRAS13,SG,final_pay,No IR21 if signed Letter of Undertaking says worker will stay; retain letter and report IR8A/AIS by next 1 March. Overseas posting still needs clearance unless a separate short incidental-posting concession applies.,IRAS IR21 SPR exemption,https://www.iras.gov.sg/taxes/individual-income-tax/employers/tax-clearance-for-foreign-spr-employees-%28ir21%29/tax-clearance-for-employees,2026-09-26,2025-12-01,,TESTED,"SPR-staying branch tested; the Letter of Undertaking is employer evidence. Evidence: SG-IRAS02 mentions exemptions generically. Open/why: SPR intention, signed letter, posting facts and annual-report routing are not selected/probed. Legacy status: No [IN-SYSTEM 2026-09-29]. Period: 2025-12+; SPR ceasing SG employment but not permanently departing.",exit_facts.leaving_singapore; payroll.tax_clearance.when; payroll.tax_clearance.release,"SG IR21: every non-citizen is held, except a permanent resident not leaving Singapore",,
SG-IRAS14,SG,final_pay,"Apply the matching exception only if no other SG employer in cessation year or prior year. The ≤60-day and two-year classes exclude directors, public entertainers and professionals; the two-year class also requires entry from 2007-01-01. Unknown prior-employer history routes to IRAS e-file check.",IRAS IR21 short-service and low-income concessions,https://www.iras.gov.sg/taxes/individual-income-tax/employers/tax-clearance-for-foreign-spr-employees-%28ir21%29/tax-clearance-for-employees,2026-09-26,2025-12-01,,IMPLEMENTED,"Current source audit (2026-10-03). Integrated: Primary case decisions require matching no-other-employer history, exclude special recipient classes for short/two-year exceptions, enforce entry/date/day/income facts, and route UNKNOWN history to needs_external_check with clearance required; native case/action/report callers consume decisions.. Full stated scope implemented; saved-workflow verification remains due. Required actual inputs/external operations remain genuine; no new verification.",payroll.tax_clearance.when; payroll.tax_clearance.release,,,
SG-IRAS15,SG,final_pay,"Qualifying SG-company transfer waives IR21 only with myTax Mail/waiver-template notice and both employers' following-year IR8A; later cessation in transition year needs IR21. Incidental overseas posting of at most six months can be exempt if return to same SG employer, valid pass and continuing SG pay; non-incidental posting needs clearance.",IRAS IR21 group transfer and posting concessions,https://www.iras.gov.sg/taxes/individual-income-tax/employers/tax-clearance-for-foreign-spr-employees-%28ir21%29/tax-clearance-for-employees,2026-09-26,2025-12-01,,IMPLEMENTED,Current source audit (2026-10-03). Integrated: Primary notified qualifying domestic transfer/transition-year cessation decision and incidental posting return/pass/SG-pay/six-month predicates are consumed by native clearance cases/holds and annual per-contract routing. Separate employers remain respective-period reporters by default.. Full stated scope implemented; saved-workflow verification remains due. Required actual inputs/external operations remain genuine; no new verification.,payroll.tax_clearance.when; payroll.tax_clearance.release,,,
SG-IRAS16,SG,final_pay,"File additional/amended IR21 and obtain further clearance before releasing new amount; do not report that income again through following-year IR8A/AIS. Keep original and amended directives, held and released amounts/dates.",IRAS IR21 additional income and duplicate-report rule,https://www.iras.gov.sg/taxes/individual-income-tax/employers/tax-clearance-for-foreign-spr-employees-%28ir21%29/tax-clearance-for-employees,2026-09-26,2025-12-01,,PARTIAL,"Current source audit (2026-10-03). Integrated: Separate actual held financial source and accepted-income baselines, actual new-income detection/additional or amended filings, directive release/payment coverage and annual exclusion are integrated.. Incomplete: Protected successor authorities/remainder/credit fingerprint integration remains source-only B dependency. Conditional later-refund year identity/reporting is source-only and must not be confused with additional taxable income or exemption release.; Protected successor authorities/remainder/credit fingerprint integration remains source-only B dependency. Conditional later-refund year identity/reporting is source-only and must not be confused with additional taxable income or exemption release.. Required actual inputs/external operations remain genuine; no new verification.",payroll.tax_clearance.release,,,
SG-IRAS17,SG,tax,Bring employer contribution to tax at contribution (former concession ended from YA2025) and report in IR8A/AIS or IR21 even if employee has since ceased SG service; distinguish foreign-sourced work.,IRAS overseas pension treatment,https://www.iras.gov.sg/taxes/individual-income-tax/basics-of-individual-income-tax/what-is-taxable-what-is-not/employment-income/salary-bonus-director%27s-fee-commission-and-others,2026-09-26,2024-01-01,,PARTIAL,"Current source audit (2026-10-03). Integrated: Primary OVERSEAS_PENSION rule maps actual contribution date, SG/foreign service source and raw employer amount to d5/annual or current clearance sources without CPF-tax inference.. Incomplete: Primary rule valid_when restricts contributed_on/event_date to 2025-01-01 onward, while this inventory row starts 2024-01-01/YA2025. Earlier law-scope source cannot be declared through that type. Full post-clearance protected-source successor scope is also not adopted.; Primary rule valid_when restricts contributed_on/event_date to 2025-01-01 onward, while this inventory row starts 2024-01-01/YA2025. Earlier law-scope source cannot be declared through that type. Full post-clearance protected-source successor scope is also not adopted.. Required actual inputs/external operations remain genuine; no new verification.",payroll.income_return.items,,,
SG-IRAS18.full,SG,tax,"Full tax borne by the employer: a taxable employment benefit assessed tax-on-tax, flagged on IR8A.","IRAS tax borne by employer, official tax-on-tax examples",https://www.iras.gov.sg/taxes/individual-income-tax/employers/understanding-the-tax-treatment/tax-paid-by-employer,2026-09-26,2025-12-01,,PARTIAL,"Current source audit (2026-10-03). Integrated: Primary native gross-up evaluator, source rate bands/agreements/reliefs/rebate facts and full-tax indicator are integrated.. Incomplete: Joint multiple-employer agreement/benefit allocation is not a conserved native cross-employer source producer. income-return taxBorne rejects multiple declarations; one event or manual totals does not implement joint allocation.; Joint multiple-employer agreement/benefit allocation is not a conserved native cross-employer source producer. income-return taxBorne rejects multiple declarations; one event or manual totals does not implement joint allocation.. full. Required actual inputs/external operations remain genuine; no new verification.",payroll.income_return.items,,,
SG-IRAS18.partial,SG,tax,"Partial tax borne: as above for the income amount covered, which IR8A indicates.","IRAS tax borne by employer, official tax-on-tax examples",https://www.iras.gov.sg/taxes/individual-income-tax/employers/understanding-the-tax-treatment/tax-paid-by-employer,2026-09-26,2025-12-01,,PARTIAL,Current source audit (2026-10-03). Integrated: Primary covered-income/proportion gross-up and covered-income official indicator are integrated.. Incomplete: Multiple-employer joint benefit/covered-income ownership and private-arrangement allocation remain unimplemented; do not infer a joint agreement from one entered aggregate amount.; Multiple-employer joint benefit/covered-income ownership and private-arrangement allocation remain unimplemented; do not infer a joint agreement from one entered aggregate amount.. partial. Required actual inputs/external operations remain genuine; no new verification.,payroll.income_return.items,,,
SG-IRAS18.fixed-allowance,SG,tax,A fixed tax allowance is taxable cash.,"IRAS tax borne by employer, official tax-on-tax examples",https://www.iras.gov.sg/taxes/individual-income-tax/employers/understanding-the-tax-treatment/tax-paid-by-employer,2026-09-26,2025-12-01,,IMPLEMENTED,"Current source audit (2026-10-03). Integrated: Primary FIXED_TAX_ALLOWANCE evaluates actual event amount as taxable d1_allowances; native evidenced income record, annual aggregation and official output integrated. No tax-on-tax arrangement inferred.. Full stated scope implemented; saved-workflow verification remains due. fixed-allowance. Required actual inputs/external operations remain genuine; no new verification.",payroll.income_return.items,,,
SG-IRAS19,SG,filing,"Prepare IR8A and applicable Appendices 8A/8B by the following 1 March, but do not generate or submit Form IR8S from YA2026. In AIS, use the current IR8A schema rather than requiring the removed citizenship, gross-commission-period/type, allowance-breakdown or loss-of-office-approval fields; retain source data when still relevant to legal classification. Record return year and accepted schema/version.","IRAS employer-form rule, myTax Portal September 2025 changes",https://www.iras.gov.sg/taxes/individual-income-tax/employers/auto-inclusion-scheme-%28ais%29-for-employment-income/reporting-employee-earnings-%28ir8a-appendix-8a-appendix-8b%29,2026-09-26,2025-12-01,,TESTED,"Current IR8A schema without IR8S from YA2026 tested. Evidence: SG-IRAS05 covers broad form populations but not this dated form removal and schema branch. Open/why: No YA-specific form/schema selector, IR8S suppression or accepted current-format return is evidenced. Legacy status: No [IN-SYSTEM 2026-09-29]. Period: Income year 2025/YA2026 onward; AIS or non-AIS employer preparing annual employment returns. Other sources: https://www.iras.gov.sg/digital-services/others/key-enhancements-to-mytax-portal",payroll.income_return.form,Singapore — every sealed version maps the IR8A items and the MUIS MBMF allocation,,
SG-IRAS20,SG,tax,"Treat interest on the refunded employee CPF contribution as taxable employment income and report it under IR8A allowances/AIS equivalent. Distinguish refunded principal from interest, identify the employee, receipt/payment and income year, and reconcile the accepted annual return. Removal of IR8S does not exempt this interest.","IRAS September 2025 employer-service change, IR8A/Appendix reporting rule",https://www.iras.gov.sg/digital-services/others/key-enhancements-to-mytax-portal,2026-09-26,2025-12-01,,IMPLEMENTED,"Current source audit (2026-10-03). Integrated: Primary CPF_REFUND_INTEREST retains distinct refunded_principal, refunded_on, actual interest amount and employee identity, reports only interest as taxable d1_allowances; current annual filing/accepted-source lifecycle and no-IR8S schema are integrated.. Full stated scope implemented; saved-workflow verification remains due. Required actual inputs/external operations remain genuine; no new verification.",payroll.income_return.items,,,
SG-HR28,SG,other,"Communicate formal-request process, log request, assess business grounds and give written decision within two months, with reason for rejection. An approved change to hours/load/place must feed dated contract, attendance and pay inputs. This is a mandatory tripartite guideline, not an EA wage formula.","MOM Tripartite Guidelines on FWA Requests, official guideline PDF",https://www.mom.gov.sg/employment-practices/good-work-practices/flexible-work-arrangements,2026-09-26,2024-12-01,,EXTERNAL,"FWA request handling is an HR process. Evidence: No formal FWA case, response or downstream schedule change proof. Open/why: Request/decision clock, reason, delivery and effective schedule/pay change are HR process facts outside current run. Legacy status: No [IN-SYSTEM 2026-09-29]. Period: Guideline effective 2024-12-01; 2025-12+ employer receiving a formal employee request, with guideline's post-probation scope. Other sources: https://www.mom.gov.sg/-/media/mom/documents/press-releases/2024/tripartite-guidelines-on-flexible-work-arrangement-requests.pdf",,,,
SG-PWM02,SG,minimum_wage,"Select office/F&B/conservancy or in-house group, actual duty rung, full/part-time, date and basic wage floor. Office general cleaner full-time floor $1,910→$2,080 at July 2026. Eligible cleaners also receive annual PWM bonus at least two weeks' basic wage, pro-rated for part-time, plus required training by outsourced/in-house class.",MOM cleaning PWM schedule,https://www.mom.gov.sg/employment-practices/progressive-wage-model/cleaning-sector,2026-09-26,2025-07-01,,PARTIAL,Current source audit (2026-10-03). Integrated: Existing PWM_ROLE dated contracted monthly comparator and WARNING; baseline statutory schedules only.. Incomplete: Full actual source wage/training/role/OED/annual bonus runtime packet is not integrated; existing contract-only comparator cannot establish row scope.; Actual retained paid-leave base cash attribution remains missing; dated cash alone cannot split mixed-day work/leave amounts.. Required actual inputs/external operations remain genuine; no new verification.,checks:PWM_BELOW_FLOOR; terms_facts:pwm_role; reference_rows:PWM_ROLE,,SG-PWM02-1; SG-PWM02-2; SG-PWM02-3,
SG-PWM03,SG,minimum_wage,"Distinguish outsourced basic monthly/hourly floors from in-house gross excluding OT floors. Entry outsourced full-time officer $2,870→$3,090 in January 2026; in-house $2,315→$2,475. Apply rank/training and PRD 72-extra-hours limit. Do not automatically apply EA Part IV OT to full-time outsourced officers whose basic wages exceed its $2,600 non-workman ceiling.",MOM security PWM schedule,https://www.mom.gov.sg/employment-practices/progressive-wage-model/security-sector,2026-09-26,2025-01-01,,PARTIAL,Current source audit (2026-10-03). Integrated: Existing PWM_ROLE dated contracted monthly comparator and WARNING; baseline statutory schedules only.. Incomplete: Full actual source wage/training/role/OED/annual bonus runtime packet is not integrated; existing contract-only comparator cannot establish row scope.; Actual retained paid-leave base cash attribution remains missing; dated cash alone cannot split mixed-day work/leave amounts.. Required actual inputs/external operations remain genuine; no new verification.,checks:PWM_BELOW_FLOOR; terms_facts:pwm_role; reference_rows:PWM_ROLE,,SG-PWM03-1,
SG-PWM04,SG,minimum_wage,"Select landscape rung and basic full-time/part-time floor; entry worker $1,950→$2,095 in July 2026. Eligible workers receive annual PWM bonus at least two weeks' basic wage; outsourced module ladder differs from in-house WSQ/training-programme route.",MOM landscape PWM schedule,https://www.mom.gov.sg/employment-practices/progressive-wage-model/landscape-sector,2026-09-26,2025-07-01,,PARTIAL,Current source audit (2026-10-03). Integrated: Existing PWM_ROLE dated contracted monthly comparator and WARNING; baseline statutory schedules only.. Incomplete: Full actual source wage/training/role/OED/annual bonus runtime packet is not integrated; existing contract-only comparator cannot establish row scope.; Actual retained paid-leave base cash attribution remains missing; dated cash alone cannot split mixed-day work/leave amounts.. Required actual inputs/external operations remain genuine; no new verification.,checks:PWM_BELOW_FLOOR; terms_facts:pwm_role; reference_rows:PWM_ROLE,,SG-PWM04-1,
SG-PWM05,SG,minimum_wage,"Select BCA RW02B/RW03B contractor status, maintenance role and basic monthly floor; assistant specialist $2,525→$2,750 in July 2026. Keep relevant certification/training evidence and distinguish an in-house employer outside the named mandatory contractor class.",MOM lift/escalator PWM schedule,https://www.mom.gov.sg/employment-practices/progressive-wage-model/lift-and-escalator-sector,2026-09-26,2025-07-01,,PARTIAL,Current source audit (2026-10-03). Integrated: Existing PWM_ROLE dated contracted monthly comparator and WARNING; baseline statutory schedules only.. Incomplete: Full actual source wage/training/role/OED/annual bonus runtime packet is not integrated; existing contract-only comparator cannot establish row scope.; Actual retained paid-leave base cash attribution remains missing; dated cash alone cannot split mixed-day work/leave amounts.. Required actual inputs/external operations remain genuine; no new verification.,checks:PWM_BELOW_FLOOR; terms_facts:pwm_role; reference_rows:PWM_ROLE,,SG-PWM05-1,
SG-PWM06,SG,minimum_wage,"Select retail rung and gross excluding OT monthly or hourly floor; assistant/cashier $2,305→$2,435 full-time in September 2026; retail manager and retail supervisor have no scheduled PWM wage floor (left to market forces), although the sector training rule covers all listed retail roles. Meet either current-month wage requirement or past-three-month average wages at least past-three-month average requirements, inclusive of applicable OT pay. Part IV workers above 44 hours also meet 1.5× basic OT and PWM gross OT floor; training/new-hire six-month grace applies.",MOM retail PWM schedule and averaging,https://www.mom.gov.sg/employment-practices/progressive-wage-model/retail-sector,2026-09-26,2025-09-01,,PARTIAL,Current source audit (2026-10-03). Integrated: Existing PWM_ROLE dated contracted monthly comparator and WARNING; baseline statutory schedules only.. Incomplete: Full actual source wage/training/role/OED/annual bonus runtime packet is not integrated; existing contract-only comparator cannot establish row scope.; Actual retained paid-leave base cash attribution remains missing; dated cash alone cannot split mixed-day work/leave amounts.. Required actual inputs/external operations remain genuine; no new verification.,checks:PWM_BELOW_FLOOR; terms_facts:pwm_role; reference_rows:PWM_ROLE,,SG-PWM06-1; SG-PWM06-2,
SG-PWM07,SG,minimum_wage,"Classify quick service/supermarket-ready-food versus full service and food versus waiter rung; use gross excluding OT monthly/hourly schedule. Quick-service food/drink stall assistant $2,080→$2,220 full-time in July 2026; senior cooks and full-service managers have no scheduled wage floor, and their WSQ training is encouraged rather than mandatory. Part IV workers over 44 hours meet both 1.5× basic OT and separate PWM gross OT floor; most roles require two approved WSQ modules/IHL equivalent, with six-month new-hire grace.",MOM food-services PWM schedule,https://www.mom.gov.sg/employment-practices/progressive-wage-model/food-services-sector,2026-09-26,2025-03-01,,PARTIAL,Current source audit (2026-10-03). Integrated: Existing PWM_ROLE dated contracted monthly comparator and WARNING; baseline statutory schedules only.. Incomplete: Full actual source wage/training/role/OED/annual bonus runtime packet is not integrated; existing contract-only comparator cannot establish row scope.; Actual retained paid-leave base cash attribution remains missing; dated cash alone cannot split mixed-day work/leave amounts.. Required actual inputs/external operations remain genuine; no new verification.,checks:PWM_BELOW_FLOOR; terms_facts:pwm_role; reference_rows:PWM_ROLE,,SG-PWM07-1,
SG-PWM08,SG,minimum_wage,"Select licensed sub-sector and job rung, gross excluding OT monthly/part-time floor; waste-collection crew $2,630→$2,840 in July 2026. Eligible workers receive annual PWM bonus at least one month's basic wage, pro-rated for part-time. Part IV OT has 1.5× basic plus PWM gross OT floor; WSQ modules vary by rung.",MOM waste-management PWM schedule,https://www.mom.gov.sg/employment-practices/progressive-wage-model/waste-management-sector,2026-09-26,2025-07-01,,PARTIAL,Current source audit (2026-10-03). Integrated: Existing PWM_ROLE dated contracted monthly comparator and WARNING; baseline statutory schedules only.. Incomplete: Full actual source wage/training/role/OED/annual bonus runtime packet is not integrated; existing contract-only comparator cannot establish row scope.; Actual retained paid-leave base cash attribution remains missing; dated cash alone cannot split mixed-day work/leave amounts.. Required actual inputs/external operations remain genuine; no new verification.,checks:PWM_BELOW_FLOOR; terms_facts:pwm_role; reference_rows:PWM_ROLE,,SG-PWM08-1,
SG-PWM09,SG,minimum_wage,"Classify supervisor/executive/assistant by actual duties and apply gross excluding OT monthly/hourly table; assistant full-time $1,980→$2,170 in July 2026. Part IV workers over 44 hours meet basic OT and OPW gross OT floor; one WSQ or documented in-house training, with six-month new-hire grace.",MOM administrator OPW schedule,https://www.mom.gov.sg/employment-practices/progressive-wage-model/occupational-pws-for-administrators-and-drivers,2026-09-26,2025-07-01,,PARTIAL,Current source audit (2026-10-03). Integrated: Existing PWM_ROLE dated contracted monthly comparator and WARNING; baseline statutory schedules only.. Incomplete: Full actual source wage/training/role/OED/annual bonus runtime packet is not integrated; existing contract-only comparator cannot establish row scope.; Actual retained paid-leave base cash attribution remains missing; dated cash alone cannot split mixed-day work/leave amounts.. Required actual inputs/external operations remain genuine; no new verification.,checks:PWM_BELOW_FLOOR; terms_facts:pwm_role; reference_rows:PWM_ROLE,,SG-PWM09-1,
SG-PWM10,SG,minimum_wage,"Before July classify general/specialised driver ($2,190/$2,320 full-time gross in final old period). From July classify Class 3-or-below versus Class 4-or-above and level; Group A Level 1 $2,370, Group B Level 1 $2,505 full-time gross excluding OT. Use actual driving duty, licence, hours, part-time and Part IV OT gross schedule plus training/grace.",MOM driver OPW schedule,https://www.mom.gov.sg/employment-practices/progressive-wage-model/occupational-pws-for-administrators-and-drivers,2026-09-26,2025-07-01,,PARTIAL,Current source audit (2026-10-03). Integrated: Existing PWM_ROLE dated contracted monthly comparator and WARNING; baseline statutory schedules only.. Incomplete: Full actual source wage/training/role/OED/annual bonus runtime packet is not integrated; existing contract-only comparator cannot establish row scope.; Actual retained paid-leave base cash attribution remains missing; dated cash alone cannot split mixed-day work/leave amounts.. Required actual inputs/external operations remain genuine; no new verification.,checks:PWM_BELOW_FLOOR; terms_facts:pwm_role; reference_rows:PWM_ROLE,,SG-PWM10-1; SG-PWM10-2,
SG-LQS02,SG,minimum_wage,"For under-35-hour part-time, compare monthly gross wages ÷ actual monthly hours with $10.50/hour; 35–44 hours uses dated monthly gross floor; above 44 hours uses the separate increasing LQS overtime wage schedule. Issue a wage-underfloor result with worker/month and pass-renewal consequence.","MOM LQS pay-floor rule, July 2026 announcement",https://www.mom.gov.sg/employment-practices/progressive-wage-model/local-qualifying-salary,2026-09-26,2025-12-01,,PARTIAL,Current source audit (2026-10-03). Integrated: Existing PWM_ROLE dated contracted monthly comparator and WARNING; baseline statutory schedules only.. Incomplete: Full actual source wage/training/role/OED/annual bonus runtime packet is not integrated; existing contract-only comparator cannot establish row scope.. Required actual inputs/external operations remain genuine; no new verification.,work_rules.wages,,,
SG-LQS03,SG,other,"Count a citizen/SPR contract-of-service employee/director using the dated monthly gross bands; otherwise zero. Exclude sole-proprietor/partner, platform worker and employee drawing salaries/CPF from three or more employers. Do not double-count one worker across the same firm's CPF accounts. MOM uses a rolling three-month average of CPF-declared wage and contribution data, with reporting timing affecting the quota month; join employer/UEN, declaration/paid month, worker, amount and pass-quota period. A part-time worker can meet the $10.50 hourly wage floor yet count zero below the monthly half-LQS band.","MOM 2025 quota guide, 2026 LQS announcement, current count FAQ",https://www.mom.gov.sg/-/media/mom/documents/services-forms/passes/guide_on_comp_of_company_quota_balance.pdf,2026-09-26,2025-12-01,,EXTERNAL,"Local quota count is MOM's computation from CPF data. Evidence: SG-LQS01 does not compute quota; SG-FWL01 lacks the joined local count and three-month calculation. Open/why: Dated bands, three-month CPF timing, multiple employers/accounts, worker class, part-time zero-count and resulting pass quota have no executable rule or saved MOM reconciliation. Legacy status: No [IN-SYSTEM 2026-09-29]. Period: 2025-12–2026-06: 0.5 at $800–<$1,600 and 1 at ≥$1,600; from 2026-07-01: 0.5 at $900–<$1,800 and 1 at ≥$1,800. Other sources: https://www.mom.gov.sg/-/media/mom/documents/press-releases/2026/factsheet-on-lower-wage-workers-03032026.pdf; https://www.mom.gov.sg/faq/work-pass-general/how-should-i-count-my-local-employees-to-calculate-my-work-permit-and-s-pass-quota",,,,
SG-HR29,SG,filing,"Maintain and submit current OED occupation/employment facts per UEN when they change; for prorated full-timers report days/join/exit and for part-timers actual hours. Where worker has multiple PWM roles, declare the role occupying most work time. OED plus CPF wage data feeds PWM/LQS assessment and pass access.",MOM Occupational Employment Dataset FAQ,https://stats.mom.gov.sg/Pages/OED-FAQ.aspx?PageVersion=31232,2026-09-26,2025-12-01,,EXTERNAL,"OED submission is an employer filing. Evidence: No OED submission/acceptance or role history. Open/why: Entity/UEN, role-time evidence, changed-row detection, actual hours/days, submit date and accepted OED record are unverified. Legacy status: No [EXTERNAL 2026-09-29]. Period: In operation by 2025-12; July 2026 issuer FAQ confirms all registered businesses, all citizen/SPR/foreign employees on payroll.",,,,
SG-HR30,SG,other,"Check whether any local worker is PWM/OPW covered and Government procurement contract triggers accreditation for contract period. PW Mark qualification requires relevant PWM/OPW wages and LQS for other local workers; keep award, accreditation and validity evidence.",MOM Progressive Wage Mark condition,https://www.mom.gov.sg/employment-practices/progressive-wage-model/progressive-wage-mark,2026-09-26,2023-03-01,,EXTERNAL,"PW Mark accreditation is a procurement process. Evidence: External procurement/HR process not in payroll. Open/why: Contract/tender class, supplier role, wage assessment and current PW Mark accreditation are not evidenced. Legacy status: No [EXTERNAL 2026-09-29]. Period: Government tenders called from 2023-03-01 and quotations from 2024-03-01, continuing 2025-12+; eligible supplier/subcontractor awarded relevant contract.",,,,
SG-HR31,SG,wages,"Pay at least declared/revised basic monthly salary plus fixed monthly allowances, within seven days after a period of at most one month, even when no work is available, subject to the stated no-pay-leave-outside-Singapore exception and other written law. Variable bonus/OT/reimbursement cannot be used to satisfy fixed salary.","Work Passes Regulations Fourth Schedule salary conditions, MOM Work Permit salary guidance",https://sso.agc.gov.sg/SL/EFMA1990-S569-2012?DocDate=20251230&ProvIds=Sc4-&ValidDate=20260101,2026-09-26,2025-12-01,,PARTIAL,"Current source audit (2026-10-03). Integrated: Documentary declared monthly basic and fixed allowances bind native monthly salary; component-specific WP reduction and actual EP/SP advance reassessment notification/outcome/consent checks.. Incomplete: Actual guaranteed no-work pay, lawful overseas NPL, accepted revised pass figure and replacement/cancellation/full cash lifecycle remain; variable money must not be substituted for fixed guarantee.. Required actual inputs/external operations remain genuine; no new verification.",checks:WORK_PERMIT_BELOW_DECLARED_SALARY; terms_facts:declared_fixed_monthly_salary,,SG-HR31-1; SG-HR31-2,
SG-HR32,SG,wages,"Seek Controller reassessment before reduction. If pass no longer qualifies, obtain appropriate valid replacement pass before implementing; if retained, pay no less than the reassessed figure. Track application, response/effective date, pass, basic and fixed allowance amounts.","Work Passes Regulations Fifth/Sixth Schedule reassessment, EP condition",https://sso.agc.gov.sg/SL/EFMA1990-S569-2012?DocDate=20251230&ProvIds=Sc5-&ValidDate=20260101,2026-09-26,2025-12-01,,PARTIAL,"Current source audit (2026-10-03). Integrated: Documentary declared monthly basic and fixed allowances bind native monthly salary; component-specific WP reduction and actual EP/SP advance reassessment notification/outcome/consent checks.. Incomplete: Actual guaranteed no-work pay, lawful overseas NPL, accepted revised pass figure and replacement/cancellation/full cash lifecycle remain; variable money must not be substituted for fixed guarantee.. Required actual inputs/external operations remain genuine; no new verification.",checks:PASS_SALARY_REDUCTION_UNAPPROVED; terms_facts:pass_salary_reassessment_ref,,SG-HR32-1; SG-HR32-2,
SG-HR33,SG,wages,Pay salary electronically (GIRO/funds transfer) from the three-month deadline and retain payment record; select pass issue and actual transfer dates/mode.,MOM S Pass electronic-pay requirement,https://www.mom.gov.sg/passes-and-permits/s-pass/paying-salaries,2026-09-26,2025-12-01,,EXTERNAL,"Electronic salary payment is the employer's payment act. Evidence: Salary calculation has no verified banking transaction output. Open/why: S Pass issue-to-deadline clock, payment channel, bank receipt and ongoing transfer record are absent. Legacy status: No [EXTERNAL 2026-09-29]. Period: 2025-12+; employer of S Pass holder, within three months after pass issue.",,,,
SG-HR34,SG,wages,Credit wages directly to worker's bank account for dormitory resident. Cash is permitted for worker outside dormitory; retain monthly wage record and proof of agreed account-book custody/access if used.,MOM Work Permit payment-route rule,https://www.mom.gov.sg/passes-and-permits/work-permit-for-foreign-worker/sector-specific-rules/paying-the-salary,2026-09-26,2025-12-01,,EXTERNAL,"Payment route by housing is the employer's payment act. Evidence: No housing-to-payment-route selector or actual receipt. Open/why: Dormitory dates, bank/cash mode, worker account, receipt and record inspection are external/unverified. Legacy status: No [EXTERNAL 2026-09-29]. Period: 2025-12+; Work Permit holder in dormitory versus other housing.",,,,
SG-HR35,SG,other,"Select pass type, financial-services sector, age and exact application/expiry cohort. Current entry floors: EP $5,600 general/$6,200 finance, S Pass $3,300 general/$3,800 finance, increasing by age. EP also has COMPASS unless exempt. Evaluate fixed salary and retain eligibility decision; do not impose announced 2027 floors on 2026 cases.","MOM EP salary table, S Pass salary table, MOM 2026 cohort table",https://www.mom.gov.sg/passes-and-permits/employment-pass/eligibility,2026-09-26,2025-01-01,,EXTERNAL,"Pass salary eligibility is a MOM decision. Evidence: SG-HR08 has no age/sector salary table or eligibility output. Open/why: Pass, sector, age, dated application/renewal, COMPASS result and official decision are not represented or probed. Legacy status: No [EXTERNAL 2026-09-29]. Period: EP current floor for applications from 2025-01-01 and renewals from 2026-01-01; S Pass current floor for applications from 2025-09-01 and renewals expiring from 2026-09-01; next floors for 2027 applications/2028-expiring renewals, not operative by 2026-09. Other sources: https://www.mom.gov.sg/passes-and-permits/s-pass/eligibility; https://www.mom.gov.sg/-/media/mom/documents/press-releases/2026/factsheet-on-foreign-workforce-policies-03032026.pdf",,,,
SG-PWM11,SG,minimum_wage,"Select the sector's actual wage base. Gross-based retail, food services, waste, in-house security and administrator/driver OPW may count basic pay, allowances, commissions and productivity incentives, but exclude bonus/AWS, stock options, special-expense reimbursements, in-kind pay and employer CPF; employee CPF is part of wages, not added separately. Cleaning, outsourced security, landscape and lift/escalator use their prescribed basic-wage bases. Exclude OT when the schedule says gross excluding OT, then test the separate OT floor. Output is component-by-component qualifying wages and shortfall.","MOM gross-wage component FAQ, basic/gross sectors FAQ, CPF inclusion FAQ",https://www.mom.gov.sg/faq/progressive-wage-model/why-are-some-pwm-wage-requirements-based-on-monthly-gross-wage-instead-of-basic-wage,2026-09-26,2025-12-01,,PARTIAL,Current source audit (2026-10-03). Integrated: Existing PWM_ROLE dated contracted monthly comparator and WARNING; baseline statutory schedules only.. Incomplete: Full actual source wage/training/role/OED/annual bonus runtime packet is not integrated; existing contract-only comparator cannot establish row scope.; Actual retained paid-leave base cash attribution remains missing; dated cash alone cannot split mixed-day work/leave amounts.. Required actual inputs/external operations remain genuine; no new verification.,work_rules.wages,,,
SG-PWM12,SG,minimum_wage,"Classify and pay by the job role occupying more than half the worker's time; where that is a PWM role, apply its rung and record the agreed role/salary in writing. Submit the same selected role to OED. A title alone does not decide the rung. Obtain duty-time allocation, contract/agreement and effective month; a 50/50 tie needs MOM/contract resolution rather than an invented priority.","MOM multiple-job-functions FAQ, OED PWM assessment FAQ",https://www.mom.gov.sg/faq/progressive-wage-model/how-should-i-pay-my-employees-who-perform-multiple-job-functions-according-to-pwm-wage-requirements,2026-09-26,2025-12-01,,PARTIAL,Current source audit (2026-10-03). Integrated: Existing PWM_ROLE dated contracted monthly comparator and WARNING; baseline statutory schedules only.. Incomplete: Full actual source wage/training/role/OED/annual bonus runtime packet is not integrated; existing contract-only comparator cannot establish row scope.; Actual retained paid-leave base cash attribution remains missing; dated cash alone cannot split mixed-day work/leave amounts.; Snapshot CSV is not authenticated OED submission or proven official upload transport.. Required actual inputs/external operations remain genuine; no new verification.,work_rules.wages,,,
SG-PWM13,SG,minimum_wage,"Apply the normal wage/training requirement by default. For a customised/reduced job with higher support needs, route certified condition, actual job description, altered scope and support evidence to MOM for case review; do not grant an automatic wage exemption. Retain MOM's decision and effective scope before altering assessment.",MOM disability and mental-health PWM FAQ,https://www.mom.gov.sg/faq/progressive-wage-model/is-there-any-exemption-from-pwm-requirements-for-persons-with-disabilities,2026-09-26,2025-12-01,,PARTIAL,Current source audit (2026-10-03). Integrated: Existing PWM_ROLE dated contracted monthly comparator and WARNING; baseline statutory schedules only.. Incomplete: Full actual source wage/training/role/OED/annual bonus runtime packet is not integrated; existing contract-only comparator cannot establish row scope.; Actual retained paid-leave base cash attribution remains missing; dated cash alone cannot split mixed-day work/leave amounts.. Required actual inputs/external operations remain genuine; no new verification.,work_rules.wages,,,
SG-PWM14,SG,minimum_wage,"Provide contractual weekly hours, total working days, actual days worked, paid-leave days and actual hours to assess the applicable PWM/LQS monthly proration; sectoral part-time hourly formulas use their published basis (food services: 44-hour basis). Match OED facts with the actual uncapped CPF wage declaration in SG-CPF16, and retain the resulting month-specific floor/shortfall. Do not apply one global hours/week ×52÷12 formula across sectors.","MOM OED PWM/LQS assessment FAQ, food-services part-time basis",https://stats.mom.gov.sg/Pages/PWM-FAQ.aspx?PageVersion=7680,2026-09-26,2025-12-01,,PARTIAL,Current source audit (2026-10-03). Integrated: Existing PWM_ROLE dated contracted monthly comparator and WARNING; baseline statutory schedules only.. Incomplete: Full actual source wage/training/role/OED/annual bonus runtime packet is not integrated; existing contract-only comparator cannot establish row scope.; Actual retained paid-leave base cash attribution remains missing; dated cash alone cannot split mixed-day work/leave amounts.; Month-specific actual CPF uncapped declaration/source reconciliation is not full-source qualified.. Required actual inputs/external operations remain genuine; no new verification.,work_rules.wages,,,
SG-CPF18.above-55-60,SG,contribution,"Above 55 to 60: total 32.5% for 2025 wages; 34% from 2026 (employer 16%, employee 18%).","CPF Board 2026 rate announcement, current rate table",https://www.cpf.gov.sg/content/dam/web/employer/employer-obligations/documents/CPFcontributionratesfrom1Jan2026.pdf,2026-09-30,2025-12-01,,VERIFIED,"Split from SG-CPF18 (2026-09-30). Verified by SG-CPF18-1, SG-CPF18-7 on 2026-09-29. SG-CPF18-17 pending the test phase.",statutory_contributions:CPF.rules,"Singapore — the CPF age band moves the month after the birthday, not in the birthday month",SG-CPF18-1; SG-CPF18-7; SG-CPF18-17,2026-09-29
SG-CPF18.above-60-65,SG,contribution,Above 60 to 65: total 23.5% for 2025 wages; 25% from 2026 (12.5% each).,"CPF Board 2026 rate announcement, current rate table",https://www.cpf.gov.sg/content/dam/web/employer/employer-obligations/documents/CPFcontributionratesfrom1Jan2026.pdf,2026-09-30,2025-12-01,,VERIFIED,Split from SG-CPF18 (2026-09-30). Verified by SG-CPF18-2 on 2026-09-29. SG-CPF18-8 passed in the R8 run 2026-09-30 (after the parent’s verified_at 2026-09-29). SG-CPF18-18 pending the test phase.,statutory_contributions:CPF.rules,"Singapore — the CPF age band moves the month after the birthday, not in the birthday month",SG-CPF18-2; SG-CPF18-8; SG-CPF18-18,2026-09-29
SG-CPF18.above-65-70,SG,contribution,"Above 65 to 70: the Table 1 rate of the contribution year (2026: total 16.5%, employee 7.5%).","CPF Board 2026 rate announcement, current rate table",https://www.cpf.gov.sg/content/dam/web/employer/employer-obligations/documents/CPFcontributionratesfrom1Jan2026.pdf,2026-09-30,2025-12-01,,VERIFIED,"Split from SG-CPF18 (2026-09-30). Verified by SG-CPF18-3 on 2026-09-29. SG-CPF18-15, SG-CPF18-20 pending the test phase.",statutory_contributions:CPF.rules,"Singapore — the CPF age band moves the month after the birthday, not in the birthday month",SG-CPF18-3; SG-CPF18-15; SG-CPF18-20,2026-09-29
SG-CPF18.above-70,SG,contribution,"Above 70: the Table 1 rate of the contribution year (2026: total 12.5%, employee 5%).","CPF Board 2026 rate announcement, current rate table",https://www.cpf.gov.sg/content/dam/web/employer/employer-obligations/documents/CPFcontributionratesfrom1Jan2026.pdf,2026-09-30,2025-12-01,,VERIFIED,"Split from SG-CPF18 (2026-09-30). Verified by SG-CPF18-4 on 2026-09-29. SG-CPF18-16, SG-CPF18-19 pending the test phase.",statutory_contributions:CPF.rules,"Singapore — the CPF age band moves the month after the birthday, not in the birthday month",SG-CPF18-4; SG-CPF18-16; SG-CPF18-19,2026-09-29
SG-CPF18.seam-55,SG,contribution,The above-55 rate applies from the first day of the month after the 55th birthday.,"CPF Board 2026 rate announcement, current rate table",https://www.cpf.gov.sg/content/dam/web/employer/employer-obligations/documents/CPFcontributionratesfrom1Jan2026.pdf,2026-09-30,2025-12-01,,VERIFIED,"Split from SG-CPF18 (2026-09-30). Verified by SG-CPF18-5, SG-CPF18-6 on 2026-09-29.",statutory_contributions:CPF.rules,"Singapore — the CPF age band moves the month after the birthday, not in the birthday month",SG-CPF18-5; SG-CPF18-6,2026-09-29
SG-CPF18.seam-60,SG,contribution,The above-60 rate applies from the first day of the month after the 60th birthday.,"CPF Board 2026 rate announcement, current rate table",https://www.cpf.gov.sg/content/dam/web/employer/employer-obligations/documents/CPFcontributionratesfrom1Jan2026.pdf,2026-09-30,2025-12-01,,TESTED,"Split from SG-CPF18 (2026-09-30). Golden-tested. SG-CPF18-9, SG-CPF18-10 passed in the R8 run 2026-09-30 (after the parent’s verified_at 2026-09-29).",statutory_contributions:CPF.rules,"SG audit — CPF age bands at 60, 65 and 70 move the month after the birthday",SG-CPF18-9; SG-CPF18-10,
SG-CPF18.seam-65,SG,contribution,The above-65 rate applies from the first day of the month after the 65th birthday.,"CPF Board 2026 rate announcement, current rate table",https://www.cpf.gov.sg/content/dam/web/employer/employer-obligations/documents/CPFcontributionratesfrom1Jan2026.pdf,2026-09-30,2025-12-01,,TESTED,"Split from SG-CPF18 (2026-09-30). Golden-tested. SG-CPF18-11, SG-CPF18-12 passed in the R8 run 2026-09-30 (after the parent’s verified_at 2026-09-29).",statutory_contributions:CPF.rules,"SG audit — CPF age bands at 60, 65 and 70 move the month after the birthday",SG-CPF18-11; SG-CPF18-12,
SG-CPF18.seam-70,SG,contribution,The above-70 rate applies from the first day of the month after the 70th birthday.,"CPF Board 2026 rate announcement, current rate table",https://www.cpf.gov.sg/content/dam/web/employer/employer-obligations/documents/CPFcontributionratesfrom1Jan2026.pdf,2026-09-30,2025-12-01,,TESTED,"Split from SG-CPF18 (2026-09-30). Golden-tested. SG-CPF18-13, SG-CPF18-14 passed in the R8 run 2026-09-30 (after the parent’s verified_at 2026-09-29).",statutory_contributions:CPF.rules,"SG audit — CPF age bands at 60, 65 and 70 move the month after the birthday",SG-CPF18-13; SG-CPF18-14,
SG-CPF18.transition-offset,SG,contribution,"The 2026 employer CPF Transition Offset is automatic government support, not a reduction of the CPF payable or a worker deduction (SG-CPF30).","CPF Board 2026 rate announcement, current rate table",https://www.cpf.gov.sg/content/dam/web/employer/employer-obligations/documents/CPFcontributionratesfrom1Jan2026.pdf,2026-09-30,2025-12-01,,NOT-APPLICABLE,Split from SG-CPF18 (2026-09-30). No payroll output; see SG-CPF30.,statutory_contributions:CPF.rules,,,
SG-CPF19.table-1,SG,contribution,"Table 1: a citizen, a third-year-plus SPR, or an SPR with approved full/full rates.","CPF Board 2025 five-table rate booklet, 2026 five-table rate booklet",https://www.cpf.gov.sg/content/dam/web/employer/employer-obligations/documents/CPFcontributionratesfrom1Jan2026.pdf,2026-09-30,2025-12-01,,VERIFIED,Split from SG-CPF19 (2026-09-30). Verified by SG-CPF01-3 on 2026-09-29. SG-CPF19-5 passed in the R8 run 2026-09-30 (after the parent’s verified_at 2026-09-29).,statutory_contributions:CPF.rules,"Singapore — every CPF table cell, band seam and ceiling edge in every sealed version (Tables 1–5)",SG-CPF01-3; SG-CPF19-5,2026-09-29
SG-CPF19.table-2,SG,contribution,Table 2: a first-year SPR at graduated employer and employee rates.,"CPF Board 2025 five-table rate booklet, 2026 five-table rate booklet",https://www.cpf.gov.sg/content/dam/web/employer/employer-obligations/documents/CPFcontributionratesfrom1Jan2026.pdf,2026-09-30,2025-12-01,,VERIFIED,"Split from SG-CPF19 (2026-09-30). Verified by SG-CPF19-1 on 2026-09-29. SG-CPF19-6, SG-CPF19-8, SG-CPF19-12 pending the test phase.",statutory_contributions:CPF.rules,"Singapore — every CPF table cell, band seam and ceiling edge in every sealed version (Tables 1–5)",SG-CPF19-1; SG-CPF19-6; SG-CPF19-8; SG-CPF19-12,2026-09-29
SG-CPF19.table-3,SG,contribution,Table 3: a second-year SPR at graduated employer and employee rates.,"CPF Board 2025 five-table rate booklet, 2026 five-table rate booklet",https://www.cpf.gov.sg/content/dam/web/employer/employer-obligations/documents/CPFcontributionratesfrom1Jan2026.pdf,2026-09-30,2025-12-01,,VERIFIED,"Split from SG-CPF19 (2026-09-30). Verified by SG-CPF19-2 on 2026-09-29. SG-CPF19-7, SG-CPF19-9 pending the test phase.",statutory_contributions:CPF.rules,"Singapore — every CPF table cell, band seam and ceiling edge in every sealed version (Tables 1–5)",SG-CPF19-2; SG-CPF19-7; SG-CPF19-9,2026-09-29
SG-CPF19.table-4,SG,contribution,Table 4: a first-year SPR with approved full employer and graduated employee rates.,"CPF Board 2025 five-table rate booklet, 2026 five-table rate booklet",https://www.cpf.gov.sg/content/dam/web/employer/employer-obligations/documents/CPFcontributionratesfrom1Jan2026.pdf,2026-09-30,2025-12-01,,VERIFIED,Split from SG-CPF19 (2026-09-30). Verified by SG-CPF19-3 on 2026-09-29. SG-CPF19-10 pending the test phase.,statutory_contributions:CPF.rules,"Singapore — every CPF table cell, band seam and ceiling edge in every sealed version (Tables 1–5)",SG-CPF19-3; SG-CPF19-10,2026-09-29
SG-CPF19.table-5,SG,contribution,Table 5: a second-year SPR with approved full employer and graduated employee rates.,"CPF Board 2025 five-table rate booklet, 2026 five-table rate booklet",https://www.cpf.gov.sg/content/dam/web/employer/employer-obligations/documents/CPFcontributionratesfrom1Jan2026.pdf,2026-09-30,2025-12-01,,TESTED,Split from SG-CPF19 (2026-09-30). Golden-swept. SG-CPF19-4 passed in the R8 run 2026-09-30 (after the parent’s verified_at 2026-09-29). SG-CPF19-11 pending the test phase.,statutory_contributions:CPF.rules,"SG audit — SPR Tables 2–5 by age, election and the year-three turn",SG-CPF19-4; SG-CPF19-11,
SG-CPF20,SG,contribution,"OW must relate to the current month's employment and be payable by the next month's 14th; other wages are AW. A rise decided later and backdated is AW when it becomes payable, using that year's AW ceiling. A rise already due in February/March but omitted until April because of administration remains OW for those earlier months, requiring original-month shortfall and late-interest reconciliation. Keep original entitlement date, decision date, work month, pay date, employee/contract and correction output.","CPF Board OW/AW definitions, retrospective-increment FAQ",https://www.cpf.gov.sg/employer/employer-obligations/what-payments-attract-cpf-contributions,2026-09-26,2025-12-01,,PARTIAL,"Current source audit (2026-10-03). Integrated: Earned/payable date and increment decision attribution, actual original owner/month scopes and bounded corrected share repricing adopted.. Incomplete: Differing original native capped/base allocation and complete original-month late submission/interest integration.. Required actual inputs/external operations remain genuine; no new verification.",statutory_contributions:CPF,,,
SG-CPF21.estimate,SG,contribution,"Each AW award is assessed cumulatively against $102,000 less the expected CPF-subject OW for the year.","CPF Board AW-ceiling computation examples, AW ceiling rule",https://www.cpf.gov.sg/content/dam/web/employer/employer-obligations/documents/ExamplesonAdditionalWageCeilingComputation.pdf,2026-09-26,2025-12-01,,VERIFIED,Split from SG-CPF21 (2026-09-30). Verified by SG-CPF21-1 on 2026-09-29. SG-CPF21-4 pending the test phase.,statutory_contributions:CPF,"Singapore — the AW estimate takes the monthly OW for the payslips remaining, not a joiner’s prorated month (CPF Board, Step 1)",SG-CPF21-1; SG-CPF21-4,2026-09-29
SG-CPF21.december-true-up,SG,contribution,In December the ceiling is recomputed on actual OW and any shortfall paid with that month’s contributions.,"CPF Board AW-ceiling computation examples, AW ceiling rule",https://www.cpf.gov.sg/content/dam/web/employer/employer-obligations/documents/ExamplesonAdditionalWageCeilingComputation.pdf,2026-09-26,2025-12-01,,VERIFIED,Split from SG-CPF21 (2026-09-30). Verified by SG-CPF21-2 on 2026-09-29.,statutory_contributions:CPF,"Singapore — December trues the AW ceiling up on the year’s actual OW (CPF Board, AW ceiling examples, Step 2)",SG-CPF21-2,2026-09-29
SG-CPF21.leaver-true-up,SG,contribution,In the last month of employment the ceiling is recomputed on the actual OW to cessation.,"CPF Board AW-ceiling computation examples, AW ceiling rule",https://www.cpf.gov.sg/content/dam/web/employer/employer-obligations/documents/ExamplesonAdditionalWageCeilingComputation.pdf,2026-09-26,2025-12-01,,TESTED,Split from SG-CPF21 (2026-09-30). Golden-tested. SG-CPF21-3 pending the test phase.,statutory_contributions:CPF,"Singapore — a leaver’s AW ceiling is reckoned on the actual OW to cessation, not a projected year",SG-CPF21-3,
SG-CPF21.changed-ow,SG,contribution,"A changed OW forecast re-estimates the ceiling: lower OW can create a shortfall, higher OW an excess.","CPF Board AW-ceiling computation examples, AW ceiling rule",https://www.cpf.gov.sg/content/dam/web/employer/employer-obligations/documents/ExamplesonAdditionalWageCeilingComputation.pdf,2026-09-30,2025-12-01,,TESTED,"Split from SG-CPF21 (2026-09-30). Golden-tested; a mid-year forecast change is unprobed. Probe(s) SG-CPF21-5 added 2026-09-30, pending the test phase.",statutory_contributions:CPF,"Singapore — the AW ceiling is a running annual figure: OW to date, this month included, and AW already subject",SG-CPF21-5,
SG-CPF21.post-exit-aw,SG,contribution,An AW paid after exit is rechecked against the ceiling of the calendar year it is due or payable in.,"CPF Board AW-ceiling computation examples, AW ceiling rule",https://www.cpf.gov.sg/content/dam/web/employer/employer-obligations/documents/ExamplesonAdditionalWageCeilingComputation.pdf,2026-09-26,2025-12-01,,PARTIAL,Current source audit (2026-10-03). Integrated: Adopted bounded native wage/context contribution branches and source-specific seeded scope; whole-row completion not established.. Incomplete: Actual historical payable-rate contexts outside existing window and differing native capped/base allocation.. post-exit-aw. Required actual inputs/external operations remain genuine; no new verification.,statutory_contributions:CPF,,,
SG-CPF21.overpayment,SG,contribution,"An overpayment follows the refund route (SG-CPF23), not a negative payroll contribution.","CPF Board AW-ceiling computation examples, AW ceiling rule",https://www.cpf.gov.sg/content/dam/web/employer/employer-obligations/documents/ExamplesonAdditionalWageCeilingComputation.pdf,2026-09-26,2025-12-01,,TESTED,Split from SG-CPF21 (2026-09-30). The no-negative rule is golden-tested; the refund route is SG-CPF23.,statutory_contributions:CPF,"Singapore — a December true-up never goes below zero: an over-contribution is the Board’s refund, not a payslip credit",,
SG-CPF22.per-employer,SG,contribution,"Each employer applies its own AW ceiling per calendar year, across a transfer or simultaneous jobs; a former employer’s OW/AW is not imported.","CPF Board concurrent/transfer AW rule, related-company exception",https://www.cpf.gov.sg/service/article/how-do-i-apply-the-additional-wage-ceiling-for-the-following-scenarios-a-employee-a-is-working-for-two-companies-concurrently-b-employee-b-is-transferred-from-another-entity,2026-09-26,2025-12-01,,VERIFIED,Split from SG-CPF22 (2026-09-30). Verified by SG-CPF22-1 on 2026-09-29.,statutory_contributions:CPF.opening_scope,"Singapore — an unrelated employer does not consume this employer’s CPF AW ceiling, while an approved related transfer does",SG-CPF22-1,2026-09-29
SG-CPF22.related-transfer,SG,contribution,"A single ceiling for a transfer between related companies applies only with CPF Board approval (related companies, worker informed, terms unchanged, contributions exceeding the ceiling).","CPF Board concurrent/transfer AW rule, related-company exception",https://www.cpf.gov.sg/service/article/how-do-i-apply-the-additional-wage-ceiling-for-the-following-scenarios-a-employee-a-is-working-for-two-companies-concurrently-b-employee-b-is-transferred-from-another-entity,2026-09-26,2025-12-01,,TESTED,Split from SG-CPF22 (2026-09-30). Golden-tested; refusal without the transfer conditions is golden only. SG-CPF22-2 passed in the R8 run 2026-09-30 (after the parent’s verified_at 2026-09-29).,statutory_contributions:CPF.opening_scope,"Singapore — an unrelated employer does not consume this employer’s CPF AW ceiling, while an approved related transfer does",SG-CPF22-2,
SG-CPF22.concurrent,SG,contribution,Concurrent employers each apply their own ceiling.,"CPF Board concurrent/transfer AW rule, related-company exception",https://www.cpf.gov.sg/service/article/how-do-i-apply-the-additional-wage-ceiling-for-the-following-scenarios-a-employee-a-is-working-for-two-companies-concurrently-b-employee-b-is-transferred-from-another-entity,2026-09-30,2025-12-01,,VERIFIED,"Probe SG-CPF22-3 (concurrent employer OW 55,000 opening ignored; this employer’s own $6,000 AW ceiling) passed 2026-10-01.",statutory_contributions:CPF.opening_scope,,SG-CPF22-3,2026-10-01
SG-CPF23,SG,contribution,"Apply for refund of AW-ceiling overpayment (from April 2025, single-worker payment-refund route with affected months/amount); repay employee share directly to employee before application, then reconcile Board's full refund to employer. Do not rely on annual automatic refund above CPF Annual Limit: a lower-rate age/SPR worker can exceed the AW ceiling while remaining below that annual amount. Capture approved refund, employee repayment date and corrected uncapped OW/AW declarations under SG-CPF16.","CPF Board excess-AW refund procedure, AW versus Annual Limit distinction",https://www.cpf.gov.sg/service/article/how-can-i-apply-for-refund-of-excess-cpf-contribution-paid-above-additional-wages-aw-ceiling,2026-09-26,2025-12-01,,PARTIAL,"Integrated original-month paid capture replacement, native refund declarations/amendments and retained paid instalments; src/lib/payroll/cpf-refund-repricing.ts selects the exact original sealed contribution through source-authored refund_replacement_policy on all four dated CPF source versions. Native sg_cpf_refund_cases caller, schema/editor/admission, actual dated wage allocations and exact currency-minor declaration/contract conservation are wired. Residual: distinct original public contribution classes and different governing source assessments need source-specific partitions/competent assessment; complete refund statutory decision, cash and correction lifecycle scope requires separate full-row reconciliation. No behavioral verification.",seed/jurisdiction/SG/statutory_contributions.json; src/lib/payroll/cpf-refund-repricing.ts; src/data/collection/sg_cpf_refund_cases/+collection.ts,,,
SG-CPF24,SG,contribution,"Reduce the wages of the missed-work month, not the later deduction month, because unearned wages are not CPF wages. For example a February entry relating to January lateness corrects January CPF/OW declaration and may require a refund; February CPF remains on full February wages. Select missed-work dates, legal deduction amount, earning month and adjusted CPF submission/refund.",CPF Board absence/lateness deduction FAQ,https://www.cpf.gov.sg/service/article/are-cpf-contributions-payable-on-the-amount-that-i-ve-deducted-from-my-employee-s-wages-due-to-lateness,2026-09-26,2025-12-01,,PARTIAL,"Integrated original-month paid capture replacement, native refund declarations/amendments and retained paid instalments; src/lib/payroll/cpf-refund-repricing.ts selects the exact original sealed contribution through source-authored refund_replacement_policy on all four dated CPF source versions. Native sg_cpf_refund_cases caller, schema/editor/admission, actual dated wage allocations and exact currency-minor declaration/contract conservation are wired. Residual: distinct original public contribution classes and different governing source assessments need source-specific partitions/competent assessment; complete refund statutory decision, cash and correction lifecycle scope requires separate full-row reconciliation. No behavioral verification.",seed/jurisdiction/SG/statutory_contributions.json; src/lib/payroll/cpf-refund-repricing.ts; src/data/collection/sg_cpf_refund_cases/+collection.ts,,,
SG-CPF25,SG,contribution,"The five standard booklet tables explicitly address private-sector/non-pensionable Ministry, statutory-body and aided-school staff; a pensionable public-service employee requires separate First-Schedule/employer-class analysis before applying a private-sector rate. Record legal employer, pensionability and any statutory rate/exception and avoid an unsupported standard-rate assumption.","CPF Board rate-booklet scope note, CPF Act First Schedule",https://www.cpf.gov.sg/content/dam/web/employer/employer-obligations/documents/CPFcontributionratesfrom1Jan2026.pdf,2026-09-26,2025-12-01,,PARTIAL,"Current source audit (2026-10-03). Integrated: Source-adopted bounded First/Second/Third ordinary public-service and selected bonus/MSO account-credit policies, original native context partitions.. Incomplete: Additional wages/encashment, SAVER/Premium/legacy and military topup/transfer routes, distinct differing capped contexts and full medical lifecycle remain incomplete.. Required actual inputs/external operations remain genuine; no new verification.",statutory_contributions:CPF,,,
SG-CPF26,SG,contribution,"Aggregate all wages payable for employment in each calendar month, independent of pay frequency, before selecting the monthly total-wage rate band, OW ceiling and employee/employer CPF. A pay week straddling months must be allocated to the correct work month; repeated submissions for the month must report actual full OW/AW under SG-CPF16. Keep work-date intervals, payable dates, pay batches and month aggregation.","CPF Board non-monthly wage computation, OW/AW classification",https://www.cpf.gov.sg/service/article/how-do-i-compute-cpf-contributions-for-employees-whose-wages-are-not-paid-monthly,2026-09-26,2025-12-01,,TESTED,"Month aggregation across semi-monthly and weekly runs tested; a pay week straddling months is allocated by work date only as the runs fall. Evidence: SG-CPF01/02 are framed by monthly payroll runs; no split-week or multi-run source-to-output case. Open/why: Applying a ceiling/rate separately to each pay batch, or attributing an entire crossing week to payment month, can undercharge or overcharge CPF. Legacy status: No [IN-SYSTEM 2026-09-29]. Period: 2025-12+; weekly, fortnightly, split or irregular wage payment within a calendar month. Other sources: https://www.cpf.gov.sg/employer/employer-obligations/what-payments-attract-cpf-contributions",statutory_contributions:CPF.assessment_period,"Singapore — at a sub-monthly cadence the employee CPF share is taken in proportion or at the last payment, and the month is trued up (CPF Act s.7(7); SG-CPF35)",,
SG-FWL08,SG,levy,"Use the then-prescribed $300/$400 monthly marine R1/R2 rates for January–May, despite the earlier January policy announcement; $350/$500 applies only from June under S 307/2026. Compare each official January–May bill with the legal amount and record MOM offset/credit or refund. MOM states it returned $8.3m across 1,018 affected employers; do not book a refund as employee wages.","Levy Order S 307/2026, MOM 4 August 2026 marine overcollection answer",https://sso.agc.gov.sg/SL-Supp/S307-2026/Published/20260526?DocDate=20260526,2026-09-26,2026-01-01,,EXTERNAL,"Levy overbilling rectification is between MOM and employer. Evidence: SG-FWL02 records the June amendment, not prior-period overbilling rectification. Open/why: Legal-versus-billed ledger, worker/tier/day amounts and refunded/credited settlement evidence are absent. Legacy status: No [IN-SYSTEM 2026-09-29]. Period: Marine shipyard levy months 2026-01 to 2026-05 versus 2026-06 onward; employer with R1/R2 Work Permit holder. Other sources: https://www.mom.gov.sg/newsroom/parliament-questions-and-replies/2026/0804-written-answer-to-pq-on-marine-shipyard-foreign-worker-levy-charged-not-in-accordance-with-law",obligations:FOREIGN_WORKER_LEVY,,,
SG-FWL09,SG,levy,"Retain R1 only if worker completes two WSQ courses, one Level-2 deep-skilling course and one safety course plus either $1,200 fixed monthly salary, four years' Singapore employment, or employer PCF Bronze or higher. Refresh WSQ/Level-2 proficiency every two years and PCF every two years. Those failing by 2025-12-31 moved automatically to R2 from January; upgrade later takes levy effect from the first of the following month after MOM R1 status. Read official WP Online status and reconcile bill.",MOM process-sector higher-skilled criteria,https://www.mom.gov.sg/passes-and-permits/work-permit-for-foreign-worker/sector-specific-rules/higher-skilled-workers-for-process-sector,2026-09-26,2026-01-01,,EXTERNAL,"R1/R2 tier status is MOM's. Evidence: SG-FWL03 handles only the July agency rename; SG-FWL01 has no process tier facts. Open/why: Courses, expiry, salary/experience/PCF alternatives, January downgrade, later upgrade and official tier/bill are not selected or proved. Legacy status: No [IN-SYSTEM 2026-09-29]. Period: From 2026-01-01 transition; process-sector Work Permit holder previously at R1.",obligations:FOREIGN_WORKER_LEVY,,,
SG-FWL10,SG,other,"For NTS Work Permit class, enforce 8% sub-DRC, at least $2,000 fixed monthly salary, and only the occupation stated on permit. From September classify the new waiter, food/drink-stall assistant, kitchen assistant, butcher/fishmonger, infant caregiver, educarer, teacher aide and cabin-attendant roles by exact MOM list and relevant SFA/ECDC/ECDA/CAAS licence, firm work-pass sector and premises; do not treat the expansion as automatic eligibility. Keep role, nationality, licence, salary and quota evidence.","MOM NTS Occupation List, new-occupation FAQ",https://www.mom.gov.sg/passes-and-permits/work-permit-for-foreign-worker/sector-specific-rules/non-traditional-sources-occupation-list,2026-09-26,2025-12-01,,EXTERNAL,"NTS occupation and eligibility are MOM matters. Evidence: SG-HR31 tests declared pass salary but not the NTS $2,000 floor, occupation or licence; SG-FWL01 lacks the sub-DRC. Open/why: Dated occupation list, fixed wage, role restriction, authorisation/sector and 8% count cannot be checked. Legacy status: No [IN-SYSTEM 2026-09-29]. Period: Baseline 2025-12 occupations; eight additional roles from 2026-09-01 in food services, childcare and aviation. Other sources: https://www.mom.gov.sg/faq/work-permit-for-foreign-worker/what-are-the-requirements-to-hire-nts-workers-in-the-new-occupations-under-the-ntsol-from-1-sep-2026",obligations:WORK_PASS_AND_LOCAL_QUALIFYING_SALARY,,,
SG-FWL11,SG,other,"Apply the 75% DRC (three foreign workers per qualifying local) for new and renewal work-pass eligibility. Firm exceeding 75% on transition day may retain existing holders until their passes expire, but cannot renew or obtain new Work Permit/S Pass until compliant. Keep 2026-01 local count, foreign stock, pass expiry and grandfathered status separate from FWL rate.",MOM marine shipyard quota change,https://www.mom.gov.sg/newsroom/press-releases/2024/cos-foreign-workforce-policy-factsheet,2026-09-26,2026-01-01,,EXTERNAL,"Marine DRC quota is MOM's. Evidence: SG-FWL02 prices the June levy boundary; no marine grandfathering/quota decision. Open/why: Transition stock, dated ratio, permit expiry, new/renewal decision and MOM status are absent. Legacy status: No [IN-SYSTEM 2026-09-29]. Period: From 2026-01-01; marine shipyard employer with Work Permit/S Pass stock.",,,,
SG-HR36,SG,other,"An authorised representative may submit one consent per UEN for MOM's use/sharing of OED ID, contractual hours, working days and PWM role fields with pass/PW Mark authorities. This consent is encouraged, not compulsory; declining may delay hiring-eligibility or PW Mark assessment, not automatically create a wage-law violation. Track notice, authorised signer, consent choice/date and assessment result.","MOM OED consent FAQ, released 16 July 2026",https://stats.mom.gov.sg/Pages/PWM-FAQ.aspx?PageVersion=7680,2026-09-26,2026-07-16,,EXTERNAL,"OED data-use consent is optional and external. Evidence: SG-HR29 records OED data submission but no consent/assessment distinction. Open/why: External FormSG/CorpPass consent, UEN acknowledgement and downstream assessment are not represented; a missing consent must not be labelled a statutory underpayment. Legacy status: No [EXTERNAL 2026-09-29]. Period: From July 2026 assessment workflow; employer UEN asked for OED data-use consent.",,,,
SG-HR37,SG,other,"Employer buys and maintains inpatient/day-surgery insurance covering at least $60,000 per worker per year, including required insurer 75%/employer 25% sharing above $15,000 and compliant sublimits, exclusions and direct hospital payment. Submit policy details before pass issue/renewal and on change; insurer premiums cannot be charged to worker. Work Permit plus Dependant's Pass may use an existing policy only if it meets full Work Permit coverage. Medical-bill employee co-payment is a distinct consented arrangement: reasonable, at most 10% of fixed monthly salary and at most six months in each two employment years, with written contract/collective term and consent. Keep insurer, policy dates, coverage, claims and payroll recovery.","MOM Work Permit medical-insurance rules, S Pass insurance rules",https://www.mom.gov.sg/passes-and-permits/work-permit-for-foreign-worker/sector-specific-rules/medical-insurance,2026-09-26,2025-12-01,,EXTERNAL,"Work-pass medical insurance is an employer purchase. Evidence: SG-HR08 broadly mentions pass conditions; SG-HR05 covers work-injury insurance, which is a different policy. Open/why: Policy coverage/renewal, permissible expense sharing, consent and actual premium/medical-bill deductions cannot be verified from payslip amounts. Legacy status: No [EXTERNAL 2026-09-29]. Period: All 2025-12+ Work Permit/S Pass holders; July 2025 Stage-2 policy/renewal/extension start-date rule already in force. Other sources: https://www.mom.gov.sg/passes-and-permits/s-pass/medical-insurance",,,,
SG-HR38,SG,other,"Employer buys a Primary Care Plan after IPA/renewal letter and declares purchase on WP Online or myMOM before pass issue/renewal; maintain plan while the housing/sector condition applies. For other pass holders the plan is optional; do not infer universal PCP from migrant status. Record pass, sector, dated dormitory capacity, provider/coverage and purchase/declaration receipt.","MOM Work Permit PCP requirements, S Pass PCP requirements",https://www.mom.gov.sg/passes-and-permits/work-permit-for-foreign-worker/key-facts,2026-09-26,2025-12-01,,EXTERNAL,"PCP purchase is an employer act. Evidence: No housing/sector-to-PCP eligibility or purchase/renewal output. Open/why: Employer insurance/primary-care duty depends on pass and accommodation/sector facts not linked to payroll or pass workflow. Legacy status: No [EXTERNAL 2026-09-29]. Period: 2025-12+; Work Permit or S Pass holder in dormitory with capacity for seven or more workers or Construction, Marine Shipyard or Process sector. Other sources: https://www.mom.gov.sg/passes-and-permits/s-pass/key-facts",,,,
SG-HR39,SG,other,"Employer obtains a $5,000 bank/insurer security bond before worker arrival, ensures it is effective on arrival, confirms MOM acknowledgement and gives worker a copy. The bond cost cannot be recovered from wages. Malaysian Work Permit holder does not enter this bond class. Track nationality, arrival/permit dates, guarantee, effective/expiry/discharge dates and deductions.",MOM migrant-worker security bond rule,https://www.mom.gov.sg/passes-and-permits/work-permit-for-foreign-worker/sector-specific-rules/security-bond,2026-09-26,2025-12-01,,EXTERNAL,"Security bond is an employer act. Evidence: SG-HR08 has broad pass scope and SG-FWL05 blocks levy recovery, but no bond lifecycle or deduction class. Open/why: Guarantee purchase/activation/acknowledgement and prohibited wage recovery are external and unverified. Legacy status: No [EXTERNAL 2026-09-29]. Period: 2025-12+; employer of non-Malaysian Work Permit holder.",,,,
SG-HR40,SG,other,"Route worker to Onboard-centre examination where required; otherwise use PCP zone Anchor Operator or local Singapore-registered clinic within two weeks after arrival as the worker class requires. Examine fitness and required infectious diseases before issue; an unfit result prevents the Work Permit. Record arrival, Onboard/PCP class, appointment, doctor/result and MOM pass decision; employer bears required exam cost.",MOM initial Work Permit medical examination,https://www.mom.gov.sg/passes-and-permits/work-permit-for-foreign-worker/sector-specific-rules/medical-examination,2026-09-26,2025-12-01,,EXTERNAL,"Work-permit medical examination is an employer/MOM process. Evidence: No arrival-to-medical/permit issue workflow. Open/why: The worker-class route, deadline, results and issue gate are external to payroll and not evidenced. Legacy status: No [EXTERNAL 2026-09-29]. Period: 2025-12+; incoming Work Permit holder before permit issue.",,,,
SG-HR41,SG,other,"Employer arranges and pays a Singapore-doctor 6ME by MOM notice due date: pregnancy/syphilis at each six-month exam, HIV two-yearly, tuberculosis once after two years' stay as notified. Verify clinic/hospital result appears in WP Online, follow up after two weeks if absent. At age ≥50, no 6ME; renewal exam still applies. Overseas leave can support postponement, and departure within one month of due date may remove need; failing result requires permit cancellation/repatriation. Record age, notice, stay, leave/exit, tests, result and waiver/deferral decision.",MOM six-monthly female Work Permit examination,https://www.mom.gov.sg/passes-and-permits/work-permit-for-foreign-worker/sector-specific-rules/six-monthly-medical-examination,2026-09-26,2025-12-01,,EXTERNAL,"Six-monthly examination is an employer/MOM process. Evidence: No recurring medical due-date or WP Online result/waiver path. Open/why: Age, due notice, test cadence, postponement, exit and failed-result obligations need external evidence and case selection. Legacy status: No [EXTERNAL 2026-09-29]. Period: 2025-12+; female Work Permit holder below age 50, subject to due notice and stated leave/exit exceptions.",,,,
SG-HR42,SG,other,"Provide acceptable accommodation and pay rent; register current residence/mobile in OFWAS before new/renewed permit issue and update either within five days of change. If meals are catered, ensure safe and timely delivery. Record address, dormitory/licence/occupancy, rental, contact, move and OFWAS acknowledgement. Housing class also selects PCP and bank-payment duties.",MOM migrant housing and OFWAS responsibilities,https://www.mom.gov.sg/passes-and-permits/work-permit-for-foreign-worker/housing/employers-responsibilities,2026-09-26,2025-12-01,,EXTERNAL,"Housing/OFWAS registration is an employer act. Evidence: SG-HR34/38 use housing class but do not establish or report it. Open/why: Housing quality, rent, address/phone change clock, catering and MOM acknowledgements are external; a payroll address field does not close this duty. Legacy status: No [EXTERNAL 2026-09-29]. Period: 2025-12+; employer housing Work Permit migrant worker.",,,,
SG-HR43,SG,other,"Settle final salary/claims and IRAS clearance as applicable; cancel pass within one week after last notice day, or one week after overseas departure if worker will not return. Levy continues until one day before cancellation. Give reasonable repatriation notice, arrange employer-paid ticket including baggage and connecting transport, generally for departure within 14 days of cancellation, and obtain worker's written agreement on transit/allowance. A worker still in Singapore after expiry may need Special Pass. Output is pass cancellation, levy stop, final pay/clearance and travel evidence.","MOM Work Permit conditions, cancellation procedure",https://www.mom.gov.sg/passes-and-permits/work-permit-for-foreign-worker/sector-specific-rules/work-permit-conditions,2026-09-26,2025-12-01,,EXTERNAL,"Work Permit cancellation and repatriation are employer acts. Evidence: SG-HR08 is broad, SG-IRAS02 covers tax clearance; no joined exit workflow. Open/why: Last day/departure, clearance, actual cancellation, travel, paid final wages and levy stop cannot be inferred from an exit payslip. Legacy status: No [EXTERNAL 2026-09-29]. Period: 2025-12+; Work Permit employment completed, terminated or resigned. Other sources: https://www.mom.gov.sg/passes-and-permits/work-permit-for-foreign-worker/cancel-a-work-permit",,,,
SG-HR44,SG,other,"Employ only under a valid pass for the specified employer, sector and occupation. Employer must not demand or receive money/benefit from an employment agency or another person in connection with employing or changing employment of the worker; separately reject prohibited payroll deductions and fee recoveries. Retain application, recruiter/agency payments, permit, job deployment and any transfer approval.",MOM Work Permit employer conditions,https://www.mom.gov.sg/passes-and-permits/work-permit-for-foreign-worker/sector-specific-rules/work-permit-conditions,2026-09-26,2025-12-01,,EXTERNAL,"Recruitment-benefit prohibition is an employer conduct duty. Evidence: SG-HR08 broadly mentions pass validity, SG-FWL05 levy non-recovery; no recruitment-benefit/deployment check. Open/why: Agency-side benefit, pass occupation/sector and actual deployment are not payroll amounts and have no verified approval/evidence path. Legacy status: No [EXTERNAL 2026-09-29]. Period: 2025-12+; Work Permit recruitment, employment or transfer.",,,,
SG-HR45,SG,other,"Once commenced: no adverse employment decision (hiring, review, training, promotion, pay, dismissal) based on age, nationality, sex/marital status/pregnancy/caregiving, race/religion/language or disability/mental health; keep a written grievance-handling process, records and anti-retaliation; claims route through the WFDR dispute path. Input: commencement date, employer size, grievance-policy evidence; output: HR compliance record, not a payroll amount.","Workplace Fairness Act 2025 (Act 6/2025, uncommenced), Acts Supplement 6/2025; Workplace Fairness (Dispute Resolution) Act 2025 (uncommenced); MOM second reading, 4 Nov 2025; TAFEP employer page. Amendment history: WFA passed 8 Jan 2025; WFDR Bill passed 4 Nov 2025; no commencement notification seen.",https://sso.agc.gov.sg/Act/WFA2025/Uncommenced/20250304073414?DocDate=20250213,2026-09-28,,,AWAITING-LAW,"Enacted but uncommenced; TAFEP states end-2027. Evidence: None. Nearest row SG-HR28 (Tripartite FWA guideline). Open/why: Enacted law with future effect; commencement date, thresholds and operative sections unread at SSO (403); no grievance-process or decision-record mechanism. Legacy status: No [SOURCE 2026-09-29]. Period: Enacted, not in force; TAFEP states it is slated to take effect at end-2027. Every employer; any employee-size threshold or small-firm transition is unverified (TAFEP page silent, Act text unread). Other sources: https://assets.egazette.gov.sg/2025/Legislative%20Supplements/Acts%20Supplement/06.pdf; https://sso.agc.gov.sg/Act/WFDRA2025/Uncommenced/20260114161301?DocDate=20251223; https://www.mom.gov.sg/newsroom/speeches/2025/1104-second-reading-of-workplace-fairness-dispute-resolution-bill; https://www.tal.sg/tafep/workplace-fairness/employer",,,,
SG-HOL01.2025-12,SG,rest_holiday,December 2025: Christmas Day 25 December (Thursday).,"Holidays Act 1998 (SSO, current version as at 29 Sep 2026): s.2 ""public holiday"" = a Schedule day or a day declared by s.4(2) or under s.5; s.4(1) Schedule days; s.4(2) ""if any day specified in the Schedule falls on a Sunday, the day next following not being itself a public holiday is declared a public holiday""; s.5 Gazette additions/substitutions; s.9 saves the Employment Act. Schedule: New Year's Day, Chinese New Year (2 days), Hari Raya Puasa, Hari Raya Haji, Good Friday, Labour Day, Vesak Day, National Day, Deepavali, Christmas Day. Dates of the movable days: MOM public-holidays calendar (read 2026-09-29, 2025–2027 lists); EA s.88 via SG-EA33",https://sso.agc.gov.sg/Act/HA1998,2026-09-29,2025-12-01,2025-12-31,IMPLEMENTED,"Current source audit (2026-10-03). Integrated: Existing dated public-holiday rows and native resolved holiday/rest/off/substitute treatment; actual annually published dates and Sunday next-nonholiday observance, independent proclaimed/polling source rows treated by same native holiday kind. Existing evidence reused; no new or repeated probes.. Full stated scope implemented; saved-workflow verification remains due. 2025-12. Required actual inputs/external operations remain genuine; no new verification.",jurisdiction_holidays (seed bank records),,SG-HOL01-2,
SG-HOL01.2026,SG,rest_holiday,2026: 1 Jan; CNY 17–18 Feb; Hari Raya Puasa 21 Mar (Sat); Good Friday 3 Apr; Labour Day 1 May; Hari Raya Haji 27 May; Vesak 31 May; National Day 9 Aug; Deepavali 8 Nov; Christmas 25 Dec.,"Holidays Act 1998 (SSO, current version as at 29 Sep 2026): s.2 ""public holiday"" = a Schedule day or a day declared by s.4(2) or under s.5; s.4(1) Schedule days; s.4(2) ""if any day specified in the Schedule falls on a Sunday, the day next following not being itself a public holiday is declared a public holiday""; s.5 Gazette additions/substitutions; s.9 saves the Employment Act. Schedule: New Year's Day, Chinese New Year (2 days), Hari Raya Puasa, Hari Raya Haji, Good Friday, Labour Day, Vesak Day, National Day, Deepavali, Christmas Day. Dates of the movable days: MOM public-holidays calendar (read 2026-09-29, 2025–2027 lists); EA s.88 via SG-EA33",https://sso.agc.gov.sg/Act/HA1998,2026-09-29,2026-01-01,2026-12-31,IMPLEMENTED,"Current source audit (2026-10-03). Integrated: Existing dated public-holiday rows and native resolved holiday/rest/off/substitute treatment; actual annually published dates and Sunday next-nonholiday observance, independent proclaimed/polling source rows treated by same native holiday kind. Existing evidence reused; no new or repeated probes.. Full stated scope implemented; saved-workflow verification remains due. 2026. Required actual inputs/external operations remain genuine; no new verification.",jurisdiction_holidays (seed bank records),,,
SG-HOL01.sunday,SG,rest_holiday,"A holiday on a Sunday makes the next day not itself a holiday a public holiday (HA s.4(2)): 2026 Mon 1 Jun, Mon 10 Aug, Mon 9 Nov.","Holidays Act 1998 (SSO, current version as at 29 Sep 2026): s.2 ""public holiday"" = a Schedule day or a day declared by s.4(2) or under s.5; s.4(1) Schedule days; s.4(2) ""if any day specified in the Schedule falls on a Sunday, the day next following not being itself a public holiday is declared a public holiday""; s.5 Gazette additions/substitutions; s.9 saves the Employment Act. Schedule: New Year's Day, Chinese New Year (2 days), Hari Raya Puasa, Hari Raya Haji, Good Friday, Labour Day, Vesak Day, National Day, Deepavali, Christmas Day. Dates of the movable days: MOM public-holidays calendar (read 2026-09-29, 2025–2027 lists); EA s.88 via SG-EA33",https://sso.agc.gov.sg/Act/HA1998,2026-09-29,2026-01-01,2026-12-31,IMPLEMENTED,"Current source audit (2026-10-03). Integrated: Existing dated public-holiday rows and native resolved holiday/rest/off/substitute treatment; actual annually published dates and Sunday next-nonholiday observance, independent proclaimed/polling source rows treated by same native holiday kind. Existing evidence reused; no new or repeated probes.. Full stated scope implemented; saved-workflow verification remains due. sunday. Required actual inputs/external operations remain genuine; no new verification.",jurisdiction_holidays (seed bank records),,,
SG-HOL01.saturday,SG,rest_holiday,A holiday on a Saturday gives no Monday holiday; it selects the SG-EA33 off-day branch.,"Holidays Act 1998 (SSO, current version as at 29 Sep 2026): s.2 ""public holiday"" = a Schedule day or a day declared by s.4(2) or under s.5; s.4(1) Schedule days; s.4(2) ""if any day specified in the Schedule falls on a Sunday, the day next following not being itself a public holiday is declared a public holiday""; s.5 Gazette additions/substitutions; s.9 saves the Employment Act. Schedule: New Year's Day, Chinese New Year (2 days), Hari Raya Puasa, Hari Raya Haji, Good Friday, Labour Day, Vesak Day, National Day, Deepavali, Christmas Day. Dates of the movable days: MOM public-holidays calendar (read 2026-09-29, 2025–2027 lists); EA s.88 via SG-EA33",https://sso.agc.gov.sg/Act/HA1998,2026-09-29,2026-01-01,2026-12-31,VERIFIED,Split from SG-HOL01 (2026-09-30). Verified by SG-HOL01-1 on 2026-09-29.,jurisdiction_holidays (seed bank records),,SG-HOL01-1,2026-09-29
SG-HOL02,SG,rest_holiday,"11 holidays: 1 Jan; CNY 6–7 Feb (Sat–Sun, Mon 8 Feb substituted); Hari Raya Puasa 10 Mar; Good Friday 26 Mar; Labour Day 1 May (Sat); Hari Raya Haji 17 May; Vesak 20 May; National Day 9 Aug; Deepavali 28 Oct; Christmas 25 Dec (Sat). Saturday dates select the SG-EA33 off-day branch.","MOM press release ""Public Holidays for 2027"", 18 Jun 2026; Holidays Act 1998",https://www.mom.gov.sg/newsroom/press-releases/2026/0618-public-holidays-for-2027,2026-09-30,2027-01-01,2027-12-31,IMPLEMENTED,"Current source audit (2026-10-03). Integrated: Existing dated public-holiday rows and native resolved holiday/rest/off/substitute treatment; actual annually published dates and Sunday next-nonholiday observance, independent proclaimed/polling source rows treated by same native holiday kind. Existing evidence reused; no new or repeated probes.. Full stated scope implemented; saved-workflow verification remains due. Required actual inputs/external operations remain genuine; no new verification.",jurisdiction_holidays (seed bank records),,SG-HOL02-1,
SG-HOL03,SG,rest_holiday,A proclaimed holiday or polling day is a dated row with its own proclamation citation and the same s.88 treatment; a Saturday date selects the off-day branch.,"Holidays Act 1998 s.5(1)–(2) (President's Gazette notification: an additional or substituted day; an additional day where two holidays coincide); Parliamentary Elections Act 1954 s.35 (""Polling day at any general election is a public holiday …""); Presidential Elections Act 1991 s.17 (same for a presidential poll). SSO, current version as at 29 Sep 2026",https://sso.agc.gov.sg/Act/HA1998,2026-09-29,2025-12-01,,IMPLEMENTED,"Current source audit (2026-10-03). Integrated: Existing dated public-holiday rows and native resolved holiday/rest/off/substitute treatment; actual annually published dates and Sunday next-nonholiday observance, independent proclaimed/polling source rows treated by same native holiday kind. Existing evidence reused; no new or repeated probes.. Full stated scope implemented; saved-workflow verification remains due. Required actual inputs/external operations remain genuine; no new verification.",jurisdiction_holidays,,,
SG-PD03,SG,other,"Stop using NRIC/FIN numbers as an authenticator (login factor, password, identity proof) by 31 Dec 2026; continued use as an identifier is a separate question under PDPA. Guidance and enforcement posture, not new legislation. Output: product sign-in and employee self-service must not treat NRIC/FIN as a secret.","PDPC announcement, 2 Feb 2026, and Joint PDPC/CSA Advisory against using NRIC numbers for authentication; PDPA ss.11–12, 24 (SG-HR15/HR18)",https://www.pdpc.gov.sg/news-and-events/announcements/2026/01/pdpc-to-step-up-enforcement-action-against-misuse-of-nric-numbers-and-issues-new-advisory-on-data-protection,2026-09-26,2026-12-31,,EXTERNAL,"NRIC authentication is an organisation/product-security duty; product audit not done. Evidence: Not assessed. Open/why: No product-side audit of NRIC/FIN use in authentication; employer action evidence absent. Legacy status: No [EXTERNAL 2026-09-29]. Period: Stepped-up enforcement from 2026-12-31; every organisation, including an employer holding NRIC/FIN.",,,,
SG-CPF27,SG,filing,"Interest = unpaid contribution × 1.5% per month × (days late / days in month), from the first day after the due date (month end); the 14th of the next month is only the enforcement grace date. Minimum $5; computed interest rounded down to the dollar (CPF example $28.50 → $28). Not recoverable from the employee, including where the employee failed to disclose SPR status.","CPF Board late-payment interest; CPF Act 1953 s.9(1) (Act 30 of 2024 wef 15/12/2024) and CPF Regulations 1987 reg.3(1), (3)–(5), both read on SSO as at 28 Sep 2026",https://www.cpf.gov.sg/service/article/how-does-cpf-board-calculate-interest-on-late-payment,2026-09-28,2025-12-01,,EXTERNAL,"Late interest is computed and demanded by the Board; not recoverable from the employee. Evidence: SG-CPF05 records only ""stated late-interest consequences"". Open/why: Disposition: external, Board-computed. Reg.3(3): interest on the month's unpaid contributions for all employees at the higher of 1.5% per month or $5 for the unpaid period; reg.3(5): the unpaid period starts on the first day of the following month; reg.3(1): payable within 14 days of the Board's demand; s.9(3) Board may waive. The payroll computes contributions, not the Board's demand. Seed `CPF_MONTHLY_SUBMISSION_AND_PAYMENT` timing said ""from the day after the due date, minimum $5"" — a wrong transcription, fixed in place in all 80 settings rows (reg.3(3)–(5) text); `statutory-golden-sg` (2026-09-28, round 2) ""IR8A, IR21 and CPF late interest are dated external obligations…"" proves it in every sealed version. The CPF page's round-down-to-dollar example is Board practice, not in reg.3. Legacy status: Yes. Period: Continuing, in force before 2025-12; employer paying after due date. Other sources: https://sso.agc.gov.sg/Act/CPFA1953?ProvIds=pr9-; https://sso.agc.gov.sg/SL/CPFA1953-RG15",obligations:CPF_MONTHLY_SUBMISSION_AND_PAYMENT,"Singapore — IR8A, IR21 and CPF late interest are dated external obligations in every sealed version",,
SG-CPF28,SG,contribution,"Employee share may be deducted only from that month's wages. After employer error (system glitch, oversight) there is no later recovery: employer bears both shares. Otherwise pay first, then forward the employee's written consent or obtain the Board's written permission, within six months of when the share should have been recovered. Input: cause of failure, consent/permission and dates; output: net-pay deduction limited accordingly.","CPF Board recovery of employee share; CPF Act 1953 s.7(2), (5), (6), (6A) (read on SSO, current version as at 28 Sep 2026; the former s.7(3)–(4) anchor was wrong: s.7(3) is the offence of failing to pay recovered contributions and s.7(4) voluntary excess contributions; recovery from the same wages is s.7(6), and s.7(6A) allows recovery within 6 months only after an error ""not occasioned by that employer’s negligence"")",https://www.cpf.gov.sg/service/article/how-do-i-recover-the-employee-s-share-of-cpf-contributions,2026-09-28,2025-12-01,,PARTIAL,"Current source audit (2026-10-03). Integrated: Native failed-share recovery cause/date/consent-or-permission checks and separate net deduction route.. Incomplete: Actual paid-original fund linkage, full permission/consent source qualification and global late-recovery reconciliation remain incomplete.. Required actual inputs/external operations remain genuine; no new verification.",statutory_contributions:CPF,,,
SG-CPF29.above-55-60,SG,contribution,"Above 55 to 60: 34% → 35.5% (employer 16.5%, employee 19%).","CPF Board changes for senior workers from 1 Jan 2027 (Table 1, wages > $750)",https://www.cpf.gov.sg/content/dam/web/employer/employer-obligations/documents/jan2027cpfcontributionrates.pdf,2026-09-30,2027-01-01,,VERIFIED,"Split from SG-CPF29 (2026-09-30). Verified by SG-CPF29-1 on 2026-09-29. SG-CPF29-6, SG-CPF29-8 pending the test phase.",statutory_contributions:CPF,Singapore — the 1 January 2027 senior-worker CPF increase (second version),SG-CPF29-1; SG-CPF29-6; SG-CPF29-8,2026-09-29
SG-CPF29.above-60-65,SG,contribution,Above 60 to 65: 25% → 26% (13% each).,"CPF Board changes for senior workers from 1 Jan 2027 (Table 1, wages > $750)",https://www.cpf.gov.sg/content/dam/web/employer/employer-obligations/documents/jan2027cpfcontributionrates.pdf,2026-09-30,2027-01-01,,VERIFIED,"Split from SG-CPF29 (2026-09-30). Verified by SG-CPF29-2 on 2026-09-29. SG-CPF29-7, SG-CPF29-9 pending the test phase.",statutory_contributions:CPF,Singapore — the 1 January 2027 senior-worker CPF increase (second version),SG-CPF29-2; SG-CPF29-7; SG-CPF29-9,2026-09-29
SG-CPF29.55-and-below,SG,contribution,"55 and below unchanged: 37% (employer 17%, employee 20%).","CPF Board changes for senior workers from 1 Jan 2027 (Table 1, wages > $750)",https://www.cpf.gov.sg/content/dam/web/employer/employer-obligations/documents/jan2027cpfcontributionrates.pdf,2026-09-30,2027-01-01,,TESTED,Split from SG-CPF29 (2026-09-30). Golden-swept. SG-CPF29-3 passed in the R8 run 2026-09-30 (after the parent’s verified_at 2026-09-29).,statutory_contributions:CPF,"Singapore — every CPF table cell, band seam and ceiling edge in every sealed version (Tables 1–5)",SG-CPF29-3,
SG-CPF29.above-65-70,SG,contribution,"Above 65 to 70 unchanged: 16.5% (employer 9%, employee 7.5%).","CPF Board changes for senior workers from 1 Jan 2027 (Table 1, wages > $750)",https://www.cpf.gov.sg/content/dam/web/employer/employer-obligations/documents/jan2027cpfcontributionrates.pdf,2026-09-30,2027-01-01,,TESTED,Split from SG-CPF29 (2026-09-30). Golden-swept. SG-CPF29-4 passed in the R8 run 2026-09-30 (after the parent’s verified_at 2026-09-29).,statutory_contributions:CPF,"Singapore — every CPF table cell, band seam and ceiling edge in every sealed version (Tables 1–5)",SG-CPF29-4,
SG-CPF29.above-70,SG,contribution,"Above 70 unchanged: 12.5% (employer 7.5%, employee 5%).","CPF Board changes for senior workers from 1 Jan 2027 (Table 1, wages > $750)",https://www.cpf.gov.sg/content/dam/web/employer/employer-obligations/documents/jan2027cpfcontributionrates.pdf,2026-09-30,2027-01-01,,TESTED,Split from SG-CPF29 (2026-09-30). Golden-swept. SG-CPF29-5 passed in the R8 run 2026-09-30 (after the parent’s verified_at 2026-09-29).,statutory_contributions:CPF,"Singapore — every CPF table cell, band seam and ceiling edge in every sealed version (Tables 1–5)",SG-CPF29-5,
SG-CPF29.ra-allocation,SG,contribution,The increase is allocated to the Retirement Account up to the FRS.,"CPF Board changes for senior workers from 1 Jan 2027 (Table 1, wages > $750)",https://www.cpf.gov.sg/content/dam/web/employer/employer-obligations/documents/jan2027cpfcontributionrates.pdf,2026-09-30,2027-01-01,,NOT-APPLICABLE,"Split from SG-CPF29 (2026-09-30). A CPF Board function, not a payroll output.",statutory_contributions:CPF,,,
SG-CPF30,SG,contribution,"One-year offset equal to half the employer rate increase, paid as government support; it does not reduce the CPF payable or declared. Output: no payroll deduction; optional employer receivable record.",CPF Board / IRAS: 2027 CPF Transition Offset (same CPF 2027 page as SG-CPF29),https://www.cpf.gov.sg/service/article/what-are-the-changes-to-the-cpf-contribution-rates-for-senior-workers-that-will-take-effect-from-1-january-2027,2026-09-28,2027-01-01,2027-12-31,NOT-APPLICABLE,Transition Offset is government support; payroll CPF stays at full rates (golden). Evidence: None. Open/why: `statutory-golden-sg` (2026-09-28) sweep proves 2027 CPF payable and employee/employer shares stay at the full booklet rates (no offset netted); the optional offset-receivable record is not a payroll obligation. Legacy status: Yes. Period: 2027 only; employer of a senior worker affected by SG-CPF29.,,"Singapore — every CPF table cell, band seam and ceiling edge in every sealed version (Tables 1–5)",,
SG-CPF31.low-wage,SG,contribution,Every 2027 low-wage phase-in cell (above $50 to $750).,"CPF Board 2027 rate booklet (`jan2027cpfcontributionrates.pdf`, via SG-CPF29 page)",https://www.cpf.gov.sg/content/dam/web/employer/employer-obligations/documents/jan2027cpfcontributionrates.pdf,2026-09-30,2027-01-01,,TESTED,"Split from SG-CPF31 (2026-09-30). All cells golden-swept; 0 mismatches. SG-CPF29-6, SG-CPF29-7, SG-CPF29-9 pending the test phase.",statutory_contributions:CPF.rules,"Singapore — every CPF table cell, band seam and ceiling edge in every sealed version (Tables 1–5)",SG-CPF29-6; SG-CPF29-7; SG-CPF29-9,
SG-CPF31.spr-tables,SG,contribution,Every 2027 cell of the first- and second-year SPR Tables 2–5.,"CPF Board 2027 rate booklet (`jan2027cpfcontributionrates.pdf`, via SG-CPF29 page)",https://www.cpf.gov.sg/content/dam/web/employer/employer-obligations/documents/jan2027cpfcontributionrates.pdf,2026-09-30,2027-01-01,,TESTED,"Split from SG-CPF31 (2026-09-30). All cells golden-swept; 0 mismatches; no probe. Probe(s) SG-CPF31-1, SG-CPF31-2, SG-CPF31-3, SG-CPF31-4 added 2026-09-30, pending the test phase.",statutory_contributions:CPF.rules,"Singapore — every CPF table cell, band seam and ceiling edge in every sealed version (Tables 1–5)",SG-CPF31-1; SG-CPF31-2; SG-CPF31-3; SG-CPF31-4,
SG-CPF32,SG,contribution,"Annual Limit $37,740 of mandatory plus voluntary contributions. Employer voluntary contribution must fit within (limit − mandatory CPF). Excess AW mandatory CPF follows SG-CPF23. Refund-without-interest mechanics for excess voluntary contributions not stated on the fetched page; verify separately. Disposition: no payroll output.","CPF Board Annual Limit; CPF Act 1953 s.7(4)(b), ss.13B, 13D (SSO, current as at 29 Sep 2026); CPF Board Annual Limit page",https://www.cpf.gov.sg/service/article/what-is-the-cpf-annual-limit,2026-09-29,2025-12-01,,PARTIAL,"Current source audit (2026-10-03). Integrated: Mandatory CPF annual cap/history mechanisms and separate excess source branch.. Incomplete: Complete member-wide mandatory/voluntary actual history, excess refund disposition and distinct IR8A/remittance source integration remain incomplete.. Required actual inputs/external operations remain genuine; no new verification.",statutory_contributions:CPF,,,
SG-CPF33,SG,contribution,"Reportedly concerns Singtel Special Discounted Shares; employer-facing clauses, if any, not assessed. Reopen CPF rows if enacted with employer effect.","CPF (Amendment) Bill 2026, Bills Supplement 11/2026, first reading 7 Apr 2026 (Parliament)",https://www.parliament.gov.sg,2026-09-26,,,AWAITING-LAW,CPF (Amendment) Bill 2026 not assessed; enactment unverified. Evidence: None. Open/why: Bill text not assessed; enactment status unverified. Legacy status: No [SOURCE 2026-09-29]. Period: Pending; watch item.,,,,
SG-SHG03.cdac-le-2000,SG,contribution,"CDAC (Chinese citizens and SPRs): month’s total wages ≤ $2,000 → $0.50.",CPF Board SHG rate tables (modified 2026-09-22); MUIS MBMF employer information (rates for wages from 1 Jun 2016). Statutory instruments read on SSO 2026-09-28 (current as at that date): CPF (Contributions to Community Fund — CDAC) Rules 1992 Schedule Part 2 and r.2 (Chinese PR/citizen); — SINDA Rules 1992 Schedule Part 2 and r.8(1)–(2); — Eurasian Association Rules 1995 Schedule Part 2 and r.2 (Eurasian PR/citizen); Administration of Muslim Law Act 1966 s.78 and Third Schedule (S 144/2016). Each Part 2 applies to wages from 1 Jan 2015.,https://www.cpf.gov.sg/employer/employer-obligations/contributions-to-self-help-groups,2026-09-30,2015-01-01,,VERIFIED,Split from SG-SHG03 (2026-09-30). Every rung and the cent above it golden-tested in all five versions. Verified by SG-SHG03-4 on 2026-09-29.,statutory_contributions:CDAC; statutory_contributions:ECF; statutory_contributions:MBMF; statutory_contributions:SINDA,"Singapore — every self-help-group rung and every SDL seam, in every sealed version",SG-SHG03-4,2026-09-29
SG-SHG03.cdac-2000-3500,SG,contribution,"CDAC (Chinese citizens and SPRs): month’s total wages > $2,000 to $3,500 → $1.",CPF Board SHG rate tables (modified 2026-09-22); MUIS MBMF employer information (rates for wages from 1 Jun 2016). Statutory instruments read on SSO 2026-09-28 (current as at that date): CPF (Contributions to Community Fund — CDAC) Rules 1992 Schedule Part 2 and r.2 (Chinese PR/citizen); — SINDA Rules 1992 Schedule Part 2 and r.8(1)–(2); — Eurasian Association Rules 1995 Schedule Part 2 and r.2 (Eurasian PR/citizen); Administration of Muslim Law Act 1966 s.78 and Third Schedule (S 144/2016). Each Part 2 applies to wages from 1 Jan 2015.,https://www.cpf.gov.sg/employer/employer-obligations/contributions-to-self-help-groups,2026-09-30,2015-01-01,,VERIFIED,Split from SG-SHG03 (2026-09-30). Every rung and the cent above it golden-tested in all five versions. Verified by SG-SHG03-5 on 2026-09-29. SG-SHG03-11 pending the test phase.,statutory_contributions:CDAC; statutory_contributions:ECF; statutory_contributions:MBMF; statutory_contributions:SINDA,"Singapore — every self-help-group rung and every SDL seam, in every sealed version",SG-SHG03-5; SG-SHG03-11,2026-09-29
SG-SHG03.cdac-3500-5000,SG,contribution,"CDAC (Chinese citizens and SPRs): month’s total wages > $3,500 to $5,000 → $1.50.",CPF Board SHG rate tables (modified 2026-09-22); MUIS MBMF employer information (rates for wages from 1 Jun 2016). Statutory instruments read on SSO 2026-09-28 (current as at that date): CPF (Contributions to Community Fund — CDAC) Rules 1992 Schedule Part 2 and r.2 (Chinese PR/citizen); — SINDA Rules 1992 Schedule Part 2 and r.8(1)–(2); — Eurasian Association Rules 1995 Schedule Part 2 and r.2 (Eurasian PR/citizen); Administration of Muslim Law Act 1966 s.78 and Third Schedule (S 144/2016). Each Part 2 applies to wages from 1 Jan 2015.,https://www.cpf.gov.sg/employer/employer-obligations/contributions-to-self-help-groups,2026-09-30,2015-01-01,,TESTED,"Split from SG-SHG03 (2026-09-30). Every rung and the cent above it golden-tested in all five versions. SG-SHG03-12, SG-SHG03-13 pending the test phase.",statutory_contributions:CDAC; statutory_contributions:ECF; statutory_contributions:MBMF; statutory_contributions:SINDA,"Singapore — every self-help-group rung and every SDL seam, in every sealed version",SG-SHG03-12; SG-SHG03-13,
SG-SHG03.cdac-5000-7500,SG,contribution,"CDAC (Chinese citizens and SPRs): month’s total wages > $5,000 to $7,500 → $2.",CPF Board SHG rate tables (modified 2026-09-22); MUIS MBMF employer information (rates for wages from 1 Jun 2016). Statutory instruments read on SSO 2026-09-28 (current as at that date): CPF (Contributions to Community Fund — CDAC) Rules 1992 Schedule Part 2 and r.2 (Chinese PR/citizen); — SINDA Rules 1992 Schedule Part 2 and r.8(1)–(2); — Eurasian Association Rules 1995 Schedule Part 2 and r.2 (Eurasian PR/citizen); Administration of Muslim Law Act 1966 s.78 and Third Schedule (S 144/2016). Each Part 2 applies to wages from 1 Jan 2015.,https://www.cpf.gov.sg/employer/employer-obligations/contributions-to-self-help-groups,2026-09-30,2015-01-01,,TESTED,"Split from SG-SHG03 (2026-09-30). Every rung and the cent above it golden-tested in all five versions. SG-SHG03-14, SG-SHG03-15 pending the test phase.",statutory_contributions:CDAC; statutory_contributions:ECF; statutory_contributions:MBMF; statutory_contributions:SINDA,"Singapore — every self-help-group rung and every SDL seam, in every sealed version",SG-SHG03-14; SG-SHG03-15,
SG-SHG03.cdac-above-7500,SG,contribution,"CDAC (Chinese citizens and SPRs): month’s total wages > $7,500 → $3.",CPF Board SHG rate tables (modified 2026-09-22); MUIS MBMF employer information (rates for wages from 1 Jun 2016). Statutory instruments read on SSO 2026-09-28 (current as at that date): CPF (Contributions to Community Fund — CDAC) Rules 1992 Schedule Part 2 and r.2 (Chinese PR/citizen); — SINDA Rules 1992 Schedule Part 2 and r.8(1)–(2); — Eurasian Association Rules 1995 Schedule Part 2 and r.2 (Eurasian PR/citizen); Administration of Muslim Law Act 1966 s.78 and Third Schedule (S 144/2016). Each Part 2 applies to wages from 1 Jan 2015.,https://www.cpf.gov.sg/employer/employer-obligations/contributions-to-self-help-groups,2026-09-30,2015-01-01,,TESTED,Split from SG-SHG03 (2026-09-30). Every rung and the cent above it golden-tested in all five versions. SG-SHG03-16 pending the test phase.,statutory_contributions:CDAC; statutory_contributions:ECF; statutory_contributions:MBMF; statutory_contributions:SINDA,"Singapore — every self-help-group rung and every SDL seam, in every sealed version",SG-SHG03-16,
SG-SHG03.ecf-le-1000,SG,contribution,"ECF (Eurasian citizens and SPRs): month’s total wages ≤ $1,000 → $2.",CPF Board SHG rate tables (modified 2026-09-22); MUIS MBMF employer information (rates for wages from 1 Jun 2016). Statutory instruments read on SSO 2026-09-28 (current as at that date): CPF (Contributions to Community Fund — CDAC) Rules 1992 Schedule Part 2 and r.2 (Chinese PR/citizen); — SINDA Rules 1992 Schedule Part 2 and r.8(1)–(2); — Eurasian Association Rules 1995 Schedule Part 2 and r.2 (Eurasian PR/citizen); Administration of Muslim Law Act 1966 s.78 and Third Schedule (S 144/2016). Each Part 2 applies to wages from 1 Jan 2015.,https://www.cpf.gov.sg/employer/employer-obligations/contributions-to-self-help-groups,2026-09-30,2015-01-01,,TESTED,Split from SG-SHG03 (2026-09-30). Every rung and the cent above it golden-tested in all five versions. SG-SHG03-17 pending the test phase.,statutory_contributions:CDAC; statutory_contributions:ECF; statutory_contributions:MBMF; statutory_contributions:SINDA,"Singapore — every self-help-group rung and every SDL seam, in every sealed version",SG-SHG03-17,
SG-SHG03.ecf-1000-1500,SG,contribution,"ECF (Eurasian citizens and SPRs): month’s total wages > $1,000 to $1,500 → $4.",CPF Board SHG rate tables (modified 2026-09-22); MUIS MBMF employer information (rates for wages from 1 Jun 2016). Statutory instruments read on SSO 2026-09-28 (current as at that date): CPF (Contributions to Community Fund — CDAC) Rules 1992 Schedule Part 2 and r.2 (Chinese PR/citizen); — SINDA Rules 1992 Schedule Part 2 and r.8(1)–(2); — Eurasian Association Rules 1995 Schedule Part 2 and r.2 (Eurasian PR/citizen); Administration of Muslim Law Act 1966 s.78 and Third Schedule (S 144/2016). Each Part 2 applies to wages from 1 Jan 2015.,https://www.cpf.gov.sg/employer/employer-obligations/contributions-to-self-help-groups,2026-09-30,2015-01-01,,TESTED,"Split from SG-SHG03 (2026-09-30). Every rung and the cent above it golden-tested in all five versions. SG-SHG03-18, SG-SHG03-19 pending the test phase.",statutory_contributions:CDAC; statutory_contributions:ECF; statutory_contributions:MBMF; statutory_contributions:SINDA,"Singapore — every self-help-group rung and every SDL seam, in every sealed version",SG-SHG03-18; SG-SHG03-19,
SG-SHG03.ecf-1500-2500,SG,contribution,"ECF (Eurasian citizens and SPRs): month’s total wages > $1,500 to $2,500 → $6.",CPF Board SHG rate tables (modified 2026-09-22); MUIS MBMF employer information (rates for wages from 1 Jun 2016). Statutory instruments read on SSO 2026-09-28 (current as at that date): CPF (Contributions to Community Fund — CDAC) Rules 1992 Schedule Part 2 and r.2 (Chinese PR/citizen); — SINDA Rules 1992 Schedule Part 2 and r.8(1)–(2); — Eurasian Association Rules 1995 Schedule Part 2 and r.2 (Eurasian PR/citizen); Administration of Muslim Law Act 1966 s.78 and Third Schedule (S 144/2016). Each Part 2 applies to wages from 1 Jan 2015.,https://www.cpf.gov.sg/employer/employer-obligations/contributions-to-self-help-groups,2026-09-30,2015-01-01,,TESTED,"Split from SG-SHG03 (2026-09-30). Every rung and the cent above it golden-tested in all five versions. SG-SHG03-20, SG-SHG03-21 pending the test phase.",statutory_contributions:CDAC; statutory_contributions:ECF; statutory_contributions:MBMF; statutory_contributions:SINDA,"Singapore — every self-help-group rung and every SDL seam, in every sealed version",SG-SHG03-20; SG-SHG03-21,
SG-SHG03.ecf-2500-4000,SG,contribution,"ECF (Eurasian citizens and SPRs): month’s total wages > $2,500 to $4,000 → $9.",CPF Board SHG rate tables (modified 2026-09-22); MUIS MBMF employer information (rates for wages from 1 Jun 2016). Statutory instruments read on SSO 2026-09-28 (current as at that date): CPF (Contributions to Community Fund — CDAC) Rules 1992 Schedule Part 2 and r.2 (Chinese PR/citizen); — SINDA Rules 1992 Schedule Part 2 and r.8(1)–(2); — Eurasian Association Rules 1995 Schedule Part 2 and r.2 (Eurasian PR/citizen); Administration of Muslim Law Act 1966 s.78 and Third Schedule (S 144/2016). Each Part 2 applies to wages from 1 Jan 2015.,https://www.cpf.gov.sg/employer/employer-obligations/contributions-to-self-help-groups,2026-09-30,2015-01-01,,VERIFIED,Split from SG-SHG03 (2026-09-30). Every rung and the cent above it golden-tested in all five versions. Verified by SG-SHG03-1 on 2026-09-29. SG-SHG03-22 pending the test phase.,statutory_contributions:CDAC; statutory_contributions:ECF; statutory_contributions:MBMF; statutory_contributions:SINDA,"Singapore — every self-help-group rung and every SDL seam, in every sealed version",SG-SHG03-1; SG-SHG03-22,2026-09-29
SG-SHG03.ecf-4000-7000,SG,contribution,"ECF (Eurasian citizens and SPRs): month’s total wages > $4,000 to $7,000 → $12.",CPF Board SHG rate tables (modified 2026-09-22); MUIS MBMF employer information (rates for wages from 1 Jun 2016). Statutory instruments read on SSO 2026-09-28 (current as at that date): CPF (Contributions to Community Fund — CDAC) Rules 1992 Schedule Part 2 and r.2 (Chinese PR/citizen); — SINDA Rules 1992 Schedule Part 2 and r.8(1)–(2); — Eurasian Association Rules 1995 Schedule Part 2 and r.2 (Eurasian PR/citizen); Administration of Muslim Law Act 1966 s.78 and Third Schedule (S 144/2016). Each Part 2 applies to wages from 1 Jan 2015.,https://www.cpf.gov.sg/employer/employer-obligations/contributions-to-self-help-groups,2026-09-30,2015-01-01,,VERIFIED,Split from SG-SHG03 (2026-09-30). Every rung and the cent above it golden-tested in all five versions. Verified by SG-SHG03-2 on 2026-09-29. SG-SHG03-23 pending the test phase.,statutory_contributions:CDAC; statutory_contributions:ECF; statutory_contributions:MBMF; statutory_contributions:SINDA,"Singapore — every self-help-group rung and every SDL seam, in every sealed version",SG-SHG03-2; SG-SHG03-23,2026-09-29
SG-SHG03.ecf-7000-10000,SG,contribution,"ECF (Eurasian citizens and SPRs): month’s total wages > $7,000 to $10,000 → $16.",CPF Board SHG rate tables (modified 2026-09-22); MUIS MBMF employer information (rates for wages from 1 Jun 2016). Statutory instruments read on SSO 2026-09-28 (current as at that date): CPF (Contributions to Community Fund — CDAC) Rules 1992 Schedule Part 2 and r.2 (Chinese PR/citizen); — SINDA Rules 1992 Schedule Part 2 and r.8(1)–(2); — Eurasian Association Rules 1995 Schedule Part 2 and r.2 (Eurasian PR/citizen); Administration of Muslim Law Act 1966 s.78 and Third Schedule (S 144/2016). Each Part 2 applies to wages from 1 Jan 2015.,https://www.cpf.gov.sg/employer/employer-obligations/contributions-to-self-help-groups,2026-09-30,2015-01-01,,TESTED,"Split from SG-SHG03 (2026-09-30). Every rung and the cent above it golden-tested in all five versions. SG-SHG03-24, SG-SHG03-25 pending the test phase.",statutory_contributions:CDAC; statutory_contributions:ECF; statutory_contributions:MBMF; statutory_contributions:SINDA,"Singapore — every self-help-group rung and every SDL seam, in every sealed version",SG-SHG03-24; SG-SHG03-25,
SG-SHG03.ecf-above-10000,SG,contribution,"ECF (Eurasian citizens and SPRs): month’s total wages > $10,000 → $20.",CPF Board SHG rate tables (modified 2026-09-22); MUIS MBMF employer information (rates for wages from 1 Jun 2016). Statutory instruments read on SSO 2026-09-28 (current as at that date): CPF (Contributions to Community Fund — CDAC) Rules 1992 Schedule Part 2 and r.2 (Chinese PR/citizen); — SINDA Rules 1992 Schedule Part 2 and r.8(1)–(2); — Eurasian Association Rules 1995 Schedule Part 2 and r.2 (Eurasian PR/citizen); Administration of Muslim Law Act 1966 s.78 and Third Schedule (S 144/2016). Each Part 2 applies to wages from 1 Jan 2015.,https://www.cpf.gov.sg/employer/employer-obligations/contributions-to-self-help-groups,2026-09-30,2015-01-01,,TESTED,Split from SG-SHG03 (2026-09-30). Every rung and the cent above it golden-tested in all five versions. SG-SHG03-26 pending the test phase.,statutory_contributions:CDAC; statutory_contributions:ECF; statutory_contributions:MBMF; statutory_contributions:SINDA,"Singapore — every self-help-group rung and every SDL seam, in every sealed version",SG-SHG03-26,
SG-SHG03.mbmf-le-1000,SG,contribution,"MBMF (Muslim employees, by religion): month’s total wages ≤ $1,000 → $3.",CPF Board SHG rate tables (modified 2026-09-22); MUIS MBMF employer information (rates for wages from 1 Jun 2016). Statutory instruments read on SSO 2026-09-28 (current as at that date): CPF (Contributions to Community Fund — CDAC) Rules 1992 Schedule Part 2 and r.2 (Chinese PR/citizen); — SINDA Rules 1992 Schedule Part 2 and r.8(1)–(2); — Eurasian Association Rules 1995 Schedule Part 2 and r.2 (Eurasian PR/citizen); Administration of Muslim Law Act 1966 s.78 and Third Schedule (S 144/2016). Each Part 2 applies to wages from 1 Jan 2015.,https://www.cpf.gov.sg/employer/employer-obligations/contributions-to-self-help-groups,2026-09-30,2015-01-01,,TESTED,Split from SG-SHG03 (2026-09-30). Every rung and the cent above it golden-tested in all five versions. SG-SHG03-27 pending the test phase.,statutory_contributions:CDAC; statutory_contributions:ECF; statutory_contributions:MBMF; statutory_contributions:SINDA,"Singapore — every self-help-group rung and every SDL seam, in every sealed version",SG-SHG03-27,
SG-SHG03.mbmf-1000-2000,SG,contribution,"MBMF (Muslim employees, by religion): month’s total wages > $1,000 to $2,000 → $4.50.",CPF Board SHG rate tables (modified 2026-09-22); MUIS MBMF employer information (rates for wages from 1 Jun 2016). Statutory instruments read on SSO 2026-09-28 (current as at that date): CPF (Contributions to Community Fund — CDAC) Rules 1992 Schedule Part 2 and r.2 (Chinese PR/citizen); — SINDA Rules 1992 Schedule Part 2 and r.8(1)–(2); — Eurasian Association Rules 1995 Schedule Part 2 and r.2 (Eurasian PR/citizen); Administration of Muslim Law Act 1966 s.78 and Third Schedule (S 144/2016). Each Part 2 applies to wages from 1 Jan 2015.,https://www.cpf.gov.sg/employer/employer-obligations/contributions-to-self-help-groups,2026-09-30,2015-01-01,,TESTED,"Split from SG-SHG03 (2026-09-30). Every rung and the cent above it golden-tested in all five versions. SG-SHG03-28, SG-SHG03-29 pending the test phase.",statutory_contributions:CDAC; statutory_contributions:ECF; statutory_contributions:MBMF; statutory_contributions:SINDA,"Singapore — every self-help-group rung and every SDL seam, in every sealed version",SG-SHG03-28; SG-SHG03-29,
SG-SHG03.mbmf-2000-3000,SG,contribution,"MBMF (Muslim employees, by religion): month’s total wages > $2,000 to $3,000 → $6.50.",CPF Board SHG rate tables (modified 2026-09-22); MUIS MBMF employer information (rates for wages from 1 Jun 2016). Statutory instruments read on SSO 2026-09-28 (current as at that date): CPF (Contributions to Community Fund — CDAC) Rules 1992 Schedule Part 2 and r.2 (Chinese PR/citizen); — SINDA Rules 1992 Schedule Part 2 and r.8(1)–(2); — Eurasian Association Rules 1995 Schedule Part 2 and r.2 (Eurasian PR/citizen); Administration of Muslim Law Act 1966 s.78 and Third Schedule (S 144/2016). Each Part 2 applies to wages from 1 Jan 2015.,https://www.cpf.gov.sg/employer/employer-obligations/contributions-to-self-help-groups,2026-09-30,2015-01-01,,VERIFIED,Split from SG-SHG03 (2026-09-30). Every rung and the cent above it golden-tested in all five versions. Verified by SG-SHG03-6 on 2026-09-29. SG-SHG03-30 pending the test phase.,statutory_contributions:CDAC; statutory_contributions:ECF; statutory_contributions:MBMF; statutory_contributions:SINDA,"Singapore — every self-help-group rung and every SDL seam, in every sealed version",SG-SHG03-6; SG-SHG03-30,2026-09-29
SG-SHG03.mbmf-3000-4000,SG,contribution,"MBMF (Muslim employees, by religion): month’s total wages > $3,000 to $4,000 → $15.",CPF Board SHG rate tables (modified 2026-09-22); MUIS MBMF employer information (rates for wages from 1 Jun 2016). Statutory instruments read on SSO 2026-09-28 (current as at that date): CPF (Contributions to Community Fund — CDAC) Rules 1992 Schedule Part 2 and r.2 (Chinese PR/citizen); — SINDA Rules 1992 Schedule Part 2 and r.8(1)–(2); — Eurasian Association Rules 1995 Schedule Part 2 and r.2 (Eurasian PR/citizen); Administration of Muslim Law Act 1966 s.78 and Third Schedule (S 144/2016). Each Part 2 applies to wages from 1 Jan 2015.,https://www.cpf.gov.sg/employer/employer-obligations/contributions-to-self-help-groups,2026-09-30,2015-01-01,,TESTED,"Split from SG-SHG03 (2026-09-30). Every rung and the cent above it golden-tested in all five versions. SG-SHG03-31, SG-SHG03-32 pending the test phase.",statutory_contributions:CDAC; statutory_contributions:ECF; statutory_contributions:MBMF; statutory_contributions:SINDA,"Singapore — every self-help-group rung and every SDL seam, in every sealed version",SG-SHG03-31; SG-SHG03-32,
SG-SHG03.mbmf-4000-6000,SG,contribution,"MBMF (Muslim employees, by religion): month’s total wages > $4,000 to $6,000 → $19.50.",CPF Board SHG rate tables (modified 2026-09-22); MUIS MBMF employer information (rates for wages from 1 Jun 2016). Statutory instruments read on SSO 2026-09-28 (current as at that date): CPF (Contributions to Community Fund — CDAC) Rules 1992 Schedule Part 2 and r.2 (Chinese PR/citizen); — SINDA Rules 1992 Schedule Part 2 and r.8(1)–(2); — Eurasian Association Rules 1995 Schedule Part 2 and r.2 (Eurasian PR/citizen); Administration of Muslim Law Act 1966 s.78 and Third Schedule (S 144/2016). Each Part 2 applies to wages from 1 Jan 2015.,https://www.cpf.gov.sg/employer/employer-obligations/contributions-to-self-help-groups,2026-09-30,2015-01-01,,TESTED,"Split from SG-SHG03 (2026-09-30). Every rung and the cent above it golden-tested in all five versions. SG-SHG03-33, SG-SHG03-34 pending the test phase.",statutory_contributions:CDAC; statutory_contributions:ECF; statutory_contributions:MBMF; statutory_contributions:SINDA,"Singapore — every self-help-group rung and every SDL seam, in every sealed version",SG-SHG03-33; SG-SHG03-34,
SG-SHG03.mbmf-6000-8000,SG,contribution,"MBMF (Muslim employees, by religion): month’s total wages > $6,000 to $8,000 → $22.",CPF Board SHG rate tables (modified 2026-09-22); MUIS MBMF employer information (rates for wages from 1 Jun 2016). Statutory instruments read on SSO 2026-09-28 (current as at that date): CPF (Contributions to Community Fund — CDAC) Rules 1992 Schedule Part 2 and r.2 (Chinese PR/citizen); — SINDA Rules 1992 Schedule Part 2 and r.8(1)–(2); — Eurasian Association Rules 1995 Schedule Part 2 and r.2 (Eurasian PR/citizen); Administration of Muslim Law Act 1966 s.78 and Third Schedule (S 144/2016). Each Part 2 applies to wages from 1 Jan 2015.,https://www.cpf.gov.sg/employer/employer-obligations/contributions-to-self-help-groups,2026-09-30,2015-01-01,,TESTED,"Split from SG-SHG03 (2026-09-30). Every rung and the cent above it golden-tested in all five versions. SG-SHG03-35, SG-SHG03-36 pending the test phase.",statutory_contributions:CDAC; statutory_contributions:ECF; statutory_contributions:MBMF; statutory_contributions:SINDA,"Singapore — every self-help-group rung and every SDL seam, in every sealed version",SG-SHG03-35; SG-SHG03-36,
SG-SHG03.mbmf-8000-10000,SG,contribution,"MBMF (Muslim employees, by religion): month’s total wages > $8,000 to $10,000 → $24.",CPF Board SHG rate tables (modified 2026-09-22); MUIS MBMF employer information (rates for wages from 1 Jun 2016). Statutory instruments read on SSO 2026-09-28 (current as at that date): CPF (Contributions to Community Fund — CDAC) Rules 1992 Schedule Part 2 and r.2 (Chinese PR/citizen); — SINDA Rules 1992 Schedule Part 2 and r.8(1)–(2); — Eurasian Association Rules 1995 Schedule Part 2 and r.2 (Eurasian PR/citizen); Administration of Muslim Law Act 1966 s.78 and Third Schedule (S 144/2016). Each Part 2 applies to wages from 1 Jan 2015.,https://www.cpf.gov.sg/employer/employer-obligations/contributions-to-self-help-groups,2026-09-30,2015-01-01,,TESTED,"Split from SG-SHG03 (2026-09-30). Every rung and the cent above it golden-tested in all five versions. SG-SHG03-37, SG-SHG03-38 pending the test phase.",statutory_contributions:CDAC; statutory_contributions:ECF; statutory_contributions:MBMF; statutory_contributions:SINDA,"Singapore — every self-help-group rung and every SDL seam, in every sealed version",SG-SHG03-37; SG-SHG03-38,
SG-SHG03.mbmf-above-10000,SG,contribution,"MBMF (Muslim employees, by religion): month’s total wages > $10,000 → $26.",CPF Board SHG rate tables (modified 2026-09-22); MUIS MBMF employer information (rates for wages from 1 Jun 2016). Statutory instruments read on SSO 2026-09-28 (current as at that date): CPF (Contributions to Community Fund — CDAC) Rules 1992 Schedule Part 2 and r.2 (Chinese PR/citizen); — SINDA Rules 1992 Schedule Part 2 and r.8(1)–(2); — Eurasian Association Rules 1995 Schedule Part 2 and r.2 (Eurasian PR/citizen); Administration of Muslim Law Act 1966 s.78 and Third Schedule (S 144/2016). Each Part 2 applies to wages from 1 Jan 2015.,https://www.cpf.gov.sg/employer/employer-obligations/contributions-to-self-help-groups,2026-09-30,2015-01-01,,VERIFIED,Split from SG-SHG03 (2026-09-30). Every rung and the cent above it golden-tested in all five versions. Verified by SG-SHG03-7 on 2026-09-29. SG-SHG03-39 pending the test phase.,statutory_contributions:CDAC; statutory_contributions:ECF; statutory_contributions:MBMF; statutory_contributions:SINDA,"Singapore — every self-help-group rung and every SDL seam, in every sealed version",SG-SHG03-7; SG-SHG03-39,2026-09-29
SG-SHG03.sinda-le-1000,SG,contribution,"SINDA (Indian community): month’s total wages ≤ $1,000 → $1.",CPF Board SHG rate tables (modified 2026-09-22); MUIS MBMF employer information (rates for wages from 1 Jun 2016). Statutory instruments read on SSO 2026-09-28 (current as at that date): CPF (Contributions to Community Fund — CDAC) Rules 1992 Schedule Part 2 and r.2 (Chinese PR/citizen); — SINDA Rules 1992 Schedule Part 2 and r.8(1)–(2); — Eurasian Association Rules 1995 Schedule Part 2 and r.2 (Eurasian PR/citizen); Administration of Muslim Law Act 1966 s.78 and Third Schedule (S 144/2016). Each Part 2 applies to wages from 1 Jan 2015.,https://www.cpf.gov.sg/employer/employer-obligations/contributions-to-self-help-groups,2026-09-30,2015-01-01,,VERIFIED,Split from SG-SHG03 (2026-09-30). Every rung and the cent above it golden-tested in all five versions. Verified by SG-SHG03-3 on 2026-09-29.,statutory_contributions:CDAC; statutory_contributions:ECF; statutory_contributions:MBMF; statutory_contributions:SINDA,"Singapore — every self-help-group rung and every SDL seam, in every sealed version",SG-SHG03-3,2026-09-29
SG-SHG03.sinda-1000-1500,SG,contribution,"SINDA (Indian community): month’s total wages > $1,000 to $1,500 → $3.",CPF Board SHG rate tables (modified 2026-09-22); MUIS MBMF employer information (rates for wages from 1 Jun 2016). Statutory instruments read on SSO 2026-09-28 (current as at that date): CPF (Contributions to Community Fund — CDAC) Rules 1992 Schedule Part 2 and r.2 (Chinese PR/citizen); — SINDA Rules 1992 Schedule Part 2 and r.8(1)–(2); — Eurasian Association Rules 1995 Schedule Part 2 and r.2 (Eurasian PR/citizen); Administration of Muslim Law Act 1966 s.78 and Third Schedule (S 144/2016). Each Part 2 applies to wages from 1 Jan 2015.,https://www.cpf.gov.sg/employer/employer-obligations/contributions-to-self-help-groups,2026-09-30,2015-01-01,,TESTED,"Split from SG-SHG03 (2026-09-30). Every rung and the cent above it golden-tested in all five versions. SG-SHG03-40, SG-SHG03-41 pending the test phase.",statutory_contributions:CDAC; statutory_contributions:ECF; statutory_contributions:MBMF; statutory_contributions:SINDA,"Singapore — every self-help-group rung and every SDL seam, in every sealed version",SG-SHG03-40; SG-SHG03-41,
SG-SHG03.sinda-1500-2500,SG,contribution,"SINDA (Indian community): month’s total wages > $1,500 to $2,500 → $5.",CPF Board SHG rate tables (modified 2026-09-22); MUIS MBMF employer information (rates for wages from 1 Jun 2016). Statutory instruments read on SSO 2026-09-28 (current as at that date): CPF (Contributions to Community Fund — CDAC) Rules 1992 Schedule Part 2 and r.2 (Chinese PR/citizen); — SINDA Rules 1992 Schedule Part 2 and r.8(1)–(2); — Eurasian Association Rules 1995 Schedule Part 2 and r.2 (Eurasian PR/citizen); Administration of Muslim Law Act 1966 s.78 and Third Schedule (S 144/2016). Each Part 2 applies to wages from 1 Jan 2015.,https://www.cpf.gov.sg/employer/employer-obligations/contributions-to-self-help-groups,2026-09-30,2015-01-01,,TESTED,"Split from SG-SHG03 (2026-09-30). Every rung and the cent above it golden-tested in all five versions. SG-SHG03-42, SG-SHG03-43 pending the test phase.",statutory_contributions:CDAC; statutory_contributions:ECF; statutory_contributions:MBMF; statutory_contributions:SINDA,"Singapore — every self-help-group rung and every SDL seam, in every sealed version",SG-SHG03-42; SG-SHG03-43,
SG-SHG03.sinda-2500-4500,SG,contribution,"SINDA (Indian community): month’s total wages > $2,500 to $4,500 → $7.",CPF Board SHG rate tables (modified 2026-09-22); MUIS MBMF employer information (rates for wages from 1 Jun 2016). Statutory instruments read on SSO 2026-09-28 (current as at that date): CPF (Contributions to Community Fund — CDAC) Rules 1992 Schedule Part 2 and r.2 (Chinese PR/citizen); — SINDA Rules 1992 Schedule Part 2 and r.8(1)–(2); — Eurasian Association Rules 1995 Schedule Part 2 and r.2 (Eurasian PR/citizen); Administration of Muslim Law Act 1966 s.78 and Third Schedule (S 144/2016). Each Part 2 applies to wages from 1 Jan 2015.,https://www.cpf.gov.sg/employer/employer-obligations/contributions-to-self-help-groups,2026-09-30,2015-01-01,,TESTED,"Split from SG-SHG03 (2026-09-30). Every rung and the cent above it golden-tested in all five versions. SG-SHG03-44, SG-SHG03-45 pending the test phase.",statutory_contributions:CDAC; statutory_contributions:ECF; statutory_contributions:MBMF; statutory_contributions:SINDA,"Singapore — every self-help-group rung and every SDL seam, in every sealed version",SG-SHG03-44; SG-SHG03-45,
SG-SHG03.sinda-4500-7500,SG,contribution,"SINDA (Indian community): month’s total wages > $4,500 to $7,500 → $9.",CPF Board SHG rate tables (modified 2026-09-22); MUIS MBMF employer information (rates for wages from 1 Jun 2016). Statutory instruments read on SSO 2026-09-28 (current as at that date): CPF (Contributions to Community Fund — CDAC) Rules 1992 Schedule Part 2 and r.2 (Chinese PR/citizen); — SINDA Rules 1992 Schedule Part 2 and r.8(1)–(2); — Eurasian Association Rules 1995 Schedule Part 2 and r.2 (Eurasian PR/citizen); Administration of Muslim Law Act 1966 s.78 and Third Schedule (S 144/2016). Each Part 2 applies to wages from 1 Jan 2015.,https://www.cpf.gov.sg/employer/employer-obligations/contributions-to-self-help-groups,2026-09-30,2015-01-01,,TESTED,"Split from SG-SHG03 (2026-09-30). Every rung and the cent above it golden-tested in all five versions. SG-SHG03-46, SG-SHG03-47 pending the test phase.",statutory_contributions:CDAC; statutory_contributions:ECF; statutory_contributions:MBMF; statutory_contributions:SINDA,"Singapore — every self-help-group rung and every SDL seam, in every sealed version",SG-SHG03-46; SG-SHG03-47,
SG-SHG03.sinda-7500-10000,SG,contribution,"SINDA (Indian community): month’s total wages > $7,500 to $10,000 → $12.",CPF Board SHG rate tables (modified 2026-09-22); MUIS MBMF employer information (rates for wages from 1 Jun 2016). Statutory instruments read on SSO 2026-09-28 (current as at that date): CPF (Contributions to Community Fund — CDAC) Rules 1992 Schedule Part 2 and r.2 (Chinese PR/citizen); — SINDA Rules 1992 Schedule Part 2 and r.8(1)–(2); — Eurasian Association Rules 1995 Schedule Part 2 and r.2 (Eurasian PR/citizen); Administration of Muslim Law Act 1966 s.78 and Third Schedule (S 144/2016). Each Part 2 applies to wages from 1 Jan 2015.,https://www.cpf.gov.sg/employer/employer-obligations/contributions-to-self-help-groups,2026-09-30,2015-01-01,,TESTED,"Split from SG-SHG03 (2026-09-30). Every rung and the cent above it golden-tested in all five versions. SG-SHG03-48, SG-SHG03-49 pending the test phase.",statutory_contributions:CDAC; statutory_contributions:ECF; statutory_contributions:MBMF; statutory_contributions:SINDA,"Singapore — every self-help-group rung and every SDL seam, in every sealed version",SG-SHG03-48; SG-SHG03-49,
SG-SHG03.sinda-10000-15000,SG,contribution,"SINDA (Indian community): month’s total wages > $10,000 to $15,000 → $18.",CPF Board SHG rate tables (modified 2026-09-22); MUIS MBMF employer information (rates for wages from 1 Jun 2016). Statutory instruments read on SSO 2026-09-28 (current as at that date): CPF (Contributions to Community Fund — CDAC) Rules 1992 Schedule Part 2 and r.2 (Chinese PR/citizen); — SINDA Rules 1992 Schedule Part 2 and r.8(1)–(2); — Eurasian Association Rules 1995 Schedule Part 2 and r.2 (Eurasian PR/citizen); Administration of Muslim Law Act 1966 s.78 and Third Schedule (S 144/2016). Each Part 2 applies to wages from 1 Jan 2015.,https://www.cpf.gov.sg/employer/employer-obligations/contributions-to-self-help-groups,2026-09-30,2015-01-01,,TESTED,"Split from SG-SHG03 (2026-09-30). Every rung and the cent above it golden-tested in all five versions. SG-SHG03-50, SG-SHG03-51 pending the test phase.",statutory_contributions:CDAC; statutory_contributions:ECF; statutory_contributions:MBMF; statutory_contributions:SINDA,"Singapore — every self-help-group rung and every SDL seam, in every sealed version",SG-SHG03-50; SG-SHG03-51,
SG-SHG03.sinda-above-15000,SG,contribution,"SINDA (Indian community): month’s total wages > $15,000 → $30.",CPF Board SHG rate tables (modified 2026-09-22); MUIS MBMF employer information (rates for wages from 1 Jun 2016). Statutory instruments read on SSO 2026-09-28 (current as at that date): CPF (Contributions to Community Fund — CDAC) Rules 1992 Schedule Part 2 and r.2 (Chinese PR/citizen); — SINDA Rules 1992 Schedule Part 2 and r.8(1)–(2); — Eurasian Association Rules 1995 Schedule Part 2 and r.2 (Eurasian PR/citizen); Administration of Muslim Law Act 1966 s.78 and Third Schedule (S 144/2016). Each Part 2 applies to wages from 1 Jan 2015.,https://www.cpf.gov.sg/employer/employer-obligations/contributions-to-self-help-groups,2026-09-30,2015-01-01,,VERIFIED,Split from SG-SHG03 (2026-09-30). Every rung and the cent above it golden-tested in all five versions. Verified by SG-SHG03-8 on 2026-09-29. SG-SHG03-52 pending the test phase.,statutory_contributions:CDAC; statutory_contributions:ECF; statutory_contributions:MBMF; statutory_contributions:SINDA,"Singapore — every self-help-group rung and every SDL seam, in every sealed version",SG-SHG03-8; SG-SHG03-52,2026-09-29
SG-SHG03.cdac-instruction,SG,contribution,A CDAC fund instruction for a different (higher) monthly amount replaces the rung (CDAC Rules r.8).,CPF Board SHG rate tables (modified 2026-09-22); MUIS MBMF employer information (rates for wages from 1 Jun 2016). Statutory instruments read on SSO 2026-09-28 (current as at that date): CPF (Contributions to Community Fund — CDAC) Rules 1992 Schedule Part 2 and r.2 (Chinese PR/citizen); — SINDA Rules 1992 Schedule Part 2 and r.8(1)–(2); — Eurasian Association Rules 1995 Schedule Part 2 and r.2 (Eurasian PR/citizen); Administration of Muslim Law Act 1966 s.78 and Third Schedule (S 144/2016). Each Part 2 applies to wages from 1 Jan 2015.,https://www.cpf.gov.sg/employer/employer-obligations/contributions-to-self-help-groups,2026-09-30,2015-01-01,,TESTED,Split from SG-SHG03 (2026-09-30). Golden-tested. SG-SHG03-9 pending the test phase.,statutory_contributions:CDAC; statutory_contributions:ECF; statutory_contributions:MBMF; statutory_contributions:SINDA,Singapore — a fund instruction for a different monthly amount replaces the schedule rung (CDAC and SINDA Rules r.8),SG-SHG03-9,
SG-SHG03.sinda-instruction,SG,contribution,A SINDA fund instruction for a different (lower) monthly amount replaces the rung (SINDA Rules r.8(2)).,CPF Board SHG rate tables (modified 2026-09-22); MUIS MBMF employer information (rates for wages from 1 Jun 2016). Statutory instruments read on SSO 2026-09-28 (current as at that date): CPF (Contributions to Community Fund — CDAC) Rules 1992 Schedule Part 2 and r.2 (Chinese PR/citizen); — SINDA Rules 1992 Schedule Part 2 and r.8(1)–(2); — Eurasian Association Rules 1995 Schedule Part 2 and r.2 (Eurasian PR/citizen); Administration of Muslim Law Act 1966 s.78 and Third Schedule (S 144/2016). Each Part 2 applies to wages from 1 Jan 2015.,https://www.cpf.gov.sg/employer/employer-obligations/contributions-to-self-help-groups,2026-09-30,2015-01-01,,TESTED,"Split branch retained as TESTED. Saved production-path case SG-SHG03-10 passed on SDK0.0.163 artifactf372724efa93 (2026-10-02), with exact authored assertions: Saved SINDA employee2 replaces default7; CPF600/510 and SDL7.50 remain on3000; authored SINDA-R8-FORM reference. Remaining scope: Recorded instruction calculation only; no proof of external instruction issuance or remittance. No broad family status promotion. [Finite saved evidence2026-10-02] Earlier exact finite163 saved proof retained. Current original335SG differential cases all saved agree on isolated current primary1781 artifact; country total alone is not an exact case-to-row closure proof. Cases:SG-SHG03-10. Remaining:Actual digital instruction issuance/processing approval is not demonstrated by synthetic recorded instructions; no external action claim. Proof:sg163-promotion-candidates-proof.json,sg-full1781-20261002/proof.json. Status unchanged in this reason-only proposal.",statutory_contributions:CDAC; statutory_contributions:ECF; statutory_contributions:MBMF; statutory_contributions:SINDA,Singapore — a fund instruction for a different monthly amount replaces the schedule rung (CDAC and SINDA Rules r.8),SG-SHG03-10,
SG-IRAS21,SG,tax,"Disposition: no monthly employee PAYE in Singapore. Employer tax duties are IR8A/AIS (SG-IRAS01/05), IR21 (SG-IRAS02) and s.45 withholding for non-resident directors/professionals (SG-IRAS11). Reference facts for tax-on-tax (SG-IRAS18) and IR21 holds: resident rates 0% on the first $20,000 rising to 22% ($320,001–500,000), 23% ($500,001–1,000,000), 24% above $1,000,000 (gross tax $199,150 on the first $1m); non-resident employment income at the higher of 15% or resident rates; non-resident director fees 24% (22% before YA2024); YA2025 rebate 60% capped at $200. Residence and 60-day short-term tests per SG-IRAS14.","IRAS individual income tax rates; ITA 1947 s.13(6)–(7) (SSO, current as at 29 Sep 2026: employment income of a non-resident exercised in Singapore for not more than 60 days in the year preceding the YA is exempt; not for directors or public entertainers) and Second Schedule Part A Table 3 (YA 2024 onward)",https://www.iras.gov.sg/taxes/individual-income-tax/basics-of-individual-income-tax/tax-residency-and-tax-rates/individual-income-tax-rates,2026-09-29,2024-01-01,,NOT-APPLICABLE,"Singapore has no monthly employee PAYE; golden proves no withholding row. Evidence: Partly covered by SG-IRAS11 and SG-IRAS14. Open/why: `statutory-golden-sg` (2026-09-28) ""no income tax is withheld…"" proves no withholding row for citizen and non-resident EP payslips incl. a bonus month. Re-read 2026-09-29: Table 3 bands give 22% on $320,001–500,000, 23% on the next $500,000, 24% above $1,000,000, and gross tax on the first $1,000,000 = 44,550 + 39,600 + 115,000 = $199,150, as stated. The non-resident 15%/24% and rebate figures are IRAS-page facts not re-read here; they feed SG-IRAS18/IR21, not payroll withholding. Legacy status: Yes (disposition 2026-09-29). Period: YA2024 onward (2025 and 2026 income); every employee. Other sources: https://sso.agc.gov.sg/Act/ITA1947?ProvIds=pr13-; https://sso.agc.gov.sg/Act/ITA1947?ProvIds=Sc2-",,"Singapore — no income tax is withheld from pay, resident or not, bonus month or not",,
SG-IRAS22,SG,tax,"Employer subsidies for Government-operated early-childhood centres (MOE Kindergartens) would become exempt, changing IR8A/Appendix 8B reporting of 2026 benefits. Cl.4(1)(d) ComLink+ exemption is not an employer payment. Watch item: reopen SG-IRAS01/SG-IRAS03 on gazettal.","Finance (Income Taxes) Bill 22/2026, first reading 8 Sep 2026, cl.4(1)(a) amending ITA s.13(1)(zb)",https://www.parliament.gov.sg/api/media/60d04d29-7137-43bf-aefc-8eaf9c522878/Finance-Income-Taxes-Bill-22-2026.pdf,2026-09-28,,,AWAITING-LAW,Finance (Income Taxes) Bill 22/2026 not enacted as of 2026-09-28. Evidence: None. Open/why: Not enacted as of 2026-09-28. Legacy status: No [SOURCE 2026-09-29]. Period: Pending; would apply from YA2027 (2026 income) if enacted.,,,,
SG-IRAS23,SG,records,"Retain source records for at least 5 years from the relevant YA, longer than the EA 2-year rule (SG-HR03/SG-SL07); PDPA s.25 purge (SG-HR16) must defer to it. Poor record keeping carries penalties up to $5,000. Cited page is the corporate-tax page; an employer-specific IRAS source is still needed. Late-AIS fine unverified.",IRAS record-keeping requirements; ITA 1947 s.67 (anchor unverified),https://www.iras.gov.sg/taxes/corporate-income-tax/basics-of-corporate-income-tax/record-keeping-requirements,2026-09-26,2025-12-01,,PARTIAL,"Current source audit (2026-10-03). Integrated: Primary income retention selector records year/retain-through, source records/assets, purge-blocked/purpose-review outputs and accepted-source locks.. Incomplete: Employer-wide ITA67 applicability across all salary/source record families and actual global asset/source deletion enforcement are not established by tax-report retention metadata or the cited corporate tax page. Post-expiry actual purpose decision remains separate from automatic purge.; Employer-wide ITA67 applicability across all salary/source record families and actual global asset/source deletion enforcement are not established by tax-report retention metadata or the cited corporate tax page. Post-expiry actual purpose decision remains separate from automatic purge.. Required actual inputs/external operations remain genuine; no new verification.",,,,
SG-HR46.regular,SG,severance,"Regular EAP: 3.5 months of the EA gross rate, minimum $6,250, maximum $14,750 (guideline amounts).","RRA 1993 s.7C(1), (4)–(5); MOM Tripartite Guidelines captured 15 February 2026, para.37 and Annex Q10; MOM Tripartite Guidelines on the Re-employment of Older Employees, updated 1 July 2026, paras.36–42; MOM EAP CPF/tax FAQ, instalment FAQ; IRAS EAP treatment",https://sso.agc.gov.sg/Act/RRA1993?ProvIds=pr7C-,2026-09-29,2022-07-01,,IMPLEMENTED,"Current source audit (2026-10-03). Integrated: Native EMPLOYMENT_ASSISTANCE_PAYMENT catalogue computes source-reviewed regular3.5month $6250–14750 versus stepped2month $4000–8500, actual birth/exit-month cohort midpoint including1Jul2026 transition and contractual higher ages; remaining-to-age salary cap and optional actual own/comparator hours proration of bounds. Actual gross and eligibility evidence are source facts, not guessed wages.. Full stated scope implemented; saved-workflow verification remains due. regular. Required actual inputs/external operations remain genuine; no new verification.",obligations:RETIREMENT_AND_RE_EMPLOYMENT,,,
SG-HR46.stepped-down,SG,severance,"Stepped-down EAP: 2 months, minimum $4,000, maximum $8,500 (guideline amounts).","RRA 1993 s.7C(1), (4)–(5); MOM Tripartite Guidelines captured 15 February 2026, para.37 and Annex Q10; MOM Tripartite Guidelines on the Re-employment of Older Employees, updated 1 July 2026, paras.36–42; MOM EAP CPF/tax FAQ, instalment FAQ; IRAS EAP treatment",https://sso.agc.gov.sg/Act/RRA1993?ProvIds=pr7C-,2026-09-29,2022-07-01,,IMPLEMENTED,"Current source audit (2026-10-03). Integrated: Native EMPLOYMENT_ASSISTANCE_PAYMENT catalogue computes source-reviewed regular3.5month $6250–14750 versus stepped2month $4000–8500, actual birth/exit-month cohort midpoint including1Jul2026 transition and contractual higher ages; remaining-to-age salary cap and optional actual own/comparator hours proration of bounds. Actual gross and eligibility evidence are source facts, not guessed wages.. Full stated scope implemented; saved-workflow verification remains due. stepped-down. Required actual inputs/external operations remain genuine; no new verification.",obligations:RETIREMENT_AND_RE_EMPLOYMENT,,,
SG-HR46.stepped-down-age-to-2026-06,SG,severance,Before 1 July 2026: born from 1 July 1960 stepped down at 65.5 (regular from 63); born 1 July 1955–30 June 1960 at 65 (regular from 62); both ended before 68.,"RRA 1993 s.7C(1), (4)–(5); MOM Tripartite Guidelines captured 15 February 2026, para.37 and Annex Q10; MOM Tripartite Guidelines on the Re-employment of Older Employees, updated 1 July 2026, paras.36–42; MOM EAP CPF/tax FAQ, instalment FAQ; IRAS EAP treatment",https://sso.agc.gov.sg/Act/RRA1993?ProvIds=pr7C-,2026-09-29,2022-07-01,2026-06-30,IMPLEMENTED,"Current source audit (2026-10-03). Integrated: Native EMPLOYMENT_ASSISTANCE_PAYMENT catalogue computes source-reviewed regular3.5month $6250–14750 versus stepped2month $4000–8500, actual birth/exit-month cohort midpoint including1Jul2026 transition and contractual higher ages; remaining-to-age salary cap and optional actual own/comparator hours proration of bounds. Actual gross and eligibility evidence are source facts, not guessed wages.. Full stated scope implemented; saved-workflow verification remains due. stepped-down-age-to-2026-06. Required actual inputs/external operations remain genuine; no new verification.",obligations:RETIREMENT_AND_RE_EMPLOYMENT,,,
SG-HR46.stepped-down-age-from-2026-07,SG,severance,"From 1 July 2026: stepped down at 66.5 for birth from 1 July 1963, 66 for 1 July 1960–30 June 1963, 65.5 for 1 July 1958–30 June 1960; all end before 69.","RRA 1993 s.7C(1), (4)–(5); MOM Tripartite Guidelines captured 15 February 2026, para.37 and Annex Q10; MOM Tripartite Guidelines on the Re-employment of Older Employees, updated 1 July 2026, paras.36–42; MOM EAP CPF/tax FAQ, instalment FAQ; IRAS EAP treatment",https://sso.agc.gov.sg/Act/RRA1993?ProvIds=pr7C-,2026-09-29,2026-07-01,,IMPLEMENTED,"Current source audit (2026-10-03). Integrated: Native EMPLOYMENT_ASSISTANCE_PAYMENT catalogue computes source-reviewed regular3.5month $6250–14750 versus stepped2month $4000–8500, actual birth/exit-month cohort midpoint including1Jul2026 transition and contractual higher ages; remaining-to-age salary cap and optional actual own/comparator hours proration of bounds. Actual gross and eligibility evidence are source facts, not guessed wages.. Full stated scope implemented; saved-workflow verification remains due. stepped-down-age-from-2026-07. Required actual inputs/external operations remain genuine; no new verification.",obligations:RETIREMENT_AND_RE_EMPLOYMENT,,,
SG-HR46.remaining-salary-cap,SG,severance,EAP should not exceed the salary remaining to the applicable re-employment age (68 before July 2026; 69 after).,"RRA 1993 s.7C(1), (4)–(5); MOM Tripartite Guidelines captured 15 February 2026, para.37 and Annex Q10; MOM Tripartite Guidelines on the Re-employment of Older Employees, updated 1 July 2026, paras.36–42; MOM EAP CPF/tax FAQ, instalment FAQ; IRAS EAP treatment",https://sso.agc.gov.sg/Act/RRA1993?ProvIds=pr7C-,2026-09-29,2022-07-01,,IMPLEMENTED,"Current source audit (2026-10-03). Integrated: Native EMPLOYMENT_ASSISTANCE_PAYMENT catalogue computes source-reviewed regular3.5month $6250–14750 versus stepped2month $4000–8500, actual birth/exit-month cohort midpoint including1Jul2026 transition and contractual higher ages; remaining-to-age salary cap and optional actual own/comparator hours proration of bounds. Actual gross and eligibility evidence are source facts, not guessed wages.. Full stated scope implemented; saved-workflow verification remains due. remaining-salary-cap. Required actual inputs/external operations remain genuine; no new verification.",obligations:RETIREMENT_AND_RE_EMPLOYMENT,,,
SG-HR46.part-time,SG,severance,Part-time minimum and maximum may be prorated by comparable full-time weekly hours.,"RRA 1993 s.7C(1), (4)–(5); MOM Tripartite Guidelines captured 15 February 2026, para.37 and Annex Q10; MOM Tripartite Guidelines on the Re-employment of Older Employees, updated 1 July 2026, paras.36–42; MOM EAP CPF/tax FAQ, instalment FAQ; IRAS EAP treatment",https://sso.agc.gov.sg/Act/RRA1993?ProvIds=pr7C-,2026-09-29,2022-07-01,,IMPLEMENTED,"Current source audit (2026-10-03). Integrated: Native EMPLOYMENT_ASSISTANCE_PAYMENT catalogue computes source-reviewed regular3.5month $6250–14750 versus stepped2month $4000–8500, actual birth/exit-month cohort midpoint including1Jul2026 transition and contractual higher ages; remaining-to-age salary cap and optional actual own/comparator hours proration of bounds. Actual gross and eligibility evidence are source facts, not guessed wages.. Full stated scope implemented; saved-workflow verification remains due. part-time. Required actual inputs/external operations remain genuine; no new verification.",obligations:RETIREMENT_AND_RE_EMPLOYMENT,,,
SG-HR46.payment,SG,severance,"EAP is paid as a lump sum by the last day of employment or by mutually agreed arrangements, including instalments (RRA s.7C(4)); it is outside CPF and employee income tax.","RRA 1993 s.7C(1), (4)–(5); MOM Tripartite Guidelines captured 15 February 2026, para.37 and Annex Q10; MOM Tripartite Guidelines on the Re-employment of Older Employees, updated 1 July 2026, paras.36–42; MOM EAP CPF/tax FAQ, instalment FAQ; IRAS EAP treatment",https://sso.agc.gov.sg/Act/RRA1993?ProvIds=pr7C-,2026-09-29,2022-07-01,,PARTIAL,"Current source audit (2026-10-03). Integrated: Native EAP wage catalogue is outside CPF and employee income tax; source-priced actual award.. Incomplete: Actual lump-sum last-day settlement or mutually agreed instalments, separate genuine bank evidence and corrections remain. SDL treatment is explicitly unresolved source classification, not asserted exempt.; Actual SDL Agency classification for EAP cash.. payment. Required actual inputs/external operations remain genuine; no new verification.",obligations:RETIREMENT_AND_RE_EMPLOYMENT,,,
SG-HR46.consultation,SG,severance,Consult at least six months and offer at least three months before retirement; an unreasonable EAP may be disputed within six months (MOM).,"RRA 1993 s.7C(1), (4)–(5); MOM Tripartite Guidelines captured 15 February 2026, para.37 and Annex Q10; MOM Tripartite Guidelines on the Re-employment of Older Employees, updated 1 July 2026, paras.36–42; MOM EAP CPF/tax FAQ, instalment FAQ; IRAS EAP treatment",https://sso.agc.gov.sg/Act/RRA1993?ProvIds=pr7C-,2026-09-29,2022-07-01,,EXTERNAL,Split from SG-HR46 (2026-09-30). Employer process; no offer/transfer/EAP decision record.,obligations:RETIREMENT_AND_RE_EMPLOYMENT,,,
SG-FWL12,SG,levy,"Levy $650/month across sectors and tiers. Part month: daily levy = (monthly × 12) / 365, rounded up to the cent = $21.37. Late CPF/salary declarations can shift workers to higher tiers.",MOM S Pass levy and quota,https://www.mom.gov.sg/passes-and-permits/s-pass/quota-and-levy/levy-and-quota-requirements,2026-09-28,2025-09-01,,EXTERNAL,"S Pass levy is billed by MOM; no payslip line (golden). Evidence: R26 mentions $650; no proration. Open/why: Disposition: not payroll-computed. EFMA 1990 s.11(1), (3) (read on SSO 2026-09-28): the levy is imposed on the employer by Levy Order and recovered through the channel the order specifies — MOM's monthly levy bill, GIRO on the 17th (MOM ""Paying the levy"", updated 8 Jul 2026); s.25(6)(e) employer bears it; s.25(4)(a) penalty for deducting it from salary. The $21.37 daily proration is MOM's billing arithmetic, not a payslip figure. `statutory-golden-sg` (2026-09-28, round 2) ""the foreign worker levy is billed to the employer by MOM…"" proves no levy line or deduction for an S Pass holder and the `FOREIGN_WORKER_LEVY` EXTERNAL row in every version. An optional levy-cost accrual is not a statutory payroll output. Legacy status: Yes. Period: From 2025-09-01 (harmonisation); S Pass holder.",obligations:FOREIGN_WORKER_LEVY,"Singapore — the foreign worker levy is billed to the employer by MOM, never deducted on the payslip",,
SG-FWL13,SG,levy,"Enumerate dated Manufacturing, Services, CMP, Marine and Process tables and the Work Permit part-month rule. Daily proration for Work Permits not verified. 2028 restructuring must not be used for 2026 bills.",MOM foreign-worker levy; sector Levy Orders (e.g. S 307/2026 in SG-FWL08),https://www.mom.gov.sg/passes-and-permits/work-permit-for-foreign-worker/foreign-worker-levy,2026-09-28,2025-12-01,,EXTERNAL,"Work Permit levy is billed by MOM; no payslip line (golden). Evidence: SG-FWL01 generic. Open/why: Same disposition as SG-FWL12 (EFMA s.11, s.25(4)(a), s.25(6)(e)); `statutory-golden-sg` (2026-09-28, round 2) proves a Work Permit holder's payslip carries no levy and no deduction. Sector tables stay relevant to the employer's levy bill reconciliation (SG-FWL01), not to pay. Legacy status: Yes. Period: 2025-12+; Work Permit holder by sector, skill and dependency tier. The 2026 foreign-workforce factsheet (https://www.mom.gov.sg/-/media/mom/documents/press-releases/2026/factsheet-on-foreign-workforce-policies-03032026.pdf) schedules general Work Permit levy restructuring for 2028; those rates must not be used for a 2026 bill.",obligations:FOREIGN_WORKER_LEVY,"Singapore — the foreign worker levy is billed to the employer by MOM, never deducted on the payslip",,
SG-EA46-R01,SG,overtime,"OT rate capped at the $2,600 salary level, i.e. $13.60/hour; MOM example 2 h × 1.5 × $13.60 = $40.80. The Fourth Schedule formula gives 12 × 2,600 / (52 × 44) = 13.636, so the hourly-rate and amount rounding convention is unstated. Workmen up to $4,500 use actual basic, no cap. Owner rule (row above): hourly rate unrounded, amount to the cent. No seed change — the engine already does this.","MOM hours of work, overtime and rest days; EA s.35(b), s.38, Fourth Schedule; EA 1968 Fourth Schedule; s.35(b); s.38(4); MOM hours-of-work page",https://www.mom.gov.sg/employment-practices/hours-of-work-overtime-and-rest-days,2026-10-03,2025-12-01,,VERIFIED,"Owner rule retained (2026-09-28; aggregation clarified2026-10-02): Fourth Schedule hourly rate unrounded; each dated statutory payment band half-up to cents, then sum settled cents. Whole-row saved proof2026-10-03: exact2600 nonworkman2h=40.91;2600.01 excluded; workman4500 uses actual basic2h=70.80;18dated4h bands at basic1800 each56.64 sum1019.52 (72h). Saved source IDs map exactly to18work dates; two unpaid reruns preserve every financial/statutory capture and source pin. No aggregate1019.58 substitution. MOM hours/overtime primary source checked2026-10-03. Combined actual saved gate hr-sg-work-holiday-batch.log:27PASS/0FAIL,30.35s; this row relies on the four named registered cases.",work_rules.rate_week_hours,Singapore — the Fourth Schedule hour is read unrounded; only the overtime amount rounds to the cent (SG-EA46-R01),SG-EA19-1; SG-EA19-2; SG-EA19-3; SG-EA46-DATED-72-HOURS,2026-10-03
SG-EA24-R01,SG,severance,"Eligibility at 2+ years' service (below that ex-gratia only, consistent with EA s.45); norm 2 weeks to 1 month's salary per year of service; unionised firms per collective agreement, typically 1 month per year; use pre-cut salary where a salary cut preceded retrenchment. Guideline, not a statutory formula; link to SG-IRAS09 tax character and SG-SL30 notification.","Tripartite Advisory on Managing Excess Manpower and Responsible Retrenchment, section II",https://www.mom.gov.sg/-/media/mom/documents/employment-practices/guidelines/tripartite-advisory-on-managing-excess-manpower-and-responsible-retrenchment.pdf,2026-09-28,2025-12-01,,NOT-APPLICABLE,"No statutory retrenchment quantum (EA s.45); the Tripartite Advisory norm is guidance. Evidence: SG-EA24 says no universal quantum. Open/why: Sourced exclusion. EA 1968 s.45 (SSO, 2026-09-28) only denies any retrenchment benefit under 2 years' continuous service; no statute sets a quantum, and the Advisory is guidance. CPF Board PDF (5 Jan 2026): retrenchment pay is not wages. `statutory-golden-sg` (2026-09-28, round 2) ""a retrenched employee is paid no statutory retrenchment benefit…"" proves no severance line at 7+ years' service, the s.22 last-day deadline, and the `RETRENCHMENT_NOTIFICATION_AND_BENEFIT` EXTERNAL row in every version. Open elsewhere: no seed ad hoc row for a contractual retrenchment benefit outside CPF (a bonus row would wrongly attract CPF); SDL treatment of it unread. Legacy status: Yes. Period: Continuing guideline; employee retrenched.",,"Singapore — a retrenched employee is paid no statutory retrenchment benefit, and the final salary is due on the last day",,
SG-CD09-R01,SG,leave,"Select cohort by birth/eligibility date (edge cases per SG-CD01); default split half each unless both parents agree otherwise; Government reimburses each parent's allocated weeks capped at $2,500 per week (CPF-inclusive per SG-CD06). Fixed 2026-09-29 in place in all 80 versions: `event.estimated_delivery_date` and `event.adoption_eligibility_date` (child facts) drive the 0 / 6 / 10 selection; unrecorded dates default to the birth/event date (owner rule). The $2,500 limit is on the employer's payment (s.12DB(1)), CPF-inclusive (s.12DB(3)) — R41.","MSF Shared Parental Leave; CDCA s.12DA/12DD, Second Schedule; CDCA 2001 s.2 (""April 2025 Scheme child""), s.12DA(2), s.12DB(1)–(3), Second Schedule paras 5–6 (current version as at 28 Sep 2026)",https://www.profamilyleave.msf.gov.sg/schemes/shared-parental-leave,2026-09-29,2025-04-01,,PARTIAL,"Current source audit (2026-10-03). Integrated: Current SG catalogue and native leave grant/charge/money route contain SHARED_PARENTAL_LEAVE; this is partial seed/runtime support, not complete clause admission or cash scope.. Incomplete: Clause scope not fully integrated or established by current source audit: Select cohort by birth/eligibility date (edge cases per SG-CD01); default split half each unless both parents agree otherwise; Government reimburses each parent's allocated weeks capped at $2,500 per week (CPF-inclusive per SG-CD06). Fixed 2026-09-29 in place in all 80 versions: `event.estimated_delivery_date` and `event.adoption_eligibility_date` (child facts) drive the 0 / 6 / 10 selection; unrecorded dates default to the birth/event date (owner rule). The $2,500 limit is on the employer's payment (s.12DB(1)), CPF-inclusive (s.12DB(3)) — R41.. Required actual inputs/external operations remain genuine; no new verification.",leave_catalogue:SHARED_PARENTAL_LEAVE; employee_children.estimated_delivery_date; employee_children.adoption_eligibility_date,Singapore — shared parental leave selects the 6- or 10-unit pool on the certified dates (SG-SPL-M01),,
SG-WICA05,SG,other,"Controlling text for SG-WICA01–04, which cite MOM pages and amending instruments S 694/2025 and S 751–752/2025 only.","Work Injury Compensation Act 2019 (SSO, current version as at 29 Sep 2026): s.17(1) temporary-incapacity periodical payment payable ""not later than the same day as earnings would have been payable"", at intervals of no more than one month; First Schedule para 1 (death, Table A; floor/ceiling $76,000/$225,000 before and $91,000/$269,000 from 1 Nov 2025), para 2 (total incapacity C + 0.25C, Table B; $97,000/$289,000 before and $116,000/$346,000 from 1 Nov 2025), para 4 (within one year of the accident: first 60 days of hospitalisation leave and first 14 days of medical leave at AME, then two-thirds; light duties = shortfall of actual wages below AME or two-thirds; continues after termination), para 5 (medical expenses capped at $45,000 before and $53,000 from 1 Nov 2025), para 6 (AME = actual earnings over up to 12 whole calendar months ÷ months; a one-month-or-less employee by average daily earnings × days a week); Second Schedule (diseases); Fifth Schedule (platform workers)",https://sso.agc.gov.sg/Act/WICA2019?WholeDoc=1,2026-09-29,2025-12-01,,GAP,Current source audit (2026-10-03). Integrated: MOM/amending source references and bounded employee WICA policy; complete controlling-text reconciliation not established.. Incomplete: Controlling Act/regulations source reconciliation covering all WICA01–04 original/date branches remains incomplete.. Required actual inputs/external operations remain genuine; no new verification.,,,,
SG-SRC01,SG,other,"Add official domains already cited: egazette.gov.sg, parliament.gov.sg, pdpc.gov.sg (160 seed occurrences), tal.sg, cdac.org.sg, sinda.org.sg, ecf.org.sg, mof.gov.sg, so drift research can read them.","Product source allowlist `src/lib/statutory_sources.ts` (SG list: sso.agc, cpf, mom, profamilyleave, msf, ask.gov.sg, muis, iras)",https://sso.agc.gov.sg/,2026-09-29,2025-12-01,,TESTED,"Allowlist covers every origin the SG seed cites; the list is keyed by jurisdiction code in src. Evidence: Fixed 2026-09-29: the SG list adds every official origin the SG seed or this register cites: www/assets.egazette.gov.sg, www.parliament.gov.sg, www.elitigation.sg, www.pdpc.gov.sg, www.tal.sg, stats.mom.gov.sg, file.go.gov.sg, www.cdac.org.sg, www.sinda.org.sg, docs.developer.singpass.gov.sg, public.cloud.myinfo.gov.sg. Not added: ecf.org.sg and mof.gov.sg (cited by nothing in the seed or register; the ECF Rules are read on sso.agc), taxsummaries.pwc.com (private cross-check, not law). Open/why: Closed. Golden ""SG research may read every official site the SG seed cites"" (`tests/statutory-drift.test.ts`) scans every `https://` origin in `seed/jurisdiction/SG/` against the list. Legacy status: Yes. Period: n/a.",sources.research_domains,SG research may read every official site the SG seed cites,,
SG-SRC02,SG,other,"Point the seed at `SL/EmA1968-RG8`, the SSO CDCA point-in-time view per interval (https://sso.agc.gov.sg/Act/CDCSA2001?ValidDate=20260401&ProvIds=pr12B-), the MUIS employer-information page and SG-HOL01/02 sources. Wayback is a permitted fallback under the settings source policy, so this is better-source, not a breach. Citation fixed in place in all 80 `leave_catalogue` rows.","Seed citations (`seed/` and seed bank, not edited): Part-Time Regulations as `SL/91-RG8?ProvIds=pr2-`/`pr5-` (45 each) — fixed in place 2026-09-28 (wrong transcription, every version): SSO read in the browser as at 28 Sep 2026 — `?ProvIds=pr5-` is Page Not Found on both `91-RG8` and `EmA1968-RG8` (regs.4–5 are anchored `pr4-XX-pr4-`/`pr5-XX-pr5-`), `pr2-` resolves on both; seed now cites `SL/EmA1968-RG8?ProvIds=pr5-XX-pr5-` and `?ProvIds=pr2-`, guarded by `statutory-golden-sg.test.ts`; CDCA s.12B via Wayback copy as at 15 Oct 2024 (80, predates 2025-04-01 and 2026-04-01 amendments; Act 46/2024 already cited here); MBMF via MUIS forms page; holiday `source` ""Legacy seed source IDs""; CDCA s.12B (SSO, read 2026-09-28)",https://sso.agc.gov.sg/SL/EmA1968-RG8?ProvIds=pr5-XX-pr5-,2026-09-29,2025-12-01,,PARTIAL,Current source audit (2026-10-03). Integrated: Live part-time/CDCA references corrected in current public source.. Incomplete: Current complete holiday lineage/proclamation and MUIS employer-information source mapping not complete; seed-bank edits excluded by scope.. Required actual inputs/external operations remain genuine; no new verification.,leave_catalogue.authority; statutory_contributions.authority,Singapore — every settings version cites the live Part-Time Employees Regulations anchors (SSO as at 28 Sep 2026; SG-SRC02),,
SG-SRC03,SG,other,"SSO showed a maintenance page and returned HTTP 403 to scripts and the in-app browser. 181 non-SSO URLs returned 200 except ask.gov.sg and sinda.org.sg (403 to scripts, live); cpf.gov.sg service articles may soft-404 (single-page app). Re-run all SSO anchor checks once the site is reachable.","All sso.agc.gov.sg citations (EmA1968, CDCSA2001, CPFA1953, SDLA1979, EFMA1990, PDPA2012, RRA1993, HA1998, WFA2025, ITA1947, WICA2019, SL-Supp)",https://sso.agc.gov.sg/,2026-09-29,2025-12-01,,IMPLEMENTED,"Current source audit (2026-10-03). Integrated: Historical source-hygiene records explicitly preserve29Sep2026 anchor-reading disposition, not payroll mechanism or current transcribed-law behavioral verification.. Full stated scope implemented; saved-workflow verification remains due. Required actual inputs/external operations remain genuine; no new verification.",jurisdiction_settings.sources,,,
SG-AWS01,SG,bonus,"Closed by disposition. Payroll does not originate one; HR raises a contractual one as `bonus` (AW, inside CPF/SDL/SHG bases).","MOM, Variable wage components: AWS, bonus, variable pay (updated 14 Mar 2024): ""AWS is not compulsory. Payment depends on what is in your employment contract or collective agreement.""",https://www.mom.gov.sg/employment-practices/salary/variable-wage-components,2026-09-26,2025-12-01,,NOT-APPLICABLE,"No statutory AWS; a contractual one is entered as `bonus` (AW). Finding: The Employment Act sets no Annual Wage Supplement or 13th-month payment. A contractual one is an Additional Wage (CPF Act First Schedule, SG-CPF03). Evidence: Existing goldens ""a 13th-month payment in December is an Additional Wage…"" and ""a 13th month above the OW ceiling meets the AW ceiling"". Legacy status: Closed.",,Singapore — a 13th-month payment in December is an Additional Wage inside every total-wage base,,
SG-SHG04,SG,contribution,"Seed fixed in place (wrong transcription): SINDA rules in all 80 `statutory_contributions` versions now read `race in [INDIAN, BANGLADESHI, BENGALI, GOANESE, GUJARATI, MALAYALEE, PAKISTANI, PARSEE, PUNJABI, SIKH, SINDHI, SINHALESE, SRI LANKAN, TAMIL, TELEGU]` (race is trimmed and upper-cased by the engine); the authority quotes r.2. No new version sealed.","CPF (Contributions to Community Fund — SINDA) Rules 1992 r.2: ""Indian community"" means ""every person of Indian descent and includes Bangladeshis, Bengalis, Gujaratis, Parsees, Sikhs, Sinhalese, Telegus, Pakistanis, Sri Lankans, Goanese, Malayalees, Punjabis, Sindhis and Tamils""; CPF Board SHG page repeats the list, adds ""all people originating from the Indian sub-continent"", and names the NRIC race (first race where two are listed).",https://sso.agc.gov.sg/SL/CPFA1953-R5?WholeDoc=1,2026-09-26,2015-01-01,,TESTED,"r.2 community list applied in all five versions. Finding: The seed read only `race == ""INDIAN""`, so a Sikh, Tamil or Sri Lankan employee drew no SINDA. The Rules have not changed on any sealed date. Evidence: Golden ""SINDA reaches the whole Indian community of Rules r.2…"" (Sikh citizen, Sri Lankan SPR, Tamil EP holder at $7; Malay nil) in all five sealed dates. Legacy status: Closed for the r.2 list; residency scope and dual funds closed in round 4 (below). Spelling variants and the ""Indian sub-continent"" residue closed in round 6 (SG-SHG04(a), below). Other sources: https://www.cpf.gov.sg/employer/employer-obligations/contributions-to-self-help-groups",statutory_contributions:SINDA.rules,"Singapore — SINDA reaches the whole Indian community of Rules r.2, not only an INDIAN race, in every sealed version",,
SG-CPF34.foreigner-to-spr,SG,contribution,"A foreigner who becomes an SPR mid-month: CPF only on the SPR days’ pro-rated OW, at first-year rates.","CPF Board: foreign employee who obtains SPR status (first-year rate from the day of SPR status; CPF on ""the pro-rated OW"" from that day; AW only if payable on or after it); CPF Board: SPR who becomes a citizen mid-month (updated 22 Apr 2026; SPR rate before the citizenship day, citizen rate from it); CPF Act First Schedule para 1A.; CPF Board SPR FAQ (""pro-rated OW"" from the SPR day); CPF Board SPR→citizen FAQ; CPF Act First Schedule (rates by the employee's total wages for the calendar month; monthly OW ceiling); EA 1968 s.20A (incomplete month by working days).",https://www.cpf.gov.sg/service/article/do-i-need-to-pay-cpf-contributions-for-my-foreign-employee-who-has-recently-obtained-singapore-permanent-residence-status,2026-09-26,2025-12-01,,VERIFIED,Split from SG-CPF34 (2026-09-30). Verified by SG-CPF34-1 on 2026-09-29.,statutory_contributions:CPF.ordinary_on,"Singapore — the month a foreigner becomes an SPR, and an SPR a citizen, splits the OW at the status date (CPF Board)",SG-CPF34-1,2026-09-29
SG-CPF34.spr-to-citizen,SG,contribution,"An SPR who becomes a citizen mid-month: the SPR rate before the citizenship day, the citizen rate from it.","CPF Board: foreign employee who obtains SPR status (first-year rate from the day of SPR status; CPF on ""the pro-rated OW"" from that day; AW only if payable on or after it); CPF Board: SPR who becomes a citizen mid-month (updated 22 Apr 2026; SPR rate before the citizenship day, citizen rate from it); CPF Act First Schedule para 1A.; CPF Board SPR FAQ (""pro-rated OW"" from the SPR day); CPF Board SPR→citizen FAQ; CPF Act First Schedule (rates by the employee's total wages for the calendar month; monthly OW ceiling); EA 1968 s.20A (incomplete month by working days).",https://www.cpf.gov.sg/service/article/do-i-need-to-pay-cpf-contributions-for-my-foreign-employee-who-has-recently-obtained-singapore-permanent-residence-status,2026-09-26,2025-12-01,,VERIFIED,Split from SG-CPF34 (2026-09-30). Verified by SG-CPF34-2 on 2026-09-29.,statutory_contributions:CPF.ordinary_on,"Singapore — the month a foreigner becomes an SPR, and an SPR a citizen, splits the OW at the status date (CPF Board)",SG-CPF34-2,2026-09-29
SG-CPF34.band-on-month-total,SG,contribution,"A conversion month selects the wage band on the month’s total wages, not on each portion (owner rule 2026-09-28: s.20A working-day segments split the month).","CPF Board: foreign employee who obtains SPR status (first-year rate from the day of SPR status; CPF on ""the pro-rated OW"" from that day; AW only if payable on or after it); CPF Board: SPR who becomes a citizen mid-month (updated 22 Apr 2026; SPR rate before the citizenship day, citizen rate from it); CPF Act First Schedule para 1A.; CPF Board SPR FAQ (""pro-rated OW"" from the SPR day); CPF Board SPR→citizen FAQ; CPF Act First Schedule (rates by the employee's total wages for the calendar month; monthly OW ceiling); EA 1968 s.20A (incomplete month by working days).",https://www.cpf.gov.sg/service/article/do-i-need-to-pay-cpf-contributions-for-my-foreign-employee-who-has-recently-obtained-singapore-permanent-residence-status,2026-09-26,2025-12-01,,TESTED,Split from SG-CPF34 (2026-09-30). Golden-tested. SG-CPF34-3 passed in the R8 run 2026-09-30 (after the parent’s verified_at 2026-09-29).,statutory_contributions:CPF.ordinary_on,"Singapore — a conversion month selects the wage band on the month’s total wages, not on each portion (CPF Act First Schedule; Owner rule SG-CPF34)",SG-CPF34-3,
SG-CPF34.one-ow-ceiling,SG,contribution,A conversion month keeps one monthly OW ceiling.,"CPF Board: foreign employee who obtains SPR status (first-year rate from the day of SPR status; CPF on ""the pro-rated OW"" from that day; AW only if payable on or after it); CPF Board: SPR who becomes a citizen mid-month (updated 22 Apr 2026; SPR rate before the citizenship day, citizen rate from it); CPF Act First Schedule para 1A.; CPF Board SPR FAQ (""pro-rated OW"" from the SPR day); CPF Board SPR→citizen FAQ; CPF Act First Schedule (rates by the employee's total wages for the calendar month; monthly OW ceiling); EA 1968 s.20A (incomplete month by working days).",https://www.cpf.gov.sg/service/article/do-i-need-to-pay-cpf-contributions-for-my-foreign-employee-who-has-recently-obtained-singapore-permanent-residence-status,2026-09-26,2025-12-01,,TESTED,Split from SG-CPF34 (2026-09-30). Golden-tested. SG-CPF34-4 passed in the R8 run 2026-09-30 (after the parent’s verified_at 2026-09-29).,statutory_contributions:CPF.ordinary_on,Singapore — a conversion month keeps one OW ceiling for the month (CPF Act First Schedule; Owner rule SG-CPF34),SG-CPF34-4,
SG-CPF34.aw-status,SG,contribution,AW is priced on the status in force on the day it is paid.,"CPF Board: foreign employee who obtains SPR status (first-year rate from the day of SPR status; CPF on ""the pro-rated OW"" from that day; AW only if payable on or after it); CPF Board: SPR who becomes a citizen mid-month (updated 22 Apr 2026; SPR rate before the citizenship day, citizen rate from it); CPF Act First Schedule para 1A.; CPF Board SPR FAQ (""pro-rated OW"" from the SPR day); CPF Board SPR→citizen FAQ; CPF Act First Schedule (rates by the employee's total wages for the calendar month; monthly OW ceiling); EA 1968 s.20A (incomplete month by working days).",https://www.cpf.gov.sg/service/article/do-i-need-to-pay-cpf-contributions-for-my-foreign-employee-who-has-recently-obtained-singapore-permanent-residence-status,2026-09-26,2025-12-01,,VERIFIED,Probe SG-CPF34-5 prices the AW on the status in force on its pay day; passed 2026-10-01.,statutory_contributions:CPF.ordinary_on,,SG-CPF34-5,2026-10-01
SG-CPF34.shg-funds,SG,contribution,"CDAC, ECF, SINDA and MBMF read the calendar month’s total wages whole, on the status at the month’s end (owner rule 2026-09-30).","CPF Board: foreign employee who obtains SPR status (first-year rate from the day of SPR status; CPF on ""the pro-rated OW"" from that day; AW only if payable on or after it); CPF Board: SPR who becomes a citizen mid-month (updated 22 Apr 2026; SPR rate before the citizenship day, citizen rate from it); CPF Act First Schedule para 1A.; CPF Board SPR FAQ (""pro-rated OW"" from the SPR day); CPF Board SPR→citizen FAQ; CPF Act First Schedule (rates by the employee's total wages for the calendar month; monthly OW ceiling); EA 1968 s.20A (incomplete month by working days).",https://www.cpf.gov.sg/service/article/do-i-need-to-pay-cpf-contributions-for-my-foreign-employee-who-has-recently-obtained-singapore-permanent-residence-status,2026-09-26,2025-12-01,,VERIFIED,Split from SG-CPF34 (2026-09-30). Verified by SG-CPF34-1 on 2026-09-29.,statutory_contributions:CPF.ordinary_on,,SG-CPF34-1,2026-09-29
SG-SDL13,SG,rounding,"No change: no instrument states a per-employee rounding. Owner rule 2026-09-28: law silent; default each employee's levy rounded half-up to the cent (`round(…, 0.01, 'HALF_UP')`, unchanged), then R31's `SDL.remittance_rounding = FLOOR_MAJOR_UNIT` on the employer-month total; lawful because s.3(1) fixes the levy per employee and a levy is paid in money (cents), the Board's own method computes ""for each employee"" first, and the difference from an unrounded sum is under half a cent per employee, correctable by assessment or refund (regs.8–13). No seed change.","SDL Act 1979 s.3(1)–(2) (""the greater of … 0.25% of the wages in any month … (b) $2""; s.3(2): not chargeable on the part of a month's wages above $4,500; no rounding rule); SDL Regulations regs.3, 8, 13 (compute and pay within 14 days; no rounding rule); CPF Board SDL page and FAQ (add up each employee's SDL, ""round the total down to the nearest dollar""; no per-employee rounding stated); SWDA SDL calculator takes one ""total remuneration for LE earning between $800.00 & $4,500.00"", i.e. 0.25% of an aggregate, not a sum of per-employee cents.; SDL Act 1979 s.3(1)–(2) (""in respect of each of the employer’s employees … the greater of"" 0.25% of the month's wages and $2); Second Schedule (read in full: regulation-making matters 1–10 — notice, payment, assessment, records, refund, remission, penalties; no rounding); CPF Board FAQ (""After computing SDL for each employee, add up the amounts and … round the total down to the nearest dollar""; worked example all whole cents); SSG SDL NOA 2023 FAQ p.12 (per-employee column in cents, total $42.75 unrounded) and p.15 F.7 (foreign-employee SDL field: ""indicate the actual amount payable"").",https://sso.agc.gov.sg/Act/SDLA1979?WholeDoc=1,2026-09-26,2025-12-01,,TESTED,"All branches golden: per-employee half-up to the cent, local employer-month floor, foreign part at actual amount (sg-sdl-remittance and statutory-golden-sg pass 2026-10-01). Probes SG-SDL13-1 (2.505 → 2.51) and SG-CPF17-5 verify the per-employee rounding on the production path; the remittance floor and the foreign part have no probe, so not VERIFIED.","statutory_contributions:SDL.rules (round(…, 0.01, 'HALF_UP')); statutory_contributions:SDL.remittance_rounding; statutory_contributions:SDL.remittance_rounding_when",Singapore — SDL is each employee’s 0.25% to the cent before the employer total is floored (SDL Act s.3(1); Owner rule SG-SDL13); SG SDL ${period} floors the local part only and keeps the foreign part apart; SG SDL ${period} keeps five employee costs of $40.75 and publishes $40 payable,SG-CPF17-5; SG-SDL13-1,
SG-EA24-R02,SG,severance,"Proposed row `RETRENCHMENT_BENEFIT` (MANUAL, PAY/ADD, `entry.amount`, counts toward `[]` or `['SDL']`). Not landed. Owner rule 2026-09-28: law silent; default counts toward SDL (not CPF, SHG funds or MBMF); lawful because SDL is employer-borne and capped at 0.25% of $4,500 a month (s.3(2)), an excess is refundable (SDL Regulations reg.13), the reading matches the seed's `SALARY_IN_LIEU_OF_NOTICE` on the same s.2 words, and the other reading risks an Agency assessment for unpaid levy. Row `RETRENCHMENT_BENEFIT` (MANUAL, PAY/ADD, `entry.amount`, counts toward `['SDL']`) added after `SALARY_IN_LIEU_OF_NOTICE` in all 80 `adhoc_catalogue` versions.","CPF Board: ""Are CPF contributions payable on redundancy payment?"": ""CPF contributions are not payable on termination benefits given for retrenchment or loss of employment""; CPF Board PDF ""Which allowances and payments attract CPF contributions?"" — ""Retirement gratuity, retrenchment pay, … severance pay, compensation for loss of employment"": NO; Muis MBMF Table 2 (in the `SALARY_IN_LIEU_OF_NOTICE` authority): retrenchment pay not accounted for MBMF. SDL (Wages — Excluded Payments) Notification 2023 excludes only medical, dental and TCM reimbursements; CPF (Wages — Excluded Payments) Notification 2019 likewise, so CPF's exclusion of retrenchment pay is the Board's reading of the s.2(1) ""wages"" definition itself — the same words SDL Act s.2 uses.; SDL Act 1979 s.2 (""wages"" means ""the remuneration in money, including any bonus, due or granted to a person in respect of the person’s employment but does not include such payments as the Minister may, by notification in the Gazette, specify""); S 375/2023 (medical/dental/TCM only); SSG SDL NOA 2023 FAQ pp.12–13 (quotes s.2; bonus and allowances are that month's wages; silent on termination payments); CPF Board redundancy FAQ and Muis Table 2 (row above); IRAS IR8A Explanatory Notes YA 2027, item d3 (""Compensation for loss of office is not taxable"").",https://www.cpf.gov.sg/service/article/are-cpf-contributions-payable-on-redundancy-payment,2026-09-26,2025-12-01,,TESTED,"Row RETRENCHMENT_BENEFIT is landed (adhoc_catalogue, counts_toward SDL). Golden ($2,000 + $1,500 → SDL 8.75) passes. Probe SG-EA24-R02-1 (passed 2026-10-01) proves the CPF/SHG exclusion only: its wages exceed the $4,500 SDL cap, so SDL inclusion is golden-only.",adhoc_catalogue:RETRENCHMENT_BENEFIT.counts_toward,"Singapore — a contractual retrenchment benefit is outside CPF and the SHG funds, inside SDL, in every sealed version",SG-EA24-R02-1,
SG-SRC04,SG,other,Source rows updated by reference here.,"SSO re-read: Holidays Act 1998 ss.2, 4–6, 9 and Schedule (11 scheduled days; Sunday → next day not a holiday; Presidential Gazette additions/substitutions; agreed substitute holidays); Workplace Fairness Act 2025 s.4(1)–(2) (employers with fewer than 25 employees excluded except s.26; the in-force `/Act/WFA2025` path returns ""Page Not Found"", so still uncommenced); ITA 1947 s.67(1)(a) (records 5 years from the year of assessment); Employment (Part-Time Employees) Regulations `SL/EmA1968-RG8` reg.2 (definitions) and reg.5 (s.38(4) modifications) — numbering unchanged; CPF Act s.7 (SG-CPF28 corrected above).",https://sso.agc.gov.sg/Act/HA1998?WholeDoc=1,2026-09-29,2025-12-01,,IMPLEMENTED,"Current source audit (2026-10-03). Integrated: Historical source-hygiene records explicitly preserve29Sep2026 anchor-reading disposition, not payroll mechanism or current transcribed-law behavioral verification.. Full stated scope implemented; saved-workflow verification remains due. Required actual inputs/external operations remain genuine; no new verification.",,,,
SG-SHG04(b),SG,contribution,"SINDA Rules 1992 r.2 define the Indian community by descent with no residency or pass condition, so an Indian S Pass or Work Permit holder is deducted SINDA like a citizen, PR or EP holder unless the employee opts out (r.4); the CPF Board list (citizens, PRs, EP holders) is narrower guidance.",CPF Act s.76(3); SINDA Rules rr.2–4; CPF Board SHG guidance,https://sso.agc.gov.sg/Act/CPFA1953?ProvIds=pr76-,2026-09-29,2015-01-01,,TESTED,"Seed and golden follow SINDA Rules r.2 (no pass restriction): S Pass/Work Permit Indian employees are charged; opt-out stays zero. CPF Board acceptance of those remittances is external. Finding: SINDA Rules define Indian employees without a pass restriction; the Board lists only citizens, PRs and Employment Pass holders. Evidence: Golden pass-class refusal and opt-out probes cover all five active versions; full suite pending. Legacy status: Partial: SINDA/CPF Board determination and remittance acceptance for the excluded pass classes need authenticated evidence and a product resolution route. Conflict recorded: the 2026-09-29 register ledger said the five SINDA versions refuse Indian S Pass/Work Permit/unclassified foreign-pass assessments, but the seed read 2026-09-29 charges them under SINDA Rules r.2 (authority text: 'whatever the residency or pass') and the golden expects $7 and $3; the CPF Board page lists only citizens, PRs and EP holders. Evidence (seed + golden) is followed here; the Board/SINDA determination of already-paid periods remains open. Other sources: https://sso.agc.gov.sg/SL/CPFA1953-R5?WholeDoc=1; https://www.cpf.gov.sg/employer/employer-obligations/contributions-to-self-help-groups Legacy disposition (superseded by the seed and golden evidence): Five unvoided SINDA versions now refuse a positive-wage Indian foreigner with S Pass, Work Permit or unstated/other pass instead of deducting or silently producing zero; a documented r.4 opt-out remains zero. Citizens, PRs and Employment Pass holders retain their sourced bands. Historical voided seed rows remain unchanged. [Gap round 2026-09-30] Probe cases added, pending the test phase: SG-SHG04b-1 — an Indian S Pass holder: no CPF, SINDA $7.",statutory_contributions:SINDA.rules,Singapore — SINDA reaches S Pass and Work Permit holders of the Indian community; CDAC stays with citizens and PRs (CPF Act s.76(3); SINDA and CDAC Rules r.2),SG-SHG04b-1,
SG-SHG04(c).indian-first-cdac,SG,contribution,A first NRIC race of Indian selects SINDA; a recorded election adds CDAC for a Chinese second race.,"SINDA and CDAC Rules r.2 (descent); CPF Act s.76(3); CPF Board: which SHG (""the first race listed determines the applicable SHG""; an Indian-Chinese employee ""may also choose to contribute both to SINDA and"" CDAC).",https://www.cpf.gov.sg/service/article/how-do-i-determine-which-self-help-group-shg-my-employee-should-contribute-to,2026-09-26,2015-01-01,,VERIFIED,Split from SG-SHG04(c) (2026-09-30). Verified by SG-SHG01-2 on 2026-09-29.,statutory_contributions:CDAC.elections.shg_dual_cdac; statutory_contributions:SINDA.elections.shg_dual_sinda; shg_secondary_race,"Singapore — a dual-race employee: the first NRIC race selects the fund, and a documented election adds the second, either way round",SG-SHG01-2,2026-09-29
SG-SHG04(c).chinese-first-sinda,SG,contribution,A first NRIC race of Chinese selects CDAC; a recorded election adds SINDA for an Indian-community second race.,"SINDA and CDAC Rules r.2 (descent); CPF Act s.76(3); CPF Board: which SHG (""the first race listed determines the applicable SHG""; an Indian-Chinese employee ""may also choose to contribute both to SINDA and"" CDAC).",https://www.cpf.gov.sg/service/article/how-do-i-determine-which-self-help-group-shg-my-employee-should-contribute-to,2026-09-26,2015-01-01,,TESTED,"Split branch retained as TESTED. Saved production-path case SG-SHG04-1 passed on SDK0.0.163 artifactf372724efa93 (2026-10-02), with exact authored assertions: Chinese first race plus Tamil secondary recorded SINDA election saves CDAC1+SINDA7, CPF600/510, SDL7.50. Remaining scope: Exact citizen first-race/second-fund branch only; other race/pass combinations excluded. No broad family status promotion. Additional finite boundary evidence (2026-10-02): SDK0.0.164 frozen artifact8dbc0da376d253c71e6a354e647dc2e3e3974cc3354c35d69394552d26e391ba, guestd465d915f1dc7c22342ec3e674eaefe1268931add9a3e44e0aa033d61a07b575; all79 independent boundary goldens and79 saved production cases PASS, including 27 exact cases for this split across citizens and mature SPRs. Assertions: Chinese first race plus named Indian-community secondary SINDA election saves CDAC1+SINDA7 at SGD3000. Trace: .tmp/hr-takeover/sg-shg04c-scratch/reason-refresh-proposal.json and production164-provenance.json. Coverage limits: Tamil-first CDAC reserved; literal INDIAN-first sibling branches excluded; real SINDA digital instruction processing/approval unproved. No broad row closure or status promotion.",statutory_contributions:CDAC.elections.shg_dual_cdac; statutory_contributions:SINDA.elections.shg_dual_sinda; shg_secondary_race,"Singapore — a dual-race employee: the first NRIC race selects the fund, and a documented election adds the second, either way round",SG-SHG04-1,
SG-SHG04(c).other-first-cdac,SG,contribution,A non-Indian Indian-community first race (e.g. Sikh-Chinese) may elect CDAC besides SINDA.,"SINDA and CDAC Rules r.2 (descent); CPF Act s.76(3); CPF Board: which SHG (""the first race listed determines the applicable SHG""; an Indian-Chinese employee ""may also choose to contribute both to SINDA and"" CDAC).",https://www.cpf.gov.sg/service/article/how-do-i-determine-which-self-help-group-shg-my-employee-should-contribute-to,2026-09-30,2015-01-01,,TESTED,"Split branch retained as TESTED. Saved production-path case SG-SHG04c-2 passed on SDK0.0.163 artifactf372724efa93 (2026-10-02), with exact authored assertions: Sikh first race plus Chinese secondary recorded CDAC election saves SINDA7+CDAC1, CPF600/510, SDL7.50. Remaining scope: Exact Sikh-Chinese citizen branch; no blanket every Indian-community race promotion. No broad family status promotion. Additional finite boundary evidence (2026-10-02): SDK0.0.164 frozen artifact8dbc0da376d253c71e6a354e647dc2e3e3974cc3354c35d69394552d26e391ba, guestd465d915f1dc7c22342ec3e674eaefe1268931add9a3e44e0aa033d61a07b575; all79 independent boundary goldens and79 saved production cases PASS, including 25 exact cases for this split across citizens and mature SPRs. Assertions: non-INDIAN named Indian-community first race plus Chinese secondary CDAC election saves SINDA7+CDAC1 at SGD3000. Trace: .tmp/hr-takeover/sg-shg04c-scratch/reason-refresh-proposal.json and production164-provenance.json. Coverage limits: Tamil-first CDAC reserved; literal INDIAN-first sibling branches excluded; real SINDA digital instruction processing/approval unproved. No broad row closure or status promotion.",statutory_contributions:CDAC.elections.shg_dual_cdac; statutory_contributions:SINDA.elections.shg_dual_sinda; shg_secondary_race,"Singapore — a dual-race employee: the first NRIC race selects the fund, and a documented election adds the second, either way round",SG-SHG04c-2,
SG-SHG04(c).dual-sinda-refused,SG,contribution,A dual SINDA election on an Indian-community first race is refused.,"SINDA and CDAC Rules r.2 (descent); CPF Act s.76(3); CPF Board: which SHG (""the first race listed determines the applicable SHG""; an Indian-Chinese employee ""may also choose to contribute both to SINDA and"" CDAC).",https://www.cpf.gov.sg/service/article/how-do-i-determine-which-self-help-group-shg-my-employee-should-contribute-to,2026-09-30,2015-01-01,,TESTED,"Split branch retained as TESTED. Saved production-path case SG-SHG04c-3 passed on SDK0.0.163 artifactf372724efa93 (2026-10-02), with exact authored assertions: Tamil first race already SINDA plus Sikh secondary SINDA election refuses payroll run matching dual SINDA election. Remaining scope: Run refusal branch only; no external election-processing assertion. No broad family status promotion. Additional finite boundary evidence (2026-10-02): SDK0.0.164 frozen artifact8dbc0da376d253c71e6a354e647dc2e3e3974cc3354c35d69394552d26e391ba, guestd465d915f1dc7c22342ec3e674eaefe1268931add9a3e44e0aa033d61a07b575; all79 independent boundary goldens and79 saved production cases PASS, including 27 exact cases for this split across citizens and mature SPRs. Assertions: named Indian-community first race already selecting SINDA plus duplicate SINDA election refuses the run matching dual SINDA election; product validation, not a statutory mandatory run-refusal claim. Trace: .tmp/hr-takeover/sg-shg04c-scratch/reason-refresh-proposal.json and production164-provenance.json. Coverage limits: Tamil-first CDAC reserved; literal INDIAN-first sibling branches excluded; real SINDA digital instruction processing/approval unproved. No broad row closure or status promotion.",statutory_contributions:CDAC.elections.shg_dual_cdac; statutory_contributions:SINDA.elections.shg_dual_sinda; shg_secondary_race,"Singapore — a dual-race employee: the first NRIC race selects the fund, and a documented election adds the second, either way round",SG-SHG04c-3,
SG-S3,SG,contribution,"Wrong attribution, not a law change: fixed in place in every version. Authority now cites SSO s.2–3 and the CPF Board page (collected for SWDA from 1 July 2026), the SSG FAQ kept only as historical evidence of the foreign-employee actual-amount practice. No figure, expression or rounding changed.","SDL Act 1979 s.2 (in-app browser, current version as at 28 Sep 2026: ""“Agency” means the Skills and Workforce Development Agency established by section 3 of the Skills and Workforce Development Agency Act 2026"", [Act 17 of 2026 wef 01/07/2026]); CPF Board SDL page (""CPF Board collects SDL on behalf of the Skills and Workforce Development Agency (SWDA)""); NOA FAQ PDF header ""SkillsFuture Singapore Agency"", for the SDL NOA issued in Oct 2023 ""from the SkillsFuture Singapore Agency (“SSG”)""","https://sso.agc.gov.sg/Act/SDLA1979?ProvIds=pr2-,pr3-",2026-09-28,2026-07-01,,TESTED,"Citation fix only; levy unchanged across the 1 July 2026 Agency change. Finding: The SDL `authority` in every SDL row (25 raw, all versions) and several register rows called the NOA FAQ a SWDA document; it is SSG's. F.7's text (""indicate the actual amount payable"" for foreign employees) is unchanged. Evidence: `statutory_contributions.json` SDL rows; engine and `sg-sdl-remittance` comments; SG-SDL02/05/08, SG-EA24-R02, SG-SDL13 citations; golden `statutory-golden-sg.test.ts` (SG-S3): citation in all 25 rows, SDL 2,345.67 × 0.25% = 5.86 in 2026-06 and 2026-07. Legacy status: Fixed 2026-09-28 (citation only). Other sources: https://www.cpf.gov.sg/employer/employer-obligations/skills-development-levy; https://file.go.gov.sg/sdl-noa2023faqs.pdf",statutory_contributions:SDL.authority,Singapore — the SDL authority names SWDA from SSO s.2 and the NOA FAQ as SSG’s; the levy does not move on the 1 July 2026 Agency change (SG-S3),,
SG-SHG04(a),SG,contribution,"Seed fixed in place (wrong transcription of unchanged Rules). SINDA (and the dual-SINDA `shg_secondary_race` list) adds TELUGU, GOAN, CEYLONESE, CEYLON MOOR (Sri Lankans) and, as ""every person of Indian descent"", OTHER INDIAN, MALABARI, MARATHI, MAHRATTA, HINDUSTANI, BRAHMIN, RAJPUT, ASSAMI, MANIPURI, KHASI. Owner rule 2026-09-28: law silent on mapping a code to descent; default (i) a code of a people whose origin lies wholly within India, Pakistan, Bangladesh or Sri Lanka (the states r.2 names) is SINDA's; (ii) a single mixed-descent code goes to the fund of its first-named descent — SINO INDIAN, SINO JAPANESE, SINO KADAZAN to CDAC; ANGLO BURMESE/CHINESE/FILIPINO/INDIAN/THAI and OTHER EURASIAN to ECF — and a dual election adds the other; (iii) codes of wider or unstated origin (NEPALESE, GURKHA, BHUTANESE, MALDIVIAN, PATHAN, NAGA, AFGHAN; BURGHER, DUTCH BURGHER, SERANI) reach no fund; lawful because each Rules r.2 tests descent, which payroll evidences only by the ICA race, the Board's first-race rule is its own reading of that record, every fund is opt-out (r.4) or additive by election (r.3), and a wrongly omitted employee can still contribute on instruction. Also fixed: the SINDA blank-race warning kept the round-4-removed `citizenship != FOREIGNER` term, so a foreign pass holder with no race recorded was silently skipped; it now warns for every employee. Authorities of CDAC, ECF and SINDA cite the code table.","ICA-sourced race codes: Singpass Myinfo data catalogue, Personal (`race`: ""Refer to Code Listing (RaceCode)"", source ICA/MOM) → Myinfo API code tables v1.11 (last modified 19 May 2026), sheet RaceCode, 222 codes, read in the browser. SINDA Rules 1992 r.2; CDAC Rules 1992 r.2; ECF Rules 1995 r.2 (2025 RevEd: ""every person of Eurasian descent who is a permanent resident or citizen of Singapore, and includes any person who is described in the identity card … as being of the Eurasian race"").",https://docs.developer.singpass.gov.sg/docs/data-catalog-myinfo/catalog/personal,2026-09-26,2015-01-01,,TESTED,"Owner rule 2026-09-28 (law silent): ICA race code to descent mapping; blank race refuses. Finding: ICA spells the Rules' ""Telegus"" TE TELUGU and ""Goanese"" GA GOAN (GO GOANESE also exists); every other r.2 group matches (BD BANGLADESHI, BI BENGALI, GE GUJARATI, MM MALAYALEE, PK PAKISTANI, PS PARSEE, PJ PUNJABI, SK SIKH, SD SINDHI, SI SINHALESE, LK SRI LANKAN, TM TAMIL, IN INDIAN). The seed read neither TELUGU nor GOAN, nor codes of plain Indian descent (XI OTHER INDIAN, MB MALABARI, …); CDAC read only CHINESE, ECF only EURASIAN. Evidence: Goldens ""the self-help funds read NRIC races in the ICA RaceCode spellings…"" (Telugu, GOAN, MALABARI, OTHER INDIAN, CEYLONESE PR, TELUGU citizen → SINDA $7; SINO INDIAN → CDAC $1, and with a dual election SINDA $7 too; ANGLO INDIAN, ANGLO CHINESE, OTHER EURASIAN → ECF $9; NEPALESE → none) and ""an unrecorded race warns under SINDA for a foreign pass holder too"", all five sealed dates. Legacy status: Closed (decision). Other sources: https://public.cloud.myinfo.gov.sg/dpp/frontend/assets/api-lib/myinfo/downloads/myinfo-api-code-tables.xlsx; https://sso.agc.gov.sg/SL/CPFA1953-R7?WholeDoc=1 [Enum 2026-10-01] employees.race is a code of table RACE in every SG version: the 228 Myinfo RaceCode descriptions (GovTech MyInfoRaceCode list, read 2026-10-01) plus TELEGU, the r.2 spelling the SINDA rules also compare, so every literal the CDAC/ECF/SINDA rules compare is a row. Owner rule 2026-09-28 (law silent on a closed list): a race outside the list is recorded as OTHERS, Myinfo’s own catch-all, which no race-based fund names.",statutory_contributions:SINDA.rules; statutory_contributions:CDAC.rules; statutory_contributions:ECF.rules; reference_rows:RACE,Singapore — the self-help funds read NRIC races in the ICA RaceCode spellings (SG-SHG04(a)),,
SG-CPF35,SG,contribution,"CPF Act s.7(6): recover the employee share from the wages in respect of which the contribution is payable at the time of payment of those wages. Under s.7(7), where wages are paid at intervals shorter than a month and monthly wages are likely to exceed $500, (a) the employer may deduct the appropriate proportion at each payment; (b) the last payment must make the necessary adjustment, and deductions must be refunded to the employee if actual monthly wages do not exceed $500. SPLIT implements proportional recovery; LAST defers recovery to final adjustment. FIRST must cap each interim recovery at the lawful appropriate proportion, rather than recovering the entire estimated month from the first payment.","CPF Act 1953 s.7(6)–(7) (SSO, current as at 29 Sep 2026): s.7(6) says the employee share is recovered ""from the wages in respect of which the contribution is payable at the time of payment of those wages and not otherwise"". s.7(7), for wages paid at intervals of less than a month where the month's wages are ""likely to exceed $500"": (a) the employer ""may deduct … at the time of each payment in the month the appropriate proportion of such sum as would be recoverable … if paid at the same rate throughout the month""; (b) it ""must make such adjustment as may be necessary on the occasion of the last payment in that month"", and if the month's wages do not exceed $500 it ""must forthwith refund to the employee the amount of the deductions"".",https://sso.agc.gov.sg/Act/CPFA1953?ProvIds=pr7-,2026-09-29,2025-12-01,,TESTED,"All CPF Act s7(6)–(7) payroll-calculation clauses have independent hand-counted evidence: wage-linked recovery, proportionate FIRST/SPLIT or deferred LAST, final adjustment, and refund at actual month≤500. Focused33PASS plus current saved10/10PASS32.87s on artifactfc5d28b26d7d (hr165-cpf-refund-saved-v2.log). DefaultFIRST refund case SG-CPF35-SAVED-IMMEDIATE-REFUND-500 saves−30 employeeCPF/net230 at300+200=500, preserves original paid output and remains identical across two final recalculations; below500 unit also passes. Actual external cash transfer is not claimed and is separate payment-completion evidence. TESTED proposed because saved integration cases are not yet registered in the inventory probe catalogue required for VERIFIED.",companies.semi_monthly_statutory_cutoff,"Singapore — at a sub-monthly cadence the employee CPF share is taken in proportion or at the last payment, and the month is trued up (CPF Act s.7(7); SG-CPF35); CPF FIRST cannot recover the entire estimated month from the first wage payment (s7(7)(a)); CPF estimated600 ending400 refunds interim30 at last payment without rewriting paid history",,
SG-CPF36,SG,contribution,"Open. Shared code is needed: a dated s.7(4)(b) notice on the CPF registration (amount or rate, from, reference; a cessation date at least 6 months after the previous notice), a separate employee excess line paid with CPF, a refusal when the year's mandatory plus excess would pass the s.13D limit, and IR8A treatment of the excess apart from compulsory CPF. The $37,740 limit is the Board's figure; the prescribing regulation was not re-read.","CPF Act 1953 s.7(4)(b), s.7(5) and ss.13B(2), 13D (SSO, current as at 29 Sep 2026). After an employee's written notice, the employer ""must make the deductions from his or her wages for each month"" of contributions above the appropriate rate and ""must pay the amount of the excess deductions to the Fund"", until a further notice given no less than 6 months after the previous one. s.13D caps the year's aggregate at a sum prescribed by regulations.",https://sso.agc.gov.sg/Act/CPFA1953?ProvIds=pr7-,2026-09-29,2025-12-01,,PARTIAL,"Current source audit (2026-10-03). Integrated: Bounded separately named CPF_EXCESS notice/rate and annual-limit candidate.. Incomplete: Notice must bind actual CPF registration/history; cessation, member-wide history, distinct source output/fund route and IR8A integration not all adopted.. Required actual inputs/external operations remain genuine; no new verification.",statutory_contributions:CPF,,,
SG-SRC05,SG,other,"Singapore payroll selects one of four sealed, non-overlapping settings versions by date: 2025-12-01, 2026-01-01, 2026-07-01 and from 2027-01-01.","seed/jurisdiction/SG/jurisdiction_settings.json unvoided versions; dated sources per interval (CPF Board rate tables, EA s.26 via Act 19/2025, CDCA, MOM LQS, SDL Act s.2 as amended by Act 17/2026)",https://www.cpf.gov.sg/employer/employer-obligations/how-much-cpf-contributions-to-pay,2026-09-29,2025-12-01,,TESTED,"Version selection by date is golden on each interval (2025 tables in Dec 2025, no contribution move on 1 Apr / 1 Jul 2026, 2027 senior increase) and the chain is contiguous; probes exercise Dec 2025 (SG-CPF02-3) and 2027 (SG-HOL02-1) but no probe distinguishes the 1 April 2026 version.",jurisdiction_settings (5 unvoided SG versions),Singapore — the December 2025 version carries the 2025 CPF tables; Singapore — the 1 April 2026 version moves no contribution at all; Singapore — the 1 July 2026 version (retirement age 64) moves no CPF figure; Singapore — the 1 January 2027 senior-worker CPF increase (second version),SG-CPF02-3; SG-HOL02-1,
SG-LATE-01,SG,contribution,"A record dated in a month already settled early is paid as a (YYYY-MM) line of the next period. CPF and the self-help-group funds (CDAC, ECF, MBMF, SINDA) bill it as a top-up of its earned month's bill, under that month's version; SDL bills it with the month it is paid.","CPF Act 1953 s.7 and First Schedule para 1 (ordinary wages are wages due or granted in respect of the month's employment; SG-CPF20, SG-CPF26 allocate wages to the work month); CPF Board self-help-group tables (contribution on the month's total wages, submitted with that month's CPF); SDL Act 1979 ss.2–3 (wages paid in the month are wages of that month, SG-SDL02.bonus).",https://sso.agc.gov.sg/Act/CPFA1953,2026-10-01,2025-12-01,,TESTED,"Gated by tests/payroll-run-orderings.test.ts, the 'leave and overtime recorded after the early settlement' and 'an off-cycle bonus after the next period's late lines' cases at a low, middle and high wage: each late line is paid once; an EARNED scheme's two months and year to date equal the combined path to the cent, a later run of the paid month billing the late lines and their top-up as the earned month's (`payslips.adjustments.earned_period`, `payslips.statutory.earned_*`); a PAID scheme's late statutory equals bill(next month incl. the late lines) − bill(next month without them). The named goldens are built so each EARNED scheme's late lines cross a band edge, rate band or ceiling differently in the two months, and assert that billing it PAID would move its figures. Unset is PAID, a lawful cash-basis default. CPF: ordinary wage arrears count for the month the wage was for. CDAC, ECF, MBMF, SINDA: priced on the month's total wages and collected on that month's CPF submission, so they follow CPF. SDL: the Act counts wages paid in the month.",statutory_contributions:CPF|CDAC|ECF|MBMF|SINDA|SDL.late_line_month,"SG CPF: late lines bill at the earned month’s age band (55 in March 2026, April’s is the 55–60 band), a later April bonus included; SG CDAC: late lines take the paid month below $2,000 but not the earned month, bonus included; SG ECF: late lines take the paid month below $2,500 but not the earned month, bonus included; SG SINDA: late lines take the paid month below $2,500 but not the earned month, bonus included; SG MBMF: late lines take the paid month below $3,000 but not the earned month, bonus included",,
