id,profile,area,provision,citation,url,source_checked,effective_from,effective_to,status,reason,config_path,golden,probe,verified_at
TW-SCOPE-01,TW,other,"Select ordinary or authorised exception before hours, rest and wage calculations","LSA arts. 3, 84-1 (https://law.moj.gov.tw/LawClass/LawAll.aspx?pcode=N0030001); sector and separately approved special-work arrangement",https://law.moj.gov.tw/LawClass/LawAll.aspx?pcode=N0030001,2026-09-28,,,GAP,"Present: `employment_terms.work_classification` is broad; designation/approval input and branch proof open. Former disposition: No [IN-SYSTEM 2026-09-29]. Open: Sector designation and approved exception evidence are missing. | Instrument register — Labour Standards Act (勞動基準法) and Enforcement Rules: Act and amendment history (https://laws.mol.gov.tw/FLAW/FLAWDAT07.aspx?id=FL014930) show last Act change on 31 July 2024; Rules history (https://laws.mol.gov.tw/FLAW/FLAWDAT07.aspx?id=FL014931) shows 27 March 2024. Reconciliation: All operative articles, sector designations, art. 84-1 approved exceptions, subsidiary notices and historical pension rights still require provision-by-provision reconciliation.",payroll.vocabularies.work_classification; work_rules.limits,,,
TW-SCOPE-02,TW,contribution,Distinguish statutory noncoverage from missing registration and require a lawful exemption before waiving a compulsory charge,"LI Act arts. 6, 11 (https://law.moj.gov.tw/LawClass/LawAll.aspx?pcode=N0050001), EI Act art. 5 (https://law.moj.gov.tw/LawClass/LawAll.aspx?pcode=N0050021), NHI Act arts. 10–15 (https://law.moj.gov.tw/LawClass/LawAll.aspx?pcode=L0060001); worker's actual compulsory/special-insurance class and employer enrolment",https://law.moj.gov.tw/LawClass/LawAll.aspx?pcode=N0050001,2026-09-30,,,PARTIAL,"Proven by probe: lawful noncoverage priced as zero only where the scheme exempts the worker — over-65 LI/EI (TW-SCOPE-02-1), under-five LI unit (TW-EI-03-1), non-PR foreigner EI (TW-PEN-02-1, TW-TAX-05-1), parental-leave OCC/pension stop (TW-LEAVE-06-1). Unproven: the refusal of a NOT_REGISTERED fact without a lawful exemption on a compulsory scheme (LI, EI, NHI, OCC, pension) — the probe harness asserts saved payslips, not refusals; dated legal-class and insurer-acceptance evidence for an excluded worker is not captured. [R9 2026-09-30] New probes, pending the probe run: the run refused for a citizen’s NOT_REGISTERED pension without an exemption (TW-SCOPE-02-2) and for an out-of-window old-system election (TW-PEN-14-3); the harness now asserts run refusals. [R10 2026-09-30] New probes, pending the probe run: the run refused for a 35-year-old citizen recorded NOT_REGISTERED without an exclusion on LI (TW-SCOPE-02-3; 勞工保險條例 §6(1)), EI (TW-SCOPE-02-4; 就業保險法 §5(1)), NHI (TW-SCOPE-02-5; 全民健康保險法 §10(1)(1)(二)) and OCC (TW-SCOPE-02-6; 勞工職業災害保險及保護法 §6(1)(1)), each re-read 2026-09-30. Still open: dated legal-class and insurer-acceptance evidence for an excluded worker.",statutory_contributions:LI|EI|NHI|OCC_INJURY|LABOR_PENSION|WAGE_ARREARS_BASE|NHI_SUPPLEMENT rules (unregistered_action),Taiwan 2026 — noncitizen EI registration without eligibility proof refuses,TW-SCOPE-02-1; TW-EI-03-1; TW-PEN-02-1; TW-LEAVE-06-1; TW-SCOPE-02-2; TW-PEN-14-3; TW-SCOPE-02-3; TW-SCOPE-02-4; TW-SCOPE-02-5; TW-SCOPE-02-6,2026-09-29
TW-MW-01,TW,minimum_wage,Enforce each published monthly/hourly floor from its commencement; art. 5 (議定之工資低於最低工資者，以本法所定之最低工資為其工資數額): a contract agreed below the floor is paid the floor,"Minimum Wage Act arts. 4, 5, 14, 17 (https://law.moj.gov.tw/LawClass/LawAll.aspx?pcode=N0030028); dated work and pay frequency; 2025/2026 official rates",https://law.moj.gov.tw/LawClass/LawAll.aspx?pcode=N0030028,2026-09-28,,,PARTIAL,"Proven by probe: art. 5 substitution of the 2026 monthly floor for a below-floor full-timer (TW-MW-01-1) and an employed intern (TW-HIRE-04-1). Unproven by probe: the hourly floor (NT$196) for an hourly worker; the commencement seam (December 2025 NT$28,590 → January 2026 NT$29,500, needs the 2025 insurance/NHI tables in a December 2025 probe). The 2027 proposal (NT$30,900 / NT$205) has no effect until approved and ordered. [R9 2026-09-30] New probes, pending the probe run: the 114年 floor substituted in December 2025 (28,000 → 28,590, TW-MW-01-2) and the NT$196 hourly floor for an hourly part-timer agreed at 190 (TW-MW-02-2).","work_rules.wages (substitutes_below, hourly_by_region); obligations:MINIMUM_WAGE",Taiwan — a wage agreed below the minimum is paid the minimum (最低工資法 §5),TW-MW-01-1; TW-HIRE-04-1; TW-MW-01-2; TW-MW-02-2,2026-09-29
TW-MW-02,TW,minimum_wage,Monthly: monthly floor × weekly hours/40; hourly: hourly floor; daily: hourly floor × normal day hours,MOL part-time guidance §6(2)(1) (https://laws.mol.gov.tw/FLAW/FLAWDOC01.aspx?flno=6&id=FL072875); monthly/hourly/daily part-time and contracted weekly/daily hours,https://laws.mol.gov.tw/FLAW/FLAWDOC01.aspx?flno=6&id=FL072875,2026-09-28,,,PARTIAL,"Proven by probe: monthly part-timer at monthly floor × weekly hours/40 (TW-MW-02-1, TW-LI-05-1, TW-NHI-05-1, TW-LI-04-1). Unproven by probe: the hourly part-timer at the hourly floor, the daily part-timer at hourly floor × normal day hours, weekly pay, paid rest/holiday interactions and variable hours. [R9 2026-09-30] New probes, pending the probe run: the hourly part-timer at the hourly floor, 80 h × 196 (TW-MW-02-2).",work_rules.wages (part-time monthly/daily selectors),TW audit — a monthly part-timer uses the monthly minimum pro rata to contracted hours,TW-MW-02-1; TW-LI-05-1; TW-NHI-05-1; TW-MW-02-2,2026-09-29
TW-MW-03,TW,minimum_wage,New rate only after final order and commencement; old table must not be silently treated as final 2027 law,"2027 MOL proposal, 24 September 2026 (https://www.mol.gov.tw/1607/1632/1633/99195/); Minimum Wage Act arts. 9–10 (Executive Yuan approval); proposed NT$30,900/month, NT$205/hour from 1 January 2027, pending",https://www.mol.gov.tw/1607/1632/1633/99195/,2026-09-29,2027-01-01,,AWAITING-LAW,"Status: proposal only; the 2027 fail-closed refusal is tested. | Present: The provisional 2027 period with 2026 NT$29,500/NT$196 placeholders was voided on 29 September 2026; no TW settings version governs 2027. No operative seed row holds 30,900/205. On approval, re-cut every floor-keyed item: LI/OCC/pension first grade, NHI grade 1, nonresident 1.5× withholding threshold, NHI part-time supplementary threshold, disability/Indigenous shortfall payments and TW-MW-02 part-time floors. Final order and fail-closed transition open. Checked 2026-09-28: the MOL release (https://www.mol.gov.tw/1607/1632/1633/99195/post) (24 September 2026) still reads 將由勞動部陳報行政院核定 / 若經行政院核定; no Executive Yuan approval found. Do not re-seal a 2027 version until the final order and dependent tables have been checked. Former disposition: No [SOURCE 2026-09-29]. Open: The provisional version is voided; final 2027 order and dependent grades remain unpublished in the seed. | Phase 1: TW-MW-03 source watch: MOL's 24 September 2026 2027 proposal (https://www.mol.gov.tw/1607/1632/1633/99195/) still describes Executive Yuan approval as conditional. The provisional 2027 period carrying 2026 amounts was voided on 29 September 2026, so no TW version governs 2027 payroll. Obtain the final order, commencement and all dependent published grade tables before a 2027 cut. | 2027 fail-closed: The operative 2026 settings end before 1 January 2027. A previously sealed 2027 settings row reused the 2026 NT$29,500 monthly and NT$196 hourly minimum wage, 2026 LI/OCC/pension and NHI grade schedules, and floor-dependent withholding thresholds. The 24 September MOL decision (https://www.mol.gov.tw/1607/1632/1633/99195/) expressly says the proposed NT$30,900/NT$205 amounts will be submitted for Executive Yuan approval; the Minimum Wage Act approval/announcement provisions (https://law.moj.gov.tw/LawClass/LawAll.aspx?pcode=N0030028) require that step. No final 116年 wage order or dependent 116年 insurance-grade publications were found in the MOL, Executive Yuan, Gazette, BLI or NHIA primary-source search on 29 September 2026. | 2027 fail-closed: Seed correction: `71627130-016e-5aee-9293-4a6bcfd0c99d` is now voided with its original sealed content and child rows retained for source history. `settingsInForce` excludes voided versions; `prepareConfiguration` refuses a TW run from 2027-01-01 because no sealed version covers the period. This stops all 2027 TW payroll, including the otherwise known LI rate step to 12%, until one complete 116年 profile has governing wage, LI/EI/OCC, pension, NHI and withholding inputs. It does not change December 2025 or 2026 selection. Existing TW goldens and probes that expect a payable 2027 run or an active 2027 version must be revised in the coordinated test phase. No test, check or build ran here.",jurisdiction_settings:TW (no in-force version from 2027-01-01; 71627130-016e-5aee-9293-4a6bcfd0c99d voided),Taiwan — 2027 payroll refuses without a sealed 116年 statutory version,,
TW-WAGE-01,TW,wages,"Correct wage base; direct full wage payment and itemised gross, each item/deduction and net","LSA arts. 2, 21–23 (https://law.moj.gov.tw/LawClass/LawAll.aspx?pcode=N0030001); remuneration classes, agreed frequency, lawful deductions",https://law.moj.gov.tw/LawClass/LawAll.aspx?pcode=N0030001,2026-09-30,,,PARTIAL,"Proven by probe: the day wage of a joiner on the 31st (TW-WAGE-01-1), an itemised allowance line (TW-LI-08-1) and a leave deduction (TW-LEAVE-03-1) with gross/deductions/net on the saved payslip. Unproven: direct full payment to the worker (payment evidence), the legal basis of each non-statutory deduction (§22(2)), and non-monthly pay frequencies. Recorded behaviour: under a pay cutoff a joiner after the window is paid as next-run arrears (company pay-calendar setting). [R9b 2026-09-30] Non-monthly frequency: the hourly part-timer paid by clocked hours (TW-MW-02-2) carries the saved gross/deductions/net of a non-monthly pay frequency; pending the probe run. Direct-payment evidence and §22(2) deduction bases remain open. Recorded default (LIT-5, 2026-09-30): art. 23(1) requires at least two fixed pay dates a month unless otherwise agreed and names no split day; a semi-monthly company pays the 1st–15th on the 15th and the 16th–month end on the last day.",obligations:WAGE_PAYMENT_AND_PAYSLIP,"Taiwan — a joiner on the 31st is owed that day: 1/30 of the month, now or as next-run arrears",TW-WAGE-01-1; TW-LI-08-1; TW-LEAVE-03-1; TW-MW-02-2,2026-09-29
TW-WAGE-02,TW,records,Wage roster and minute-level attendance retained; employee copy on request,"LSA art. 23(2) (https://law.moj.gov.tw/LawClass/LawSingle.aspx?pcode=N0030001&flno=23), art. 30(5)–(6) (https://law.moj.gov.tw/LawClass/LawSingle.aspx?pcode=N0030001&flno=30)",https://law.moj.gov.tw/LawClass/LawSingle.aspx?pcode=N0030001&flno=23,2026-09-28,,,EXTERNAL,"Present: Seed obligations are PARTIAL/EXTERNAL. Storage, retention and disclosure output audit open. Former disposition: No [EXTERNAL 2026-09-29]. Open: Retention and employee-copy evidence are unverified.",obligations:WAGE_ROSTER_RETENTION; obligations:ATTENDANCE_RECORDS,,,
TW-HOURS-01,TW,hours,"Apply 8-hour day, 40-hour week, overtime/rest limits and qualifying approvals","LSA arts. 30, 32, 34–36 (https://law.moj.gov.tw/LawClass/LawAll.aspx?pcode=N0030001); approved schedules, breaks, overtime consent, period history",https://law.moj.gov.tw/LawClass/LawAll.aspx?pcode=N0030001,2026-09-30,,,PARTIAL,"Proven by probe: extended hours past the 8-hour day paid only as approved (TW-HOURS-02-1) and a 休息日 run of exactly four hours owing no §35 break (TW-HOURS-01-1). Unproven by probe: the §32(2) 46/54-hour monthly and 12-hour daily caps, §36 weekly rest, §30(2)/(3)/30-1 flexible schemes, §84-1 approvals and overtime-consent evidence. [R9 2026-09-30] New probes, pending the probe run: a ten-hour 休息日 inside the §32(2) twelve-hour day, stints of four hours owing no §35 break (TW-HOURS-02-2). [LIT-07 2026-09-30] Planned overtime and incentive hours are keyed in steps of `work_rules.overtime_unit_hours`: a write off the step is refused, a binding limit floors the approved hours to it, and clock hours past the plan below one step are not reported as UNPLANNED_OVERTIME. The law states no keying unit, so every TW version seeds 0.5, the recorded default (the engine's former built-in half hour, now configuration). Golden: tests/overtime-unit.test.ts, pending the test phase; no probe added.",work_rules.breaks; work_rules.limits; facts.overtime_consent; obligations:OVERTIME_CONSENT_AND_FILING; work_rules.overtime_unit_hours,Taiwan — §35: the break follows four continuous hours; four exactly owe none (勞基法 §35),TW-HOURS-01-1; TW-HOURS-02-1; TW-HOURS-02-2,2026-09-29
TW-HOURS-02,TW,overtime,Correct overtime and holiday rates; agreed comp-time or statutory substitute rest with expiry/payment,"LSA arts. 24, 32-1, 39–40 (https://law.moj.gov.tw/LawClass/LawAll.aspx?pcode=N0030001); weekday/rest/statutory-rest/holiday/emergency work",https://law.moj.gov.tw/LawClass/LawAll.aspx?pcode=N0030001,2026-09-30,,,PARTIAL,"Proven by probe: weekday 4/3 then 5/3 (TW-HOURS-02-1), 休息日 4/3 then 5/3 (TW-HOURS-01-1), §39 holiday day doubled (TW-HOURS-02-1). Unproven by probe: §40 例假 emergency work, §32(4) emergency hours, 休息日 work beyond 8 hours, §32-1 comp-time election with expiry cash-out, and STATUTORY_REST_IN_LIEU. [R9 2026-09-30] New probes, pending the probe run: §40 例假 emergency work at one further day’s wage and 休息日 hours nine and ten at 1⅔ (TW-HOURS-02-2). [LIT-06 2026-09-30] Leave by the hour charges the share of the shift's paid hours to the row's `entitlement.hour_share_step`, seeded `0.125` half up with one step the least (an hour of an eight-hour day); a shift without paid hours is refused (the former 480-minute default day is gone). The law states no fraction, so this is the recorded default. Golden: tests/leave-entitlement-golden.test.ts (LIT-06 cases), pending the test phase; no probe added.",work_rules.bands; work_rules.overtime_when; work_rules.time_off_in_lieu; leave_catalogue:COMPENSATORY_TIME_OFF; leave_catalogue:STATUTORY_REST_IN_LIEU; leave_catalogue:COMPENSATORY_TIME_OFF.entitlement.hour_share_step,"Taiwan — §24 prices 4/3 then 5/3 on a work day and a 休息日, §39 doubles a holiday",TW-HOURS-02-1; TW-HOURS-01-1; TW-HOURS-02-2,2026-09-29
TW-LEAVE-01,TW,leave,Statutory annual days and unused-day cash out on year end/exit; monthly one-day rate = latest normal month/30,"LSA art. 38; Rules art. 24-1 (https://laws.mol.gov.tw/FLAW/FLAWDOC01.aspx?flno=24-1&id=FL014931); service, accrual method, normal wages in latest due month; tax: 財政部高雄國稅局 2019-12-30 release on the MOF portal (https://www.mof.gov.tw/singlehtml/384fb3077bb349ea973e7fc6f13b6974?cntId=a7d14ce02a444dd4a09af3efc0a524d1): unused 特別休假 paid at 年度終結 or 契約終止 is 不休假加班費, 免計入薪資所得 within §38 days and the §39 standard (台財稅第16713號)",https://laws.mol.gov.tw/FLAW/FLAWDOC01.aspx?flno=24-1&id=FL014931,2026-09-30,,,PARTIAL,"Proven by probe: exit cash-out of unused 特別休假 at the latest normal month ÷ 30 for a monthly worker (TW-LEAVE-01-1, TW-EXIT-02-1), kept out of the 5% base as 不休假加班費 (MOF-portal 高雄國稅局 release 2019-12-30, within 台財稅第16713號). Unproven by probe: the §38(1) day ladder (3/7/10/14/15, +1 a year to 30), the year-end (年度終結) cash-out, and daily/hourly-paid cash-out rates. [R9 2026-09-30] New probes, pending the probe run: the 年度終結 cash-out at the latest month ÷ 30 (TW-LEAVE-01-2). [LIT-06 2026-09-30] A grant the `scale` moves rounds by the row's `entitlement.scaled_rounding`, seeded `{ step: 0.5, mode: UP }` (up to the half day, never below the hours owed): the law states no rounding of a part-timer's scaled days, so this is the recorded default (the engine's former built-in, now configuration). Golden: tests/leave-entitlement-golden.test.ts (LIT-06 cases), pending the test phase; no probe added.",leave_catalogue:ANNUAL_LEAVE; work_rules.encashment; work_rules.ordinary_divisor_days; leave_catalogue:ANNUAL_LEAVE.entitlement.scaled_rounding,"Taiwan — the §38 annual ladder and the 性平法 entitlements, on both live sealed versions",TW-LEAVE-01-1; TW-EXIT-02-1; TW-LEAVE-01-2,2026-09-29
TW-LEAVE-02,TW,leave,First 30 sick days annually half wage; inpatient and combined caps,"Leave Regulations art. 4 (https://laws.mol.gov.tw/FLAW/FLAWDOC01.aspx?flno=4&id=FL014935); ordinary illness, hospitalisation, rolling two-year totals, insurer overlap",https://laws.mol.gov.tw/FLAW/FLAWDOC01.aspx?flno=4&id=FL014935,2026-09-30,,,PARTIAL,"Proven by probe: ordinary sick days within the first 30 at half wage (TW-LEAVE-02-1). Unproven by probe: the 30-day non-hospital cap, the hospitalised cap (one year in two, combined with non-hospital days), and insurer-benefit offsets. [R9 2026-09-30] New probes, pending the probe run: hospitalised days half-paid while the year’s thirty remain and unpaid after thirty ordinary sick days (TW-LEAVE-02-2). [LIT-06 2026-09-30] A grant the `scale` moves rounds by the row's `entitlement.scaled_rounding`, seeded `{ step: 0.5, mode: UP }` (up to the half day, never below the hours owed): the law states no rounding of a part-timer's scaled days, so this is the recorded default (the engine's former built-in, now configuration). Golden: tests/leave-entitlement-golden.test.ts (LIT-06 cases), pending the test phase; no probe added.",leave_catalogue:SICK_LEAVE; leave_catalogue:HOSPITALISED_SICK_LEAVE; leave_catalogue:SICK_LEAVE.entitlement.scaled_rounding,"Taiwan — thirty half-paid 普通傷病假 days a year, hospitalised or not, across entries (勞工請假規則 §4(3))",TW-LEAVE-02-1; TW-LEAVE-02-2,2026-09-29
TW-LEAVE-03,TW,leave,Up to 14 unpaid personal days; only personal care of a family member gains a statutory hour-unit election,"Leave Regulations art. 7 (https://laws.mol.gov.tw/FLAW/FLAWDOC01.aspx?flno=7&id=FL014935), art. 12 (https://laws.mol.gov.tw/FLAW/FLAWDOC01.aspx?flno=12&id=FL014935); from 1 January 2026, family-care reason vs other personal reason",https://laws.mol.gov.tw/FLAW/FLAWDOC01.aspx?flno=7&id=FL014935,2026-09-30,2026-01-01,,PARTIAL,"Proven by probe: unpaid 事假 days at monthly ÷ 30 (TW-LEAVE-03-1). Unproven by production probe: the 14-day annual cap and the hourly FAMILY_CARE_LEAVE election counted against it (unit-level proof only, tests/tw-caregiving-personal-leave.probe.test.ts). [R9 2026-09-30] New probes, pending the probe run: the 14-day 事假 cap with hourly 家庭照顧假 counted inside it, the over-cap entry refused and hours on ordinary 事假 refused (TW-LEAVE-03-2). [LIT-01 2026-09-30] Hourly 家庭照顧假 was priced on a hard-coded 12 × monthly ÷ (52 × weekly hours) (259.62 an hour on NT$45,000, not 187.50); it is now `work_rules.hourly_rate`: the month ÷ 30 ÷ the normal day, the same basis as the version's 30-day ordinary divisor and the day-unit 事假 (monthly ÷ 30). Golden: tests/rate-conversions.test.ts; TW-LEAVE-03-2 expects 375 for two hours, pending the probe run. [LIT-06 2026-09-30] Leave by the hour charges the share of the shift's paid hours to the row's `entitlement.hour_share_step`, seeded `0.125` half up with one step the least (an hour of an eight-hour day); a shift without paid hours is refused (the former 480-minute default day is gone). The law states no fraction, so this is the recorded default. Golden: tests/leave-entitlement-golden.test.ts (LIT-06 cases), pending the test phase; no probe added.",leave_catalogue:PERSONAL_LEAVE (unit DAY); leave_catalogue:FAMILY_CARE_LEAVE (unit HOUR); obligations:CAREGIVING_PERSONAL_LEAVE; work_rules.hourly_rate; leave_catalogue:PERSONAL_LEAVE.entitlement.hour_share_step; leave_catalogue:FAMILY_CARE_LEAVE.entitlement.hour_share_step,Taiwan ${year} — hours on day-unit personal leave are refused,TW-LEAVE-03-1; TW-LEAVE-03-2,2026-09-29
TW-LEAVE-04,TW,bonus,Protected marriage/funeral/occupational illness/official/certain miscarriage or care leave cannot remove full-attendance bonus; other ordinary sick leave may reduce bonus only pro rata; ≤10 days cannot cause another adverse action,"Leave Regulations arts. 9, 9-1, 12 (https://laws.mol.gov.tw/flaw/FLAWDOC01.aspx?flno=9&id=FL014935); from 1 January 2026; attendance bonus, protected leave reason and yearly sick days",https://law.moj.gov.tw/LawClass/LawSingle.aspx?pcode=N0030006&flno=9,2026-09-30,2026-01-01,,GAP,"Present: No TW full-attendance-bonus class/rule found in seed or payroll source. Input, payout and non-payroll decision evidence open. Former disposition: No [IN-SYSTEM 2026-09-29]. Open: No full-attendance-bonus pro-rata or protected-reason mechanism exists. [R10 2026-09-30] Configured in all 14 versions: allowance class FULL_ATTENDANCE_BONUS — the contract amount less floor_unit(amount × (SICK_LEAVE + HOSPITALISED_SICK_LEAVE + PERSONAL_LEAVE days) ÷ 30), never below 0, npl_prorates false; every other leave takes nothing. Law re-read 2026-09-30: 勞工請假規則 §9 (from 2026-01-01; https://law.moj.gov.tw/LawClass/LawSingle.aspx?pcode=N0030006&flno=9), 性別平等工作法 §21(2) (https://law.moj.gov.tw/LawClass/LawSingle.aspx?pcode=N0030014&flno=21), MOL Q&A (https://www.mol.gov.tw/1607/28162/28166/28180/86983/87103/post, updated 2026-01-09: bonus ÷ 30 per sick day). Owner rule defaults (law silent): ordinary 事假 (not for family care) cut pro rata too (the law leaves it to the contract); the cut floored to the 元 so it never exceeds the ratio; same arithmetic in the 2025-12 version (a pro-rata cut was lawful under the older §9 as well). New probe, pending the probe run: two sick days take 200 of 3,000, two 公假 days nothing (TW-LEAVE-04-1). Still open: a sick-leave day for a miscarriage under three months (§9(1)(2)) is not distinguished from ordinary sick leave (record it as MATERNITY_LEAVE MISCARRIAGE_*), and the ten-day no-adverse-action rule for non-pay HR decisions (appraisal, dismissal) is outside payroll.","allowance_catalogue:FULL_ATTENDANCE_BONUS (bands, npl_prorates false)",,TW-LEAVE-04-1,
TW-LEAVE-05,TW,leave,"Menstrual, maternity, paternity, prenatal and family-care rights and wage fractions","Gender Equality Act arts. 14–21 (https://law.moj.gov.tw/LawClass/LawAll.aspx?pcode=N0030014); sex, birth/adoption dates, spouse/child and care facts",https://law.moj.gov.tw/LawClass/LawAll.aspx?pcode=N0030014,2026-09-30,,,PARTIAL,"Proven by probe: 生理假 at half wage (TW-LEAVE-05-1). Unproven by probe: maternity leave (8 weeks, full wage from six months’ service, half below), paternity/prenatal-accompaniment and prenatal-checkup paid days, family-care leave (unpaid, counted to 事假), and menstrual days beyond three counting to sick leave. [R9 2026-09-30] New probes, pending the probe run: paternity and prenatal-checkup days at full pay and a month inside 產假 after six months’ service at full pay (TW-LEAVE-05-2); unpaid hourly family care counted to 事假 (TW-LEAVE-03-2).",leave_catalogue:MATERNITY_LEAVE; leave_catalogue:PATERNITY_LEAVE; leave_catalogue:PRENATAL_CHECKUP_LEAVE; leave_catalogue:MENSTRUAL_LEAVE; leave_catalogue:FAMILY_CARE_LEAVE,"Taiwan — the §38 annual ladder and the 性平法 entitlements, on both live sealed versions",TW-LEAVE-05-1; TW-LEAVE-05-2; TW-LEAVE-03-2,2026-09-29
TW-LEAVE-06,TW,leave,Unpaid employer leave; insurer allowance for eligible covered days calculated proportionally rather than rounding every short period up to a month,"Gender Equality Act art. 16 (https://law.moj.gov.tw/LawClass/LawSingle.aspx?pcode=N0030014&flno=16), EI Rules art. 19-2 (https://laws.mol.gov.tw/FLAW/FLAWDOC01.aspx?flno=19-2&id=FL023222); daily parental leave from 1 January 2026",https://law.moj.gov.tw/LawClass/LawSingle.aspx?pcode=N0030014&flno=16,2026-09-28,2026-01-01,,PARTIAL,"Proven by probe: a whole month of 育嬰留職停薪 with continued LI/EI/NHI, no wage and nothing through payroll (TW-LEAVE-06-1, TW-PEN-08-1). Unproven: a part-month parental leave, the daily-unit 30-day use from 1 January 2026, and the insurer allowance (BLI-paid; recorded, not computed — TW-LI-09).",leave_catalogue:PARENTAL_LEAVE; obligations:PARENTAL_LEAVE_INSURANCE_CONTINUATION,TW round 5 — D31 性平法 §16(2): 育嬰留職停薪 from 16 February waives the employer share for the leave days and bills the worker directly,TW-LEAVE-06-1; TW-PEN-08-1,2026-09-29
TW-EXIT-01,TW,notice,"Lawful dismissal, notice/pay in lieu and old-system severance","LSA arts. 11–18, 20 (https://law.moj.gov.tw/LawClass/LawAll.aspx?pcode=N0030001); cause, service and notice; tax: 財政部 83-08-09 台財稅第831604301號 (https://law-out.mof.gov.tw/LawContent.aspx?id=GL006450): §16(3) notice pay 兼具資遣費性質 (退職所得)",https://law.moj.gov.tw/LawClass/LawAll.aspx?pcode=N0030001,2026-09-30,,,PARTIAL,"Proven by probe: §11 layoff with part notice given — unserved 20-day band paid at the higher day wage (TW-EXIT-01-1); the 10-day band with no notice given (TW-EXIT-01-2, added 2026-09-30); 30-day notice served in full, no notice pay (TW-EXIT-02-1); §17 old-system severance (TW-TAX-03-1); §15 resignation paying nothing (TW-EXIT-04-1). Notice pay is 退職所得 with the 資遣費 (財政部 83-08-09 台財稅第831604301號, https://law-out.mof.gov.tw/LawContent.aspx?id=GL006450: 兼具資遣費性質), so both sit on one SEVERANCE_PAY line withheld through SEVERANCE_TAX. Owner rule 2026-09-28 (law silent on rounding the amount): the one 退職所得 amount is rounded to the 元 once, as it is one entry on the withholding statement. Owner rule 2026-09-28: §13 reaches employer terminations under §11 and §20 only, and every MATERNITY_LEAVE entry marks the §50 stop and the OCCUPATIONAL_INJURY_LEAVE entry dates the §59 period. Unproven by probe: §14 worker termination severance, §20 notice, the §13 prohibition refusal (a refusal, not a payslip). [R9 2026-09-30] New probes, pending the probe run: §14 worker termination: severance pro rata, no notice pay (TW-EXIT-01-3).",exit_facts.lsa_termination_ground; exit_facts.notice_days_given; adhoc_catalogue:SEVERANCE_PAY; obligations:TERMINATION_NOTICE,"Taiwan — §16 notice by cause and service: 10 / 20 / 30 days on §11, the §13 proviso and §20; none on §14, §12, §15 or a fixed-term expiry",TW-EXIT-01-1; TW-EXIT-01-2; TW-EXIT-02-1; TW-TAX-03-1; TW-EXIT-04-1; TW-EXIT-01-3,2026-09-29
TW-EXIT-02,TW,severance,New-system severance half month/year capped six months; preserve old-system accrued service separately,"Labor Pension Act arts. 11–12 (https://law.moj.gov.tw/LawClass/LawAll.aspx?pcode=N0030020); pension system, pre/post-2005 service and six-month average wage",https://law.moj.gov.tw/LawClass/LawAll.aspx?pcode=N0030020,2026-09-30,,,PARTIAL,"Proven by probe: half a month a year for three new-system years (TW-EXIT-02-1) and the six-month cap after twenty years (TW-EXIT-02-2, added 2026-09-30). Unproven by probe: a part year pro rata, and mixed service where preserved old-system months are paid under §17 beside new-system years. [R9 2026-09-30] New probes, pending the probe run: a part year pro rata (TW-EXIT-01-3) and mixed service, 15.5 retained old-system months under §17 beside the new-system cap (TW-EXIT-02-3).",adhoc_catalogue:SEVERANCE_PAY; exit_facts.average_daily_wage; exit_facts.old_system_service_months; obligations:SEVERANCE_PAYMENT,Taiwan — 資遣費: the new system caps at six months and retained old-system years are payable,TW-EXIT-02-1; TW-EXIT-02-2; TW-EXIT-01-3; TW-EXIT-02-3,2026-09-29
TW-EXIT-03,TW,contribution,Employer old-system reserve 2–15% of applicable wage; separately fund expected coming-year retirements,"LSA art. 56 (https://law.moj.gov.tw/LawClass/LawSingle.aspx?pcode=N0030001&flno=56); old-system workers, funded entity rate and annual funding review",https://law.moj.gov.tw/LawClass/LawSingle.aspx?pcode=N0030001&flno=56,2026-09-30,,,PARTIAL,"Proven by probe: the monthly reserve at 2% (TW-EXIT-03-1), 4% (TW-PEN-14-1) and the 15% ceiling (TW-PEN-13-1). Unproven: the refusal of a rate outside 2–15% (a refusal, not a payslip) and the §56(2) year-end top-up for workers expected to retire in the coming year (external funding duty). [R9b 2026-09-30] New probe, pending the probe run: a 16% reserve rate is refused, not priced (TW-EXIT-03-2; §56(1) 2–15%). The §56(2) year-end top-up remains an external funding duty.",statutory_contributions:LABOR_PENSION_RESERVE; obligations:OLD_SYSTEM_PENSION_RESERVE,TW round 5 — §56(1): documented old-system worker requires a 2–15% reserve rate,TW-EXIT-03-1; TW-PEN-14-1; TW-PEN-13-1; TW-EXIT-03-2,2026-09-29
TW-EXIT-04,TW,final_pay,Settle final wages/unused leave at contract end and provide service certificate on request,"LSA Rules art. 9 (https://law.moj.gov.tw/LawClass/LawSingle.aspx?pcode=N0030002&flno=9), LSA art. 38 (https://law.moj.gov.tw/LawClass/LawSingle.aspx?pcode=N0030001&flno=38)",https://law.moj.gov.tw/LawClass/LawSingle.aspx?pcode=N0030002&flno=9,2026-09-28,,,PARTIAL,"Proven by probe: final wages to the last day and unused leave settled on the exit payslip (TW-EXIT-04-1, TW-EXIT-02-1, TW-LEAVE-01-1). Unproven: the §19 service certificate on request (a document, not a payslip). 2026-09-30 (F04): the probe harness now uploads fixture files, asserts refusals, run warnings and company-scope charges; TW-EXIT-04-1 pins the FINAL_PAY_LATE run warning (settle on 2026-03-20, run pays 2026-03-31, 施行細則 §9); pending the probe run. [R8 2026-09-30] Probe run 443/443 green: TW-EXIT-04-1; TW-EXIT-02-1; TW-LEAVE-01-1 pass; status stays PARTIAL for the branches named above.",payroll.final_pay_deadlines; obligations:FINAL_WAGE_SETTLEMENT; obligations:SERVICE_CERTIFICATE; obligations:UNUSED_ANNUAL_LEAVE_SETTLEMENT,"Taiwan — a leaver: final wages are due on the last day (勞基法施行細則 §9), and the month’s 5% withholding runs on what is paid",TW-EXIT-04-1; TW-EXIT-02-1; TW-LEAVE-01-1,2026-09-29
TW-EXIT-05,TW,other,"Employer compensates: (1) necessary medical costs; (2) while unable to work in treatment, the 原領工資 — the normal-hours wage of the day before the accident, for a monthly worker the last month’s normal-hours wage ÷ 30 a day (Rules art. 31; an occupational disease floors it at the average wage), paid on the pay day (art. 30); after two years uncured and adjudged unable to resume, a 40-month average-wage lump sum ends the duty; (3) disability lump sum on the average wage by the labour-insurance disability scale; (4) death: 5 months’ funeral plus 40 months to the survivors in the §59(4) order. Any amount the employer already paid for the same accident under labour/occupational-accident insurance may be offset (抵充)","LSA art. 59 (https://law.moj.gov.tw/LawClass/LawSingle.aspx?pcode=N0030001&flno=59); occupational injury (text (https://law.moj.gov.tw/LawClass/LawAll.aspx?pcode=N0030001), last amended 113-07-31; Enforcement Rules arts. 30–31 (https://law.moj.gov.tw/LawClass/LawAll.aspx?pcode=N0030002), amended 113-03-27), insured benefit and average-wage history",https://law.moj.gov.tw/LawClass/LawSingle.aspx?pcode=N0030001&flno=59,2026-09-30,,,PARTIAL,"Proven by probe: (2) the 原領工資 kept whole during treatment in a 31-day month (TW-EXIT-05-1). Owner rule 2026-09-28: law silent on whether the payroll computes the §59 offset; default record, not compute — an electing employer enters OCC_INJURY_OFFSET; lawful because not exercising a permissive offset never pays less than §59 requires. Unproven by probe: (1) medical costs, the occupational-disease average-wage floor, the 40-month lump sum after two years, (3) disability lump sum, (4) funeral and survivor compensation, and the OCC_INJURY_OFFSET line. [R9 2026-09-30] New probes, pending the probe run: (1) medical costs with receipts outside every base and the elected OCC_INJURY_OFFSET line (TW-EXIT-05-2).",leave_catalogue:OCCUPATIONAL_INJURY_LEAVE; adhoc_catalogue:OCC_INJURY_OFFSET|OCC_INJURY_MEDICAL|OCC_INJURY_LUMP_SUM|OCC_DISABILITY_G01–G15|OCC_DEATH_FUNERAL|OCC_DEATH_COMPENSATION; exit_facts.occupational_death; obligations:OCCUPATIONAL_INJURY_COMPENSATION,"Taiwan — 公傷病假 keeps the 原領工資 whole in a thirty- and a thirty-one-day month, and no insurer benefit is offset (勞基法 §59(2), 施行細則 §31)",TW-EXIT-05-1; TW-EXIT-05-2,2026-09-29
TW-LI-01,TW,contribution,Enrol/withdraw; ordinary risk at dated published rate with employee/employer/government shares,"Labour Insurance Act arts. 6, 8, 9, 11, 13–15 (https://law.moj.gov.tw/LawClass/LawAll.aspx?pcode=N0050001); age, employer, class, registration, declared grade",https://law.moj.gov.tw/LawClass/LawAll.aspx?pcode=N0050001,2026-09-29,,,VERIFIED,,statutory_contributions:LI; obligations:LABOUR_EMPLOYMENT_INSURANCE_ENROLMENT,"Taiwan — LI, EI, NHI, labour pension and occupational-injury insurance, 民國115年 tables",TW-LI-01-1; TW-WAGE-05-1; TW-EXIT-04-1,2026-09-30
TW-LI-02,TW,contribution,"Maximum 30 chargeable days/month for ordinary enrolment, rounding at statutory share stage","BLI ordinary premium calculator (https://www.bli.gov.tw/en/0014918.html), LSA Insurance Rules art. 28-1 (https://laws.mol.gov.tw/FLAW/FLAWDOC01.aspx?flno=28-1&id=FL014981)",https://www.bli.gov.tw/en/0014918.html,2026-09-28,,,VERIFIED,,"statutory_contributions:LI (coverage_days(scheme.since, age, 30)); statutory_contributions:LABOR_PENSION",Taiwan — a last-day February exit completes the pension month but LI charges actual exit days,TW-LI-02-1; TW-WAGE-05-1; TW-WAGE-01-1,2026-09-30
TW-LI-03,TW,filing,"Protected loan account, premium/late-fee claim and state funding; no inferred rate change","2026 LI Act amendment history (https://laws.mol.gov.tw/FLAW/FLAWDAT07.aspx?id=FL014980); 21 January 2026, arts. 29, 66, 69",https://laws.mol.gov.tw/FLAW/FLAWDAT07.aspx?id=FL014980,2026-09-28,2026-01-21,,EXTERNAL,"Present: Procedural/fund obligations not mapped in seed; classification/exclusion evidence open. Former disposition: No [EXTERNAL 2026-09-29]. Open: Procedural duties in the 2026 amendment are unmapped. | Instrument register — Labour Insurance Act and Enforcement Rules: Act history (https://laws.mol.gov.tw/FLAW/FLAWDAT07.aspx?id=FL014980): arts. 29, 66, 69 changed 21 January 2026. These concern distress-loan/protected claims and government fund finance, rather than a changed payroll premium rate; presidential promulgation (https://www.president.gov.tw/Page/294/50139). Reconciliation: Subsidiary salary-grade notices, coverage classes, premium calendar and insurer benefits require complete reconciliation.",none (procedural/fund duties),,,
TW-EI-01,TW,contribution,1% premium at declared grade; 20/70/10 employee/employer/state distribution and remittance,"EI Act arts. 5, 8, 40 (https://law.moj.gov.tw/LawClass/LawAll.aspx?pcode=N0050021); eligible worker, date, grade and registered cover",https://law.moj.gov.tw/LawClass/LawAll.aspx?pcode=N0050021,2026-09-28,,,PARTIAL,"Proven by probe: the 1% premium at the declared grade split 20/70 on the payslip, the 10% state share being the remainder (TW-EI-01-1, TW-LI-01-1). Unproven: remittance to BLI (an external filing; belongs in its own EXTERNAL row).",statutory_contributions:EI,Taiwan — registered labour insurance continues after 65; employment insurance ends at 65,TW-EI-01-1; TW-LI-01-1,2026-09-29
TW-EI-02,TW,contribution,"Permanent-resident foreign professional/special/senior professional enters EI, with residence and professional proof; later PR grant changes cover on its date","Foreign Professionals Act art. 25 (https://theme.ndc.gov.tw/lawout/LawContent.aspx?id=GL000273), BLI instruction (https://www.bli.gov.tw/0109624.html), EI Rules art. 8-1 (https://laws.mol.gov.tw/FLAW/FLAWDOC01.aspx?flno=8-1&id=FL023222); 1 January 2026",https://theme.ndc.gov.tw/lawout/LawContent.aspx?id=GL000273,2026-09-29,2026-01-01,,PARTIAL,"Proven by probe: a PR foreign professional with class and residence proof enters EI (TW-EI-02-1, TW-PEN-14-1). Unproven by probe: a PR grant during service changing EI cover from its date. [R9 2026-09-30] New probes, pending the probe run: a PR grant on 16 March starting 就保 that day for fifteen insured days (TW-EI-02-2).","statutory_contributions:EI (noncitizen class/proof elections, foreign_worker_excluded); obligations:EI_NONCITIZEN_SCOPE; obligations:FOREIGN_PROFESSIONAL_PENSION_AND_EMPLOYMENT_INSURANCE",Taiwan 2026 — insured permanent-resident foreign professional owes EI at the published grade,TW-EI-02-1; TW-PEN-14-1; TW-EI-02-2,2026-09-29
TW-OCC-01,TW,contribution,Employer-funded ordinary occupational injury premium and BLI enrolment/remittance,"Occupational Accident Act arts. 6, 12, 15–21 (https://law.moj.gov.tw/LawClass/LawAll.aspx?pcode=N0050031), Enforcement Rules (https://law.moj.gov.tw/LawClass/LawAll.aspx?pcode=N0050039) (amended 29 May 2025), industry rate table from 1 January 2025 (https://www.bli.gov.tw/0107174.html) per MOL 7 November 2024 announcement (https://www.mol.gov.tw/1607/1632/1640/76836/); worker, industry risk class, declared grade and period",https://law.moj.gov.tw/LawClass/LawAll.aspx?pcode=N0050031,2026-09-28,2025-01-01,,PARTIAL,"Proven by probe: the employer-only ordinary OCC premium at the industry rate on the OCC grade, class 42 (0.12%) and class 25 (0.57%) (TW-OCC-01-1, TW-LI-01-1). Unproven: BLI enrolment and remittance (external filings).",statutory_contributions:OCC_INJURY (55 industry class rates); obligations:OCCUPATIONAL_ACCIDENT_INSURANCE_ENROLMENT,"Taiwan — 職災 is priced from the 行業別及費率表 (Files/24759), not the 職業工會 月負擔金額表 (25669)",TW-OCC-01-1; TW-LI-01-1,2026-09-29
TW-OCC-02,TW,contribution,"For eligible special Article 10 cover, declaration alone creates no cover: same-day insurance starts at the actual payment-completion time, or at 00:00 on a future designated day after prepayment. Advance filing is limited to ten calendar days and one enrolment to six months. Use the separate five-grade salary ladder (2026 NT$29,500, 30,300, 34,800, 40,100, 45,800) and 0.15% rate for 2025–2027, actual calendar covered days/30, round each month's premium to whole dollars then sum across months. Cross-year enrolment uses the salary/rate at declaration year; no post-payment date/grade change or refund","Occupational Accident Act arts. 10, 14 (https://law.moj.gov.tw/LawClass/LawAll.aspx?pcode=N0050031) and BLI special-enrolment effect, grade and premium guidance (https://www.bli.gov.tw/0105839.html); qualifying natural-person employer/short-task worker, payer, actual work/start/end time, declaration/payment timestamp, future date, monthly wage and elected grade; operative December 2025 onward",https://law.moj.gov.tw/LawClass/LawAll.aspx?pcode=N0050031,2026-09-28,,,GAP,"Present: Ordinary `OCC_INJURY` risk class and day calendar do not establish special-payer eligibility, payment-before-effect timestamp, five-grade/rate version, cross-month/cross-year arithmetic or insurer receipt. No production probe. Former disposition: No [IN-SYSTEM 2026-09-29]. Open: Article 10 coverage starts only after payment and uses a separate salary, rate and calendar mechanism.",none (Article 10 special enrolment not modelled),,,
TW-PEN-01,TW,contribution,Employer at least 6%; worker voluntary up to 6%; 30-day partial month and filing/payment,"Labor Pension Act arts. 7, 14–20 (https://law.moj.gov.tw/LawClass/LawAll.aspx?pcode=N0030020); worker system, declared monthly grade and voluntary election",https://law.moj.gov.tw/LawClass/LawAll.aspx?pcode=N0030020,2026-09-30,,,PARTIAL,"Proven by probe: employer 6% (every probe), worker voluntary 6% and 3% outside the 5% base (TW-PEN-01-1, TW-PEN-12-1), 30-day partial month (TW-WAGE-05-1, TW-EXIT-04-1). Unproven: an employer rate above 6%, and the BLI filing/payment (external). [R10 2026-09-30] Configured in place in all 14 versions (勞工退休金條例 §14(1) 不得低於勞工每月工資百分之六 predates every version, re-read 2026-09-30 at https://law.moj.gov.tw/LawClass/LawSingle.aspx?pcode=N0030020&flno=14): LABOR_PENSION election `employer_rate` (minimum 6, default 6; the recorded ceiling 100 is a sanity bound, the law states none), each employer expression scaling its 6% by `employer_rate / 6` (unchanged at 6). New probe, pending the probe run: an 8% employer rate, 40,100 × 8% = 3,208 (TW-PEN-01-2). Open: whether the employer share above 6% is 薪資所得 when contributed is not settled by a primary source read here (所得稅法 §14(1) and 財政部 台財稅第09404571910號 address only the voluntary 6%); the probe sits below every table threshold so no withholding turns on it.","statutory_contributions:LABOR_PENSION (employer_rate election, default and minimum 6; voluntary rate election); obligations:LABOUR_PENSION_REGISTRATION; obligations:LABOUR_PENSION_REMITTANCE",TW audit — a 6% voluntary pension is deducted before the 5% withholding,TW-PEN-01-1; TW-PEN-12-1; TW-WAGE-05-1; TW-EXIT-04-1; TW-PEN-01-2,2026-09-29
TW-PEN-02,TW,contribution,New-system pension for qualifying non-PR professionals; pre-existing worker may elect old system by 30 June; absent election register retroactive to 1 January or PR date by 15 July,"Foreign Professionals Act art. 24 (https://theme.ndc.gov.tw/lawout/LawContent.aspx?id=GL000273), BLI 2026 notice (https://www.bli.gov.tw/0109916.html); new hire vs employed before 1 January 2026, professional status and written election",https://theme.ndc.gov.tw/lawout/LawContent.aspx?id=GL000273,2026-09-30,2026-01-01,,PARTIAL,"Proven by probe: a non-PR foreign professional hired in 2026 on the new system (TW-PEN-02-1, TW-TAX-05-1). Unproven by probe: a pre-existing worker’s old-system election by 30 June 2026, and registration retroactive to 1 January (or the PR date) by 15 July absent an election. [R9b 2026-09-30] New probes, pending the probe run: a professional employed since 2023 electing the old system on 2026-06-30 has no 勞退 and the §56 reserve in July 2026 (TW-PEN-02-2); an election on 2026-07-01 refuses the run (TW-PEN-02-3). BLI 0109916 re-read 2026-09-30. Unproven: the retroactive January–June 勞退 declared by 15 July absent an election (arrears across closed months).","statutory_contributions:LABOR_PENSION (professional class, written election day, declaration reference); statutory_contributions:LABOR_PENSION_RESERVE",Taiwan — an insured PR foreign professional owes the new pension; old-system election needs proof,TW-PEN-02-1; TW-TAX-05-1; TW-PEN-02-2; TW-PEN-02-3,2026-09-29
TW-PEN-03,TW,contribution,"A last-day February exit completes 30 contribution days, unlike ordinary LI actual exit days",BLI partial-month pension guidance (https://www.bli.gov.tw/0017599.html); start/end date and month length,https://www.bli.gov.tw/0017599.html,2026-09-28,,,VERIFIED,,statutory_contributions:LABOR_PENSION (30-day pension month),Taiwan — a last-day February exit completes the pension month but LI charges actual exit days,TW-PEN-03-1; TW-LI-02-1,2026-09-30
TW-NHI-01,TW,contribution,Enrol and price worker/dependant and employer ordinary premiums,"NHI Act arts. 10–15, 27–30 (https://law.moj.gov.tw/LawClass/LawAll.aspx?pcode=L0060001); qualifying worker/dependants, insured grade, employer category",https://law.moj.gov.tw/LawClass/LawAll.aspx?pcode=L0060001,2026-09-28,,,VERIFIED,,statutory_contributions:NHI; statutory_contributions:NHI_PART_TIME; obligations:NHI_ENROLMENT,"Taiwan — a spouse is a health-insurance dependant, and the count still caps at three",TW-NHI-01-1; TW-NHI-11-1; TW-TAX-01-1; TW-EI-01-1,2026-09-30
TW-NHI-02,TW,contribution,Worker supplementary premium withheld only on qualifying excess; separate employer supplementary premium base,"NHI Act art. 31 (https://law.moj.gov.tw/LawClass/LawSingle.aspx?pcode=L0060001&flno=31); nonmonthly bonus/part-time/other income class, annual aggregate and declared grade",https://law.moj.gov.tw/LawClass/LawSingle.aspx?pcode=L0060001&flno=31,2026-09-29,,,PARTIAL,"Proven by probe: the worker supplementary premium on the bonus above four times the grade (TW-NHI-02-1) and none below it (TW-TAX-02-1). Unproven by probe: the employer supplementary premium on the payroll total above the insured amounts (a unit-level charge, not on a payslip). 2026-09-30 (F04): the probe harness now uploads fixture files, asserts refusals, run warnings and company-scope charges; TW-NHI-02-1 pins the employer supplementary premium as a company line: (295,000 − 45,800) × 2.11% = 5,258 (健保法 §34); pending the probe run. [R8 2026-09-30] Probe run 443/443 green: TW-NHI-02-1; TW-TAX-02-1 pass; status stays PARTIAL for the branches named above.","statutory_contributions:NHI_SUPPLEMENT (withdrawal_grade, withdrawal_on); statutory_contributions:NHI_SUPPLEMENT_EMPLOYER; statutory_contributions:NHI_PART_TIME; obligations:NHI_SUPPLEMENTARY_PREMIUM_WITHHOLDING","Taiwan — a year-end bonus: 5% withheld apart from salary, the §31 premium on the excess over four grades, the §34 employer levy",TW-NHI-02-1; TW-TAX-02-1,2026-09-29
TW-TAX-01,TW,tax,Resident monthly tax per annual salary table or lawful 5% election; nonresident at applicable source rate,"Income Tax Act arts. 7, 88–92 (https://law.moj.gov.tw/LawClass/LawAll.aspx?pcode=G0340003); tax residence, monthly salary, spouse/dependants declaration",https://law.moj.gov.tw/LawClass/LawAll.aspx?pcode=G0340003,2026-09-29,,,VERIFIED,,statutory_contributions:INCOME_TAX; statutory_contributions:INCOME_TAX_NON_RESIDENT,"Taiwan — the 115年度 薪資所得扣繳稅額表: every one of its 10,080 cells reproduces from the rung",TW-TAX-01-1; TW-LI-01-1; TW-TAX-04-1; TW-TAX-05-1,2026-09-30
TW-TAX-02,TW,tax,"Separate bonus/nonmonthly salary withholding, whole-dollar truncation and NT$2,000 no-withholding boundary","Withholding Rate Standards arts. 2, 3, 13 (https://law-out.mof.gov.tw/LawContent.aspx?id=FL005962); payment class and residency",https://law-out.mof.gov.tw/LawContent.aspx?id=FL005962,2026-09-28,,,VERIFIED,,statutory_contributions:INCOME_TAX_BONUS; statutory_contributions:INCOME_TAX (元 truncation),"Taiwan — resident withholding at the 5% election, and its NT$2,000 exemption",TW-TAX-02-1; TW-NHI-02-1; TW-PEN-12-1,2026-09-30
TW-TAX-03,TW,tax,"Compute income-tax-exempt/half-taxable/full-taxable retirement bands on the year's values. 114年度 (2025 payments): lump sum exempt ≤NT$198,000 × years, half-taxable ≤NT$398,000 × years, installment exemption NT$859,000 (unchanged: CPI rise since the 113年度 adjustment below the 3% trigger). 115年度 (2026 payments): NT$206,000 / NT$414,000 / NT$894,000 after a 4.13% CPI rise. 116年度 notice due November 2026","Income Tax Act art. 14(1)(9) (https://law.moj.gov.tw/LawClass/LawSingle.aspx?pcode=G0340003&flno=14), MOF announcements of 27 November 2025 for 115年度 (https://www.dot.gov.tw/singlehtml/ch26?cntId=cf5db69f558d42409aa56c70838e8802) and 28 November 2024 for 114年度 (no adjustment); severance/retirement income, payment year and completed service years",https://law.moj.gov.tw/LawClass/LawSingle.aspx?pcode=G0340003&flno=14,2026-09-28,,,PARTIAL,"Proven by probe: 115年度 exempt band (TW-EXIT-02-1, TW-EXIT-06-1), half-taxable band (TW-TAX-03-1) and the wholly taxable part above 414,000 × years (TW-TAX-03-2, added 2026-09-30), withheld 6% of the 所得額. Unproven by probe: 114年度 amounts on a December 2025 payment (needs the 2025 tables), and the installment-pension exemption (NT$894,000). [R9 2026-09-30] New probes, pending the probe run: 114年度 amounts 198,000 / 398,000 on a December 2025 payment (TW-TAX-03-3).",statutory_contributions:SEVERANCE_TAX (assessed_on SEVERANCE_PAY + RETIREMENT_PAY),Taiwan — 資遣費 is 退職所得: 6% resident / 18% non-resident on the excess over the 定額免稅,TW-TAX-03-1; TW-TAX-03-2; TW-EXIT-02-1; TW-TAX-03-3,2026-09-29
TW-ADMIN-01,TW,filing,Send insurer declarations and remit monthly premiums/levies by each authority's date,"LI Act arts. 16–17 (https://law.moj.gov.tw/LawClass/LawSingle.aspx?pcode=N0050001&flno=16), EI Act art. 40 (https://law.moj.gov.tw/LawClass/LawSingle.aspx?pcode=N0050021&flno=40), NHI Act arts. 30–35 (https://law.moj.gov.tw/LawClass/LawAll.aspx?pcode=L0060001)",https://law.moj.gov.tw/LawClass/LawSingle.aspx?pcode=N0050001&flno=16,2026-09-28,,,EXTERNAL,"Present: Seed has obligations, engine amounts and some warnings; receipts, actual submissions and due-date output open. Former disposition: No [EXTERNAL 2026-09-29]. Open: No insurer submission, remittance receipt or due-date output.",obligations:INSURANCE_PREMIUM_REMITTANCE; obligations:NHI_PREMIUM_REMITTANCE; obligations:INSURED_SALARY_ADJUSTMENT,,,
TW-ADMIN-02,TW,filing,Remit withheld tax by resident/nonresident deadline; file annual income statements,"Income Tax Act arts. 89, 92 (https://law.moj.gov.tw/LawClass/LawAll.aspx?pcode=G0340003)",https://law.moj.gov.tw/LawClass/LawAll.aspx?pcode=G0340003,2026-09-28,,,EXTERNAL,Present: Seed obligations; payment/filing artifact and reconciliation open. Former disposition: No [EXTERNAL 2026-09-29]. Open: No tax payment/statement filing receipt and reconciliation.,obligations:WITHHOLDING_TAX_REMITTANCE; obligations:ANNUAL_WITHHOLDING_STATEMENTS,,,
TW-ADMIN-03,TW,filing,Report ordinary and mass layoffs on distinct thresholds/deadlines,"Employment Service Act art. 33 (https://law.moj.gov.tw/LawClass/LawSingle.aspx?pcode=N0090001&flno=33), Mass Layoff Act arts. 2, 4 (https://law.moj.gov.tw/LawClass/LawAll.aspx?pcode=N0020012)",https://law.moj.gov.tw/LawClass/LawSingle.aspx?pcode=N0090001&flno=33,2026-09-28,,,EXTERNAL,"Present: External obligations in seed; actual decision/filing path open. Former disposition: No [EXTERNAL 2026-09-29]. Open: No layoff-threshold decision and filing receipt. | Instrument register — Employment Service Act, Mass Layoff Act and foreign-worker rules: Employment Service Act (https://law.moj.gov.tw/LawClass/LawAll.aspx?pcode=N0090001), Mass Layoff Act (https://law.moj.gov.tw/LawClass/LawAll.aspx?pcode=N0020012). Reconciliation: Layoff reports, stabilization fee and work-authorization evidence are external but remain in scope.",obligations:LAYOFF_REPORT; obligations:MASS_LAYOFF_PLAN,,,
TW-ADMIN-04,TW,filing,File work rules where threshold reached; hold labour-management meeting when required,"LSA arts. 70, 83 (https://law.moj.gov.tw/LawClass/LawAll.aspx?pcode=N0030001)",https://law.moj.gov.tw/LawClass/LawAll.aspx?pcode=N0030001,2026-09-28,,,EXTERNAL,Present: External obligations in seed; headcount/time evidence open. Former disposition: No [EXTERNAL 2026-09-29]. Open: No headcount-based work-rules filing or meeting evidence.,obligations:WORK_RULES_FILING; obligations:LABOUR_MANAGEMENT_CONFERENCE,,,
TW-ADMIN-05,TW,filing,Maintain work authorisation and pay qualifying foreign-worker employment-stabilisation fee,"Employment Service Act arts. 43, 55, 57 (https://law.moj.gov.tw/LawClass/LawAll.aspx?pcode=N0090001)",https://law.moj.gov.tw/LawClass/LawAll.aspx?pcode=N0090001,2026-09-28,,,EXTERNAL,Present: External obligations; worker class/fee notices and evidence open. Former disposition: No [EXTERNAL 2026-09-29]. Open: No work-authorisation evidence or calculated fee.,obligations:WORK_AUTHORISATION_EMPLOYMENT_RECORDS; obligations:FOREIGN_WORKER_EMPLOYMENT_STABILISATION_FEE,,,
TW-HIRE-01,TW,other,"Select lawful fixed vs indefinite contract and continuous-service date; create worker card, retain it five years after exit","LSA arts. 2(6), 7, 9–10 (https://law.moj.gov.tw/LawClass/LawAll.aspx?pcode=N0030001); actual subordinate employment, fixed-term legal category, renewals/gaps and earlier service",https://law.moj.gov.tw/LawClass/LawAll.aspx?pcode=N0030001,2026-09-28,,,GAP,"Present: Contract and hire dates exist. Fixed-term categories per Rules art. 6 (https://law.moj.gov.tw/LawClass/LawAll.aspx?pcode=N0030002): temporary ≤6 months, short-term expected to finish within 6 months, seasonal ≤9 months, specific work >1 year reported for approval. LSA art. 9(2) (https://law.moj.gov.tw/LawClass/LawSingle.aspx?pcode=N0030001&flno=9) deems a contract indefinite on continued work without prompt objection, or renewals totalling >90 days with gaps ≤30 days (specific and seasonal work excepted). No date-arithmetic branch; category, conversion and personnel-card retention/retrieval are unproved. Former disposition: No [IN-SYSTEM 2026-09-29]. Open: Fixed-term validity and worker-card retention are unproved.",obligations:EMPLOYMENT_CONTRACT_TERMS,,,
TW-HIRE-02,TW,other,Only enforce qualifying non-compete with reasonable compensation and bounded duration; transfers meet statutory conditions,"LSA arts. 9-1, 10-1 (https://law.moj.gov.tw/LawClass/LawAll.aspx?pcode=N0030001); post-employment restraint and transfer decision",https://law.moj.gov.tw/LawClass/LawAll.aspx?pcode=N0030001,2026-09-28,,,GAP,"Present: No approval, compensation, transfer-reason or decision/notice mechanism demonstrated. Former disposition: No [IN-SYSTEM 2026-09-29]. Open: No non-compete/transfer decision or compensation path.",none (no non-compete/transfer decision),,,
TW-HIRE-03,TW,other,Prevent prohibited employment discrimination; record a lawful hiring decision and remediation,Employment Service Act art. 5 (https://law.moj.gov.tw/LawClass/LawAll.aspx?pcode=N0090001); applicant/worker protected characteristics and recruitment process,https://law.moj.gov.tw/LawClass/LawAll.aspx?pcode=N0090001,2026-09-28,,,EXTERNAL,"Present: Workforce status field cannot show recruitment decision, reason or complaint investigation. Former disposition: No [EXTERNAL 2026-09-29]. Open: No protected hiring decision or complaint evidence.",none (recruitment decision outside the product),,,
TW-HIRE-04,TW,minimum_wage,An employed student receives applicable wage floor; only an evidenced non-employment placement can be excluded,"MOL working-student guidance (https://www.mol.gov.tw/1607/1632/1633/96453/), LSA arts. 2–3 (https://law.moj.gov.tw/LawClass/LawAll.aspx?pcode=N0030001); intern/student's actual contract and supervision",https://www.mol.gov.tw/1607/1632/1633/96453/,2026-09-29,,,PARTIAL,Proven by probe: an employed student intern is owed the minimum wage (TW-HIRE-04-1). Unproven by probe: the exclusion of an evidenced non-employment placement.,work_rules.wages.applies_when (no INTERN exclusion),Taiwan ${period} — an employed intern is paid the monthly minimum,TW-HIRE-04-1,2026-09-29
TW-OSH-01,TW,other,"Provide risk controls, management staff/plan, training, work rules and required inspections","OSH Act arts. 4–6, 23, 32, 34 (https://laws.mol.gov.tw/FLAW/FLAWDAT0201.aspx?id=FL015013); sector, establishment size, hazards, shifts and contractor interface",https://laws.mol.gov.tw/FLAW/FLAWDAT0201.aspx?id=FL015013,2026-09-28,,,EXTERNAL,"Present: No establishment hazard/size assessment, safety plan, training records or inspection filing path evidenced. Reconcile pre- and post-2025 amendment text. Former disposition: No [EXTERNAL 2026-09-29]. Open: No hazard/size profile, plan, training or inspection evidence.",none,,,
TW-OSH-02,TW,filing,Investigate and record each occupational accident; notify labour inspection within eight hours for covered serious events; designated units submit monthly statistics,"OSH Act arts. 36–38 (https://laws.mol.gov.tw/FLAW/FLAWDAT0201.aspx?id=FL015013); incident time, deaths, casualties, hospitalisation and designated industry",https://laws.mol.gov.tw/FLAW/FLAWDAT0201.aspx?id=FL015013,2026-09-28,,,EXTERNAL,"Present: Leave/occupational-premium records do not create the accident investigation, eight-hour report, monthly report or receipt. Former disposition: No [EXTERNAL 2026-09-29]. Open: No accident investigation, eight-hour or monthly report mechanism.",none,,,
TW-OSH-03,TW,other,"Apply effective workplace-violence/bullying prevention, impartial investigation, protection and anti-retaliation, including required filing from 1 July 2026","OSH Act arts. 22-1–22-3, 39 (https://laws.mol.gov.tw/FLAW/FLAWDAT0201.aspx?id=FL015013) and Executive Yuan order (https://gazette.nat.gov.tw/egFront/eguploadpubWrapper?file=%2FEG_FileManager%2Feguploadpub%2Feg032105%2Fch01%2Ftype1%2Fgov01%2Fnum2%2FEg.htm&metaid=166185); complaint, employer size, person complained of and the Executive Yuan commencement order effective 1 July 2026",https://laws.mol.gov.tw/FLAW/FLAWDAT0201.aspx?id=FL015013,2026-09-28,2026-07-01,,EXTERNAL,"Present: The later 9 June 2026 Executive Yuan order establishes 1 July 2026 commencement despite the stale MOL register; no dated selection, complaint workflow or evidence. Former disposition: No [EXTERNAL 2026-09-29]. Open: Commencement resolved to 1 July 2026; no complaint/response evidence. | Instrument register — Occupational Safety and Health Act and implementing rules: MOL official Act (https://laws.mol.gov.tw/FLAW/FLAWDAT0201.aspx?id=FL015013) omits the later commencement from its displayed status; the Executive Yuan's 9 June 2026 order (https://gazette.nat.gov.tw/egFront/eguploadpubWrapper?file=%2FEG_FileManager%2Feguploadpub%2Feg032105%2Fch01%2Ftype1%2Fgov01%2Fnum2%2FEg.htm&metaid=166185) expressly starts all 19 December 2025 amended articles on 1 July 2026. Bullying prevention standard (https://laws.mol.gov.tw/FLAW/PrintFLAWDAT0201.aspx?id=FL106701) and highest-responsible-person complaint rules (https://laws.mol.gov.tw/FLAW/FLAWDAT0202.aspx?id=FL106702&ldate=20260623) are effective the same date. Enforcement rules (https://gazette.nat.gov.tw/egFront/eguploadpubWrapper?file=%2FEG_FileManager%2Feguploadpub%2Feg032116%2Fch08%2Ftype1%2Fgov82%2Fnum40%2FEg.htm&metaid=166571) amended 26 June, effective 1 July. Reconciliation: 1 July bullying, occupational health, prevention, training, accident reporting and sector/profile branches are operative gaps, not future watches.",none,,,
TW-ADMIN-06,TW,records,Keep the specific statutory records for the applicable term and produce a copy to the worker when required,"LSA art. 7 (https://law.moj.gov.tw/LawClass/LawSingle.aspx?pcode=N0030001&flno=7), arts. 23, 30 (https://law.moj.gov.tw/LawClass/LawAll.aspx?pcode=N0030001); worker card, wages, attendance, requests",https://law.moj.gov.tw/LawClass/LawSingle.aspx?pcode=N0030001&flno=7,2026-09-28,,,EXTERNAL,"Present: General rows and attendance exist, but per-record retention clock, export and disclosure proof are not evidenced. Former disposition: No [EXTERNAL 2026-09-29]. Open: Record-specific retention and disclosure proof missing. | Instrument register — Labor contract and personnel-record duties: LSA arts. 7, 9–10 (https://law.moj.gov.tw/LawClass/LawAll.aspx?pcode=N0030001), including five-year post-exit employee-card retention and fixed-term renewal tests. Reconciliation: Contract type, period, continuity, assignment and record retention need explicit profile/transaction coverage.",obligations:INSURANCE_AND_PENSION_RECORDS; obligations:ATTENDANCE_RECORDS; obligations:EMPLOYMENT_CONTRACT_TERMS,,,
TW-ADMIN-07,TW,other,"Prevent/investigate harassment, protect leave users against adverse treatment, preserve complaint and decision evidence","Gender Equality in Employment Act arts. 13, 21, 27–28 (https://law.moj.gov.tw/LawClass/LawAll.aspx?pcode=N0030014); employer size, harassment complaint, protected leave use",https://law.moj.gov.tw/LawClass/LawAll.aspx?pcode=N0030014,2026-09-28,,,EXTERNAL,"Present: Payroll leave rows cannot prove the HR investigation, anti-retaliation or remedy; employer-size and deadline branches not mapped. Former disposition: No [EXTERNAL 2026-09-29]. Open: No investigation, protection or remedy workflow.",none,,,
TW-ADMIN-08,TW,levy,"Calculate the employer's employment-stabilisation fee, including partial-month amount, then file/pay on time","Employment Service Act art. 55 (https://laws.mol.gov.tw/FLAW/FLAWDOC01.aspx?flno=55&id=FL015128), partial-month rule art. 71 (https://laws.mol.gov.tw/FLAW/PrintFLAWDOC01.aspx?flno=71&id=FL028065); qualifying foreign worker/job category, permit dates, exceptions",https://laws.mol.gov.tw/FLAW/FLAWDOC01.aspx?flno=55&id=FL015128,2026-09-28,,,GAP,"Status: numerical fee scheme missing (GAP); filing/payment itself is external. | Present: Only an external obligation exists; no numerical fee scheme, category decision, waiver or receipt. Tracker R26. Former disposition: No [IN-SYSTEM 2026-09-29]. Open: No fee amount, worker-category or waiver mechanism. | Former tracker R26, foreign-worker fee: Employer employment-stabilisation fee is numerical, not satisfied by an external-payment label. Select covered job/worker category, permit dates and exemption, price partial month under rule art. 71 (https://laws.mol.gov.tw/FLAW/PrintFLAWDOC01.aspx?flno=71&id=FL028065), then retain payment proof. See TW-ADMIN-05/08.",obligations:FOREIGN_WORKER_EMPLOYMENT_STABILISATION_FEE (external label only; no scheme),,,
TW-EXIT-06,TW,severance,"LSA art. 55: two bases a year for the first 15 years, one a year after, 45 at most; a part year under six months counts half, six months or more a whole year; +20% for an art. 54(1)(2) forced retirement for a duty-caused disability; one base is the average wage at approved retirement; paid within 30 days. Causes: art. 53 (15 years at 55, 25 years, 10 years at 60) and art. 54 (65, or disability); art. 84-2 splits pre-Act seniority","LSA arts. 53–55 (https://law.moj.gov.tw/LawClass/LawAll.aspx?pcode=N0030001); old-system eligible worker, service by segment, average wage and retirement cause",https://law.moj.gov.tw/LawClass/LawAll.aspx?pcode=N0030001,2026-09-30,,,PARTIAL,"Proven by probe: an art. 53(3) retirement at 60, two bases for the first 15 years and one after, a part year under six months counting half (TW-EXIT-06-1). Unproven by probe: a part year of six months or more counting whole, the 45-base cap, art. 54 forced retirement and its +20%, the art. 84-2 pre-Act split, and payment within 30 days. [R9 2026-09-30] New probes, pending the probe run: a part year of six months or more counting whole, the 45-base cap and the art. 54(1)(2) duty-caused +20% (TW-EXIT-06-2). [R10 2026-09-30] New probe, pending the probe run: an art. 54(1)(2) forced retirement for a disability not caused by duty, aged 44 with 22 old-system years (no age or service ground of its own), 37 bases with no 20% (TW-EXIT-06-3; §54(1), §55(1)(1)–(2) re-read 2026-09-30). Still unproven: the art. 84-2 pre-Act split and payment within 30 days.",adhoc_catalogue:RETIREMENT_PAY; exit_facts.retirement_disability; exit_facts.retirement_disability_duty_caused; obligations:RETIREMENT_PAYMENT,"Taiwan — 舊制退休金: 45-base cap, half-year rounding and job-caused disability",TW-EXIT-06-1; TW-EXIT-06-2; TW-EXIT-06-3,2026-09-29
TW-LEAVE-07,TW,leave,"Enforce event-based prenatal/paternity windows, child-specific parental balance and 2026 daily use, and breastfeeding minutes","Gender Equality in Employment Act arts. 15–18 (https://law.moj.gov.tw/LawClass/LawAll.aspx?pcode=N0030014), MOL parental/breastfeeding explanation (https://www.mol.gov.tw/1607/28162/28166/28284/48173/33616/); pregnancy/child/event, service, working minutes, overtime",https://law.moj.gov.tw/LawClass/LawAll.aspx?pcode=N0030014,2026-09-28,,,GAP,"Present: Existing leave catalogue grants annual allowances; it lacks required child/event and minute-level limits. Tracker R21. Former disposition: No [IN-SYSTEM 2026-09-29]. Open: Annual grants do not enforce child/event/minute constraints. | Former tracker R21, family and job-search limits: Existing parental catalogue grants 730 days afresh each year, without qualifying child/age/lifetime balance or the 2026 daily-use budget. Prenatal/paternity grants use annual rather than event windows, breastfeeding is whole-day and unlimited rather than minute-limited, and job-search leave lacks the qualifying notice ground and two-day weekly limit. See TW-LEAVE-06/07/08.",leave_catalogue:PRENATAL_CHECKUP_LEAVE; leave_catalogue:PATERNITY_LEAVE; leave_catalogue:PARENTAL_LEAVE; leave_catalogue:BREASTFEEDING_TIME,,,
TW-LEAVE-08,TW,leave,Give eligible worker paid job-search leave of up to two working days each week during qualifying notice,"LSA art. 16(2) (https://law.moj.gov.tw/LawClass/LawSingle.aspx?pcode=N0030001&flno=16); lawful notice ground, notice period and week",https://law.moj.gov.tw/LawClass/LawSingle.aspx?pcode=N0030001&flno=16,2026-09-30,,,PARTIAL,"Proven by probe: two paid job-search days in one week inside the notice period (TW-LEAVE-08-1). Owner rule defaults (law silent): the weekly cap counts over each ISO (Monday–Sunday) week; the notice window excludes the day notice is received (民法 §120(2)). Unproven by probe: a third day in a week, a day outside the notice window, and pay in lieu (no notice) granting no leave. [R9 2026-09-30] New probes, pending the probe run: a third day in a week refused, a day before the notice window refused, and pay in lieu (notice 0) granting no leave (TW-LEAVE-08-2).",leave_catalogue:JOB_SEARCH_LEAVE (entitlement.weekly_days 2); exit_facts.notice_days_given; exit_facts.lsa_termination_ground,Taiwan — §16(2) job-search leave is capped at two working days a week and only inside the notice period,TW-LEAVE-08-1; TW-LEAVE-08-2,2026-09-29
TW-LEAVE-09,TW,leave,Fix the entire event's full/half-pay category from commencement and use statutory pre-birth wage floor through split periods,"MOL maternity wage interpretation (https://www.mol.gov.tw/1607/28162/28166/28256/28266/29100/); birth/miscarriage commencement, service at that date, pre-birth wage and leave blocks",https://www.mol.gov.tw/1607/28162/28166/28256/28266/29100/,2026-09-28,,,GAP,"Present: Current daily service check may cross the six-month threshold inside one leave event; reference wage/history missing. Tracker R06/R08. Former disposition: No [IN-SYSTEM 2026-09-29]. Open: Split event loses maternity reference/service basis. | Former tracker R06, leave units: Continuous maternity cannot be inferred from a workday-only charge count; capture legal calendar/workday unit, event and blocks. Test rest days, holidays, leap year and split maternity blocks under TW-LEAVE-09. Preserve ordinary working-day treatment where the rule requires it. | Former tracker R08, split maternity: The current daily service test can cross six months' service inside a single maternity event. Freeze the event-commencement service and pre-birth normal/average wage reference across payroll splits. See TW-LEAVE-09 and MOL wage interpretation (https://www.mol.gov.tw/1607/28162/28166/28256/28266/29100/).",leave_catalogue:MATERNITY_LEAVE,,,
TW-TAX-04,TW,tax,"Select resident vs nonresident withholding from evidenced tax status, independently of citizenship","Income Tax Act art. 7 (https://law.moj.gov.tw/LawClass/LawSingle.aspx?pcode=G0340003&flno=7); domicile, presence days, treaty/residence evidence and tax year; 臺灣地區與大陸地區人民關係條例 §25 (https://law.moj.gov.tw/LawClass/LawSingle.aspx?pcode=Q0010001&flno=25) for 大陸地區人民 (stay test only: 居留、停留合計滿一百八十三日), with MOF NM11BZY (https://www.etax.nat.gov.tw/etwmain/tax-info/understanding/tax-q-and-a/national/individual-income-tax/withheld-rule/rule/NM11BZY) (updated 115-04-10) and 5w6aOW (https://www.etax.nat.gov.tw/etwmain/tax-info/understanding/tax-q-and-a/national/individual-income-tax/withheld-rule/rule/5w6aOW) (updated 111-05-02)",https://law.moj.gov.tw/LawClass/LawSingle.aspx?pcode=G0340003&flno=7,2026-09-29,,,VERIFIED,,statutory_contributions:INCOME_TAX; statutory_contributions:INCOME_TAX_BONUS; statutory_contributions:INCOME_TAX_NON_RESIDENT; payroll.vocabularies.tax_residency,Taiwan — a non-resident foreign spouse is withheld at 6% or 18% and remains EI-covered,TW-TAX-04-1; TW-TAX-05-1; TW-EI-02-1,2026-09-30
TW-HIRE-05,TW,other,"Apply age-specific hiring, hazard, daily/weekly hour, rest-day and 20:00–06:00 restrictions; hold guardian/age documents","LSA arts. 44–48 (https://law.moj.gov.tw/LawClass/LawAll.aspx?pcode=N0030001); worker age, guardian consent, school/work permit, hazardous work and shift",https://law.moj.gov.tw/LawClass/LawAll.aspx?pcode=N0030001,2026-09-28,,,GAP,"Present: No minor-worker eligibility, roster or consent proof found in the seeded TW profile. Former disposition: No [IN-SYSTEM 2026-09-29]. Open: Age-specific hiring and work-time branches are unproved.",none,,,
TW-HOURS-03,TW,hours,Do not apply the invalid general sex-based bar; enforce the surviving maternity/lactation restriction and relevant safety/work rules,Constitutional Interpretation 807 (https://cons.judicial.gov.tw/en/docdata.aspx?fid=100&id=310988) made LSA art. 49(1)'s general women-only night-work prohibition immediately ineffective; MOL confirms art. 49(5) pregnancy/breastfeeding protection remains (https://www.mol.gov.tw/1607/28690/2282/2284/2294/7262/). Worker pregnancy/breastfeeding and 22:00–06:00 schedule,https://cons.judicial.gov.tw/en/docdata.aspx?fid=100&id=310988,2026-09-28,,,GAP,Present: No dated constitutional-effect and protected-worker night-shift probe demonstrated. Former disposition: No [IN-SYSTEM 2026-09-29]. Open: The sex-neutral ordinary branch and surviving protected branch are not both verified. | Instrument register — Constitutional work-time qualification: Judicial Yuan Interpretation 807 (https://cons.judicial.gov.tw/en/docdata.aspx?fid=100&id=310988) invalidated the general women-only night-work bar; MOL says pregnancy/breastfeeding protection survives (https://www.mol.gov.tw/1607/28690/2282/2284/2294/7262/). Reconciliation: Reconcile statutory text with binding interpretation in every dated shift rule; TW-HOURS-03.,none,,,
TW-HIRE-06,TW,levy,Meet at least 1% quota and one worker minimum; count qualified part-timers/severe workers per art. 38; compute any shortfall payment as missing places × monthly minimum wage under art. 43 (https://law.moj.gov.tw/LawClass/LawSingle.aspx?pcode=D0050046&flno=43),"Disability Rights Protection Act arts. 38, 43 (https://law.moj.gov.tw/LawClass/LawSingle.aspx?pcode=D0050046&flno=38); private employer with at least 67 LI-covered workers on the first of the month, certified disability severity, counted pay, part-time status",https://law.moj.gov.tw/LawClass/LawSingle.aspx?pcode=D0050046&flno=38,2026-09-28,,,GAP,"Present: No monthly LI headcount, qualified-worker classification, quota/shortfall calculator or payment receipt in TW settings. Former disposition: No [IN-SYSTEM 2026-09-29]. Open: A numerical HR statutory payment and its qualification branches are absent. | Instrument register — Disability Rights Protection Act: Arts. 38, 43 (https://law.moj.gov.tw/LawClass/LawAll.aspx?pcode=D0050046): private 67-worker trigger, counted-worker exceptions and shortfall payment. Reconciliation: Monthly first-day LI-covered headcount and worker disability/pay classification are needed; TW-HIRE-06.",none,,,
TW-PEN-04,TW,contribution,Employer/mandate unit must accept and declare start/stop; worker can declare directly on refusal; employer still collects and remits monthly; worker-attributable delinquency is deemed cessation,"Pension Rules art. 21 (https://laws.mol.gov.tw/flaw/FLAWDOC01.aspx?flno=21&id=FL033689), 25 March amendment effective 1 August 2026; covered worker/mandatary voluntary election, start/stop declaration and culpable nonpayment",https://laws.mol.gov.tw/flaw/FLAWDOC01.aspx?flno=21&id=FL033689,2026-09-28,2026-08-01,,GAP,"Present: Existing `LABOR_PENSION` voluntary-rate input calculates some new-system deductions, but no declaration/refusal, direct-declaration, remittance or delinquency-cessation state/probe. Former disposition: No [IN-SYSTEM 2026-09-29]. Open: 1 August declaration and cessation mechanisms are absent.",statutory_contributions:LABOR_PENSION (voluntary rate only),,,
TW-PEN-05,TW,contribution,Collect only the elected employee contribution into a personal new-system account; employer continues old-system reserve and does not acquire a new-system 6% employer duty; declare and remit from election start through stop,"Pension Rules art. 21-2 (https://gazette.nat.gov.tw/egFront/eguploadpubWrapper?file=%2FEG_FileManager%2Feguploadpub%2Feg032128%2Fch08%2Ftype1%2Fgov82%2Fnum47%2FEg.htm&metaid=167036) and BLI implementation (https://www.bli.gov.tw/0110115.html), effective 17 July 2026; _pure old-system_ worker elects employee voluntary contribution up to 6%, with dated start/stop, wage and old-system reserve",https://gazette.nat.gov.tw/egFront/eguploadpubWrapper?file=%2FEG_FileManager%2Feguploadpub%2Feg032128%2Fch08%2Ftype1%2Fgov82%2Fnum47%2FEg.htm&metaid=167036,2026-09-28,2026-07-17,,GAP,"Present: Current `LABOR_PENSION` scheme couples employee voluntary contribution with employer 6% and is disabled for pure old-system workers; old reserve is a different row. No safe seed-only rule for employee-only contribution, concurrent reserve or mid-July start. Former disposition: No [IN-SYSTEM 2026-09-29]. Open: One coupled scheme would charge the wrong employer amount or lose the old-system reserve.",none,,,
TW-PEN-06,TW,severance,"Optional written early settlement of eligible old-system service, calculated under LSA arts. 55/84-2 with settlement-date average wage; retain signed agreement until five years after exit; transfer the entire settlement through Taiwan Bank to the personal account. Continued old-system service remains payable at exit-date average wage; prior and later bases total at most 45 unless a better agreement applies","amended Rules arts. 21-3–21-4 (https://gazette.nat.gov.tw/egFront/eguploadpubWrapper?file=%2FEG_FileManager%2Feguploadpub%2Feg032128%2Fch08%2Ftype1%2Fgov82%2Fnum47%2FEg.htm&metaid=167036) and BLI explanation (https://www.bli.gov.tw/0110115.html), from 17 July 2026; eligible continuing old-system worker already voluntarily contributing, employer agreement, accrued old-system entitlement",https://gazette.nat.gov.tw/egFront/eguploadpubWrapper?file=%2FEG_FileManager%2Feguploadpub%2Feg032128%2Fch08%2Ftype1%2Fgov82%2Fnum47%2FEg.htm&metaid=167036,2026-09-28,2026-07-17,,GAP,"Present: No old-system eligibility, agreed in-service settlement, exact entitlement, bank transfer or subsequent accrual ledger/probe. TW-EXIT-01 remains open. Former disposition: No [IN-SYSTEM 2026-09-29]. Open: Old-system retirement settlement and transfer path do not exist.",none,,,
TW-GENDER-01,TW,other,Route the highest-responsible-person case to the competent authority using registered representation or specified substantive-control facts; employer knowledge does not depend on a formal victim complaint; notify authority at victim's work locality when required,"Gender Equality in Employment Rules arts. 4-2–4-3 (https://laws.mol.gov.tw/FLAW/FLAWDAT0202.aspx?id=FL015150), amended 8 April 2026, art. 15 publication effect; harassment implicates legal representative or person exercising actual control",https://laws.mol.gov.tw/FLAW/FLAWDAT0202.aspx?id=FL015150,2026-09-28,2026-04-08,,EXTERNAL,"Present: TW-ADMIN-07 covers the topic only. No representative/control, complaint-route, authority notice or investigation proof. Former disposition: No [EXTERNAL 2026-09-29]. Open: Amended highest-responsible-person and authority-routing branches are absent.",none,,,
TW-OSH-04,TW,other,"All employers prevent workplace bullying; at 10+ workers disclose complaint channel; at 30+ workers disclose prevention, complaint and discipline rules. Include remote/assigned work and supervised nonemployees in protection as applicable","OSH Act arts. 22-1–22-3 (https://laws.mol.gov.tw/FLAW/FLAWDAT0201.aspx?id=FL015013), Executive Yuan commencement order (https://gazette.nat.gov.tw/egFront/eguploadpubWrapper?file=%2FEG_FileManager%2Feguploadpub%2Feg032105%2Fch01%2Ftype1%2Fgov01%2Fnum2%2FEg.htm&metaid=166185), effective 1 July 2026; workplace and establishment headcount",https://laws.mol.gov.tw/FLAW/FLAWDAT0201.aspx?id=FL015013,2026-09-28,2026-07-01,,EXTERNAL,"Present: No workplace-bullying policy, dated headcount branch, publication or covered-person proof in TW profile. MOL Act page's old “undetermined” status is superseded by the commencement order. Former disposition: No [EXTERNAL 2026-09-29]. Open: Effective 1 July policy and headcount duties were not captured.",none,,,
TW-OSH-05,TW,other,"Take immediate protection/action; investigate fairly and register complaint and outcome on designated site. At 100+, appoint a 3+ member panel within 15 workdays with at least half external experts; report within two months of panel formation, one-month extension if needed. Smaller employers have distinct decision windows","OSH Act art. 22-2 (https://laws.mol.gov.tw/flaw/FLAWDOC01.aspx?flno=22-2&id=FL015013), Prevention Standard arts. 14, 17, 21 (https://laws.mol.gov.tw/FLAW/FLAWDAT0201.aspx?beginpos=3&id=FL106701), effective 1 July 2026; complaint or other knowledge, employer size and case dates",https://laws.mol.gov.tw/flaw/FLAWDOC01.aspx?flno=22-2&id=FL015013,2026-09-28,2026-07-01,,EXTERNAL,"Present: No case intake, protection, conflict screening, panel composition, clock or government registration/receipt. No production probe. Former disposition: No [EXTERNAL 2026-09-29]. Open: Operative investigation, deadline and reporting workflow is absent.",none,,,
TW-OSH-06,TW,other,Allow external local-authority complaint and preserve the distinct investigation/decision route and evidence,"OSH Act art. 22-3 (https://laws.mol.gov.tw/FLAW/FLAWDAT0201.aspx?beginpos=3&id=FL015013), highest-responsible-person complaint rules (https://laws.mol.gov.tw/FLAW/FLAWDAT0202.aspx?id=FL106702&ldate=20260623), effective 1 July 2026; accused is top responsible person",https://laws.mol.gov.tw/FLAW/FLAWDAT0201.aspx?beginpos=3&id=FL015013,2026-09-28,2026-07-01,,EXTERNAL,Present: No actor classification or external referral/decision receipt; TW-GENDER-01 concerns a distinct sexual-harassment regime. Former disposition: No [EXTERNAL 2026-09-29]. Open: Top-responsible-person bullying route is absent.,none,,,
TW-OSH-07,TW,filing,Record occupational injuries and submit monthly accident content/statistics in the authority's format; formerly ordinary threshold was 50,"OSH Act art. 38 (https://laws.mol.gov.tw/FLAW/FLAWDOC01.aspx?flno=38&id=FL015013), Enforcement Rules art. 51 (https://laws.mol.gov.tw/FLAW/FLAWDOC01.aspx?flno=51&id=FL015014), effective 1 July 2026 under Rules art. 56 (https://gazette.nat.gov.tw/egFront/eguploadpubWrapper?file=%2FEG_FileManager%2Feguploadpub%2Feg032116%2Fch08%2Ftype1%2Fgov82%2Fnum40%2FEg.htm&metaid=166571); establishment has 30+ workers or is specially designated",https://laws.mol.gov.tw/FLAW/FLAWDOC01.aspx?flno=38&id=FL015013,2026-09-28,2026-07-01,,EXTERNAL,"Present: No dated 30-worker/designation branch, accident-count record, monthly form or receipt. Former disposition: No [EXTERNAL 2026-09-29]. Open: Changed 30-worker accident-statistics filing threshold and output are absent.",none,,,
TW-OSH-08,TW,other,"At 50+, appoint or contract qualified worker-health service; apply current health-management, examination, risk and record duties. Do not advance the new long-term night-work examination in art. 18 before 1 January 2028","OSH Act art. 22 (https://laws.mol.gov.tw/FLAW/FLAWDOC01.aspx?flno=22&id=FL015013), Worker Health Protection Rules history (https://laws.mol.gov.tw/flaw/FLAWDAT07.aspx?id=FL015034); 1 July 2026 general changes, specified articles delayed to 2027/2028; business size, risk and worker health history",https://laws.mol.gov.tw/FLAW/FLAWDOC01.aspx?flno=22&id=FL015013,2026-09-28,2026-07-01,,EXTERNAL,"Present: No dated worker-health establishment/profile, clinician engagement, exam scheduling and result/record path. Future commencement boundaries have no rule selector. Former disposition: No [EXTERNAL 2026-09-29]. Open: Existing and 2026 health-service duties lack evidence; 2028 night-exam duty needs a dated watch. | Instrument register — Occupational-health subsidiary regulations: Worker Health Protection Rules history (https://laws.mol.gov.tw/flaw/FLAWDAT07.aspx?id=FL015034): 29 articles amended 26 June 2026; most effective 1 July 2026, specified articles/appendices 1 July 2027 or 1 January 2028. OSH training rules (https://laws.mol.gov.tw/FLAW/FLAWDOC01.aspx?flno=35&id=FL015022) changed 25 June, mostly effective 1 July 2026. OSH management rules art. 86 (https://laws.mol.gov.tw/FLAW/FLAWDOC01.aspx?flno=86&id=FL015039) changed 29 June. Reconciliation: Establishment, industry, exposure, age, night-work and training profiles; records and submissions unproved. Separate 2027/2028 provisions from currently operative rules.",none,,,
TW-OSH-09,TW,other,"Assign statutory training before relevant work, use correct 2026 course/qualification category, retain completion evidence","OSH training rules amendment/effective clause (https://laws.mol.gov.tw/FLAW/FLAWDOC01.aspx?flno=35&id=FL015022), amended 25 June 2026, mostly 1 July 2026; safety role and training category, with specified appendices starting 1 January 2027",https://laws.mol.gov.tw/FLAW/FLAWDOC01.aspx?flno=35&id=FL015022,2026-09-28,2026-07-01,,EXTERNAL,"Present: No industry/role training catalogue, prerequisite gate, certificates or dated 2027 appendix branch. Former disposition: No [EXTERNAL 2026-09-29]. Open: Training-class and completion mechanisms are unproved.",none,,,
TW-OSH-10,TW,filing,Appoint qualified safety-management staff at the class/size threshold; 30+ employers register appointments and changes with the labour inspection authority,"OSH Management Rules arts. 3, 86 and history (https://laws.mol.gov.tw/flaw/FLAWDAT07.aspx?id=FL015039), 29 June amendment effective 1 July 2026; industry class, establishment/contractor headcount and changes to safety personnel",https://laws.mol.gov.tw/flaw/FLAWDAT07.aspx?id=FL015039,2026-09-28,2026-07-01,,EXTERNAL,"Present: No class/headcount staffing decision, appointment-change form or registration receipt. Former disposition: No [EXTERNAL 2026-09-29]. Open: Dated staffing and change-report duties are absent.",none,,,
TW-SECTOR-01,TW,wages,"For a covered nonemployee, each order base pay is at least 1.25 × hourly minimum wage × rounded delivery minutes/60, and at least NT$45, with the Rules art. 4 upward decimal rounding; pay at least twice monthly, give order/item/deduction/net statement, keep pay register five years. Employee path follows LSA wage rights plus the Act provisions expressly preserved by art. 1","外送員權益保障及外送平臺管理法 arts. 1(2), 3, 5 (https://law.moj.gov.tw/LawClass/LawAll.aspx?pcode=N0020024), promulgated 21 January 2026, in force six months after; Rules arts. 2–5 (https://laws.mol.gov.tw/FLAW/FLAWDAT0201.aspx?id=FL106719)",https://law.moj.gov.tw/LawClass/LawSingle.aspx?pcode=N0020024&flno=1,2026-09-30,2026-07-21,,NOT-APPLICABLE,"Sourced exclusion (re-verification 2026-09-30): the art. 5 per-order floor, twice-monthly pay and order statement bind a platform operator towards a 外送員 under a 外送服務契約 (art. 3); art. 1(2) sends an employed delivery worker to the 勞動基準法 and related laws, applying only arts. 4(5), 10 and 21–25 of this Act. This product pays employees only, whose wage floor is TW-MW-01/02. The preserved articles (written contract, employer-bought group accident and liability insurance, 8-hour accident notification, training, penalties) are employer duties outside the calculator and belong in EXTERNAL rows if a platform-operator entity is onboarded.",none,,,
TW-ADMIN-09,TW,levy,"Select the table by work date and fee category; compute each worker's monthly/partial-month employer charge and payment deadline. The April revision includes distinct NT$2,000/NT$5,000 domestic-helper household categories, subject to qualifying points; all table classes need independent extraction","WDA final employment-stabilisation fee table (https://www.wda.gov.tw/News_Content.aspx?n=6&s=19028&sms=10294), effective 13 April 2026, replacing the 1 January 2026 table order (https://laws.mol.gov.tw/FLAW/FLAWDOC03.aspx?datatype=etype&ecase=%E5%8B%9E%E5%8B%95%E7%99%BC%E7%AE%A1&ecode=N00000&edate=20251231&eno=1140521150A); foreign-worker category, employer/household qualification, permitted dates and part-month rule art. 71 (https://laws.mol.gov.tw/FLAW/PrintFLAWDOC01.aspx?flno=71&id=FL028065)",https://www.wda.gov.tw/News_Content.aspx?n=6&s=19028&sms=10294,2026-09-28,2026-04-13,,GAP,"Present: TW-ADMIN-08 has only an external obligation. No dated two-table class selector, numerical charge, proration or payment/receipt probe. Former disposition: No [IN-SYSTEM 2026-09-29]. Open: A 2026 midyear numerical employer-fee change is unimplemented. | Instrument register — Foreign-worker fee and eligibility subsidiary orders: MOL/WDA final fee-table order (https://www.wda.gov.tw/News_Content.aspx?n=6&s=19028&sms=10294) changes the foreign-worker employment-stabilisation fee table on 13 April 2026; the previous order (https://laws.mol.gov.tw/FLAW/FLAWDOC03.aspx?datatype=etype&ecase=%E5%8B%9E%E5%8B%95%E7%99%BC%E7%AE%A1&ecode=N00000&edate=20251231&eno=1140521150A) commenced 1 January 2026. MOL employment-service instrument index (https://laws.mol.gov.tw/FLAW/index-1.aspx?fcode=A008) also lists 30 December 2025 and 11 April 2026 foreign-worker permission/transfer-rule changes. Reconciliation: Fee classification, period pricing, worker permit transfer and exception branches not reconciled. TW-ADMIN-08/09.",none,,,
TW-OSH-11,TW,other,"Determine which OSH provisions apply to a partly covered sector before applying safety, bullying, health and reporting duties",OSH Act art. 4 and 1 July 2026 sector-scope notice (https://gazette.nat.gov.tw/EG_FileManager/eguploadpub/eg032119/ch08/type1/gov82/num31/Eg.htm); government/public and other specifically designated business classes,https://gazette.nat.gov.tw/EG_FileManager/eguploadpub/eg032119/ch08/type1/gov82/num31/Eg.htm,2026-09-28,2026-07-01,,EXTERNAL,Present: No effective-dated industry/establishment category with an article-level included/excluded map and proof. Former disposition: No [EXTERNAL 2026-09-29]. Open: Sector-specific OSH coverage notice is not encoded or verified.,none,,,
TW-HIRE-07,TW,other,"Publish the correct dated reasonable wage in the domestic recruitment terms (e.g., 2026 food/feed manufacturing technical NT$38,441 ordinary vs NT$46,130 special shift (https://gazette.nat.gov.tw/EG_FileManager/eguploadpub/eg032001/ch08/type2/gov82/num47/Eg.pdf)), independently of the general statutory minimum wage; preserve the offer/recruitment proof","Employment Service Act art. 47 and MOL 2026 recruitment-wage order (https://laws.mol.gov.tw/FLAW/FLAWDOC03.aspx?cnt=53&datatype=etype&keyword=%E8%96%AA%E8%B3%87&lnabndn=1&mode=007&now=1&recordno=2), effective 1 January 2026; art. 46(1)(11) order (https://laws.mol.gov.tw/FLAW/FLAWDOC03.aspx?cnt=53&datatype=etype&keyword=%E8%96%AA%E8%B3%87&lnabndn=1&mode=007&now=1&recordno=1); employer recruiting domestic workers before specified foreign-worker permits, industry, job, technical grade and 22:00–06:00 production",https://laws.mol.gov.tw/FLAW/FLAWDOC03.aspx?cnt=53&datatype=etype&keyword=%E8%96%AA%E8%B3%87&lnabndn=1&mode=007&now=1&recordno=2,2026-09-28,2026-01-01,,EXTERNAL,"Present: No sector/job/shift table, applicable permit-purpose selector, advertised wage decision or recruitment evidence. Not a general foreign-worker or employee payroll wage floor. Former disposition: No [IN-SYSTEM 2026-09-29]. Open: 2026 industry-specific recruitment benchmark and proof are absent. | Instrument register — Foreign-worker recruitment wage benchmarks: MOL 31 December 2025 interpretation order (https://laws.mol.gov.tw/FLAW/FLAWDOC03.aspx?cnt=53&datatype=etype&keyword=%E8%96%AA%E8%B3%87&lnabndn=1&mode=007&now=1&recordno=2), effective 1 January 2026, publishes separate industry/occupation/shift schedules under Employment Service Act art. 47 for domestic-worker recruitment preceding a foreign-worker application; a separate order (https://laws.mol.gov.tw/FLAW/FLAWDOC03.aspx?cnt=53&datatype=etype&keyword=%E8%96%AA%E8%B3%87&lnabndn=1&mode=007&now=1&recordno=1) covers art. 46(1)(11) jobs. Reconciliation: Recruitment/permit condition, not a blanket minimum wage for every employee. Need industry, job, schedule, technical grade and hiring-stage facts; TW-HIRE-07.",none,,,
TW-ADMIN-10,TW,other,Include non-LSA employees in voting; apply the revised natural-representative rule at ≤3 workers and representative-election procedure; hold regular separate meetings for covered 30+ establishments and keep agenda/consent/minutes and filing proof,"MOL labor-management meeting notes (https://gazette.nat.gov.tw/EG_FileManager/eguploadpub/eg032123/ch08/type2/gov82/num30/Eg.htm), revised effective 7 July 2026; union/worker representative election, establishment size, meeting proposals, approvals and minutes",https://gazette.nat.gov.tw/EG_FileManager/eguploadpub/eg032123/ch08/type2/gov82/num30/Eg.htm,2026-09-28,2026-07-07,,EXTERNAL,"Present: TW-ADMIN-04 is only an external-obligation label; no representative electorate, election, quorum, agenda, resolution expiry or filing/receipt mechanism. Former disposition: No [EXTERNAL 2026-09-29]. Open: Revised 2026 meeting duties have no executable or evidentiary path. | Instrument register — Labor-management meeting guidance: MOL 7 July 2026 order (https://gazette.nat.gov.tw/EG_FileManager/eguploadpub/eg032123/ch08/type2/gov82/num30/Eg.htm) revised the meeting notes effective immediately, including electorate/representation, meeting procedure and decision documentation. Reconciliation: TW-ADMIN-04/10; no meeting election, quorum, agenda, consent or filing record path.",obligations:LABOUR_MANAGEMENT_CONFERENCE,,,
TW-HOURS-04,TW,rest_holiday,"Give paid rest on the 16 general annual holidays when an agreed working day is affected, including the newly added lunar New Year eve-eve, Teachers Day, 25 October and Constitution Day. With individual worker agreement, a specified holiday may swap with a specified workday without reducing total days; work on the resulting holiday earns the applicable holiday premium","LSA arts. 37, 39 (https://laws.mol.gov.tw/flaw/FLAWDOC01.aspx?flno=37&id=FL014930), 2025 holiday Act promulgation (https://www.president.gov.tw/Page/294/49867) and MOL 2026 calendar explanation (https://www.mol.gov.tw/1607/28162/28166/28218/28226/81488/); from 1 December 2025 onward; worker schedule, full/part-time status, lunar date, holiday class and actual work",https://law.moj.gov.tw/LawClass/LawAll.aspx?pcode=D0020095,2026-09-30,,,GAP,"Present: TW-HOURS-02 proves selected overtime bands only. No dated statutory holiday calendar, lunar mapping, per-worker swap agreement or part-time schedule collision proof. Former disposition: No [IN-SYSTEM 2026-09-29]. Open: Holiday identity and individual schedule/swap inputs are absent, so day-type pricing cannot be certified. | Instrument register — Memorial Days and Holidays Act, annual Indigenous festival notices: Presidential promulgation (https://www.president.gov.tw/Page/294/49867) on 28 May 2025, MOL operative 2026 guidance (https://www.mol.gov.tw/1607/28162/28166/28218/28226/81488/) and Indigenous Peoples Council annual/revised notices (https://www.cip.gov.tw/zh-tw/news/data-list/F898AF3809E5CD9E/index.html?cumid=F898AF3809E5CD9E). LSA arts. 37, 39 and Rules art. 23-1 attach paid-rest, holiday-work and substitute-day effects. Reconciliation: Date-specific 16 general holidays, lunar dates, Indigenous three-day election, annual festival window, part-time schedule, rest-day collision, swapped date and election/voting-day conditions remain open. TW-HOURS-04–06. [R10 2026-09-30] The holiday identity is the entity's published jurisdiction_holidays row (generic collection; not seed). New probe, pending the probe run: 教師節 Monday 28 September 2026 (紀念日及節日實施條例 §6, 公布 114-05-28, re-read 2026-09-30) — the resting worker keeps the whole month, the worker who works it with consent is paid a further day, 1,800 (勞動基準法 §37(1), §39) (TW-HOURS-04-1). Still open: the lunar-date days' annual Gregorian mapping, the per-worker swap agreement, and a part-timer's scheduled-day collision.","jurisdiction_holidays (entity rows, PUBLIC_HOLIDAY); work_rules.bands (§39 holiday work)",,TW-HOURS-04-1,
TW-HOURS-05,TW,rest_holiday,"Allow three paid festival holidays, chosen consecutively or separately in the worker's eligible tribal festival window; apply holiday work and substitute-day treatment. Select the notice version for the claimed date, including 2026 revisions and cross-year windows","Holiday Act arts. 5–6 (https://www.president.gov.tw/Page/294/49867), MOL Indigenous holiday guidance (https://www.mol.gov.tw/1607/28162/28166/28218/28226/81488/) and Indigenous Peoples Council 2025/2026 annual and revised festival notices (https://www.cip.gov.tw/zh-tw/news/data-list/F898AF3809E5CD9E/index.html?cumid=F898AF3809E5CD9E); Indigenous worker's own/parent/spouse tribe and evidenced identity, selected days and annual published window",https://www.president.gov.tw/Page/294/49867,2026-09-28,,,GAP,"Present: No tribal eligibility/kinship, three-day annual ledger, published festival-window version, chosen dates, substitute day or premium probe. Former disposition: No [IN-SYSTEM 2026-09-29]. Open: Worker-specific three-day festival entitlement and annual dated notice are unimplemented.",none,,,
TW-HOURS-06,TW,rest_holiday,"Substitute an ordinary statutory holiday that overlaps a statutory rest/regular rest day on a mutually agreed working date; preserve the substituted day's holiday character. Voting days grant eligible workers an entire 00:00–24:00 paid day only when otherwise working, with no substitute if already off; consensual work must not obstruct voting and attracts the proper day-type premium","LSA Rules art. 23-1 (https://laws.mol.gov.tw/FLAW/FLAWDOC01.aspx?flno=23-1&id=FL014931), MOL holiday/election guidance (https://www.mol.gov.tw/1607/28162/28166/28218/28226/81488/); from 1 December 2025 onward; legal rest/regular rest schedule, election/civic-referendum notice, voting right and work",https://law.moj.gov.tw/LawClass/LawAll.aspx?pcode=D0020095,2026-09-30,,,GAP,"Present: No rest-day collision/substitution ledger, voting-right/notice input or election-day exception probe; TW-HOURS-02's generic holiday band is insufficient. Former disposition: No [IN-SYSTEM 2026-09-29]. Open: Ordinary-holiday and voting-day collision rules diverge and are not selected or evidenced. [R10 2026-09-30] New probe, pending the probe run: 臺灣光復暨金門古寧頭大捷紀念日 on Sunday 25 October 2026 (例假) carried to Monday 26 October under `holiday_rest_precedence` SUBSTITUTE, so work that Monday is paid a further day (紀念日及節日實施條例 §4(5), §8 逢例假日者應予補假, re-read 2026-09-30) (TW-HOURS-06-1). Recorded default (law silent on the date): the next working day unless the entity publishes another agreed SUBSTITUTE row. Still open: the voting-day paid-day branch and its election-day exception.",work_rules.holiday_rest_precedence (SUBSTITUTE); jurisdiction_holidays (SUBSTITUTE rows); leave_catalogue:PUBLIC_HOLIDAY_IN_LIEU,,TW-HOURS-06-1,
TW-LEAVE-10,TW,leave,"Receive application with statutory details by an agreed written/electronic/message channel. Periods ≥30 days require 10 days' advance notice; periods <30 days require 5 days, shortened to 1 day for a child's illness/childcare or school closure needing personal care, with an agent allowed for sudden events. Enforce the separate ≤30-day aggregate for short daily episodes and two-use limit for 30-day-to-six-month episodes; arrange contact about work training and agreed return-date changes","Parental Leave Implementation Rules arts. 2, 4, 8–9 (https://laws.mol.gov.tw/flaw/FLAWDAT0202.aspx?id=FL015153&ldate=20251121), amended 21 November 2025, effective 1 January 2026; worker/child birth date, application length, reason, pre-agreed submission medium, social-insurance election and prior use",https://laws.mol.gov.tw/flaw/FLAWDAT0202.aspx?id=FL015153&ldate=20251121,2026-09-28,2026-01-01,,GAP,"Present: TW-LEAVE-06 has generic `PARENTAL_LEAVE` and unresolved daily balance. No event-length classification, reason/notice clock, medium/content record, social-insurance election, two-use counter, contact or return evidence. Former disposition: No [IN-SYSTEM 2026-09-29]. Open: The operative 2026 application, notice and employer follow-up branches are absent. | Instrument register — Parental-leave implementation rules: Rules art. 2 (https://laws.mol.gov.tw/FLAW/FLAWDOC01.aspx?flno=2&id=FL015153) amended 21 November 2025, operative 1 January 2026 under art. 9 (https://laws.mol.gov.tw/flaw/FLAWDAT0202.aspx?id=FL015153&ldate=20251121). It sets application medium/content, 30-day and six-month periods, notice clocks and urgent-care exceptions. Reconciliation: Child/event-specific day balance, agreed application medium, evidence, notices, early/late return and service/premium effects remain open. TW-LEAVE-06/10.",leave_catalogue:PARENTAL_LEAVE,,,
TW-HIRE-08,TW,levy,"If a government procurement winner has more than 100 domestic workers, employ Indigenous workers at at least 1%, discarding fractional required people under Rules art. 4. Compute any missing places × applicable monthly minimum wage, with partial-month performance days priced at monthly floor ÷30, split across the 1 January 2026 NT$28,590→NT$29,500 change; retain assessment/payment evidence and review any applicable statutory adjustment route","Indigenous Peoples Employment Rights Protection Act arts. 12, 24 (https://law.cip.gov.tw/LawContent.aspx?id=FL002069&media=print), Rules arts. 4, 10, 13 (https://law.cip.gov.tw/LawContent.aspx?id=FL019333&media=print) and Council 2026 computation FAQ (https://www.cip.gov.tw/zh-tw/news/data-list/E7960D2DA7621AC4/2276C0E026A831374A6132BDBE634160-info.html); government procurement award, contract-performance days, first-of-month LI insured domestic headcount and verified Indigenous workers",https://law.cip.gov.tw/LawContent.aspx?id=FL002069&media=print,2026-09-28,,,GAP,"Present: No procurement-award/contract-period selector, first-day LI and Indigenous identity count, quota, period split, liability/receipt or adjustment case in TW profile. This is separate from TW-HIRE-06's disability quota. Former disposition: No [IN-SYSTEM 2026-09-29]. Open: A conditional numerical employer charge can arise during public-contract performance and has no mechanism or proof. | Instrument register — Indigenous Peoples Employment Rights Protection Act: Council Act arts. 12, 24 (https://law.cip.gov.tw/LawContent.aspx?id=FL002069&media=print) and Rules arts. 4, 10, 13 (https://law.cip.gov.tw/LawContent.aspx?id=FL019333&media=print) impose a distinct 1% Indigenous hiring/shortfall charge on government-procurement winners with over 100 domestic workers during contract performance. The Council's 2026 amount FAQ (https://www.cip.gov.tw/zh-tw/news/data-list/E7960D2DA7621AC4/2276C0E026A831374A6132BDBE634160-info.html) applies the 1 January 2026 monthly minimum wage to shortfall days. Reconciliation: Government-contract/profile evidence, first-of-month LI headcount, verified Indigenous identity, monthly quota, partial-month and adjustment/receipt branches are open. TW-HIRE-08.",none,,,
TW-LI-04,TW,contribution,"Use the new LI/EI and occupational-insurance published grades and premium-share tables. BLI lifts NT$28,590 full-time LI/EI and NT$28,800 classes to NT$29,500, but NT$28,590 part-time and specified sheltered/trainee/union classes are not all automatically lifted in LI/EI; occupational insurance lifts both old grades for all. Reconcile BLI's January adjusted-person list and report genuine pay/grade changes under the ordinary declaration clock","BLI 2026 grade-change and proactive-adjustment notice (https://www.bli.gov.tw/EN/0016423.html), effective 1 January 2026; worker's December 2025 grade, full/part-time/sheltered/trainee/union-low-income class, insurer identity and actual wage",https://www.bli.gov.tw/EN/0016423.html,2026-09-29,2026-01-01,,PARTIAL,"Proven by probe: full-time grades lifted to 29,500 (TW-MW-01-1, TW-PEN-07-1) while a part-timer stays on 28,590 in LI/EI and OCC lifts to 29,500 (TW-LI-04-1). Unproven: the sheltered/trainee/union class grades and the reconciliation of BLI’s January adjusted-person list and later declarations (external filings). [R9 2026-09-30] New probes, pending the probe run: the 114年 LI/EI grades 28,590 and 30,300 in December 2025, beside the 115年 29,500 floor.",statutory_contributions:LI|EI|OCC_INJURY (insured_amount election menus),"Taiwan — the 民國114年 second grade, 28,800, that the 115年 tables drop",TW-LI-04-1; TW-MW-01-1; TW-PEN-07-1; TW-MW-01-2,2026-09-29
TW-PEN-07,TW,contribution,"Replace pension grade 25 NT$28,800 with NT$29,500; BLI proactively adjusts eligible contribution wages at old NT$28,590/NT$28,800 levels by class, with class-specific exceptions. Apply the employer/worker contribution rates to the BLI-confirmed grade and reconcile the January adjustment notice against payroll; separately declare actual wage changes","BLI 2026 pension grade notice (https://www.bli.gov.tw/EN/0016423.html), effective 1 January 2026; worker's December contribution grade, actual wage and full/part-time/low-income/sheltered/trainee class",https://www.bli.gov.tw/EN/0016423.html,2026-09-28,2026-01-01,,PARTIAL,"Proven by probe: pension grade 25 at 29,500 (TW-PEN-07-1, TW-MW-01-1) and the part-time 28,590 grade kept (TW-LI-04-1). Unproven: reconciling BLI’s January adjustment notice and declaring actual wage changes (external filings).",statutory_contributions:LABOR_PENSION (insured_amount election menu),"Taiwan — the second review: 災保 has no grade under the basic wage, the 勞退 table reaches down to 1,500, 28,590 is a 115年 part-time grade, and a bonus is withheld on only from the 起扣點",TW-PEN-07-1; TW-MW-01-1; TW-LI-04-1,2026-09-29
TW-NHI-03,TW,contribution,"Use the 2025 59-grade table (NT$28,590–313,000) through December and 2026 58-grade table (NT$29,500–313,000) from January. Map actual wage and class independently for each effective month, rather than carrying the ordinal grade across the removed lower tier. Price ordinary premium at 5.17% with the worker/dependant count and employer 0.56 average-dependant factor, using the published payer/grade amount table and rounding","NHIA 2025 insured-grade table (https://www.nhi.gov.tw/ch/cp-17661-84c1f-2569-1.html), 2026 insured-grade table (https://www.nhi.gov.tw/ch/cp-19421-f9533-2569-1.html) and 2026 employed-worker premium table (https://www.nhi.gov.tw/ch/cp-19418-9eefb-2576-1.html); worker actual salary, insurer-accepted grade, NHI enrolment/dependants and payer category; 2025 December vs 1 January 2026",https://www.nhi.gov.tw/ch/cp-17661-84c1f-2569-1.html,2026-09-28,,,PARTIAL,"Proven by probe: the 2026 58-grade table cells and the 40,100/40,101 seam (TW-NHI-03-1) with the 0.56 employer factor. Unproven by probe: the 2025 59-grade table through December 2025, and mapping across the January 2026 change without carrying the ordinal grade. [R9 2026-09-30] New probes, pending the probe run: the 2025 59-grade table in December 2025 at 28,590, 30,300 (a 29,500 wage, which maps to 29,500 in 2026, TW-MW-01-1) and 313,000.",statutory_contributions:NHI (insured_amount election menu),Taiwan — an obsolete NHI grade cannot charge a currently insured worker,TW-NHI-03-1; TW-MW-01-2; TW-TAX-03-3,2026-09-29
TW-TAX-05,TW,tax,"For a resident choosing the table, aggregate all regular salary installments in the month, then use the exact 2026 table cell; no-spouse/no-dependant start is NT$90,501. Resident nonmonthly salary/part-time payments have a separate 5% path subject to the stated single-payment threshold. Nonresident full-month salary is 6% at or below NT$44,250 and 18% above; check the separate government-overseas and daily temporary-worker branches before applying generic salary withholding","MOF 2026 salary-withholding table (https://www.dot.gov.tw/singlehtml/ch_313?cntId=3783c45ec28543838fe285d06d00f3b8), MOF withholding guidance (https://www.etax.nat.gov.tw/etwmain/tax-info/understanding/tax-q-and-a/national/individual-income-tax/withheld-rule/rule/NM11BZY); payment in 2026, tax residence, spouse/dependant declaration, same-month installments, bonus/part-time classification and full-month salary",https://www.dot.gov.tw/singlehtml/ch_313?cntId=3783c45ec28543838fe285d06d00f3b8,2026-09-30,2026-01-01,2026-12-31,PARTIAL,"Proven by probe: exact 2026 table cells (TW-TAX-01-1), the nonmonthly 5% path and the 90,501 single-payment threshold (TW-TAX-02-1), and the nonresident 6%/18% seam at 44,250 (TW-TAX-05-1). Unproven by probe: aggregating several regular salary instalments in a month before the table, and the government-overseas and daily temporary-worker branches. [R9b 2026-09-30] New probe, pending the probe run: the table on the month’s whole regular salary — 90,100 base + the 500 meal-allowance excess = 90,600 → 2,020 (TW-TAX-05-2; MOF NM11BZY 全月給付總額). Government-overseas and daily temporary-worker branches remain unproven.",statutory_contributions:INCOME_TAX; statutory_contributions:INCOME_TAX_NON_RESIDENT,TW audit — non-resident 6% / 18% boundary in 2025 and 2026,TW-TAX-05-1; TW-TAX-01-1; TW-TAX-02-1; TW-TAX-05-2,2026-09-29
TW-ADMIN-11,TW,levy,"Employer pays Wage Arrears Payment Fund contribution 0.025% × sum of covered workers' LI insured-salary bases, using a 30-day month for partial service and rounding the unit total to NT$1, never rounding each worker's fee first. BLI's example: aggregate NT$140,970 → NT$35. Include LI/EI-only and occupational-insurance-only covered workers where BLI requires; file class-specific contribution/exemption declaration at enrolment/status change and retain BLI bill/payment receipt","LSA art. 28 and BLI collection guidance (https://www.bli.gov.tw/0007337.html), BLI calculation/rounding FAQ (https://www.bli.gov.tw/0110180.html) and worker-class exemption declaration (https://www.bli.gov.tw/0016314.html); operative throughout 1 December 2025–26 September 2026; LSA applicability, employer/worker class, LI-equivalent salary grade and chargeable days",https://www.bli.gov.tw/0007337.html,2026-09-30,,,PARTIAL,"Correction (conversion 2026-09-29): the former “Present” text that follows is stale — `WAGE_ARREARS_BASE` and company-scope `WAGE_ARREARS_FUND` are seeded and the BLI five-worker example (140,970 → 35, unit-level rounding) passes as a golden. Open: genuine non-LSA worker exclusion evidence; BLI bill/receipt is external. | Present: No dedicated TW employer-level arrears-fund calculation, unit-level aggregate/rounding, covered/exempt-worker input or BLI remittance/receipt probe. TW-ADMIN-01's insurance remittance is not this separate fund. Former disposition: No [IN-SYSTEM 2026-09-29]. Open: An operative numerical employer levy and its reporting/payment workflow were omitted. | Instrument register — Wage Arrears Payment Fund, LSA art. 28 and collection rules: BLI employer guidance (https://www.bli.gov.tw/0007337.html), updated 22 December 2025, and BLI numerical FAQ (https://www.bli.gov.tw/0110180.html), updated 20 August 2026, confirm the long-standing 0.025% employer charge on the aggregate LI insured-salary base of LSA-covered workers, with eligibility exceptions and 30-day partial-month basis. Reconciliation: Previously omitted employer payment, worker-level coverage/exemption declaration and BLI bill/receipt. TW-ADMIN-11. | Nonregistration (WAGE_ARREARS_BASE, live 2025-12 and 2026 versions, unregistered_action=ASSESS): Active or wholly unregistered months refuse; a prior registered exit interval remains in the company aggregate. The fund applies to LSA-covered wages and an LI-equivalent grade even for some OCC-only workers (BLI unit rule (https://www.bli.gov.tw/0007337.html), worked example (https://www.bli.gov.tw/0110180.html)). Evidence still missing: Dated LSA sector/worker scope and BLI accepted LI-equivalent grade for a worker not enrolled in LI. A genuine non-LSA worker cannot yet submit sufficient exclusion evidence for a zero. 2026-09-30 (F04): the probe harness now uploads fixture files, asserts refusals, run warnings and company-scope charges; company line WAGE_ARREARS_FUND pinned: 45,800 × 0.025% = 11 (TW-NHI-02-1) and 36,300 × 0.025% = 9 (TW-WAGE-06-1), BLI 0110180 rounding 角以下四捨五入; pending the probe run. [R8 2026-09-30] Probe run: company lines WAGE_ARREARS_FUND 11 (TW-NHI-02-1) and 9 (TW-WAGE-06-1) pass. Uncovered: the dated LSA sector/worker scope, the LI-equivalent grade for an OCC-only worker, exclusion evidence for a non-LSA worker, the 30-day partial-service month and the declaration/receipt records. [R9b 2026-09-30] New probe, pending the probe run: the 30-day partial-service month summed before rounding — 42,000 + 45,800 × 15/30 = 64,900 × 0.025% = 16.225 → 16, not 11 + 6 per worker (TW-ADMIN-11-1; BLI 0110180 re-read 2026-09-30). Sector scope, OCC-only LI-equivalent grade, non-LSA exclusion evidence and receipts remain open.",statutory_contributions:WAGE_ARREARS_BASE; statutory_contributions:WAGE_ARREARS_FUND,"TW wage arrears fund matches BLI’s five-worker example, including part-time workers and a joiner",TW-NHI-02-1; TW-WAGE-06-1; TW-ADMIN-11-1,
TW-NHI-04,TW,contribution,"On first daily episode for the same employer and child, continued NHI cover remains at the prior grade and MOL bears the employer's whole first month's ordinary premium even if leave is one day or begins on month end; for an episode crossing months, only its first month is subsidised. NHIA bills/credits the employer without a separate refund application. In that month the worker's grade is excluded from the employer supplementary-premium grade total. First-episode worker share is billed by NHIA with a possible three-year deferral; later episode share is remitted through the employer. If transferred out, preserve the transfer-time grade for any bonus supplementary premium","Gender Equality in Employment Act art. 16(2) (https://law.moj.gov.tw/LawClass/LawSingle.aspx?pcode=N0030014&flno=16) and NHIA 2026 daily parental-leave guidance Q1–9 (https://www.nhi.gov.tw/ch/dl-94338-ff679fe37b5a4cc89762484036af9bb9-1.pdf); from 1 January 2026; employer and child identity, first/later daily episode, event start/end month, continuing coverage vs transfer, bonus and insured grade",https://law.moj.gov.tw/LawClass/LawSingle.aspx?pcode=N0030014&flno=16,2026-09-28,2026-01-01,,GAP,"Present: TW-LEAVE-06/10 and TW-NHI-01/02 do not identify first same-child episode, insured continuation/transfer, subsidy month, excluded supplementary-premium base or split worker collection. No insurer bill/reconciliation or production probe. Former disposition: No [IN-SYSTEM 2026-09-29]. Open: 2026 daily parental leave changes NHI ordinary and supplementary premiums, but the required episode history and pricing branches are absent. | Instrument register — 2026 daily parental leave and NHI premium treatment: NHIA official daily-parental-leave QA (https://www.nhi.gov.tw/ch/dl-94338-ff679fe37b5a4cc89762484036af9bb9-1.pdf), applying from 1 January 2026, distinguishes the first short episode for the same employer and child from later episodes, continuation vs transfer, cross-month claims and the employer supplementary-premium base. Reconciliation: This is a premium/withholding mechanism, not merely an external subsidy application; TW-NHI-04.",none,,,
TW-NHI-05,TW,contribution,"Treat a part-time worker who works every workday regardless of hours, or works at least 12 hours/week, as an employee requiring employer NHI enrolment; the insurer's one-month example averages variable weeks rather than testing only one week. Examine the stated short student work/dependant option and, where several employers qualify, select the principal work unit rather than charging duplicate ordinary premiums. A salary already included in declared insured income is not separately charged as supplementary salary","NHI Act arts. 10–15 (https://law.moj.gov.tw/LawClass/LawAll.aspx?pcode=L0060001), NHIA part-time interpretation and multi-employer FAQ (https://www.nhi.gov.tw/ch/cp-2981-5ed58-3150-1.html), NHIA part-time example (https://www.nhi.gov.tw/ch/cp-7678-9b5bd-3255-1.html) and January 2026 insurer guide, pp. 12–13 (https://www.nhi.gov.tw/ch/dl-80382-be2b8a915c874da4906703f10f61434b-1.pdf); operative December 2025 onward; contracted/actual daily and weekly work, continuity, expected duration, student/dependant status and concurrent employers",https://law.moj.gov.tw/LawClass/LawAll.aspx?pcode=L0060001,2026-09-30,,,PARTIAL,"Proven by probe: a part-timer on 12 hours a week enrolled by the employer (TW-NHI-05-1). Unproven by probe: a worker on every workday under 12 hours, averaging variable weeks over a month, the student/dependant option, principal-unit selection among several employers, and no double supplementary charge on declared salary. [R9b 2026-09-30] New probe, pending the probe run: a part-timer at work every workday for 10 hours a week (under 12) is enrolled at the 29,500 floor (TW-NHI-05-2; NHIA Q&A cp-2981 re-read 2026-09-30: 每個工作日到工者(不論工作時數) or 每週滿12小時). Averaging variable weeks, the student/dependant option, principal-unit selection and the no-double-supplement branch remain unproven.",statutory_contributions:NHI_PART_TIME; statutory_contributions:NHI (other_unit_covered),Taiwan ${period} — part-time NHI uses its own minimum insured grade for supplementary premiums,TW-NHI-05-1; TW-NHI-05-2,2026-09-29
TW-NHI-06,TW,contribution,"Default owner insured salary to top NT$313,000 absent accepted lower-income proof. For an owner with fewer than five workers or specified first-class self-employed owner, an evidenced reduction has a 2026 NT$42,000 floor; for an owner with at least five workers, NT$45,800. Respect any higher employee/own pension or other-insurance floor and apply the accepted change on the first day of the month after NHIA notice. These owner floors are not ordinary employee minimum grades","NHI Act arts. 20–21 and Rules art. 46, as explained in NHIA's January 2026 owner-grade notice (https://www.nhi.gov.tw/ch/dl-80584-4bef5429968a419f818bdb79a291ee49-1.pdf) and January 2026 insurance-unit guide, p. 8 (https://www.nhi.gov.tw/ch/dl-80382-be2b8a915c874da4906703f10f61434b-1.pdf); business owner/self-employed first-class member, headcount, proven monthly income, employee's highest grade, own pension/other insurance grades and NHIA notice date; 1 January 2026 grade floor",https://www.nhi.gov.tw/ch/dl-80584-4bef5429968a419f818bdb79a291ee49-1.pdf,2026-09-28,2026-01-01,,GAP,"Present: TW-NHI-01/03 select ordinary employee grades only. No owner role/headcount, income-evidence review, competing-insurance comparison, NHIA-approved adjustment or next-month effective-date probe. Former disposition: No [IN-SYSTEM 2026-09-29]. Open: The 2026 owner-specific NHI grade and evidence branch is absent.",none,,,
TW-NHI-07,TW,contribution,"Establish a household-employer NHI insurance unit and enrol the migrant domestic worker, including the separate one-stop route where eligible; calculate/bill ordinary premium and retain the insurer's accepted unit and worker registration","NHI Act arts. 10–15 and NHIA January 2026 employer-unit guide, pp. 10–11 (https://www.nhi.gov.tw/ch/dl-80382-be2b8a915c874da4906703f10f61434b-1.pdf); private household employer with approved migrant domestic worker, employment/transfer permit, residence card, worker start date and declared grade; operative December 2025 onward",https://www.nhi.gov.tw/ch/dl-80382-be2b8a915c874da4906703f10f61434b-1.pdf,2026-09-28,,,GAP,"Present: Generic `NHI` does not establish household-employer eligibility, permit/residence evidence or first registration/receipt. No household-worker production probe. Former disposition: No [IN-SYSTEM 2026-09-29]. Open: A distinct permitted household-employer enrolment branch and insurer proof are absent.",none,,,
TW-OCC-03,TW,contribution,"Employer with government-issued domestic-worker employment permit must enrol the worker in occupational-accident insurance regardless of headcount, price the covered period and reconcile BLI's quarterly bill and payment. This is distinct from ordinary five-worker LI eligibility and from voluntary special Article 10 cover","Occupational Accident Act art. 6 and BLI mandatory-coverage FAQ (https://www.bli.gov.tw/0105854.htm), BLI domestic-worker insurer procedure (https://www.bli.gov.tw/0106030.html) and premium-billing guidance (https://www.bli.gov.tw/0106033.html); permitted migrant domestic worker, natural-person employer, start/end/transfer dates, declared grade and quarterly BLI bill; operative December 2025 onward",https://www.bli.gov.tw/0105854.htm,2026-09-28,,,GAP,"Present: `OCC_INJURY` has selected ordinary risk-class computations but no natural-person household registration, permit, worker coverage-date, quarterly-bill or payment-receipt probe. Former disposition: No [IN-SYSTEM 2026-09-29]. Open: Mandatory occupational cover for permitted domestic workers is not proven.",none,,,
TW-HIRE-09,TW,wages,"For each added foreign-worker place, raise an eligible lowest-grade full-time domestic worker's monthly regular pay by the published NT$2,000, with no adverse reversal; report an LI/OCC salary-grade increase of at least one grade (first grade to at least third), effective no later than the required permit-linked month. One raised worker supports one extra permit place, capped at 10% of the specified prior-year average; the combined ceiling changes under the April version. Retain monthly pay, BLI grade declarations, permit and annual audit evidence","Manufacturing foreign-worker qualification standard art. 25-2, 30 December 2025 text (https://laws.mol.gov.tw/FLAW/PrintFLAWDAT08.aspx?id=FL028067&ldate=20251230), 11 April 2026 amendment (https://laws.mol.gov.tw/FLAW/PrintFLAWDOC01.aspx?flno=25-2&id=FL028067), audit art. 34-1 (https://laws.mol.gov.tw/flaw/FLAWDOC01.aspx?flno=34-1&id=FL028067) and MOL implementation QA pp. 7–10 (https://www.mol.gov.tw/media/dq4jhicp/%E8%B7%A8%E5%9C%8B%E5%8B%9E%E5%8B%95%E5%8A%9B%E7%B2%BE%E9%80%B2%E6%96%B9%E6%A1%88qa-1150429-%E5%85%AC%E5%91%8A%E7%89%88.pdf?mediaDL=true); from 1 January 2026, with aggregate ratio change 11 April 2026; manufacturing permit election, previous-year employee average, recruitment-permit date/count, domestic full-time nationality/trainee class, two-month prior lowest LI/OCC grade and salary",https://laws.mol.gov.tw/FLAW/PrintFLAWDAT08.aspx?id=FL028067&ldate=20251230,2026-09-28,2026-01-01,,GAP,"Present: No permit-channel election, dated 2026 legal version, eligible-worker ordering, pay/grade linked decision, 10%/aggregate cap, BLI receipt or regulator audit proof in TW profile. TW-HIRE-07's recruitment wage is a different condition. Former disposition: No [IN-SYSTEM 2026-09-29]. Open: Conditional 2026 manufacturing pay-rise/insured-grade permit mechanism is absent. | Instrument register — Foreign-worker permits tied to domestic-worker wage increases: Manufacturing qualification standard art. 25-2 (https://laws.mol.gov.tw/FLAW/PrintFLAWDAT08.aspx?id=FL028067&ldate=20251230) added 30 December 2025 for 1 January 2026; 11 April 2026 version (https://laws.mol.gov.tw/FLAW/PrintFLAWDOC01.aspx?flno=25-2&id=FL028067) amends the aggregate ratio, with art. 34-1 (https://laws.mol.gov.tw/flaw/FLAWDOC01.aspx?flno=34-1&id=FL028067) governing audits. Foreign Technical Workforce Qualification and Permit Rules art. 39 (https://laws.mol.gov.tw/FLAW/PrintFLAWDOC01.aspx?flno=39&id=FL105895) govern hotel and commercial-port work from 1 January 2026; MOL 2026 implementation QA (https://www.mol.gov.tw/media/dq4jhicp/%E8%B7%A8%E5%9C%8B%E5%8B%9E%E5%8B%95%E5%8A%9B%E7%B2%BE%E9%80%B2%E6%96%B9%E6%A1%88qa-1150429-%E5%85%AC%E5%91%8A%E7%89%88.pdf?mediaDL=true) explains the published NT$2,000 amount. Reconciliation: Conditional on the employer choosing these extra foreign-worker/technical-worker permit channels; once used, domestic wage and LI/OCC insured-grade increases are mandatory and audited. TW-HIRE-09/10.",none,,,
TW-HIRE-10,TW,wages,"When using this route, raise an eligible domestic worker's monthly pay by the published NT$2,000 for each technical-worker place, report at least one LI/OCC grade step (first to third), and do not reverse the raise. The qualification cap is 10% of the specified previous-year employee average. A renewal or further covered permit can require a fresh raise; retain pay/grade evidence and permit/inspection record. Select the hotel/port technical rule independently of TW-HIRE-09's manufacturing ratio","Foreign Technical Workforce Qualification and Permit Rules arts. 39–40 (https://laws.mol.gov.tw/FLAW/PrintFLAWDAT0201.aspx?beginpos=7&id=FL105895), made 30 December 2025 and effective 1 January 2026 per MOL commencement explanation (https://www.mol.gov.tw/1607/1632/1633/87352/); MOL implementation QA, pp. 20–22 (https://www.mol.gov.tw/media/dq4jhicp/%E8%B7%A8%E5%9C%8B%E5%8B%9E%E5%8B%95%E5%8A%9B%E7%B2%BE%E9%80%B2%E6%96%B9%E6%A1%88qa-1150429-%E5%85%AC%E5%91%8A%E7%89%88.pdf?mediaDL=true); hotel/commercial-port technical-worker permit route, approved job, permit date/count, lowest-grade domestic full-time workers and LI/OCC insured grades",https://laws.mol.gov.tw/FLAW/PrintFLAWDAT0201.aspx?beginpos=7&id=FL105895,2026-09-28,2026-01-01,,GAP,"Present: No industry/technical-permit election, eligible-worker/grade ordering, dated pay increase, renewal counter, 10% cap, BLI declaration or permit/inspection evidence; no production probe. Former disposition: No [IN-SYSTEM 2026-09-29]. Open: Hotel/port technical-worker route has a distinct conditional domestic-wage obligation.",none,,,
TW-WAGE-03,TW,wages,"At each pay, give the worker a Chinese-and-mother-country-language statement listing gross and itemised wage calculation, net pay, payment method, listed statutory/contractual deductions and any court garnishment. Retain the statement five years, along with contract and applicable verified cost/wage declaration. Pay legal and agreed wages in full directly in cash apart from worker-borne lawful amounts; for another payment method, give the worker proof and retain a copy","Foreign-worker Permit and Management Rules art. 66 (https://laws.mol.gov.tw/FLAW/PrintFLAWDOC01.aspx?flno=66&id=FL028065); second-category migrant worker, contracted and actual pay, mother-country language, NHI/LI/tax/board/welfare deductions, garnishment and pay method; operative December 2025 onward",https://laws.mol.gov.tw/FLAW/PrintFLAWDOC01.aspx?flno=66&id=FL028065,2026-09-28,,,GAP,"Present: TW-WAGE-01 has a generic itemised payslip but no migrant category/language selector, art. 66 fields, delivery acknowledgement, payment proof or five-year retention probe. Former disposition: No [IN-SYSTEM 2026-09-29]. Open: Migrant-specific bilingual wage statement and direct-payment evidence are absent. | Instrument register — Foreign-worker wage-statement and payment rules: Migrant-worker permit/management rules art. 66 (https://laws.mol.gov.tw/FLAW/PrintFLAWDOC01.aspx?flno=66&id=FL028065), operative in the review period; Foreign Technical Workforce Qualification and Permit Rules arts. 64–65 (https://laws.mol.gov.tw/FLAW/PrintFLAWDAT0201.aspx?beginpos=12&id=FL105895), effective 1 January 2026. Reconciliation: Worker-class-specific Chinese/native-language contract and wage statement, direct full payment, lawful deductions and five-year copies; TW-WAGE-03/04.",none,,,
TW-WAGE-04,TW,wages,"Provide a written Chinese labour contract with native-language translation; at each wage payment give a Chinese/native-language gross-to-net statement with statutory/contractual items and lawful deductions, retain it five years, and preserve direct full-payment evidence or proof of an agreed noncash payment","Foreign Technical Workforce Qualification and Permit Rules arts. 64–65 (https://laws.mol.gov.tw/FLAW/PrintFLAWDAT0201.aspx?beginpos=12&id=FL105895), made 30 December 2025 and effective 1 January 2026; technical-worker permit class, native language, signed contract, wage items, NHI/LI/tax/board/welfare deductions, garnishment and pay method",https://laws.mol.gov.tw/FLAW/PrintFLAWDAT0201.aspx?beginpos=12&id=FL105895,2026-09-28,2026-01-01,,GAP,"Present: TW-WAGE-01 does not distinguish foreign technical workers from second-category migrants or require translated contract, bilingual statement, five-year copy and payment-proof receipt. No production probe. Former disposition: No [IN-SYSTEM 2026-09-29]. Open: Operative 2026 technical-worker contract, wage-statement and payment branch is absent.",none,,,
TW-HIRE-11,TW,minimum_wage,"Choose the order actually in force for the permit event, then enforce each annex's sector/job salary basic amount and any higher pay-in-lieu-of-skill-evidence threshold, with the correct definition of regular versus total pay. The 25 August industry annex (https://fw.wda.gov.tw/wda-employer/home/download-file/2c95efb3a03d0b4d01a04168d8ce1123.pdf) gives manufacturing NT$35,000 monthly regular base and NT$37,000 skill-evidence waiver; other jobs differ. Preserve pay, skill proof and permit decision across renewal","Foreign Technical Workforce Qualification and Permit Rules arts. 8, 10 (https://laws.mol.gov.tw/FLAW/PrintFLAWDAT0201.aspx?beginpos=2&id=FL105895); MOL salary/qualification-table orders effective 1 January 2026 (https://gazette.nat.gov.tw/egFront/eguploadpubWrapper?file=%2FEG_FileManager%2Feguploadpub%2Feg032001%2Fch08%2Ftype3%2Fgov82%2Fnum57%2FEg.htm&metaid=162715), 11 March (https://gazette.nat.gov.tw/egFront/eguploadpubWrapper?file=%2FEG_FileManager%2Feguploadpub%2Feg032043%2Fch08%2Ftype3%2Fgov82%2Fnum23%2FEg.htm&metaid=164073) and 25 August (https://gazette.nat.gov.tw/egFront/eguploadpubWrapper?file=%2FEG_FileManager%2Feguploadpub%2Feg032157%2Fch08%2Ftype3%2Fgov82%2Fnum20%2FEg.htm&metaid=167871); foreign technical-worker job/sector, permit filing/renewal date, monthly regular vs total pay, skill/language evidence and employer quota",https://laws.mol.gov.tw/FLAW/PrintFLAWDAT0201.aspx?beginpos=2&id=FL105895,2026-09-28,2026-01-01,,GAP,"Present: No dated three-order sector/job table, regular-vs-total pay selector, skill-waiver threshold, renewal decision or production probe. TW-HIRE-09/10 cover domestic-worker raises, not the technical foreign worker's own salary floor. Former disposition: No [IN-SYSTEM 2026-09-29]. Open: Three operative 2026 annex versions and their distinct foreign-worker salary conditions are unimplemented. | Instrument register — Foreign technical-worker eligibility and salary-table versions: Under Foreign Technical Workforce Qualification and Permit Rules arts. 8, 10 (https://laws.mol.gov.tw/FLAW/PrintFLAWDAT0201.aspx?beginpos=2&id=FL105895), MOL's 31 December 2025 order (https://gazette.nat.gov.tw/egFront/eguploadpubWrapper?file=%2FEG_FileManager%2Feguploadpub%2Feg032001%2Fch08%2Ftype3%2Fgov82%2Fnum57%2FEg.htm&metaid=162715) applies 1 January–10 March 2026; 11 March order (https://gazette.nat.gov.tw/egFront/eguploadpubWrapper?file=%2FEG_FileManager%2Feguploadpub%2Feg032043%2Fch08%2Ftype3%2Fgov82%2Fnum23%2FEg.htm&metaid=164073) supersedes it until 24 August; 25 August order and attached tables (https://fw.wda.gov.tw/wda-employer/home/activity/2c95efb39b7245fc019b72f8718c0675) supersede that immediately. Reconciliation: All three sector/job and worker-qualification tables need dated extraction and crosswalk. The 25 August industrial-work table (https://fw.wda.gov.tw/wda-employer/home/download-file/2c95efb3a03d0b4d01a04168d8ce1123.pdf) demonstrates separate base salary and higher skill-evidence-waiver thresholds. TW-HIRE-11.",none,,,
TW-HIRE-12,TW,other,"For a calculated fractional count of eligible foreign technical workers or permits, apply the MOL order's two decimal-stage rule: round the second and later decimal places as directed, then advance a positive first decimal to the next integer. Return an integer permit ceiling and the source input/count calculation; ordinary floor/ceiling alone is not the published instruction","Foreign Technical Workforce Qualification and Permit Rules arts. 9–10, 12, 18–21, 24, 39 and MOL 21 January 2026 interpretation (https://gazette.nat.gov.tw/EG_FileManager/eguploadpub/eg032014/ch08/type2/gov82/num32/Eg.pdf), operative 1 January 2026; employer's relevant previous-year employee average, applicable sector quota ratio and existing/withdrawn permit counts",https://gazette.nat.gov.tw/EG_FileManager/eguploadpub/eg032014/ch08/type2/gov82/num32/Eg.pdf,2026-09-28,2026-01-01,,EXTERNAL,"Present: TW-HIRE-09–11 have no quota-rounding selector or examples against an actual MOL permit decision. Precise decimal-stage boundary probes and reconciliation with the issuing office remain open. Former disposition: No [IN-SYSTEM 2026-09-29]. Open: The 2026 fractional permit-count interpretation is unimplemented and unverified. | Instrument register — Foreign technical-worker quota arithmetic and domestic-worker class: MOL 21 January 2026 quota-rounding interpretation (https://gazette.nat.gov.tw/EG_FileManager/eguploadpub/eg032014/ch08/type2/gov82/num32/Eg.pdf), retroactive 1 January 2026, and 27 March interpretation of “domestic/Taiwanese worker” (https://gazette.nat.gov.tw/egFront/eguploadpubWrapper?file=%2FEG_FileManager%2Feguploadpub%2Feg032055%2Fch08%2Ftype2%2Fgov82%2Fnum30%2FEg.htm&metaid=164501), effective immediately. Reconciliation: A fractional permit count and a resident spouse's nationality cannot be handled by generic integer/nationality assumptions. TW-HIRE-12/13.",none,,,
TW-HIRE-13,TW,other,Include the specified lawfully resident foreign spouse of a registered Taiwanese citizen and qualifying mainland/Hong Kong/Macau spouses as domestic/Taiwanese workers in those technical-permit headcounts and domestic-worker wage-rise selections; retain eligibility after divorce/death only where lawful continued residence/work is evidenced. Apply the dated class rule only to the cited technical-workforce provisions,"MOL 27 March 2026 interpretation of “domestic/Taiwanese worker” in Foreign Technical Workforce Rules arts. 39, 45, 47, 49–51, 54, 57, 59, 68 (https://gazette.nat.gov.tw/egFront/eguploadpubWrapper?file=%2FEG_FileManager%2Feguploadpub%2Feg032055%2Fch08%2Ftype2%2Fgov82%2Fnum30%2FEg.htm&metaid=164501); effective 27 March 2026; nationality/region, Taiwanese-spouse relationship, residence/work permission and divorce/death continuation",https://gazette.nat.gov.tw/egFront/eguploadpubWrapper?file=%2FEG_FileManager%2Feguploadpub%2Feg032055%2Fch08%2Ftype2%2Fgov82%2Fnum30%2FEg.htm&metaid=164501,2026-09-28,2026-03-27,,EXTERNAL,"Present: No 27 March dated spouse/residency selector or continuing-work evidence, and TW-HIRE-10's domestic-worker ordering has no such profile probe. The interpretation is not assumed to extend to unrelated citizenship rules. Former disposition: No [IN-SYSTEM 2026-09-29]. Open: 2026 technical-permit domestic-worker count includes documented noncitizen spouse classes absent from the profile.",none,,,
TW-ADMIN-12,TW,filing,"For a qualifying late art. 44(1)–(2) permit application, obtain regulator approval and submit before the existing permit expires, once for the same worker. For other missed rule deadlines, seek approved cure within 15 days after the deadline, only once for the same notification/application category. Preserve approval and filing receipt; failure to meet the cure conditions remains a missed deadline","Foreign Technical Workforce Rules art. 69 and MOL 8 January 2026 interpretation (https://gazette.nat.gov.tw/EG_FileManager/eguploadpub/eg032005/ch08/type2/gov82/num26/Eg.pdf), effective 1 January 2026; technical-worker permit/notice category, original deadline, reason for missing it, regulator acceptance and prior use for same event/worker",https://gazette.nat.gov.tw/EG_FileManager/eguploadpub/eg032005/ch08/type2/gov82/num26/Eg.pdf,2026-09-28,2026-01-01,,EXTERNAL,"Present: No event-specific technical-worker clock, exception decision, one-use history, approved late filing or regulator receipt. A generic external filing flag cannot prove the limited cure route. Former disposition: No [IN-SYSTEM 2026-09-29]. Open: The 2026 technical-worker late-notice/permit remedy has no decision or evidence path. | Instrument register — Foreign technical-worker notice grace and fee scope: Foreign Technical Workforce Rules art. 69 and MOL 8 January 2026 interpretation (https://gazette.nat.gov.tw/EG_FileManager/eguploadpub/eg032005/ch08/type2/gov82/num26/Eg.pdf), applying from 1 January 2026; WDA employer fee guidance (https://fw.wda.gov.tw/wda-employer/home/extra-come-to-tw/index/subCategory/2c95efb39839190201983a747b44054a?locale=zh). Reconciliation: Missed-notice cure is restricted by event and one-use limit; foreign technical workers are outside the employment-stabilisation fee that applies to specified migrant-worker permit classes. TW-ADMIN-12/13.",none,,,
TW-ADMIN-13,TW,levy,"Charge the employment-stabilisation fee to covered migrant-worker classes under TW-ADMIN-09's dated table, but output no fee for an approved foreign technical worker in the listed art. 46(1)(11) technical jobs. Preserve permit-class proof and do not equate an extra manufacturing migrant place under TW-HIRE-09 with a technical-worker place under TW-HIRE-10","Employment Service Act art. 55 (https://law.moj.gov.tw/LawClass/LawAll.aspx?pcode=N0090001), WDA employer fee guidance Q5 (https://fw.wda.gov.tw/wda-employer/home/extra-come-to-tw/index/subCategory/2c95efb39839190201983a747b44054a?locale=zh) and WDA technical-worker explanation (https://fw.wda.gov.tw/wda-employer/home/mid-foreign-labor/index/2c95efb39eaef604019eb040282e4d56); 2026 worker permit class, art. 46(1)(8)–(10) migrant vs art. 46(1)(11) foreign technical worker, coverage dates",https://law.moj.gov.tw/LawClass/LawAll.aspx?pcode=N0090001,2026-09-28,,,GAP,Present: TW-ADMIN-09 has no full class selector or zero-fee technical-worker branch; no paired migrant/technical-worker bill/zero-bill probe. Former disposition: No [IN-SYSTEM 2026-09-29]. Open: Employer fee scope can overcharge technical workers or miss a migrant fee.,none,,,
TW-LI-05,TW,contribution,"Keep a continuously employed scheduled part-time worker enrolled for the whole employment span, including days without shifts; report actual whole-month pay and the part-time flag so BLI maps LI/EI and occupational grades separately. BLI's 2026 NT$8,800 example maps to LI/EI NT$11,100 but OCC NT$29,500. A genuinely terminated three-day hire instead enters/exits on its actual first/last days and maps its NT$7,500 pay to the 2026 minimum NT$29,500 for both insurance paths","BLI 2026 part-time/short-term enrolment and grade examples (https://www.bli.gov.tw/0101373.htm), 2026 LI/OCC grade-change notice (https://www.bli.gov.tw/EN/0016423.html); continuing scheduled part-time vs terminated/re-hired short-term contract, actual monthly pay, signed work dates and declared part-time flag; operative December 2025 onward, new grade 1 January 2026",https://www.bli.gov.tw/0101373.htm,2026-09-28,,,PARTIAL,"Proven by probe: a continuing part-timer insured the whole month on the part-time LI/EI grade with OCC at 29,500 (TW-LI-05-1, TW-NHI-05-1). Unproven by probe: the genuinely terminated three-day hire entering/exiting on its actual days at the 29,500 minimum for both paths.",statutory_contributions:LI (part-time grades); statutory_contributions:OCC_INJURY,"Taiwan — an hourly worker is insured for every enrolled day of the month, on a month’s figure (勞保條例施行細則 §27, §28-1)",TW-LI-05-1; TW-NHI-05-1,2026-09-29
TW-LI-06,TW,filing,"Report LI join and exit for their actual employment dates. If the event falls on a weekend, holiday or official disaster closure, BLI accepts an advance online filing (within its stated 10-day window), same-day online filing, or the first following workday filing with evidence, with coverage dated to the hire/exit day; retain accepted insurer effective-date receipt","Labour Insurance Act art. 11 (https://law.moj.gov.tw/LawClass/LawAll.aspx?pcode=N0050001), BLI holiday hire/exit FAQ (https://www.bli.gov.tw/0006890.html); hire/exit date, actual submission date/channel, official holiday/disaster shutdown, advance-registration date and supporting proof; operative December 2025 onward",https://law.moj.gov.tw/LawClass/LawAll.aspx?pcode=N0050001,2026-09-28,,,EXTERNAL,"Present: Generic TW-LI-01 has no holiday/shutdown exception, advance-registration correction, evidence, submission clock or accepted effective-date probe. Former disposition: No [IN-SYSTEM 2026-09-29]. Open: BLI coverage can begin/end on a different date from payroll's raw hire/exit date without the filing exception proof.",obligations:LABOUR_EMPLOYMENT_INSURANCE_ENROLMENT,,,
TW-EI-03,TW,contribution,"BLI automatically starts/stops EI on the LI-effective date for an LI-insured eligible worker. An EI-eligible employee at a unit outside mandatory LI, including a qualifying employer with fewer than five staff, must instead be separately enrolled in EI on hire; calculate the EI premium from that distinct accepted coverage and declared grade","Employment Insurance Act arts. 5, 8 (https://law.moj.gov.tw/LawClass/LawAll.aspx?pcode=N0050021) and BLI EI enrolment/effect guidance (https://www.bli.gov.tw/0006442.html); LI mandate/status, employer headcount and industry, EI eligibility and hire/exit dates; operative December 2025 onward",https://law.moj.gov.tw/LawClass/LawAll.aspx?pcode=N0050021,2026-09-29,,,VERIFIED,,statutory_contributions:LI (COMPANY_OR_SHOP under-five zero); statutory_contributions:EI; statutory_contributions:OCC_INJURY,Taiwan ${period} — a documented four-worker company has EI and OCC cover without an LI unit,TW-EI-03-1; TW-EI-01-1; TW-WAGE-05-1; TW-EXIT-04-1,2026-09-30
TW-NHI-08,TW,contribution,"A self-practising accountant, lawyer, architect or listed physician has an evidenced-insured-income floor of NT$45,800. Other self-practising professionals have a 2026 NT$42,000 general floor (2025 NT$40,100); if they employ no paid helper, the exception floor is 2026 table grade 6 NT$36,300 (2025 NT$34,800). Respect higher own pension/insurance or employee grade and the default top-grade/evidence rules separately","NHI Act arts. 20–21, Rules art. 46 and NHIA 2026 owner/professional guidance (https://www.nhi.gov.tw/ch/dl-65279-a818a1e79fa14800802aa7e3434f7cc8-1.pdf), with NHIA adjustment explanation (https://www.nhi.gov.tw/ch/cp-3267-17132-2586-1.html); self-practising profession, fee income/evidence, paying helpers, own and worker grade; 2025 vs 1 January 2026",https://www.nhi.gov.tw/ch/dl-65279-a818a1e79fa14800802aa7e3434f7cc8-1.pdf,2026-09-28,,,GAP,"Present: TW-NHI-06 covers business owners but lacks the named-profession and no-paid-helper exception, 2025/2026 floor split, declared-income proof and accepted insurer grade. Former disposition: No [IN-SYSTEM 2026-09-29]. Open: Professional class and helper status select different lawful NHI minimums. | Instrument register — NHI owner/professional floors, declared-grade clocks and month-end charging: NHIA 2026 owner/professional guidance (https://www.nhi.gov.tw/ch/dl-65279-a818a1e79fa14800802aa7e3434f7cc8-1.pdf), insured-grade declaration/adjustment rules (https://www.nhi.gov.tw/ch/cp-3267-17132-2586-1.html) and premium collection principles (https://www.nhi.gov.tw/ch/cp-3204-6ecca-2568-1.html). Reconciliation: 2025/2026 owner/professional minimums differ by worker class; declaration and charging cannot reuse LI's day proration. TW-NHI-08–11.",none,,,
TW-NHI-09,TW,contribution,"Do not declare an NHI insured salary below the same person's applicable pension contribution wage or LI/OCC insured salary, subject to the published NHI class-specific grade mapping. Reconcile a change in any other scheme and file the corresponding NHI grade change; retain NHIA acceptance and billing grade","NHIA insured-grade declaration/adjustment guidance, item VI(3) (https://www.nhi.gov.tw/ch/cp-3267-17132-2586-1.html), 2026 insurance-unit guide (https://www.nhi.gov.tw/ch/dl-65279-a818a1e79fa14800802aa7e3434f7cc8-1.pdf); worker/owner grade, current labor-pension contribution grade and LI/OCC insured grades, declaration date; operative December 2025 onward",https://www.nhi.gov.tw/ch/cp-3267-17132-2586-1.html,2026-09-28,,,GAP,Present: `NHI` calculates from its own selected base with no proven cross-scheme grade floor or dated accepted-declaration comparison. Former disposition: No [IN-SYSTEM 2026-09-29]. Open: Independent insurance tables still impose a worker-specific cross-grade floor.,none,,,
TW-NHI-10,TW,contribution,"Report first/second-class income changes made February–July by 31 August and August–January by end of following February, or report sooner monthly/quarterly; an accepted insured-salary adjustment takes effect on the first day of the month after notice. Price coverage by insurer-effective grade rather than the raw wage-change date","NHI Act art. 21 and NHIA declaration/adjustment guidance, item IV (https://www.nhi.gov.tw/ch/cp-3267-17132-2586-1.html); salary-change date, income change period, NHIA notice date and accepted grade; operative December 2025 onward",https://www.nhi.gov.tw/ch/cp-3267-17132-2586-1.html,2026-09-28,,,PARTIAL,"Proven by probe: a mid-month raise leaves the insured grade unchanged in the month (TW-NHI-10-1). Unproven by probe: the adjusted grade applying from the first of the month after notice. The 31 August / end-February reporting calendar is an external filing. Pay of the raise month: see TW-WAGE-05 (calendar share, not ÷ 30). [R9 2026-09-30] New probes, pending the probe run: the notified grade applying from 1 April (TW-NHI-10-2).","statutory_contributions:NHI (insured_amount, notification_reference)",Taiwan — a mid-month raise prorates each rate on calendar days; the insured grade waits for notification,TW-NHI-10-1; TW-NHI-10-2,2026-09-29
TW-NHI-11,TW,contribution,"Charge the full monthly ordinary premium to the unit covering the insured person at month end, regardless of a midmonth join. A last-calendar-day transfer takes effect the next month and leaves the original unit charged for this month; earlier transfer assigns the month to the receiving month-end unit. On qualifying withdrawal, charge no ordinary premium for the withdrawal month. Cap charged dependants at three","NHI Act arts. 18, 30 and NHIA premium collection principles (https://www.nhi.gov.tw/ch/cp-3204-6ecca-2568-1.html); month-end unit/coverage, entry/transfer/exit dates, death or other legal withdrawal, registered dependants; operative December 2025 onward",https://www.nhi.gov.tw/ch/cp-3204-6ecca-2568-1.html,2026-09-28,,,PARTIAL,"Proven by probe: a full month charged on a midmonth join (TW-WAGE-05-1, TW-WAGE-01-1), none in the withdrawal month (TW-EXIT-04-1), a last-day leaver still charged (TW-LI-02-1), dependants capped at three (TW-NHI-11-1). Unproven by probe: a transfer between units (last calendar day vs earlier).",statutory_contributions:NHI (month-end unit; dependant cap),"Taiwan — a mid-month leaver: final pay, unused 特別休假 paid out, fifteen insured days and no 健保",TW-NHI-11-1; TW-WAGE-05-1; TW-EXIT-04-1; TW-LI-02-1,2026-09-29
TW-PEN-08,TW,contribution,"For a qualifying 2026 parental-leave application, whether continued insurance is elected or only the benefit is claimed, BLI stops employer and worker pension contributions before leave and integrates return/insurance and pension resumption at the end of the declared period using prior grade/rates. A pre-2026 claim/return within BLI's listed exceptions requires employer re-declaration on actual return. If grade or either rate changes, submit a new return declaration instead of relying on old values","BLI parental-leave pension start/stop FAQ, updated 9 December 2025 (https://www.bli.gov.tw/0109494.html) and 2026 flexible parental-leave procedure (https://www.bli.gov.tw/0109540.html?q=%E9%80%80%E4%BC%91%E9%87%91); parental-leave claim/continued-insurance choice, leave and return dates, prior employer/worker pension rates and grade; 1 January 2026 transition",https://www.bli.gov.tw/0109494.html,2026-09-28,2026-01-01,,PARTIAL,"Proven by probe: employer and worker pension stop for a whole month of 2026 parental leave (TW-PEN-08-1, TW-LEAVE-06-1). Unproven by probe: resumption on return at the prior grade and rates, the pre-2026 re-declaration exceptions, and a new return declaration when grade or rate changes. [R9 2026-09-30] New probes, pending the probe run: resumption on return at the prior grade and both 6% rates (TW-PEN-08-2).",statutory_contributions:LABOR_PENSION (parental-leave zero); obligations:PARENTAL_LEAVE_INSURANCE_CONTINUATION,TW round 5 — D31: a whole month on 育嬰留職停薪 charges nothing through payroll; 職災 or 勞退 left registered stops the run,TW-PEN-08-1; TW-LEAVE-06-1; TW-PEN-08-2,2026-09-29
TW-PEN-09,TW,contribution,"For a worker previously contributing to pension who continues insurance during one of these absences and returns in 2026, BLI automatically resumes employer and worker contributions the day after continued coverage ends at prior grade/rates. For no continued cover or relevant pre-2026 return, employer must re-declare on return; a changed grade/rate requires a fresh declaration and accepted receipt","BLI service/illness/suspension pension return FAQ, updated 9 December 2025 (https://www.bli.gov.tw/0109495.html); military service, illness-related unpaid leave or case-related suspension, continued-insurance election, old pension grade/rates and return date; return on/after 1 January 2026",https://www.bli.gov.tw/0109495.html,2026-09-28,2026-01-01,,GAP,"Present: No absence-type/continued-cover selector, auto-vs-manual 2026 return, old/new grade comparison or BLI billing reconciliation in TW-PEN-01. Former disposition: No [IN-SYSTEM 2026-09-29]. Open: Nonparental return from insured absence has its own 2026 pension restart branch.",none,,,
TW-LI-07,TW,contribution,"For training remuneration below the minimum wage, select one of the LI trainee grades NT$13,500–28,590 (15 listed grades), or the ordinary NT$29,500 first grade if remuneration is above NT$28,590 but below minimum wage. Separately declare OCC at its NT$29,500 minimum. Do not substitute the two-grade part-time LI ladder or assume EI eligibility from trainee status","Labour Insurance Act §6(1)(6) (https://law.moj.gov.tw/LawClass/LawSingle.aspx?pcode=N0050001&flno=6), §15(1)(1) (https://law.moj.gov.tw/LawClass/LawSingle.aspx?pcode=N0050001&flno=15), BLI training-unit instructions (https://www.bli.gov.tw/0106037.html), and BLI LI/OCC enrolment form salary item (4) (https://www.bli.gov.tw/0007801.html); registered/commissioned vocational institution, separate insurance unit, actual training remuneration, trainee status and declared salary; 1 January 2026 grade version, with December 2025 separately required",https://law.moj.gov.tw/LawClass/LawSingle.aspx?pcode=N0050001&flno=6,2026-09-29,2026-01-01,,GAP,"Present: TW-LI-05 covers a part-time employee, not a documented vocational trainee. The 2026 `LI`/`EI` seed lists all 15 low grades as allowed values, but its `employment.type != ""PART_TIME""` minimum-grade refusal rejects those grades for an `INTERN`; treating every intern as a trainee would also be wrong. BLI requires a distinct training-unit registration for actual vocational trainees. The employment/payroll model has no training-unit identity, accepted trainee insurance class or status evidence; correct 2025/2026 selection and LI/OCC insurer receipt/probe remain absent. Former disposition: No [IN-SYSTEM 2026-09-29]. Open: The lower-grade values exist, but vocational-trainee class/unit evidence and a safe in-product selection path are absent. | Phase 1: TW-LI-07 classification blocker: BLI salary-adjustment guidance (https://www.bli.gov.tw/0022929.html) publishes the 15 vocational-trainee LI grades below the 2026 NT$29,500 floor. The seed contains the values but cannot lawfully select them by `INTERN` alone. Its non-`PART_TIME` refusal rejects the lower grade on a payroll `INTERN` record, which is the safe result without training-unit evidence. BLI requires a separate training-unit registration; a blanket `INTERN` exception would admit ineligible employees. Add a separately evidenced trainee relationship and BLI class/unit identity before implementing trainee-grade pricing. | Phase 2: BLI enrolment instructions (https://www.bli.gov.tw/0007801.html) list 15 LI grades below the 2026 wage floor for trainees at registered or commissioned vocational institutions, while OCC has its separate minimum. BLI training-unit instructions (https://www.bli.gov.tw/0106037.html) require a distinct 訓字 insurance unit, institution registration or government commission evidence, and an enrolment report. The current employee/employment-term model has only `INTERN`, with no nonemployment training relationship, training-unit identity, accepted BLI trainee class or evidence. `tests/tw-intern-trainee.probe.test.ts` confirms `INTERN` plus a NT$13,500 LI election is refused; 3/3 targeted cases passed on 29 September 2026. This protects an employee from a low-grade declaration but does not implement the separate trainee channel. A seed-only `INTERN` exception would confuse these legal classes. The separate trainee channel remains an explicit model and insurance-pricing gap if the product will manage trainees; it is not closed by the three passing probes. No full suite or build was run in this pass. | Trainee modeling decision: Labour Insurance Act §6(1)(1–6) (https://law.moj.gov.tw/LawClass/LawSingle.aspx?pcode=N0050001&flno=6) separates employees from people training at a government-registered vocational institution. §15(1)(1) (https://law.moj.gov.tw/LawClass/LawSingle.aspx?pcode=N0050001&flno=15) gives both a 20/70/10 LI premium split; the shared split does not merge their eligibility or grade ladders. BLI's training-unit procedure (https://www.bli.gov.tw/0106037.html) requires a separate 訓字 unit and institution registration or government-commission proof. BLI salary instructions (https://www.bli.gov.tw/0007801.html) distinguish LI's 15 low trainee grades from OCC's minimum-wage floor. `src/data/model/employments/+model.ts` defines one employment contract and `src/data/model/employment_terms/+model.ts` requires base salary and pay frequency. This feeds employee wage floors, payslips, leave, tax, pension and exit. `INTERN` is a contract label, not the statutory training-unit/insured class. A `training=true` fact on that contract would leave nonemployee trainees on an employee payslip and allow an employed intern to claim an inapplicable low LI grade. The existing `LI.insured_amount` and optional `notification_reference` elections can record a stated employee grade; they do not prove BLI acceptance or derive its effective date from the notice, and cannot supply a separate trainee relationship or insurance unit. Template-only terms/facts cannot safely close TW-LI-07. The in-product solution, if registered training units and nonemployee trainees are supported, needs a distinct training-enrolment record, evidence of unit approval and trainee status, the trainee's LI/OCC contribution assessment and its own persisted result, without employee salary/leave/exit side effects. That work requires a separate design and targeted payroll integration; no shared source was changed in this review. TW-HIRE-04's employed-intern floor remains in force. | Round 16: Labour Insurance Act §6 (https://law.moj.gov.tw/LawClass/LawSingle.aspx?pcode=N0050001&flno=6) and BLI's enrolment instructions (https://www.bli.gov.tw/0007801.html) distinguish an employee from a vocational-institution trainee, for whom BLI publishes 15 LI grades below the 2026 wage floor. The existing `INTERN` employment contract triggers the employee minimum wage and full-time LI floor. The saved payroll probe now confirms that adding a claimed LI notice reference still cannot unlock NT$13,500 on that employee path. A lawful nonemployee trainee needs a separately approved training-unit and trainee relationship, dated enrolment and insurer class; those records and their own contribution output do not exist in this payroll model. Employee interns continue to receive the wage floor; trainee pricing remains unsupported.",statutory_contributions:LI|EI (15 trainee grades listed; refused for INTERN),,,
TW-NHI-12,TW,filing,"File NHI enrolment within three days of qualifying or transfer event, effective from the qualifying date; file withdrawal/transfer within three days of the event, issue the transfer copy and ensure worker/dependant continuity in a valid new unit. Then price the month under TW-NHI-11's month-end rule, even if the filing date differs from the legal coverage date","NHI Act art. 15 (https://law.moj.gov.tw/LawClass/LawAll.aspx?pcode=L0060001), NHIA enrolment procedure (https://www.nhi.gov.tw/ch/cp-7243-c7409-2618-1.html) and NHIA withdrawal/transfer procedure (https://www.nhi.gov.tw/ch/cp-7246-42e2b-2619-1.html); hire/qualification, identity or insurance-unit change, exit/withdrawal date, prior-unit/dependant continuity and declaration receipt; operative December 2025 onward",https://law.moj.gov.tw/LawClass/LawAll.aspx?pcode=L0060001,2026-09-28,,,EXTERNAL,"Present: TW-NHI-01/11 have no three-day filing calendar, previous-unit transfer document, accepted effective date or dependant continuity probe. Former disposition: No [IN-SYSTEM 2026-09-29]. Open: NHI filing clocks and coverage transitions differ from LI and pension declarations.",obligations:NHI_ENROLMENT,,,
TW-PEN-10,TW,filing,"Employer declares pension contribution start or cessation within seven days of the worker event, including when the pension start/stop date differs from the LI filing. On cessation, a timely declared last contribution date controls; without it BLI uses the received-form date and charges contributions through that date. Keep dated BLI receipt and reconcile the charged month","Labor Pension Act art. 18 (https://law.moj.gov.tw/LawClass/LawAll.aspx?pcode=N0030020), BLI start-declaration instructions (https://www.bli.gov.tw/0012968.html) and BLI stop-declaration instructions (https://www.bli.gov.tw/0012971.html); new-hire, exit/leave/suspension event, employer and worker contribution rates, declaration dates and accepted BLI effective date; operative December 2025 onward",https://law.moj.gov.tw/LawClass/LawAll.aspx?pcode=N0030020,2026-09-28,,,EXTERNAL,"Present: TW-PEN-01/08/09 calculate or describe selected pension paths but have no seven-day start/stop filing clock, late-form fallback date, accepted receipt or bill comparison. Former disposition: No [IN-SYSTEM 2026-09-29]. Open: A late or missing pension declaration can change chargeable contributions.",obligations:LABOUR_PENSION_REGISTRATION,,,
TW-LI-08,TW,contribution,"Use full work-remuneration wage, including recurring pay and compensatory bonuses/allowances; for variable income use the last three monthly wage totals. Notify LI of Feb–Jul wage changes by end-August and Aug–Jan changes by end-following-February, with earlier monthly/quarterly filing allowed; accepted grade changes on the first of the month after notice. During BLI-listed voluntary continuation for hospitalisation, parental/illness leave, service, suspension or specified severance/injury, do not adjust the LI declared wage merely because current pay falls, except BLI's own first-grade uplift","Labour Insurance Act art. 14(2) (https://laws.mol.gov.tw/FLAW/FLAWDAT0201.aspx?id=FL014980&ldate=20260121) and BLI wage-definition/adjustment guidance (https://www.bli.gov.tw/0005472.htm); fixed or variable wage, last three months of wage items, wage-change date, declaration date, voluntary continuation reason and accepted LI grade; operative December 2025 onward",https://laws.mol.gov.tw/FLAW/FLAWDAT0201.aspx?id=FL014980&ldate=20260121,2026-09-28,,,PARTIAL,"Proven by probe: a recurring allowance inside the insured wage (TW-LI-08-1) and a raise not moving the grade in the month (TW-NHI-10-1). Unproven by probe: the three-month average for variable pay, the next-month grade after notice, and the frozen wage during BLI-listed continuation. The notification calendar is an external filing. [R9 2026-09-30] New probes, pending the probe run: the next-month grade after notice (TW-NHI-10-2).","statutory_contributions:LI (insured_amount, notification_reference)",Taiwan — a variable wage uses the recorded three-month-average declaration from its effective month,TW-LI-08-1; TW-NHI-10-1; TW-NHI-10-2,2026-09-29
TW-OCC-04,TW,contribution,"Map the proper class-specific remuneration to OCC's own wage-grade table (ordinary employee's LSA wage, vocational trainee's training allowance, technical student/apprentice's living allowance, employer's work/business income). Notify Feb–Jul changes by end-August and Aug–Jan changes by end-following-February; the new OCC grade starts the following month. Freeze declared OCC wage during BLI-listed continued cover when work is interrupted, apart from insurer minimum-grade adjustment","Occupational Accident Insurance and Protection Act art. 17(2) (https://law.moj.gov.tw/LawClass/LawAll.aspx?pcode=N0050031) and BLI OCC wage/adjustment guidance (https://www.bli.gov.tw/0106047.html); OCC-covered worker class, remuneration basis, last three months, change/notice date, continued-cover reason and BLI grade; operative December 2025 onward",https://law.moj.gov.tw/LawClass/LawAll.aspx?pcode=N0050031,2026-09-28,,,PARTIAL,"Proven by probe: an ordinary employee’s LSA wage on OCC’s own table up to its 72,800 ceiling (TW-OCC-04-1). Unproven by probe: trainee, technical student/apprentice and employer remuneration classes, the next-month grade after notice, and the frozen wage during continued cover. The notification calendar is an external filing. [R9 2026-09-30] New probes, pending the probe run: the next-month OCC grade after notice (TW-NHI-10-2).",statutory_contributions:OCC_INJURY (own grade ladder),"Taiwan — occupational-injury insurance is charged on its own grade ladder, to 72,800",TW-OCC-04-1; TW-NHI-10-2,2026-09-29
TW-PEN-11,TW,contribution,"Declare pension monthly contribution wage from full gross wage, not base salary or net pay. For variable remuneration use the last three monthly wage totals; a short-service new hire may use agreed remuneration or same-grade comparator. Notify Feb–Jul changes by end-August and Aug–Jan changes by end-following-February, with earlier monthly/quarterly filing allowed; adjusted pension contribution grade starts on the first of the month after notice","Labor Pension Act art. 15 (https://law.moj.gov.tw/LawClass/LawAll.aspx?pcode=N0030020), BLI monthly-contribution wage FAQ (https://www.bli.gov.tw/0101851.html) and BLI cross-scheme adjustment calculator (https://www.bli.gov.tw/0108787.html); fixed/variable gross wage, preceding three months, change and notice date, pension-system eligibility and accepted monthly contribution grade; operative December 2025 onward",https://law.moj.gov.tw/LawClass/LawAll.aspx?pcode=N0030020,2026-09-28,,,PARTIAL,"Proven by probe: the full gross wage including an allowance as the contribution wage (TW-PEN-11-1). Unproven by probe: the three-month average for variable pay, the short-service new-hire basis, and the adjusted grade from the next month. The notification calendar is an external filing. [R9 2026-09-30] New probes, pending the probe run: the adjusted contribution grade from the next month (TW-NHI-10-2).","statutory_contributions:LABOR_PENSION (insured_amount, notification_reference)",Taiwan — a variable wage uses the recorded three-month-average declaration from its effective month,TW-PEN-11-1; TW-NHI-10-2,2026-09-29
TW-NHI-13,TW,contribution,"Enrol a noncitizen employee with a specific employer from the first employment day, without applying the non-employed six-month waiting period. A non-employed resident generally qualifies after six months' actual qualifying residence (one exit up to 30 days can be deducted under the published test). A documented employed foreign professional's spouse, minor child or adult child unable to self-care because of disability, and specified foreign special/senior professional owners' families, qualify for immediate dependant cover with valid residence proof. Other non-employed family members follow the waiting rule; Taiwan-born foreign newborn with residence proof is covered from birth. Match enrolment unit and supporting permit/residence records","NHI Act arts. 9–15 (https://law.moj.gov.tw/LawClass/LawAll.aspx?pcode=L0060001), NHIA noncitizen enrolment guidance, updated 26 August 2026 (https://www.nhi.gov.tw/ch/cp-4533-93c67-2616-1.html) and NHIA 2026 foreign-professional/dependant classification sheet (https://www.nhi.gov.tw/ch/dl-72719-cf0a477a3c4d4b3e8d62b87ed0167e87-1.pdf); foreign/HK/Macau/mainland identity, residence document validity, employment/owner/professional category, eligible dependant and family relationship, work-permit proof, arrival/travel history; operative December 2025 onward",https://law.moj.gov.tw/LawClass/LawAll.aspx?pcode=L0060001,2026-09-28,,,GAP,"Present: TW-NHI-01/05 have generic worker/dependant paths but no dated noncitizen residency-duration state, foreign-professional category, adult disability, permit/ARC evidence or immediate-vs-six-month dependant boundary probe. Former disposition: No [IN-SYSTEM 2026-09-29]. Open: Employee, ordinary dependant and foreign-professional family start dates differ materially.",none,,,
TW-PEN-12,TW,contribution,"Accept an eligible worker's voluntary contribution at up to 6% and keep employer and worker rates independently. File rate changes with BLI; each becomes effective on the first of the next month, and no more than two adjustments are allowed in the prior one-year window measured back from the proposed effective date. Stop voluntary contribution on worker instruction through its separate filing. Deduct/remit only from the effective date; show the worker amount on each payslip or separate notice and issue an annual receipt","Labor Pension Act arts. 14–16 (https://law.moj.gov.tw/LawClass/LawAll.aspx?pcode=N0030020), BLI employer/worker rate-change FAQ, updated 31 July 2026 (https://www.bli.gov.tw/0017612.html) and BLI voluntary-contribution guidance, updated 20 August 2026 (https://www.bli.gov.tw/0108501.htm); worker election, old/new pension system, prior employer/worker contribution rate changes and effective dates, declaration and payslip year; operative December 2025 onward, pure-old-system voluntary branch from 17 July 2026",https://law.moj.gov.tw/LawClass/LawAll.aspx?pcode=N0030020,2026-09-30,,,PARTIAL,"Proven by probe: voluntary rates of 6% and 3% kept apart from the employer 6% and shown on the payslip (TW-PEN-01-1, TW-PEN-12-1). Unproven by probe: a rate change effective the next month, the two-changes-a-year limit, stopping on instruction, and the annual receipt (external). [R9 2026-09-30] New probes, pending the probe run: a voluntary rate change 3% → 6% effective the first of the next month (TW-PEN-12-2).",statutory_contributions:LABOR_PENSION (voluntary rate election),"Taiwan — a part-timer insures at the part-time grades, the worker’s voluntary pension is outside tax, and the table election withholds nothing under NT$90,501",TW-PEN-12-1; TW-PEN-01-1; TW-PEN-12-2,2026-09-29
TW-HOURS-07,TW,hours,"At least 11 consecutive hours between shifts on a shift change; 8 hours only under an announced exception with consent, and filing with the local authority where the employer has 30 or more workers","LSA art. 34 (https://law.moj.gov.tw/LawClass/LawSingle.aspx?pcode=N0030001&flno=34); shift workers, shift-change timestamps, announced industry exception, worker consent and filing where 30+ workers",https://law.moj.gov.tw/LawClass/LawSingle.aspx?pcode=N0030001&flno=34,2026-09-28,,,GAP,"Present: No shift-change rest rule, exception selector or consent/filing evidence in the register or seed. Former disposition: No [IN-SYSTEM 2026-09-29]. Open: Missing sealed rule, dated shift input and exception evidence.",none,,,
TW-HOURS-08,TW,hours,Two-week (30(2)) and eight-week (30(3)) redistribution apply only to designated industries (30(4)); four-week scheme (30-1) for designated industries caps overtime at 2 hours on a day with 10 normal hours. Apply redistributed normal hours before overtime,"LSA arts. 30(2)–(4), 30-1 (https://law.moj.gov.tw/LawClass/LawAll.aspx?pcode=N0030001); industry designated by the central authority, union or labour-management-meeting consent, scheme period",https://law.moj.gov.tw/LawClass/LawAll.aspx?pcode=N0030001,2026-09-28,,,GAP,"Present: No sealed flexible-scheme rule, designation or consent input. Split from TW-HOURS-01. Former disposition: No [IN-SYSTEM 2026-09-29]. Open: Designation, consent and scheme-period rules are missing.",none,,,
TW-HOURS-09,TW,hours,"Pro-rata pay with the minimum-wage floor for monthly-paid full-time workers, insured-grade handling and duration limits as the guidance states","MOL 勞雇雙方協商減少工時應行注意事項 (MOL labor-conditions index (https://laws.mol.gov.tw/FLAW/index-1.aspx?fcode=A004)); negotiated reduced hours (減班休息), individual written agreement, local-authority notice, period",https://laws.mol.gov.tw/FLAW/index-1.aspx?fcode=A004,2026-09-28,,,SOURCE-BLOCKED,"Status: MOL guidance text not retrieved (laws.mol.gov.tw timed out/refused WebFetch and browser); no figures sealed. | Present: No reduced-hours branch in register or seed. Current text and version not retrieved (laws.mol.gov.tw timed out); no figures sealed. Former disposition: No [SOURCE 2026-09-29]. Open: Unresolved legal text; no agreement, notice or pay/grade rule.",none,,,
TW-HIRE-14,TW,other,"Where the posted job's regular salary is under NT$40,000 a month, the posting or recruitment must disclose the salary or its range","Employment Service Act art. 5(2)(6) (https://law.moj.gov.tw/LawClass/LawSingle.aspx?pcode=N0090001&flno=5) (Act amended 20 January 2025); job posting, regular monthly salary offered",https://law.moj.gov.tw/LawClass/LawSingle.aspx?pcode=N0090001&flno=5,2026-09-28,,,EXTERNAL,Present: TW-HIRE-03 covers art. 5 discrimination only; no posting/salary-disclosure evidence. Penalty article not re-fetched. Former disposition: No [EXTERNAL 2026-09-29]. Open: External recruitment duty with no recorded posting evidence.,none,,,
TW-WAGE-05,TW,proration,Hourly overtime base and day-rate proration by a sourced divisor and rounding rule,"LSA arts. 2(3), 24 (https://law.moj.gov.tw/LawClass/LawAll.aspx?pcode=N0030001); MOL 月薪制勞工的權益 (https://www.mol.gov.tw/1607/28162/28166/28180/28182/28188/29026/) (updated 2026-01-01) and 行政院勞工委員會 96年8月7日勞動2字第0960130677號函 (as cited by the New Taipei Labor Affairs Q&A (https://ilabor.ntpc.gov.tw/ckeditor/downloadFile/1022842753?serverName=90514b3f-19cc-46e1-9cd5-c654240d80b9)); Enforcement Rules arts. 24-1(2)(1)(2), 31 (https://law.moj.gov.tw/LawClass/LawAll.aspx?pcode=N0030002); monthly wage, joiner/leaver/rate-change dates",https://law.moj.gov.tw/LawClass/LawAll.aspx?pcode=N0030001,2026-09-28,,,VERIFIED,"Owner-rule defaults (2026-09-28, law silent), recorded: a flat 30-day month for a part month of service, a 事假 day and the §39 day (proration {by: CALENDAR_DAYS, days: 30}); an hour at 月薪 ÷ 30 ÷ 8 absent agreement; the engine’s cent, whole dollars only where a tax or premium rule rounds. A mid-month rate change pays each rate its calendar-day share of the month (15/31 + 16/31 in March): a whole month of service is one month’s pay whatever its length, so the shares sum to one, while only a part month of service is paid by the day at 月薪 ÷ 30 — the two bases answer different facts, and each is lawful because neither pays below the exact day or month wage owed (re-verification 2026-09-30).","work_rules.proration {by: CALENDAR_DAYS, days: 30}; work_rules.ordinary_divisor_days 30; work_rules.normal_hours 8","Taiwan — a part month prorates on calendar days, an allowance with it, and 事假 leaves the allowance whole",TW-WAGE-05-1; TW-HOURS-01-1; TW-HOURS-02-1; TW-LEAVE-03-1; TW-NHI-10-1; TW-EXIT-02-1,2026-09-30
TW-WAGE-06,TW,wages,Employer as third-party garnishee deducts the amount the order fixes from each wage payment and pays it to the creditor or as the order directs; the order may not exceed one third of each period's payment (各期給付數額三分之一) unless the court departs from the ratio while reserving the debtor's 生活費用,"強制執行法 §115-1 (https://law.moj.gov.tw/LawClass/LawSingle.aspx?pcode=B0010004&flno=115-1) (re-read 2026-09-29, 法規整編 to 115-09-18); a served 扣押命令 / 移轉命令 on the worker's continuing wage claim",https://law.moj.gov.tw/LawClass/LawSingle.aspx?pcode=B0010004&flno=115-1,2026-09-29,,,PARTIAL,"Status: deduction at the ordered amount proven; creditor remittance output, order register and one-third warning absent. | Present: 2026-09-29 (TW-GAP-GARNISH): ad hoc class `COURT_GARNISHMENT` (法院扣押薪資) added in place in all 14 versions (a transcription omission; §115-1 predates every version): NET/SUBTRACT, `entry.amount`, evidence REQUIRED (the order), `counts_toward` []. Owner rule 2026-09-28: law silent on the garnishee's booking; default a net deduction outside every wage, insured, pension and tax base, at exactly the ordered amount — lawful because the one-third ceiling binds the court's order (§115-1(3) lets the court exceed it), so an employer-side cap could disobey a valid order. Golden `a served wage garnishment comes off net pay at the ordered amount…` (36,000; LI 835, EI 73, NHI 563; net 34,529 → 22,529 with a 12,000 order). Former disposition: No [IN-SYSTEM 2026-09-29]. Open: No creditor/court remittance output or payee record, no order register (term, total debt, 執行費, priority among several orders), and no warning when an order recorded as ordinary exceeds one third. 2026-09-30 (F04): the probe harness now uploads fixture files, asserts refusals, run warnings and company-scope charges; TW-WAGE-06-1 files a 12,000 COURT_GARNISHMENT with the order uploaded as evidence_file on a 36,000 March 2026 wage (net 22,529, statutory lines whole); pending the probe run. [R8 2026-09-30] Probe TW-WAGE-06-1 passes (12,000 order with evidence, net 22,529). Uncovered: creditor/court remittance and payee record, the order register (term, total debt, 執行費, priority among orders), and a warning when an ordinary order exceeds one third.",adhoc_catalogue:COURT_GARNISHMENT,Taiwan — a served wage garnishment comes off net pay at the ordered amount and leaves gross and every statutory line whole (強制執行法 §115-1),TW-WAGE-06-1,
TW-ADMIN-14,TW,contribution,"Pension: from the day after the deadline to the day before full payment, 3% of the unpaid contribution a day up to 100%, then administrative enforcement. LI: 15-day grace, then 0.1% a day up to 20%. NHI: 15-day grace, then 0.1% a day up to 15% for a 投保單位/扣費義務人 (5% for an insured person), waived below the announced amount, enforcement after 30 days. An employer cost, never a worker deduction.",勞工退休金條例 §53 (https://law.moj.gov.tw/LawClass/LawSingle.aspx?pcode=N0030020&flno=53); 勞工保險條例 §17 (https://law.moj.gov.tw/LawClass/LawSingle.aspx?pcode=N0050001&flno=17); 全民健康保險法 §35 (https://law.moj.gov.tw/LawClass/LawSingle.aspx?pcode=L0060001&flno=35) (all re-read 2026-09-29); due date and actual remittance date per scheme,https://law.moj.gov.tw/LawClass/LawSingle.aspx?pcode=N0030020&flno=53,2026-09-29,,,GAP,"Present: 2026-09-29 (TW-GAP-LATE-SURCHARGE): sources verified. TW-ADMIN-01 cites LI §16–17 and NHI §30–35 only as filing duties; no scheme computes or warns of a surcharge. EI surcharge routing not re-read here. Former disposition: No [IN-SYSTEM 2026-09-29]. Open: No remittance-date input, so no surcharge amount or late-payment warning; needs a shared remittance record.",none (needs a remittance-date record),,,
TW-WELFARE-01,TW,contribution,"Employer: 1–5% of capital at establishment, 0.05–0.15% of monthly revenue, 20–40% of scrap sales. Worker: 0.5% deducted from each monthly wage into the committee fund","Employee Welfare Fund Act (職工福利金條例) arts. 1–2 (https://law.moj.gov.tw/LawClass/LawAll.aspx?pcode=N0040001) (amended 1 July 2015); factory/mine/enterprise within art. 1 scope, established 職工福利委員會, capital, monthly revenue, scrap sales",https://law.moj.gov.tw/LawClass/LawAll.aspx?pcode=N0040001,2026-09-30,,,GAP,"Present: No deduction line, remittance or entity/committee profile in register or seed. 2026-09-28 source verified: 職工福利金條例 (https://law.moj.gov.tw/LawClass/LawAll.aspx?pcode=N0040001), last amended 1 July 2015: art. 1 公營、私營之工廠、礦場或其他企業組織，均應提撥職工福利金; art. 2 ①1–5% of capital at establishment, ②0.05–0.15% of monthly revenue, ③每月於每個職員工人薪津內各扣0.5%, ④20–40% of scrap sales; art. 11 fine up to NT$1,000 and ordered restitution. Disposition: an entity-conditional 0.5% worker deduction, not yet seeded (needs an entity fact for the established 職工福利委員會 and the deduction base 薪津). Former disposition: No [IN-SYSTEM 2026-09-29]. Open: Source verified; no entity fact, deduction scheme or remittance output yet. [R10 2026-09-30] Configured in place in all 14 versions (the Act, last amended 2015-07-01, predates every version: a transcription omission): entity fact `welfare_committee_established` (boolean, default false) and scheme WELFARE_FUND (employee `round_unit(base * 0.5 / 100.0)` on `BASE - ABSENCE - NO_PAY_LEAVE`, only where the fact is true). Re-read 2026-09-30: art. 2(1)(3) 每月於每個職員工人薪津內各扣百分之○‧五 (https://law.moj.gov.tw/LawClass/LawSingle.aspx?pcode=N0040001&flno=2); temporary workers included (勞委會 93-02-17 勞福一字第0930006802號函, laws.mol.gov.tw). Owner rule defaults (law silent): 薪津 is the month’s salary line net of unpaid days, an allowance joining it only where its class lists WELFARE_FUND in counts_toward (the scope is for the entity’s labour-management agreement); rounded to the 元 half up as the insurance shares are; not excluded from 薪資所得 (所得稅法 §14 lists no such exclusion); the deduction presupposes an established committee and fund, so an unrecorded fact withholds nothing. New probe, pending the probe run: 36,000 × 0.5% = 180 (TW-WELFARE-01-1). The employer’s art. 2(1)(1)(2)(4) appropriations (capital, 0.05–0.15% of monthly revenue, scrap sales) are entity-level, outside payroll, and remain unmodelled.",statutory_contributions:WELFARE_FUND; company.facts.welfare_committee_established,,TW-WELFARE-01-1,
TW-PROFIT-01,TW,bonus,"After year-end closing with profit remaining, pay a bonus or profit share to workers without faults for the whole year (amount not fixed); company articles set an employee-compensation percentage; listed-company grassroots allocation to confirm","LSA art. 29 (https://law.moj.gov.tw/LawClass/LawSingle.aspx?pcode=N0030001&flno=29); Company Act art. 235-1 (not re-fetched); Securities and Exchange Act art. 14 grassroots-employee clause (G0400001 (https://law.moj.gov.tw/LawClass/LawSingle.aspx?pcode=G0400001&flno=14), not verified); year-end profit, fault-free full-year workers, articles of incorporation",https://law.moj.gov.tw/LawClass/LawSingle.aspx?pcode=N0030001&flno=29,2026-09-28,,,EXTERNAL,"Present: No entity profit, articles or eligibility input. Entity-level earnings duty, not a computed payroll line; kept as watch/entity row. 2026-09-28 sources verified: LSA art. 29 (https://law.moj.gov.tw/LawClass/LawSingle.aspx?pcode=N0030001&flno=29) 對於全年工作並無過失之勞工，應給與獎金或分配紅利; Company Act art. 235-1 (https://law.moj.gov.tw/LawClass/LawSingle.aspx?pcode=J0080001&flno=235-1) 公司應於章程訂明以當年度獲利狀況之定額或比率，分派員工酬勞; Securities and Exchange Act art. 14 (https://law.moj.gov.tw/LawClass/LawSingle.aspx?pcode=G0400001&flno=14), amended 7 August 2024, 章程訂明以年度盈餘提撥一定比率為基層員工調整薪資或分派酬勞. Sourced disposition: none fixes an amount — the amount is the entity’s articles/board decision, paid through the `bonus` ad hoc class, whose withholding and NHI §31 treatment the bonus goldens prove. There is no statutory 13th-month pay in Taiwan. Former disposition: No [EXTERNAL 2026-09-29]. Open: Entity-level earnings duty with no statutory amount; articles-of-incorporation and eligibility evidence path absent.",adhoc_catalogue:bonus,,,
TW-TAX-06,TW,tax,"A 按月定額 伙食代金 is outside 薪資所得 to NT$3,000 per person per month; the excess is 薪資所得. Not a 勞基法施行細則 §10 exclusion, so it is 工資 for the insurance, pension and §56 reserve bases.","營利事業所得稅查核準則 §88(2)(1) (amended 11 December 2023, from 1 January 2023; https://law-out.mof.gov.tw/LawContent.aspx?id=FL006027); 勞基法施行細則 §10",https://law-out.mof.gov.tw/LawContent.aspx?id=FL006027,2026-09-28,2023-01-01,,VERIFIED,"Proven by probe: an allowance up to NT$3,000 outside 薪資所得 (TW-LI-08-1, TW-PEN-11-1), the excess taxed (TW-TAX-06-1), all of it in the LI/EI/NHI/OCC/pension grades. Probe TW-TAX-06-2 (added 2026-09-30) covers the §56 reserve base including the allowance; not yet run. [R8 2026-09-30] Probe run 443/443 green: TW-LI-08-1 and TW-PEN-11-1 (the allowance to NT$3,000 outside 薪資所得, inside the LI/EI/NHI/OCC/pension grades), TW-TAX-06-1 (the excess taxed) and TW-TAX-06-2 (the §56 reserve 2% on 43,000 including the allowance) pass; every branch of the provision is proven.","allowance_catalogue:MEAL_ALLOWANCE; statutory_contributions:INCOME_TAX|INCOME_TAX_NON_RESIDENT|INCOME_TAX_BONUS|NHI_PART_TIME assessed_on min(MEAL_ALLOWANCE, 3000)","Taiwan — a monthly 伙食代金 is outside 薪資所得 to NT$3,000 (查核準則 §88)",TW-TAX-06-1; TW-LI-08-1; TW-PEN-11-1; TW-TAX-06-2,2026-09-30
TW-REG-01,TW,other,"Register denominator and drift sources: every operative Taiwan article, amendment, subsidiary rule, annual table, sector designation and exception is enumerated against official histories and indexes and watched for drift.","MOL law indexes: labor-conditions (https://laws.mol.gov.tw/flaw/index-1.aspx?fcode=A004), employment-service (https://laws.mol.gov.tw/FLAW/index-1.aspx?fcode=A008), OSH (https://laws.mol.gov.tw/flaw/index-1.aspx?fcode=A005), labor-relations (https://laws.mol.gov.tw/FLAW/index-1.aspx?fcode=A001); BLI, MOF, NHIA historical tables",https://laws.mol.gov.tw/flaw/index-1.aspx?fcode=A004,2026-09-28,,,GAP,"Status: GAP — `STATUTORY_SOURCES.TW` (src/lib/statutory_sources.ts, still as of 2026-09-29) omits laws.mol.gov.tw, www.etax.nat.gov.tw, www.mof.gov.tw, www.ey.gov.tw, www.ly.gov.tw, www.wda.gov.tw / fw.wda.gov.tw and law.cip.gov.tw, so drift runs cannot see those sources; the provision denominator is unreconciled and needs a second legal read of the Chinese originals. | Register scope (26 Sep 2026): Review in progress: 26 September 2026. Scope: all applicable Taiwan worksites, employer and worker classes, for payroll from 1 December 2025 onward. Earlier service, insured salary and tax-year history remain relevant when a December 2025 or later rule reads them. This is Taiwan's independent jurisdiction register. Taiwan is not certified. The rows below are a first source-led crosswalk, not a reconciled all-provision denominator. “Partial” means a sealed path exists for some cases; it does not mean that the whole row is verified. `Implemented? No` means at least one applicable branch or its production evidence is outstanding; the adjacent column names the gap. | Denominator: The certification denominator is each operative provision × effective-date interval × entity/worker/transaction exception, including human actions, filings, receipts and record retention. An employer-specific exclusion requires its legal basis and entity/worker evidence; an unfamiliar industry or worker class is open, not excluded. Optional government grants are outside the mandatory-employer denominator unless the employer elects to claim them, in which case claim conditions and evidence enter scope. No issuer-wide provision count has yet been reconciled, so the 125 branch rows below are not a completion percentage. Source-index sweep status: the MOL labor-conditions (https://laws.mol.gov.tw/flaw/index-1.aspx?fcode=A004), employment-service (https://laws.mol.gov.tw/FLAW/index-1.aspx?fcode=A008), OSH (https://laws.mol.gov.tw/flaw/index-1.aspx?fcode=A005) and labor-relations (https://laws.mol.gov.tw/FLAW/index-1.aspx?fcode=A001) indexes were checked for dated changes, then cross-checked against Gazette orders where the MOL register lagged. This exposed the operative OSH commencement, July pension expansion and April foreign-worker fee change below. Full article-by-article reconciliation of these indexes and the BLI, MOF, NHIA and other issuers' historical tables remains open; the register is not a closed legal universe. | Verification pass: The later source-only register expansion to 107 distinct TW IDs was checked for six matrix cells per row, explicit Yes/No and a nonempty reason for every No. No new seed, source or production-probe change accompanies TW-HOURS-04–06, TW-LEAVE-10 or TW-HIRE-08; those rows remain open. TW-LI-04, TW-PEN-07, TW-NHI-03/04, TW-TAX-05 and TW-ADMIN-11 likewise have no production probes. At that earlier gate, active TW settings covered December 2025, calendar 2026 and 2027 onward. The provisional 2027 version was voided on 29 September 2026: only December 2025 `d0adaad7-6875-5dcb-b39a-e7645791512a` and calendar 2026 `c0662f63-462e-553e-94fc-b91f789ec5f1` remain in force. Their child rows remain; all TW row IDs are unique. There is deliberately no in-force Taiwan settings version from 2027-01-01. | Release gates still open: 1. Enumerate every operative article, amendment, subsidiary rule, annual table, sector designation and exception in the register, and cross-reference them against official amendment histories and indexes. Classify each provision as applicable, source-backed excluded or open. This table is a first pass and its row count is not the final denominator. 2. Independently review the Chinese originals, including Taiwan's designated-work and special enrolment notices. Obtain a second legal read for all profile and transition decisions. 3. Resolve TW-LEAVE-03's shared API validation, TW-LEAVE-04's full-attendance award, TW-EI-02's dated proof/coverage, TW-PEN-02's foreign-professional classification, and TW-MW-03's 2027 final-rate status before any Taiwan certification. These are confirmed gaps, not merely missing raw seed values. 4. For each branch, retain the authoritative independent amount/deadline, input and history capture, sealed version, production probe, saved-input replay, saved output and reviewer disposition. Externally filed or paid duties need submission/receipt evidence. | Former tracker R05, artifact/saved workflow: Focused TW source and production probes are recorded below. A fresh saved-input-to-output artifact run, persisted declarations, approval and filing/receipt checks remain a release gate. A passing source probe alone does not prove production persistence. | Former tracker Historic register 23–29, 109, 127: Existing seeded branches: part-time subminimum grades; employer 0.025% wage-claim fund; 2.11% NHI bonus/employer supplement; voluntary pension to 6%; resident table/5% withholding election and every transcribed 115-year table cell; insured-grade ladder, dated 2027 LI rate and grade × rate × share rounding; recurring allowance as wage/insurance/tax base. The former nationality/age EI finding 28 is now qualified by TW-EI-02's noncitizen legal classes. Selected goldens exist; full profile/date and saved-input cases remain TW-LI/EI/NHI/PEN/TAX. | Former tracker Historic register 58–59, 80–85, 94, 98–102, 128: Seed contains 54-hour consent variant, §35 break and §84-1 flags; leave pay fraction, 24-month inpatient sickness, bereavement/miscarriage tiers, family-care consuming personal quota, menstrual three-day crossover and encashment regrading; new-system severance, annual income-tax reconciliation, declared tax residency, compensatory time, and old-system reserve. `PERSONAL_LEAVE` was corrected to DAY from 2026; family-care remains HOUR. Register 102 (2027 wage/grades) remains a watch, not implemented. Each mechanism has the outstanding branches listed above. | Former tracker Administration inventory 36–37 rows/version: Prior tracker listed LI/EI/occupational/NHI enrolment and withdrawal, premium remittance, pension and old-system reserve, NHI supplementary withholding and annual statement, income withholding statements, wages/attendance records, overtime consent, work-rules filing, and 2026 foreign-professional EI/pension. These are independently represented above as TW-ADMIN-01–08, TW-HOURS, TW-EI and TW-PEN; a calculated amount is not a filing or payment receipt. | 2026-09-28 source review: Seed and code defects recorded, not fixed here. In all 14 `NHI` rows of `statutory_contributions.json` the authority's two NHIA URLs contain inserted spaces (`cp-68-8652 f-35-2.html`, `cp-4516-74 b 0 f-2613-1.html`), and the supplementary-premium point rests on 臺北市政府社會局 rather than 身心障礙者參加社會保險保險費補助辦法 (D0050090) or NHIA. The `STATUTORY_SOURCES.TW` list in `src/lib/statutory_sources.ts` omits laws.mol.gov.tw, www.etax.nat.gov.tw, www.mof.gov.tw, www.ey.gov.tw, www.ly.gov.tw, www.wda.gov.tw / fw.wda.gov.tw and law.cip.gov.tw, so drift runs cannot see the MOL, MOF or pending-instrument sources these rows depend on. Blocked checks. laws.mol.gov.tw timed out or refused connections, gazette.nat.gov.tw returned 521, and www.nhi.gov.tw and theme.ndc.gov.tw returned 403. Citations on those domains are unverified, not confirmed dead; re-check from a Taiwan-reachable network. law.moj.gov.tw, bli.gov.tw, mol.gov.tw, dot.gov.tw, etax, law-out.mof.gov.tw and data.gov.tw returned 200; law.moj.gov.tw shows no LSA amendment after 31 July 2024. | Round 2 nuance coverage: Nuance coverage (one TW profile). Joiner/leaver proration, 事假, rounding, every contribution leg, salary, bonus-month and leaver-month tax, overtime, exit leave encashment, severance, final-pay deadline and the year-end bonus each have a passing golden. No statutory 13th-month pay exists (TW-PROFIT-01). | Phase handoff: Shared phase handoff: Minimum-wage worker-status evidence and intern training classification (TW-HIRE-04), day-unit leave API validation (TW-LEAVE-03), protected attendance bonus (TW-LEAVE-04), EI foreign-professional classification (TW-EI-02/TW-PEN-02), insurer-declared grade/effective-date state across LI/EI/OCC/NHI/pension (TW-LI-04–08, TW-NHI-03–13, TW-PEN-07–12), shift rest/flexible schemes (TW-HOURS-07–08), source denominator review remain open. Employer filings and payments (TW-ADMIN-01–13) are external acts outside the clarified in-product objective, although any HRMS status or receipt representation must be truthful. Full-suite tests, checks and builds were deferred pending the coordinated phase.",sources.research_domains,,,
TW-LI-09,TW,contribution,"BLI maternity and occupational-injury cash benefits are computed and paid by the insurer on its own dated insured-grade records (including earlier employers’ grades); the employer owes the premium and LSA §59, not the insurer benefit.",MOL benefit guidance (https://www.mol.gov.tw/2623/2632/); Labor Occupational Accident Insurance and Protection Act implementing rules art. 40 (https://laws.mol.gov.tw/FLAW/FLAWDOC01.aspx?flno=40&id=FL098479); MOF salary-withholding guidance NM11BZY (https://www.etax.nat.gov.tw/etwmain/tax-info/understanding/tax-q-and-a/national/individual-income-tax/withheld-rule/rule/NM11BZY),https://www.mol.gov.tw/2623/2632/,2026-09-28,,,NOT-APPLICABLE,"Owner rule 2026-09-28: law silent on a payroll product’s role; default record, not compute — BLI computes and pays maternity/injury cash benefits on its own insured-grade records; lawful because the insurer, not the employer, owes them (the employer’s duties are the premium and §59). The §59 offset follows the same rule (TW-EXIT-05). See TW-LI-01, TW-LEAVE-09, TW-EXIT-05. | Former tracker R03, legal coverage and prior-employer history: National TW profile existed with 110 obligation rows across prior versions, but row count was not a legal denominator. Ordinary MOF salary withholding (https://www.etax.nat.gov.tw/etwmain/tax-info/understanding/tax-q-and-a/national/individual-income-tax/withheld-rule/rule/NM11BZY) uses this payer's monthly salary; an unrelated former employer's gross pay does not automatically enter it. Insurer-paid maternity/injury benefits may need earlier employers' dated insured salary grades, under MOL benefit guidance (https://www.mol.gov.tw/2623/2632/) and occupational-injury rules art. 40 (https://laws.mol.gov.tw/FLAW/FLAWDOC01.aspx?flno=40&id=FL098479). Owner rule 2026-09-28: law silent on a payroll product’s role; default record, not compute — BLI computes and pays maternity/injury cash benefits on its own insured-grade records; lawful because the insurer, not the employer, owes them (the employer’s duties are the premium and §59). Closed as a decision; the §59 offset follows the same rule (TW-EXIT-05). See TW-LI-01, TW-LEAVE-09 and TW-EXIT-05.","none (recorded, not computed)",,,
TW-NHI-14,TW,contribution,"Disability social-insurance premium subsidy: the LI/EI subsidy is rounded on its own on the unrounded share, and NHI subsidises the insured and each disabled dependant on their own premium, deducted in the monthly premium billing.","身心障礙者參加社會保險保險費補助辦法 (D0050090) §4–5; NHI Act §27, Enforcement Rules §52; NHIA subsidy table (https://www.nhi.gov.tw/ch/cp-4721-0d598-2645-1.html, updated 115-09-17); NHIA URLs https://www.nhi.gov.tw/en/cp-68-8652f-35-2.html and https://www.nhi.gov.tw/ch/cp-4516-74b0f-2613-1.html",https://www.nhi.gov.tw/ch/cp-4721-0d598-2645-1.html,2026-09-28,,,PARTIAL,"Proven by probe: 中度 half subsidy of the worker’s own LI/EI/NHI share, each rounded on its own (TW-NHI-14-1). Probe TW-NHI-14-2 (added 2026-09-30) covers the 重度 full subsidy; not yet run. Unproven by probe: 輕度 quarter subsidy and a disabled dependant’s own NHI premium. [R8 2026-09-30] Probe run 443/443 green: TW-NHI-14-1; TW-NHI-14-2 pass; status stays PARTIAL for the branches named above. [R9 2026-09-30] New probes, pending the probe run: 輕度 quarter subsidy and a disabled dependant’s own premium subsidised in full (TW-NHI-14-3).",statutory_contributions:NHI; statutory_contributions:LI; statutory_contributions:EI (disability subsidy),"TW round 4 — NHI subsidises the insured and each disabled dependant on their own premium (§27, 細則 §52)",TW-NHI-14-1; TW-NHI-14-2; TW-NHI-14-3,2026-09-29
TW-PEN-13,TW,contribution,"An ROC national employed before 2005-07-01 who continued at the same unit may retain the LSA old pension system (no choice = old system continued): no new-system contribution, and the LSA §56 old-system employer reserve stays due.",Labor Pension Act §§8–9 as published by BLI (https://www.bli.gov.tw/0102559.html); BLI coverage explanation (https://www.bli.gov.tw/0022156.html); LSA §56 (https://law.moj.gov.tw/LawClass/LawSingle.aspx?pcode=N0030001&flno=56),https://www.bli.gov.tw/0102559.html,2026-09-29,,,VERIFIED,,"statutory_contributions:LABOR_PENSION (old_system_retained, election date, reference); statutory_contributions:LABOR_PENSION_RESERVE",Taiwan — retained old-system pension requires dated proof and funds the employer reserve,TW-PEN-13-1; TW-EXIT-03-1,2026-09-30
TW-PEN-14,TW,contribution,A foreign professional (new system from 2018-02-08) or other foreign permanent resident (from 2019-05-17) serving the same unit before that date and already permanently resident could elect the LSA old system in writing before 2018-08-07 or 2019-11-16 respectively; a retained old-system worker takes no new-system contribution and the old-system reserve.,BLI old/new pension transition guide §§5–6 (https://www.bli.gov.tw/en/0010369.html),https://www.bli.gov.tw/en/0010369.html,2026-09-29,2018-02-08,,PARTIAL,"Proven by probe: a foreign professional permanently resident and serving before 2018-02-08 who elected the old system in writing before 2018-08-07 (TW-PEN-14-1). Unproven by probe: the other-foreign-PR branch (from 2019-05-17, election before 2019-11-16) and an out-of-window election. [R9 2026-09-30] New probes, pending the probe run: the other-foreign-PR 2019 branch elected on the window’s last day (TW-PEN-14-2) and an election one day late refusing the run (TW-PEN-14-3).",statutory_contributions:LABOR_PENSION; statutory_contributions:LABOR_PENSION_RESERVE,Taiwan ${period} — documented ${transition} retains old pension at the same unit,TW-PEN-14-1; TW-PEN-14-2; TW-PEN-14-3,2026-09-29
TW-PEN-15,TW,contribution,A foreign professional or other foreign worker granted permanent residence after the 2018/2019 commencement may elect the LSA old pension system in writing within six months of the individual PR grant; 2014 foreign-spouse/naturalisation elections likewise need dated status history.,Labor Pension Act art. 8-1 (https://law.moj.gov.tw/LawClass/LawSingle.aspx?pcode=N0030020&flno=8-1); BLI pension transition guide §§5–6 (https://www.bli.gov.tw/en/0010369.html),https://law.moj.gov.tw/LawClass/LawSingle.aspx?pcode=N0030020&flno=8-1,2026-09-30,,,GAP,"Configured 2026-09-30 [R9b] in the live 2025-12 and 2026 versions (the voided versions carry no PR-election route at all): `add_months` now exists in the scheme vocabulary, so a rule accepts LABOR_PENSION NOT_REGISTERED with pr_old_transition_class FOREIGN_LATER_PR_GRANT where the worker is a PERMANENT_RESIDENT, residency_since is after 2019-05-17, service_start is before 2019-05-17, a declaration reference is recorded and the written election falls in [residency_since, add_months(residency_since, 6)). Law: 勞工退休金條例 §8-1(1)(3) (取得身分之日 applies the Act) and §8-1(2) (施行前已受僱且仍服務於同一事業單位者，於適用本條例之日起六個月內 得以書面 選擇 舊制), re-read 2026-09-30 at https://law.moj.gov.tw/LawClass/LawSingle.aspx?pcode=N0030020&flno=8-1. Recorded default (the law does not fix the day arithmetic): the window ends before the same day six months later — stricter than 行政程序法 §48 by one day. Golden replaced: the 2024-03-01 grant with a 2024-08-31 election is priced (reserve 2,400) and a 2024-09-01 election refuses. Probes TW-PEN-15-1 / -2 pending the probe run. Open: the same-unit continuity and PR-grant date rest on the declaration reference (no dated status history); the 2014 foreign-spouse/naturalisation class (§8-1(1)(1)) is not configured; foreign professionals under 外國專業人才延攬及僱用法 who gained PR after 2018 are mandatory per BLI §5 and are not distinguished from §8-1(2) by the class alone. | Former: Status: GAP — the expression vocabulary has no calendar-month deadline function and the terms do not prove dated PR-grant history, unchanged work class or same-unit continuity, so a lawful case refuses (golden “Taiwan ${period} — a later PR grant with a declared old-pension election refuses until the six-month window is verified” pins the refusal). | Round 16: BLI's pension transition guide (https://www.bli.gov.tw/en/0010369.html) §§5–6 says a foreign professional or other foreign worker who gains permanent residence _after_ the applicable 2018/2019 commencement may elect the LSA old pension system in writing within six months of the individual PR grant. The current expression vocabulary has the recorded `residency_since` and election date but no calendar-month deadline function, and the employment terms do not prove dated PR grant history, unchanged work class, or same-unit continuity. A declared 2024-03-01 PR grant and 2024-08-31 old-system election therefore still refuses in saved 2025/2026 payroll probes. This may be a lawful case; the product cannot safely price it until the grant/election interval and identity evidence can be verified. The separate 2026 professional election through 2026-06-30 remains governed by its seeded rule. No seed-only exception was added. Tests, checks and builds await the combined gate; Taiwan remains uncertified.","statutory_contributions:LABOR_PENSION (pr_old_transition_class FOREIGN_LATER_PR_GRANT, pr_old_election_on); statutory_contributions:LABOR_PENSION_RESERVE",Taiwan ${period} — a later PR grant opens a six-month old-pension election for a worker serving the unit before 2019-05-17,TW-PEN-15-1; TW-PEN-15-2,
TW-WATCH-01,TW,leave,"May 2026 family-leave reform (drafts): maternity leave 8→12 weeks with a subsidy for pay beyond 8 weeks; paternity 7→14 days; parental leave to children aged 6, renamed 育兒留職停薪; new 育兒假 for children under 6; 就業保險法 draft adds 3 months of parental allowance when both parents use 6 months (up to 9 months combined). No effect until enacted and commenced.",Executive Yuan approval 28 May 2026 (https://www.ey.gov.tw/Page/9277F759E41CCD91/aa25f387-2af7-4aee-862f-b2870204309d); MOL release (https://www.mol.gov.tw/1607/1632/1633/90799/); 性別平等工作法 and 就業保險法 draft amendments,https://www.ey.gov.tw/Page/9277F759E41CCD91/aa25f387-2af7-4aee-862f-b2870204309d,2026-09-28,,,AWAITING-LAW,"Status: drafts approved by the Executive Yuan 28 May 2026 and sent to the Legislative Yuan; no commencement; third reading by 28 September 2026 not checked on ly.gov.tw. | Source watch: Source-watch items remain separate from effective obligations: the 2027 minimum-wage proposal (https://www.mol.gov.tw/1607/1632/1633/99195/) (NT$30,900/month, NT$205/hour from 1 January 2027, pending Executive Yuan approval) and the May 2026 family-leave reform need final orders. The reform is two drafts approved by the Executive Yuan on 28 May 2026 (https://www.ey.gov.tw/Page/9277F759E41CCD91/aa25f387-2af7-4aee-862f-b2870204309d) and sent to the Legislative Yuan (MOL release (https://www.mol.gov.tw/1607/1632/1633/90799/)): a 性別平等工作法 draft (maternity leave 8→12 weeks with a subsidy for pay beyond 8 weeks; paternity leave 7→14 days; parental leave extended to children aged 6 and renamed 育兒留職停薪; a new 育兒假 for children under 6) and a 就業保險法 draft (3 further months of parental allowance when both parents use 6 months, up to 9 months combined). The release gives no commencement for the leave changes; a third reading by 28 September 2026 was not checked on ly.gov.tw. Neither governs a sealed rule until enacted and commenced. The 30 June 2026 OSH Facilities Rules changes (https://laws.mol.gov.tw/FLAW/FLAWDOC01.aspx?flno=21-3&id=FL015021) start 1 January 2027 and new construction-site training art. 11-2 (https://laws.mol.gov.tw/FLAW/FLAWDOC01.aspx?flno=11-2&id=FL015026) starts 1 July 2027. The 2026 OSH Act bullying duties are already effective from 1 July 2026 under the Executive Yuan order and appear as TW-OSH-03–06. | 2026-09-28: Source watch. The May 2026 family-leave item now cites the Executive Yuan release of 28 May 2026 and the companion 就業保險法 draft. Legislative Yuan status was not checked.",none,,,
TW-OSH-12,TW,other,OSH Facilities Rules changes of 30 June 2026 (incl. art. 21-3) start 1 January 2027.,職業安全衛生設施規則 art. 21-3 (https://laws.mol.gov.tw/FLAW/FLAWDOC01.aspx?flno=21-3&id=FL015021),https://laws.mol.gov.tw/FLAW/FLAWDOC01.aspx?flno=21-3&id=FL015021,2026-09-28,2027-01-01,,EXTERNAL,"Status: published, commences 2027-01-01; content not reconciled; employer OSH duty outside payroll.",none,,,
TW-OSH-13,TW,other,New construction-site training duty (OSH training rules art. 11-2) starts 1 July 2027.,OSH training rules art. 11-2 (https://laws.mol.gov.tw/FLAW/FLAWDOC01.aspx?flno=11-2&id=FL015026),https://laws.mol.gov.tw/FLAW/FLAWDOC01.aspx?flno=11-2&id=FL015026,2026-09-28,2027-07-01,,EXTERNAL,"Status: published, commences 2027-07-01; content not reconciled; employer training duty outside payroll.",none,,,
