id,profile,area,provision,citation,url,source_checked,effective_from,effective_to,status,reason,config_path,golden,probe,verified_at
VN-LC01-01,VN,records,"Worker/employer status, recruitment and headcount → lawful hiring, equal treatment, prohibited-practice controls and employer labour-management records",Labour Code 45/2019/QH14 (consolidation 18/VBHN-VPQH of 12 Feb 2026) arts.1–12; December 2025 onward,https://vanban.chinhphu.vn/?docid=217002&pageid=27160,2026-09-29,2025-12-01,,EXTERNAL,"Contract/payroll facts do not evidence recruitment, anti-discrimination, anti-harassment or art.12 management/reporting duties; applicable subsidiary duties are not enumerated. Closure case: Reconcile arts.1–12 and the employer reporting instrument; sample direct hire, disguised employment and headcount changes. (Register status 2026-09-29: No [EXTERNAL 2026-09-29].)",obligations:LABOUR_MANAGEMENT_BOOK,,,
VN-LC01-02,VN,filing,"Employer with workers → initial labour declaration; labour-change reports every six months (before **5 June**) and annually (before **5 December**) through the National Public Service Portal on **Form 01/PLI**, with notice to the district social-insurance office",Decree 145/2020/ND-CP (Official Gazette 1203+1204) art.4(1)–(2); whole scope,https://congbaocdn.chinhphu.vn/CongBaoCP/VanBan/2020/12/32732/33806-1-20201203-1204145-2020-nd-cp.pdf,2026-09-29,2025-12-01,,EXTERNAL-RECORDED,"Configured 2026-10-01 (phase 2, the four live versions): duty type LABOUR_USE_REPORT (the June and December calendar months) in `jurisdiction_settings.duty_types` raises a dated obligation instance whose fulfilment records the authority reference (National Public Service Portal receipt number); owner rule 2026-10-01 (law says “trước ngày 05”): due by the 4th of June and of December. Not raised: the initial declaration within 30 days of starting operations (no start-of-operations event); the post-2025 receiving body still lacks a primary citation. Probe VN-PITFILE-01-1 awaits the Prove phase. Prove phase (2026-10-01): the saved-instance oracle needs the obligation_calendar sweep to run before obligation_instances are read; the harness (tests/e2e/payroll-probe.ts) raises no automation before `saved`. No dated report, form, portal receipt or SI-office notice is generated or retained. Decree 145/2020/ND-CP names the provincial Department of Labour, War Invalids and Social Affairs; the post-2025 successor body and current channel lack a primary citation. Closure case: 4/5 June and 4/5 December submissions, headcount change and portal receipt. (Register status 2026-09-29: No [EXTERNAL 2026-09-29].) Source note (Decree 145/2020): signed scan https://vanban.chinhphu.vn/default.aspx?docid=201967&pageid=27160 has no text layer; Official Gazette 1203+1204 of 28 December 2020 carries one, continued in 1205+1206 https://congbaocdn.chinhphu.vn/CongBaoCP/VanBan/2020/12/32732/33809-1-20201205-1206145-2020-nd-cp.pdf. Coverage review still open: the post-2025 successor to the provincial labour department for OT and labour-change notices.",obligations:LABOUR_USE_REPORT; duty_types:LABOUR_USE_REPORT,,VN-PITFILE-01-1,
VN-LC13-01,VN,other,"Actual work relationship, worker age, duties and term → lawful contract type, written/electronic form and essential terms",Labour Code 45/2019/QH14 (consolidation 18/VBHN-VPQH of 12 Feb 2026) arts.13–24; whole scope,https://vanban.chinhphu.vn/?docid=217002&pageid=27160,2026-09-29,2025-12-01,,GAP,"Reclassified 2026-09-30 from EXTERNAL: the contract type and term decide SI/HI coverage (Law 41/2024/QH15 art.2(1)(a), (2)), UI coverage (Law 74/2025/QH15 art.31(1)(a)), the 10% PIT withholding under three months and severance, so a missing lawful-type determination changes a payslip. Missing: a check of the lawful contract type (Labour Code art.20(1)), the art.20(2) renewal rule (a second fixed term, then only indefinite), the foreign-worker term cap (art.151(2)), and the written form and essential terms (arts.14, 21). History: Saved contract data exists, but status, required terms, permitted fixed-term renewal and all special-worker branches have not been provision-reconciled or probed. An INTERN label is not a legal exclusion. Closure case: Review each contract subsection; save a disguised employee, renewal, underage and lawful training placement. R03/R28.",obligations:LABOUR_CONTRACT,,,
VN-LC20-01,VN,other,"Contract start/end, prior fixed-term renewals, continued work after expiry and worker class → fixed term at most **36 months**; a new contract within **30 days** of expiry or the contract becomes indefinite; only **one** further fixed-term contract, then indefinite. Exceptions: hired directors of state-capital enterprises, art.149(1) older workers, art.151(2) foreign workers, art.177(4) union officers",Labour Code 45/2019/QH14 (Official Gazette 993+994) art.20; whole scope,https://congbaocdn.chinhphu.vn/CongBaoCP/VanBan/2019/11/30232/29070-1-2019993-99445-2019-qh14.pdf,2026-09-29,2025-12-01,,IMPLEMENTED,"Configured 2026-10-01 (phase 2, the four live versions): stored checks FIXED_TERM_OVER_36_MONTHS_TERMS_CHANGE and _EXIT refuse a CONTRACT (fixed-term) employment whose last day is on or after its start + 36 months (art.20(1)(b)). Still GAP: the renewal count (one further fixed term, then indefinite), continued work after expiry and the 30-day conversion, and the exception classes (no dated contract history is read). Probe VN-LC20-01-1 awaits the Prove phase. No dated renewal count, post-expiry work, 30-day conversion or exception class is saved; contract type drives notice, severance and service count. Closure case: Day 30/31 after expiry, third fixed-term contract, foreign-worker and older-worker exceptions. (Register status 2026-09-29: No [IN-SYSTEM 2026-09-29].)",checks:FIXED_TERM_OVER_36_MONTHS_TERMS_CHANGE; checks:FIXED_TERM_OVER_36_MONTHS_EXIT,,VN-LC20-01-1,
VN-LC25-02,VN,wages,"Role class, contract length and probation wage → no probation for contracts under one month (art.24(3), not re-read); once per job; at most **180** days (enterprise manager), **60** (college level or above), **30** (intermediate/technical/clerical), **6 working days** (other); probation wage at least **85%** of the job wage and also at or above the regional minimum; result notified at the end",Labour Code 45/2019/QH14 (Official Gazette 993+994) arts.24–27; whole scope,https://congbaocdn.chinhphu.vn/CongBaoCP/VanBan/2019/11/30232/29070-1-2019993-99445-2019-qh14.pdf,2026-09-29,2025-12-01,,IMPLEMENTED,"Configured 2026-10-01 (phase 2, the four live versions): terms inputs `probation_class` (ENTERPRISE_MANAGER, COLLEGE_OR_ABOVE, INTERMEDIATE_OR_TECHNICAL, OTHER) and `probation_job_wage`; stored checks PROBATION_TOO_LONG_TERMS_CHANGE/_EXIT refuse a PROBATION employment longer than 180/60/30 calendar days by class (art.25(1)–(3)) and PROBATION_WAGE_BELOW_85 refuses a probation wage below 85% of the job wage (art.26). The limits are literals of the stored check: the check site binds no reference tables, so they cannot live in reference_rows yet. Still GAP: the 6-working-day class (art.25(4), no working-day calendar at the check site), once per job, no probation under a one-month contract, the result notice. Probe VN-LC25-02-1 awaits the Prove phase. No sealed role-class limit, 85% floor check against the job wage or result-notice evidence exists. Closure case: Day 60/61 college-level probation, 84%/85% wage, second probation for the same job. (Register status 2026-09-29: No [IN-SYSTEM 2026-09-29].) Absorbs index row VN-LC25-01 (Labour Code 45/2019/QH14 (consolidation 18/VBHN-VPQH of 12 Feb 2026) arts.25–29; whole scope): Probation agreement, role, dates and wage → limit, minimum probation pay and notice/result — Probation scope and pay/finalization are not independently traced from saved facts to payslip. Closure case: Boundary cases for job category, repeat probation and early exit. (Register status: No [IN-SYSTEM 2026-09-29].)",terms_facts:probation_class; terms_facts:probation_job_wage; checks:PROBATION_TOO_LONG_TERMS_CHANGE; checks:PROBATION_TOO_LONG_EXIT; checks:PROBATION_WAGE_BELOW_85,,VN-LC25-02-1,
VN-LC30-01,VN,wages,Suspension/return dates and ground → salary/benefit treatment and reinstatement duty,Labour Code 45/2019/QH14 (consolidation 18/VBHN-VPQH of 12 Feb 2026) arts.30–33; whole scope,https://vanban.chinhphu.vn/?docid=217002&pageid=27160,2026-09-29,2025-12-01,,GAP,"The suspension categories and return/pay consequences lack a complete dated mechanism/evidence trace. Closure case: Maternity-related suspension, detention and delayed return. (Register status 2026-09-29: No [IN-SYSTEM 2026-09-29].)",,,,
VN-LC34-01,VN,severance,"Actual legal termination ground, notice, service and contribution history → valid exit, severance/job-loss amount, final pay and document return",Labour Code 45/2019/QH14 (consolidation 18/VBHN-VPQH of 12 Feb 2026) arts.34–48; whole scope,https://vanban.chinhphu.vn/?docid=217002&pageid=27160,2026-09-29,2025-12-01,,PARTIAL,"Unproven (re-judged 2026-09-30; was VERIFIED 2026-09-29): every termination ground other than a resignation (art.34(9) with art.35) and a redundancy (art.34(11)) — expiry, completion, mutual agreement, dismissal, the employer's unilateral termination and an unlawful exit (arts.39–41); notice periods and their exceptions; the art.48(3) document return. Proven: resignation severance and redundancy job-loss with final pay (VN-LC46-02-1). History: Ordinary severance/job-loss rows exist, but grounds, all notice exceptions, UI-covered service and procedural duties are not fully distinguished. Closure case: Natural expiry, unilateral exit, redundancy and unlawful exit; trace saved decision and employer documents. R27/MP05. [Batch 10 2026-09-30] Probe VN-LC48-01-1 adds a redundancy leaver on 24 uncovered months (2 × 22,000,000 job-loss) and a fully UI-covered resigner owed no severance; awaits the test phase.","exit_facts:pension_eligible,absent_five_days; adhoc_catalogue:SEVERANCE_ALLOWANCE,JOB_LOSS_ALLOWANCE","VN audit — who is owed severance and job-loss allowance (Labour Code arts.34, 36(1)(e), 46(1), 47(1))",VN-LC46-02-1; VN-LC46-02-2; VN-LC48-01-1,2026-09-29
VN-LC35-01,VN,notice,"Contract type/term, special job and resignation ground → notice at least **45 days** (indefinite), **30 days** (12–36 months), **3 working days** (under 12 months); aircrew, enterprise managers and seafarers abroad **120 days** or one quarter of a term under 12 months; art.35(2) no-notice grounds including unpaid or late wages (except the art.97(4) case). Unlawful employee termination → no severance, pays half a month's contract wage plus wages for un-noticed days and repays training costs","Labour Code 45/2019/QH14 (Official Gazette 993+994) arts.35,36(2),40 and Decree 145/2020/ND-CP (Official Gazette 1203+1204) art.7; whole scope",https://congbaocdn.chinhphu.vn/CongBaoCP/VanBan/2019/11/30232/29070-1-2019993-99445-2019-qh14.pdf,2026-09-29,2025-12-01,,GAP,"No notice-period selector, special-job class, resignation ground or art.40 liability path is mapped; VN-LC41-01 covers only the employer side. Closure case: 44/45-day notice, three-working-day short contract, manager 120 days and late-wage resignation. (Register status 2026-09-29: No [IN-SYSTEM 2026-09-29].)",obligations:TERMINATION_NOTICE,,,
VN-LC48-01,VN,final_pay,"Termination date, employer type and ground → settle all amounts within **14 working days**, extendable to at most **30 days** for a non-individual employer ceasing operation, restructuring/economic reasons, merger/split/sale, or disaster/fire/epidemic; worker claims have priority on dissolution/bankruptcy; employer confirms SI/UI periods and returns original documents",Labour Code 45/2019/QH14 (Official Gazette 993+994) art.48; whole scope,https://congbaocdn.chinhphu.vn/CongBaoCP/VanBan/2019/11/30232/29070-1-2019993-99445-2019-qh14.pdf,2026-09-30,2025-12-01,,PARTIAL,"Phase 2 note (2026-10-01): FINAL_SETTLEMENT is not a duty type because its 14-working-day due date needs a working-day calendar the obligation site does not bind (span().working_days() reads 0 there); the run warning stays the deadline. Unproven (re-judged 2026-09-30; was VERIFIED 2026-09-29): the 14-working-day deadline and the 30-day extension (goldens only: the probe compares payslip lines, not the FINAL_PAY_LATE run warning); the actual payment date; the art.48(1)(a),(c),(d) extension grounds; the art.48(3) SI/UI confirmation and document return; worker-claim priority on dissolution or bankruptcy. Proven: the final amounts settle in the exit period (VN-LC46-02-1). History: No settlement-deadline clock, extension ground, payment date or document-return evidence is saved. 2026-09-28: the working-day deadline and the redundancy extension are proven as a run warning; the actual payment date, the art.48(1)(a),(c),(d) extension evidence and the art.48(3) document return are still not saved. Closure case: Day 14/15 working-day settlement, restructuring extension to day 30 and document handoff. 2026-09-28: `tests/statutory-golden-vn.test.ts` proves the 14-working-day clock on the run: a Wednesday 9 September 2026 leaver is due 29 September and the 30 September run warns FINAL_PAY_LATE; a Tuesday 15 September leaver (due 5 October) and a REDUNDANCY leaver (art.48(1)(b), 30 days) do not. The day of termination is not counted (Civil Code 91/2015/QH13 art.147(3)). Source note (Civil Code 91/2015): Official Gazette 1243+1244 and 1245+1246 of 28 December 2015 (in force 01/01/2017; issuer record https://vanban.chinhphu.vn/default.aspx?pageid=27160&docid=183188); art.147(3) a period beginning with an event excludes that day; art.148(5) a period ending on a rest day or holiday ends at the end of the next working day; replaces the unreachable pbgdpl.camau.gov.vn summary. Further golden: “VN art.48(1): the final settlement is due on the 14th working day of the leaver’s pattern, holidays excluded”; Vietnam — severance and job-loss pay the uncovered service on the six-month average, outside PIT, and the 14-working-day settlement clock (Labour Code arts.46–48; Decree 145/2020 art.8; Decree 253/2026 art.8(3)(h)).Source ledger Civil Code 91/2015/QH13: https://congbao.chinhphu.vn/van-ban/luat-so-91-2015-qh13-18397.htm 'Civil Code 91/2015/QH13, Official Gazette 1243+1244 and 1245+1246 of 28 December 2015 (issued 24/11/2015, in force 01/01/2017; issuer record https://vanban.chinhphu.vn/default.aspx?pageid=27160&docid=183188). Gazette PDF text read 2026-09-29: art.147(3) — a period that begins with an event excludes the day of the event and runs from the next day; art.148(5) a period ending on a weekly rest day or holiday ends at the end of the next working day. Replaces the unreachable pbgdpl.camau.gov.vn summary' [Batch 10 2026-09-30] Art.48(1) re-read (Official Gazette 993+994 p.24, text layer, 2026-09-30). Probe VN-LC48-01-1 pins the FINAL_PAY_LATE warning on a saved run (the harness now reads run warnings): a Friday 6 March 2026 resigner due Thursday 26 March warns on the 31 March run; a redundancy leaver the same day, art.48(1)(b) 30 days (5 April), does not. Awaits the test phase.",payroll.final_pay_due_days; payroll.final_pay_deadlines; exit_facts:final_settlement_extended,"VN audit — the final settlement is due in 14 working days, 30 days only in the art.48(1)(a)–(d) cases",VN-LC46-02-1; VN-LC48-01-1,2026-09-29
VN-LC41-01,VN,severance,"Established unlawful-employer-termination finding, wages, SI/HI/UI and employee election → reinstatement or statutory remedy",Labour Code 45/2019/QH14 (consolidation 18/VBHN-VPQH of 12 Feb 2026) art.41; whole scope,https://vanban.chinhphu.vn/?docid=217002&pageid=27160,2026-09-29,2025-12-01,,GAP,"No legal-decision/remedy input or priced compensation path. Engine must consume an established finding, not infer illegality from a generic exit label. Closure case: Reinstatement, refusal and agreed non-reinstatement cases. R27. (Register status 2026-09-29: No [IN-SYSTEM 2026-09-29].)",,,,
VN-LC46-01,VN,severance,"Prior/current contracts, UI-insured years and six adjacent contractual-wage months → severance/job-loss amount",Labour Code 45/2019/QH14 (consolidation 18/VBHN-VPQH of 12 Feb 2026) arts.46–47 and Decree 145/2020/ND-CP art.8; whole scope,https://vanban.chinhphu.vn/?docid=217002&pageid=27160,2026-09-29,2025-12-01,,PARTIAL,"Unproven (re-judged 2026-09-30; was VERIFIED 2026-09-29): successive contracts and prior-employer history; a wage change inside the six-month average window; UI history other than one registration date. Proven: uncovered service on a constant six-month average (VN-LC46-02-1). History: Six-month selector is versioned and missing contract history refuses, but successive contracts, exclusions, mid-month wage changes and historical UI periods need independent saved-path cases. 2026-09-28: the mid-month and month-end positive cases pass (the month-end over-count is fixed: `facts.<CODE>.since_months` now measures to the same morning-after-exit as service). Closure case: Source-backed prior-employer/history and consecutive-contract cases; R27/MP05. 2026-09-28: `tests/statutory-golden-vn.test.ts` “severance and job-loss pay the uncovered service…” prices a 15 September 2026 END_OF_CONTRACT leaver hired 1 July 2006 with UI from 1 January 2009 (30 uncovered months → 2.5 years × ½ × 60,000,000 = 75,000,000) and a REDUNDANCY leaver (art.47: 150,000,000) on the six-month contractual average, read from Labour Code 45/2019/QH14 (Official Gazette 993+994) arts.46–47 and Decree 145/2020/ND-CP (Official Gazette 1203+1204) art.8(1)–(3). “a month-end leaver counts the exit month under UI too” prices a 30 September 2026 exit: 243 − 213 = 30 months → 75,000,000 (Decree 145/2020/ND-CP (Official Gazette 1203+1204) art.8(3)).","adhoc_catalogue:SEVERANCE_ALLOWANCE,JOB_LOSS_ALLOWANCE; payroll.separation_wage_average_months","Vietnam — severance and job-loss pay the uncovered service on the six-month average, outside PIT, and the 14-working-day settlement clock (Labour Code arts.46–48; Decree 145/2020 art.8; Decree 253/2026 art.8(3)(h))",VN-LC46-02-1; VN-LC46-02-2,2026-09-29
VN-LC46-02,VN,severance,"Service periods, UI-paid time, cash paid in lieu of UI, prior severance paid, pension eligibility and abandonment → count full years; remainder up to 6 months = half year, over 6 months = one year; deduct UI-paid time, in-lieu cash time and service already compensated; no severance for pension-eligible workers or 5+ consecutive working days' unjustified abandonment; job-loss allowance at least **2 months'** wages where countable service is under 24 months",Decree 145/2020/ND-CP (Official Gazette 1203+1204) art.8(1)–(3); whole scope,https://congbaocdn.chinhphu.vn/CongBaoCP/VanBan/2020/12/32732/33806-1-20201203-1204145-2020-nd-cp.pdf,2026-09-29,2025-12-01,,PARTIAL,"Unproven (re-judged 2026-09-30; was VERIFIED 2026-09-29): deduction of time paid in lieu of UI and of service already compensated; no severance for a pension-eligible leaver; no severance after 5 or more consecutive working days' unjustified abandonment; the job-loss multiple at 24 months or more. Proven: 12 uncovered months and the 2-month job-loss minimum (VN-LC46-02-1); the ≤ 6 / > 6-month leftovers (hoa_job 18 months → 1.5 years, hung_job 19 → 2 years) were added to VN-LC46-02-1 on 2026-09-30 and await the test phase. History: The half-year/one-year rounding, deductions and exclusions are not independently sealed or probed. Closure case: 6/7-month remainders, in-lieu cash period, pension-eligible leaver and 23/24-month job loss. 2026-09-28: 30-month (2 y 6 m → 2.5 y) remainder and the art.47 job-loss multiple proven in `tests/statutory-golden-vn.test.ts`; the art.8(3)(c) text (“ít hơn hoặc bằng 06 tháng … 1/2 năm, trên 06 tháng … 01 năm”) re-read in Decree 145/2020/ND-CP (Official Gazette 1203+1204) p.10.","adhoc_catalogue:SEVERANCE_ALLOWANCE,JOB_LOSS_ALLOWANCE; exit_facts:pension_eligible,absent_five_days","VN audit — severance is half a month per uncovered year, the leftover ≤ 6 months a half year and > 6 a year",VN-LC46-02-1; VN-LC46-02-2,2026-09-29
VN-LC49-01,VN,other,"Court finding of partly/wholly invalid contract and applicable collective/legal wage → corrected terms, arrears, insurance and employee remedy",Labour Code 45/2019/QH14 (consolidation 18/VBHN-VPQH of 12 Feb 2026) arts.49–51; December 2025 onward,https://vanban.chinhphu.vn/?docid=217002&pageid=27160,2026-09-29,2025-12-01,,GAP,"Owner decision 2026-09-30: no retro recalculation (package X/L4 out of scope) — the corrected terms and arrears for periods already paid need a recalculation of committed payslips; a correction is a manual ad hoc line in a later run. No saved invalidity finding or remedy and arrears workflow; validity is a court decision, not a payroll inference. Closure case: Partly invalid wage term, wholly invalid agreement, dated court order and recalculated payroll. (Register status 2026-09-29: No [IN-SYSTEM 2026-09-29].)",,,,
VN-LC52-01,VN,other,"Licensed labour supplier, permitted job, assignment length and comparable host wages → lawful dispatch, no pay disadvantage and correct employer obligations",Labour Code 45/2019/QH14 (consolidation 18/VBHN-VPQH of 12 Feb 2026) arts.52–58; December 2025 onward,https://vanban.chinhphu.vn/?docid=217002&pageid=27160,2026-09-29,2025-12-01,,GAP,"Supplier/host relationship, licence, assignment cap, comparator pay and respective HR duties are not recorded or priced. Closure case: Twelve-month boundary, comparator wage and host/supplier responsibility. (Register status 2026-09-29: No [IN-SYSTEM 2026-09-29].)",,,,
VN-LC59-01,VN,wages,"Annual training plan, apprenticeship type/age/duration, work performed, fee and contract → training pay, no prohibited tuition, reimbursement and annual report",Labour Code 45/2019/QH14 (consolidation 18/VBHN-VPQH of 12 Feb 2026) arts.59–62 as amended by Vocational Education Law 124/2025/QH15 art.43 from January 2026,https://vanban.chinhphu.vn/?docid=217002&pageid=27160,2026-09-29,2025-12-01,,GAP,"Intern classification does not prove a lawful apprentice/trainee; work pay, no-fee rule, written training contract and report are not evidenced. Closure case: Paid trainee performing work; 3-month trainee cap; January 2026 amended program/fee branches. (Register status 2026-09-29: No [IN-SYSTEM 2026-09-29].)",,,,
VN-LC63-01,VN,other,"Workplace dialogue, representative body, bargaining and operative collective agreement → employer process and binding pay/leave terms",Labour Code 45/2019/QH14 (consolidation 18/VBHN-VPQH of 12 Feb 2026) arts.63–89; December 2025 onward,https://vanban.chinhphu.vn/?docid=217002&pageid=27160,2026-09-29,2025-12-01,,GAP,"No dated agreement and consultation evidence is linked to the pay rule; arts.75–79 require separate instrument-text verification because OCR omitted their headings. Closure case: Agreement signed/expired/invalidated, enterprise transfer and superior collective terms. (Register status 2026-09-29: No [SOURCE 2026-09-29].)",obligations:WORKPLACE_DIALOGUE,,,
VN-LC90-01,VN,wages,"Wage agreement, pay unit, components, frequency and actual work → lawful pay and payslip",Labour Code 45/2019/QH14 (consolidation 18/VBHN-VPQH of 12 Feb 2026) arts.90–96; whole scope,https://vanban.chinhphu.vn/?docid=217002&pageid=27160,2026-09-29,2025-12-01,,PARTIAL,"Unproven (re-judged 2026-09-30; was VERIFIED 2026-09-29): product, piece and task pay; payment frequency and timing; payslip content (art.95(3)); components other than a monthly basic salary. Proven: a time wage with a mid-month raise, prorated on working days (VN-LC90-01-1). History: Salary categories exist; product/piece/task pay, full wage definition, lawful payment timing and payslip content remain unproved. Closure case: Piece output with units, late payment, allowed pay form and payroll records. Batch 9 (2026-09-30): a component other than the monthly basic (the seed MEAL_ALLOWANCE on the contract) is on the payslip in VN-LC98-02-2; awaits the test phase.",obligations:WAGE_SCALE_AND_NORMS,,VN-LC90-01-1; VN-SI-05-1; VN-LC98-02-2,2026-09-29
VN-LC97-01,VN,wages,"Qualifying late wage, due/paid dates and governing bank rate → statutory delay compensation",Labour Code 45/2019/QH14 (consolidation 18/VBHN-VPQH of 12 Feb 2026) art.97; whole scope,https://vanban.chinhphu.vn/?docid=217002&pageid=27160,2026-09-29,2025-12-01,,PARTIAL,"Unproven (re-judged 2026-09-30; was VERIFIED 2026-09-29): the under-15-day no-compensation branch and the force-majeure branch until the test phase runs the workers added to VN-LC97-01-1 on 2026-09-30 (xuyen_job paid 14 days late → none; xoan2_job force majeure → 49,316). Proven: a 20-day delay at a stated bank rate (xuan_job). History: No amount or rate-history mechanism for established qualifying delay. Art.97(4) (Gazette text, 2026-09-28): a force-majeure delay may not exceed **30 days**; a delay of **15 days or more** earns at least interest at the payroll bank's **1-month term-deposit rate** on the payment date. The threshold, ceiling, force-majeure predicate and bank-rate source are not saved inputs. Round 3 (2026-09-28): not seedable — the rate is the payroll bank's own published 1-month rate on the payment date (per employer, per day, not a jurisdiction constant), and the engine has no wage due-date/paid-date pair outside final pay (`FINAL_PAY_LATE` is a warning only); art.97(4) also sets no day-count basis for “số tiền lãi”, an owner decision. Recorded as an engine defect. Engine defect fixed (2026-09-28): an ad hoc request now records `late_wage` (due day, paid day, the payroll bank's published 1-month rate with its notice, force majeure; the request amount is the late sum), and a band reads `entry.late_wage.days`/`.deposit_rate`/`.force_majeure` (fixture test in `statutory-golden-vn.test.ts`). Round 4 (2026-09-28), closed: Decree 145/2020/ND-CP (Official Gazette 1203+1204) carries no rule of its own (its only art.97(4) mention is the domestic worker's no-notice resignation exception, art.89(1)(d)(d1), Gazette 1203+1204 p.79; art.55 is overtime pay), so the owner rule applies. **Owner rule 2026-09-28: law silent on the day count; default actual days over a 365-day year, days = paid day − due day, rounded up to the whole đồng; lawful because it is the State Bank's own rule for deposit interest (Circular 14/2017/TT-NHNN art.4(1): a rate is % a year, a year is 365 days; art.4(2)(a): first day out, last day in) and rounding up never pays below the art.97(4) minimum.** **Owner rule 2026-09-28: law silent on a delay without force majeure (the compensation sits in the force-majeure sentence); default the same compensation for any delay of 15 days or more; lawful because art.97(4) sets a minimum (“ít nhất”) and nothing forbids paying it; the sanction remedy for an unlawful delay (VN-D12-03, VN-D283-04) is separate and not replaced.** **Owner rule 2026-09-28: law silent on PIT/SI treatment; default taxable salary income (counts toward PIT), outside SI/HI/UI (not a regular wage item, Decree 158/2025/ND-CP art.7(1)); lawful because withholding on a receipt from the employer is corrected at finalisation, while no exemption naming it was found (exemption lists not exhaustively re-read).** Seeded `LATE_WAGE_COMPENSATION` (MANUAL, PAY/ADD, band `entry.late_wage.days >= 15`, `round(amount × rate/100 × days/365, 1, 'UP')`) in all four live versions — a missing rule of unchanged law, fixed in place. The 30-day force-majeure ceiling is a conduct limit, not an amount; not enforced (sourced exclusion). Golden: August wages 20,000,000 due 10 September 2026, paid 28 September (18 days) at Vietcombank's published 2.10% 1-month rate of 28/09/2026 → 20,713, with and without force majeure; paid 24 September (14 days) → none. Closure case: One qualifying and one excluded delay, using dated bank rate. R27. Source note (Circular 14/2017/TT-NHNN): Official Gazette 793+794 of 23 October 2017 (text layer), in force 1 January 2018; art.4(1) % a year on 365 days, art.4(2)(a)/(b) day count; congbao lists no amending instrument (checked 2026-09-28). Golden input (not seed law): Vietcombank retail VND deposit rates https://www.vietcombank.com.vn/vi-VN/KHCN/Cong-cu-tien-ich/KHCN---Lai-suat, 1 month 2.10% a year, table updated 09:31 28/09/2026, actual days on a 365-day basis. Further golden: “Vietnam — a late wage records its due date, paid date and bank rate for the compensation class (Labour Code art.97(4))”.Source ledger Circular 14/2017/TT-NHNN: https://congbaocdn.chinhphu.vn/CongBaoCP/VanBan/2017/9/24903/19542-1-2017793-79414-2017-tt-nhnn.pdf 'State Bank Circular 14/2017/TT-NHNN on interest calculation for deposits and credit, Official Gazette 793+794 of 23 October 2017 (text layer), in force 1 January 2018; art.4(1) % a year on 365 days, art.4(2)(a)/(b) day count; congbao.chinhphu.vn lists no amending instrument (checked 2026-09-28)'Source ledger Decree 158/2025/ND-CP: https://vanban.chinhphu.vn/?pageid=27160&docid=214189 'Decree 158/2025/NĐ-CP on compulsory SI, issuer record (issued 25-06-2025, in force 01-07-2025), checked 2026-09-29; Official Gazette page https://congbao.chinhphu.vn/van-ban/nghi-dinh-so-158-2025-nd-cp-45240.htm. art.7(1) insured wage; art.43(2) amends Decree 58/2020/ND-CP art.4 from 1 July 2025. The four live seed versions cite the issuer record from 2026-09-29 in place of the xaydungchinhsach transcription'",adhoc_catalogue:LATE_WAGE_COMPENSATION,"Vietnam — the seeded art.97(4) class pays interest at the payroll bank’s 1-month rate on actual days over 365 for a delay of 15 days or more, force majeure or not (Labour Code art.97(4); Circular 14/2017/TT-NHNN art.4)",VN-LC97-01-1,2026-09-29
VN-LC95-01,VN,wages,"Pay unit, pay period and currency → hourly/daily/weekly pay at least every **15 days**; monthly pay once or twice a month at a fixed time; monthly advances for piece/lump-sum work spanning months; pay in VND (foreign currency allowed for foreign workers); payslip showing wage, OT, night pay and deductions; employer bears account and transfer fees",Labour Code 45/2019/QH14 (Official Gazette 993+994) arts.95–97; whole scope,https://congbaocdn.chinhphu.vn/CongBaoCP/VanBan/2019/11/30232/29070-1-2019993-99445-2019-qh14.pdf,2026-09-29,2025-12-01,,GAP,"No pay-date schedule check, currency rule, payslip content check or bank-fee treatment is proved. Arts.95(2)–(3) and 96(2) were not re-read in the 2026-09-28 pass. Closure case: Weekly-paid worker at day 15/16, foreign-currency pay and payslip content. (Register status 2026-09-29: No [IN-SYSTEM 2026-09-29].) Recorded default (LIT-5, 2026-09-30): art.97(2) allows monthly pay once or twice a month and names no split day; a twice-monthly company pays the 1st–15th on the 15th and the 16th–month end on the last day.","obligations:WAGE_PAYMENT_TIMING,WAGE_STATEMENT",,,
VN-LC98-02,VN,overtime,"Day type, OT hours and hourly base → at least **150%** normal day, **200%** weekly rest, **300%** holiday/paid leave (plus the holiday wage for daily-paid workers). Hourly base excludes OT, night premium, holiday/paid-leave pay, art.104 bonuses, shift meals and allowances unrelated to the job; divisor = actual hours worked in the month, capped at the employer's chosen normal days and hours, excluding OT. Piece-rate OT under art.55(2) is separate",Labour Code 45/2019/QH14 (Official Gazette 993+994) art.98(1) and Decree 145/2020/ND-CP (Official Gazette 1203+1204) art.55(1)–(2); whole scope,https://congbaocdn.chinhphu.vn/CongBaoCP/VanBan/2019/11/30232/29070-1-2019993-99445-2019-qh14.pdf,2026-09-29,2025-12-01,,PARTIAL,"Unproven (re-judged 2026-09-30; was VERIFIED 2026-09-29): the hourly-base exclusions (unrelated allowances, art.104 bonuses, shift meals) against saved components; the holiday wage on top for a daily-paid worker; piece-rate OT (Decree 145/2020 art.55(2)). Proven: 150/200/300% on a monthly wage (VN-LC98-02-1). History: There is no fixed 26-day divisor in law; the employer's normal-days rule is not a saved dated input, and the exclusion list is not proved against saved components. Closure case: Normal/rest/holiday OT, short month, excluded allowance and piece-rate OT. Absorbs index row VN-LC98-01 (Labour Code 45/2019/QH14 (consolidation 18/VBHN-VPQH of 12 Feb 2026) arts.98–100; whole scope): Actual day, holiday/rest status, overtime/night hours and wage base → correct premiums and standby/stop-work pay — Selected night/overtime bands have golden probes; day-type overlap, stop-work grounds, wage base and saved evidence are not exhaustive. Closure case: Holiday-night overtime, stoppage ground and earnings-base cases. Batch 9 (2026-09-30): probe VN-LC98-02-2 — the mid-shift meal (1,500,000) stays out of the hourly base: 21,000,000 ÷ 21 ÷ 8 = 125,000, 2 OT hours → 375,000; awaits the test phase.",work_rules.bands; work_rules.ordinary_divisor_days,"Vietnam — Labour Code art.98(1) prices 150% on a working day, 200% on a rest day, 300% on a holiday",VN-LC98-02-1; VN-LC98-03-1; VN-LC98-02-2,2026-09-29
VN-LC98-03,VN,overtime,"Hours in 22:00–06:00, day type and whether daytime OT preceded on the same day → night work at least **+30%**; night OT = hourly × 150/200/300% + hourly × 30% + 20% × the daytime hourly wage for that day type (100%, or 150% with same-day daytime OT; 200% weekly rest; 300% holiday)","Labour Code 45/2019/QH14 (Official Gazette 993+994) arts.98(2)–(3),106 and Decree 145/2020/ND-CP (Official Gazette 1203+1204) art.57(1); whole scope",https://congbaocdn.chinhphu.vn/CongBaoCP/VanBan/2019/11/30232/29070-1-2019993-99445-2019-qh14.pdf,2026-09-29,2025-12-01,,PARTIAL,"Unproven (re-judged 2026-09-30; was VERIFIED 2026-09-29): plain night work (+30%, no OT); night OT with no prior day-time OT (the 20% of 100% branch); rest-day and holiday night OT (20% of 200% / 300%). Proven: a normal-day night OT half hour after day-time OT (VN-LC98-02-1). History: The same-day daytime-OT predicate (b1) is not a named input; art.106 was not re-read in this pass. Closure case: Night OT with and without prior daytime OT, rest-day and holiday nights.",work_rules.night_premium,VN audit — a night overtime hour is the day-type rate + 30% + 20% of the day-type rate (Labour Code art.98(3)),VN-LC98-02-1; VN-LC98-03-1,2026-09-29
VN-LC99-01,VN,wages,"Stoppage cause and duration → employer fault: full contract wage; worker fault: none for that worker, co-workers agreed rate not below minimum; utility failure not the employer's fault, disaster, fire, epidemic, enemy action, ordered relocation or economic reasons: agreed pay, with at least the minimum wage for the first **14 working days**. Stoppage not the worker's fault counts for annual leave and severance service","Labour Code 45/2019/QH14 (Official Gazette 993+994) art.99 and Decree 145/2020/ND-CP (Official Gazette 1203+1204) arts.8(3)(a),65(9); whole scope",https://congbaocdn.chinhphu.vn/CongBaoCP/VanBan/2019/11/30232/29070-1-2019993-99445-2019-qh14.pdf,2026-09-29,2025-12-01,,PARTIAL,"Unproven (re-judged 2026-09-30; was VERIFIED 2026-09-29): an employer-fault stoppage (full wage); a co-worker stoppage at the agreed rate; an art.99(3) objective-cause stoppage with the 14-working-day minimum-wage floor; stoppage counting toward leave and severance service (goldens only). Proven: a worker-fault stoppage is unpaid (VN-SI-02-1). History: 2026-09-28 (engine defect 11/11): four seeded classes in every VN version — `STOPPAGE_EMPLOYER_FAULT` (paid, nothing deducted), `STOPPAGE_WORKER_FAULT` (`is_npl`), `STOPPAGE_COWORKER` and `STOPPAGE_OBJECTIVE` (art.99(3)). The cause is the class; the agreed share is `leave_entries.agreed_pay_fraction` (`leave.agreed_fraction`); the leave-day site now reads `wage_floor` (the region's minimum wage on the day) and `leave.event_day` (charged days of one stoppage across its per-period entries, joined by `event_date`). The floor is the minimum wage on the wage's own working-day divisor, `wage_floor / terms.monthly_basic` of the day wage — the law states no per-day conversion, so this is the engine's reading, not a figure. Service: the engine subtracts no leave class from severance or annual-leave service, so stoppage counts as Decree 145/2020/ND-CP (Official Gazette 1203+1204) arts.8(3)(a), 65(9) require. Open: the agreed pay is a share of the basic day wage, not an agreed amount; standing allowances stay whole on a stoppage day; an hourly worker's floor is not the hourly minimum wage; SI treatment of a part-paid stoppage month is not probed. Closure case: Golden `Vietnam — a work stoppage pays by its cause …` (tests/statutory-golden-vn.test.ts): Region I 5,310,000, contract 11,000,000, 22-day months; a 16-working-day utility stoppage at an agreed 30% filed as two entries deducts 4,320,909 (days 1–14 floored, 15–16 at 30%), unlinked 4,138,182; co-worker 70% 1,050,000, unagreed 1,810,455; worker at fault 3,500,000; employer fault 0.","leave_catalogue:STOPPAGE_EMPLOYER_FAULT,STOPPAGE_WORKER_FAULT,STOPPAGE_COWORKER,STOPPAGE_OBJECTIVE","Vietnam — a work stoppage pays by its cause: full wage, nothing, or the agreed rate floored at the minimum wage for the first 14 working days (Labour Code art.99)",VN-SI-02-1; VN-LC99-01-2,2026-09-29
VN-LC101-01,VN,wages,"Agreed advance, civic-duty absence of at least one week, military-service exception or annual-leave start → interest-free wage advance, statutory amount/cap and recovery",Labour Code 45/2019/QH14 (consolidation 18/VBHN-VPQH of 12 Feb 2026) art.101; December 2025 onward,https://vanban.chinhphu.vn/?docid=217002&pageid=27160,2026-09-29,2025-12-01,,GAP,"The advance catalogue is not proved to distinguish the mandatory civic-duty and annual-leave advances from an ordinary recoverable advance, nor the military-service exclusion or recovery timing. Closure case: One-week civic duty, one-month cap, military enlistment and annual leave with advance at least equal to leave wages. (Register status 2026-09-29: No [IN-SYSTEM 2026-09-29].)",,,,
VN-LC102-01,VN,wages,"Proved damage, reason disclosed, post-SI/HI/UI/PIT monthly wages and earlier deductions → lawful deduction ≤30%","Labour Code 45/2019/QH14 (consolidation 18/VBHN-VPQH of 12 Feb 2026) arts.102,129; whole scope",https://congbaocdn.chinhphu.vn/CongBaoCP/VanBan/2019/11/30232/29070-1-2019993-99445-2019-qh14.pdf,2026-09-30,2025-12-01,,PARTIAL,"Sealed limit and settled-history probes exist; actual loss/inquiry and full saved permission/disclosure paths remain external/unverified. Union dues must not shrink the base. Closure case: Two-pay-period loss, excess deduction and missing proof. R04. (Register status 2026-09-29: No [IN-SYSTEM 2026-09-29].) [Batch 10 2026-09-30] The lineage had no class that deducts wages, so the seeded ceiling could not be reached on a saved run. Added `PROPERTY_DAMAGE_COMPENSATION` (MANUAL, NET/SUBTRACT, amount the decided instalment, evidence REQUIRED: the compensation decision, counts toward nothing) to all 23 VN versions — a missing class of unchanged law, fixed in place. Labour Code art.102(1)–(3) and art.129(1) re-read in Official Gazette 993+994 (text layer, pp.45, 55, 2026-09-30): deduction only for damage to tools, equipment or property; the reason disclosed; at most 30% of the monthly wage actually paid after compulsory SI, HI, UI and PIT. Owner rule 2026-09-28 default (law silent): the instalment reduces neither taxable nor insured salary. Probes VN-LC102-01-1 (exactly 5,334,000 of 17,780,000 settles) and VN-LC102-01-2 (5,334,001 refused, DEDUCTION_CEILING_EXCEEDED). Still external: the art.130 decision itself and the two-period loss.",payroll.deduction_ceiling; adhoc_catalogue:PROPERTY_DAMAGE_COMPENSATION,"VN Labour Code art.102(3): compensation deductions at most 30% of the wage paid after SI, HI, UI and PIT",VN-LC102-01-1; VN-LC102-01-2,
VN-LC103-01,VN,wages,"Dated contract, collective agreement and published employer rules → agreed grade progression, allowance, subsidy and incentive pay",Labour Code 45/2019/QH14 (consolidation 18/VBHN-VPQH of 12 Feb 2026) art.103; December 2025 onward,https://vanban.chinhphu.vn/?docid=217002&pageid=27160,2026-09-29,2025-12-01,,GAP,"Owner decision 2026-09-30: no retro recalculation (package X/L4 out of scope) — the retroactive allowance-arrears branch stays GAP; the prospective schedule branch is unaffected. The product has allowance rows but does not prove which contractual/collective schedule controls each effective month or the promotion decision. Closure case: Promotion mid-month, superseding collective term and retroactive allowance arrears. (Register status 2026-09-29: No [IN-SYSTEM 2026-09-29].)",,,,
VN-LC104-01,VN,bonus,Bonus policy and representative consultation/publication → valid promised bonus and payroll classification,Labour Code 45/2019/QH14 (consolidation 18/VBHN-VPQH of 12 Feb 2026) art.104; whole scope,https://vanban.chinhphu.vn/?docid=217002&pageid=27160,2026-09-30,2025-12-01,,PARTIAL,"Fixed 2026-09-30 (config, all 23 VN versions): sealed ad hoc class `BONUS` (MANUAL, PAY/ADD, amount = the request, counts_toward [PIT]). Sources re-read 2026-09-30: Labour Code art.104 (Official Gazette 993+994 text layer; consolidation 18/VBHN-VPQH p.41–42 scan, same wording) — a bonus is awarded on business results and work completion under the employer’s regulation, published after consulting the grassroots representative; no amount. PIT: Circular 111/2013/TT-BTC art.2(2)(e) (signed scan datafiles.chinhphu.vn/cpp/files/vbpq/2013/09/tt-111.pdf p.7: bonuses in every form are salary income, except the e.1–e.4 state-honour, award, innovation and violation-reporting bonuses) and Decree 253/2026/NĐ-CP art.8(2)(i) (signed scan p.5; art.8(4)(a) p.7 the same exceptions). SI/HI/UI/union: Decree 158/2025/NĐ-CP art.7(1)(c) (xaydungchinhsach full text) excludes supplements that depend on or vary with performance; Circular 10/2020 art.3(5)(c) sets art.104 bonuses apart; the union fee and dues read the insured salary. Pinned in tests/counts-toward-matrix.test.ts (VN BONUS: ['PIT']). Probe VN-LC104-01-1 restored: March 2026, salary 20,000,000 + Tết bonus 20,000,000 → SI 1,600,000/3,500,000, HI 300,000/600,000, UI 200,000/200,000 on the salary alone; PIT (40,000,000 − 2,100,000 − 15,500,000) = 22,400,000 → 500,000 + 1,240,000 = 1,740,000; net 36,160,000. Unproven until the test phase runs the probe. Sourced exclusion: the published regulation and representative consultation are employer conduct, not a payroll input (evidence NONE). History: removed probe (2026-09-30) failed at input because no class was sealed.",adhoc_catalogue:BONUS,"Vietnam — a Tết bonus is salary income of the month paid, outside the insurance salary and the union fund",VN-LC104-01-1,2026-09-30
VN-LC104-02,VN,bonus,"Private employer and no contract, collective or regulation term → **sourced exclusion**: no statutory 13th-month or Tet bonus; bonuses are discretionary under an employer regulation published after consulting the worker representative",Labour Code 45/2019/QH14 (Official Gazette 993+994) art.104; whole scope,https://congbaocdn.chinhphu.vn/CongBaoCP/VanBan/2019/11/30232/29070-1-2019993-99445-2019-qh14.pdf,2026-09-29,2025-12-01,,NOT-APPLICABLE,"The exclusion is recorded, but a contract or collective term that makes a bonus binding is not a saved dated input. The Decree 161/2026 public-sector bonus fund was not verified and is outside private scope. Closure case: Private employer without and with a contractual Tet bonus. (Register status 2026-09-29: No [IN-SYSTEM 2026-09-29].)",,,,
VN-LC105-01,VN,hours,Dated **daily** normal-hours arrangement and roster → at most 8 hours/day and 48/week,Labour Code 45/2019/QH14 (consolidation 18/VBHN-VPQH of 12 Feb 2026) art.105(1)–(2); whole scope,https://vanban.chinhphu.vn/?docid=217002&pageid=27160,2026-09-29,2025-12-01,,PARTIAL,"Unproven (re-judged 2026-09-30; was VERIFIED 2026-09-29): the 8-hour day and 48-hour week limits (no probe asserts a limit or a refusal); a dated daily arrangement with an hour-9 premium; a 49-hour-week refusal. Proven: only that an 8-hour normal day prices OT beyond it (VN-LC98-02-1). History: Four active VN versions still use a fixed eight-hour normal day; daily-rule cases can price correctly, but dated arrangement and weekly-cap evidence are absent. Closure case: Saved daily arrangement with hour 9 premium and 49-hour week refusal. R53’s historical Article 105 “corrected” paragraph described a source change later reverted under the owner’s seed-only instruction; VN-LC105-01–03 state the current gap. The weekly/daily wage-floor and six-month separation selectors remain in the four live sealed VN versions.",work_rules.normal_hours,,VN-LC98-02-1; VN-SI-05-1,2026-09-29
VN-LC105-02,VN,hours,"Dated **weekly** arrangement and roster → at most 10 normal hours/day and 48/week, then overtime",Labour Code 45/2019/QH14 (consolidation 18/VBHN-VPQH of 12 Feb 2026) art.105(2); whole scope,https://vanban.chinhphu.vn/?docid=217002&pageid=27160,2026-09-29,2025-12-01,,GAP,"No saved daily/weekly selector. Current pricing treats hours 9–10 on a lawful ten-hour weekly day as overtime; focused February baseline reproduced two wrong overtime hours. Closure case: Four-day ten-hour schedule, hour 11, changed terms and 49-hour week. (Register status 2026-09-29: No [IN-SYSTEM 2026-09-29].)",work_rules.normal_hours,,,
VN-LC105-03,VN,hours,Notify worker of the selected arrangement before applying it,Labour Code 45/2019/QH14 (consolidation 18/VBHN-VPQH of 12 Feb 2026) art.105(2); whole scope,https://vanban.chinhphu.vn/?docid=217002&pageid=27160,2026-09-29,2025-12-01,,EXTERNAL,Notification/delivery evidence is an external HR duty with no dated saved proof. Closure case: Notification date before and after the worked day. (Register status 2026-09-29: No [EXTERNAL 2026-09-29].),,,,
VN-LC106-01,VN,hours,"Night window, overtime consent/limits, 200/300-hour category, breaks and weekly rest → correct work limits and premium",Labour Code 45/2019/QH14 (consolidation 18/VBHN-VPQH of 12 Feb 2026) arts.106–110; whole scope,https://vanban.chinhphu.vn/?docid=217002&pageid=27160,2026-09-29,2025-12-01,,PARTIAL,"Unproven (re-judged 2026-09-30; was VERIFIED 2026-09-29): the 22:00 and 06:00 window edges; OT consent; the 200/300-hour category; the 45-minute night break; weekly-rest and substitute-day cases. Proven: a half hour after 22:00 priced as night OT (VN-LC98-02-1). History: Some bands and limits are seeded; sector entitlement, consent, annual cumulative hours, 45-minute night break and rest/substitute cases need complete saved probes. Closure case: Boundary hours across shifts, months and year; 300-hour eligibility. Untaken rest break (shared-engine defect 2/22, 2026-09-28): Labour Code art.109(1) (signed Law 45/2019/QH14 p.41, https://datafiles.chinhphu.vn/cpp/files/vbpq/2019/12/45.signed.pdf) owes 30 minutes (45 at night) on a day of six hours or more and counts it as working time only in continuous-shift work; it is silent on a break owed and not taken. Owner rule 2026-09-28 default: the minutes worked through it are worked time and pay; the run reports the missed break (`restBreak`) and deducts nothing. The golden harness had deducted the shortfall on rest days and holidays, which production never did; its goldens (the art.98 goldens, the art.107 month and year counts in statutory-round3-I, the Decree 253/2026 art.26(3) funnel in statutory-audit-lead) now price every clocked minute.",work_rules.breaks; work_rules.limits:weekly_rest; facts:rest_averaged_monthly,"Vietnam — a night hour of rest-day work adds 20% of the rest-day wage (art.98(3)), a night shift owes 45 minutes (art.109(1)), and the statutory holiday on the rest day is 300% (art.98(1)(c))",VN-LC98-02-1; VN-LC98-03-1,2026-09-29
VN-LC107-01,VN,overtime,"Daily arrangement, day type, monthly and annual OT hours, sector and worker consent → OT at most 50% of normal daily hours; normal plus OT at most 12h/day (weekly arrangement or part-time); at most 12h OT on a holiday/rest day; **40h/month**; **200h/year**, or **300h** in art.107(3)/Decree 145/2020/ND-CP art.61 sectors with consent and notice to the provincial labour authority within **15 days** on **Form 02/PLIV**; certain art.58 hours excluded from the totals (art.60(5))",Labour Code 45/2019/QH14 (Official Gazette 993+994) art.107(2)–(3) and Decree 145/2020/ND-CP (Official Gazette 1203+1204) arts.59–62; whole scope,https://congbaocdn.chinhphu.vn/CongBaoCP/VanBan/2019/11/30232/29070-1-2019993-99445-2019-qh14.pdf,2026-09-30,2025-12-01,,PARTIAL,"Unproven (re-judged 2026-09-30; was VERIFIED 2026-09-29): every limit: 50% of the normal day, 12 hours a day, 12 hours on a rest day or holiday, 40 hours a month, 200/300 hours a year, the 300-hour sector consent and Form 02/PLIV notice, the art.60(5) exclusions. The only probe case works 23 OT hours and asserts no limit. History: No cumulative monthly/annual OT ledger, sector class, consent or notice evidence is saved. Decree 145/2020/ND-CP names the provincial labour department; the post-2025 successor (Department of Home Affairs) lacks a primary citation. Closure case: 40/41 monthly hours, 200/201 and 300/301 annual hours, notice day 15/16. Tracker note 2026-09-29: goldens now exist for the 40-hour month (statutory-round3-I, both titles), the 200-hour year counted across months, the 300-hour sector fact (“Vietnam — the 300-hour sector limit, the reduced accident rate and union dues turn on entity facts and elections”) and the taxable funnel of hours past the month limit (statutory-audit-lead), so the register’s “no cumulative ledger” is stale for the hour counts; worker consent and the Form 02/PLIV notice remain unsaved. [LIT-07 2026-09-30] Planned overtime and incentive hours are keyed in steps of `work_rules.overtime_unit_hours`: a write off the step is refused, a binding limit floors the approved hours to it, and clock hours past the plan below one step are not reported as UNPLANNED_OVERTIME. The law states no keying unit, so every VN version seeds 0.5, the recorded default (the engine's former built-in half hour, now configuration). Golden: tests/overtime-unit.test.ts, pending the test phase; no probe added. [Batch 10 2026-09-30] Art.107(2)(b) re-read (Official Gazette 993+994 p.47, text layer, 2026-09-30): at most 50% of the normal daily hours, 12 a day under a weekly arrangement, 40 a month. Probe VN-LC107-01-1: 42 approved weekday overtime hours in March 2026 — 40 paid as OVERTIME (6,000,000), the 2 past the month as taxable INCENTIVE (300,000). Awaits the test phase.","work_rules.limits:daily_ot,monthly_ot,yearly_ot,yearly_ot_sector; facts:overtime_300h_sector; obligations:OVERTIME_CONSENT_AND_LIMITS; work_rules.overtime_unit_hours",Vietnam round 3 I — art.107(1): rest-day and holiday hours enter the 40-hour month,VN-LC98-02-1; VN-LC107-01-1,2026-09-29
VN-LC111-01,VN,rest_holiday,"Calendar, locality and scheduled rest → paid weekly rest and public holidays/substitution",Labour Code 45/2019/QH14 (consolidation 18/VBHN-VPQH of 12 Feb 2026) arts.111–112; whole scope,https://vanban.chinhphu.vn/?docid=217002&pageid=27160,2026-09-29,2025-12-01,,PARTIAL,"Unproven (re-judged 2026-09-30; was VERIFIED 2026-09-29): a holiday on the weekly rest day and its substitute working day; a changed roster; the alternate National Day; the annual Prime Minister decision. Proven: a weekday holiday is paid inside the monthly wage and priced 300% when worked (VN-LC98-02-1). History: Holiday/rest selections exist; annual holiday decisions, substitute overlaps and every applicable calendar remain unproved. Closure case: Holiday on weekly rest, changed roster and alternate National Day. Batch 9 (2026-09-30): probe VN-LC111-01-1 — Hùng Kings on Sunday 26 April 2026 worked 8h at 300%, its substitute Monday 27 April worked 8h at 200% (Labour Code art.111(3); Decree 145/2020 art.55); awaits the test phase.","work_rules.holiday_rest_precedence; leave_catalogue:PUBLIC_HOLIDAY,PUBLIC_HOLIDAY_IN_LIEU","Vietnam — a holiday on the rest day is the holiday, its substitute Monday the rest day (Decree 145/2020 art.55(3))",VN-LC98-02-1; VN-LC111-01-1,2026-09-29
VN-LC112-01,VN,rest_holiday,Worker nationality and the Prime Minister's annual holiday decision → 11 paid holiday days; a foreign worker also gets **1** traditional New Year day and **1** national day of their own country; Tet (5 days) and National Day (2 September plus one adjacent day) dates come from the annual decision,Labour Code 45/2019/QH14 (Official Gazette 993+994) art.112(1)–(3); whole scope,https://congbaocdn.chinhphu.vn/CongBaoCP/VanBan/2019/11/30232/29070-1-2019993-99445-2019-qh14.pdf,2026-09-29,2025-12-01,,PARTIAL,"Unproven (re-judged 2026-09-30; was VERIFIED 2026-09-29): the engine does not tie FOREIGN_NATIONAL_LEAVE to the worker's country or its date (the probe input was corrected on 2026-09-30 to a Greek worker on 25 March, Greece's Independence Day, but nothing checks it); the traditional New Year day; the Tết and 2 September adjacent-day dates from the annual decision. Proven: a paid home-country day at whole pay (VN-LC112-01-1). History: No nationality branch, home-country holiday date or annual Prime Minister decision is a dated input. Closure case: Foreign worker's national day, Tet dates from the 2026 decision and 2 September adjacent day. Tracker note 2026-09-29: the seed now carries `FOREIGN_NATIONAL_LEAVE` (two paid days, eligibility `employee.citizenship == ""FOREIGNER""`, art.112(2)) in the leave catalogue, so the nationality branch exists as an event-taken entitlement; the annual Prime Minister decision dates and the home-country dates are still not dated inputs.","leave_catalogue:PUBLIC_HOLIDAY,FOREIGN_NATIONAL_LEAVE",,VN-LC112-01-1,2026-09-29
VN-LC113-01,VN,leave,"Worker/job class, service segments, disability and prior years → 12/14/16-day annual entitlement plus seniority and unused-leave pay",Labour Code 45/2019/QH14 (consolidation 18/VBHN-VPQH of 12 Feb 2026) arts.113–114; whole scope,https://vanban.chinhphu.vn/?docid=217002&pageid=27160,2026-09-29,2025-12-01,,PARTIAL,"Unproven (re-judged 2026-09-30; was VERIFIED 2026-09-29): the 14-day (arduous, under-18, disabled) and 16-day (especially arduous) classes; prior-employer service. Proven: 12 days + 3 seniority days (VN-LC46-02-1). History: Arduous classes are recordable since 2026-09-30: every VN version declares ARDUOUS and ESPECIALLY_ARDUOUS in `payroll.vocabularies.work_classification`, the codes the seed rules compare; no golden yet. Prior service and partial-year/seniority cases lack complete trace. Closure case: Ordinary/arduous/especially arduous with six service years, including prior employer. R19.",leave_catalogue:ANNUAL_LEAVE; payroll.vocabularies.work_classification,"Vietnam — the annual-leave cohorts, the seniority ladder and the SI sick bands",VN-LC46-02-1,2026-09-29
VN-LC113-02,VN,leave,"Months worked, counted service and travel → partial-year leave = (entitlement + seniority days) / 12 × months worked; a part month counts if working plus paid-leave days are at least **50%** of its normal days; leave may be split or combined up to **3 years**; road/rail/water travel over 2 days adds travel days from day 3, once a year. Art.65 counts agreed unpaid leave up to 1 month/year, sickness up to 2 months/year, work injury up to 6 months, all maternity, retained probation/apprenticeship and stoppage not the worker's fault","Labour Code 45/2019/QH14 (Official Gazette 993+994) art.113(2),(4),(6) and Decree 145/2020/ND-CP (Official Gazette 1203+1204) arts.65–66; whole scope",https://congbaocdn.chinhphu.vn/CongBaoCP/VanBan/2019/11/30232/29070-1-2019993-99445-2019-qh14.pdf,2026-09-29,2025-12-01,,PARTIAL,"Unproven (re-judged 2026-09-30; was VERIFIED 2026-09-29): a part month under 50%; the 3-year combination; travel days; the art.65 counted periods (unpaid leave ≤ 1 month, sickness ≤ 2 months, injury ≤ 6 months, maternity). Proven: 15 ÷ 12 × 4 months with a part month of at least 50% (VN-LC46-02-1). History: Decree 145/2020/ND-CP art.66 has no rounding rule and none may be invented; no carry-forward beyond the 3-year agreement exists in law. The 50% part-month test and art.65 counted periods are not sealed or probed. Closure case: 49%/50% part month, 3-year combination, travel day 3 and 2/3 months of sickness. [LIT-06 2026-09-30] A part month counts once `entitlement.month_counts_when` of its days are eligible, seeded `0.5` on every HALF_MONTHS row: Decree 145/2020 art.66(2) states the 50% (the engine's former literal, now configuration). The divisor is still calendar days, not the article's normal working days (unchanged here). Golden: tests/leave-entitlement-golden.test.ts (LIT-06 cases), pending the test phase; no probe added. [Batch 10 2026-09-30] Probe VN-LC48-01-1: an exit month worked 5 of 22 days (< 50%) does not count — 12 ÷ 12 × 2 = 2 days; awaits the test phase. [Diff r9 2026-10-01] P8: the 23 ANNUAL_LEAVE entitlements set `rounding: EXACT` (the engine default was HALF_DAY); art.66 states no rounding and none may be invented. Golden: a minor's 14 days over June–December 2026 = 14 × 7 / 12 = 8.1667 (was 8.0).",leave_catalogue:ANNUAL_LEAVE; leave_catalogue:ANNUAL_LEAVE.entitlement.month_counts_when; leave_catalogue:ANNUAL_LEAVE.entitlement.rounding; leave_catalogue:ANNUAL_LEAVE.entitlement.month_share_basis,"Vietnam — the annual-leave cohorts, the seniority ladder and the SI sick bands",VN-LC46-02-1; VN-LC48-01-1,2026-09-29
VN-LC113-03,VN,leave,"Leave date or exit date and contract wage history → holiday, annual and paid personal leave paid at the contract wage at the time of leave; unused annual leave paid **only** on termination or job loss, at the contract wage of the month immediately before the exit month",Labour Code 45/2019/QH14 (Official Gazette 993+994) art.113(3) and Decree 145/2020/ND-CP (Official Gazette 1203+1204) art.67(2)–(3); whole scope,https://congbaocdn.chinhphu.vn/CongBaoCP/VanBan/2019/11/30232/29070-1-2019993-99445-2019-qh14.pdf,2026-09-29,2025-12-01,,PARTIAL,"Unproven (re-judged 2026-09-30; was VERIFIED 2026-09-29): a wage change in the exit month or the month before (the prior-month selector); pay for leave taken during employment at that time's wage; an in-employment encashment refusal. Proven: encashment at the prior month's constant wage over its normal working days (VN-LC46-02-1). History: No per-day encashment divisor is prescribed; it must be a dated contract/internal-rule input and is not recorded. The prior-month wage selector is not proved. Closure case: Wage change in the exit month, encashment divisor from contract and in-employment encashment refusal. [Batch 10 2026-09-30] Probe VN-LC48-01-1: a 6 March leaver encashes 2 days at February’s 22,000,000 ÷ 20 normal working days (the prior-month selector on a month with a different day count from the exit month); awaits the test phase.",work_rules.encashment,VN uses May contract salary and May normal working days for a June exit,VN-LC46-02-1; VN-LC48-01-1,2026-09-29
VN-LC115-02,VN,leave,"Event and relationship → paid: own marriage **3** days, child's marriage **1**, death of a parent (own or spouse's, biological or adoptive), spouse or child **3**; unpaid: **1** day for death of a grandparent or sibling or marriage of a parent or sibling; other unpaid leave by agreement",Labour Code 45/2019/QH14 (Official Gazette 993+994) art.115(1)–(3); whole scope,https://congbaocdn.chinhphu.vn/CongBaoCP/VanBan/2019/11/30232/29070-1-2019993-99445-2019-qh14.pdf,2026-09-30,2025-12-01,,PARTIAL,"Unproven (re-judged 2026-09-30; was VERIFIED 2026-09-29): the death of the worker's own parent, spouse or child (BEREAVEMENT_LEAVE on those relationships); the unpaid day for a sibling's death or a parent's marriage; other unpaid leave by agreement (art.115(3)). Proven: own marriage 3 days paid, a grandparent's death 1 day unpaid (VN-LC115-02-1); a child's marriage (1 paid), a spouse's parent's death (3 paid) and a sibling's marriage (1 unpaid) were added to VN-LC115-02-1 on 2026-09-30 and await the test phase. History: The figures are not independently compared with the seed leave rules; relationship evidence is not saved. Closure case: Each event class, spouse's parent and sibling's marriage. Absorbs index row VN-LC115-01 (Labour Code 45/2019/QH14 (consolidation 18/VBHN-VPQH of 12 Feb 2026) art.115; whole scope): Event, relationship and date → paid/unpaid personal leave per event — Event rules exist; eligibility, evidence and overlapping events across year end need saved cases. Closure case: Marriage, family death and second event. 2026-09-30: the art.115(3) branch had no catalogue row; `UNPAID_LEAVE` (UNLIMITED, is_npl) added to all 23 VN versions (a missing row of unchanged law, fixed in place). Probe VN-LC115-02-2: own parent’s death 3 paid, sibling’s death 1 unpaid, 2 agreed unpaid days.","leave_catalogue:MARRIAGE_LEAVE,CHILD_MARRIAGE_LEAVE,BEREAVEMENT_LEAVE,BEREAVEMENT_LEAVE_UNPAID","Vietnam — the annual-leave cohorts, the seniority ladder and the SI sick bands",VN-LC115-02-1; VN-LC115-02-2,2026-09-29
VN-LC116-01,VN,hours,Special industry/work and governing ministry schedule → lawful working/rest pattern and resulting wage/leave treatment,Labour Code 45/2019/QH14 (consolidation 18/VBHN-VPQH of 12 Feb 2026) art.116; December 2025 onward,https://vanban.chinhphu.vn/?docid=217002&pageid=27160,2026-09-29,2025-12-01,,GAP,"Sector-specific ministry schedules have not been reconciled; an ordinary eight-hour rule cannot automatically cover transport, offshore, seafaring, radiation, diving, mining or 24-hour duty. Closure case: One ministry instrument and saved industry/role/approved schedule for each applicable sector. (Register status 2026-09-29: No [IN-SYSTEM 2026-09-29].)",,,,
VN-LC118-01,VN,other,"Headcount, internal rules, consultation, registration and proved misconduct/damage → lawful discipline or liability",Labour Code 45/2019/QH14 (consolidation 18/VBHN-VPQH of 12 Feb 2026) arts.117–129; whole scope,https://vanban.chinhphu.vn/?docid=217002&pageid=27160,2026-09-29,2025-12-01,,EXTERNAL,"Workplace-rule publication, procedure, evidence and remedy are external HR duties; a payroll deduction alone cannot satisfy them. Closure case: Effective internal rules, proper hearing and damage cap. (Register status 2026-09-29: No [EXTERNAL 2026-09-29].)",obligations:INTERNAL_LABOUR_RULES,,,
VN-LC130-01,VN,other,"Damage finding, worker complaint and workplace risk → compensation process, appeals and safety program",Labour Code 45/2019/QH14 (consolidation 18/VBHN-VPQH of 12 Feb 2026) arts.130–133; December 2025 onward,https://vanban.chinhphu.vn/?docid=217002&pageid=27160,2026-09-29,2025-12-01,,EXTERNAL,"Damage recovery and complaint handling are external legal processes; no saved decision, appeal or safety-program evidence. Closure case: Damage hearing and appeal; program/training/reporting record. (Register status 2026-09-29: No [EXTERNAL 2026-09-29].)",,,,
VN-LC134-01,VN,leave,"Pregnancy, child age, medical condition and work pattern → protected work/leave, return rights and equal-treatment duties",Labour Code 45/2019/QH14 (consolidation 18/VBHN-VPQH of 12 Feb 2026) arts.134–142; whole scope,https://vanban.chinhphu.vn/?docid=217002&pageid=27160,2026-09-29,2025-12-01,,GAP,"Some leave categories exist, but full protection and employer actions lack dated input and outcome evidence. Closure case: Night/OT restriction, nursing break, protected termination. (Register status 2026-09-29: No [IN-SYSTEM 2026-09-29].)",,,,
VN-LC137-01,VN,hours,"Female worker in her menstrual period → 30 minutes' break a day counted as working time on full contract wage, on at least **3 working days a month** (days agreed, dates notified by the worker); nursing a child under **12 months** → 60 minutes a day on full contract wage. Break not taken and work agreed by the employer → paid **in addition** for the work done in the break (art.80(3)(c), (4)(c)); for the menstrual break that time is not overtime","Labour Code 45/2019/QH14 (Official Gazette 993+994) art.137(4) (Gazette 993+994 of 26 December 2019, p.59, text layer; 2026 consolidation not re-read for this article) and Decree 145/2020/ND-CP (Official Gazette 1203+1204) art.80(3)–(4) (Gazette 1203+1204, pp.70–72); whole scope",https://congbaocdn.chinhphu.vn/CongBaoCP/VanBan/2019/11/30232/29070-1-2019993-99445-2019-qh14.pdf,2026-09-29,2025-12-01,,GAP,"No dated eligibility input (menstrual-break days, child's birth date for the nursing window) and no attendance class for a paid break or a worked-through break; a clocked day cannot show that 30/60 minutes were break time on full pay or price the additional pay. Needs a shared attendance/pay input; reported, not built here. The citation given to this pass named Gazette 1205+1206; the article is in 1203+1204. Closure case: Break taken (no pay loss), break worked with consent (additional pay, not OT), child reaching 12 months mid-month. (Register status 2026-09-29: No [IN-SYSTEM 2026-09-29].) Round 18 rejected detail: the item list named Gazette 1205+1206, but Decree 145/2020 art.80 is in 1203+1204.",,,,
VN-LC145-01,VN,hours,"Age, guardian consent, occupation and hours → special minor-worker eligibility and limits",Labour Code 45/2019/QH14 (consolidation 18/VBHN-VPQH of 12 Feb 2026) arts.143–147; whole scope,https://vanban.chinhphu.vn/?docid=217002&pageid=27160,2026-09-29,2025-12-01,,IMPLEMENTED,"Configured 2026-10-01 (phase 2, the four live versions): stored checks MINOR_UNDER_15_HOURS (more than 20 contracted or rostered hours a week under 15) and MINOR_15_TO_18_HOURS (more than 40 from 15 to under 18) refuse the terms (Labour Code art.146(1)); the week is the stated ordinary_hours_per_week, else the shift pattern’s. Still GAP: the daily 4/8-hour limits against attendance, no overtime or night work under 15, the under-13 arts/sports list, guardian consent and forbidden work. Probe VN-LC145-01-1 awaits the Prove phase. No complete underage occupation/consent/profile branch is proved. Closure case: 13–15 and 15–under-18 cases, forbidden work and hours. (Register status 2026-09-29: No [IN-SYSTEM 2026-09-29].)",checks:MINOR_UNDER_15_HOURS; checks:MINOR_15_TO_18_HOURS,,VN-LC145-01-1,
VN-LC148-01,VN,other,"Statutory retirement age, pension and actual role → older-worker reduced-hours, repeated fixed-term contract, pay/benefit and hazardous-work protection",Labour Code 45/2019/QH14 (consolidation 18/VBHN-VPQH of 12 Feb 2026) arts.148–149; December 2025 onward,https://vanban.chinhphu.vn/?docid=217002&pageid=27160,2026-09-29,2025-12-01,,GAP,"The worker cohort and pension status are not fully linked to contract, working-time and safety decisions. Closure case: Older worker receiving pension; repeated contract and hazardous assignment. (Register status 2026-09-29: No [IN-SYSTEM 2026-09-29].)",,,,
VN-LC150-01,VN,other,"Vietnamese worker abroad or employed by a foreign entity/person in Vietnam → correct governing employment law, recruitment/management and payroll interface",Labour Code 45/2019/QH14 (consolidation 18/VBHN-VPQH of 12 Feb 2026) art.150; December 2025 onward,https://vanban.chinhphu.vn/?docid=217002&pageid=27160,2026-09-29,2025-12-01,,GAP,Cross-border and foreign-employer actor branches are not separately classified or source-reconciled. Closure case: Foreign organization in Vietnam versus assignment abroad; employing entity and applicable law. (Register status 2026-09-29: No [IN-SYSTEM 2026-09-29].),,,,
VN-LC151-01,VN,other,"Citizenship, permit/exemption and validity dates → foreign-worker eligibility and employer procedure",Labour Code 45/2019/QH14 (consolidation 18/VBHN-VPQH of 12 Feb 2026) arts.151–157; whole scope,https://vanban.chinhphu.vn/?docid=217002&pageid=27160,2026-09-29,2025-12-01,,EXTERNAL,"Permit scope, exemption, renewal and reporting are external HR obligations without a full saved decision/evidence path. Closure case: Permitted, exempt and expired permit cases. (Register status 2026-09-29: No [EXTERNAL 2026-09-29].)",obligations:FOREIGN_WORK_PERMIT,,,
VN-LC151-02,VN,other,"Foreign worker, permit/exemption application and dates → current work-permit procedure, validity and exemption under Decree 219/2025/ND-CP, replacing the foreign-worker provisions of Decrees 152/2020 and 70/2023",Decree 219/2025/ND-CP; from 7 August 2025,https://vanban.chinhphu.vn/?pageid=27160&docid=214840,2026-09-29,2025-08-07,,EXTERNAL,"The seed FOREIGN_WORK_PERMIT obligation cites Decree 219/2025/ND-CP, but its articles (reported merged demand explanation, provincial People's Committee competence, 10-working-day processing, wider exemptions and the predecessor repeal) were not verified in the 2026-09-28 pass. Permit dates gate art.151(2), SI coverage and PIT residency facts. Closure case: Permit issued before and after 7 August 2025, exemption and expiry. (Register status 2026-09-29: No [SOURCE 2026-09-29].) Round 3 (2026-09-28): Decree 219/2025 split from the Gazette text — ch.I arts.1–6 scope, positions, competent authority, legalisation and e-transactions; ch.II arts.7–17 exemption certificates (art.7 exempt cases); ch.III arts.18–29 permit issue, reissue and extension, art.21 term not over 2 years; ch.IV arts.30–33 revocation, art.31(1) employer returns an expired permit within 15 days with a report; ch.V art.34 transition (Decree 152/2020, 70/2023 and 128/2025 permits run to expiry), art.35 effective 7 August 2025 replacing the Decree 152/2020 foreign-worker content, art.36 authority duties. Employer-actor duties: arts.8–9, 18–20, 22, 24–25, 27–28, 31(1); none is a payroll calculation, and no permit-term or return record exists. Source note (Decree 219/2025): issued and effective 7 August 2025; Gazette https://congbao.chinhphu.vn/van-ban/nghi-dinh-so-219-2025-nd-cp-45798.htm.",obligations:FOREIGN_WORK_PERMIT,,,
VN-LC154-01,VN,other,High-quality digital-technology worker and statutory qualification → correct work-permit exemption decision,"Labour Code 45/2019/QH14 (consolidation 18/VBHN-VPQH of 12 Feb 2026) art.154(8a), inserted by Digital Technology Industry Law 71/2025/QH15 art.49(4) from January 2026",https://vanban.chinhphu.vn/?docid=217002&pageid=27160,2026-09-29,2026-01-01,,EXTERNAL,"The exemption was added to the 2026 consolidated Code; no dated worker qualification, exemption evidence or saved legal decision is mapped. Closure case: Qualified and unqualified foreign specialist at 31 December/1 January. (Register status 2026-09-29: No [IN-SYSTEM 2026-09-29].)",obligations:FOREIGN_WORK_PERMIT,,,
VN-LC158-01,VN,other,"Disability, domestic work, special sector or home-based work → special contract, pay, safety and equal-treatment obligations",Labour Code 45/2019/QH14 (consolidation 18/VBHN-VPQH of 12 Feb 2026) arts.158–167; December 2025 onward,https://vanban.chinhphu.vn/?docid=217002&pageid=27160,2026-09-29,2025-12-01,,GAP,"Special-worker cohorts and duties are not mapped to saved classifications, agreements and probes; domestic work and sector rules require subsidiary-text review. Closure case: Disability accommodations; domestic worker contract and board; art/sport/maritime and home work. (Register status 2026-09-29: No [IN-SYSTEM 2026-09-29].)",,,,
VN-LC168-01,VN,contribution,"SI-benefit leave or lawful exclusion from SI/HI/UI and employer-equivalent contributions → no duplicate salary during benefit leave, or cash supplement with wages for non-covered worker",Labour Code 45/2019/QH14 (consolidation 18/VBHN-VPQH of 12 Feb 2026) art.168(2)–(3); December 2025 onward,https://vanban.chinhphu.vn/?docid=217002&pageid=27160,2026-09-30,2025-12-01,,PARTIAL,"Unproven (re-judged 2026-09-30; was VERIFIED 2026-09-29): the other excluded categories (a fixed term under one month, a foreigner past retirement age); mixed coverage; SI-paid benefit leave with and without a separate wage agreement. Proven: a pensioner's SI + UI equivalent without HI (VN-LC168-01-1). History: M1 (2026-09-29): a pensioner is inside compulsory HI — Health Insurance Law (consolidated VBHN-VPQH, incl. Law 51/2024/QH15) art.12(2)(a) puts him in the SI agency's group and art.13(5)(d) (Law 51/2024, from 1 July 2025, before every version) keeps him there — so art.168(3), which owes the equivalent only for a scheme the worker is ""không thuộc đối tượng tham gia"", owes no HI 3% for him; `INSURANCE_EQUIVALENT` drops the HI share for `employee.receiving_pension` in all 23 versions (wrong transcription, fix in place). Golden: male pensioner aged 63, Region I, September 2026, 30,000,000 → 17.5% + 1% = 5,550,000; gross 35,550,000; PIT (35,550,000 − 15,500,000) = 1,505,000; net 34,045,000 (earlier goldens 4,300,000 → 3,700,000 and 5,375,000 → 4,625,000). Decree 145/2020 was not read for a composition rule; the law states the scheme test, so none is needed. Issue 46 (VN-A5, 2026-09-28): `INSURANCE_EQUIVALENT` is now `owed` in all 23 versions (fix in place; the law did not move) — the run prices it for every employment its eligibility admits with no HR row, so a pensioner or a foreigner hired past retirement age is no longer paid silently without it (golden: pensioner 25,000,000 → 21.5% = 5,375,000; foreigner born 1962-06-01 hired 2026-01-05, 30,000,000 → 20.5% = 6,150,000, September 2026). A listed row still prices once, not twice. lawful exclusion for each of SI/HI/UI, mixed coverage, actual wage-payment timing and the interaction with benefit leave are not fully proved. A blanket `INTERN` label cannot establish legal exclusion. Issue 44 (VN-A3, 2026-09-28): `INSURANCE_EQUIVALENT` eligibility (all 23 versions) now includes a fixed-term contract under one full month; in the five December 2025 versions its 1% UI part is left out for that contract, which Law 38/2013 art.43(1)(b) still insures. Owner rule 2026-09-28: art.168(3) sets no part-month rule, so the recorded default prices the row as every standing allowance, prorated to the days employed — golden: 30,000,000 fixed term 1–21 September 2026 → 21.5% = 6,450,000 × 15/22 working days = 4,397,727. Closure case: Excluded worker across all three schemes, mixed coverage, and SI-paid leave with/without separate wage agreement. 2026-09-30: INSURANCE_EQUIVALENT eligibility reads the Annex I retirement age by birth month (VN-LC169-02); probes VN-LC168-01-2 (part-timer under the floor, trainee) and VN-LC169-02-1. [Diff r9 2026-10-01] P6: a citizen on a probation contract is outside UI only (Law 74/2025 art.31(2)) and stays in SI and HI, so art.168(3) owes the employer's UI 1% alone: the 18 `INSURANCE_EQUIVALENT` rows from 1 January 2026 admit `employment.type` PROBATION (citizens) and price it on a first band — UI salary floor/20× regional minimum × 1% (wrong transcription, fixed in place). Golden: 20,000,000 probationer, January, June and September 2026 → 200,000. Open: a citizen who is `pension_qualified` but draws no pension is outside UI too and is not priced.",allowance_catalogue:INSURANCE_EQUIVALENT; obligations:INSURANCE_EQUIVALENT_PAYMENT,"Vietnam — 2026-09: a pensioner aged 63 is owed SI and UI equivalents, not HI (Labour Code art.168(3); HI Law art.12(2)(a), 13(5)(d); Law 41/2024 art.2(7)(a)); Vietnam — a worker on a probation contract is outside UI from 2026 (Law 74/2025 art.31(2))",VN-LC168-01-1; VN-LC168-01-2; VN-LC169-02-1; VN-UNION-01-2,2026-09-29
VN-LC169-02,VN,other,"Sex and date of birth → normal retirement age: men 60y3m in 2021 rising 3 months/year to **62** (2028); women 55y4m rising 4 months/year to **60** (2035); 2025: men 61y3m, women 56y8m; 2026: men 61y6m, women 57y0m. Early retirement up to 5 years younger in qualifying cases; later retirement by agreement",Labour Code 45/2019/QH14 (consolidation 18/VBHN-VPQH of 12 Feb 2026) art.169 and Decree 135/2020/ND-CP art.4; whole scope,https://datafiles.chinhphu.vn/cpp/files/vbpq/2020/11/135.signed.pdf,2026-09-30,2025-12-01,,PARTIAL,"The seed HI/UI authorities apply the roadmap, but the register had no row; age feeds severance exclusion, foreign-worker SI exclusion and LC art.35(2)(e). Decree 158/2025/ND-CP art.44(2)(c) repealed Decree 135/2020/ND-CP art.3(2), art.7(1),(3), art.8(2) and Annex III from 1 July 2025. Closure case: 2025/2026 birthdays at each step, early hazardous and agreed late retirement. (Register status 2026-09-29: No [IN-SYSTEM 2026-09-29].) Absorbs index row VN-LC169-01 (Labour Code 45/2019/QH14 (consolidation 18/VBHN-VPQH of 12 Feb 2026) art.169 and retirement schedule; December 2025 onward): Sex, date of birth, hazardous work and disability → dated normal/early/late retirement classification — No complete retirement-cohort selector or evidence for exceptions; age alone cannot decide SI/termination treatment. Closure case: 2025/2026 retirement birthdays, early hazardous and agreed late retirement. (Register status: No [IN-SYSTEM 2026-09-29].) Source note (Decree 135/2020): issued 18 November 2020, effective 1 January 2021. Decree 158/2025 art.44(2)(c) repealed parts of Decree 135/2020 from 1 July 2025, while Decree 135/2020 art.4 remains in force.Source ledger Decree 135/2020/ND-CP: https://vanban.chinhphu.vn/?pageid=27160&docid=201650 'Decree 135/2020/ND-CP retirement age, issued 18 November 2020, effective 1 January 2021; art.4 roadmap in force, parts repealed by Decree 158/2025/ND-CP art.44(2)(c) from 1 July 2025' 2026-09-30 (seed fix, wrong transcription fixed in place in all 23 versions): Decree 135/2020/NĐ-CP Annex I (signed text https://datafiles.chinhphu.vn/cpp/files/vbpq/2020/11/135.signed.pdf pp.1–3, read visually 2026-09-30) fixes the normal retirement age by month and year of birth — men born 1–9/1964 at 61y3m, 10/1964–6/1965 at 61y6m, from 4/1966 at 62; women born 9/1968–4/1969 at 56y8m, 5–12/1969 at 57 — the age of the year the worker reaches it. The seed SI/HI/UI/UNION rules and INSURANCE_EQUIVALENT compared the age at signing with the age of the signing year (`employment.service_start < ""YYYY-01-01""` ladder), so a man born 7/1964 signing in January 2026 (61y5m, retired October 2025) read as insured; the ladder now keys on `employee.birth_date` against the Annex I month boundaries. Probe VN-LC169-02-1 (two excluded at the new boundary, one insured). Early/late retirement still unproven.","statutory_contributions:SI,HI,UI (retirement-age eligibility)",VN — a foreign hire is outside insurance by the retirement age of the year the contract was signed (Law 41/2024 art.2(2)(b); Decree 135/2020 art.4),VN-LC169-02-1,
VN-LC179-01,VN,other,"Individual/collective dispute, strike validity and participation → grievance process, no-retaliation duty, stopped-work or strike pay under art.207",Labour Code 45/2019/QH14 (consolidation 18/VBHN-VPQH of 12 Feb 2026) arts.179–211; December 2025 onward,https://vanban.chinhphu.vn/?docid=217002&pageid=27160,2026-09-29,2025-12-01,,GAP,"Dispute/strike adjudication and participation facts are not recorded; payroll cannot distinguish nonparticipants' stoppage wage from strikers' unpaid time. Closure case: Lawful strike with participant/nonparticipant, unlawful strike finding and court/conciliation record. (Register status 2026-09-29: No [IN-SYSTEM 2026-09-29].)",,,,
VN-LC212-01,VN,other,"Employer size and labour inspection or enforcement notice → cooperation, records, applicable procedure relief and remedies",Labour Code 45/2019/QH14 (consolidation 18/VBHN-VPQH of 12 Feb 2026) arts.212–220; December 2025 onward,https://vanban.chinhphu.vn/?docid=217002&pageid=27160,2026-09-29,2025-12-01,,EXTERNAL,Inspectorate response and art.218 under-10-worker procedure exemptions are external HR duties; applicable regulations and evidence are not linked. Closure case: Nine/ten-worker cases and a dated inspection finding. (Register status 2026-09-29: No [EXTERNAL 2026-09-29].),,,,
VN-PRORATE-01,VN,proration,"Joiner/leaver days and the contract or internal wage rule → **sourced exclusion**: no statute fixes a monthly-salary proration divisor (calendar days, working days or 26); the divisor is a dated contractual input, checked against the OT hourly base, the minimum-wage comparison (daily wage × normal working days) and the SI unpaid-month rule (no SI for a month with 14 or more unpaid working days)","Decree 145/2020/ND-CP (Official Gazette 1203+1204) art.55(1)(a), Decree 293/2025/ND-CP art.4 and Social Insurance Law 41/2024/QH15 arts.33(5),34(3); whole scope",https://congbaocdn.chinhphu.vn/CongBaoCP/VanBan/2020/12/32732/33806-1-20201203-1204145-2020-nd-cp.pdf,2026-09-29,2025-12-01,,PARTIAL,"Unproven (re-judged 2026-09-30; was VERIFIED 2026-09-29): a contractual divisor (employment_terms.proration CALENDAR_DAYS or FIXED_DAYS, goldens only) replacing the working-day default; the minimum-wage check on a part month. Proven: the working-day default (VN-PRORATE-01-1, VN-LC90-01-1, VN-LC46-02-1) and the 13/14 unpaid-day SI rule (VN-SI-02-1). History: The divisor is not a saved dated contractual input; the product must not hard-code one. No statutory VND rounding rule was found. Round 4 (2026-09-28): **Owner rule 2026-09-28: law silent on the divisor; default the period's normal working days (`work_rules.proration` WORKING_DAYS and `ordinary_divisor_days: period.working_days`, already in all four live versions); lawful because each worked day is paid at the same daily rate the minimum-wage comparison (daily wage × normal working days) and the OT hourly base use, so a part month never falls below the pro-rata minimum wage.** Decision reason closed. Golden: the 15 September 2026 leaver, 60,000,000 × 11 ÷ 22 = 30,000,000 (VN-LC46-01), and the 15 July non-resident, 46,000,000 × 11 ÷ 23. Engine defect fixed 2026-09-28: `employment_terms.proration` (optional, dated by the row) is the contract's own basis — CALENDAR_DAYS, WORKING_DAYS or FIXED_DAYS n — and `work_rules.proration_contractual: true` (all 23 VN versions; a missing rule of unchanged law, fixed in place) lets it replace the version's basis for that row, on the salary segment, an absence and an allowance's part period alike; absent, the working-day default applies. Re-checked against Decree 145/2020/ND-CP (Official Gazette 1203+1204) art.55(1)(a): the overtime hourly wage is the month's wage actually paid over the hours actually worked, so no divisor is fixed. The floors are untouched: the minimum-wage check reads the contract month and `ordinary_divisor_days` stays `period.working_days`. Golden (statutory-golden-vn, January 2026 joiner on the 19th): 22,000,000 × 13 ÷ 31 = 9,225,806 (calendar), × 10 ÷ 26 = 8,461,538 (26), a whole month on 26 = 22,000,000, a 5,000,000 contract on 26 still blocks at Region I's 5,310,000, and a version without the flag ignores the contract basis (10 ÷ 22). Closure case: Mid-month joiner under two contractual divisors, minimum-wage check and 13/14 unpaid days.",work_rules.proration; work_rules.proration_contractual; work_rules.ordinary_divisor_days,"VN-PRORATE-01 — the default divisor is the period’s normal working days (22,000,000 × 10 ÷ 22)",VN-PRORATE-01-1; VN-LC90-01-1; VN-LC46-02-1; VN-PRORATE-01-2,2026-09-29
VN-MW74-01,VN,minimum_wage,"Covered contract, actual locality, pay unit and normal schedule → 2025 regional monthly/hourly floor",Decree 74/2024/ND-CP arts.1–4; December 2025,https://vanban.chinhphu.vn/?pageid=27160&docid=210536,2026-09-29,2025-12-01,2025-12-31,PARTIAL,"Unproven (re-judged 2026-09-30; was VERIFIED 2026-09-29): the Region II–IV monthly floors, every hourly floor, a below-floor refusal, daily and product pay. Proven: the exact Region I monthly floor settles in December 2025 (VN-PIT-01-1). History: December tables and weekly boundary probes exist; locality/branch and all worker/pay-unit cases are unproved. Decree 74/2024/ND-CP art.3 monthly/hourly (issuer transcription, 2026-09-28): I 4,960,000/23,800; II 4,410,000/21,200; III 3,860,000/18,600; IV 3,450,000/16,600, in force 1 July 2024–31 December 2025. Each pair still needs a seed comparison probe. Closure case: Complete 2025 annex mapping, daily/product and exact-floor case. Source note: issuer record (74/2024/NĐ-CP, issued 30-06-2024, in force 01-07-2024), signed text https://datafiles.chinhphu.vn/cpp/files/vbpq/2024/7/74-cp.signed.pdf; earlier transcription https://xaydungchinhsach.chinhphu.vn/toan-van-nghi-dinh-74-2024-nd-cp-quy-dinh-muc-luong-toi-thieu-vung-119240701122135822.htm.",work_rules.wages.by_region; work_rules.wages.hourly_by_region; work_rules.wages.protected_prior_floor,VN audit — the regional minimum wage tables are the decrees’ own,VN-PIT-01-1; VN-MW74-01-1; VN-MW74-01-2; VN-MW74-01-3; VN-MW74-01-4; VN-MW74-01-5; VN-MW74-01-6,2026-09-29
VN-MW293-01,VN,minimum_wage,Contracted worker and covered employer → floor applicability,Decree 293/2025/ND-CP arts.1–2; from January 2026,https://vanban.chinhphu.vn/?docid=215832&pageid=27160,2026-09-29,2026-01-01,,GAP,Current blanket INTERN exclusion and generic employment class do not establish statutory exemption. Closure case: Employee-student versus genuine exempt training placement. R28/R53. (Register status 2026-09-29: No [IN-SYSTEM 2026-09-29].),work_rules.wages.applies_when,,,
VN-MW293-02,VN,minimum_wage,Actual locality/date → one of four monthly/hourly regional rate pairs,"Decree 293/2025/ND-CP art.3(1)–(2), annex; from January 2026",https://vanban.chinhphu.vn/?docid=215832&pageid=27160,2026-09-29,2026-01-01,,PARTIAL,"Unproven (re-judged 2026-09-30; was VERIFIED 2026-09-29): the Region I–III monthly floors and every hourly floor; the locality annex mapped to a saved locality. Proven: the Region IV monthly floor (VN-MW293-04-1). History: Four rate pairs are seeded, but the full locality annex, amendments and actual worksite are not mapped to a saved locality. Decree 293/2025/ND-CP art.3 monthly/hourly (issuer page, 2026-09-28): I 5,310,000/25,500; II 4,730,000/22,700; III 4,140,000/20,000; IV 3,700,000/17,800. Each pair still needs a seed comparison probe. Closure case: Annex-to-locality comparison across all regions. R53. Source note: issuer record (293/2025/NĐ-CP, issued 10-11-2025, in force 01-01-2026), signed text https://datafiles.chinhphu.vn/cpp/files/vbpq/2025/11/293-cp.signed.pdf; earlier transcription https://xaydungchinhsach.chinhphu.vn/nghi-dinh-so-293-2025-nd-cp-quy-dinh-muc-luong-toi-thieu-doi-voi-nguoi-lao-dong-lam-viec-theo-hop-dong-lao-dong-119251110172808433.htm. Further golden: “VN audit — the hourly floor settles at 25,500 and refuses 25,000 (Decree 293/2025 art.4(2))”.",work_rules.wages.by_region; work_rules.wages.hourly_by_region; work_rules.wages.protected_prior_floor,VN audit — the regional minimum wage tables are the decrees’ own,VN-MW293-04-1; VN-MW293-02-1; VN-MW293-02-2; VN-MW293-02-3; VN-MW293-02-4,2026-09-29
VN-MW293-03,VN,minimum_wage,"Operating branch, spanning zone, renamed/split/merged predecessor locality → correct region",Decree 293/2025/ND-CP art.3(3); from January 2026,https://vanban.chinhphu.vn/?docid=215832&pageid=27160,2026-09-29,2026-01-01,,GAP,"One bare company region cannot select branch/zone or predecessor rules. Closure case: Cross-region zone, new locality and branch cases. R53. (Register status 2026-09-29: No [IN-SYSTEM 2026-09-29].)",,,,
VN-MW293-04,VN,minimum_wage,Covered monthly/hourly wage and normal hours → payment at or above matching floor,Decree 293/2025/ND-CP art.4(1)–(2); from January 2026,https://vanban.chinhphu.vn/?docid=215832&pageid=27160,2026-09-29,2026-01-01,,PARTIAL,"Unproven (re-judged 2026-09-30; was VERIFIED 2026-09-29): a below-floor refusal (the probe asserts only settled payslips); the hourly floor; a part-timer's pro-rata floor. Proven: exact monthly floors settle (VN-MW293-04-1). History: Fixed-schedule full-time pay below floor now refuses, but coverage, lawful schedule, part-time and locality inputs are incomplete. Closure case: Exact/below floor through saved run for each profile. R53.",work_rules.wages.block_below_when,"VN January hourly and weekly under-floor contracts refuse, and exact floors settle",VN-MW293-04-1; VN-MW293-04-2; VN-MW293-04-3; VN-MW293-02-1,2026-09-29
VN-MW293-05,VN,minimum_wage,"Weekly, daily, product or task wage and normal time → monthly **or** hourly comparison",Decree 293/2025/ND-CP art.4(3); from January 2026,https://vanban.chinhphu.vn/?docid=215832&pageid=27160,2026-09-30,2026-01-01,,PARTIAL,"Weekly/daily fixed-schedule alternatives have probes; variable daily hours, product/task units and part-time rule are missing. The 52/12 factor belongs to weekly pay, not every monthly-paid part-timer. Art.4 conversions: weekly × 52/12; daily × normal working days in the month; hourly = weekly or daily wage / normal weekly or daily hours. Closure case: February variable shifts and piece units; saved underfloor refusal. R53/MP04. (Register status 2026-09-29: No [IN-SYSTEM 2026-09-29].) Batch 9 (2026-09-30): Decree 293/2025 art.4 re-read (weekly × 52/12 or ÷ normal weekly hours); probe VN-MW293-05-1: weekly 1,000,000 on a 40-hour week fails both (4,333,333 < 5,310,000; 25,000 < 25,500) → run refused; awaits the test phase. Product/task units and variable daily hours still unproven. [LIT-01 2026-09-30] Art.4 conversions are seeded in `work_rules.rate_conversions`: weekly × 52 ÷ 12, daily × `period.working_days` (normal working days in the month); hourly → month has no art.4 rule, recorded default hours × 52 ÷ 12. `wages.weekly_monthly_factor` still duplicates the weekly factor.",work_rules.wages.weekly_daily_hourly_alternative; work_rules.wages.weekly_monthly_factor; work_rules.rate_conversions,VN daily wage can satisfy the hourly floor while below the monthly conversion,VN-MW293-05-1,
VN-MW293-06,VN,minimum_wage,"Date and predecessor instrument → 2025/2026 law selection, including repealed locality rules",Decree 293/2025/ND-CP art.5(1)–(3); January 2026 transition,https://vanban.chinhphu.vn/?docid=215832&pageid=27160,2026-09-29,2026-01-01,,PARTIAL,"Unproven (re-judged 2026-09-30; was VERIFIED 2026-09-29): the 31 December / 1 January boundary in one case; the repealed Decree 128/2025 locality rules. Proven: December 2025 settles on the Decree 74/2024 floor (VN-PIT-01-1); 2026 cases run under Decree 293/2025. History: Versions switch at January, but repealed Decree 128/2025 provisions and all cross-references are not reconciled. Closure case: Boundary on 31 December/1 January with locality source. R53.",work_rules.wages (version boundary 2026-01-01),VN December 2025 daily hourly boundary uses the earlier decree,VN-PIT-01-1; VN-MW74-01-5; VN-MW74-01-6; VN-MW293-04-2; VN-MW293-04-3,2026-09-29
VN-MW293-07,VN,minimum_wage,"Existing contract/collective terms → retain more favourable wage, overtime, night and in-kind terms",Decree 293/2025/ND-CP art.5(4); from January 2026,https://vanban.chinhphu.vn/?docid=215832&pageid=27160,2026-09-29,2026-01-01,,GAP,Full dated contractual/collective history and differential comparison are missing. Closure case: Same worker with a more favourable predecessor term. R53. (Register status 2026-09-29: No [IN-SYSTEM 2026-09-29].),,,,
VN-MW293-08,VN,minimum_wage,Pre-2026 hire and qualifying downward _locality_ reclassification → protected 31 December 2025 floor,Decree 293/2025/ND-CP art.5(5); from January 2026 until replacement rule,https://vanban.chinhphu.vn/?docid=215832&pageid=27160,2026-09-30,2026-01-01,,PARTIAL,"Unproven (re-judged 2026-09-30; was VERIFIED 2026-09-29): a 2026 hire on the new floor without protection; a refusal below the protected floor; a worker relocation. Proven: a reclassified 2025 incumbent at the protected Region III floor settles (VN-MW293-04-1). History: Conditional protected-floor selector and saved refusal are probed, but no authoritative locality/predecessor evidence or termination-of-transition rule is selected. Closure case: Prove a real reassignment, incumbent/new hire and worker relocation. R53. Batch 9 (2026-09-30): Decree 293/2025 art.5(5) re-read in the Government transcription (protection only for workers employed before 31 December 2025); probes VN-MW293-08-1 (2026 hire at a reclassified worksite held only to Region IV) and VN-MW293-08-2 (2025 incumbent at 3,800,000 under the protected Region III 3,860,000 → run refused) await the test phase. | [ENUM 2026-10-01] `terms_facts:prior_floor_region` now declares `options` I, II, III, IV (the prior order’s `by_region` keys) in every VN version, so a region outside the 2025 decree is refused at write and in the run’s declared-fact check before pricing.",work_rules.wages.protected_prior_floor; terms_facts:prior_floor_region; terms_facts:prior_floor_reclassified,"VN incumbent retains a higher 2025 hourly floor, while a January hire uses the new floor",VN-MW293-04-1; VN-MW293-08-1; VN-MW293-08-2,2026-09-29
VN-PIT-01,VN,tax,"Residency, income class, exempt amounts, deductions and remuneration → monthly withholding and annual settlement",PIT Law 04/2007/QH12; December 2025,https://vanban.chinhphu.vn/?classid=1&docid=51258&pageid=27160&typegroupid=3,2026-09-29,2025-12-01,2025-12-31,PARTIAL,"Unproven (re-judged 2026-09-30; was VERIFIED 2026-09-29): a December 2025 non-resident, dependants, a departure, a prior-employer transfer and the annual settlement. Proven: the resident seven-bracket withholding with the 11,000,000 deduction (VN-PIT-01-1); the 1,000,000 voluntary-pension cap (dao_job) was added to VN-PIT-01-1 on 2026-09-30 and awaits the test phase. History: PIT scheme and a December golden exist; complete income exclusions, residence, prior-payer history and year-end authorization are not independently reconciled. December 2025 figures (not re-read from primary text in the 2026-09-28 pass): PIT Law 04/2007/QH12 art.22 monthly ladder 5% to 5m, 10% to 10m, 15% to 18m, 20% to 32m, 25% to 52m, 30% to 80m, 35% above; Resolution 954/2020/UBTVQH14 deductions VND11m self and 4.4m per dependant (132m/52.8m a year); nonresident employment income flat 20%; Circular 111/2013/TT-BTC art.25(1)(i) 10% casual withholding on payments of **VND2m** or more. Resolution 954/2020/UBTVQH14 and Circular 111/2013/TT-BTC were absent from the ledger until this pass. Closure case: Resident/nonresident, departure and prior employer transfer. R03. Source note: NQ954 (Resolution 954/2020/UBTVQH14, VND11m/4.4m from 1 July 2020 to tax year 2025, repealed by NQ110) — Government explanation https://thanglong.chinhphu.vn/huong-dan-viec-dieu-chinh-muc-giam-tru-gia-canh-thue-thu-nhap-ca-nhan-10330403.htm; primary instrument URL unresolved. Round 9: December 2025 links the Government explanation of NQ954; pre-July settings list the official TT111 instrument page. Coverage review 2026-09-28: NQ954 and TT111 were absent from the ledger until then; 169 rules citing TT111 was a count across live and voided seed history (Round 7). Batch 9 (2026-09-30): probe VN-PIT-01-2 — December 2025 resident with one dependant (4,400,000 → 125,000) and a December 2025 non-resident at 20% (6,000,000); awaits the test phase.",statutory_contributions:PIT,"Vietnam — the December 2025 version, and the regional cap that moves off it",VN-PIT-01-1; VN-PIT-01-2,2026-09-29
VN-PIT-02,VN,tax,"2026 wages, deductions, ladder and finalization → apply 2026 resident-salary rules for the tax year, despite the general 1 July commencement",PIT Law 109/2025/QH15 art.29 and Decree 253/2026/ND-CP; **resident salary tax year 2026**,https://vanban.chinhphu.vn/?classid=1&docid=216495&pageid=27160,2026-09-29,2026-01-01,,PARTIAL,"Unproven (re-judged 2026-09-30; was VERIFIED 2026-09-29): the annual finalisation under the 2026 rules; the June/July 2026 version change in a probe. Proven: the 2026 resident table and deductions applied to January–March 2026 months (VN-SI-05-1 and the other March 2026 cases). History: Sealed PIT authority cites Law 109/2025 and Decree 253/2026, but every new tax-base/relief/withholding branch and annual true-up is not independently compared with current official text. Closure case: December 2025/January 2026 and June/July 2026 resident cases; compare annual result.",statutory_contributions:PIT,Vietnam — monthly PIT withholding on the 1 January 2026 scale,VN-SI-05-1; VN-SI-05-6; VN-SI-05-7,2026-09-29
VN-PIT-03,VN,tax,"Nonresident/short-term pay, exemptions and finalization → correct rate, deductions and payment/reporting","PIT Law 04/2007/QH12 art.26 and Circular 111/2013/TT-BTC art.18(1) (to 30 June 2026); PIT Law 109/2025/QH15 art.21 from 1 July 2026 (art.29(1)), with stated tax-year exceptions (art.29(2) brings forward only the resident salary rules)",https://vanban.chinhphu.vn/?classid=1&docid=216495&pageid=27160,2026-09-30,2026-07-01,,PARTIAL,"Unproven (re-judged 2026-09-30; was VERIFIED 2026-09-29): the Law 109/2025 non-resident rule from 1 July 2026; a short stay or departure; finalisation, remittance and forms. Proven: 20% on a March 2026 non-resident under PIT Law 04/2007/QH12 art.26 and Circular 111/2013/TT-BTC art.18(1) (VN-PIT-03-1). History: Branch selection and saved declarations, documentary residence status and new subordinate guidance need full review. Closure case: Resident/nonresident and short contract cases, tax remittance and forms. 2026-09-30: Law 109/2025/QH15 art.21 read in the signed text (pp.12–13): non-resident salary × 20% wherever paid; probe VN-PIT-03-2 (August 2026). Batch 9 (2026-09-30): the December 2025 non-resident (PIT Law 04/2007 art.26, Circular 111/2013 art.18(1)) is park_job in VN-PIT-01-2; awaits the test phase.",statutory_contributions:PIT,"Vietnam — a dependant deducts 6,200,000 a month, and a non-resident is withheld at 20%",VN-PIT-03-1; VN-PIT-03-2; VN-PIT-01-2,2026-09-29
VN-PIT-04,VN,tax,Prior payer income/tax under an authorized same-system transfer → annual settlement without importing unrelated wages by default,PIT Law 109/2025/QH15 and PIT Law 04/2007/QH12; whole scope,https://vanban.chinhphu.vn/?classid=1&docid=216495&pageid=27160,2026-09-29,2025-12-01,,IMPLEMENTED,"Opening-history input exists but provenance, authorization and payer-specific income/tax reconciliation remain unproved. Closure case: Former-employer and unrelated-employer controls; R03. (Register status 2026-09-29: No [IN-SYSTEM 2026-09-29].)",statutory_contributions:PIT (opening history),,,
VN-PIT-05,VN,tax,Five annual/monthly marginal brackets and personal/dependant deductions → resident withholding and annual liability,"PIT Law 109/2025/QH15, Resolution 110/2025/UBTVQH15 and Decree 253/2026/ND-CP; resident salary from tax year 2026",https://vanban.chinhphu.vn/?classid=1&docid=216495&pageid=27160,2026-09-29,2026-01-01,,PARTIAL,"Unproven (re-judged 2026-09-30; was VERIFIED 2026-09-29): the annual liability (twelve-month settlement) and year-end correction; dependant classes beyond a counted dependant. Proven: every monthly rung (the 150,000,000 case in VN-SI-05-2 passes 5/10/20/30/35%), the 15,500,000 and 6,200,000 deductions (VN-PIT-08-1), whole-đồng rounding (VN-SI-05-3). History: The four 2026 PIT schemes carry the five-rung scale and VND15.5m/VND6.2m monthly deductions; this is a seed observation, not a verified entitlement for every dependant class, tax-base exception or annual true-up. The deductions come from Resolution 110/2025/UBTVQH15 (effective 1 January 2026, repealing Resolution 954/2020/UBTVQH14); the Government bracket page gives 5% to 10m, 10% 10–30m, 20% 30–60m, 30% 60–100m, 35% above 100m monthly (120/360/720/1,200m annual). The three 2026 live versions already list Resolution 110/2025/UBTVQH15; December 2025 now links an official Government explanation of Resolution 954/2020/UBTVQH14, while its primary instrument URL remains unresolved. A commercial summary printing 20/50m bands is wrong and must not be used. Closure case: Official five-bracket/relief amount comparisons at every boundary, eligible dependant and year-end correction. Source note (NQ110): issued 17 October 2025, effective 1 January 2026 for tax period 2026, VND15.5m self and 6.2m per dependant, repeals NQ954; readable text https://xaydungchinhsach.chinhphu.vn/nghi-quyet-110-2025-ubtvqh15-dieu-chinh-muc-giam-tru-gia-canh-cua-thue-thu-nhap-ca-nhan-119251110101313787.htm; 2026 bracket page https://xaydungchinhsach.chinhphu.vn/chi-tiet-bieu-thue-thu-nhap-ca-nhan-luy-tien-tung-phan-119260327091407544.htm. Additional golden: “Vietnam — every seam: the SI/HI ceiling, the UI regional ceiling, the monthly PIT brackets and whole-đồng rounding”. Coverage review 2026-09-28 found no seed version listing NQ110, NQ954 or TT87; Round 2 added NQ110 and TT87 to the version source lists where in force, and Round 9 records the three 2026 settings linking NQ110 and December 2025 linking the NQ954 explanation.Source ledger Resolution 110/2025/UBTVQH15: https://vanban.chinhphu.vn/?docid=215927&pageid=27160 'Resolution 110/2025/UBTVQH15, issued 17 October 2025, effective 1 January 2026 for tax period 2026: VND15.5m self, 6.2m per dependant; repeals Resolution 954/2020/UBTVQH14; readable text https://xaydungchinhsach.chinhphu.vn/nghi-quyet-110-2025-ubtvqh15-dieu-chinh-muc-giam-tru-gia-canh-cua-thue-thu-nhap-ca-nhan-119251110101313787.htm; 2026 bracket page https://xaydungchinhsach.chinhphu.vn/chi-tiet-bieu-thue-thu-nhap-ca-nhan-luy-tien-tung-phan-119260327091407544.htm'",statutory_contributions:PIT,"VN audit — the 2026 monthly PIT table at the 60,000,000 and 100,000,000 rung edges (Law 109/2025 art.9)",VN-SI-05-2; VN-MW293-02-1; VN-MW74-01-1,2026-09-29
VN-PIT-06,VN,tax,"No contract or contract under three months, payment per occasion and permitted commitment → 10% withholding when the statutory threshold applies","Decree 253/2026/ND-CP art.50; from July 2026, with its 2026 tax-year interaction",https://congbao.chinhphu.vn/van-ban/nghi-dinh-so-253-2026-nd-cp-469959.htm,2026-09-29,2025-12-01,,PARTIAL,"Unproven (re-judged 2026-09-30; was VERIFIED 2026-09-29): a payment below the threshold (VND2m before July, VND5m from July); the July threshold and the elective 10%; a Form 08 commitment; a non-resident control; several payments in one month. Proven: 10% on a pre-July short-contract payment (VN-PIT-06-1) and on salary paid after a long contract ended (VN-LC46-02-1). History: The January–June 2026 PIT versions now use the then-operative VND2m payment-time threshold, and the July version uses VND5m with a dated election for voluntary 10% withholding below it; a qualifying commitment selects zero withholding only in the three pre-July versions; the July version now refuses an unverified commitment waiver. Issuer conditions, expatriate branch and multiple payments still need a complete probe. Until 30 June 2026 the Circular 111/2013/TT-BTC art.25(1)(i) **VND2m** threshold still governs casual payments; Circular 87/2026/TT-BTC art.6(2) replaced Circular 111/2013/TT-BTC from 1 July 2026. Engine defect fixed (2026-09-28, VN-A1): `employment.open_ended`/`contract_months` read any recorded exit date as a fixed term, so an indefinite contract resigned after seven weeks was withheld the flat 10%; art.50(2)'s 10% is for no contract or one under three months, and an indefinite contract (Labour Code 45/2019/QH14 (consolidation 18/VBHN-VPQH of 12 Feb 2026) art.20(1)(a)) has no term however it ends. The recorded end is now the contract's term only when `exit_ground` is empty or `END_OF_CONTRACT`; any other reason reads as open-ended (engine semantics, every jurisdiction reading these paths). **Owner rule 2026-09-28: the model records no contract term apart from the exit date; a fixed-term contract cut short by resignation, dismissal or another early exit is read as open-ended (progressive table; for a foreigner, SI from Law 41/2024 art.2(2)); lawful as a consistent default because monthly withholding is an advance settled at finalisation, and a genuine under-three-month contract that runs its term (reason empty or END_OF_CONTRACT) keeps the 10%.** Golden: 30,000,000 a month, hired 2026-08-01, resigned last day 2026-09-18 → August 635,000, September (14/22 days) 22,045. Closure case: VND4,999,999/5,000,000 payments, valid/invalid commitment and nonresident control. Round 9 (2026-09-29): TT111 art.25(1)(i), confirmed on the Government document page and a Government tax answer (https://chinhsachonline.chinhphu.vn/khau-tru-thue-doi-voi-lao-dong-hop-dong-duoi-3-thang-17296.htm), requires 10% from VND2m per short-contract payment before July 2026; D253 art.50(2) raises it to VND5m; arts.69(1)(a),70(2) apply the new resident wage rules to tax year 2026 while accepting pre-effective monthly/quarterly filings under former rules for annual correction; the January and May live versions use VND2m, July VND5m; July permits an employee request to withhold 10% below VND5m. Round 10 (analysis): `payroll_runs` is unique per company and period and `payslips` per employment and run with one final `paid_at`; `payroll_runs.pay_date` is calendar-derived; `pickConfiguration` chooses the sealed law at `window.salary.end`; `unit_assessments` had no payment date, permits units > 1 and requires REGISTERED — so the monthly base could not prove whether VND4m was one payment or two VND2m payments, and a June wage paid in July could select the wrong rule. Design note in the realm `.tmp/vn-payment-occasion-design.md`. Round 11: each resident under-three-month contract payment is declared on the PIT statutory fact with its own `period`, `gross`, single `unit`, `paid_on`, reference and optional below-threshold request; the four live PIT versions select the seed-marked `payment_occasion` branch per entry; the sum must reconcile to the assessed PIT base; a qualifying pre-July commitment suppresses the 10%; the non-resident 20% branch precedes. Fail-closed: the occasion must name the run’s scheduled pay date inside the selected sealed version; a payment on the successor’s effective date refuses; changing `payslips.paid_at` at PAID refuses until recalculated; missing rows, unequal gross, averaged units, duplicate references, missing dates and month-across-instalment pricing refuse. Round 12: D253 art.50(2) includes wages paid after the contract ends (Hanoi Tax Authority answer of 14 September 2026, https://chinhsachonline.chinhphu.vn/tra-luong-sau-khi-nghi-viec-tru-thue-tncn-ra-sao-91598.htm: 10% on each resident payment of at least VND5m, optional below); the July seed selects the occasion rule when the exit precedes the scheduled payment day; pre-July: GDT letter 51/TCT-DNNCN of 7 January 2021 (https://vbpl.attachments5.freshdesk.com/data/helpdesk/attachments/production/16063341426/original/51_TCT_DNNCN_2021_Vv_Chinh_sach_thue_TNCN_doi_voi_cac_khoan_thanh_toan_cho_NLD_khi_cham_dut_hop_dong_lao_dong.pdf) and Ninh Binh letter 7889/NBI-QLDN3 of 17 June 2026 (https://cdn.thuvienphapluat.vn/uploads/Hoidapphapluat/2026/NTH/23062026/CV7889.pdf) direct 10% on a taxable payment of at least VND2m after a long contract ends. Round 18: the three pre-July authorities drop the Ninh Bình letter and ground the post-contract branch on TT111 art.25(1)(i) (pp.69–70), which names only a resident paid without a labour contract or under one of less than three months and is silent on a payment after a long contract ends; owner rule 2026-09-28 default: that payment is treated as one without a labour contract, consistent with GDT letter 51/TCT-DNNCN; from July D253 art.50(2) names the case. Round 13: LC art.13(1) treats a differently named paid, supervised arrangement as a labour contract; a taxable `CONSULTANT` entry now refuses pending verification of the relationship. Round 14: `vn_noncontract_settlements` records a natural person and paying company without an employment, with relationship, income-nature, VND and dated residence evidence; July commitment claims refuse because TT87 replaced TT111 and D253 art.50(2) states no commitment waiver (a June commitment still suppresses withholding). Round 15: a settlement requires a positive agreed VND fee, due date and amount evidence and derives one immutable wholly taxable `NONCONTRACT_REMUNERATION` tranche (TT111 art.2(2)(c), D253 art.8(2)); the event adapter applies VND2m pre-July / VND5m July per actual payment and reconciles cash to gross less deductions and PIT; an `EXEMPT` tranche refuses (no primary interpretation of the per-disbursement denominator for mixed taxable/exempt pay). Round 16: `payslips.base` has no employment-terms source id and PIT `inputs` keep only code/label/effect/amount, so per-payment taxable/exempt amounts cannot be derived; the event ledger refuses an employment slip whose frozen PIT charge carries `payment_occasion`. Still open: two real disbursement dates in one run (one `paid_at`), a short-contract MONTH scheme on semi-monthly or weekly payroll, per-disbursement taxable allocation, and a dated NO_LABOUR_CONTRACT recipient class. Round 19 (2026-09-30, runtime-schema refactor, unchanged law relocated in place in every VN version): the no-contract path is the generic `noncontract_settlements` obligation (agreed gross in the settings currency, dated tax residency, `settlement_facts` relationship_reference / relationship_reviewed_on (not after the payment) / income_nature_reference / tax_residency_reference, each evidenced by a REFERENCE `fact_evidence` row judged at payment) and `payment_events.facts` against `payment_facts` (the below-threshold request: resident, paid on or after 2026-07-01, with its dated request; the Form 08 commitment `commitment_form` true exactly when its reference is recorded, only before 2026-07-01, dated, resident, of the payment year, with tax ID and both declarations); `payroll.payment_occasion_scheme` = PIT names the scheme, whose rules read the declared facts as `scheme.elections`, and the currency is `payroll.currency`. Owner rule 2026-09-28 default (law silent): an explicit `false` request is admitted on any date. [R8 2026-09-30] Probe run 443/443 green: VN-PIT-06-1; VN-LC46-02-1 pass; status stays PARTIAL for the branches named above. Batch 9 (2026-09-30): probe VN-PIT-06-3 — a pre-July short-contract payment of 1,177,273, under the 2,000,000 threshold → no withholding; awaits the test phase. [Batch 10 2026-09-30] Probe VN-LC48-01-1: two further post-contract final-wage payments withheld at 10% (500,000 each); awaits the test phase.",payroll.payment_occasion_scheme; payment_facts:*; settlement_facts:*; statutory_contributions:PIT (payment_occasion),VN short-contract withholding prices each documented payment at the dated threshold,VN-PIT-06-1; VN-LC46-02-1; VN-PIT-06-2; VN-PIT-06-3; VN-LC48-01-1,2026-09-29
VN-PIT-07,VN,tax,Recipient genuinely earning independent business income versus employment wages → keep the delegated business-revenue threshold and 30% qualifying **business PIT** reduction separate from the salary withholding mechanism,"Law 09/2026/QH16 arts.1,5(2) and NA Resolution 43/2026/QH16 arts.1(1),2; business-income provisions operative for 2026/2027 tax years",https://congbaocdn.chinhphu.vn/180507251028987904/2026/5/27/cong-bao-so-286-639149513405530832-ngay-27-05-47205_1779843218_signed.pdf,2026-09-29,2026-01-01,,NOT-APPLICABLE,"The signed amendment changes PIT Law 109/2025/QH15 art.7(1) for resident business income, effective for tax year 2026; NA Resolution 43/2026/QH16 reduces qualifying business PIT for 2026–27. Neither is a blanket 30% reduction of employee wage PIT. Recipient legal classification, any employer withholding duty for a contractor and the delegated revenue threshold have not been dispositioned. Closure case: Same individual paid employment salary and separate business invoice; classify each source and prevent wage-rate contamination. (Register status 2026-09-29: No [IN-SYSTEM 2026-09-29].) Round 2 (2026-09-28): no new PIT law since PIT Law 109/2025; Law 09/2026 amends business income only and Resolution 43/2026 reduces business PIT, not wage PIT; nothing to seed. Source note: Law 09/2026 in Official Gazette 286 pp.45–46; Resolution 43/2026 effective 24 August 2026.Source ledger NA Resolution 43/2026/QH16: https://xaydungchinhsach.chinhphu.vn/toan-van-nghi-quyet-so-43-2026-qh16-ve-giam-thue-thu-nhap-ca-nhan-thue-thu-nhap-doanh-nghiep-119260830184758301.htm 'National Assembly Resolution 43/2026/QH16 art.1(1), 30% qualifying business-income PIT reduction for 2026 and 2027, not salary PIT; effective 24 August 2026'",,,,
VN-PIT-08,VN,tax,"Registered, qualifying dependants receive VND6.2m per month; applicable adult and student classes have the VND3m all-source average-income ceiling. The payer retains registration and supporting dossier.","Circular 87/2026/TT-BTC arts.3–4, 6; Decree 253/2026/ND-CP arts.47–48, effective 1 July 2026 with resident wage rules for tax year 2026",https://congbao.chinhphu.vn/van-ban/thong-tu-so-87-2026-tt-btc-470001.htm,2026-09-29,2026-07-01,,PARTIAL,"Unproven (re-judged 2026-09-30; was VERIFIED 2026-09-29): the dependant's VND3m average-income ceiling; a midyear change, a missing month and a missing registration reference; the twelve-month annual history. Proven: one registered dependant at 6,200,000 (VN-PIT-08-1). History: Four live PIT versions use an explicit dated count and require a reference for positive counts; July monthly withholding and annual twelve-month history are tested. The count is an attested tax declaration; the product does not independently verify each dependant’s class, income or dossier. Prior circular references in live July text are historical contrasts; remaining source dispositions are tracked separately. Closure case: Midyear change, missing month, profile count without registration, registered nonchild, missing reference. Round 7: TT87 arts.3–4,6 read from Gazette DOCX; the live July authority’s TT111 mentions are historical comparisons. Round 8: D253 arts.47–48 and TT87 arts.3–4 read; the four live PIT versions require a dated `eligible_dependents` election for a resident on a contract of at least three months, with a registration/evidence reference when positive; monthly withholding reads that declaration, not the profile count; the annual formula sums twelve declared monthly counts across scheme revisions and refuses a missing month (a July change yields six relief months; a missing January refuses). Round 17: the election requires a nonempty `dependents_registration_reference` covering registration and the eligibility dossier; the payer must still verify class, age, income, registration and competing claimant under D253 arts.47–48 and TT87 arts.3–4. Source note (TT87): Official Gazette 420 of 20 July 2026, effective 1 July 2026; art.3(1) dependant all-source income average ≤VND3m/month, art.4(8) payer retains the dossier, art.6(1) resident wage content from tax period 2026, art.6(2) replaces TT111. Source note (D253): Gazette 402 DOCX; signed text https://datafiles.chinhphu.vn/cpp/files/vbpq/2026/7/253m-ndcp.signed.pdf (61 scanned pages): art.8(2)(g)–(h) p.5, art.8(3)(h) p.6, art.69(1) p.57, read visually 2026-09-28. Source note 2026-09-30: the voluntary-pension cap in VN-PIT-08-1 now cites Decree 253/2026/ND-CP art.46(2)(a) (signed text pp.29–30, read visually: supplementary pension, voluntary pension and life insurance deducted up to 3 million a month in total, including the employer's contribution) in place of a xaydungchinhsach news article.",statutory_contributions:PIT (eligible_dependents election),"Vietnam — July PIT uses registered eligible dependants, not the employee profile count (Decree 253/2026 arts.47–48)",VN-PIT-08-1,2026-09-29
VN-PIT-09,VN,tax,Night and overtime wages → **fully** exempt (the old law exempted only the premium above normal pay); art.49 health and education deductions are not withheld monthly,"PIT Law 109/2025/QH15 and Decree 253/2026/ND-CP arts.26,49,51(3),69; residents from tax year 2026, nonresidents from 1 July 2026",https://vanban.chinhphu.vn/?classid=1&docid=216495&pageid=27160,2026-09-30,2026-01-01,,PARTIAL,"Unproven (re-judged 2026-09-30; was VERIFIED 2026-09-29): a December 2025 night-pay case; a non-resident from 1 July 2026; art.49 health and education deductions not withheld monthly. Proven: the whole 2026 OT and night exemption (VN-LC98-02-1); the December 2025 premium-only OT exemption was added as VN-PIT-09-1 on 2026-09-30 and awaits the test phase. History: The seed PIT authority applies both, but no register row existed and no saved OT/night exemption probe compares old and new treatment. 2026-09-28: Decree 253/2026/ND-CP art.8(3)(h) (signed text p.6, read visually) keeps severance and job-loss allowances under the law — and an employer excess set in its financial or internal regulation, contract or collective agreement — out of taxable salary income, for resident salary from tax period 2026 (Decree 253/2026/ND-CP art.69(1)(a), p.57); the seed classes count toward nothing and a September 2026 golden proves it. Round 3 (2026-09-28): Circular 111/2013/TT-BTC re-read in the Gazette text (563+564, 12-9-2013): art.18(1) (p.61) non-resident salary × 20%; art.18(2) (p.62) the income is determined as for a resident under art.8(2)(a) (pp.35–36), i.e. art.2(2); art.2(2)(b)(b.6) (p.6) excludes severance and job-loss allowances under the Labour Code. Non-resident severance is outside PIT in January–June 2026 and, under Decree 253/2026/ND-CP art.8(3)(h), from July; goldens June (20% × 30,000,000 = 6,000,000) and July (20% × 22,000,000 = 4,400,000). The December 2025 versus January 2026 OT comparison remains open. Closure case: December 2025 versus January 2026 OT pay, nonresident June/July 2026 and severance payment. Severance/job-loss exclusion: `tests/statutory-golden-vn.test.ts` September 2026 separation golden (PIT 454,650 on salary alone). Source note (TT111): Official Gazette 563+564 of 12 September 2013 (index https://congbao.chinhphu.vn/van-ban/thong-tu-so-111-2013-tt-btc-7822.htm): art.2(2)(b)(b.6) p.6, art.8(2)(a) pp.35–36, art.18 pp.61–62, read 2026-09-28; operative to 30 June 2026, replaced by TT87 art.6(2). [Batch 10 2026-09-30] Law 109/2025/QH15 art.4(8) re-read in the Official Gazette 37 DOCX (https://congbao.chinhphu.vn/van-ban/luat-so-109-2025-qh15-468671.htm, 2026-09-30): “Tiền lương làm việc ban đêm, làm thêm giờ, tiền lương, tiền công trả cho những ngày không nghỉ phép theo quy định của pháp luật.” Probe VN-LC107-01-1: overtime pay past the art.107 month limit stays taxable; awaits the test phase.",statutory_contributions:PIT,VN-PIT-09 — the December 2025 OT exemption is premium-only; from the 2026 tax year the whole OT wage is outside PIT,VN-LC98-02-1; VN-PIT-09-1; VN-LC107-01-1,2026-09-29
VN-PIT-10,VN,tax,"Dated voluntary-pension (and, from 2026, supplementary pension and life insurance) premiums → deducted as paid up to **VND1,000,000 a month** (December 2025, pension products only) or **VND3,000,000 a month** in total, employer and employee shares together (from January 2026)","Circular 111/2013/TT-BTC art.9(2)(b) as replaced by Circular 92/2015/TT-BTC art.15 (December 2025); Decree 253/2026/ND-CP art.46(2)(a) with art.69(1)(a) (tax year 2026, all four 2026 versions)",https://congbaocdn.chinhphu.vn/CongBaoCP/VanBan/2013/8/7822/4293-1-2013563-564-1112013tt-btcpdf,2026-09-29,2025-12-01,,PARTIAL,"Unproven (re-judged 2026-09-30; was VERIFIED 2026-09-29): an employer-paid premium (taxable, Decree 253/2026 art.8(2)(e), then deducted); one cap shared by employer and employee claims; supplementary pension and life insurance forms. Proven: the 3,000,000 cap on an employee premium in March 2026 (VN-PIT-08-1); the December 2025 1,000,000 cap (dao_job) was added to VN-PIT-01-1 on 2026-09-30 and awaits the test phase. History: The PIT rules apply `annual_exempt(VOLUNTARY_PENSION, 0, 1,000,000 / 3,000,000)` monthly and 12× in the annual settlement. The December 2025 seed authority wrongly cited `art.9(2)(đ)` and named life insurance; fixed in place in all five December versions 2026-09-29 (figure unchanged). Open: employer-paid premiums are taxable income (Decree 253/2026/ND-CP art.8(2)(e)) before the deduction, and whether an `EMPLOYER` claim and an `EMPLOYEE` claim share one cap is not probed. Closure case: `statutory-round2-C.test.ts` (July 2026 and December 2025); `statutory-golden-vn.test.ts` February 2026 golden (3,000,000 cap under the pre-July version, PIT 417,500 / 442,500). Source note (Circular 92/2015): Official Gazette 911+912 of 7 August 2015: art.15 replaces TT111 art.9(2)(b) — voluntary pension fund and insurance deducted as paid, at most VND1m a month including the employer share, across several funds (pp.29–30, read 2026-09-29); replaced for tax year 2026 by D253 art.46(2)(a). Round 18: the wrong transcription (art.9(2)(đ), life insurance) was fixed in every version, live and voided; the engine figure 1,000,000 was already right.Source ledger Circular 92/2015/TT-BTC: https://congbao.chinhphu.vn/van-ban/thong-tu-so-92-2015-tt-btc-15620.htm 'Circular 92/2015/TT-BTC, Official Gazette 911+912 of 7 August 2015 (text layer): art.15 replaces Circular 111/2013/TT-BTC art.9(2)(b) — voluntary pension fund and voluntary pension insurance deducted as paid, at most VND1m a month including the employer share, across several funds (pp.29–30, read 2026-09-29). Controls December 2025; replaced for tax year 2026 by Decree 253/2026/ND-CP art.46(2)(a)'",statutory_contributions:PIT (VOLUNTARY_PENSION annual_exempt),"Vietnam — the 3,000,000 voluntary pension cap reaches back to January 2026 under the pre-July versions (Decree 253/2026 art.46(2)(a), art.69(1)(a))",VN-PIT-08-1; VN-PIT-01-1,2026-09-29
VN-PIT-11,VN,tax,"Pay for untaken annual leave → exempt within the conditions and rate of Labour Code 45/2019/QH14 (consolidation 18/VBHN-VPQH of 12 Feb 2026) art.113(3) (payment on leaving the job, at the Decree 145/2020/ND-CP art.67(3) day rate); any excess is taxable. December 2025 (PIT Law 04/2007/QH12, Circular 111/2013/TT-BTC): no such exemption, the pay is taxed",PIT Law 109/2025/QH15 art.4(8) (signed text p.4); Decree 253/2026/ND-CP art.26(2)–(3) (Gazette 402) with art.69(1)(a); residents from tax year 2026,https://vanban.chinhphu.vn/?classid=1&docid=216495&pageid=27160,2026-09-29,2026-01-01,,PARTIAL,"Unproven (re-judged 2026-09-30; was VERIFIED 2026-09-29): an employer paying above the art.67(3) rate (the taxable excess); a non-resident's encashment taxed before July 2026; a mid-employment encashment taxed. Proven: a resident leaver's untaken-leave pay outside PIT (VN-LC46-02-1). History: The 2026 PIT bases add `ENCASHMENT` only when the employment continues past the period, so a leaver's untaken-leave pay leaves the base; December 2025 and non-residents before July keep it taxed. The engine prices the encashment at the art.67(3) day itself, so no excess arises; an employer paying above that rate has no separate taxable excess line. Mid-employment encashment is outside art.113(3) and stays taxed. Closure case: `statutory-golden-vn.test.ts` April 2026 leaver golden (resident exempt, non-resident taxed at 20%). Open: excess over the statutory rate. Source note (PIT Law 109/2025): issuer record (issued 10-12-2025, in force 01-07-2026); signed text https://datafiles.chinhphu.vn/cpp/files/vbpq/2026/01/luat109-2025.pdf, art.4(8) p.4 exempts night-work pay, overtime pay and pay for untaken leave days.",statutory_contributions:PIT (ENCASHMENT base),"Vietnam — a mid-month leaver: final pay on working days, unused leave at the prior month’s wage, exempt for a resident and taxed at 20% for a non-resident before July 2026",VN-LC46-02-1,2026-09-29
VN-PITFILE-01,VN,filing,"Payer, wage PIT withheld and eligibility for quarterly VAT filing → use the then-operative monthly or quarterly salary PIT return and deadline; a pre-July tax-period return retains the **pre-July form even if filed after 1 July**","PIT Law 04/2007/QH12, Tax Administration Law 38/2019/QH14, Decree 126/2020 and Circular 89/2026/TT-BTC art.100(1); 1 December 2025–30 June 2026 tax periods",https://vanban.chinhphu.vn/?classid=1&docid=51258&pageid=27160&typegroupid=3,2026-09-29,2025-12-01,2026-06-30,EXTERNAL-RECORDED,"Configured 2026-10-01 (phase 2, the four live versions): duty type PIT_WITHHOLDING_DECLARATION (monthly, due the 20th of the following month, unless the entity records `pit_quarterly_filer`) and PIT_WITHHOLDING_DECLARATION_QUARTERLY (a quarterly VAT filer, due the last day of the first month of the following quarter) in the December 2025, January and May 2026 versions in `jurisdiction_settings.duty_types` raises a dated obligation instance whose fulfilment records the authority reference (tax authority acceptance notice number); a period before 1 July 2026 is raised under the version then in force, so its duty names the pre-July form even when filed after 1 July. Owner rule 2026-10-01: a return is raised for every period; a period with no salary PIT withheld is WAIVED with that reason. Not captured: the form itself, the payment and the receipt (L2 return not declared). Probes VN-PITFILE-01-1, VN-PITFILE-01-2 await the Prove phase. Prove phase (2026-10-01): the saved-instance oracle needs the obligation_calendar sweep to run before obligation_instances are read; the harness (tests/e2e/payroll-probe.ts) raises no automation before `saved`. The sealed guidance describes the older monthly/quarterly option, but no actual filing, remittance, authority receipt or dated pre-July form selection is saved. Closure case: December 2025 monthly filer, eligible quarterly filer, June/Q2 2026 filed in July on old form and receipt. (Register status 2026-09-29: No [EXTERNAL 2026-09-29].) Source note: Tax Administration Law 38/2019/QH14 is the predecessor to the July 2026 regime; Tax Administration Law 108/2025/QH15 takes effect 1 July 2026 and its transitional effects require full provision review.Source ledger Tax Administration Law 38/2019/QH14: https://vanban.chinhphu.vn/?docid=197312&lang=vi&pageid=27160 'Law on Tax Administration 38/2019/QH14, predecessor to the July 2026 regime'",obligations:PIT_WITHHOLDING_DECLARATION; duty_types:PIT_WITHHOLDING_DECLARATION; duty_types:PIT_WITHHOLDING_DECLARATION_QUARTERLY; facts:pit_quarterly_filer,,VN-PITFILE-01-1; VN-PITFILE-01-2,
VN-PITFILE-02,VN,filing,"Salary payer and tax actually withheld in a quarter → file **05/KK-TNCN quarterly**, by the last day of the first month of the following quarter","Circular 89/2026/TT-BTC art.22(1)(a.1),(a.4), Appendix I item 7.1 and Decree 252/2026/ND-CP art.10; from 1 July 2026",https://datafiles.chinhphu.vn/cpp/files/vbpq/2026/7/89-btc.signed.pdf,2026-09-29,2026-07-01,,EXTERNAL-RECORDED,"Configured 2026-10-01 (phase 2, the four live versions): duty type PIT_WITHHOLDING_DECLARATION in the 1 July 2026 version: quarterly only, due the last day of the first month of the following quarter (Q3 2026 → 31 October 2026) in `jurisdiction_settings.duty_types` raises a dated obligation instance whose fulfilment records the authority reference (tax authority acceptance notice number); the July version raises no monthly return. Probes VN-PITFILE-01-1, VN-PITFILE-01-2 await the Prove phase. Prove phase (2026-10-01): the saved-instance oracle needs the obligation_calendar sweep to run before obligation_instances are read; the harness (tests/e2e/payroll-probe.ts) raises no automation before `saved`. The 2026 sealed employer-duty text cites Tax Administration Law 108/2025/QH15/Decree 252/2026/ND-CP but still offers monthly filing by the following month's 20th because it omits Circular 89/2026/TT-BTC's wage-specific quarterly rule; older versions cite Tax Administration Law 38/2019/QH14/Decree 126. No generated form, remittance or authority acknowledgement exists. Circular 89/2026/TT-BTC removed the monthly period for salary forms 05/KK-TNCN and 02/KK-TNCN; this does not end payroll-period withholding. 2026-09-28 (round 2): Circular 89/2026/TT-BTC art.22(1)(a)(a.1) read visually on signed p.49 — the salary payer declares tax withheld by quarter; the quarterly deadline is Decree 252/2026/ND-CP art.10(3) per the Government transcription. The live 2026-07-01 PIT_WITHHOLDING_DECLARATION now states quarterly only, and it and PIT_ANNUAL_FINALISATION cite Circular 89/2026/TT-BTC and Decree 252/2026/ND-CP instead of luatvietnam.vn; a golden asserts the version text (earlier versions keep the Decree 126/2020 monthly/quarterly option). The 15 September corrigendum was not re-read. Earlier versions correctly cite Tax Administration Law 38/2019/QH14/Decree 126/2020. Closure case: July and September 2026 wages in Q3 return; reject an August monthly 05/KK filing schedule; compare Q3 deadline and paid receipt. Version text: `tests/statutory-golden-vn.test.ts` “from 1 July 2026 the salary PIT return is quarterly only”. (Register status 2026-09-29: No [EXTERNAL 2026-09-29].) Source note (Decree 252/2026): signed, effective 1 July 2026; art.10 filing deadlines; Government transcription https://xaydungchinhsach.chinhphu.vn/quy-dinh-thoi-han-nop-ho-so-khai-thue-119260703120801722.htm. Source note (Circular 89/2026): Tax Authority summary https://xaydungchinhsach.chinhphu.vn/noi-dung-moi-tai-thong-tu-89-2026-tt-btc-giam-thu-tuc-rut-ngan-thoi-gian-tao-thuan-loi-cho-nguoi-nop-thue-119260812152419765.htm; corrigendum https://datafiles.chinhphu.vn/cpp/files/vbpq/2026/9/dinh-chinh-tt-89-2026-btc.signed.pdf (2 scanned pages, corrects art.99(5) form names only).Source ledger Tax Administration Law 108/2025/QH15: https://vanban.chinhphu.vn/?classid=1&docid=216541&orggroupid=1&pageid=27160 'Law on Tax Administration 108/2025/QH15, effective 1 July 2026; transitional effects require full provision review'Source ledger Decree 252/2026/ND-CP: https://datafiles.chinhphu.vn/cpp/files/vbpq/2026/7/252-ndcp.signed.pdf 'Signed Decree 252/2026/ND-CP, effective 1 July 2026; art.10 filing deadlines, with government issuer transcription at https://xaydungchinhsach.chinhphu.vn/quy-dinh-thoi-han-nop-ho-so-khai-thue-119260703120801722.htm'",obligations:PIT_WITHHOLDING_DECLARATION; duty_types:PIT_WITHHOLDING_DECLARATION,Vietnam — from 1 July 2026 the salary PIT return is quarterly only (Circular 89/2026 art.22(1)(a)(a.1); Decree 252/2026 art.10(3)),VN-PITFILE-01-1; VN-PITFILE-01-2,
VN-PITFILE-03,VN,filing,"Payer income and withheld tax, signed **08/UQ-QTT-TNCN** and authorized same-system or reorganization transfer → annual **05/QTT-TNCN** with applicable 05-1/05-2/05-3/BK-QTT-TNCN schedules, whether or not tax was withheld, including former payer income only for the authorized qualifying transfer","Circular 89/2026/TT-BTC art.22(1)(a.2),(b), Appendix I item 7.1 and Decree 252/2026/ND-CP art.10(5); 2026 and later settlements",https://datafiles.chinhphu.vn/cpp/files/vbpq/2026/7/89-btc.signed.pdf,2026-09-29,2026-01-01,,EXTERNAL-RECORDED,"Configured 2026-10-01 (phase 2, the four live versions): duty type PIT_ANNUAL_FINALISATION (each calendar year, due 31 March of the next year) in `jurisdiction_settings.duty_types` raises a dated obligation instance whose fulfilment records the authority reference (tax authority acceptance notice number); Not captured: the 08/UQ-QTT-TNCN authorisations, the schedules and a former payer’s certificate. Probe VN-PITFILE-01-1 awaits the Prove phase. Prove phase (2026-10-01): the saved-instance oracle needs the obligation_calendar sweep to run before obligation_instances are read; the harness (tests/e2e/payroll-probe.ts) raises no automation before `saved`. No signed authorization, former payer withholding certificate, consolidated employer return, dependant/class schedules, saved acceptance or complete third-month deadline path is mapped; a tax calculation alone is not an annual filing. Closure case: No-withholding year, unrelated previous employer and authorized same-system transfer with certificate retrieval. (Register status 2026-09-29: No [EXTERNAL 2026-09-29].)",obligations:PIT_ANNUAL_FINALISATION; duty_types:PIT_ANNUAL_FINALISATION,,VN-PITFILE-01-1,
VN-PITFILE-04,VN,filing,"Branch/worksite province, centralized versus local filing election, each worker's province **at payment time**, and actual wage tax withheld → route return to the competent tax office and, if filed centrally, attach **05-1/PBT-KK-TNCN** to allocate remittance by province without reallocating quarterly provincial tax at annual settlement","Circular 89/2026/TT-BTC art.22(1)(a.3),(a.5), Appendix I item 7.1; from 1 July 2026",https://datafiles.chinhphu.vn/cpp/files/vbpq/2026/7/89-btc.signed.pdf,2026-09-29,2026-07-01,,EXTERNAL,"No dated filing election, worker transfer-at-payment location, province tax allocation, payment receipt or annual no-reallocation evidence exists in the sealed profile. Closure case: One payer with two provinces, transfer between earning and pay dates, central/local elections and annual settlement. (Register status 2026-09-29: No [EXTERNAL 2026-09-29].)",obligations:PIT_WITHHOLDING_DECLARATION,,,
VN-PITFILE-05,VN,filing,"Worker receiving non-withheld embassy/international-organization or foreign-payer wages, unregistered foreign-payer Vietnam-source income, or an ESOP/share transfer → direct quarterly **02/KK-TNCN** and, where required, annual **02/QTT-TNCN** with applicable 02-1/BK-QTT-TNCN at the competent office","Circular 89/2026/TT-BTC art.22(1)(c), Appendix I item 7.1 and Decree 252/2026/ND-CP art.10(5); from 1 July 2026",https://datafiles.chinhphu.vn/cpp/files/vbpq/2026/7/89-btc.signed.pdf,2026-09-29,2026-07-01,,EXTERNAL,"Payer-versus-individual actor, foreign/nonresident and ESOP dispositions, recipient tax office, prior withholding/foreign-tax proof, fourth-month annual deadline and foreign-departure deadline are not captured or filed. Closure case: Embassy pay, overseas salary, nonresident Vietnam work, share transfer and individual annual return. (Register status 2026-09-29: No [EXTERNAL 2026-09-29].)",,,,
VN-PITFILE-06,VN,filing,"Organization withholding tax on worker bonus shares or employee stock-option shares → file/remit **monthly or quarterly with its VAT filing cycle**, with the Appendix I item 7.1 form",Circular 89/2026/TT-BTC art.22(1)(d); from 1 July 2026,https://datafiles.chinhphu.vn/cpp/files/vbpq/2026/7/89-btc.signed.pdf,2026-09-29,2026-07-01,,EXTERNAL,The special share-withholding class and VAT-cycle selector are not mapped; the general quarterly salary rule cannot silently replace this express exception. No form or receipt is saved. Closure case: Identical share transfer under monthly and quarterly VAT cycles; ordinary salary-only control. (Register status 2026-09-29: No [EXTERNAL 2026-09-29].),,,,
VN-PITFILE-07,VN,filing,Tax period before 1 July 2026 → retain the former return form under art.100(1); period from 1 July → use the Circular 89/2026/TT-BTC salary forms indexed in Appendix I; pre-effective authority decisions/notices continue to their own expiry,"Circular 89/2026/TT-BTC arts.99–100, Appendix I item 7.1 and Ministry of Finance corrigendum 2551/QD-BTC; June/July 2026 boundary",https://datafiles.chinhphu.vn/cpp/files/vbpq/2026/7/89-btc.signed.pdf,2026-09-29,2026-07-01,,EXTERNAL-RECORDED,"Configured 2026-10-01 (phase 2): the period-to-form selector is the settings version in force on the tax period’s first day — the December 2025, January and May 2026 versions raise PIT_WITHHOLDING_DECLARATION labelled with the pre-July 05/KK-TNCN form (June and Q2 2026 included, whenever filed), the July 2026 version the Circular 89/2026 quarterly form. Not captured: the completed form and the receipt. Probes VN-PITFILE-01-1 (June 2026), VN-PITFILE-01-2 (Q2 2026) await the Prove phase. Prove phase (2026-10-01): the saved-instance oracle needs the obligation_calendar sweep to run before obligation_instances are read; the harness (tests/e2e/payroll-probe.ts) raises no automation before `saved`. The signed art.100(1) transition and Appendix I wage-form index are source-confirmed, but no dated period-to-form selector, completed form, line-item reconciliation or authority receipt exists. The 15 September corrigendum changes art.99(5) business-income forms, not the salary rule. Closure case: Q2 2026 return filed in July on old form, Q3 return on new form, old authority notice and receipt. (Register status 2026-09-29: No [EXTERNAL 2026-09-29].) Corrigendum Decision 2551/QĐ-BTC of 15 September 2026 (read visually) corrects only art.99(5)’s list of replaced business and lottery forms; art.22 is untouched (no seed effect). The 1 July 2026 seed guidance was updated to quarterly on 2026-09-28.",obligations:PIT_WITHHOLDING_DECLARATION; duty_types:PIT_WITHHOLDING_DECLARATION; duty_types:PIT_WITHHOLDING_DECLARATION_QUARTERLY,,VN-PITFILE-01-1; VN-PITFILE-01-2,
VN-PITFILE-08,VN,filing,"Electronic signature/send time, system acceptance and prescribed **01/TB-TĐT** receipt → determine the legally recognized filing date, including submissions at 00:00:00–23:59:59 on weekends/holidays; distinguish automatic send confirmation from acceptance of a complete valid file","Circular 89/2026/TT-BTC art.11(1),(3)–(4); from 1 July 2026",https://datafiles.chinhphu.vn/cpp/files/vbpq/2026/7/89-btc.signed.pdf,2026-09-29,2026-07-01,,EXTERNAL,"Payroll has no electronic submission, acceptance/rejection response, one-working-day receipt check or audit trail; a computed charge or draft return cannot prove timely filing. The three-working-day response class for refund/relief files needs separate branch evidence. Closure case: Filing signed just before midnight, rejected incomplete return, accepted next working day and retained notice. (Register status 2026-09-29: No [EXTERNAL 2026-09-29].)",,,,
VN-PITFILE-09,VN,filing,"Taxpayer system, payment service, tax-authority system or T-VAN outage at a filing/payment deadline → select the lawful paper/alternative-channel remedy or, for an officially notified tax-authority outage, the next-day/next-working-day timeliness rule",Circular 89/2026/TT-BTC art.12; from 1 July 2026,https://datafiles.chinhphu.vn/cpp/files/vbpq/2026/7/89-btc.signed.pdf,2026-09-29,2026-07-01,,EXTERNAL,"No issuer outage notice, channel failure, fallback filing/payment timestamp or authority acceptance is retained. A self-reported outage alone cannot extend a deadline. Closure case: Taxpayer-side failure versus published tax-system outage on deadline, after-hours outage and timely alternative-channel receipt. (Register status 2026-09-29: No [EXTERNAL 2026-09-29].)",,,,
VN-PITFILE-10,VN,filing,"Employer tax transaction identity, registered email/contact and change date → maintain lawful electronic-tax access and update registered details within **three working days**, or before the next electronic transaction if earlier",Circular 89/2026/TT-BTC art.13(1)–(3); from 1 July 2026,https://datafiles.chinhphu.vn/cpp/files/vbpq/2026/7/89-btc.signed.pdf,2026-09-29,2026-07-01,,EXTERNAL,"No tax account/registration record, 01/ĐK-TĐT change filing, 04/TB-TĐT acceptance notice, tax-ID cessation or reinstatement workflow is mapped. This is an employer filing-access duty, not a wage formula. Closure case: Contact change followed by filing before three days, missed update, dormant tax ID and reinstatement. (Register status 2026-09-29: No [EXTERNAL 2026-09-29].)",obligations:PIT_TAX_REGISTRATION,,,
VN-PITFILE-11,VN,filing,"Understated/overstated or misallocated wage PIT in an accepted prior return, worksite move or authority explanation request → file the prescribed supplementary/explanatory material with competent office and retain correction, remittance and response evidence","Circular 89/2026/TT-BTC art.17(1)–(3),(5)–(7) and Appendix I items 1–2; from 1 July 2026",https://datafiles.chinhphu.vn/cpp/files/vbpq/2026/7/89-btc.signed.pdf,2026-09-29,2026-07-01,,EXTERNAL,"No period-linked amended-return record, earlier filed values, provincial reconciliation, explanation documents or authority response exists. A later payroll adjustment alone cannot establish a corrected tax return. Closure case: Wrong province, amended prior-quarter taxable wage, moved tax office and accepted/rejected explanation. (Register status 2026-09-29: No [EXTERNAL 2026-09-29].)",,,,
VN-PITFILE-12,VN,filing,"Qualifying force majeure and affected filing period → apply for a lawful filing extension at the original receiving tax office, retain its acceptance/refusal **01/TB-GHKT** and use the granted deadline only when valid",Circular 89/2026/TT-BTC art.18 and Tax Administration Law 108/2025/QH15 art.12(4); from 1 July 2026,https://datafiles.chinhphu.vn/cpp/files/vbpq/2026/7/89-btc.signed.pdf,2026-09-29,2026-07-01,,EXTERNAL,"No qualifying event, application, three-working-day authority decision, new due date or completed return is saved. The presence of an extension request alone is not proof that the deadline moved. Closure case: Qualified/unqualified disruption, timely request, rejection and granted deadline with receipt. (Register status 2026-09-29: No [EXTERNAL 2026-09-29].)",,,,
VN-CULT-PIT-01,VN,tax,"Expert/scientist paid salary or wages from a qualifying enterprise cultural activity → PIT exemption for two years, then 50% reduction of tax payable for four years, subject to any more favourable applicable policy","NA Resolution 28/2026/QH16 art.4(4)(c), art.13; from 1 July 2026",https://datafiles.chinhphu.vn/cpp/files/vbpq/2026/4/nq28phattrienvanhoa.pdf,2026-09-29,2026-07-01,,GAP,"No dated qualification, activity-income allocation or relief-period input/rule appears in the sealed VN PIT profile; the relief's start, withholding and annual-settlement interaction with PIT Law 109/2025/QH15/Decree 253/2026/ND-CP need instrument-level verification. The capital-transfer relief in art.4(4)(b) is a distinct non-wage branch, not a blanket salary exemption. Closure case: Qualifying and nonqualifying activity, mixed wage, start/end of each relief period, competing preference, monthly withholding and annual settlement. (Register status 2026-09-29: No [SOURCE 2026-09-29].)",,,,
VN-SI-01,VN,contribution,"Covered domestic/foreign/part-time worker, insured contractual wage, reference ceiling/floor and monthly coverage → employee/employer SI and occupational injury","Social Insurance Law 41/2024/QH15 arts.2,31–34 and Decree 158/2025/ND-CP; whole scope",https://vanban.chinhphu.vn/?pageid=27160&docid=211199,2026-09-30,2025-12-01,,PARTIAL,"Unproven (re-judged 2026-09-30; was VERIFIED 2026-09-29): a foreigner on a fixed term under 12 months and the art.2(2)(a)–(b) exclusions (intra-company transfer, retirement age at signing); special categories; contract-allowance classification; entry and exit boundaries; a part-timer below the reference level. Proven: citizens (every case), a foreigner on a 24-month fixed term (VN-LC90-01-1, VN-LC112-01-1, VN-PIT-03-1, inputs corrected 2026-09-30), a part-timer exactly on the reference level (VN-MW293-04-1). History: SI salary and core rates are seeded; eligibility, special categories, contract allowance classification, changed reference level and every entry/exit boundary need proof. 2026-09-28: the seed SI/HI/UI/UNION_FEE/UNION_DUES authorities (and the MEAL_ALLOWANCE/HOUSING rows) are re-sourced in all four live versions from Circular 06/2021 art.30, repealed from 1 July 2025 by Circular 12/2025/TT-BNV art.20(2)(b), to the current text; the controlling text is Social Insurance Law 41/2024/QH15 art.31(1)(b) with Decree 158/2025/ND-CP art.7(1)(a)–(c): job/title wage, wage allowances and supplements agreed and paid regularly each period, excluding items that vary with productivity or work quality — not a “fixed versus not fixed” label. The occupational-accident rate should cite Decree 58/2020/ND-CP art.4(1) as amended by Decree 158/2025/ND-CP art.43(2) (0.5%, or 0.3% under art.5 conditions; art.4(2) deleted). The paid-half-day rule comes from VSS letter 371/BHXH-QLT via a cdn.thuvienphapluat.vn copy; no official VSS copy was found. Round 3: the VSS portal's number search (in-app browser, 2026-09-28) returns no 371/BHXH-QLT, and neither Decree 158/2025/ND-CP nor Circular 12/2025/TT-BNV states a half-day rule (both count only whole “14 ngày làm việc” without pay). Round 4 (2026-09-28): VSS portal number search for “371/BHXH-QLT” retried (in-app browser) — 0 results. **Owner rule 2026-09-28: law silent on a part-paid day; default a day counts toward the 14-day threshold only when it is wholly without wage (the seed's existing rule), a paid half-day stays a working day; lawful because the statute counts working days without wage and a half-paid day is not one — the literal text, which VSS letter 371/BHXH-QLT s.1.2 (unofficial copy) also reads so.** Closed; the cdn copy stays a corroborating, not controlling, source. Round 3 (2026-09-28), meal exclusion resolved: Decree 158/2025/ND-CP art.7(1)(c) (read verbatim) takes only “các khoản bổ sung khác” of a stated amount paid regularly and stably with the wage; Circular 10/2020/TT-BLDTBXH art.3(5)(c), last paragraph (provincial-portal copy of the signed text, p.5), sets the mid-shift meal (with art.104 bonuses, fuel, phone, travel, housing and childcare support) apart from those supplements as a benefit written as a separate contract item; Circular 12/2025/TT-BNV carries no insured-wage article (art.20 repeals only). The seed MEAL_ALLOWANCE counts toward `PIT.MEAL` alone and the engine sums only classes that count toward a scheme into its `terms.fixed_allowances`, so it is outside SI/HI/UI whether or not the row is fixed; the four live authorities said “unless … marked fixed”, a wrong transcription fixed in place. Golden: July 2026 seed meal 1,500,000 → SI/HI/UI on 20,000,000 and PIT 135,000. Issue 43 (VN-A2, 2026-09-28): a foreign worker's coverage turns on the contract signed (a fixed-term contract of 12 months or more: Social Insurance Law 41/2024/QH15 art.2(2), signed text Official Gazette 987+988 pp.4–5, “hợp đồng lao động xác định thời hạn có thời hạn từ đủ 12 tháng trở lên” — corrected 2026-09-30 from “open-ended, or fixed-term”; an open-ended contract is not a lawful form for a foreigner, Labour Code art.151(2), Official Gazette 993+994 p.65, so the seed's `open_ended` branch never meets a lawful contract; HI Law art.12(1)(c) as amended by Law 51/2024), not the stint served; `employment.open_ended`/`contract_months` now read an `exit_date` as a stated term only when `exit_ground` is empty or `END_OF_CONTRACT` (eligibility.ts `fixedTerm`), so a resignation keeps the indefinite contract. Golden: foreigner 30,000,000 hired 2026-04-01, resigned 2026-09-18 → Aug/Sep SI 2,400,000/5,250,000, HI 450,000/900,000, union fee 600,000; PIT 665,000 (Aug) and 37,045 (Sep, 19,090,909). Other items remain open. Issue 44 (VN-A3, 2026-09-28): Social Insurance Law 41/2024/QH15 art.2(1)(a) (read on the xaydungchinhsach full text 2026-09-28) covers a fixed-term contract only “từ đủ 01 tháng trở lên”; HI Law art.12(1)(a) as amended by Law 51/2024 (in force 1 July 2025; xaydungchinhsach full text) and Employment Law 74/2025/QH15 art.31(1)(a) (from 1 January 2026) state the same one-month floor. The seed tested `contract_months` only for foreigners; SI and HI in all 23 VN versions and UI in the 18 Law 74/2025 versions now take no base for a fixed-term contract under one full month (`!employment.open_ended && employment.contract_months < 1`), so UNION_FEE and UNION_DUES (on `produced.SI.base`) follow; a wrong transcription fixed in place. The five December 2025 versions keep UI: Law 38/2013 art.43(1)(b) ([datafiles.chinhphu.vn signed PDF p.13](https://datafiles.chinhphu.vn/cpp/files/vbpq/2013/12/38_vieclam.pdf)) names every fixed-term contract with no minimum. Goldens: citizen 30,000,000, fixed term 2026-09-01 to 2026-09-21 → no SI/HI/UI, PIT 10% × 20,454,545 = 2,045,455; 2026-09-01 to 2026-09-30 → SI 2,400,000/5,250,000, HI 450,000/900,000, UI 300,000/300,000, union fee 600,000 on that contract alone; December 2025 21-day contract → no SI/HI, UI 300,000/300,000. Closure case: Salary at floor/ceiling, foreign retirement-age exemption and part-time threshold. TT12-2025 art.20 repealed Circulars 59/2015 and 06/2021 from 1 July 2025; the live seed versions were re-sourced on 2026-09-28. Round 2 (2026-09-28) stale citations fixed in place in all four live versions (authority text, change_summary and sources only; no figure moved): Circular 06/2021 → SI2024 art.31(1)(b) with D158 art.7(1) (and Employment2025 art.34(1)(b) for UI from 2026); Decree 146/2018 → D188 art.6(1)(a); UNION_DUES opening sentence → DEC61 0.5%; the 1 July 2026 PIT authority → TT87; voided snapshots untouched; NQ110, D188, D158, TT12-2025, TT87, TT89 and D252 added to version source lists where in force. Round 9 (2026-09-29): an explicit `NOT_REGISTERED` used to skip every live VN scheme; SI2024 arts.2,28,33–34 and Employment2025 require covered contributions independent of completed registration, HI and D188 impose HI contributions, Union2024 art.29(1)(b) charges the employer fund on compulsory-SI salary, and PIT withholding follows TT111 art.25(1)(i) or D253 art.50; all four live versions now assess SI, HI, UI, UNION_FEE and PIT with a registration-incomplete warning, keeping rule-level exclusions and required declarations; `NOT_REGISTERED` facts now carry dated elections with a declaration reference. Source note (VSS 371/BHXH-QLT): letter of 7 July 2025, s.1.2 paid-half-day rule; no official copy located (VSS portal https://baohiemxahoi.gov.vn/vanban/Pages/default.aspx); the seed links cdn.thuvienphapluat.vn. Source note (Circular 10/2020): Ministry of Justice national legal database (status in force, updated 31/03/2026), full text read 2026-09-29; no Gazette copy located; provincial VNPT mirror https://storage-vnportal.vnpt.vn/gov-lan/SharePointFolders/Lists/VanBanQPPL/Attachments/207/thong-tu-10-2020-noi-dung-hdld-cong-viec-anh-huong-xau-toi-sinh-san.pdf; the Tây Ninh fallback does not connect and is dropped. Source note (Circular 12/2025/TT-BNV): Government news-portal transcription only (https://xaydungchinhsach.chinhphu.vn/toan-van-thong-tu-12-2025-tt-bnv-quy-dinh-chi-tiet-mot-so-dieu-cua-luat-bhxh-ve-bhxh-bat-buoc-11925070415595016.htm); no vanban/congbao issuer record found by web search 2026-09-29: open. Source note (SI Law 41/2024): issuer record https://vanban.chinhphu.vn/?pageid=27160&docid=211199 (issued 29-06-2024, in force 01-07-2025), signed text https://datafiles.chinhphu.vn/cpp/files/vbpq/2024/9/41-2024-qh15.pdf; earlier transcription https://xaydungchinhsach.chinhphu.vn/toan-van-luat-so-41-2024-qh15-bao-hiem-xa-hoi-119240723163650489.htm. Source note (Decree 158/2025): issuer record docid 214189 (issued 25-06-2025, in force 01-07-2025), Gazette https://congbao.chinhphu.vn/van-ban/nghi-dinh-so-158-2025-nd-cp-45240.htm; the four live seed versions cite the issuer record from 2026-09-29.Source ledger Circular 10/2020/TT-BLDTBXH: https://vbpl.vn/van-ban/chi-tiet/thong-tu-so-10-2020-tt-bldtbxh-quy-dinh-chi-tiet-va-huong-dan-thi-hanh-mot-so-dieu-khoan-sau-day-cua-bo-luat-lao-dong-ve-noi-dung-cua-hop-dong-lao-dong-hoi-dong-thuong-luong-tap-the-va-nghe-cong-viec-co-anh-huong-xau-toi-chuc-nang-sinh-san-nuoi-con--146696 'Circular 10/2020/TT-BLĐTBXH of 12 November 2020, effective 1 January 2021, labour contract content; Ministry of Justice national legal database (status Còn hiệu lực, updated 31/03/2026), full text read in the in-app browser 2026-09-29: art.3(5)(c) last paragraph — bonuses under LC art.104, the mid-shift meal and the listed support payments are other welfare items, not wage supplements. No Gazette copy located. The provincial VNPT copy https://storage-vnportal.vnpt.vn/gov-lan/SharePointFolders/Lists/VanBanQPPL/Attachments/207/thong-tu-10-2020-noi-dung-hdld-cong-viec-anh-huong-xau-toi-sinh-san.pdf remains as a mirror; the Tây Ninh fallback does not connect and is dropped' 2026-09-30: the foreign retirement-age exclusion now reads Decree 135/2020 Annex I by birth month (see VN-LC169-02). Batch 9 (2026-09-30): the entry boundary — a joiner with 15 unemployed working days in the month owes no SI (VN-PIT-06-3, beside the 10-day VN-PRORATE-01-1); awaits the test phase.","statutory_contributions:SI,HI,UI,UNION_FEE; allowance_catalogue:MEAL_ALLOWANCE,HOUSING","Vietnam — SI, HI, UI and the union fee under the 1 January 2026 version",VN-SI-05-1; VN-LC112-01-1; VN-MW293-04-1; VN-LC169-02-1; VN-LC168-01-2; VN-UNION-01-2; VN-MW293-02-1; VN-PIT-06-3,2026-09-29
VN-SI-02,VN,contribution,"Full unpaid working days, benefit category, early maternity return, agreement and prior base → correct insured month and continuation","Social Insurance Law 41/2024/QH15 arts.33–34,53; whole scope",https://vanban.chinhphu.vn/?pageid=27160&docid=211199,2026-09-29,2025-12-01,,PARTIAL,"Unproven (re-judged 2026-09-30; was VERIFIED 2026-09-29): benefit categories (sickness and maternity months); an early maternity return; an agreement other than a worker-fault stoppage; a paid half-day. Proven: the 13/14 unpaid working-day seam (VN-SI-02-1). History: Conditional expressions exist; contribution-day, half-day and category cases need saved-source reconciliation. Closure case: 13/14 full unpaid days, adoption and early return. [Batch 10 2026-09-30] Probe VN-SI-07-1: a sickness-benefit month under 14 days keeps its contribution; awaits the test phase.","statutory_contributions:SI (unpaid-day threshold, benefit-leave elections)",Vietnam — fourteen unpaid working days in the month is a month outside insurance (Law 41/2024 art.33(5)),VN-SI-02-1; VN-UNION-01-2; VN-LC99-01-2; VN-SI-07-1,2026-09-29
VN-SI-03,VN,leave,"Cumulative insured contribution months and prior insured wages, including earlier employers → sickness/maternity/other benefit and employer payroll offset",Social Insurance Law 41/2024/QH15 benefit chapters; whole scope,https://vanban.chinhphu.vn/?pageid=27160&docid=211199,2026-09-29,2025-12-01,,GAP,Leave rules use elapsed registration months; no full prior-employer contributed-month and six-insured-wage-month benefit path. Closure case: Old registration with insufficient contributions versus prior-employer qualifying months. R19/R20. (Register status 2026-09-29: No [IN-SYSTEM 2026-09-29].),,,,
VN-SI-04,VN,contribution,"SI/UI late versus evaded amount, due date, each unpaid day and correction date → pay fund principal plus the statutory **0.03% per day** amount, with applicable administrative offence and other consequences separately classified","Social Insurance Law 41/2024/QH15 arts.40–41; from 1 July 2025, so all reviewed months",https://vanban.chinhphu.vn/?pageid=27160&docid=211199,2026-09-29,2025-12-01,,EXTERNAL,"Reclassified 2026-09-30 from GAP: Law 41/2024/QH15 art.40(1) (signed text, Official Gazette 987+988) — the late payer pays the arrears and 0.03% a day on the late SI/UI amount into the funds; art.41(1) the same for evasion. It is an employer-to-fund liability that changes no payslip or HR result. History: No complete aged contribution ledger, late/evasion classification or saved fund-correction result. The due date that starts the 0.03% clock is VN-SI-06. Decree 12/2022/ND-CP art.39(10)(b) still printed a different older remedial interest formula until its September 2026 replacement; the effect of the later/higher Social Insurance Law 41/2024/QH15 law on pre-replacement enforcement orders has not been reconciled against an authoritative transition decision. Closure case: One unpaid December 2025 month, partial payment, continued default across 10 September 2026 and an authority order; compare law and decree remedies without double counting.",,,,
VN-SI-05,VN,contribution,"Covered worker and insured wage → employee SI **8%** (art.33(1)(a)); employer **14%** pension/survivor + **3%** sickness/maternity (art.34(1)) + **0.5%** OA/OD (0.3% on approval); HI **4.5%** (employer 3%, employee 1.5%); UI 1% + 1%. SI floor = the **reference level** (art.31(1)(đ)): 2,340,000, then **2,530,000** from 1 July 2026; ceiling 20 × reference level: 46,800,000, then **50,600,000** (VSS notice ItemID=26780). UI ceiling 20 × regional minimum (106,200,000 Region I in 2026)","Social Insurance Law 41/2024/QH15 arts.31,33,34, Decree 188/2025/ND-CP art.6, Decree 58/2020/ND-CP art.4(1) as amended by Decree 158/2025/ND-CP art.43(2), Decree 374/2025/ND-CP art.4 and Decree 161/2026/ND-CP; from 1 July 2025, ceiling step 1 July 2026",https://vanban.chinhphu.vn/?pageid=27160&docid=211199,2026-09-29,2025-12-01,,PARTIAL,"Unproven (re-judged 2026-09-30; was VERIFIED 2026-09-29): a salary below the reference-level floor; the 0.3% reduced OA rate; the Region II–IV UI caps; the 30 June / 1 July seam in one case. Proven: every rate, the SI/HI ceiling exactly on and over it (VN-SI-05-2), the Region I UI cap, rounding (VN-SI-05-3); the 50,600,000 July 2026 ceiling was added as VN-SI-05-4 on 2026-09-30 and awaits the test phase. History: Rates are seeded, but no row stated them; the floor is the reference level, not the regional minimum. The UI ceiling is text-verified 2026-09-28: Employment Law 74/2025/QH15 art.34(2) — at most 20 × the regional monthly minimum the Government publishes at the time of contribution (Government full text); Decree 293/2025/ND-CP art.3(1) Region I 5,310,000; Decree 374/2025/ND-CP carries no ceiling of its own. Foreign-worker exclusions (art.2(2)) are not proved. Closure case: Wage at floor/ceiling on 30 June/1 July 2026, 0.3% approved employer and Region I UI cap. 2026-09-28: Region I seam 106,200,000/106,200,001 → 1,062,000 each side in June and September 2026 (`tests/statutory-golden-vn.test.ts` “the 1 July 2026 version caps UI…”), with the January 2026 seam and Regions II–IV already pinned. Source note (Decree 161/2026): issuer record (issued 15-05-2026, in force 01-07-2026) https://vanban.chinhphu.vn/?docid=218107&pageid=27160; signed text https://datafiles.chinhphu.vn/cpp/files/vbpq/2026/5/161-ndcp.signed.pdf art.3(2) p.3: 2,530,000 đồng/month; replaces the baochinhphu.vn news summary. Source note (Decree 58/2020): issued 27 May 2020, effective 15 July 2020, https://vanban.chinhphu.vn/default.aspx?docid=200108&pageid=27160; art.4(1) as amended by D158 art.43(2): 0.5%, or 0.3% under art.5; its current article text/amendment still needs a joint read. Source note (Employment Law 74/2025): issuer record (issued 16-06-2025, in force 01-01-2026), signed text https://datafiles.chinhphu.vn/cpp/files/vbpq/2025/7/74qh15.signed.pdf; art.34(2) read in https://xaydungchinhsach.chinhphu.vn/toan-van-luat-viec-lam-119250711173403835.htm. Additional goldens: “VN audit — the reduced 0.3% accident rate makes the employer SI share 17.3%, on the ceiling too”, “Vietnam — the 1 July 2026 version caps UI at twenty Region I minimum wages (Law 74/2025 art.34(2); Decree 293/2025 art.3)”.Source ledger Decree 188/2025/ND-CP: https://vanban.chinhphu.vn/?pageid=27160&docid=214515 'Decree 188/2025/ND-CP on HI; art.6(1)(a) 4.5% rate and 2:1 split from 1 July 2025 (art.70(2)); general effect 15 August 2025; repeals Decree 146/2018 arts.1–12 from 1 July 2025 and the whole decree from 15 August 2025 (art.70(4)(a),(5)); Gazette text https://congbaocdn.chinhphu.vn/CongBaoCP/VanBan/2025/7/45593/57770-1-2025977-978188-2025-nd-cp.pdf'","statutory_contributions:SI,HI,UI; facts:occupational_accident_reduced","VN audit — SI and HI stop at 20 × the reference level, one đồng over and exactly on it",VN-SI-05-1; VN-SI-05-2; VN-SI-05-3; VN-SI-05-4; VN-SI-05-5; VN-SI-05-6; VN-SI-05-7; VN-MW293-02-2; VN-MW293-02-3; VN-MW293-02-4,2026-09-29
VN-SI-06,VN,filing,Date the worker becomes subject to compulsory SI and contribution month → register within **30 days**; pay monthly contributions by the **last day of the following month** (or of the month after a 3- or 6-month cycle for permitted piece-rate agriculture),"Social Insurance Law 41/2024/QH15 arts.28(1),34(4); from 1 July 2025",https://vanban.chinhphu.vn/?pageid=27160&docid=211199,2026-09-29,2025-12-01,,EXTERNAL-RECORDED,"Configured 2026-10-01 (phase 2, the four live versions): duty type SI_HI_UI_REGISTRATION (on each hire, due 30 days after the first day of service) and SI_HI_UI_MONTHLY_REMITTANCE (on the first run of each wage month, due the last day of the following month) in `jurisdiction_settings.duty_types` raises a dated obligation instance whose fulfilment records the authority reference (VSS receipt number, bank transfer reference); owner rule 2026-10-01: registration is raised on every hire and a hire outside compulsory SI is WAIVED with its reason; no amount is stored (VN run remittances list only floor-rounded schemes). Not configured: the 3- or 6-month cycle for piece-rate agriculture. Probe VN-SI-06-1 awaits the Prove phase. Prove phase (2026-10-01): the saved-instance oracle needs the obligation_calendar sweep to run before obligation_instances are read; the harness (tests/e2e/payroll-probe.ts) raises no automation before `saved`. The seed carries SI_HI_UI_REGISTRATION and SI_HI_UI_MONTHLY_REMITTANCE, but no registration or remittance receipt is saved. Wording is from the issuer transcription, not the signed text. Closure case: Day 30/31 registration and month-end remittance across a holiday. (Register status 2026-09-29: No [EXTERNAL 2026-09-29].)","obligations:SI_HI_UI_REGISTRATION,SI_HI_UI_MONTHLY_REMITTANCE; duty_types:SI_HI_UI_REGISTRATION; duty_types:SI_HI_UI_MONTHLY_REMITTANCE",,VN-SI-06-1,
VN-SI-07,VN,leave,"Insured wage, leave type and days → sickness 75%, daily rate monthly / **24**; annual sickness days 30/40/60 ordinary and 40/50/70 heavy/hazardous (art.43(1)), continuing beyond the maximum at art.45(3) 65/55/50% with no 180-day cap; maternity daily rate /24 for art.51 and art.53(2) cases, /30 for odd birth-leave days; birth lump sum **2 ×** reference level per child (5,060,000 from 1 July 2026); paternity **5** working days, **7** for caesarean or birth before 32 weeks, **10** for twins plus 3 per extra child, **14** for twins by caesarean","Social Insurance Law 41/2024/QH15 arts.43,45,53(2),58(4),59; from 1 July 2025",https://vanban.chinhphu.vn/?pageid=27160&docid=211199,2026-09-29,2025-12-01,,PARTIAL,"VN-LEAVE-04 covers only the 1 July 2026 second-child branch; the ordinary paternity days, divisors and sickness-day ladder had no row and are not probed. Closure case: Day 30/31 sickness, caesarean twins, birth lump sum on 30 June/1 July 2026. (Register status 2026-09-29: No [IN-SYSTEM 2026-09-29].) [Batch 10 2026-09-30] Probe VN-SI-07-1: two certified sick days (SICK_LEAVE, paid_by FUND) come off the payroll wage (22,000,000 × 20 ÷ 22) while SI, HI and UI stay on the contract salary. Still unproven: the 30/40/60 and 40/50/70 day ladders, the /24 and /30 divisors, the birth lump sum and paternity bands (fund benefits, not payslip lines). Awaits the test phase.","leave_catalogue:SICK_LEAVE,MATERNITY_LEAVE,PATERNITY_LEAVE","Vietnam — the annual-leave cohorts, the seniority ladder and the SI sick bands",VN-SI-07-1,
VN-HI-01,VN,contribution,Covered worker and contribution base/month → employee/employer health insurance and remittance,"Health Insurance Law (consolidated VBHN-VPQH, incl. Law 51/2024/QH15) consolidation and Decree 188/2025/ND-CP; whole scope",https://congbao.cdnchinhphu.vn/CongBaoCP/VanBan/2025/2/44464/55506-1-2025539-54022-vbhn-vpqh.pdf,2026-09-29,2025-12-01,,PARTIAL,"Unproven (re-judged 2026-09-30; was VERIFIED 2026-09-29): join and exit months; HI in long unpaid leave; suspension; remittance. Proven: 4.5% split 3% / 1.5% on the SI salary to its ceiling (VN-SI-05-1, VN-SI-05-2) and none in a 14-day unpaid month (VN-SI-02-1). History: A HI scheme exists, but applicability, rate/base amendment history, suspension and saved remit/registration evidence are not exhaustive. 2026-09-28: the seed HI authority, which cited Decree 146/2018, now cites Decree 188/2025/ND-CP art.6(1)(a) (Gazette text-layer read) in all four live versions; Decree 188/2025/ND-CP art.6(1)(a) now sets 4.5% of the compulsory SI salary (employer two-thirds, employee one-third) from 1 July 2025 (art.70(2)), repealing Decree 146/2018 arts.1–12 then (art.70(4)(a)) and the whole decree from 15 August 2025 (art.70(5)). The HI base is the SI salary, so its ceiling is the SI ceiling. Closure case: Join, exit, long unpaid leave and changed insured wage. Source note: consolidated HI Law, Official Gazette 539+540 of 18 March 2025, includes Law 51/2024/QH15 from 1 July 2025; replaced the unamended 2008 text (vanban docid 81142) on 2026-09-28. Decree 188/2025 Gazette text https://congbaocdn.chinhphu.vn/CongBaoCP/VanBan/2025/7/45593/57770-1-2025977-978188-2025-nd-cp.pdf; general effect 15 August 2025. Round 9: HI is assessed with a registration-incomplete warning, not skipped, on `NOT_REGISTERED`. Batch 9 (2026-09-30): a join month with 15 unemployed working days carries no HI (VN-PIT-06-3); awaits the test phase. [Batch 10 2026-09-30] Probe VN-LC48-01-1: an exit month with 17 working days after the exit carries no SI, HI or UI; awaits the test phase.",statutory_contributions:HI,"Vietnam — SI, HI, UI and the union fee under the 1 January 2026 version",VN-SI-05-1; VN-SI-05-2; VN-PRORATE-01-1; VN-LC46-02-1; VN-UNION-01-2; VN-PIT-06-3; VN-LC48-01-1,2026-09-29
VN-UI-01,VN,contribution,"Covered worker, eligible salary, ceiling, entry/exit, contribution period → UI shares, benefit history and remittance",Employment Law 74/2025/QH15 and Decree 374/2025/ND-CP; **from January 2026**,https://vanban.chinhphu.vn/?docid=214560&pageid=27160,2026-09-29,2026-01-01,,PARTIAL,"Unproven (re-judged 2026-09-30; was VERIFIED 2026-09-29): the probation exclusion (Law 74/2025 art.31(2)); the pension-qualified exclusion; the December/January boundary in one case; prior UI months and benefit history. Proven: citizens covered, foreigners outside (VN-LC112-01-1), December 2025 under Law 38/2013 (VN-PIT-01-1), a two-month fixed term covered (VN-PIT-06-1). History: Existing UI catalogue is insufficient proof of the new 2025 law and Decree 374 branch set. It needs a dated source comparison, new eligibility tests and paid-history probe. Issue 45 (VN-A4, 2026-09-28): Employment Law 74/2025/QH15 art.31(2) (Government full text, read 2026-09-28) takes out of UI a worker “đang làm việc theo hợp đồng thử việc theo quy định của pháp luật lao động”, beside pensioners, the pension-qualified and domestic workers; the seed UI `assessed_on` omitted it. The 18 Law 74/2025 versions (1 January 2026 on) now take no UI base for `employment.type` PROBATION; a wrong transcription fixed in place. The five December 2025 versions (Law 38/2013 art.43(1)) are unchanged: art.31(2) starts 1 January 2026, and whether a separate probation contract fell outside Law 38/2013’s labour-contract list was not re-read for this issue (open). Golden: citizen 20,000,000 on PROBATION, January, June and September 2026 → UI 0/0 (control PERMANENT → 200,000/200,000). Closure case: December/January boundary, prior UI months and capped base. [Diff r9 2026-10-01] P2: Law 74/2025 art.31(1) puts only Vietnamese citizens under UI, so the `pension_qualified` election is `required_when` citizenship != FOREIGNER in the 18 Law 74/2025 UI rows (was `required: true`, which refused every foreigner run); a wrong transcription fixed in place.",statutory_contributions:UI,Vietnam — a worker on a probation contract is outside UI from 2026 (Law 74/2025 art.31(2)),VN-SI-05-1; VN-PIT-06-1; VN-LC112-01-1; VN-UI-01-2; VN-MW74-01-1; VN-MW293-02-1,2026-09-29
VN-UI-02,VN,contribution,UI-insured service and employer change → preserved history used by benefits and separation,Employment Law 74/2025/QH15 and Decree 374/2025/ND-CP; from January 2026,https://vanban.chinhphu.vn/?docid=214560&pageid=27160,2026-09-29,2026-01-01,,GAP,Prior contribution/service provenance is not fully represented and verified; time employed alone is insufficient. Closure case: Transfer with gap and prior employer contributions. R19/R27. (Register status 2026-09-29: No [IN-SYSTEM 2026-09-29].),,,,
VN-UI-03,VN,contribution,"Exit month or immediately preceding month paid into UI, qualifying sickness/maternity/unpaid leave/contract suspension for at least 14 **working** days, or employer unable to pay UI → classify whether worker is currently contributing for benefit eligibility, using the social-insurance-book confirmation",Decree 374/2025/ND-CP art.3; from 1 January 2026,https://congbaocdn.chinhphu.vn/180507251028987904/2026/1/27/cong-bao-so-48-ngay-23-01-46946signed-17694874955991619007433.pdf,2026-09-29,2026-01-01,,GAP,"No six-case contribution/absence selector, agency confirmation or exit benefit decision is saved. Elapsed employment months cannot stand in for paid UI months or the 14-working-day test. Closure case: Paid exit/preceding month, 13/14 working-day absence, suspension and verified employer inability. (Register status 2026-09-29: No [IN-SYSTEM 2026-09-29].)",,,,
VN-UI-04,VN,contribution,"Covered worker monthly UI wage and employer payroll fund → worker **1%** and employer **1%**; source employer payment from the legally applicable budget/operating fund, without charging the State's separate fund support as an employer share",Decree 374/2025/ND-CP art.4 and Employment Law 74/2025/QH15 arts.33–34; from 1 January 2026,https://congbaocdn.chinhphu.vn/180507251028987904/2026/1/27/cong-bao-so-48-ngay-23-01-46946signed-17694874955991619007433.pdf,2026-09-29,2026-01-01,,PARTIAL,"Unproven (re-judged 2026-09-30; was VERIFIED 2026-09-29): the employer's funding source (Decree 374/2025/ND-CP art.4(2)(a)–(d), Official Gazette 48 pp.3–4) and the State support (art.4(3)) — a probe compares payslip lines and cannot assert a funding source; budget-funded institutions. Proven: worker 1% and employer 1% (VN-SI-05-1, VN-SI-05-2). History: Core contribution percentages are seeded, but actor-specific budget source, every wage/eligibility class, posted payment and agency receipt are unverified. Art.4(3) State support is a fund transfer, not another employee deduction. Closure case: Private employer, fully/partly budget-funded institution and excluded worker.",statutory_contributions:UI,"Vietnam — SI, HI, UI and the union fee under the 1 January 2026 version",VN-SI-05-1; VN-SI-05-2; VN-MW293-02-2; VN-PIT-06-2,2026-09-29
VN-UI-05,VN,contribution,"Newly hired qualifying disabled worker, actual employment months and disability certificate supplied on UI registration → reduce only the **employer UI share from 1% to 0%** for at most the first 12 months of that hire",Decree 374/2025/ND-CP art.5; from 1 January 2026,https://congbao.chinhphu.vn/van-ban/nghi-dinh-so-374-2025-nd-cp-468724.htm,2026-09-30,2026-01-01,,GAP,"No verified disability-certificate, new-hire date or month-12/13 relief selector is evidenced in the sealed UI profile; worker 1% must remain separate. The employer must register the certificate with the insurance agency. Closure case: Certified new hire at months 1/12/13, existing disabled worker, missing certificate and employee-share control. (Register status 2026-09-29: No [IN-SYSTEM 2026-09-29].) [Batch 10 2026-09-30] Configured (a missing rule of unchanged law, fixed in place in the 18 versions from 1 January 2026): Decree 374/2025/NĐ-CP art.5 re-read in the Official Gazette 48 DOCX (congbao record above, read 2026-09-30) — (1) an employer newly hiring and employing a worker with a disability pays 0% instead of its 1% UI share for that worker while working, for at most the first 12 months from the hire; (2) the employer registers the worker with the SI agency with a copy of the disability certificate. The UI employer rules now read 0 where `employee.disabled` and the UI election `disabled_new_hire_relief` (with the required `disability_certificate_reference`) hold, the hire is on or after 1 January 2026 and `employment.service_months` < 12; the worker’s 1% is untouched. Owner rule 2026-09-28 defaults (the decree is silent): the 12 months are the hire month and the eleven after it (never more than 12 contribution months); a hire before the decree’s commencement (art.45(1), 1 January 2026) is not “tuyển mới” under it — lawful because the full 1% is the ordinary rate. Probe VN-UI-05-1 (registered new hire 0%, unregistered new hire and registered 2025 hire 1%); the month-12/13 boundary falls in 2027 and is not yet probeable. Awaits the test phase.","statutory_contributions:UI (elections disabled_new_hire_relief, disability_certificate_reference; employee.disabled)",,VN-UI-05-1,
VN-UI-06,VN,contribution,"Contract termination and unpaid UI balance → employer clears contributions for that worker so the fund can decide benefits, with dated remittance and employment-end evidence",Decree 374/2025/ND-CP art.6; from 1 January 2026,https://congbaocdn.chinhphu.vn/180507251028987904/2026/1/27/cong-bao-so-48-ngay-23-01-46946signed-17694874955991619007433.pdf,2026-09-29,2026-01-01,,EXTERNAL,"No employee-specific aged UI arrears, exit settlement, paid-fund acknowledgement or document handoff is proven; the worker's three-month litigation right for unpaid UI is an external remedy, not a payroll deduction. Closure case: Clean exit, partial arrears, employer insolvency and agency confirmation. (Register status 2026-09-29: No [IN-SYSTEM 2026-09-29].)",obligations:SI_CONFIRMATION_ON_TERMINATION,,,
VN-UI-07,VN,contribution,"State-set versus employer-set salary, contract base/allowances/stable supplements, idle-work wage, part-time hourly/daily/weekly agreed hours or days, and salaried manager class → correct assessed UI monthly wage and coverage threshold",Decree 374/2025/ND-CP art.7(1)–(4); from 1 January 2026,https://congbaocdn.chinhphu.vn/180507251028987904/2026/1/27/cong-bao-so-48-ngay-23-01-46946signed-17694874955991619007433.pdf,2026-09-29,2026-01-01,,GAP,"A generic insured-wage marker cannot prove every included stable supplement and excluded variable item, part-time threshold, short month or management class. The decree uses **contracted actual month hours/days/weeks**, not a universal 52/12 conversion. Closure case: Stable/variable allowance, hourly part-timer crossing insured floor, idle month and salaried director. (Register status 2026-09-29: No [IN-SYSTEM 2026-09-29].)",statutory_contributions:UI,,,
VN-UI-08,VN,contribution,"Foreign-currency contract/pay, first or second half-year and official State-owned commercial-bank transfer buying rates on **2 January or 1 July** (next working day if holiday) → convert insured UI wage to VND using the prescribed average rate for that half-year",Decree 374/2025/ND-CP art.7(5); from 1 January 2026,https://congbaocdn.chinhphu.vn/180507251028987904/2026/1/27/cong-bao-so-48-ngay-23-01-46946signed-17694874955991619007433.pdf,2026-09-29,2026-01-01,,GAP,"No dated bank-rate evidence or half-year selector is tied to UI wage assessment; a payment-day FX rate would be a different rule. Closure case: 31 December/1 January and 30 June/1 July boundaries, holiday publication and multiple banks. (Register status 2026-09-29: No [IN-SYSTEM 2026-09-29].)",,,,
VN-UI-09,VN,contribution,"Detention or job suspension for at least 14 working days in a UI month → suspend both shares; if full back wages are later paid, pay UI arrears for the suspended months alongside compulsory SI arrears",Decree 374/2025/ND-CP art.7(6); from 1 January 2026,https://congbaocdn.chinhphu.vn/180507251028987904/2026/1/27/cong-bao-so-48-ngay-23-01-46946signed-17694874955991619007433.pdf,2026-09-29,2026-01-01,,GAP,"Owner decision 2026-09-30: no retro recalculation (package X/L4 out of scope) — the UI arrears for suspended months paid back later re-open committed months. No linked detention/suspension order, working-day count, full back-pay event or retroactive contribution ledger is saved. Closure case: 13/14 working days, reinstatement with full versus partial back pay and SI/UI catch-up. (Register status 2026-09-29: No [IN-SYSTEM 2026-09-29].)",,,,
VN-UI-10,VN,contribution,"Prior UI months, prior benefits and later agency-confirmed periods across employers → preserve only eligible unused months, apply the over-36-through-144 and over-144 rules and adjust after cancelled/terminated/unclaimed benefits",Decree 374/2025/ND-CP art.8(1)–(8); from 1 January 2026,https://congbaocdn.chinhphu.vn/180507251028987904/2026/1/27/cong-bao-so-48-ngay-23-01-46946signed-17694874955991619007433.pdf,2026-09-29,2026-01-01,,EXTERNAL,"Employer service dates alone cannot derive fund-confirmed contribution history or the decree's preservation arithmetic. Benefit receipt, post-exit confirmations and social-insurance-book record are outside current payroll evidence. Closure case: Prior employer and gaps, 36/37/144/145 months, benefit cancellation and late confirmed month. (Register status 2026-09-29: No [EXTERNAL 2026-09-29].)",,,,
VN-UI-11,VN,other,"Worker claim with lawful employer termination record and agency-confirmed UI wage for the **latest six contributed months** (skip noncontributing gaps) → monthly UI benefit of **60% of the six-month average**, capped at five regional minimum wages at termination",Decree 374/2025/ND-CP arts.14–15; from 1 January 2026,https://congbaocdn.chinhphu.vn/180507251028987904/2026/1/27/cong-bao-so-48-ngay-23-01-46946signed-17694874955991619007433.pdf,2026-09-29,2026-01-01,,EXTERNAL,"No verified six-contributed-month wage history, possibly from earlier employers, claim/termination document, regional cap or agency benefit output exists. Previous employment **salary** is relevant to this benefit only if it falls among those six insured wage months; previous service alone is insufficient. Closure case: Six months spanning two employers and an unpaid gap, capped high wage, employer missing representative and 3-month claim boundary. (Register status 2026-09-29: No [IN-SYSTEM 2026-09-29].)",,,,
VN-UI-12,VN,other,"Remaining training and claim processes, decisions, suspension, restoration, transfer, public-fund and agency provisions → classify each operative employer or payroll-interface clause and record sourced actor-only exclusions","Decree 374/2025/ND-CP arts.1–2,11–13,16–21,27–30,33–42,44–46 and annex; from 1 January 2026",https://congbaocdn.chinhphu.vn/180507251028987904/2026/1/27/cong-bao-so-48-ngay-23-01-46946signed-17694874955991619007433.pdf,2026-09-29,2026-01-01,,PARTIAL,"The signed 46-article decree is authenticated, but these articles and the annex have not been dispositioned article by article against employer, worker and fund actors. Broad UI-01/02 are indexes, not proof that the denominator is closed. Closure case: Full remaining article/annex actor map and official form review. (Register status 2026-09-29: No [IN-SYSTEM 2026-09-29].) Source note: Decree 374/2025 in Official Gazette issue 48 pp.2–46 (signed), effective 1 January 2026, replacing Decrees 28/2015 and 61/2020; instrument metadata https://vanban.chinhphu.vn/?classid=1&docid=216493&pageid=27160.",,,,
VN-UI-13,VN,other,"Employer facing covered workforce reductions from qualifying restructuring, economics, disaster or ordered relocation → apply the size-specific 30%/30, 50 or 100 affected-worker threshold, at least 12 UI-paid months in the relevant 24 months, and a 12-month job-retention training plan; potential support is once, at most VND 1 million per person per training month and six months, with excess tuition borne by employer",Decree 374/2025/ND-CP arts.22–24 and 31(1); from 1 January 2026,https://congbaocdn.chinhphu.vn/180507251028987904/2026/1/27/cong-bao-so-48-ngay-23-01-46946signed-17694874955991619007433.pdf,2026-09-29,2026-01-01,,EXTERNAL,"No dated headcount/reduction, cause certificate, fund-paid history, approved 12-month plan or training cost record supports this conditional employer benefit; the form and document set in art.24 is not captured. Closure case: Under/at 200 and 1,000 workers, 29/30/50/100 affected workers, 11/12 paid months, 14/15 training days and six/seven months. (Register status 2026-09-29: No [EXTERNAL 2026-09-29].)",,,,
VN-UI-14,VN,other,"Employer granted job-retention training support → deliver approved training and retain/reassign each worker as planned; transfer support to an external trainer within two working days, settle and report within 45 days of course completion, and notify/repay where plan is abandoned or retention fails, subject to art.25 termination exceptions",Decree 374/2025/ND-CP arts.25–26(5)–(10) and 32(8)–(9); from 1 January 2026,https://congbaocdn.chinhphu.vn/180507251028987904/2026/1/27/cong-bao-so-48-ngay-23-01-46946signed-17694874955991619007433.pdf,2026-09-29,2026-01-01,,EXTERNAL,"No approved-plan-to-worker ledger, support receipts/transfers, training completion, job-retention outcome, exception evidence, report or recovery clock is evidenced; this is an external employer duty and conditional funding mechanism. Closure case: Approved versus abandoned plan, external trainer transfer, lawful dismissal exception, failure to retain and late report/repayment. (Register status 2026-09-29: No [EXTERNAL 2026-09-29].)",,,,
VN-UI-15,VN,filing,"Employer seeking job-retention support → obtain UI-payment confirmation and required commune-chair cause confirmation, then submit the art.24 dossier to the public employment service at head-office locality within six months of qualifying",Decree 374/2025/ND-CP art.26(1)–(2); from 1 January 2026,https://congbaocdn.chinhphu.vn/180507251028987904/2026/1/27/cong-bao-so-48-ngay-23-01-46946signed-17694874955991619007433.pdf,2026-09-29,2026-01-01,,EXTERNAL,"No dated eligibility event, evidence requests, required local certification, dossier or six-month filing clock is recorded. Agency decision and payment deadlines in art.26(3)–(4) belong to the agency, not the employer. Closure case: Six-month deadline across month ends, qualifying/no qualifying cause, missing certificate and head-office locality. (Register status 2026-09-29: No [EXTERNAL 2026-09-29].)",,,,
VN-UI-16,VN,filing,"Covered employer → coordinate UI-policy information with its grassroots union; identify/register eligible UI workers and pay fully/on time; preserve UI records during employment and present them for official inspection; provide contribution information within two working days of worker request; provide exit documents within two working days of termination and confirm UI payment; supply contracts on verification request, report workforce changes, and report prior-year UI participation to the provincial Department of Home Affairs before 15 January",Decree 374/2025/ND-CP art.32(1)–(7); from 1 January 2026,https://congbaocdn.chinhphu.vn/180507251028987904/2026/1/27/cong-bao-so-48-ngay-23-01-46946signed-17694874955991619007433.pdf,2026-09-29,2026-01-01,,EXTERNAL,"Payroll share calculation does not prove union coordination, registration, payment receipt, records/inspection, response clocks, exit certification or external reports. Employer/agency acknowledgements are absent. Closure case: New hire, audit request, worker information request, exit on a holiday, workforce change and 14/15 January report. (Register status 2026-09-29: No [EXTERNAL 2026-09-29].)",obligations:SI_CONFIRMATION_ON_TERMINATION,,,
VN-UI-17,VN,filing,Employer workforce increases or decreases by **at least 50 workers** → notify the public employment service at the workplace under official Form 33,Decree 374/2025/ND-CP art.32(10); from 1 January 2026,https://congbaocdn.chinhphu.vn/180507251028987904/2026/1/27/cong-bao-so-48-ngay-23-01-46946signed-17694874955991619007433.pdf,2026-09-29,2026-01-01,,EXTERNAL,"No dated headcount event, 49/50-worker selector, locality routing, Form 33 or submission evidence is recorded. Closure case: +49/+50 and −49/−50 workers, multiple workplaces and submission receipt. (Register status 2026-09-29: No [EXTERNAL 2026-09-29].)",,,,
VN-UI-18,VN,severance,Separate UI-paid service from employment without required UI for severance/job-loss liability; apply the new decree to undetermined pre-2026 employer training-support and worker benefit applications; retire Decrees 28/2015 and 61/2020 from 1 January 2026 and count statutory day periods under art.45(3),"Decree 374/2025/ND-CP arts.43(1)–(2),(4)–(5),45; January 2026 transition",https://congbaocdn.chinhphu.vn/180507251028987904/2026/1/27/cong-bao-so-48-ngay-23-01-46946signed-17694874955991619007433.pdf,2026-09-29,2026-01-01,,GAP,"No proven historical UI-paid-month ledger, pre-effective-date pending application branch, predecessor switch or deadline-day convention. This can alter separation liability and employer support handling. Closure case: December 2025/January 2026 pending claims, UI-exempt contract history, first-day exclusion and weekend/holiday clock. (Register status 2026-09-29: No [IN-SYSTEM 2026-09-29].)",,,,
VN-UI-19,VN,other,"Former worker seeking public employment counselling/job referral supplies the prescribed form and, on the first post-unemployment request, contract-end proof. The public employment service performs counselling and referral; the former employer's exit-document duty is in VN-UI-16. A company operating a licensed employment service needs its separate Decree 352/2025/ND-CP provider classification.",Decree 374/2025/ND-CP arts.9–10 and Decree 352/2025/ND-CP employment-service form; from 1 January 2026,https://congbaocdn.chinhphu.vn/180507251028987904/2026/1/27/cong-bao-so-48-ngay-23-01-46946signed-17694874955991619007433.pdf,2026-09-29,2026-01-01,,EXTERNAL,"The worker/agency process is not an employer payroll amount, but the exit-proof handoff and conditional private-provider branch need dated actor, form and receipt evidence. Decree 352/2025/ND-CP is authenticated but its operative provider articles and amendments have not been reviewed. Closure case: First counselling request with/without exit proof; ordinary employer versus licensed employment-service provider. (Register status 2026-09-29: No [EXTERNAL 2026-09-29].) Decree 374/2025 art.9 explicitly imports the employment-counselling form from Decree 352/2025; its employer/service-provider boundary has not been dispositioned.Source ledger Decree 352/2025/ND-CP: https://congbao.chinhphu.vn/van-ban/nghi-dinh-so-352-2025-nd-cp-468351.htm 'Official Gazette Decree 352/2025/ND-CP on employment services, effective 1 January 2026; cross-referenced by Decree 374 article 9'",,,,
VN-UNION-01,VN,levy,"SI salary fund, organization and membership/election → employer union fund and member dues separately",Trade Union Law 50/2024/QH15 and dated implementing rules; whole scope,https://congbao.chinhphu.vn/van-ban/luat-so-50-2024-qh15-43589.htm,2026-09-29,2025-12-01,,PARTIAL,"Configured 2026-10-01 (phase 2, the four live versions): duty type UNION_FEE_REMITTANCE (first run of each wage month, due the last day of the following month: Decree 191/2013 art.6 with SI to 15 May 2026, Decree 105/2026 art.4 from 16 May 2026) in `jurisdiction_settings.duty_types` raises a dated obligation instance whose fulfilment records the authority reference (transfer reference); probe VN-SI-06-1 awaits the Prove phase. Unproven (re-judged 2026-09-30; was VERIFIED 2026-09-29): the employer's 2% union fee (not a payslip line, never asserted by a probe); the dues set-sum and waiver branches; membership evidence; remittance. Proven: 0.5% dues and the 234,000 cap (VN-UNION-01-1). Source weakness: the Decision 61/QĐ-TLĐ text rests on a city-portal transcription; the issuer copy is still not located. History: The two calculations exist and selected probes passed; membership evidence, employer remit, Decree 105/2026 timing and exception/ceiling cases remain open. Decree 105/2026/ND-CP was issued 31 March 2026 and took effect 16 May 2026; the seed change_summary's “issued 16 April 2026” is wrong (metadata only). 2026-09-28: the UNION_DUES opening sentence now states VGCL Decision 61/QD-TLD 0.5% (members in non-State enterprises, capped at 10% of the base salary) in all four live versions; its sources remain a city portal and a news article. Round 3 (2026-09-28): the issuer's own Decision 197/QĐ-TLĐ of 15 September 2025 (VGCL portal) cites “Quyết định số 61/QĐ-TLĐ ngày 29/7/2025 … về việc điều chỉnh giảm mức đóng đoàn phí công đoàn” — issue date 29 July 2025. Cap coverage (city-portal transcription of art.1): members at public service units not State-budget paid, 0.5% of the SI salary, no cap; State enterprises, 0.5% of take-home pay (after SI, HI, UI and PIT) capped at 10% of the base salary; non-State enterprises, non-public units, cooperative unions, foreign and international organisations, 0.5% of the SI salary capped at 10% of the base salary; members hard to assess or outside compulsory SI, a set sum of at least 0.5% of the base salary; members on SI benefit or unpaid for a month or more, none. The seed's rule is the non-State branch; the State-enterprise take-home branch and the minimum-sum branch are not seeded. The Decision 61 text itself is not in the VGCL portal's finance lookup (checked 2026-09-28; a site search of congdoanvietnam.vn for “61/QĐ-TLĐ” retried in round 4, none). Round 4 (2026-09-28), branches closed as a **sourced exclusion**: the law states each branch, so no owner default is needed; the template's employers are non-State enterprises, whose branch (0.5% of the SI salary, capped at 10% of the base salary) is the one seeded. The State-enterprise take-home branch, the public-unit uncapped branch and the set-sum branch (members hard to assess or outside compulsory SI) are out of the product's employer scope; the zero-dues case (a member on SI benefit or unpaid for a month or more) is law-stated. Issue 47 (VN-A6, 2026-09-28): the set-sum branch reopened — a non-State employer can have a member outside compulsory SI (an intern, a sub-floor part-timer), and dues on `produced.SI.base` also fell to nil for 14+ unpaid working days (Law 41/2024 art.33(5)) though VGCL Decision 61/QD-TLD waives only a month or more. UNION_DUES `assessed_on` in all 23 versions (fix in place; the Decision did not move) is now: every scheduled working day of the month wholly unpaid → nil; else the SI base where there is one; else nil in a maternity-benefit month (SI’s own exemption); else the base salary (2,340,000 / 2,530,000 from 1 July 2026) for a member outside compulsory SI; else the insurance salary (contract salary plus fixed supplements within the SI floor and ceiling). **Owner rule 2026-09-28: VGCL Decision 61/QD-TLD states no part-month rule and leaves the set sum to the union (“mức ấn định”, at least 0.5% of the base salary); the recorded default waives a pay month only when every scheduled working day is wholly unpaid, and charges the minimum set sum.** Golden (July 2026, cutoff 1): member on 30,000,000 with 15 of 23 working days unpaid → SI nil, dues 150,000; all 23 unpaid → no dues; intern member on 5,000,000 → 12,650. Open: a sickness-benefit month (14+ days, SI nil) now charges the insurance salary unless the whole month is unpaid, and a paternity-benefit month under a month stays waived — the SI-benefit “one month or more” test is not measured. Round 6 (2026-09-28): Decree 105/2026/ND-CP signed text read visually (16 scanned pages). Fee branches: art.2(1), reciting Trade Union Law 50/2024/QH15 art.29(1)(b) as amended by Law 97/2025/QH15 art.2(8), makes enterprises, public service units not paid 100% of salaries from the State budget, cooperatives and other employers the payers — a State enterprise pays the same 2%, a fully budget-paid unit pays none (outside the template’s employers; sourced exclusion); arts.4–5 set timing (monthly with SI, by the last day of the next month; quarterly for farm, forestry, fishery and salt producers paid by production cycle) and source of funds; art.11 exemption waives only arrears on dissolution or bankruptcy (no run line). **Seeded** (fix in place in the two versions from 16 May 2026; the decree did not move): art.13 suspension (by decision, by month, ≤12 months) as entity fact `union_fee_suspended`, and art.12 reduction (≤20% of the fee, ≤6 months, after a suspension ends) as `union_fee_reduction_percent`, both dated through entity-fact revisions. Golden June and September 2026: 20,000,000 → 400,000; suspended → 0; 20% reduction → 320,000. Dues branches: the State-enterprise take-home branch and the public-unit uncapped branch stay a sourced exclusion (Round 4); the set-sum branch is seeded (Issue 47). Zero-dues goldens: a month wholly on sickness benefit (fund-paid days are wholly unpaid days) → no dues; 13 sick + 10 unpaid → none; 22 sick → 150,000. **Fixed in place in all 23 versions:** the SI-nil maternity waiver read 14 full maternity or paternity days as a benefit month; VGCL Decision 61/QD-TLD waives only a month or more of benefit, so a 14-day paternity spell now pays 150,000 (golden), and only the birth, adoption, surrogate-birth and commissioning-mother categories waive. The Decree 105/2026/ND-CP change_summary issue date is fixed to 31 March 2026 in the live version. Remaining open is external: remittance receipts (UNION_FEE_REMITTANCE), the member’s own sign-up and authorisation evidence, and the Decision 61 issuer copy. Closure case: Member/nonmember, employer regardless of local union, May 2026 boundary. Round 9: UNION_DUES requires a dated `union_member` declaration — a missing declaration refuses, a referenced `false` selects no dues (golden “Vietnam — union dues require a dated membership declaration even without scheme registration”); only members owe dues (Union2024 arts.5,29(1)(a)). Round 6: payment timing golden “VN — the union fee is paid with SI to 15 May 2026 and by the next month’s end from the 16th”; fee goldens “Vietnam — June 2026 (the 16 May version, Decree 105/2026) charges the union fee at the same 2%”. Source note (Decree 105/2026): issued 31 March 2026, effective 16 May 2026, signed text https://datafiles.chinhphu.vn/cpp/files/vbpq/2026/4/105-ndcp.signed.pdf (16 scanned pages, arts.2, 4–6, 11–13 read visually 2026-09-28). Source note (Decision 61/QĐ-TLĐ): city legal-education portal transcription of art.1; issue date from the issuer’s Decision 197/QĐ-TLĐ of 15 September 2025, https://s3.congdoanvietnam.vn/file/c016a130-08ea-4481-9121-f775fcc61fce (VGCL lookup https://congdoanvietnam.vn/tld/tra-cuu-van-ban.tld?fieldId=1); the Decision 61 text itself not found on the issuer portal. Source note (Trade Union Law 50/2024): Official Gazette 1533+1534 (issued 27/11/2024, in force 01/07/2025); earlier transcription https://xaydungchinhsach.chinhphu.vn/toan-van-luat-cong-doan-119241217155547243.htm; four live settings list the Gazette page.Source ledger Decree 105/2026/ND-CP: https://vanban.chinhphu.vn/?docid=217500&pageid=27160 'Decree 105/2026/NĐ-CP on trade-union finance, issued 31 March 2026, effective 16 May 2026; signed text https://datafiles.chinhphu.vn/cpp/files/vbpq/2026/4/105-ndcp.signed.pdf (16 scanned pages, no text layer; arts.2, 4–6, 11–13 read visually 2026-09-28)'Source ledger VGCL Decision 61/QD-TLD: https://pbgdpl.cantho.gov.vn/quyet-dinh-61qd-tld-ve-dieu-chinh-giam-muc-dong-doan-phi-cong-doan 'Vietnam General Confederation of Labour Decision 61/QĐ-TLĐ of 29 July 2025, dues 0.5% from 1 July 2025 (city legal-education portal transcription of art.1). Issue date from the issuer's Decision 197/QĐ-TLĐ of 15 September 2025, https://s3.congdoanvietnam.vn/file/c016a130-08ea-4481-9121-f775fcc61fce (VGCL document lookup https://congdoanvietnam.vn/tld/tra-cuu-van-ban.tld?fieldId=1); the Decision 61 text itself not found on the issuer portal' 2026-09-30 (F04): the probe harness now uploads fixture files, asserts refusals, run warnings and company-scope charges; VN-UNION-01-1 now pins the employer 2% union fund as a company line: (30,000,000 + 46,800,000) × 2% = 1,536,000 (Trade Union Law 50/2024 art.29(1)(b)); pending the probe run. [R8 2026-09-30] Probe run 443/443 green: VN-UNION-01-1 pass; status stays PARTIAL for the branches named above.","statutory_contributions:UNION_DUES,UNION_FEE; facts:union_fee_suspended,union_fee_reduction_percent; obligations:UNION_FEE_REMITTANCE,UNION_DUES_TRANSFER; duty_types:UNION_FEE_REMITTANCE","Vietnam — union dues stop only for a month unpaid, and a member outside SI pays the set sum (Decision 61/QĐ-TLĐ art.1)",VN-UNION-01-1; VN-UNION-01-2; VN-SI-06-1,2026-09-29
VN-REPORT-01,VN,filing,"Registration, wage/month records and deadlines → declarations, remittances, annual tax finalization and retained evidence","Social Insurance Law 41/2024/QH15, PIT Law 109/2025/QH15, Employment Law 74/2025/QH15 and issuers' forms; whole scope",https://vanban.chinhphu.vn/?pageid=27160&docid=211199,2026-09-29,2025-12-01,,EXTERNAL,"Calculated charges do not file, pay, acknowledge or retain authority returns automatically. SI registration and remittance deadlines are VN-SI-06; the labour-change report is VN-LC01-02; retention is VN-RECORD-01. Each report/form/deadline needs an issuer-level inventory and evidence path. Closure case: Late/new hire, amended wage, final year, remittance receipt. (Register status 2026-09-29: No [EXTERNAL 2026-09-29].)","obligations:SI_HI_UI_CHANGE_DECLARATION,PIT_ANNUAL_FINALISATION,PIT_WITHHOLDING_CERTIFICATE",,,
VN-RECORD-01,VN,records,"Accounting use and year end → archive within 12 months, then retain management-only accounting records **5 years** or directly posted vouchers/statements **10 years** minimum; tax and SI records follow their own rules","Accounting Law 88/2015/QH13 art.41(3),(5)(a)–(b) and Decree 174/2016/ND-CP arts.12(1)–(2), 13(1), 15(1); whole scope",https://congbao.chinhphu.vn/van-ban/luat-so-88-2015-qh13-18393.htm,2026-09-29,2025-12-01,,EXTERNAL,"Official Gazette texts verified 2026-09-29. Four live VN `RECORD_RETENTION` duties now cite the correct articles and distinguish 5/10 years. No saved classification of each payroll sheet or timesheet, archive/destruction record, or tax/SI retention proof exists; VN-DATA-01 remains separate. Closure case: A directly posted payroll voucher versus management-only timesheet at years 5/10, plus archive date and tax/SI controls. (Register status 2026-09-29: No [EXTERNAL 2026-09-29].) Round 7: ACC2015 art.41(3),(5) and D174 arts.12,13,15 read in the Official Gazette; the former seed cited art.12 for a 10-year voucher rule although art.12 is the 5-year management-only class; all four live `RECORD_RETENTION` duties now distinguish the two classes and cite art.13(1). Source note: ACC2015 Official Gazette 1241+1242, effective 1 January 2017; D174 Official Gazette 51+52, effective 1 January 2017, art.15(1) counts from accounting year end.Source ledger Decree 174/2016/ND-CP: https://congbao.chinhphu.vn/van-ban/nghi-dinh-so-174-2016-nd-cp-21879.htm 'Decree 174/2016/NĐ-CP, Official Gazette 51+52 (text layer), effective 1 January 2017: art.12 management-only documents 5 years, art.13(1) directly posted vouchers/financial statements 10 years, art.15(1) counted from accounting year end; read 2026-09-29. Earlier inventory/seed citation to art.12 for the 10-year class was incorrect'",obligations:RECORD_RETENTION,,,
VN-D291-01,VN,filing,"Employer or other holder receives a tax-authority information request for an applicable tax information-exchange treaty/agreement → supply responsive information by the stated deadline; delivery at least five days late is the VND10m–30m offence, separate from ordinary PIT filing sanctions","Decree 291/2026/ND-CP arts.1–2, new Decree 125/2020 art.19a(1); from 21 July 2026",https://datafiles.chinhphu.vn/cpp/files/vbpq/2026/7/291_2026_nd-cp_21072026-signed.signed.pdf,2026-09-29,2026-07-21,,EXTERNAL,"No saved authority request, treaty-purpose flag, due/extension date, disclosed employee-wage records or submission acknowledgement exists; the signed text excludes duplicate punishment for the same conduct under arts.14/15/19. Closure case: Dated request, day 4/5 late and ordinary quarterly wage PIT filing control. (Register status 2026-09-29: No [EXTERNAL 2026-09-29].)",,,,
VN-D291-02,VN,filing,Requested information supplied inaccurately or incompletely → correct/complete it; offence range VND30m–50m,"Decree 291/2026/ND-CP art.2, new art.19a(2),(4); from 21 July 2026",https://datafiles.chinhphu.vn/cpp/files/vbpq/2026/7/291_2026_nd-cp_21072026-signed.signed.pdf,2026-09-29,2026-07-21,,EXTERNAL,"Payroll may hold wage records, but no authority-request verification/correction workflow or evidence of complete, accurate resubmission is mapped. Closure case: One erroneous earnings record, corrected response and authority acknowledgement. (Register status 2026-09-29: No [EXTERNAL 2026-09-29].)",,,,
VN-D291-03,VN,filing,"No information after 15 days from the request or extension deadline, or collusion/concealment obstructing authority collection → VND50m–100m offence; mandatory full/accurate supply for the non-response branch","Decree 291/2026/ND-CP art.2, new art.19a(3)–(4); from 21 July 2026",https://datafiles.chinhphu.vn/cpp/files/vbpq/2026/7/291_2026_nd-cp_21072026-signed.signed.pdf,2026-09-29,2026-07-21,,EXTERNAL,"No request aging/escalation, extension evidence, incident record, remedial submission or employer authority-response path is mapped; collusion is a separate prohibited conduct branch. Closure case: Day-15 boundary, granted extension, failure to respond and collusion case. (Register status 2026-09-29: No [EXTERNAL 2026-09-29].)",,,,
VN-LEAVE-01,VN,leave,"Prenatal exam, pregnancy loss, birth/adoption, sick child, contraception or convalescence and insured history → correct absence, fund/employer pay and contribution month",Social Insurance Law 41/2024/QH15 leave-benefit provisions; whole scope,https://vanban.chinhphu.vn/?pageid=27160&docid=211199,2026-09-29,2025-12-01,,GAP,"Separate categories and required event/history inputs are absent or incomplete; generic maternity/sick labels cannot price or record all statutory cases. Closure case: Each event, multi-child, approval, no duplicate fund/employer pay. R20. (Register status 2026-09-29: No [IN-SYSTEM 2026-09-29].)",,,,
VN-LEAVE-02,VN,leave,"Start/end of calendar-day versus working-day leave, cross-month and partial month → correct entitlement and salary/insurance treatment",Social Insurance Law 41/2024/QH15 and Labour Code 45/2019/QH14 (consolidation 18/VBHN-VPQH of 12 Feb 2026); whole scope,https://vanban.chinhphu.vn/?pageid=27160&docid=211199,2026-09-29,2025-12-01,,PARTIAL,"Maternity is now granted in calendar months from the event's first leave day (`calendar_months`, M2); other leave-unit and block semantics plus paid/unpaid month interactions are not exhaustively probed, and the months span has no planner-level golden across a real six-month roster. Closure case: One event spanning year/month end, holiday and changing roster. R06/R07/R20. (Register status 2026-09-29: Partial [GOLDEN 2026-09-29].) Round 19 (M2): Labour Code art.139(1) grants 06 months, one further month per child from the second of a multiple birth; SI2024 art.53(1) refers to it and art.53(9) counts holidays and weekly rest days inside the period (re-read 2026-09-29 in the xaydungchinhsach transcription of Law 41/2024); POP2025 art.14(1)(a) makes it 07 months from 1 July 2026. The seed had granted 180/210 “days” against working-day charges, so a six-month cap never bit before about eight months of weekdays; a PER_EVENT flag `calendar_months` now makes the band figure months (leave must fall inside `monthsEnd(first leave day, months)`, charges inside stay working days). All 23 MATERNITY_LEAVE rows (every lineage, live and voided) read `6.0 + extra` (July `7.0 + extra` on the second-child predicate). Wrong transcription fixed in place: pre-July rows gave any multiple birth a flat seven months; triplets are eight. Owner rule 2026-09-28 default (law silent on month arithmetic): the period ends the day before the same day of the closing month, or on that month’s last day where it has none (15 Mar + 6 → 14 Sep, 184 days; 1 Sep + 6 → 28 Feb, 181 days). Open: the two-month pre-birth ceiling (art.139(1)) is not enforced.",leave_catalogue:MATERNITY_LEAVE (calendar_months),"VN — a maternity grant of N months ends on the calendar, not after 30 × N days",,
VN-LEAVE-03,VN,leave,"Mother giving birth with **exactly one prior living biological child at the birth**, plus insurance qualification for the allowance → seven months' leave (then one extra month for each additional baby in a multiple birth) and the applicable fund allowance; otherwise ordinary six-month leave applies","Population Law 113/2025/QH15 art.14(1)(a), art.29(1), Labour Code 45/2019/QH14 (consolidation 18/VBHN-VPQH of 12 Feb 2026) art.139(1) and Decree 168/2026/ND-CP art.2(1); **from 1 July 2026**",https://congbao.chinhphu.vn/van-ban/luat-so-113-2025-qh15-468675.htm,2026-09-29,2026-07-01,,PARTIAL,"The July seed now selects the seven-month branch with `children.natural_surviving_before(event.date) == 1`, replacing the stored child-array index after Decree 168/2026/ND-CP art.2(1)(a) was checked in the Official Gazette (2026-09-29). The earlier production probe had granted 210 days to a third child of two living children. A focused Node leave golden now confirms the corrected first-birth and one-prior-child triplet branches, but the saved production path, dated biological-child history completeness and fund-benefit qualification/decision are not proved, so this row remains No. Closure case: New sealed rule with saved mother/child history, one/two prior living biological children, deceased/adopted history and twins; confirm calendar leave separately from fund allowance. (Register status 2026-09-29: No [PROBE 2026-09-29].) Round 7: POP2025 and D168 Gazette DOCX texts confirm the exactly-one-prior-living-biological-child condition; the focused leave golden passes after supplying the confinement date: first-birth triplets stay at 240 days despite `child_index: 2`, and one prior living biological child yields 270 days (Round 19 restates these in calendar months: triplets eight, nine after one prior living child). Round 19 open: the July second-child predicate in five of six lineages still reads `event.child_index >= 2`, while the live lineage uses `children.natural_surviving_before(event.date) == 1`. Source note (POP2025): Official Gazette 35 DOCX, art.14(1)(a) and art.29(1) effective 1 July 2026. Source note (D168): Official Gazette 294 DOCX, effective 1 July 2026; art.2(1)(a) mother had one living biological child, (b) father depends on wife having one, art.2(2) excludes SI Law art.52(2) fetal loss; read 2026-09-29.Source ledger Decree 168/2026/ND-CP: https://congbao.chinhphu.vn/van-ban/nghi-dinh-so-168-2026-nd-cp-469560/65154.htm 'Decree 168/2026/NĐ-CP, Official Gazette 294 (DOCX text layer), effective 1 July 2026; art.2(1)(a) mother had one living biological child, (b) father depends on wife having one living biological child, art.2(2) excludes SI Law art.52(2) fetal loss; read 2026-09-29'",leave_catalogue:MATERNITY_LEAVE,"Vietnam — the annual-leave cohorts, the seniority ladder and the SI sick bands",,
VN-LEAVE-04,VN,leave,Insured father whose wife had exactly one prior living biological child receives ten working days for the second-child birth; multiple births have their own higher bands.,"Population Law 113/2025/QH15 art.14(1)(a), Decree 168/2026/ND-CP art.2(1) and Social Insurance Law 41/2024/QH15 art.53; from 1 July 2026",https://congbao.chinhphu.vn/van-ban/luat-so-113-2025-qh15-468675.htm,2026-09-29,2026-07-01,,PARTIAL,"July seed now reads a separately saved wife-history event count. Missing count refuses single-birth approval and an older approved entry cannot settle without it. Count one, zero, more than one and independent employee child index are tested. SI qualification, the 60-day birth window and employer verification of wife-history evidence still need an end-to-end gate. Closure case: Remarriage, prior living/deceased/adopted child, twins/triplets, SI status and timing. (Register status 2026-09-29: Partial [PROBE 2026-09-29].) Round 8: the employee’s `event.child_index` does not establish the wife’s history; a separately saved event count drives the July paternity rule (one prior living biological child → ten days; zero or more than one → ordinary SI bands; absent → a single-birth request refuses), and payroll refuses an older approved July entry missing that count. Round 17: SI2024 arts.50(1)(g), 53(2) and D168 art.2(1)(b) require the insured father’s wife to be the person giving birth; July `PATERNITY_LEAVE` eligibility requires `event.relationship == ""WIFE""` for single and multiple births; the entry requires `certificate_file` (`evidence_after_days: 0`) and a `reference`; the guard refuses older approved entries lacking relationship, certificate or reference. The relationship and wife-history count remain declarations backed by the retained document. Round F08 (2026-09-30): the three payroll refusals name the dated catalogue row (`Paternity leave (Nghỉ khi vợ sinh con) requires …`) instead of a hard-coded `VN paternity leave` label (Runtime-schema rule); the golden asserts the exact messages and tests/no-jurisdiction-code.test.ts now rejects a src string opening with a jurisdiction code.",leave_catalogue:PATERNITY_LEAVE,Vietnam — a preexisting July paternity entry without the wife’s child history cannot settle (Decree 168/2026 art.2),,
VN-CULT-DAY-01,VN,rest_holiday,"Every 24 November is Vietnam Culture Day; employee scheduled work and ordinary wage → day off at full wage. Resolve the date, roster and actual payment separately from Labour Code art.112's eleven enumerated days.","NA Resolution 28/2026/QH16 art.2(1), art.13; from 1 July 2026, first occurrence 24 November 2026",https://datafiles.chinhphu.vn/cpp/files/vbpq/2026/4/nq28phattrienvanhoa.pdf,2026-09-29,2026-07-01,,PARTIAL,"Unproven (re-judged 2026-09-30; was VERIFIED 2026-09-29): a monthly-paid worker's pay is the same whether or not 24 November is a holiday, so VN-CULT-DAY-01-1 does not tell the two apart; a daily or hourly-paid worker paid for the day; the day inside a part-month divisor; work on the day; 24 November on a rest day. History: The active July sealed leave catalogue includes **12** annual public-holiday days and cites NA Resolution 28/2026/QH16, but no saved 24 November calendar/roster/pay result has been probed. Art.2 grants a paid day off; applying art.112's substitute-day or holiday-work overtime rules to it requires a separate legal basis. Closure case: 24 November 2026 scheduled worker, rostered rest day, work on the day and cross-month pay; inspect published implementing guidance before assigning substitute/premium treatment. Source note (Resolution 28/2026/QH16): https://datafiles.chinhphu.vn/cpp/files/vbpq/2026/4/nq28phattrienvanhoa.pdf, arts.2, 4(4)(c), 7(3), 13; effective 1 July 2026.",leave_catalogue:PUBLIC_HOLIDAY,,VN-CULT-DAY-01-1,2026-09-29
VN-OSH-01,VN,other,"Job hazard, exposure, workplace assessment and accident/disease → safe-hours limit, prevention, recording, reporting and compensation",OSH Law 84/2015/QH13 and Labour Code 45/2019/QH14 (consolidation 18/VBHN-VPQH of 12 Feb 2026) art.105(3); whole scope,https://vanban.chinhphu.vn/?docid=180606&pageid=27160,2026-09-29,2025-12-01,,EXTERNAL,"Sector/workplace risk and incident evidence are outside current payroll facts; the external safety duties need provision-level mapping. Closure case: Hazardous exposure, accident report and linked employer payment. (Register status 2026-09-29: No [EXTERNAL 2026-09-29].)",obligations:OCCUPATIONAL_HEALTH_CHECK,,,
VN-OSH-02,VN,wages,"Workplace accident or occupational disease → full wage while off work for treatment and rehabilitation (art.38(3)); compensation when not wholly the worker's own fault of at least **1.5 months' wage** for 5–10% capacity loss, plus **0.4 month** per further 1% from 11% to 80%, and at least **30 months' wage** for 81% or more or death (art.38(4)); at least **40%** of that amount where the worker was wholly at fault (art.38(5)); payment within **5 days** of the medical-assessment conclusion or the fatal-accident report (art.38(7))","OSH Law 84/2015/QH13 art.38(3)–(7) (Gazette 871+872, pp.30–31); whole scope",https://vanban.chinhphu.vn/?docid=180606&pageid=27160,2026-09-29,2025-12-01,,GAP,"No accident/disease event, treatment absence class, capacity-loss finding or fault finding is saved; no payslip or exit line prices the art.38(4)/(5) floors or the 5-day deadline. The wage basis for the months of wage is set by the implementing decree and was not read. Needs a shared event and pay-line input; reported, not built here. Closure case: Treatment absence on full wage; 5%, 11%, 80%, 81% and fatal amounts; own-fault 40%. (Register status 2026-09-29: No [IN-SYSTEM 2026-09-29].) Source note: OSH Law signed scan https://vanban.chinhphu.vn/?docid=180606&pageid=27160 (issued 25-06-2015, in force 01-07-2016) has no text layer; Official Gazette 871+872 of 29 July 2015 https://congbao.chinhphu.vn/van-ban/luat-so-84-2015-qh13-15356.htm: art.38(3)–(7) pp.30–31 read 2026-09-29; later amendments not reconciled. Round 18 rejected detail: the 0.4-month step applies from 11% to 80% only, and a worker wholly at fault gets 40% (art.38(5)).",,,,
VN-UNION-02,VN,other,"Representative body, consultation, collective agreement and payroll terms → lawful consultation/records and more favourable terms",Labour Code 45/2019/QH14 (consolidation 18/VBHN-VPQH of 12 Feb 2026) arts.170–178 and Trade Union Law 50/2024/QH15; whole scope,https://vanban.chinhphu.vn/?docid=217002&pageid=27160,2026-09-29,2025-12-01,,GAP,"Representational and agreement evidence is not captured as a dated contract source. Closure case: Published collective term changing wage and overtime, consultation record. (Register status 2026-09-29: No [IN-SYSTEM 2026-09-29].) Source note: Trade Union Law 50/2024/QH15, Official Gazette 1533+1534, https://congbao.chinhphu.vn/van-ban/luat-so-50-2024-qh15-43589.htm.",obligations:WORKPLACE_DIALOGUE,,,
VN-DATA-01,VN,records,"Employee identity, health, wage and bank data → lawful handling, security and retention",Personal Data Protection Law 91/2025/QH15; from January 2026,https://vanban.chinhphu.vn/?classid=1&docid=214590&pageid=27160&typegroup=,2026-09-29,2026-01-01,,EXTERNAL,"This is an external HR/data duty; payroll rows alone cannot establish purpose, access, retention or worker-rights fulfillment. Closure case: Map each employee-data flow and authority requirement to saved control evidence. (Register status 2026-09-29: No [EXTERNAL 2026-09-29].) Source note: Personal Data Protection Law 91/2025/QH15, https://vanban.chinhphu.vn/?classid=1&docid=214590&pageid=27160&typegroup=.","obligations:PDPL_CONSENT,PDPL_RECRUITMENT_AND_EMPLOYMENT,PDPL_IMPACT_ASSESSMENT,PDPL_BREACH_NOTIFICATION,PDPL_DATA_PROTECTION_PERSONNEL",,,
VN-ENFORCE-01,VN,other,"Wage, working-time, insurance or HR breach and offence date → identify governing offence/remedial duty, correct/pay arrears or contributions and keep authority evidence","Decree 283/2026/ND-CP arts.23–24,68 and other applicable employer-offence provisions; from 10 September 2026, subject to staged provisions",https://datafiles.chinhphu.vn/cpp/files/vbpq/2026/7/283-ndcp.signed.pdf,2026-09-29,2026-09-10,,EXTERNAL,"The 68-article decree replaces Decree 12/2022 with express transitional/staged commencement; its employer offence/remedy branches are not matched one by one to this register or to a saved correction/authority-response path. Sanctions are employer liabilities, not employee payroll deductions. Closure case: Underpayment detected after commencement for a pre-commencement act, late contribution, remedial arrears and staged-provision trigger. (Register status 2026-09-29: No [EXTERNAL 2026-09-29].)",,,,
VN-SCOPE-01,VN,other,"Every applicable primary, subsidiary and local instrument, commencement, transition, exclusion and cross-reference → closed provision denominator",All sources above; whole scope,https://vanban.chinhphu.vn/?docid=217002&pageid=27160,2026-09-29,2025-12-01,,PARTIAL,"Official issuer and amendment inventories have not been completely reconciled. These grouped rows must be split to every operative branch before certification. Closure case: Two independent source-index passes, amendment history, exclusions and sign-off for each operative row. R03. (Register status 2026-09-29: No [IN-SYSTEM 2026-09-29].) Legal-source denominator: include every employer or payroll-interface duty applying to a covered Vietnam worksite from 1 December 2025, including conditional worker/industry/locality rules, transition periods, earlier service and contribution history, employer filings and human HR actions; exclude a government-only or worker-only provision only with its article, actor and reason recorded. No source family has a closed provision denominator. The February 2026 Labour Code consolidation is a review index; its amendments take effect on their own dates, so December 2025 uses the original text. Source families still open: (1) Labour Code arts.1–220 with the DT2025, VE2025 and POP2025 amendments — employer, worker, special-cohort and external-duty branches not all split; arts.75–79 need direct visual verification after OCR omitted headings; the signed original and 2026 consolidation PDFs have no text layer (the Gazette 993+994 copy does); the consolidation has no text-layer source for its 2025 amendments. (2) Decree 145/2020 and later implementing instruments, Decree 135/2020 and Decree 219/2025 — implementing-article, repeal and effective-date inventory not reconciled to every Labour Code row; Gazette 1203+1204 carries a text layer, the signed scan does not. (3) Decree 74/2024, Decree 293/2025, local wage-region annexes and predecessor orders — full locality/worksite/sector and transition coverage unproved. (4) PIT-old, TT111, NQ954, PIT-2025, NQ110, PIT09-2026, NQ43-2026, D253, TT87, TaxAdmin2025, D252, TT89 and revenue forms — tax-year commencement, residency, income classes, business-recipient exclusions, settlement, filing transition and locality allocation branches open; every 2026 rule the seed still takes from TT111 needs re-sourcing or a recorded disposition (TT87 art.6(2) replaced TT111 from 1 July 2026). (5) SI2024, D158, TT12-2025, D58, HI, D188, Employment2025, D374, D352 and insurance circulars — all insured cohorts, benefit/claim rules, prior history, rates, remittance and employer duties open. (6) ACC2015/D174 — see VN-RECORD-01. (7) Union2024, OSH, Data2025 — external controls, sector hazards and data processing not inventoried provision by provision. (8) CULT2026, D261, D282 — conditional payer or public-employer branches unresolved; D282 art.1 does not implement CULT2026 art.4(4)(c). (9) D12 then D283, D291, D287 — see the enforcement rows. (10) Provincial/municipal decisions, sector orders, holidays and authority notices — issuer directories and every applicable worksite/worker class not reconciled. Register principle: a tested narrow calculation does not make an entire provision proven when eligibility, locality, history, saved input/output or an operative amendment remains unproved; an external duty stays unperformed until the product records its performance and evidence. Coverage-review corrections (2026-09-28): the December 2025 seed already uses TaxAdmin-old/Decree 126/2020, not D252; the SI floor is the reference level, not the regional minimum; SI2024 has no 180-day long-term sickness cap; SI deadlines, OT/night exemption, retirement roadmap, D219 and record retention were register-only gaps (the seed carried them). The Round 18 P1–P94 triage closed none of the open rows: each needs a dated input, saved outcome or shared engine path. Migrated Vietnam findings: R03, R04, R05 (saved-path gate), R06, R07, R19, R20, R27, R28, R53, MP04 and MP05; historical probe counts are evidence only for their named branches, never a jurisdiction certification. Certification: No. Source note (Labour Code): consolidation 18/VBHN-VPQH of 12-02-2026 (86 scanned pages, no text layer) at https://vanban.chinhphu.vn/?docid=217002&pageid=27160 — apply each amendment from its own commencement date; the three live 2026 seed versions cite it from 2026-09-29, the live December 2025 version keeps docid 198540 (the original 45/2019 text, which controls that month); Gazette 993+994 text layer https://congbaocdn.chinhphu.vn/CongBaoCP/VanBan/2019/11/30232/29070-1-2019993-99445-2019-qh14.pdf; original https://datafiles.chinhphu.vn/cpp/files/vbpq/2019/12/45.signed.pdf. DT2025 (Law 71/2025/QH15, art.154(8a) from 1 January 2026) and VE2025 (Law 124/2025/QH15, arts.59/61 from 1 January 2026) are footnotes in the consolidation. Round 18: sources moved to issuer records checked by số ký hiệu and dates; dead Cà Mau and Tây Ninh hosts dropped.",,,,
VN-D261-01,VN,wages,"Employer type, position, approved professional assignment, budget-paid armed-forces status and direct performance → distinguish occupational-allowance eligible staff from rehearsal/performance eligible contract staff",Decree 261/2026/ND-CP arts.1–3; from 1 July 2026,https://datafiles.chinhphu.vn/cpp/files/vbpq/2026/7/261-ndcp.signed.pdf,2026-09-29,2026-07-01,,GAP,"No sealed VN profile declares these employer, position and assignment classes or independently proves eligibility; ordinary participation in one performance alone does not prove an occupational-allowance class. Closure case: Public unit versus private theatre, administrative staff versus specialist performer, budget-paid armed-forces contract, rehearsal-only contract. (Register status 2026-09-29: No [IN-SYSTEM 2026-09-29].) Decree 261/2026 context: implements NA Resolution 28/2026 art.7(3), effective 1 July 2026; applies to qualifying public performing-arts units and armed-forces performing-arts units and must not be silently applied to every private cultural employer; the July 2027 rate step stays in scope. Issuer overview https://xaydungchinhsach.chinhphu.vn/nghi-dinh-261-2026-nd-cp-quy-dinh-phu-cap-uu-dai-nghe-voi-nguoi-lao-dong-hoat-dong-dac-thu-trong-cac-don-vi-nghe-thuat-bieu-dien-119260704154133945.htm.",,,,
VN-D261-02A,VN,wages,"Conductor of orchestra/choir; tuồng, chèo, cải lương, circus, water-puppet, opera or ballet performer; qualifying symphony brass/woodwind performer → occupational-allowance rate **50%, then 60%**","Decree 261/2026/ND-CP art.4(1)(a), (2)(a); 1 July 2026–30 June 2027, then until replacement salary regime",https://datafiles.chinhphu.vn/cpp/files/vbpq/2026/7/261-ndcp.signed.pdf,2026-09-29,2026-07-01,,GAP,"No dated profession-class and salary-coefficient rule is sealed or production probed. Closure case: Eligible conductor, adjacent unlisted role and July 2027 change. (Register status 2026-09-29: No [IN-SYSTEM 2026-09-29].)",,,,
VN-D261-02B,VN,wages,"Folk drama/musical, folk song, court dance, traditional/folk instrumental performer; qualifying symphony string/percussion/keyboard or armed-forces ceremonial brass/woodwind performer → **40%, then 50%**","Decree 261/2026/ND-CP art.4(1)(b), (2)(b); same periods",https://datafiles.chinhphu.vn/cpp/files/vbpq/2026/7/261-ndcp.signed.pdf,2026-09-29,2026-07-01,,GAP,No dated profession-class and salary-coefficient rule is sealed or production probed. Closure case: Listed/unlisted instrument and July 2027 change. (Register status 2026-09-29: No [IN-SYSTEM 2026-09-29].),,,,
VN-D261-02C,VN,wages,"Spoken/physical/mime drama, new song/choir, dry-puppet, folk/contemporary/variety dance or armed-forces ceremonial percussion performer → **30%, then 40%**","Decree 261/2026/ND-CP art.4(1)(c), (2)(c); same periods",https://datafiles.chinhphu.vn/cpp/files/vbpq/2026/7/261-ndcp.signed.pdf,2026-09-29,2026-07-01,,GAP,No dated profession-class and salary-coefficient rule is sealed or production probed. Closure case: Qualifying job and July 2027 change. (Register status 2026-09-29: No [IN-SYSTEM 2026-09-29].),,,,
VN-D261-02D,VN,wages,"Electronic-instrument or electronic/digital sound performer → **20%, then 30%**","Decree 261/2026/ND-CP art.4(1)(d), (2)(d); same periods",https://datafiles.chinhphu.vn/cpp/files/vbpq/2026/7/261-ndcp.signed.pdf,2026-09-29,2026-07-01,,GAP,No dated profession-class and salary-coefficient rule is sealed or production probed. Closure case: Performer versus sound technician and July 2027 change. (Register status 2026-09-29: No [IN-SYSTEM 2026-09-29].),,,,
VN-D261-02E,VN,wages,"Sound, lighting or stage technician, backstage, makeup, costume or prop worker → **20%, then 20%**","Decree 261/2026/ND-CP art.4(1)(đ), (2)(đ); same periods",https://datafiles.chinhphu.vn/cpp/files/vbpq/2026/7/261-ndcp.signed.pdf,2026-09-29,2026-07-01,,GAP,No dated support-worker class and salary-coefficient rule is sealed or production probed. Closure case: Support role versus administrative role and July 2027 change. (Register status 2026-09-29: No [IN-SYSTEM 2026-09-29].),,,,
VN-D261-03,VN,wages,Qualifying remote/border/island/minority/disadvantaged location adds five percentage points subject to a 60% cap; People's Artist/Distinguished Artist status has special dated rates; overlapping rates yield the highest one,Decree 261/2026/ND-CP art.4(3)–(5); from 1 July 2026,https://datafiles.chinhphu.vn/cpp/files/vbpq/2026/7/261-ndcp.signed.pdf,2026-09-29,2026-07-01,,GAP,"No saved location-duration, artist-title or highest-applicable-rate selection is mapped to a sealed rule; a break of more than one continuous month in the special area changes the locality branch. Closure case: 55/60 cap, two overlapping categories, title transition in July 2027 and location break. (Register status 2026-09-29: No [IN-SYSTEM 2026-09-29].)",,,,
VN-D261-04,VN,wages,"Monthly occupational allowance = statutory base salary × (current rank/grade salary coefficient + leadership-position coefficient if any + excess-seniority percentage coefficient if any) × applicable allowance rate; exclude stated assignment, maternity/SI leave, unpaid absence and suspension periods; pay with salary, outside SI/HI/UI insured base",Decree 261/2026/ND-CP art.4(6)–(8); from 1 July 2026,https://datafiles.chinhphu.vn/cpp/files/vbpq/2026/7/261-ndcp.signed.pdf,2026-09-29,2026-07-01,,GAP,"The formula was read directly from p.4 of the signed decree, but its coefficient inputs, disqualifying dated absences and contribution-base exclusion are not sealed or production probed. Closure case: One-month exclusion boundaries, allowance with contribution cap, rank/leadership/seniority calculation and same-period payslip. (Register status 2026-09-29: No [IN-SYSTEM 2026-09-29].)",,,,
VN-D261-05,VN,wages,"Approved rehearsal sessions and four role classes → per-session rehearsal payment of 7/5/4/3% of statutory base salary, rising to 15/12/8/5% in the second period","Decree 261/2026/ND-CP art.5(1)–(2); 1 July 2026–30 June 2027, then until replacement salary regime",https://datafiles.chinhphu.vn/cpp/files/vbpq/2026/7/261-ndcp.signed.pdf,2026-09-29,2026-07-01,,GAP,"No approved-session count, role class, dated base salary or sealed rehearsal rate exists; the entitlement is per actual session rather than a monthly flat allowance. Closure case: Zero/one/multiple approved sessions, role switch and July 2027 boundary. (Register status 2026-09-29: No [IN-SYSTEM 2026-09-29].) Art.5 role tiers: A People’s Artist, conductor, principal stage/circus/puppet/dance/solo/featured instrumental performer; B Distinguished Artist, secondary principal/choir leader/featured instrumentalist or lead stage/sound/lighting technician; C supporting performer, dancer, choir member, instrumentalist, electronic-instrument performer or stage/sound/lighting technician; D backstage, makeup, costume or props worker. Art.5(3)(c) places heads/deputies of performing units in the 10% first-period performance tier. The assigned role, session and approved plan must be dated; a title alone does not prove a session.",,,,
VN-D261-06,VN,wages,"Approved preliminary/final rehearsal or performance sessions and four role classes → per-session performance payment of 18/15/10/7% of statutory base salary, rising to 30/25/20/15% in the second period","Decree 261/2026/ND-CP art.5(3)–(4); 1 July 2026–30 June 2027, then until replacement salary regime",https://datafiles.chinhphu.vn/cpp/files/vbpq/2026/7/261-ndcp.signed.pdf,2026-09-29,2026-07-01,,GAP,"No session type/count, approved production assignment or dated statutory-base rule exists in a sealed VN profile. Closure case: Preliminary, final and live sessions, director class, July 2027 boundary. (Register status 2026-09-29: No [IN-SYSTEM 2026-09-29].) Art.5 role tiers: A People’s Artist, conductor, principal stage/circus/puppet/dance/solo/featured instrumental performer; B Distinguished Artist, secondary principal/choir leader/featured instrumentalist or lead stage/sound/lighting technician; C supporting performer, dancer, choir member, instrumentalist, electronic-instrument performer or stage/sound/lighting technician; D backstage, makeup, costume or props worker. Art.5(3)(c) places heads/deputies of performing units in the 10% first-period performance tier. The assigned role, session and approved plan must be dated; a title alone does not prove a session.",,,,
VN-D261-07,VN,wages,Concurrent roles → highest applicable per-session rate only; approved plan/task and confirmed participation → cash payment outside SI/HI/UI insured base,Decree 261/2026/ND-CP art.5(5)–(7); from 1 July 2026,https://datafiles.chinhphu.vn/cpp/files/vbpq/2026/7/261-ndcp.signed.pdf,2026-09-29,2026-07-01,,GAP,"No role-precedence, session approval/participation evidence or contribution-base exclusion has been mapped and probed. Closure case: Two roles in one session, unapproved session, funding source and insurance-base comparison. (Register status 2026-09-29: No [IN-SYSTEM 2026-09-29].)",,,,
VN-D261-08,VN,wages,"Public-unit/armed-forces funding source, predecessor Decision 14/2015/QD-TTg and outstanding settlement → correct funding, dated repeal, transition of already accrued unpaid/unsettled allowance or session pay, and cessation on future salary-regime change",Decree 261/2026/ND-CP arts.6–8; from 1 July 2026,https://datafiles.chinhphu.vn/cpp/files/vbpq/2026/7/261-ndcp.signed.pdf,2026-09-29,2026-07-01,,GAP,"No predecessor settlement ledger or budget-source/transition selector is evidenced. The decree's transitional art.8 keeps outstanding predecessor entitlements under Decision 14/2015 rather than retrospectively repricing them. Closure case: June/July 2026 accrued but unpaid session, lawful funding source and later salary-regime event. (Register status 2026-09-29: No [IN-SYSTEM 2026-09-29].)",,,,
VN-D261-09,VN,records,"Head of qualifying unit → periodically or on job change review occupational-allowance entitlement, verify assigned/attended sessions, internally control payment, keep records and report annually",Decree 261/2026/ND-CP art.9; from 1 July 2026,https://datafiles.chinhphu.vn/cpp/files/vbpq/2026/7/261-ndcp.signed.pdf,2026-09-29,2026-07-01,,EXTERNAL,"These are employer HR and financial-control actions; no saved review, attendance approval, internal audit or annual report evidence is traced from the product. Closure case: Job reassignment, false attendance, corrected pay and annual report acknowledgement. (Register status 2026-09-29: No [EXTERNAL 2026-09-29].)",,,,
VN-D282-01,VN,wages,"State-selected cultural work, Vietnamese-citizen literary/fine-art/photography author, approved creation days and grade-II step-1 A2.1 public salary equivalent → creation remuneration per day for at most 120 working days; eligible camp food/lodging under separate rules",Decree 282/2026/ND-CP art.14(1)–(3); from 14 July 2026,https://congbaocdn.chinhphu.vn/180507251028987904/2026/7/28/470104-1785228994_v1_1785230347_signed.pdf,2026-09-29,2026-07-14,,EXTERNAL,"No state-selection, author class, approved workday count, dated public salary coefficient or payer evidence is mapped. The separate camp expense schedule and remuneration/PIT classification remain open. This is a conditional state payer duty, not a general private salary rate. Closure case: 119/120/121 approved working days, literary versus visual author, public selection and ordinary private commission. (Register status 2026-09-29: No [EXTERNAL 2026-09-29].)",,,,
VN-D282-02,VN,wages,"Qualifying publicly funded performance program and approved rehearsal/performance sessions → budget covers eligible travel, meals, lodging, props and Decree 261/2026/ND-CP session payments","Decree 282/2026/ND-CP art.15(1)(c),(2)(a); from 14 July 2026",https://congbaocdn.chinhphu.vn/180507251028987904/2026/7/28/470104-1785228994_v1_1785230347_signed.pdf,2026-09-29,2026-07-14,,EXTERNAL,"No program approval, funding source, actual session, expense eligibility or reimbursement/payroll classification is saved and checked; Decree 261/2026/ND-CP remains the cross-referenced payment-rate instrument. Closure case: Free public program with at least five performances, paid private show and one unapproved session. (Register status 2026-09-29: No [EXTERNAL 2026-09-29].)",,,,
VN-D282-03,VN,wages,"Eligible state cultural production, approved full/partial output-based budget, role and completed deliverable → labour/session remuneration under Decree 261/2026/ND-CP, creative royalties under the decree governing the payment date (Decree 287/2026/ND-CP from 1 September 2026) and agreed expert fees where applicable",Decree 282/2026/ND-CP art.16(1)–(2); from 14 July 2026,https://congbaocdn.chinhphu.vn/180507251028987904/2026/7/28/470104-1785228994_v1_1785230347_signed.pdf,2026-09-29,2026-07-14,,EXTERNAL,"No budget-award, output acceptance, participant role, fee agreement or payer record selects the correct dated remuneration instrument; tax/insurance classification of each payment needs its own controlling law. Closure case: Full versus partial award, employee session pay, August/September author royalty and hired domestic/foreign expert. (Register status 2026-09-29: No [EXTERNAL 2026-09-29].)",,,,
VN-D282-04,VN,other,"Public cultural/art/sport unit and candidate's degree, specialist marks or qualifying individual awards → exceptional public-employee intake and appropriate talent-attraction treatment after appointment",Decree 282/2026/ND-CP art.26; from 14 July 2026,https://congbaocdn.chinhphu.vn/180507251028987904/2026/7/28/470104-1785228994_v1_1785230347_signed.pdf,2026-09-29,2026-07-14,,EXTERNAL,"No public-unit, verified qualification/award, appointment or effective-date evidence is linked to grade/pay. Art.26(4)–(5) refers to separate recruitment and talent-remuneration instruments whose amounts and conditions need reconciliation. Private employers are outside this intake rule. Closure case: Qualifying graduate versus near-miss, qualifying award, public appointment and first pay month. (Register status 2026-09-29: No [EXTERNAL 2026-09-29].)",,,,
VN-D282-05,VN,other,"Public traditional-art/circus/dance employee with at least 15 years' direct practice, assessed loss of fitness/role suitability and willingness → approved retraining, listed cost support and suitable reassignment consideration",Decree 282/2026/ND-CP art.27; from 14 July 2026,https://congbaocdn.chinhphu.vn/180507251028987904/2026/7/28/470104-1785228994_v1_1785230347_signed.pdf,2026-09-29,2026-07-14,,EXTERNAL,"No prior cumulative practice, health/skills assessment, employee election, authority-approved plan/budget, training spend or later reassignment evidence exists. Support levels depend on approved program and lawful budget rather than a universal payroll amount. Closure case: Fourteen versus fifteen years, mixed prior service, approved course/travel costs and post-training role. (Register status 2026-09-29: No [EXTERNAL 2026-09-29].)",,,,
VN-D282-06,VN,other,"Eligible cultural-industry/digital-innovation/curation worker or expert, authorized nomination and priority program → approved training support; course length and, for support of at least three months, service commitment of at least twice the training period unless another law governs",Decree 282/2026/ND-CP art.28; from 14 July 2026,https://congbaocdn.chinhphu.vn/180507251028987904/2026/7/28/470104-1785228994_v1_1785230347_signed.pdf,2026-09-29,2026-07-14,,EXTERNAL,"Priority-field list, nomination/selection, approved budget, actual attendance/costs and service-commitment evidence are not mapped. The decree also covers nonemployees, so the payer and employment relationship must be selected first. Closure case: Two- versus three-month course, public versus enterprise nominee, later service and separate statutory exception. (Register status 2026-09-29: No [EXTERNAL 2026-09-29].)",,,,
VN-D282-07,VN,other,"State-project, public-administration and cultural-sector provisions → identify any additional employer, worker or remuneration interface, or record article-level nonapplicability by actor","Decree 282/2026/ND-CP arts.1–13,14(4), unlisted branches of arts.15–16, arts.17–25,29–33; from 14 July 2026",https://congbaocdn.chinhphu.vn/180507251028987904/2026/7/28/470104-1785228994_v1_1785230347_signed.pdf,2026-09-29,2026-07-14,,PARTIAL,"The official 51-page Gazette text has been screened for the direct pay/HR clauses above, but every remaining administrative/funding article and delegated instrument has not been disposed of provision by provision; whole-law closure cannot be claimed. Closure case: Independent article index, named payer/worker actor for each branch and dated exclusion ledger. (Register status 2026-09-29: No [IN-SYSTEM 2026-09-29].) Decree 282/2026 context: took effect on signature, 14 July 2026; its art.1 names the parts of Resolution 28/2026 it implements and does not name art.4(4)(c), so its funding and personnel measures do not specify the cultural-expert PIT exemption (VN-CULT-PIT-01); only the listed D282-01–06 provisions directly touch remuneration or employer HR; the remaining state funding and administration provisions need an actor-by-actor exclusion review.",,,,
VN-D287-01,VN,wages,"State-budget commission/assignment/tender or State-represented copyright/right and written agreement, author/owner/performer roles, derivative work, qualifying encouragement and payment timing → lawful royalty and recipient split",Decree 287/2026/ND-CP arts.1–3; from 1 September 2026,https://datafiles.chinhphu.vn/cpp/files/vbpq/2026/7/287_2026_nd-cp_17072026-signed.signed.pdf,2026-09-29,2026-09-01,,GAP,"No state-rights/funding/contract classification, attribution, split, profit-period or payment-evidence path is mapped; separate PIT and wage classification must be sourced rather than assuming all royalties are salary. Art.3(3)(c) caps a specified profit-based encouragement pool at 10% of profit. Closure case: Public commission versus ordinary private employer, multiple creators, derivative work, one-off versus monthly payment and employee-author PIT class. (Register status 2026-09-29: No [IN-SYSTEM 2026-09-29].) Decree 287/2026 context: not a general private-employer royalty or salary schedule; arts.1–2 cover state-budget commissioned/assigned/tendered creation and exploitation of rights represented or managed by the State; it may create a payment and tax-classification interface where an employee is also an author or performer; the signed 27-page decree was read directly; sector tables and delegated local/ministerial schedules remain open; ordinary private copyright payments are classified under their own instrument.",,,,
VN-D287-02,VN,wages,"State-funded film genre, approved production cost, creative role and use/exploitation scope → role-specific percentage/cost royalty or licensed-use amount",Decree 287/2026/ND-CP arts.4–6; from 1 September 2026,https://datafiles.chinhphu.vn/cpp/files/vbpq/2026/7/287_2026_nd-cp_17072026-signed.signed.pdf,2026-09-29,2026-09-01,,GAP,"Cinema role/genre percentage tables, cost exclusions, ownership split and approved production budget are not transcribed or mapped to saved pay; no production probe. Closure case: Scriptwriter, director and film editor across feature/documentary film; pre- and post-September commission. (Register status 2026-09-29: No [IN-SYSTEM 2026-09-29].)",,,,
VN-D287-03,VN,wages,"State-funded fine-art or photography work, work cost band, model versus finished work, derivative/usage rights and noncommercial purpose → applicable capped percentage or written-agreement royalty",Decree 287/2026/ND-CP arts.7–8; from 1 September 2026,https://datafiles.chinhphu.vn/cpp/files/vbpq/2026/7/287_2026_nd-cp_17072026-signed.signed.pdf,2026-09-29,2026-09-01,,GAP,"Cost-band tables, 50–70% model-author split, photography derivative split and noncommercial exception are not mapped to a saved payer/payee result. Closure case: Work cost on either side of a band, model-only artist, derivative photograph and noncommercial use. (Register status 2026-09-29: No [IN-SYSTEM 2026-09-29].)",,,,
VN-D287-04,VN,wages,"State-funded stage/performance genre, creative role and approved choice of statutory frame versus performance revenue → royalty, role split and qualifying noncommercial exception",Decree 287/2026/ND-CP arts.9–13; from 1 September 2026,https://datafiles.chinhphu.vn/cpp/files/vbpq/2026/7/287_2026_nd-cp_17072026-signed.signed.pdf,2026-09-29,2026-09-01,,GAP,"The decree has large arts.10–11 role/genre and revenue tables plus art.12 split rules; these are not fully transcribed or sealed, and no saved contract/revenue/author payment probe exists. Closure case: Same production under frame/revenue alternatives, song music-versus-lyrics split, derivative work and qualifying political/educational noncommercial use. (Register status 2026-09-29: No [IN-SYSTEM 2026-09-29].)",,,,
VN-D287-05,VN,wages,"State-funded press work, print/digital/radio/TV medium, approved production price and subsequent State-right exploitation → commissioned royalty and qualifying encouragement or licensed-use floor/exemption",Decree 287/2026/ND-CP arts.14–16; from 1 September 2026,https://datafiles.chinhphu.vn/cpp/files/vbpq/2026/7/287_2026_nd-cp_17072026-signed.signed.pdf,2026-09-29,2026-09-01,,GAP,"Print/digital minimum 20% of creation royalty for certain exploitation, radio/TV cost bands, medium exceptions and delegated approvals are not mapped to saved pay. Closure case: Commissioned article versus broadcast, licensed repeat use and noncommercial child/minority-area exception. (Register status 2026-09-29: No [IN-SYSTEM 2026-09-29].)",,,,
VN-D287-06,VN,wages,"State-funded publication, genre, price/circulation, use duration and written author agreement → creation and exploitation royalties under publishing percentage frames",Decree 287/2026/ND-CP arts.17–18; from 1 September 2026,https://datafiles.chinhphu.vn/cpp/files/vbpq/2026/7/287_2026_nd-cp_17072026-signed.signed.pdf,2026-09-29,2026-09-01,,GAP,"Publishing genre/price/circulation tables and written terms are not fully transcribed or mapped to a saved creator payment or its tax class. Closure case: Prose versus music book, electronic versus print and one-off versus repeated use. (Register status 2026-09-29: No [IN-SYSTEM 2026-09-29].)",,,,
VN-D287-07,VN,wages,Date of state-funded order/assignment/tender or State-right exploitation and signed agreement → preserve the law at the original event; repeal Decrees 18/2014 and 21/2015 prospectively; apply later referenced-law amendments and competent ministry/province detailed rate schedules,Decree 287/2026/ND-CP arts.19–21; 1 September 2026 transition,https://datafiles.chinhphu.vn/cpp/files/vbpq/2026/7/287_2026_nd-cp_17072026-signed.signed.pdf,2026-09-29,2026-09-01,,GAP,"Predecessor liability, event-date selector, current delegated ministry/province rate instruments and payroll-versus-nonpayroll classification remain unreconciled. Closure case: August order paid in September, August exploitation under agreement, and two provinces' detailed schedules. (Register status 2026-09-29: No [IN-SYSTEM 2026-09-29].)",,,,
VN-D12-01,VN,other,"Employer wage, hours, SI, UI, union, contract or HR offence plus act/end date → apply the then-operative offence and restoration rule; preserve old-law liability when discovered after replacement","Decree 12/2022/ND-CP and amendments; 1 December 2025–9 September 2026 completed acts, with later decisions under Decree 283/2026/ND-CP art.67",https://congbao.chinhphu.vn/van-ban/nghi-dinh-so-12-2022-nd-cp-36716.htm,2026-09-29,2025-12-01,2026-09-09,EXTERNAL,"The Decree 12/2022/ND-CP article and amendment inventory, dated actor and sanction-to-remedy mapping, and authority decision evidence have not been reconciled. Using Decree 283/2026/ND-CP for a completed August act would be wrong. Closure case: Identical offence completed on 9/10 September, and an August completed act discovered in October. (Register status 2026-09-29: No [EXTERNAL 2026-09-29].) Decree 12/2022 context: governs employer labour/SI offence remedies at the 1 December 2025 opening date and acts completed before Decree 283/2026 took effect (D283 art.67(1)); the later schedule cannot be applied retrospectively to a completed old act. The Official Gazette text-layer copy (signed original https://datafiles.chinhphu.vn/cpp/files/vbpq/2022/01/12-2022-nd.signed.pdf) was read for arts.6,17–18,38–41,62–63; art.39(10)(b) specifies twice the previous year’s average SI-fund investment rate for certain SI/UI remedies, while SI2024 arts.40–41 specify 0.03% per day from 1 July 2025; the source hierarchy and applicable period need express resolution, and neither amount may be selected merely because one appears in an older decree.",,,,
VN-D12-02,VN,other,"Individual versus organization, offence date, affected workers and repetitions → correct old fine band, organization multiplier and lawful repeated-act treatment",Decree 12/2022/ND-CP arts.5–6; opening period and completed old acts,https://congbao.chinhphu.vn/van-ban/nghi-dinh-so-12-2022-nd-cp-36716.htm,2026-09-29,2025-12-01,2026-09-09,EXTERNAL,"No dated enforcement finding or actor/status input. Art.6 generally doubles the stated individual fine for a covered organization but lists organization-only exceptions; the 2026 decree has a different exception list and repeated-fund-offence treatment. Closure case: Individual, enterprise and household; one versus repeated old act, compared with Decree 283/2026/ND-CP after 10 September. (Register status 2026-09-29: No [EXTERNAL 2026-09-29].)",,,,
VN-D12-03,VN,other,"Wage-scale publication, payslip, agreed/minimum/OT/night/leave wages, affected-worker band and lawful SI/HI/UI exclusion → correct wage/cash-equivalent remediation plus highest state-commercial-bank non-term deposit rate at sanction time",Decree 12/2022/ND-CP art.17; opening period and completed old acts,https://congbao.chinhphu.vn/van-ban/nghi-dinh-so-12-2022-nd-cp-36716.htm,2026-09-29,2025-12-01,2026-09-09,EXTERNAL,"No authority finding, old-period affected-worker count, sanction-date bank-rate source or arrears/interest payment evidence. This employer remedy is separate from ordinary monthly withholding and from Labour Code 45/2019/QH14 (consolidation 18/VBHN-VPQH of 12 Feb 2026) art.97 delay compensation. Closure case: Ten/eleven underpaid workers, missing wage statement, excluded worker's cash equivalent and dated sanction. (Register status 2026-09-29: No [EXTERNAL 2026-09-29].)",,,,
VN-D12-04,VN,other,"Ordinary/OT hours, consent, annual 200–300-hour notice, breaks and leave → lawful working-time/rest process and response to an established offence",Decree 12/2022/ND-CP art.18; opening period and completed old acts,https://congbao.chinhphu.vn/van-ban/nghi-dinh-so-12-2022-nd-cp-36716.htm,2026-09-29,2025-12-01,2026-09-09,EXTERNAL,"No complete historical roster, worker consent, notice receipt or enforcement record. The signed 2022 text names the then-current labour department for the 200–300-hour notice; any 2025/2026 administrative successor must be established independently. Closure case: 200/201 annual OT hours, missed break, unlawful normal hours and correct receiving agency. (Register status 2026-09-29: No [EXTERNAL 2026-09-29].)",,,,
VN-D12-05,VN,other,"Covered employer, required trade-union fund, amount/due date and authority decision → pay missing principal plus highest state-commercial-bank non-term deposit interest within 30 days after sanction",Decree 12/2022/ND-CP art.38; opening period and completed old acts,https://congbao.chinhphu.vn/van-ban/nghi-dinh-so-12-2022-nd-cp-36716.htm,2026-09-29,2025-12-01,2026-09-09,EXTERNAL,"No fund remittance, deficit, decision or interest-rate history is saved. Art.38(1) distinguishes late, wrong-rate and too-few-covered-worker funding from full nonpayment; later Decree 283/2026/ND-CP art.42 adds distinct branches. Closure case: Wrong base, omitted worker, full nonpayment and sanction on either side of 10 September. (Register status 2026-09-29: No [EXTERNAL 2026-09-29].)",,,,
VN-D12-06,VN,other,"SI/UI participation, insured wage, remittance, concealment and authority order → identify old-decree offence band and lawful fund arrears/remedial amount after the 2024-law commencement",Decree 12/2022/ND-CP art.39(1)–(10) and Social Insurance Law 41/2024/QH15 arts.40–41; reviewed December 2025–September 2026 period,https://congbao.chinhphu.vn/van-ban/nghi-dinh-so-12-2022-nd-cp-36716.htm,2026-09-29,2025-12-01,2026-09-09,EXTERNAL,"Art.39's text includes a twice-prior-year-fund-investment-rate remedy, whereas the later statute says 0.03% per day; cross-rank, repeal and transition effect are unresolved. Some art.39 clauses also cite the repealed 2014 SI Act, so their offence predicates need current-law reconciliation before pricing. Closure case: December 2025 late versus evaded payment, 2024-law rate compared with old-decree text, and September 2026 boundary. (Register status 2026-09-29: No [EXTERNAL 2026-09-29].)",,,,
VN-D12-07,VN,other,"Employer benefit claim, worker job/exit record, injury recovery payment and authority request → accurate claim and prompt worker benefit/document delivery, with restitution for fraud/withholding",Decree 12/2022/ND-CP arts.40–41; opening period and completed old acts,https://congbao.chinhphu.vn/van-ban/nghi-dinh-so-12-2022-nd-cp-36716.htm,2026-09-29,2025-12-01,2026-09-09,EXTERNAL,"No dated claim, fund receipt, five-day onward payment, worker notice, SI book or return-of-benefit evidence. The 2022 clauses cross-reference predecessor SI/UI statutes, so current eligibility and deadlines need reconciliation against Social Insurance Law 41/2024/QH15/Employment Law 74/2025/QH15. Closure case: False claim, recovery benefit held beyond five days, worker exit and employment-change report. (Register status 2026-09-29: No [EXTERNAL 2026-09-29].)",,,,
VN-D12-08,VN,other,"Remaining employer, intermediary, worker, authority and procedural clauses → split each operative obligation and remedial order or record article-level nonapplicability by actor","Decree 12/2022/ND-CP arts.1–4,7–16,19–37,42–64; opening period and completed old acts",https://congbao.chinhphu.vn/van-ban/nghi-dinh-so-12-2022-nd-cp-36716.htm,2026-09-29,2025-12-01,2026-09-09,EXTERNAL,"The official Gazette text was screened for the payroll-impact clauses above, but the remaining employment, OSH, protected-worker, outbound-worker and authority provisions have not been dispositioned branch by branch. Closure case: Article-by-article actor map, current-law cross-references, repeal/amendment history and saved response evidence. (Register status 2026-09-29: No [EXTERNAL 2026-09-29].)",,,,
VN-D283-01,VN,other,"Actor (individual, enterprise, household or listed organization), offence, affected workers and start/end/discovery dates → correct fine scale, repeated-act treatment and old/new-law transition","Decree 283/2026/ND-CP arts.3,7,66–67; from 10 September 2026 except staged clauses",https://datafiles.chinhphu.vn/cpp/files/vbpq/2026/7/283-ndcp.signed.pdf,2026-09-29,2026-09-10,,EXTERNAL,"No actor classification, authority finding or dated offence ledger; organizational doubling and art.7(4)'s one-offence treatment of specified repeated fund nonpayment cannot be inferred from a payslip. Arts.66(2)–(3) defer named authority and foreign-organization clauses. Closure case: Individual versus enterprise; one completed pre-September act, continuing act, and repeated late SI payment. (Register status 2026-09-29: No [EXTERNAL 2026-09-29].) Decree 283/2026 context: checked against the official 100-page signed PDF and Gazette DOCX (https://congbao.chinhphu.vn/van-ban/nghi-dinh-so-283-2026-nd-cp-470103.htm); generally effective 10 September 2026, replacing Decree 12/2022, with staged provisions in art.66; sanction amounts are individual amounts unless art.7(1) lists an organization-only exception, and a covered organization generally faces twice the individual amount; fines, interest and ordered arrears are distinct liabilities and no employer fine is an automatic worker deduction; the offence clauses and cross-referenced duties are not yet a closed branch inventory.",,,,
VN-D283-02,VN,other,"Covered employment-service operator, recruitment/management or foreign-worker actor and duty → comply with applicable licence, registration, worker-management and permit obligations; retain authority correction evidence",Decree 283/2026/ND-CP arts.8–14; from 10 September 2026 subject to art.66(3),https://datafiles.chinhphu.vn/cpp/files/vbpq/2026/7/283-ndcp.signed.pdf,2026-09-29,2026-09-10,,EXTERNAL,"Public employment service, private service business and ordinary employer are distinct actors; no provision-by-provision actor/exclusion ledger or licensing/permit workflow. Art.14 and art.7(2)(e)–(h) await a later decree's commencement. Closure case: Ordinary employer, licensed intermediary and a Vietnamese worker engaged by a foreign organization. (Register status 2026-09-29: No [EXTERNAL 2026-09-29].)",,,,
VN-D283-03,VN,other,"Contract, probation, transfer, termination, labour dispatch, training, dialogue and collective-bargaining events → correct underlying HR action and any ordered reinstatement, pay or reimbursement",Decree 283/2026/ND-CP arts.15–22; from 10 September 2026,https://datafiles.chinhphu.vn/cpp/files/vbpq/2026/7/283-ndcp.signed.pdf,2026-09-29,2026-09-10,,EXTERNAL,"Each offence and restorative order still needs to be matched to the controlling Labour Code branch, employer evidence, amount and saved correction; a generic contract record does not prove process. Closure case: Invalid probation, unlawful termination, dispatch and missing worker dialogue. (Register status 2026-09-29: No [EXTERNAL 2026-09-29].)",,,,
VN-D283-04,VN,other,"Published wage scales/bonus rules, equal-value work, actual wage versus minimum/contract/overtime/night/leave obligations and affected-worker count → correction and full wage plus prescribed interest if ordered","Decree 283/2026/ND-CP art.23(1)–(3),(5)(a); from 10 September 2026",https://datafiles.chinhphu.vn/cpp/files/vbpq/2026/7/283-ndcp.signed.pdf,2026-09-29,2026-09-10,,EXTERNAL,"No authority finding, infringement count, sanction-date rate or arrears workflow. Art.23(5)(a)'s interest is based on the **highest non-term deposit rate published by state commercial banks at sanction time**, not automatically the Labour Code art.97 late-wage rate. Closure case: Missing payslip, 10/11 affected workers, regional minimum underpay and authority order with dated bank rate. (Register status 2026-09-29: No [EXTERNAL 2026-09-29].)",,,,
VN-D283-05,VN,other,"Worker lawfully excluded from SI/HI/UI, pay-period wages, applicable employer-equivalent contribution and affected-worker count → pay missing cash equivalent with prescribed sanction-time interest if ordered","Decree 283/2026/ND-CP art.23(4),(5)(b); from 10 September 2026",https://datafiles.chinhphu.vn/cpp/files/vbpq/2026/7/283-ndcp.signed.pdf,2026-09-29,2026-09-10,,EXTERNAL,"The active `INSURANCE_EQUIVALENT` allowance is now paid without an HR row wherever its eligibility admits the worker (issue 46), but is not proof of lawful exclusion, simultaneous payment, all three scheme shares or corrective interest. Fine bands differ from art.23(2)'s wage bands. Closure case: Uninsured lawful exclusion, partial coverage, 10/11 worker boundary and past underpayment order. (Register status 2026-09-29: No [IN-SYSTEM 2026-09-29].)",allowance_catalogue:INSURANCE_EQUIVALENT,,,
VN-D283-06,VN,other,"Ordinary/OT hours, employee consent, annual 200–300 hour exception notice, breaks, weekly/annual/festival rest and affected-worker count → lawful schedule and authority response",Decree 283/2026/ND-CP art.24; from 10 September 2026,https://datafiles.chinhphu.vn/cpp/files/vbpq/2026/7/283-ndcp.signed.pdf,2026-09-29,2026-09-10,,EXTERNAL,"No complete schedule/consent/notice evidence or per-worker offence reconciliation; the legal pay rule and the separate employer penalty must be represented separately. Closure case: Day 8/10 normal-hours choice, 201st OT hour with notice, missed rest and 10/11 affected workers. (Register status 2026-09-29: No [EXTERNAL 2026-09-29].)",,,,
VN-D283-07,VN,other,"Discipline, suspension, protected female/minor/older/disabled/domestic worker or strike event → lawful HR process and any ordered reinstatement, repayment, treatment or wage remedy",Decree 283/2026/ND-CP arts.25–30; from 10 September 2026,https://datafiles.chinhphu.vn/cpp/files/vbpq/2026/7/283-ndcp.signed.pdf,2026-09-29,2026-09-10,,EXTERNAL,"No complete cohort and decision evidence, restitution ledger or saved correction; many clauses are conduct prohibitions rather than a tax/contribution formula. Closure case: Improper wage fine, suspension refund, protected worker and strike participant. (Register status 2026-09-29: No [EXTERNAL 2026-09-29].)",,,,
VN-D283-08,VN,other,"Hazardous work, OSH reports/training/equipment/monitoring, accident and disease → inspection evidence, claim/compensation and any ordered employer correction",Decree 283/2026/ND-CP arts.31–38; from 10 September 2026,https://datafiles.chinhphu.vn/cpp/files/vbpq/2026/7/283-ndcp.signed.pdf,2026-09-29,2026-09-10,,EXTERNAL,"Sector risk and incident evidence, competent assessor duties and employer payment/remedy clauses are not split to their own actors and saved outcomes. Closure case: Reportable accident, occupational disease, untrained worker and inspection finding. (Register status 2026-09-29: No [EXTERNAL 2026-09-29].)",,,,
VN-D283-09,VN,other,"Representative/union activity, covered payroll, due contribution, late/missing remittance and authority order → protected rights, pay union fund principal and art.42 statutory interest within 30 days of sanction decision",Decree 283/2026/ND-CP arts.39–42; from 10 September 2026,https://datafiles.chinhphu.vn/cpp/files/vbpq/2026/7/283-ndcp.signed.pdf,2026-09-29,2026-09-10,,EXTERNAL,"Representative interference and organization-only fund-use offences need actor separation; no dated union remittance, sanction-rate source or correction evidence exists. Art.42(1)–(2) fine scale is tied to the unpaid fund, not employee wages. Closure case: Late and absent fund payment, full nonpayment, 30-day remedy and organization actor. (Register status 2026-09-29: No [EXTERNAL 2026-09-29].)",,,,
VN-D283-10,VN,other,"SI registration count, contribution wages, due/actual dates, official urging and legal evasion classification → correct late-versus-evasion sanction and fund principal plus 0.03% per day restoration",Decree 283/2026/ND-CP arts.43–44; from 10 September 2026,https://datafiles.chinhphu.vn/cpp/files/vbpq/2026/7/283-ndcp.signed.pdf,2026-09-29,2026-09-10,,EXTERNAL,"No saved regulator finding, 60-day/urging chronology, lawful non-evasion exception or arrears/day calculation. Fine classes distinguish headcount from unpaid sum; organizational doubling is separate. Closure case: Nine/ten registrants, 59/61 days, lower insured base and late-versus-evasion order. (Register status 2026-09-29: No [EXTERNAL 2026-09-29].)",,,,
VN-D283-11,VN,other,"UI registration count, contribution wages, due/actual dates, official urging and legal evasion classification → correct late-versus-evasion sanction and fund principal plus 0.03% per day restoration",Decree 283/2026/ND-CP arts.45–46; from 10 September 2026,https://datafiles.chinhphu.vn/cpp/files/vbpq/2026/7/283-ndcp.signed.pdf,2026-09-29,2026-09-10,,EXTERNAL,"UI has its own count/fine bands and statutory exceptions; no complete dated UI remittance, authority finding, restoration or saved employer liability. Closure case: Nine/ten workers, 59/61 days, understated UI base and continuing underpayment. (Register status 2026-09-29: No [EXTERNAL 2026-09-29].)",,,,
VN-D283-12,VN,other,"Employer benefit-claim documents, injury-only insurance, exit papers, job-change notice, SI book, worker payout and official information request → timely accurate filing/delivery and return of improperly withheld benefits",Decree 283/2026/ND-CP arts.47–48; from 10 September 2026,https://datafiles.chinhphu.vn/cpp/files/vbpq/2026/7/283-ndcp.signed.pdf,2026-09-29,2026-09-10,,EXTERNAL,"No claim-date, two-working-day exit-document, five-day benefit-pass-through, job-change notification, information-response or money-return evidence; worker-only offences must be separated from employer duties. Closure case: Late termination certificate, benefit received but not forwarded, false claim and official request. (Register status 2026-09-29: No [EXTERNAL 2026-09-29].)",,,,
VN-D283-13,VN,other,"Vietnamese employee sent abroad under licensed service, contractor, investor or training arrangement → correct predeparture/contract/fee, worker-protection and ordered refund or compensation duties",Decree 283/2026/ND-CP arts.49–53; from 10 September 2026,https://datafiles.chinhphu.vn/cpp/files/vbpq/2026/7/283-ndcp.signed.pdf,2026-09-29,2026-09-10,,EXTERNAL,"The four sending-organization actors and worker-only art.53 branch are not mapped to employer-of-record and remuneration/fee records; every offence/remedy still needs source-to-output review. Closure case: Licensed placement, own overseas project, foreign training and worker-only breach. (Register status 2026-09-29: No [EXTERNAL 2026-09-29].)",,,,
VN-D283-14,VN,other,"Jurisdiction, enforcement authority, proceeding and decision dates → preserve procedural record, execute applicable remedial order and apply art.67 transition; identify authority-only provisions by actor","Decree 283/2026/ND-CP arts.1–7,54–68; from 10 September 2026 with staged provisions",https://datafiles.chinhphu.vn/cpp/files/vbpq/2026/7/283-ndcp.signed.pdf,2026-09-29,2026-09-10,,EXTERNAL,"No article-level disposition of authority powers or employer execution/appeal interface, no authoritative commencement date for the staged clauses, and no closed mapping of every subsidiary law referenced in offence definitions. Closure case: Completed versus continuing pre-September act, later effective staged clause and executed remedy. (Register status 2026-09-29: No [EXTERNAL 2026-09-29].)",,,,
