id,profile,area,provision,citation,url,source_checked,effective_from,effective_to,status,reason,config_path,golden,probe,verified_at
CN-N01.standard-hours-rest,CN,overtime,Applies: 1995 onward; ordinary employees. Labour Law arts. 36–38: standard daily and weekly working hours and the weekly rest day.,"Labour Law arts. 36–44, 51",https://www.mohrss.gov.cn/xxgk2020/fdzdgknr/zcfg/fl/202011/t20201102_394625.html,2026-09-30,1995-01-01,,IMPLEMENTED,"work_rules.normal_hours is configured in every CN version (the eight-hour day the overtime hour divides by, CN-N02); no golden or probe isolates the standard-hours or rest-day rule. Probes CN-SH03-1 and CN-KM-WP08-1 price extended hours beyond the eight-hour day and work on the weekly rest day; listed 30 Sep 2026.",work_rules.bands; work_rules.overtime_when; work_rules.normal_hours,,CN-SH03-1; CN-KM-WP08-1,
CN-N01.weekday-extended-150,CN,overtime,Applies: 1995 onward; ordinary employees. Labour Law art. 44(1): employer-arranged hours beyond the working day are paid at no less than 150% of the wage.,"Labour Law arts. 36–44, 51",https://www.mohrss.gov.cn/xxgk2020/fdzdgknr/zcfg/fl/202011/t20201102_394625.html,2026-09-29,1995-01-01,,TESTED,"Priced by the Shanghai and Kunming overtime goldens on the 21.75-day hour. CN-SH03-1 and CN-KM-WP08-1 ran 29 Sep 2026 per the parent row, but the parent carried no verified_at, so this branch is not VERIFIED here.",work_rules.bands; work_rules.overtime_when; work_rules.normal_hours,"Shanghai — overtime at 150% / 200% / 300% on the 21.75-day hour (CN-N01, N02, SH03)",CN-SH03-1; CN-KM-WP08-1,
CN-N01.rest-day-200,CN,overtime,Applies: 1995 onward; ordinary employees. Labour Law art. 44(2): rest-day work where no compensatory rest is arranged is paid at no less than 200%.,"Labour Law arts. 36–44, 51",https://www.mohrss.gov.cn/xxgk2020/fdzdgknr/zcfg/fl/202011/t20201102_394625.html,2026-09-29,1995-01-01,,TESTED,"Priced by the Shanghai and Kunming overtime goldens. CN-SH03-1 and CN-KM-WP08-2 ran 29 Sep 2026 per the parent row, but the parent carried no verified_at, so this branch is not VERIFIED here.",work_rules.bands; work_rules.overtime_when; work_rules.normal_hours,"Shanghai — overtime at 150% / 200% / 300% on the 21.75-day hour (CN-N01, N02, SH03)",CN-SH03-1; CN-KM-WP08-2,
CN-N01.rest-day-compensatory-rest,CN,overtime,"Applies: 1995 onward; ordinary employees. Labour Law art. 44(2): where compensatory rest is arranged for rest-day work, the 200% premium is not due.","Labour Law arts. 36–44, 51",https://www.mohrss.gov.cn/xxgk2020/fdzdgknr/zcfg/fl/202011/t20201102_394625.html,2026-09-29,1995-01-01,,IMPLEMENTED,"Configured in work_rules.overtime_when; no golden. CN-SH03-2 and CN-KM-WP08-4 added 30 Sep 2026, not yet run.",work_rules.bands; work_rules.overtime_when; work_rules.normal_hours,,CN-SH03-2; CN-KM-WP08-4,
CN-N01.holiday-300,CN,overtime,"Applies: 1995 onward; ordinary employees. Labour Law arts. 40, 44(3): work on a statutory holiday is paid at no less than 300%.","Labour Law arts. 36–44, 51",https://www.mohrss.gov.cn/xxgk2020/fdzdgknr/zcfg/fl/202011/t20201102_394625.html,2026-09-29,1995-01-01,,TESTED,"Priced by the Shanghai overtime golden (the Kunming golden prices 150%/200% only). CN-SH03-1 and CN-KM-WP08-3 ran 29 Sep 2026 per the parent row, but the parent carried no verified_at, so this branch is not VERIFIED here.",work_rules.bands; work_rules.overtime_when; work_rules.normal_hours,"Shanghai — overtime at 150% / 200% / 300% on the 21.75-day hour (CN-N01, N02, SH03)",CN-SH03-1; CN-KM-WP08-3,
CN-N01.approved-alternative-schedules,CN,overtime,Applies: 1995 onward; approved alternative schedules. Labour Law art. 39: approved comprehensive or irregular working-hour schedules take their own hours and overtime treatment.,"Labour Law arts. 36–44, 51",https://www.mohrss.gov.cn/xxgk2020/fdzdgknr/zcfg/fl/202011/t20201102_394625.html,2026-09-29,1995-01-01,,GAP,"Not seeded: no approved-schedule input or rule (open in the parent since 28 Sep 2026). Evidence needed: approved schedule, dated day type, actual work and rest, signed approval.",work_rules.bands; work_rules.overtime_when; work_rules.normal_hours,,,
CN-N02.day-conversion-21-75,CN,proration,"Applies: 1 Jan 2025 onward; all paid employee time. 人社部发〔2025〕2号: a monthly wage converts to a day at 21.75 paid days a month; the 20.67 standard working days a month measure work capacity, not the wage divisor.",MOHRSS 人社部发〔2025〕2号,https://www.mohrss.gov.cn/SYrlzyhshbzb/laodongguanxi_/zcwj/202501/t20250101_533693.html,2026-09-29,2025-01-01,,TESTED,"Seeded divisor proven by the saved-input probe `tests/compliance-closure-cn-saved.test.ts` (one unpaid day 1,000 on 21,750) and `tests/statutory-golden-cn.test.ts` (joiner, leaver, mid-month rise; the part-month proration itself is the recorded CN-N02 default, law silent). CN-SH43-1, CN-SH05-3, CN-KM20-1 and CN-KM-WP03-1 ran 29 Sep 2026 per the parent row, but the parent carried no verified_at, so this branch is not VERIFIED here. Leavers CN-SH02-1 and CN-KM-WP06-1 added 30 Sep 2026, not yet run. LIT-01: a weekly, daily or hourly wage reaches its month by `work_rules.rate_conversions`, a recorded default (law states no conversion).",work_rules.ordinary_divisor_days; work_rules.proration; work_rules.rate_conversions,saved Shanghai payroll prices one unpaid day on the 21.75-day conversion (CN-N02),CN-SH43-1; CN-SH05-3; CN-KM20-1; CN-KM-WP03-1; CN-SH02-1; CN-KM-WP06-1,
CN-N02.hour-conversion-8,CN,proration,Applies: 1 Jan 2025 onward; all paid employee time. 人社部发〔2025〕2号: the day wage converts to an hour at eight hours a day.,MOHRSS 人社部发〔2025〕2号,https://www.mohrss.gov.cn/SYrlzyhshbzb/laodongguanxi_/zcwj/202501/t20250101_533693.html,2026-09-29,2025-01-01,,TESTED,"Priced by the overtime goldens (21,750 → 1,000 a day → 125 an hour); no probe of the parent row isolates it. CN-SH03-2 prices two extended hours alone at 125 an hour (21,750 ÷ 21.75 ÷ 8); listed 30 Sep 2026.",work_rules.ordinary_divisor_days; work_rules.proration; work_rules.rate_conversions,"Shanghai — overtime at 150% / 200% / 300% on the 21.75-day hour (CN-N01, N02, SH03)",CN-SH03-2; CN-KM-WP08-1,
CN-N03.all-citizen-festivals,CN,rest_holiday,"Applies: 1 Jan 2025 onward; all employees. State Council Order 795: thirteen all-citizen statutory festival days, dated each year by the State Council General Office schedule (2026: 国办发明电〔2025〕7号).","State Council Order 795; 2026 State Council General Office schedule, 国办发明电〔2025〕7号 of 4 Nov 2025",https://www.gov.cn/zhengce/content/202411/content_6986380.htm,2026-09-29,2025-01-01,,GAP,No jurisdiction_holidays rows in either CN profile; holiday work is priced only when the company publishes the day. Evidence needed: dated statutory-holiday calendar and the Spring Festival year boundary.,jurisdiction_holidays,,,
CN-N03.group-specific-days,CN,rest_holiday,Applies: 1 Jan 2025 onward; eligible employee groups. State Council Order 795: other statutory days for specified groups only.,"State Council Order 795; 2026 State Council General Office schedule, 国办发明电〔2025〕7号 of 4 Nov 2025",https://www.gov.cn/zhengce/content/202411/content_6986380.htm,2026-09-29,2025-01-01,,GAP,No group-specific holiday input or eligibility rule.,jurisdiction_holidays,,,
CN-N03.adjusted-workdays,CN,rest_holiday,"Applies: 1 Jan 2025 onward; all employees. The annual schedule (2026: 国办发明电〔2025〕7号) substitutes adjusted working days (调休), which are not extra statutory holidays.","State Council Order 795; 2026 State Council General Office schedule, 国办发明电〔2025〕7号 of 4 Nov 2025",https://www.gov.cn/zhengce/content/202411/content_6986380.htm,2026-09-29,2025-01-01,,GAP,"`jurisdiction_holidays.kind` has no working-day value, so an adjusted working Saturday or Sunday needs roster rows; not expressible.",jurisdiction_holidays,,,
CN-N04.records-statement,CN,wages,Applies: 1995 onward; wage-paying employers. 劳部发〔1994〕489号 art. 6: keep wage-payment records and give the worker a wage statement.,Interim Wage Payment Regulation 劳部发〔1994〕489号,https://www.mohrss.gov.cn/xxgk2020/gzk/gz/202112/t20211228_431557.html,2026-09-30,1995-01-01,,GAP,No wage-statement receipt or record-retention evidence (open in the parent).,work_rules.proration,,,
CN-N04.monthly-payday,CN,wages,Applies: 1995 onward; wage-paying employers. 劳部发〔1994〕489号 art. 7: wages are paid on an agreed day at least monthly.,Interim Wage Payment Regulation 劳部发〔1994〕489号,https://www.mohrss.gov.cn/xxgk2020/gzk/gz/202112/t20211228_431557.html,2026-09-30,1995-01-01,,GAP,No payday calendar or late-payment check.,work_rules.proration,,,
CN-N04.exit-settlement,CN,wages,Applies: 1995 onward; ending employment. 劳部发〔1994〕489号 art. 9: wages are paid in full when the labour relationship ends.,Interim Wage Payment Regulation 劳部发〔1994〕489号,https://www.mohrss.gov.cn/xxgk2020/gzk/gz/202112/t20211228_431557.html,2026-09-30,1995-01-01,,IMPLEMENTED,"Configured through the city deadlines `payroll.final_pay_deadlines` (CN-SH02 exit day, CN-KM-WP06 five working days); no golden prices the national article on its own.",work_rules.proration,,,
CN-N04.paid-civic-and-leave-time,CN,wages,Applies: 1995 onward; wage-paying employers. 劳部发〔1994〕489号 arts. 10–11: lawful social activities in working hours and statutory leave are paid time.,Interim Wage Payment Regulation 劳部发〔1994〕489号,https://www.mohrss.gov.cn/xxgk2020/gzk/gz/202112/t20211228_431557.html,2026-09-30,1995-01-01,,IMPLEMENTED,"Statutory leave classes are seeded as paid leave (CN-N51, CN-SH13, CN-KM30); civic activities have no input (CN-KM-WP11). No golden cites this article.",work_rules.proration,,,
CN-N04.unpaid-personal-leave,CN,wages,"Applies: 1995 onward; wage-paying employers. Unpaid personal leave withholds only the absent day’s wage, on the 21.75-day conversion (CN-N02).",Interim Wage Payment Regulation 劳部发〔1994〕489号,https://www.mohrss.gov.cn/xxgk2020/gzk/gz/202112/t20211228_431557.html,2026-09-30,1995-01-01,,TESTED,"Priced by `tests/statutory-golden-cn.test.ts` in both cities. CN-SH09-2 and CN-KM-WP12-1 ran 29 Sep 2026 per the parent row, but the parent carried no verified_at, so this branch is not VERIFIED here.",work_rules.proration,"Shanghai — one day of unpaid personal leave is the 21.75 day (CN-N02, N04)",CN-SH09-2; CN-KM-WP12-1,
CN-N04.stoppage,CN,wages,Applies: 1995 onward; stoppage not caused by the worker. 劳部发〔1994〕489号 art. 12: stoppage pay within and after one wage cycle.,Interim Wage Payment Regulation 劳部发〔1994〕489号,https://www.mohrss.gov.cn/xxgk2020/gzk/gz/202112/t20211228_431557.html,2026-09-30,1995-01-01,,GAP,No dated pay-state input for stoppage (engine feature reported in CN-SH04).,work_rules.proration,,,
CN-N04.lawful-deductions,CN,wages,"Applies: 1995 onward; wage-paying employers. 劳部发〔1994〕489号 art. 15: only listed deductions (tax, the worker’s insurance, court-ordered 抚养费/赡养费, other lawful amounts) may be withheld.",Interim Wage Payment Regulation 劳部发〔1994〕489号,https://www.mohrss.gov.cn/xxgk2020/gzk/gz/202112/t20211228_431557.html,2026-09-30,1995-01-01,,GAP,Court-ordered support is expressible as a NET/SUBTRACT ad hoc class with evidence but is not seeded; `tests/counts-toward-matrix.test.ts` must list the class first.,work_rules.proration,,,
CN-N04.employee-loss-deduction-cap,CN,wages,"Applies: 1995 onward; worker-caused loss. 劳部发〔1994〕489号 art. 16: a deduction for loss the worker caused may not exceed 20% of the month’s wage, and the remainder may not fall below the local minimum.",Interim Wage Payment Regulation 劳部发〔1994〕489号,https://www.mohrss.gov.cn/xxgk2020/gzk/gz/202112/t20211228_431557.html,2026-09-30,1995-01-01,,GAP,No capped claw-back: the month’s wage is not in the ad hoc band context (engine feature).,work_rules.proration,,,
CN-N05.qualifying-twelve-months,CN,leave,"Applies: 2008 onward; employees. Paid Annual Leave Regulation art. 2: twelve months of continuous work qualify for annual leave; the first eligible year is granted in full from the day twelve months are completed (recorded default, law silent).",Paid Annual Leave Regulation; enterprise implementation measure,https://xzfg.moj.gov.cn/front/law/detail?LawID=208,2026-09-30,2008-01-01,,TESTED,"Seeded `ANNUAL_LEAVE` in every CN version; recorded default priced by the golden (hired 1 Oct 2025 → 0 on 30 Sep 2026, 5 from 1 Oct 2026). Probe CN-N05-1 (hired 1 Oct 2025: refused INELIGIBLE on 5 Jan 2026) added 30 Sep 2026, not yet run.",leave_catalogue:ANNUAL_LEAVE,Both cities — the first eligible year and a mid-year band crossing are granted in full (CN-N05 recorded defaults),CN-N05-1,
CN-N05.band-1-to-10-years-5-days,CN,leave,Applies: 2008 onward; eligible employees. Regulation art. 3: cumulative service of 1 to under 10 years gives 5 days a year.,Paid Annual Leave Regulation; enterprise implementation measure,https://xzfg.moj.gov.cn/front/law/detail?LawID=208,2026-09-30,2008-01-01,,TESTED,"`tests/leave-entitlement-golden.test.ts`: 30 and 70 months → 5 on every version; no probe. Probe CN-N05-1 (31 months: five days paid, a sixth refused) added 30 Sep 2026, not yet run.",leave_catalogue:ANNUAL_LEAVE,"${lineage} — annual, maternity, paternity and marriage leave on every sealed version",CN-N05-1,
CN-N05.band-10-to-20-years-10-days,CN,leave,Applies: 2008 onward; eligible employees. Regulation art. 3: cumulative service of 10 to under 20 years gives 10 days a year; a mid-year crossing grants the higher band in full from that day (recorded default).,Paid Annual Leave Regulation; enterprise implementation measure,https://xzfg.moj.gov.cn/front/law/detail?LawID=208,2026-09-29,2008-01-01,,TESTED,"Golden: 126 months → 10 days. CN-SH50-1 (ten years’ earlier service) ran 29 Sep 2026 per the parent row, but the parent carried no verified_at, so this branch is not VERIFIED here.",leave_catalogue:ANNUAL_LEAVE,"Shanghai — a leaver’s unused statutory annual leave is paid at 200% more of the 12-month day wage (CN-N05, N06, N18)",CN-SH50-1,
CN-N05.band-20-years-15-days,CN,leave,Applies: 2008 onward; eligible employees. Regulation art. 3: cumulative service of 20 years or more gives 15 days a year.,Paid Annual Leave Regulation; enterprise implementation measure,https://xzfg.moj.gov.cn/front/law/detail?LawID=208,2026-09-30,2008-01-01,,IMPLEMENTED,"Seeded as the 15-day band; no golden or probe reaches 240 months. Probe CN-N05-2 (243 months: a leaver’s 72/365 × 15 = 2 days encashed, against 1 on the ten-year band) added 30 Sep 2026, not yet run.",leave_catalogue:ANNUAL_LEAVE,,CN-N05-2,
CN-N05.prior-employer-service,CN,leave,"Applies: 2008 onward; eligible employees. The enterprise measure counts verified service with every employer, not only the current one, for the band.",Paid Annual Leave Regulation; enterprise implementation measure,https://xzfg.moj.gov.cn/front/law/detail?LawID=208,2026-09-29,2008-01-01,,TESTED,"Seeded on `service_months + prior_service_months`; golden 126 months. Deemed service is unmodelled. CN-SH50-1 ran 29 Sep 2026 per the parent row, but the parent carried no verified_at, so this branch is not VERIFIED here.",leave_catalogue:ANNUAL_LEAVE,"Shanghai — a leaver’s unused statutory annual leave is paid at 200% more of the 12-month day wage (CN-N05, N06, N18)",CN-SH50-1,
CN-N05.part-year-proration,CN,leave,"Applies: 2008 onward; joiners and leavers. Enterprise measure arts. 5, 12: a joining or leaving year is pro-rated by days in the year over 365, rounded down to a whole day.",Paid Annual Leave Regulation; enterprise implementation measure,https://xzfg.moj.gov.cn/front/law/detail?LawID=208,2026-09-29,2008-01-01,,TESTED,"Golden: 10 days × 181/365 → 4. Open: CALENDAR_DAYS divides by the window’s days, so a leap year reads 366, not 365. CN-SH50-1 (1.97 → 1) ran 29 Sep 2026 per the parent row, but the parent carried no verified_at, so this branch is not VERIFIED here.",leave_catalogue:ANNUAL_LEAVE,"Shanghai — a leaver’s unused statutory annual leave is paid at 200% more of the 12-month day wage (CN-N05, N06, N18)",CN-SH50-1,
CN-N05.listed-exclusions,CN,leave,"Applies: 2008 onward; eligible employees. Regulation art. 4 and the enterprise measure: specified paid personal, sick, school-holiday and dispatch cases remove or reduce the entitlement (detailed in CN-N17).",Paid Annual Leave Regulation; enterprise implementation measure,https://xzfg.moj.gov.cn/front/law/detail?LawID=208,2026-09-29,2008-01-01,,GAP,Unmodelled (CN-N17).,leave_catalogue:ANNUAL_LEAVE,,,
CN-N06.leave-taken-normal-pay,CN,leave,Applies: 2008 onward; eligible employees. Annual leave taken is paid at the normal wage.,Same leave texts,https://xzfg.moj.gov.cn/front/law/detail?LawID=208,2026-09-30,2008-01-01,,IMPLEMENTED,"`ANNUAL_LEAVE` is seeded as paid leave; no golden or probe prices a month with annual leave taken. Probe CN-N05-1 (five annual-leave days in January, the month paid in full) added 30 Sep 2026, not yet run.",work_rules.encashment; leave_catalogue:ANNUAL_LEAVE,,CN-N05-1,
CN-N06.unused-on-exit-300,CN,leave,"Applies: 2008 onward; leavers. Unused statutory leave is paid at 300% of the day wage in total, the normal pay already paid counting toward it, so the leaver is owed a further 200%.",Same leave texts,https://xzfg.moj.gov.cn/front/law/detail?LawID=208,2026-09-29,2008-01-01,,TESTED,"Seeded `work_rules.encashment` (`… / 21.75 * 2.0`); golden 4 days → 8,091.95. CN-SH50-1 ran 29 Sep 2026 per the parent row, but the parent carried no verified_at, so this branch is not VERIFIED here.",work_rules.encashment; leave_catalogue:ANNUAL_LEAVE,"Shanghai — a leaver’s unused statutory annual leave is paid at 200% more of the 12-month day wage (CN-N05, N06, N18)",CN-SH50-1,
CN-N06.unused-in-service-300,CN,leave,"Applies: 2008 onward; employees in service. Unused statutory leave the employer did not arrange in the year is paid at 300% in total, unless the worker refused it in writing.",Same leave texts,https://xzfg.moj.gov.cn/front/law/detail?LawID=208,2026-09-29,2008-01-01,,GAP,In-service cash-out and written refusal unmodelled.,work_rules.encashment; leave_catalogue:ANNUAL_LEAVE,,,
CN-N06.day-wage-twelve-month-average,CN,leave,"Applies: 2008 onward; eligible employees. The day wage averages this employer’s previous twelve wage months, or the actual shorter tenure, excluding overtime (bonus included), divided by 21.75.",Same leave texts,https://xzfg.moj.gov.cn/front/law/detail?LawID=208,2026-09-29,2008-01-01,,TESTED,"Golden: 12 × 22,000 + 12,000 bonus, 4 days → 8,459.77; overtime excluded (8,091.95, not 8,229.89). CN-SH50-1 (a shorter tenure) ran 29 Sep 2026 per the parent row, but the parent carried no verified_at, so this branch is not VERIFIED here.",work_rules.encashment; leave_catalogue:ANNUAL_LEAVE,"Both cities — a bonus in the 12 months enters the annual-leave day wage; overtime alone is left out (CN-N05, N06)",CN-SH50-1,
CN-N06.no-clawback,CN,leave,Applies: 2008 onward; leavers. Leave taken beyond the pro-rated exit entitlement is not recovered from the worker.,Same leave texts,https://xzfg.moj.gov.cn/front/law/detail?LawID=208,2026-09-29,2008-01-01,,GAP,No golden or probe prices a leaver who took more than the pro-rated days; unconfirmed that the exit calculation floors at zero.,work_rules.encashment; leave_catalogue:ANNUAL_LEAVE,,,
CN-N07.pension,CN,contribution,Applies: 1 Dec 2025 onward; enrolled employees. Social Insurance Law arts. 10–12: basic pension shared by employer and employee.,"Social Insurance Law, consolidated after the 29 Dec 2018 NPCSC amendment; amendment decision; 2026 Medical Security Law, NPC text adopted 28 Aug 2026",http://www.npc.gov.cn/zgrdw/npc/xinwen/2019-01/07/content_2070267.htm,2026-09-29,2025-12-01,,TESTED,"Priced from dated bases and rates in both cities. CN-SH05-1 and CN-KM-WP09-1 ran 29 Sep 2026 per the parent row, but the parent carried no verified_at, so this branch is not VERIFIED here.",statutory_contributions:PENSION; statutory_contributions:MEDICAL; statutory_contributions:UNEMPLOYMENT; statutory_contributions:INJURY; statutory_contributions:MATERNITY; obligations:SI_REGISTRATION,"Shanghai — December 2025: pension, medical, unemployment, injury and housing fund on a declared base (CN-SH05, SH06, SH07, SH09)",CN-SH05-1; CN-KM-WP09-1,
CN-N07.medical,CN,contribution,Applies: 1 Dec 2025 onward; enrolled employees. Social Insurance Law art. 23: basic medical insurance shared by employer and employee.,"Social Insurance Law, consolidated after the 29 Dec 2018 NPCSC amendment; amendment decision; 2026 Medical Security Law, NPC text adopted 28 Aug 2026",http://www.npc.gov.cn/zgrdw/npc/xinwen/2019-01/07/content_2070267.htm,2026-09-29,2025-12-01,,TESTED,"Priced in both cities. CN-SH05-1 and CN-KM-WP09-1 ran 29 Sep 2026 per the parent row, but the parent carried no verified_at, so this branch is not VERIFIED here.",statutory_contributions:PENSION; statutory_contributions:MEDICAL; statutory_contributions:UNEMPLOYMENT; statutory_contributions:INJURY; statutory_contributions:MATERNITY; obligations:SI_REGISTRATION,"Shanghai — December 2025: pension, medical, unemployment, injury and housing fund on a declared base (CN-SH05, SH06, SH07, SH09)",CN-SH05-1; CN-KM-WP09-1,
CN-N07.unemployment,CN,contribution,Applies: 1 Dec 2025 onward; enrolled employees. Social Insurance Law art. 44: unemployment insurance shared by employer and employee.,"Social Insurance Law, consolidated after the 29 Dec 2018 NPCSC amendment; amendment decision; 2026 Medical Security Law, NPC text adopted 28 Aug 2026",http://www.npc.gov.cn/zgrdw/npc/xinwen/2019-01/07/content_2070267.htm,2026-09-29,2025-12-01,,TESTED,"Priced in both cities; the 2026 rates are recorded facts (CN-SH06, CN-KM27). CN-SH05-1 and CN-KM-WP09-1 ran 29 Sep 2026 per the parent row, but the parent carried no verified_at, so this branch is not VERIFIED here.",statutory_contributions:PENSION; statutory_contributions:MEDICAL; statutory_contributions:UNEMPLOYMENT; statutory_contributions:INJURY; statutory_contributions:MATERNITY; obligations:SI_REGISTRATION,"Shanghai — December 2025: pension, medical, unemployment, injury and housing fund on a declared base (CN-SH05, SH06, SH07, SH09)",CN-SH05-1; CN-KM-WP09-1,
CN-N07.work-injury,CN,contribution,Applies: 1 Dec 2025 onward; enrolled employees. Social Insurance Law art. 33: work-injury insurance is paid by the employer only.,"Social Insurance Law, consolidated after the 29 Dec 2018 NPCSC amendment; amendment decision; 2026 Medical Security Law, NPC text adopted 28 Aug 2026",http://www.npc.gov.cn/zgrdw/npc/xinwen/2019-01/07/content_2070267.htm,2026-09-29,2025-12-01,,TESTED,"Priced employer-only in both cities. CN-SH05-1 and CN-KM-WP09-1 ran 29 Sep 2026 per the parent row, but the parent carried no verified_at, so this branch is not VERIFIED here.",statutory_contributions:PENSION; statutory_contributions:MEDICAL; statutory_contributions:UNEMPLOYMENT; statutory_contributions:INJURY; statutory_contributions:MATERNITY; obligations:SI_REGISTRATION,"Shanghai — December 2025: pension, medical, unemployment, injury and housing fund on a declared base (CN-SH05, SH06, SH07, SH09)",CN-SH05-1; CN-KM-WP09-1,
CN-N07.maternity,CN,contribution,Applies: 1 Dec 2025 onward; enrolled employees. Social Insurance Law art. 53: maternity insurance is paid by the employer only (merged with medical since the 2018 amendment).,"Social Insurance Law, consolidated after the 29 Dec 2018 NPCSC amendment; amendment decision; 2026 Medical Security Law, NPC text adopted 28 Aug 2026",http://www.npc.gov.cn/zgrdw/npc/xinwen/2019-01/07/content_2070267.htm,2026-09-29,2025-12-01,,TESTED,"Kunming 0.9% employer-only priced by its golden; Shanghai carries maternity inside medical. CN-KM-WP09-1 ran 29 Sep 2026 per the parent row, but the parent carried no verified_at, so this branch is not VERIFIED here.",statutory_contributions:PENSION; statutory_contributions:MEDICAL; statutory_contributions:UNEMPLOYMENT; statutory_contributions:INJURY; statutory_contributions:MATERNITY; obligations:SI_REGISTRATION,"Kunming — December 2025 on a 10,000 base, and the 4,357 floor (CN-KM03, KM04, KM05, KM25–27, KM32)",CN-KM-WP09-1,
CN-N07.unregistered-still-assessed,CN,contribution,"Applies: 1 Dec 2025 onward; covered employees. Social Insurance Law arts. 58, 60, 63: insurance is compulsory; missing registration does not remove the premium.","Social Insurance Law, consolidated after the 29 Dec 2018 NPCSC amendment; amendment decision; 2026 Medical Security Law, NPC text adopted 28 Aug 2026",http://www.npc.gov.cn/zgrdw/npc/xinwen/2019-01/07/content_2070267.htm,2026-09-29,2025-12-01,,IMPLEMENTED,"An explicit `NOT_REGISTERED` ASSESSes from the declared base with an incomplete-registration warning; no golden. CN-KM28-1 ran 29 Sep 2026 per the parent row, but the parent carried no verified_at, so this branch is not VERIFIED here.",statutory_contributions:PENSION; statutory_contributions:MEDICAL; statutory_contributions:UNEMPLOYMENT; statutory_contributions:INJURY; statutory_contributions:MATERNITY; obligations:SI_REGISTRATION,,CN-KM28-1,
CN-N07.registration-and-remittance,CN,contribution,"Applies: 1 Dec 2025 onward; employers. Social Insurance Law: registration, declarations, payment and corrections with the agency.","Social Insurance Law, consolidated after the 29 Dec 2018 NPCSC amendment; amendment decision; 2026 Medical Security Law, NPC text adopted 28 Aug 2026",http://www.npc.gov.cn/zgrdw/npc/xinwen/2019-01/07/content_2070267.htm,2026-09-29,2025-12-01,,EXTERNAL,Agency registration and remittance are outside the calculator; a calculated charge is not proof of either.,statutory_contributions:PENSION; statutory_contributions:MEDICAL; statutory_contributions:UNEMPLOYMENT; statutory_contributions:INJURY; statutory_contributions:MATERNITY; obligations:SI_REGISTRATION,,,
CN-N07.medical-security-law-2027,CN,contribution,"Applies: 1 Jan 2027 onward. The 2026 Medical Security Law (NPC, adopted 28 Aug 2026) begins 1 January 2027, outside the 2025–26 window of this register.","Social Insurance Law, consolidated after the 29 Dec 2018 NPCSC amendment; amendment decision; 2026 Medical Security Law, NPC text adopted 28 Aug 2026",http://www.npc.gov.cn/zgrdw/npc/xinwen/2019-01/07/content_2070267.htm,2026-09-29,2027-01-01,,NOT-APPLICABLE,,statutory_contributions:PENSION; statutory_contributions:MEDICAL; statutory_contributions:UNEMPLOYMENT; statutory_contributions:INJURY; statutory_contributions:MATERNITY; obligations:SI_REGISTRATION,,,
CN-N08.existing-worker-base,CN,contribution,Applies: 1 Dec 2025 onward; fund-covered employees. Housing Provident Fund Regulation art. 16: an existing worker contributes on the prior-year monthly average wage.,Housing Provident Fund Regulation arts. 13–20 as amended by State Council Order 844,https://www.gov.cn/zhengce/content/202608/content_7078477.htm,2026-09-29,2025-12-01,,IMPLEMENTED,"The operator declares `contribution_base`; no derivation, golden or probe.",statutory_contributions:HOUSING_FUND; facts.housing_fund_rate; obligations:HF_REMITTANCE,,,
CN-N08.first-ever-second-month,CN,contribution,Applies: 1 Dec 2025 onward; first-ever fund workers. Regulation art. 17: a new worker contributes from the second month on that month’s wage; nothing in the joining month.,Housing Provident Fund Regulation arts. 13–20 as amended by State Council Order 844,https://www.gov.cn/zhengce/content/202608/content_7078477.htm,2026-09-29,2025-12-01,,TESTED,"Golden prices the Shanghai case. CN-SH43-1 and CN-KM20-1 ran 29 Sep 2026 per the parent row, but the parent carried no verified_at, so this branch is not VERIFIED here. CN-SH43-2 passed in the R8 run of 30 Sep 2026, after the parent’s verified_at (2026-09-29); not VERIFIED until re-verified on that basis. CN-KM20-2 added 30 Sep 2026, not yet run.",statutory_contributions:HOUSING_FUND; facts.housing_fund_rate; obligations:HF_REMITTANCE,"Shanghai — the fund month after a first-ever join, and a transferred joiner (Regulation art.17; CN-SH43)",CN-SH43-1; CN-SH43-2; CN-KM20-1; CN-KM20-2,
CN-N08.transferred-first-month,CN,contribution,Applies: 1 Dec 2025 onward; transferred fund workers. Regulation art. 17: a transferred worker contributes from the new employer’s first wage month.,Housing Provident Fund Regulation arts. 13–20 as amended by State Council Order 844,https://www.gov.cn/zhengce/content/202608/content_7078477.htm,2026-09-29,2025-12-01,,TESTED,Priced by the same golden; no probe of the parent row. Listed 30 Sep 2026: both charge a transferred account in its first month.,statutory_contributions:HOUSING_FUND; facts.housing_fund_rate; obligations:HF_REMITTANCE,"Shanghai — the fund month after a first-ever join, and a transferred joiner (Regulation art.17; CN-SH43)",CN-SH05-1; CN-KM02-1,
CN-N08.contribution-ratio,CN,contribution,"Applies: 20 Sep 2026 onward (revised art. 18); fund-covered employees. Worker and unit ratios are each at least 5% of the prior-year monthly average wage, within any national maximum, set by the city committee.",Housing Provident Fund Regulation arts. 13–20 as amended by State Council Order 844,https://www.gov.cn/zhengce/content/202608/content_7078477.htm,2026-09-29,2026-09-20,,IMPLEMENTED,"City bands recorded as `facts.housing_fund_rate` (Shanghai 5–7%, Kunming 5–12%); whether a national maximum is published is unchecked. Probes CN-SH09-4 (Shanghai 5%, added 30 Sep 2026, not yet run) and CN-KM01-1 (Kunming 5%) listed.",statutory_contributions:HOUSING_FUND; facts.housing_fund_rate; obligations:HF_REMITTANCE,,CN-SH09-4; CN-KM01-1,
CN-N08.remittance-five-days,CN,contribution,Applies: 1 Dec 2025 onward; employers. Regulation art. 19: both shares are remitted within five days after payday.,Housing Provident Fund Regulation arts. 13–20 as amended by State Council Order 844,https://www.gov.cn/zhengce/content/202608/content_7078477.htm,2026-09-29,2025-12-01,,EXTERNAL,Remittance evidence is outside the calculator.,statutory_contributions:HOUSING_FUND; facts.housing_fund_rate; obligations:HF_REMITTANCE,,,
CN-N08.account-registration,CN,contribution,"Applies: 1 Dec 2025 onward; employers. Regulation arts. 14–15: entity, hire and exit registration each have their own 30-day deadline; missing registration never cancels the liability.",Housing Provident Fund Regulation arts. 13–20 as amended by State Council Order 844,https://www.gov.cn/zhengce/content/202608/content_7078477.htm,2026-09-29,2025-12-01,,EXTERNAL,Account setup evidence is external. `HOUSING_FUND` ASSESSes an explicit `NOT_REGISTERED` from a declared base; `tests/cn-fund-nonregistration.test.ts` not yet run.,statutory_contributions:HOUSING_FUND; facts.housing_fund_rate; obligations:HF_REMITTANCE,,,
CN-N08.unregistered-employer-sanction,CN,contribution,"Applies: 20 Sep 2026 onward; unregistered employers. Revised art. 39: CNY50,000–300,000 after an uncured order.",Housing Provident Fund Regulation arts. 13–20 as amended by State Council Order 844,https://www.gov.cn/zhengce/content/202608/content_7078477.htm,2026-09-29,2026-09-20,,EXTERNAL,"An authority sanction, outside payroll.",statutory_contributions:HOUSING_FUND; facts.housing_fund_rate; obligations:HF_REMITTANCE,,,
CN-N08.voluntary-flexible-workers,CN,contribution,"Applies: 20 Sep 2026 onward. Revised art. 49: self-employed, part-time and other flexible workers may contribute voluntarily under local rules; no employer deduction follows.",Housing Provident Fund Regulation arts. 13–20 as amended by State Council Order 844,https://www.gov.cn/zhengce/content/202608/content_7078477.htm,2026-09-29,2026-09-20,,NOT-APPLICABLE,,statutory_contributions:HOUSING_FUND; facts.housing_fund_rate; obligations:HF_REMITTANCE,,,
CN-N09.resident-cumulative,CN,tax,"Applies: 1 Dec 2025 onward; resident salary recipients. STA 2018 No. 61 art. 6: cumulative withholding at this employer on the year’s income less CNY5,000 a month, special and additional deductions and tax already withheld.","IIT Law arts. 1, 3, 6; STA 2018 withholding measure",https://fgk.chinatax.gov.cn/zcfgk/c100009/c5193028/content.html,2026-09-29,2025-12-01,,TESTED,"Golden: January reset 345; the 35,000/1,050 → 130 register case. CN-SH05-3 and CN-SH50-1 ran 29 Sep 2026 per the parent row, but the parent carried no verified_at, so this branch is not VERIFIED here. CN-SH06-1 added 30 Sep 2026, not yet run.",statutory_contributions:IIT; obligations:IIT_DECLARATION,"Shanghai — the register probe: 35,000 taxable and 1,050 withheld, then 2,000 more → 130 (CN-N09, N38)",CN-SH05-3; CN-SH50-1; CN-SH06-1,
CN-N09.no-payroll-refund,CN,tax,Applies: 1 Dec 2025 onward; resident salary recipients. A negative cumulative balance withholds nothing; there is no refund through payroll.,"IIT Law arts. 1, 3, 6; STA 2018 withholding measure",https://fgk.chinatax.gov.cn/zcfgk/c100009/c5193028/content.html,2026-09-29,2025-12-01,,TESTED,Golden only; no probe.,statutory_contributions:IIT; obligations:IIT_DECLARATION,Shanghai — a negative cumulative balance withholds nothing; there is no payroll refund (CN-N09),,
CN-N09.tax-residence,CN,tax,"Applies: 1 Dec 2025 onward; salary recipients. IIT Law art. 1: the resident and non-resident methods follow tax residence, which must be recorded.","IIT Law arts. 1, 3, 6; STA 2018 withholding measure",https://fgk.chinatax.gov.cn/zcfgk/c100009/c5193028/content.html,2026-09-29,2025-12-01,,TESTED,Golden: an unrecorded residence refuses.,statutory_contributions:IIT; obligations:IIT_DECLARATION,Shanghai — an unrecorded tax residence refuses (CN-N09),,
CN-N09.non-resident-monthly,CN,tax,Applies: 1 Dec 2025 onward; non-resident salary recipients. A non-resident’s salary uses the separate monthly table (CN-N38).,"IIT Law arts. 1, 3, 6; STA 2018 withholding measure",https://fgk.chinatax.gov.cn/zcfgk/c100009/c5193028/content.html,2026-09-29,2025-12-01,,TESTED,Golden only here; the non-resident probes are listed on CN-N38. Listed 30 Sep 2026: CN-SH09-1 and CN-N10-2 withhold a non-resident on the monthly table.,statutory_contributions:IIT; obligations:IIT_DECLARATION,"Shanghai — a non-resident is withheld monthly on wage − 5,000, no insurance relief (CN-N38)",CN-SH09-1; CN-N10-2,
CN-N09.declaration-and-remittance,CN,tax,"Applies: 1 Dec 2025 onward; withholding agents. Monthly all-person, all-income declaration and remittance by the 15th of the next month, subject to the tax calendar.","IIT Law arts. 1, 3, 6; STA 2018 withholding measure",https://fgk.chinatax.gov.cn/zcfgk/c100009/c5193028/content.html,2026-09-29,2025-12-01,,EXTERNAL,"Tax registration, filing and payment receipts are employer actions outside the calculator.",statutory_contributions:IIT; obligations:IIT_DECLARATION,,,
CN-N10.separate-election,CN,tax,"Applies: 1 Dec 2025–31 Dec 2027; qualifying resident bonus recipients. MOF/STA 2023 No. 30: an annual one-off bonus may be taxed apart from the wage, the rate picked on bonus ÷ 12 on the monthly table.",MOF/STA 2023 No. 30; STA rule,https://fgk.chinatax.gov.cn/zcfgk/c102416/c5211524/content.html,2026-09-30,2025-12-01,2027-12-31,TESTED,"Saved-input probe `tests/compliance-closure-cn-saved.test.ts` (12,000 → 360); golden 36,000/36,001 cliff. CN-N10-1 (listed among the January 2026 runs in CN-SH06) ran 29 Sep 2026 per the parent row, but the parent carried no verified_at, so this branch is not VERIFIED here. CN-KM-WP09-4 is listed without a recorded run.",statutory_contributions:IIT_BONUS; adhoc_catalogue:ANNUAL_BONUS_SEPARATE; adhoc_catalogue:BONUS,saved Shanghai payroll taxes a separately elected annual bonus at ÷12 (CN-N10),CN-N10-1; CN-KM-WP09-4,
CN-N10.once-per-year,CN,tax,Applies: 1 Dec 2025–31 Dec 2027; qualifying resident bonus recipients. The separate method may be used once per person per tax year.,MOF/STA 2023 No. 30; STA rule,https://fgk.chinatax.gov.cn/zcfgk/c102416/c5211524/content.html,2026-09-30,2025-12-01,2027-12-31,TESTED,"Golden: a second separate bonus in the year refuses. CN-N10-3 added 30 Sep 2026, not yet run.",statutory_contributions:IIT_BONUS; adhoc_catalogue:ANNUAL_BONUS_SEPARATE; adhoc_catalogue:BONUS,Shanghai — an ordinary bonus joins the month’s cumulative wage; a second separate bonus in the year refuses (CN-N10),CN-N10-3,
CN-N10.ordinary-bonus-joins-wage,CN,tax,Applies: 1 Dec 2025–31 Dec 2027; resident bonus recipients. A bonus not elected for the separate method joins that month’s wage in cumulative withholding.,MOF/STA 2023 No. 30; STA rule,https://fgk.chinatax.gov.cn/zcfgk/c102416/c5211524/content.html,2026-09-30,2025-12-01,2027-12-31,TESTED,"Golden: the ordinary bonus joins the month. CN-N10-1 ran 29 Sep 2026 per the parent row, but the parent carried no verified_at, so this branch is not VERIFIED here.",statutory_contributions:IIT_BONUS; adhoc_catalogue:ANNUAL_BONUS_SEPARATE; adhoc_catalogue:BONUS,Shanghai — an ordinary bonus joins the month’s cumulative wage; a second separate bonus in the year refuses (CN-N10),CN-N10-1,
CN-N11,CN,tax,"Applies: 1 Dec 2025 onward; eligible continuing resident employee. [STA 2020 No. 19](https://fgk.chinatax.gov.cn/zcfgk/c100012/c5194953/content.html): full CNY60,000 annual basic deduction from January only if the prior full year had salary declarations at the same employer each month, prior gross salary including bonus ≤CNY60,000, and continuous employment, subject to election.",STA 2020 No. 19,https://fgk.chinatax.gov.cn/zcfgk/c100012/c5194953/content.html,2026-09-29,2025-12-01,,PARTIAL,"Register status: Partial [PROBE 2026-09-29]. Calculation only (register correction, round 6): the 60,000 election is priced by `tests/statutory-golden-cn.test.ts` (Shanghai July case). Open: the prior-year same-employer qualification is an election the operator records, not derived. Evidence and probe needed: Prior-year twelve filing months, all gross wages/bonus, same-employer continuity and election; CNY10,000 January qualifying case with zero withholding. R48 origin: CN09 (first-pass sample; migration implies no closure). [R9 2026-09-30] Added, not yet run: CN-N11-1 — the 60,000 election on a 10,000 January wage withholds nothing (the qualification stays the operator’s record).",statutory_contributions:IIT,"Shanghai — first wage income in July deducts from January; the 60,000 election; the rent cap (CN-N11, N44, N54)",CN-N11-1,
CN-N12.no-written-contract,CN,severance,Applies: 1 Dec 2025 onward; contracted or de facto employment. Labour Contract Law art. 82: a written contract not concluded within one month earns a second wage (CN-N41).,"Labour Contract Law, consolidated through its 2012 amendment",https://www.samr.gov.cn/zw/zfxxgk/fdzdgknr/bgt/art/2023/art_0abfdd261c03417b949df19d869add8d.html,2026-09-30,2025-12-01,,TESTED,"Golden only; no probe. Probe CN-N41-3 added 30 Sep 2026, not yet run.","adhoc_catalogue:SEVERANCE_PAY; adhoc_catalogue:NO_WRITTEN_CONTRACT_WAGE; adhoc_catalogue:OPEN_ENDED_CONTRACT_WAGE.request_requirements; adhoc_catalogue:PROBATION_EXCESS_DAMAGES.request_requirements; adhoc_catalogue:PROBATION_WAGE_SHORTFALL.request_requirements; terms_facts:probation_end,post_probation_wage,open_ended_due_on; exit_facts.lcl_termination_ground; exit_facts.notice_days_given; exit_facts.renewal_offer_refused; exit_facts.lcl47_average_monthly_wage; exit_facts.lcl97_pre2008_months; exit_facts.lcl97_pre2008_compensation; exit_facts.lcl10_transferred_service_months","both cities — no written contract: a second wage from the day after the first month to the day before signing, at most eleven months (CN-N41, LCL art.82, Regulation arts.6–7)",CN-N41-3,
CN-N12.probation,CN,severance,"Applies: 1 Dec 2025 onward; contracted employment. LCL arts. 19–20, 83: probation limits, the probation wage floor and damages for excess probation (CN-N41).","Labour Contract Law, consolidated through its 2012 amendment",https://www.samr.gov.cn/zw/zfxxgk/fdzdgknr/bgt/art/2023/art_0abfdd261c03417b949df19d869add8d.html,2026-09-30,2025-12-01,,TESTED,"Golden only; no probe. Probe CN-N41-4 added 30 Sep 2026, not yet run.","adhoc_catalogue:SEVERANCE_PAY; adhoc_catalogue:NO_WRITTEN_CONTRACT_WAGE; adhoc_catalogue:OPEN_ENDED_CONTRACT_WAGE.request_requirements; adhoc_catalogue:PROBATION_EXCESS_DAMAGES.request_requirements; adhoc_catalogue:PROBATION_WAGE_SHORTFALL.request_requirements; terms_facts:probation_end,post_probation_wage,open_ended_due_on; exit_facts.lcl_termination_ground; exit_facts.notice_days_given; exit_facts.renewal_offer_refused; exit_facts.lcl47_average_monthly_wage; exit_facts.lcl97_pre2008_months; exit_facts.lcl97_pre2008_compensation; exit_facts.lcl10_transferred_service_months","both cities — probation served beyond the art.19 limit is paid as damages at the wage after probation (CN-N41, LCL arts.19, 83)",CN-N41-4,
CN-N12.unpaid-wages,CN,severance,"Applies: 1 Dec 2025 onward; contracted employment. LCL art. 85: unpaid or underpaid wages, overtime and compensation are ordered paid, with an additional sum if not paid by the deadline.","Labour Contract Law, consolidated through its 2012 amendment",https://www.samr.gov.cn/zw/zfxxgk/fdzdgknr/bgt/art/2023/art_0abfdd261c03417b949df19d869add8d.html,2026-09-30,2025-12-01,,GAP,No arrears-order input or additional-sum rule.,"adhoc_catalogue:SEVERANCE_PAY; adhoc_catalogue:NO_WRITTEN_CONTRACT_WAGE; adhoc_catalogue:OPEN_ENDED_CONTRACT_WAGE.request_requirements; adhoc_catalogue:PROBATION_EXCESS_DAMAGES.request_requirements; adhoc_catalogue:PROBATION_WAGE_SHORTFALL.request_requirements; terms_facts:probation_end,post_probation_wage,open_ended_due_on; exit_facts.lcl_termination_ground; exit_facts.notice_days_given; exit_facts.renewal_offer_refused; exit_facts.lcl47_average_monthly_wage; exit_facts.lcl97_pre2008_months; exit_facts.lcl97_pre2008_compensation; exit_facts.lcl10_transferred_service_months",,,
CN-N12.termination-notice,CN,severance,Applies: 1 Dec 2025 onward; employer termination under LCL art. 40. Thirty days’ written notice or one month’s wage in lieu.,"Labour Contract Law, consolidated through its 2012 amendment",https://www.samr.gov.cn/zw/zfxxgk/fdzdgknr/bgt/art/2023/art_0abfdd261c03417b949df19d869add8d.html,2026-09-30,2025-12-01,,TESTED,"Golden: art.40 short notice + previous month. CN-N41-1 added 30 Sep 2026, not yet run.","adhoc_catalogue:SEVERANCE_PAY; adhoc_catalogue:NO_WRITTEN_CONTRACT_WAGE; adhoc_catalogue:OPEN_ENDED_CONTRACT_WAGE.request_requirements; adhoc_catalogue:PROBATION_EXCESS_DAMAGES.request_requirements; adhoc_catalogue:PROBATION_WAGE_SHORTFALL.request_requirements; terms_facts:probation_end,post_probation_wage,open_ended_due_on; exit_facts.lcl_termination_ground; exit_facts.notice_days_given; exit_facts.renewal_offer_refused; exit_facts.lcl47_average_monthly_wage; exit_facts.lcl97_pre2008_months; exit_facts.lcl97_pre2008_compensation; exit_facts.lcl10_transferred_service_months","Shanghai — 经济补偿: a month a year, a half year rounds up, under six months is half; none on resignation or a refused renewal (CN-N41)",CN-N41-1,
CN-N12.termination-protection,CN,severance,"Applies: 1 Dec 2025 onward; protected workers. LCL arts. 42, 45: termination protection for listed statuses.","Labour Contract Law, consolidated through its 2012 amendment",https://www.samr.gov.cn/zw/zfxxgk/fdzdgknr/bgt/art/2023/art_0abfdd261c03417b949df19d869add8d.html,2026-09-30,2025-12-01,,GAP,The arts. 42/45 gates are not modelled.,"adhoc_catalogue:SEVERANCE_PAY; adhoc_catalogue:NO_WRITTEN_CONTRACT_WAGE; adhoc_catalogue:OPEN_ENDED_CONTRACT_WAGE.request_requirements; adhoc_catalogue:PROBATION_EXCESS_DAMAGES.request_requirements; adhoc_catalogue:PROBATION_WAGE_SHORTFALL.request_requirements; terms_facts:probation_end,post_probation_wage,open_ended_due_on; exit_facts.lcl_termination_ground; exit_facts.notice_days_given; exit_facts.renewal_offer_refused; exit_facts.lcl47_average_monthly_wage; exit_facts.lcl97_pre2008_months; exit_facts.lcl97_pre2008_compensation; exit_facts.lcl10_transferred_service_months",,,
CN-N12.service-year-severance,CN,severance,Applies: 1 Dec 2025 onward; covered exits. LCL arts. 46–47: economic compensation of one month’s wage per service year.,"Labour Contract Law, consolidated through its 2012 amendment",https://www.samr.gov.cn/zw/zfxxgk/fdzdgknr/bgt/art/2023/art_0abfdd261c03417b949df19d869add8d.html,2026-09-30,2025-12-01,,TESTED,"Golden in both cities. CN-SH50-1 and CN-KM-WP09-2 ran 29 Sep 2026 per the parent row, but the parent carried no verified_at, so this branch is not VERIFIED here. CN-SH50-2 and CN-SH50-3 added 30 Sep 2026, not yet run.","adhoc_catalogue:SEVERANCE_PAY; adhoc_catalogue:NO_WRITTEN_CONTRACT_WAGE; adhoc_catalogue:OPEN_ENDED_CONTRACT_WAGE.request_requirements; adhoc_catalogue:PROBATION_EXCESS_DAMAGES.request_requirements; adhoc_catalogue:PROBATION_WAGE_SHORTFALL.request_requirements; terms_facts:probation_end,post_probation_wage,open_ended_due_on; exit_facts.lcl_termination_ground; exit_facts.notice_days_given; exit_facts.renewal_offer_refused; exit_facts.lcl47_average_monthly_wage; exit_facts.lcl97_pre2008_months; exit_facts.lcl97_pre2008_compensation; exit_facts.lcl10_transferred_service_months","Shanghai — 经济补偿: a month a year, a half year rounds up, under six months is half; none on resignation or a refused renewal (CN-N41)",CN-SH50-1; CN-KM-WP09-2; CN-SH50-2; CN-SH50-3,
CN-N12.high-earner-cap,CN,severance,"Applies: 1 Dec 2025 onward; covered exits. LCL art. 47: a monthly wage above three times the city average is capped at three times it, with service capped at twelve years.","Labour Contract Law, consolidated through its 2012 amendment",https://www.samr.gov.cn/zw/zfxxgk/fdzdgknr/bgt/art/2023/art_0abfdd261c03417b949df19d869add8d.html,2026-09-30,2025-12-01,,TESTED,"Golden: capped wage, twelve years. CN-SH50-1 ran 29 Sep 2026 per the parent row, but the parent carried no verified_at, so this branch is not VERIFIED here. CN-SH50-2 and CN-SH50-3 added 30 Sep 2026, not yet run.","adhoc_catalogue:SEVERANCE_PAY; adhoc_catalogue:NO_WRITTEN_CONTRACT_WAGE; adhoc_catalogue:OPEN_ENDED_CONTRACT_WAGE.request_requirements; adhoc_catalogue:PROBATION_EXCESS_DAMAGES.request_requirements; adhoc_catalogue:PROBATION_WAGE_SHORTFALL.request_requirements; terms_facts:probation_end,post_probation_wage,open_ended_due_on; exit_facts.lcl_termination_ground; exit_facts.notice_days_given; exit_facts.renewal_offer_refused; exit_facts.lcl47_average_monthly_wage; exit_facts.lcl97_pre2008_months; exit_facts.lcl97_pre2008_compensation; exit_facts.lcl10_transferred_service_months","Shanghai — 经济补偿 above three times the average: capped wage, twelve years, and the tax on the excess (CN-N41, SH50, N39)",CN-SH50-1; CN-SH50-2; CN-SH50-3,
CN-N12.unlawful-termination,CN,severance,Applies: 1 Dec 2025 onward; unlawful termination. LCL art. 87: damages at twice the art. 47 compensation.,"Labour Contract Law, consolidated through its 2012 amendment",https://www.samr.gov.cn/zw/zfxxgk/fdzdgknr/bgt/art/2023/art_0abfdd261c03417b949df19d869add8d.html,2026-09-30,2025-12-01,,TESTED,"Golden 2N. CN-N41-2 added 30 Sep 2026, not yet run.","adhoc_catalogue:SEVERANCE_PAY; adhoc_catalogue:NO_WRITTEN_CONTRACT_WAGE; adhoc_catalogue:OPEN_ENDED_CONTRACT_WAGE.request_requirements; adhoc_catalogue:PROBATION_EXCESS_DAMAGES.request_requirements; adhoc_catalogue:PROBATION_WAGE_SHORTFALL.request_requirements; terms_facts:probation_end,post_probation_wage,open_ended_due_on; exit_facts.lcl_termination_ground; exit_facts.notice_days_given; exit_facts.renewal_offer_refused; exit_facts.lcl47_average_monthly_wage; exit_facts.lcl97_pre2008_months; exit_facts.lcl97_pre2008_compensation; exit_facts.lcl10_transferred_service_months","Shanghai — 经济补偿: a month a year, a half year rounds up, under six months is half; none on resignation or a refused renewal (CN-N41)",CN-N41-2,
CN-N13.cohort-retirement-age,CN,other,"Applies: 1 Jan 2025 onward; retirement-age cohorts. The delayed-retirement decision sets statutory retirement age by birth cohort, sex and former class.",Delayed-retirement decision and cohort tables; flexible-retirement measure,https://www.mot.gov.cn/hudong/xiangguanziliao/202601/t20260114_4197321.html,2026-09-29,2025-01-01,,GAP,No cohort tables or birth-month input.,statutory_contributions:PENSION,,,
CN-N13.special-work-retirement,CN,other,Applies: 1 Jan 2025 onward; special-work categories. Special work keeps its own retirement branch.,Delayed-retirement decision and cohort tables; flexible-retirement measure,https://www.mot.gov.cn/hudong/xiangguanziliao/202601/t20260114_4197321.html,2026-09-29,2025-01-01,,GAP,No special-work category input.,statutory_contributions:PENSION,,,
CN-N13.flexible-election,CN,other,Applies: 1 Jan 2025 onward; workers electing flexible retirement. The flexible-retirement measure allows agreed early or late retirement.,Delayed-retirement decision and cohort tables; flexible-retirement measure,https://www.mot.gov.cn/hudong/xiangguanziliao/202601/t20260114_4197321.html,2026-09-29,2025-01-01,,GAP,No signed election or agreement input.,statutory_contributions:PENSION,,,
CN-N13.coverage-during-delay,CN,other,Applies: 1 Jan 2025 onward; workers in a valid flexible delay. Ordinary employment and social insurance continue during the delay; age alone does not end coverage.,Delayed-retirement decision and cohort tables; flexible-retirement measure,https://www.mot.gov.cn/hudong/xiangguanziliao/202601/t20260114_4197321.html,2026-09-29,2025-01-01,,TESTED,Golden: a worker past retirement age stays insured; no probe.,statutory_contributions:PENSION,"Shanghai — a pensioned retiree, a worker past retirement age, and a foreign worker (CN-N13, N25, SH25, SH41)",,
CN-N13.pensioned-retiree,CN,other,"Applies: 1 Jan 2025 onward; retirees drawing a basic pension. Once retired on a basic pension, the worker is outside employee pension coverage.",Delayed-retirement decision and cohort tables; flexible-retirement measure,https://www.mot.gov.cn/hudong/xiangguanziliao/202601/t20260114_4197321.html,2026-09-29,2025-01-01,,TESTED,"Golden: a pension recipient is outside pension coverage. CN-SH41-2 ran 29 Sep 2026 per the parent row, but the parent carried no verified_at, so this branch is not VERIFIED here.",statutory_contributions:PENSION,"Shanghai — a pensioned retiree, a worker past retirement age, and a foreign worker (CN-N13, N25, SH25, SH41)",CN-SH41-2,
CN-N14.minimum-wage,CN,other,Applies: 1 Jul 2026 onward; managed post-age workers. Order 56: the local minimum wage applies.,"Over-age Workers Basic Rights Interim Regulation, five-department Order 56 (MOHRSS, NHC, MEM, STA, NHSA), promulgated 10 May 2026, State Council Gazette 2026 No. 16",https://www.gov.cn/gongbao/2026/issue_12786/202606/content_7071610.html,2026-09-29,2026-07-01,,GAP,No post-age worker class or rule.,,,,
CN-N14.monthly-pay,CN,other,Applies: 1 Jul 2026 onward; managed post-age workers. Order 56: pay at least monthly.,"Over-age Workers Basic Rights Interim Regulation, five-department Order 56 (MOHRSS, NHC, MEM, STA, NHSA), promulgated 10 May 2026, State Council Gazette 2026 No. 16",https://www.gov.cn/gongbao/2026/issue_12786/202606/content_7071610.html,2026-09-29,2026-07-01,,GAP,No post-age worker class or rule.,,,,
CN-N14.rest-and-overtime,CN,other,Applies: 1 Jul 2026 onward; managed post-age workers. Order 56: rest and overtime protections.,"Over-age Workers Basic Rights Interim Regulation, five-department Order 56 (MOHRSS, NHC, MEM, STA, NHSA), promulgated 10 May 2026, State Council Gazette 2026 No. 16",https://www.gov.cn/gongbao/2026/issue_12786/202606/content_7071610.html,2026-09-29,2026-07-01,,GAP,No post-age worker class or rule.,,,,
CN-N14.work-injury-cover,CN,other,Applies: 1 Jul 2026 onward; managed post-age workers. Order 56: employer-only work-injury coverage.,"Over-age Workers Basic Rights Interim Regulation, five-department Order 56 (MOHRSS, NHC, MEM, STA, NHSA), promulgated 10 May 2026, State Council Gazette 2026 No. 16",https://www.gov.cn/gongbao/2026/issue_12786/202606/content_7071610.html,2026-09-29,2026-07-01,,GAP,No post-age coverage profile (see CN-SH25).,,,,
CN-N14.pension-medical-continuation,CN,other,Applies: 1 Jul 2026 onward; managed post-age workers. Order 56: pension and medical continue only on the stated conditions.,"Over-age Workers Basic Rights Interim Regulation, five-department Order 56 (MOHRSS, NHC, MEM, STA, NHSA), promulgated 10 May 2026, State Council Gazette 2026 No. 16",https://www.gov.cn/gongbao/2026/issue_12786/202606/content_7071610.html,2026-09-29,2026-07-01,,GAP,No continuation agreement input; 30 June / 1 July cases unprobed.,,,,
CN-N15.real-name-attendance,CN,records,Applies: 1 Dec 2025 onward; covered construction projects. State Council Order 724: real-name attendance records for migrant workers.,"Regulation on Wage Payment to Migrant Workers, State Council Order 724, effective 1 May 2020, State Council Gazette 2020 No. 2",https://www.gov.cn/gongbao/content/2020/content_5469641.htm,2026-09-29,2020-05-01,,EXTERNAL,No evidenced project workflow.,,,,
CN-N15.project-wage-account,CN,records,Applies: 1 Dec 2025 onward; covered construction projects. Order 724: a dedicated project wage account.,"Regulation on Wage Payment to Migrant Workers, State Council Order 724, effective 1 May 2020, State Council Gazette 2020 No. 2",https://www.gov.cn/gongbao/content/2020/content_5469641.htm,2026-09-29,2020-05-01,,EXTERNAL,No evidenced project workflow.,,,,
CN-N15.direct-monthly-payment,CN,records,Applies: 1 Dec 2025 onward; covered migrant workers. Order 724: wages paid monthly and directly to the worker.,"Regulation on Wage Payment to Migrant Workers, State Council Order 724, effective 1 May 2020, State Council Gazette 2020 No. 2",https://www.gov.cn/gongbao/content/2020/content_5469641.htm,2026-09-29,2020-05-01,,EXTERNAL,No bank-disbursement evidence.,,,,
CN-N15.contractor-owner-advances,CN,records,Applies: 1 Dec 2025 onward; project actors. Order 724: contractor and owner advance and clearance duties.,"Regulation on Wage Payment to Migrant Workers, State Council Order 724, effective 1 May 2020, State Council Gazette 2020 No. 2",https://www.gov.cn/gongbao/content/2020/content_5469641.htm,2026-09-29,2020-05-01,,EXTERNAL,No evidenced workflow.,,,,
CN-N15.evidence-retention,CN,records,Applies: 1 Dec 2025 onward; covered projects. Order 724: retain attendance and wage evidence.,"Regulation on Wage Payment to Migrant Workers, State Council Order 724, effective 1 May 2020, State Council Gazette 2020 No. 2",https://www.gov.cn/gongbao/content/2020/content_5469641.htm,2026-09-29,2020-05-01,,EXTERNAL,No retention workflow (see CN-N52).,,,,
CN-N16.child-education,CN,tax,"Applies: 1 Dec 2025 onward; resident claimants. 2023 No. 14: child education CNY2,000 a month per child, within the sharing rules.",STA 2022 special-additional-deduction procedure; 2023 No. 14 increase; STA procedural rule art. 4,https://shanghai.chinatax.gov.cn/zcfw/zcjd/202311/P020231128530973219615.pdf,2026-09-30,2025-12-01,,IMPLEMENTED,"Declared claims are deducted as declared (STA 2022 No. 7 arts. 25–26); no golden. CN-N16-1 added 30 Sep 2026, not yet run.",statutory_contributions:IIT,,CN-N16-1,
CN-N16.infant-care,CN,tax,"Applies: 1 Dec 2025 onward; resident claimants. 2023 No. 14: infant care CNY2,000 a month per child under three.",STA 2022 special-additional-deduction procedure; 2023 No. 14 increase; STA procedural rule art. 4,https://shanghai.chinatax.gov.cn/zcfw/zcjd/202311/P020231128530973219615.pdf,2026-09-30,2025-12-01,,IMPLEMENTED,"Deducted as declared; no golden. CN-N16-2 added 30 Sep 2026, not yet run.",statutory_contributions:IIT,,CN-N16-2,
CN-N16.continuing-education,CN,tax,Applies: 1 Dec 2025 onward; resident claimants. STA 2022 procedure: continuing education is a special additional deduction class with its own evidence.,STA 2022 special-additional-deduction procedure; 2023 No. 14 increase; STA procedural rule art. 4,https://shanghai.chinatax.gov.cn/zcfw/zcjd/202311/P020231128530973219615.pdf,2026-09-30,2025-12-01,,IMPLEMENTED,"Deducted as declared; no golden. CN-N16-2 added 30 Sep 2026, not yet run.",statutory_contributions:IIT,,CN-N16-2,
CN-N16.elderly-support,CN,tax,"Applies: 1 Dec 2025 onward; resident claimants. 2023 No. 14: elderly support up to CNY3,000 a month under the sharing caps.",STA 2022 special-additional-deduction procedure; 2023 No. 14 increase; STA procedural rule art. 4,https://shanghai.chinatax.gov.cn/zcfw/zcjd/202311/P020231128530973219615.pdf,2026-09-30,2025-12-01,,IMPLEMENTED,"Deducted as declared; no golden. CN-N16-1 added 30 Sep 2026, not yet run.",statutory_contributions:IIT,,CN-N16-1,
CN-N16.housing-rent,CN,tax,Applies: 1 Dec 2025 onward; resident claimants. Housing rent is a special additional deduction at the city standard (CN-N54).,STA 2022 special-additional-deduction procedure; 2023 No. 14 increase; STA procedural rule art. 4,https://shanghai.chinatax.gov.cn/zcfw/zcjd/202311/P020231128530973219615.pdf,2026-09-30,2025-12-01,,TESTED,"Golden: the 1,500 rent cap. CN-N11-1 added 30 Sep 2026, not yet run.",statutory_contributions:IIT,"Shanghai — first wage income in July deducts from January; the 60,000 election; the rent cap (CN-N11, N44, N54)",CN-N11-1,
CN-N16.housing-loan-interest,CN,tax,"Applies: 1 Dec 2025 onward; resident claimants. Housing-loan interest is a special additional deduction class, exclusive of housing rent (CN-N54).",STA 2022 special-additional-deduction procedure; 2023 No. 14 increase; STA procedural rule art. 4,https://shanghai.chinatax.gov.cn/zcfw/zcjd/202311/P020231128530973219615.pdf,2026-09-30,2025-12-01,,IMPLEMENTED,"Deducted as declared; the rent-versus-loan refusal is CN-N54. Probe CN-N16-3 (1,000 a month deducted) added 30 Sep 2026, not yet run.",statutory_contributions:IIT,,CN-N16-3,
CN-N16.major-illness-annual-only,CN,tax,"Applies: 1 Dec 2025 onward; resident claimants. STA procedural rule art. 4: major-illness medical expenses belong to annual reconciliation, never to monthly wage withholding.",STA 2022 special-additional-deduction procedure; 2023 No. 14 increase; STA procedural rule art. 4,https://shanghai.chinatax.gov.cn/zcfw/zcjd/202311/P020231128530973219615.pdf,2026-09-30,2025-12-01,,GAP,Not proven that the monthly deduction excludes the class; needs its own input and output proof.,statutory_contributions:IIT,,,
CN-N16.sharing-elections,CN,tax,"Applies: 1 Dec 2025 onward; resident claimants. Each class carries individual eligibility, sharing elections between claimants and records.",STA 2022 special-additional-deduction procedure; 2023 No. 14 increase; STA procedural rule art. 4,https://shanghai.chinatax.gov.cn/zcfw/zcjd/202311/P020231128530973219615.pdf,2026-09-30,2025-12-01,,IMPLEMENTED,"The agent deducts the declared share and may not alter it (STA 2022 No. 7 arts. 25–26); no golden or probe of a shared claim; evidence retention and referral workflow open. Probe CN-N16-4 (a 50% child-education share of 1,000 deducted as declared) added 30 Sep 2026, not yet run.",statutory_contributions:IIT,,CN-N16-4,
CN-N17.school-holidays,CN,leave,Applies: 2008 onward; annual-leave-eligible employees. Regulation art. 4: school holidays longer than the entitlement remove the year’s annual leave.,"Annual-leave regulation art. 4; enterprise measure arts. 6–9, 14",https://xzfg.moj.gov.cn/front/law/detail?LawID=208,2026-09-29,2008-01-01,,GAP,Unmodelled.,leave_catalogue:ANNUAL_LEAVE,,,
CN-N17.personal-leave-20-days,CN,leave,Applies: 2008 onward; annual-leave-eligible employees. Regulation art. 4: 20 or more days of paid personal leave remove the entitlement.,"Annual-leave regulation art. 4; enterprise measure arts. 6–9, 14",https://xzfg.moj.gov.cn/front/law/detail?LawID=208,2026-09-29,2008-01-01,,GAP,Unmodelled.,leave_catalogue:ANNUAL_LEAVE,,,
CN-N17.sick-leave-tiers,CN,leave,"Applies: 2008 onward; annual-leave-eligible employees. Regulation art. 4: accumulated sick leave of 2, 3 or 4 months by service tier removes the entitlement, including the following year’s where leave was already taken.","Annual-leave regulation art. 4; enterprise measure arts. 6–9, 14",https://xzfg.moj.gov.cn/front/law/detail?LawID=208,2026-09-29,2008-01-01,,GAP,Unmodelled.,leave_catalogue:ANNUAL_LEAVE,,,
CN-N17.non-consuming-leave,CN,leave,"Applies: 2008 onward; annual-leave-eligible employees. Enterprise measure: family, marriage, funeral and maternity leave, statutory rest and holidays and work-injury continuation do not consume annual leave.","Annual-leave regulation art. 4; enterprise measure arts. 6–9, 14",https://xzfg.moj.gov.cn/front/law/detail?LawID=208,2026-09-29,2008-01-01,,GAP,No golden or probe proves the separation.,leave_catalogue:ANNUAL_LEAVE,,,
CN-N17.dispatch-offset,CN,leave,Applies: 2008 onward; dispatched workers. Enterprise measure: paid non-working days offset or supplement annual leave.,"Annual-leave regulation art. 4; enterprise measure arts. 6–9, 14",https://xzfg.moj.gov.cn/front/law/detail?LawID=208,2026-09-29,2008-01-01,,GAP,No dispatch relationship input.,leave_catalogue:ANNUAL_LEAVE,,,
CN-N18.scheduling-and-carry,CN,leave,"Applies: 2008 onward; eligible employees. Enterprise measure: leave is scheduled in the calendar year, with a permitted one-year carry.","Enterprise annual-leave measure arts. 9–13, 15",https://rsj.sh.gov.cn/trlzyhshbzbgz_17256/20200617/t0035_1388390.html,2026-09-29,2008-01-01,,GAP,Leave offer and carry consent unmodelled.,leave_catalogue:ANNUAL_LEAVE; work_rules.encashment,,,
CN-N18.written-refusal,CN,leave,Applies: 2008 onward; eligible employees. Enterprise measure: a worker’s written refusal of offered leave ends the cash increment.,"Enterprise annual-leave measure arts. 9–13, 15",https://rsj.sh.gov.cn/trlzyhshbzbgz_17256/20200617/t0035_1388390.html,2026-09-29,2008-01-01,,GAP,Unmodelled.,leave_catalogue:ANNUAL_LEAVE; work_rules.encashment,,,
CN-N18.exit-entitlement,CN,leave,"Applies: 2008 onward; leavers. Enterprise measure art. 12: exit entitlement is floor(days at the employer this year ÷ 365 × full-year entitlement) − days taken, never below zero.","Enterprise annual-leave measure arts. 9–13, 15",https://rsj.sh.gov.cn/trlzyhshbzbgz_17256/20200617/t0035_1388390.html,2026-09-29,2008-01-01,,TESTED,"Proven on the seeded row by the golden (none taken). CN-SH50-1 ran 29 Sep 2026 per the parent row, but the parent carried no verified_at, so this branch is not VERIFIED here.",leave_catalogue:ANNUAL_LEAVE; work_rules.encashment,"Shanghai — a leaver’s unused statutory annual leave is paid at 200% more of the 12-month day wage (CN-N05, N06, N18)",CN-SH50-1,
CN-N18.no-clawback,CN,leave,Applies: 2008 onward; leavers. Enterprise measure: excess leave already taken is not recovered.,"Enterprise annual-leave measure arts. 9–13, 15",https://rsj.sh.gov.cn/trlzyhshbzbgz_17256/20200617/t0035_1388390.html,2026-09-29,2008-01-01,,GAP,No-clawback case unprobed.,leave_catalogue:ANNUAL_LEAVE; work_rules.encashment,,,
CN-N18.more-generous-terms,CN,leave,Applies: 2008 onward; eligible employees. Enterprise measure: valid terms more generous than the law prevail.,"Enterprise annual-leave measure arts. 9–13, 15",https://rsj.sh.gov.cn/trlzyhshbzbgz_17256/20200617/t0035_1388390.html,2026-09-29,2008-01-01,,GAP,No contractual leave-term input.,leave_catalogue:ANNUAL_LEAVE; work_rules.encashment,,,
CN-N18.correction-liability,CN,leave,Applies: 2008 onward; employers. Enterprise measure: an employer that fails to arrange or pay leave must correct it.,"Enterprise annual-leave measure arts. 9–13, 15",https://rsj.sh.gov.cn/trlzyhshbzbgz_17256/20200617/t0035_1388390.html,2026-09-29,2008-01-01,,GAP,No correction path.,leave_catalogue:ANNUAL_LEAVE; work_rules.encashment,,,
CN-N19.work-rules-communication,CN,other,Applies: 1 Dec 2025 onward; employers. LCL art. 4: lawful work rules must be communicated to workers.,"Labour Contract Law arts. 4, 10–21, 38–50, 82–87; implementation regulation arts. 6–7, 27",https://www.samr.gov.cn/zw/zfxxgk/fdzdgknr/bgt/art/2023/art_0abfdd261c03417b949df19d869add8d.html,2026-09-29,2025-12-01,,GAP,No work-rule notice input.,"adhoc_catalogue:SEVERANCE_PAY; adhoc_catalogue:NO_WRITTEN_CONTRACT_WAGE; adhoc_catalogue:OPEN_ENDED_CONTRACT_WAGE.request_requirements; adhoc_catalogue:PROBATION_EXCESS_DAMAGES.request_requirements; adhoc_catalogue:PROBATION_WAGE_SHORTFALL.request_requirements; terms_facts:probation_end,post_probation_wage,open_ended_due_on; exit_facts.lcl_termination_ground; exit_facts.notice_days_given; exit_facts.renewal_offer_refused; exit_facts.lcl47_average_monthly_wage; exit_facts.lcl97_pre2008_months; exit_facts.lcl97_pre2008_compensation; exit_facts.lcl10_transferred_service_months",,,
CN-N19.written-contract-double-wage,CN,other,"Applies: 1 Dec 2025 onward; contracted or de facto employment. LCL arts. 10, 82 and Regulation arts. 6–7: a written contract within one month, else a second wage from the day after the first month to the day before signing, at most eleven months.","Labour Contract Law arts. 4, 10–21, 38–50, 82–87; implementation regulation arts. 6–7, 27",https://www.samr.gov.cn/zw/zfxxgk/fdzdgknr/bgt/art/2023/art_0abfdd261c03417b949df19d869add8d.html,2026-09-30,2025-12-01,,TESTED,"Golden only; no probe. Probe CN-N41-3 added 30 Sep 2026, not yet run.","adhoc_catalogue:SEVERANCE_PAY; adhoc_catalogue:NO_WRITTEN_CONTRACT_WAGE; adhoc_catalogue:OPEN_ENDED_CONTRACT_WAGE.request_requirements; adhoc_catalogue:PROBATION_EXCESS_DAMAGES.request_requirements; adhoc_catalogue:PROBATION_WAGE_SHORTFALL.request_requirements; terms_facts:probation_end,post_probation_wage,open_ended_due_on; exit_facts.lcl_termination_ground; exit_facts.notice_days_given; exit_facts.renewal_offer_refused; exit_facts.lcl47_average_monthly_wage; exit_facts.lcl97_pre2008_months; exit_facts.lcl97_pre2008_compensation; exit_facts.lcl10_transferred_service_months","both cities — no written contract: a second wage from the day after the first month to the day before signing, at most eleven months (CN-N41, LCL art.82, Regulation arts.6–7)",CN-N41-3,
CN-N19.probation-limits,CN,other,"Applies: 1 Dec 2025 onward; contracted employment. LCL arts. 19, 83: probation is capped by contract term; excess probation is paid as damages.","Labour Contract Law arts. 4, 10–21, 38–50, 82–87; implementation regulation arts. 6–7, 27",https://www.samr.gov.cn/zw/zfxxgk/fdzdgknr/bgt/art/2023/art_0abfdd261c03417b949df19d869add8d.html,2026-09-30,2025-12-01,,TESTED,"Golden only. Probe CN-N41-4 added 30 Sep 2026, not yet run.","adhoc_catalogue:SEVERANCE_PAY; adhoc_catalogue:NO_WRITTEN_CONTRACT_WAGE; adhoc_catalogue:OPEN_ENDED_CONTRACT_WAGE.request_requirements; adhoc_catalogue:PROBATION_EXCESS_DAMAGES.request_requirements; adhoc_catalogue:PROBATION_WAGE_SHORTFALL.request_requirements; terms_facts:probation_end,post_probation_wage,open_ended_due_on; exit_facts.lcl_termination_ground; exit_facts.notice_days_given; exit_facts.renewal_offer_refused; exit_facts.lcl47_average_monthly_wage; exit_facts.lcl97_pre2008_months; exit_facts.lcl97_pre2008_compensation; exit_facts.lcl10_transferred_service_months","both cities — probation served beyond the art.19 limit is paid as damages at the wage after probation (CN-N41, LCL arts.19, 83)",CN-N41-4,
CN-N19.probation-wage-floor,CN,other,Applies: 1 Dec 2025 onward; workers on probation. LCL art. 20 and Regulation art. 15: the probation wage is at least 80% of the comparator and the local floor.,"Labour Contract Law arts. 4, 10–21, 38–50, 82–87; implementation regulation arts. 6–7, 27",https://www.samr.gov.cn/zw/zfxxgk/fdzdgknr/bgt/art/2023/art_0abfdd261c03417b949df19d869add8d.html,2026-09-30,2025-12-01,,TESTED,"Golden only; recorded default: 80% of the agreed wage. Probe CN-N41-4 (7,000 against 80% of 10,000 → 2,000) added 30 Sep 2026, not yet run; the local-minimum and same-post comparators are not inputs.","adhoc_catalogue:SEVERANCE_PAY; adhoc_catalogue:NO_WRITTEN_CONTRACT_WAGE; adhoc_catalogue:OPEN_ENDED_CONTRACT_WAGE.request_requirements; adhoc_catalogue:PROBATION_EXCESS_DAMAGES.request_requirements; adhoc_catalogue:PROBATION_WAGE_SHORTFALL.request_requirements; terms_facts:probation_end,post_probation_wage,open_ended_due_on; exit_facts.lcl_termination_ground; exit_facts.notice_days_given; exit_facts.renewal_offer_refused; exit_facts.lcl47_average_monthly_wage; exit_facts.lcl97_pre2008_months; exit_facts.lcl97_pre2008_compensation; exit_facts.lcl10_transferred_service_months","both cities — a probation wage under 80% of the agreed wage is owed as arrears (CN-N41, LCL art.20, Regulation art.15)",CN-N41-4,
CN-N19.termination-protection,CN,other,"Applies: 1 Dec 2025 onward; protected workers. LCL arts. 42, 45: termination reason, protected status and notice.","Labour Contract Law arts. 4, 10–21, 38–50, 82–87; implementation regulation arts. 6–7, 27",https://www.samr.gov.cn/zw/zfxxgk/fdzdgknr/bgt/art/2023/art_0abfdd261c03417b949df19d869add8d.html,2026-09-29,2025-12-01,,GAP,The protection gates are not modelled.,"adhoc_catalogue:SEVERANCE_PAY; adhoc_catalogue:NO_WRITTEN_CONTRACT_WAGE; adhoc_catalogue:OPEN_ENDED_CONTRACT_WAGE.request_requirements; adhoc_catalogue:PROBATION_EXCESS_DAMAGES.request_requirements; adhoc_catalogue:PROBATION_WAGE_SHORTFALL.request_requirements; terms_facts:probation_end,post_probation_wage,open_ended_due_on; exit_facts.lcl_termination_ground; exit_facts.notice_days_given; exit_facts.renewal_offer_refused; exit_facts.lcl47_average_monthly_wage; exit_facts.lcl97_pre2008_months; exit_facts.lcl97_pre2008_compensation; exit_facts.lcl10_transferred_service_months",,,
CN-N19.severance-wage-base,CN,other,"Applies: 1 Dec 2025 onward; covered exits. Regulation art. 27: severance is based on the wage due, bonus and allowances included, averaged over twelve months and floored at the local minimum.","Labour Contract Law arts. 4, 10–21, 38–50, 82–87; implementation regulation arts. 6–7, 27",https://www.samr.gov.cn/zw/zfxxgk/fdzdgknr/bgt/art/2023/art_0abfdd261c03417b949df19d869add8d.html,2026-09-29,2025-12-01,,TESTED,Golden: a bonus in the twelve months is inside the monthly wage.,"adhoc_catalogue:SEVERANCE_PAY; adhoc_catalogue:NO_WRITTEN_CONTRACT_WAGE; adhoc_catalogue:OPEN_ENDED_CONTRACT_WAGE.request_requirements; adhoc_catalogue:PROBATION_EXCESS_DAMAGES.request_requirements; adhoc_catalogue:PROBATION_WAGE_SHORTFALL.request_requirements; terms_facts:probation_end,post_probation_wage,open_ended_due_on; exit_facts.lcl_termination_ground; exit_facts.notice_days_given; exit_facts.renewal_offer_refused; exit_facts.lcl47_average_monthly_wage; exit_facts.lcl97_pre2008_months; exit_facts.lcl97_pre2008_compensation; exit_facts.lcl10_transferred_service_months",Shanghai — 经济补偿: a bonus in the twelve months is inside the monthly wage (Regulation art.27),,
CN-N19.de-facto-employment,CN,other,Applies: 1 Dec 2025 onward; de facto employment. An employment relationship without a written contract is still covered.,"Labour Contract Law arts. 4, 10–21, 38–50, 82–87; implementation regulation arts. 6–7, 27",https://www.samr.gov.cn/zw/zfxxgk/fdzdgknr/bgt/art/2023/art_0abfdd261c03417b949df19d869add8d.html,2026-09-29,2025-12-01,,GAP,No de facto classification input.,"adhoc_catalogue:SEVERANCE_PAY; adhoc_catalogue:NO_WRITTEN_CONTRACT_WAGE; adhoc_catalogue:OPEN_ENDED_CONTRACT_WAGE.request_requirements; adhoc_catalogue:PROBATION_EXCESS_DAMAGES.request_requirements; adhoc_catalogue:PROBATION_WAGE_SHORTFALL.request_requirements; terms_facts:probation_end,post_probation_wage,open_ended_due_on; exit_facts.lcl_termination_ground; exit_facts.notice_days_given; exit_facts.renewal_offer_refused; exit_facts.lcl47_average_monthly_wage; exit_facts.lcl97_pre2008_months; exit_facts.lcl97_pre2008_compensation; exit_facts.lcl10_transferred_service_months",,,
CN-N20.no-pay-cut-protection,CN,leave,"Applies: 2012 onward; pregnant, birthing and nursing employees. Female Workers Regulation art. 5: no salary reduction or termination for pregnancy, birth or nursing.",State Council Female Workers Special Protection Regulation arts. 5–9,https://xzfg.moj.gov.cn/mobile/law/detail?LawID=343,2026-09-29,2012-01-01,,GAP,Unmodelled.,leave_catalogue:MATERNITY_LEAVE,,,
CN-N20.seventh-month-restriction,CN,leave,Applies: 2012 onward; pregnant employees. Regulation art. 6: from the seventh month no extended hours or night work.,State Council Female Workers Special Protection Regulation arts. 5–9,https://xzfg.moj.gov.cn/mobile/law/detail?LawID=343,2026-09-29,2012-01-01,,GAP,Unmodelled.,leave_catalogue:MATERNITY_LEAVE,,,
CN-N20.prenatal-exams,CN,leave,Applies: 2012 onward; pregnant employees. Regulation art. 6: prenatal examinations count as working time.,State Council Female Workers Special Protection Regulation arts. 5–9,https://xzfg.moj.gov.cn/mobile/law/detail?LawID=343,2026-09-29,2012-01-01,,GAP,Unmodelled.,leave_catalogue:MATERNITY_LEAVE,,,
CN-N20.maternity-98-days,CN,leave,"Applies: 2012 onward; birthing employees. Regulation art. 7: 98 days of maternity leave, up to 15 before birth, plus the city extra days.",State Council Female Workers Special Protection Regulation arts. 5–9,https://xzfg.moj.gov.cn/mobile/law/detail?LawID=343,2026-09-29,2012-01-01,,TESTED,"Seeded 98 + city 60 (158) in every version. CN-SH14-1 and CN-KM32-1 added 30 Sep 2026, not yet run. Open: the engine charges maternity leave on working days, not calendar days.",leave_catalogue:MATERNITY_LEAVE,"${lineage} — annual, maternity, paternity and marriage leave on every sealed version",CN-SH14-1; CN-KM32-1,
CN-N20.difficult-birth-15,CN,leave,Applies: 2012 onward; birthing employees. Regulation art. 7: 15 more days for a difficult birth.,State Council Female Workers Special Protection Regulation arts. 5–9,https://xzfg.moj.gov.cn/mobile/law/detail?LawID=343,2026-09-29,2012-01-01,,TESTED,Golden only.,leave_catalogue:MATERNITY_LEAVE,"${lineage} — annual, maternity, paternity and marriage leave on every sealed version",,
CN-N20.additional-infant-15,CN,leave,Applies: 2012 onward; multiple births. Regulation art. 7: 15 more days for each additional infant.,State Council Female Workers Special Protection Regulation arts. 5–9,https://xzfg.moj.gov.cn/mobile/law/detail?LawID=343,2026-09-29,2012-01-01,,TESTED,"Golden: twins 173, triplets 188; refuses a multiple birth with fewer than two children recorded.",leave_catalogue:MATERNITY_LEAVE,"both cities — a third and fourth infant each add 15 maternity days, on every version (CN-N20)",,
CN-N20.miscarriage,CN,leave,"Applies: 2012 onward; employees who miscarry. Regulation art. 7: 15 days under four months of pregnancy, 42 days at or above four months.",State Council Female Workers Special Protection Regulation arts. 5–9,https://xzfg.moj.gov.cn/mobile/law/detail?LawID=343,2026-09-29,2012-01-01,,TESTED,Golden only.,leave_catalogue:MATERNITY_LEAVE,"${lineage} — annual, maternity, paternity and marriage leave on every sealed version",,
CN-N20.insured-benefit-or-wage,CN,leave,Applies: 2012 onward; birthing employees. Regulation art. 8: an insured worker receives the fund’s maternity allowance; an uninsured worker the pre-leave wage from the employer.,State Council Female Workers Special Protection Regulation arts. 5–9,https://xzfg.moj.gov.cn/mobile/law/detail?LawID=343,2026-09-29,2012-01-01,,TESTED,"Seeded as the allowance offset and employer benefit (CN-SH14, CN-KM32). CN-SH14-1 and CN-KM32-1 added 30 Sep 2026, not yet run.",leave_catalogue:MATERNITY_LEAVE,"Shanghai — the allowance paid to the worker offsets the leave wage; the employer pays the shortfall (CN-SH14, SH21)",CN-SH14-1; CN-KM32-1,
CN-N20.nursing-time,CN,leave,Applies: 2012 onward; nursing employees. Regulation art. 9: paid nursing time.,State Council Female Workers Special Protection Regulation arts. 5–9,https://xzfg.moj.gov.cn/mobile/law/detail?LawID=343,2026-09-29,2012-01-01,,GAP,Unmodelled.,leave_catalogue:MATERNITY_LEAVE,,,
CN-N21.injury-report-30-days,CN,leave,"Applies: 2011 onward; occupational injury or disease. Work Injury Insurance Regulation art. 17: the employer applies for recognition within 30 days, extended only by the authority.","Work Injury Insurance Regulation arts. 14–17, 33–39",https://xzfg.moj.gov.cn/front/law/detail?LawID=610,2026-09-29,2011-01-01,,EXTERNAL,Employer filing outside the calculator.,leave_catalogue:WORK_INJURY_LEAVE,,,
CN-N21.late-filing-cost,CN,leave,Applies: 2011 onward; late employer filing. Regulation art. 17: the employer bears eligible cost during an unjustified late filing.,"Work Injury Insurance Regulation arts. 14–17, 33–39",https://xzfg.moj.gov.cn/front/law/detail?LawID=610,2026-09-29,2011-01-01,,GAP,No filing-date input or cost rule.,leave_catalogue:WORK_INJURY_LEAVE,,,
CN-N21.stop-work-original-wage,CN,leave,"Applies: 2011 onward; recognised injuries. Regulation art. 33: during the stop-work medical period (normally at most 12 months, authorised extension at most 12 more) the original wage and benefits continue, paid monthly by the employer.","Work Injury Insurance Regulation arts. 14–17, 33–39",https://xzfg.moj.gov.cn/front/law/detail?LawID=610,2026-09-29,2011-01-01,,TESTED,"Kunming `WORK_INJURY_LEAVE` (at most 731 calendar days, certificate required; owner default: the contract wage continues). Shanghai pays a 12-month average (CN-SH20, open). CN-KM-WP13-1 added 30 Sep 2026, not yet run.",leave_catalogue:WORK_INJURY_LEAVE,"Kunming — 停工留薪期: paid work-injury leave, at most 24 months (731 calendar days), certificate required (工伤保险条例 art.33; CN-N21)",CN-KM-WP13-1,
CN-N21.disability-grade-liabilities,CN,leave,"Applies: 2011 onward; assessed injuries. Regulation arts. 34–39: after the grade is assessed, fund and employer liabilities follow the grade.","Work Injury Insurance Regulation arts. 14–17, 33–39",https://xzfg.moj.gov.cn/front/law/detail?LawID=610,2026-09-29,2011-01-01,,GAP,No grade-driven benefit path.,leave_catalogue:WORK_INJURY_LEAVE,,,
CN-N22.fair-recruitment,CN,filing,Applies: 2022 onward; employers recruiting. Employment Services Regulation: fair employment and truthful vacancy disclosure.,"Employment Services and Employment Management Regulation, consolidated through 2022; Labour Contract Law art. 50",https://rst.fj.gov.cn/zw/zxwj/rsbwj/202505/t20250514_6913783.htm,2026-09-29,2022-01-01,,EXTERNAL,No evidenced recruitment workflow.,,,,
CN-N22.hire-registration-30-days,CN,filing,Applies: 2022 onward; hires. Employment registration within 30 days after hiring.,"Employment Services and Employment Management Regulation, consolidated through 2022; Labour Contract Law art. 50",https://rst.fj.gov.cn/zw/zxwj/rsbwj/202505/t20250514_6913783.htm,2026-09-29,2022-01-01,,EXTERNAL,No registration receipt.,,,,
CN-N22.separation-filing-15-days,CN,filing,Applies: 2022 onward; exits. Separation filing within 15 days after the end.,"Employment Services and Employment Management Regulation, consolidated through 2022; Labour Contract Law art. 50",https://rst.fj.gov.cn/zw/zxwj/rsbwj/202505/t20250514_6913783.htm,2026-09-29,2022-01-01,,EXTERNAL,No filing receipt.,,,,
CN-N22.exit-certificate-transfer,CN,filing,Applies: 2022 onward; exits. LCL art. 50: exit certificate and record and social-insurance transfer within 15 days.,"Employment Services and Employment Management Regulation, consolidated through 2022; Labour Contract Law art. 50",https://rst.fj.gov.cn/zw/zxwj/rsbwj/202505/t20250514_6913783.htm,2026-09-29,2022-01-01,,EXTERNAL,No certificate or transfer receipt.,,,,
CN-N22.contract-record-retention,CN,filing,Applies: 2022 onward; exits. LCL art. 50: ended contracts are kept for two years.,"Employment Services and Employment Management Regulation, consolidated through 2022; Labour Contract Law art. 50",https://rst.fj.gov.cn/zw/zxwj/rsbwj/202505/t20250514_6913783.htm,2026-09-29,2022-01-01,,EXTERNAL,No retention control (CN-N52).,,,,
CN-N23.safety-duties,CN,other,"Applies: 2021 onward; all workers. Safety Production Law: employer safety responsibility, training and protective equipment.","Safety Production Law, consolidated through 2021; Female-worker regulation art. 4",https://wb.flk.npc.gov.cn/flfg/texthtml/c4bbdc56233646b98d22c0e7915230b3.html,2026-09-29,2021-01-01,,EXTERNAL,No evidenced workflow.,,,,
CN-N23.accident-reporting,CN,other,Applies: 2021 onward; employers. Safety Production Law: truthful accident reporting.,"Safety Production Law, consolidated through 2021; Female-worker regulation art. 4",https://wb.flk.npc.gov.cn/flfg/texthtml/c4bbdc56233646b98d22c0e7915230b3.html,2026-09-29,2021-01-01,,EXTERNAL,No evidenced workflow.,,,,
CN-N23.emergency-stoppage-pay,CN,other,Applies: 2021 onward; workers who stop or evacuate lawfully in an emergency. No wage or benefit reduction or dismissal for it.,"Safety Production Law, consolidated through 2021; Female-worker regulation art. 4",https://wb.flk.npc.gov.cn/flfg/texthtml/c4bbdc56233646b98d22c0e7915230b3.html,2026-09-29,2021-01-01,,EXTERNAL,No emergency-stop input; paid protected absence unprobed.,,,,
CN-N23.female-prohibited-jobs,CN,other,Applies: 2012 onward; female workers. Female-worker regulation art. 4: prohibited-job notice and protection.,"Safety Production Law, consolidated through 2021; Female-worker regulation art. 4",https://wb.flk.npc.gov.cn/flfg/texthtml/c4bbdc56233646b98d22c0e7915230b3.html,2026-09-29,2021-01-01,,EXTERNAL,No evidenced workflow.,,,,
CN-N23.sector-rules,CN,other,Applies: per instrument; construction and hazardous work. Sector-specific rules need a separate applicability review.,"Safety Production Law, consolidated through 2021; Female-worker regulation art. 4",https://wb.flk.npc.gov.cn/flfg/texthtml/c4bbdc56233646b98d22c0e7915230b3.html,2026-09-29,2021-01-01,,EXTERNAL,Applicability review open.,,,,
CN-N24.quota-or-levy,CN,levy,Applies: 2007 onward; quota-covered employers. Disability Employment Regulation arts. 8–9: employ disabled workers at the local ratio (national floor 1.5%) or pay the employer-only levy = (prior-year average headcount × local ratio − disabled employees) × prior-year average wage.,Disability Employment Regulation arts. 8–9; MOF Announcement 2023 No. 8,https://rsj.sh.gov.cn/tgwyxzfgwj_17255/20200617/t0035_1388273.html,2026-09-29,2007-01-01,,EXTERNAL,No levy workflow.,,,,
CN-N24.reduction-50pct,CN,levy,Applies: 1 Jan 2023–31 Dec 2027; quota-covered employers. MOF 2023 No. 8: 50% of the levy at a disabled-employment ratio of at least 1% but below the local ratio.,Disability Employment Regulation arts. 8–9; MOF Announcement 2023 No. 8,https://rsj.sh.gov.cn/tgwyxzfgwj_17255/20200617/t0035_1388273.html,2026-09-29,2023-01-01,2027-12-31,EXTERNAL,No levy workflow.,,,,
CN-N24.reduction-90pct,CN,levy,Applies: 1 Jan 2023–31 Dec 2027; quota-covered employers. MOF 2023 No. 8: 90% of the levy is waived below a 1% ratio.,Disability Employment Regulation arts. 8–9; MOF Announcement 2023 No. 8,https://rsj.sh.gov.cn/tgwyxzfgwj_17255/20200617/t0035_1388273.html,2026-09-29,2023-01-01,2027-12-31,EXTERNAL,No levy workflow.,,,,
CN-N24.small-employer-exemption,CN,levy,Applies: 1 Jan 2023–31 Dec 2027; employers with 30 or fewer staff. MOF 2023 No. 8: exempt.,Disability Employment Regulation arts. 8–9; MOF Announcement 2023 No. 8,https://rsj.sh.gov.cn/tgwyxzfgwj_17255/20200617/t0035_1388273.html,2026-09-29,2023-01-01,2027-12-31,EXTERNAL,No levy workflow.,,,,
CN-N24.wage-cap,CN,levy,Applies: 2019 onward; quota-covered employers. MOF 2019 No. 98: the employer average wage is capped at twice the local social average.,Disability Employment Regulation arts. 8–9; MOF Announcement 2023 No. 8,https://rsj.sh.gov.cn/tgwyxzfgwj_17255/20200617/t0035_1388273.html,2026-09-29,2007-01-01,,EXTERNAL,No levy workflow.,,,,
CN-N25.work-permit,CN,contribution,Applies: 2017 onward; foreign employees. Foreign Employment Management Regulation: valid work permission matching the employer and worksite.,"Foreign Employment Management Regulation, consolidated through 2017; Social Insurance Law art. 97; MOHRSS foreign-insurance guidance",https://www.gov.cn/zhengce/2022-08/31/content_5711314.htm,2026-09-29,2017-01-01,,GAP,No permit validity input; the permit terminology needs reconciliation.,statutory_contributions:PENSION; statutory_contributions:MEDICAL; statutory_contributions:UNEMPLOYMENT; statutory_contributions:INJURY; statutory_contributions:HOUSING_FUND,,,
CN-N25.labour-standards,CN,contribution,"Applies: 2017 onward; foreign employees. The local minimum wage and working-time, leave and safety standards apply.","Foreign Employment Management Regulation, consolidated through 2017; Social Insurance Law art. 97; MOHRSS foreign-insurance guidance",https://www.gov.cn/zhengce/2022-08/31/content_5711314.htm,2026-09-29,2017-01-01,,IMPLEMENTED,"No nationality gate: the same wage, hours and leave rules apply to every worker; no golden or probe tests a foreign worker against a floor. Probe CN-N25-1 (a foreign non-resident netting 2,216.70 against the 2,740 floor is refused) added 30 Sep 2026, not yet run.",statutory_contributions:PENSION; statutory_contributions:MEDICAL; statutory_contributions:UNEMPLOYMENT; statutory_contributions:INJURY; statutory_contributions:HOUSING_FUND,,CN-N25-1,
CN-N25.ordinary-social-insurance,CN,contribution,Applies: 2017 onward; foreign employees. Social Insurance Law art. 97: a foreign employee is insured like any other worker.,"Foreign Employment Management Regulation, consolidated through 2017; Social Insurance Law art. 97; MOHRSS foreign-insurance guidance",https://www.gov.cn/zhengce/2022-08/31/content_5711314.htm,2026-09-29,2017-01-01,,TESTED,"Golden: a foreign worker is insured like anyone else. CN-SH09-1 and CN-KM-A1-1 ran 29 Sep 2026 per the parent row, but the parent carried no verified_at, so this branch is not VERIFIED here. CN-N10-2 added 30 Sep 2026, not yet run.",statutory_contributions:PENSION; statutory_contributions:MEDICAL; statutory_contributions:UNEMPLOYMENT; statutory_contributions:INJURY; statutory_contributions:HOUSING_FUND,"Shanghai — a pensioned retiree, a worker past retirement age, and a foreign worker (CN-N13, N25, SH25, SH41)",CN-SH09-1; CN-KM-A1-1; CN-N10-2,
CN-N25.treaty-exemption,CN,contribution,Applies: 2017 onward; foreign employees of treaty countries. MOHRSS guidance: a bilateral agreement certificate exempts listed schemes.,"Foreign Employment Management Regulation, consolidated through 2017; Social Insurance Law art. 97; MOHRSS foreign-insurance guidance",https://www.gov.cn/zhengce/2022-08/31/content_5711314.htm,2026-09-29,2017-01-01,,GAP,No treaty or certificate input.,statutory_contributions:PENSION; statutory_contributions:MEDICAL; statutory_contributions:UNEMPLOYMENT; statutory_contributions:INJURY; statutory_contributions:HOUSING_FUND,,,
CN-N26.shanghai-allowance,CN,wages,Applies: 2012 onward; Shanghai heat-exposed workers. Heatstroke Prevention Measure art. 17 with the Shanghai amount (CN-SH19): a cash high-temperature allowance inside total wages; cooling drinks cannot replace it.,"Four-agency Heatstroke Prevention Measure arts. 8–11, 17, 19",https://www.nhc.gov.cn/zhjcj/c100093/201207/2cdae24e57d04213944bcc6ef736a69b.shtml,2026-09-29,2012-01-01,,TESTED,"Seeded HEAT_ALLOWANCE. CN-SH19-1 ran 29 Sep 2026 per the parent row, but the parent carried no verified_at, so this branch is not VERIFIED here. CN-SH19-2 passed in the R8 run of 30 Sep 2026, after the parent’s verified_at (2026-09-29); not VERIFIED until re-verified on that basis. CN-SH19-3 added 30 Sep 2026, not yet run.",allowance_catalogue:HEAT_ALLOWANCE,"Shanghai — the summer heat allowance is 300 a month from June to September, taxed as wages (沪人社规〔2019〕19号; CN-SH19)",CN-SH19-1; CN-SH19-2; CN-SH19-3,
CN-N26.kunming-allowance,CN,wages,Applies: 2012 onward; Kunming heat-exposed workers. Measure art. 17 with the Yunnan amount (CN-KM13).,"Four-agency Heatstroke Prevention Measure arts. 8–11, 17, 19",https://www.nhc.gov.cn/zhjcj/c100093/201207/2cdae24e57d04213944bcc6ef736a69b.shtml,2026-09-29,2012-01-01,,GAP,The per-working-day CNY10 needs a dated exposure-day count no input carries.,allowance_catalogue:HEAT_ALLOWANCE,,,
CN-N26.indoor-33,CN,wages,Applies: 2012 onward; indoor workplaces. Art. 17: an indoor workplace not reducible below 33°C qualifies.,"Four-agency Heatstroke Prevention Measure arts. 8–11, 17, 19",https://www.nhc.gov.cn/zhjcj/c100093/201207/2cdae24e57d04213944bcc6ef736a69b.shtml,2026-09-29,2012-01-01,,GAP,No indoor-temperature exposure record.,allowance_catalogue:HEAT_ALLOWANCE,,,
CN-N26.high-temperature-hours,CN,wages,Applies: 2012 onward; outdoor work. Measure arts. 8–10: outdoor hours are constrained at 37–40°C and such work stops at 40°C.,"Four-agency Heatstroke Prevention Measure arts. 8–11, 17, 19",https://www.nhc.gov.cn/zhjcj/c100093/201207/2cdae24e57d04213944bcc6ef736a69b.shtml,2026-09-29,2012-01-01,,GAP,No weather-linked scheduling rule.,allowance_catalogue:HEAT_ALLOWANCE,,,
CN-N26.heatstroke-injury,CN,wages,Applies: 2012 onward; affected workers. Measure art. 19: occupational heatstroke can enter work-injury insurance.,"Four-agency Heatstroke Prevention Measure arts. 8–11, 17, 19",https://www.nhc.gov.cn/zhjcj/c100093/201207/2cdae24e57d04213944bcc6ef736a69b.shtml,2026-09-29,2012-01-01,,EXTERNAL,Injury recognition is external (CN-N21).,allowance_catalogue:HEAT_ALLOWANCE,,,
CN-N27.hours-limit,CN,other,Applies: 2008 onward; non-full-time employment. LCL art. 68: normally at most four hours a day and 24 a week for one employer.,Labour Contract Law arts. 68–72,https://www.samr.gov.cn/zw/zfxxgk/fdzdgknr/bgt/art/2023/art_0abfdd261c03417b949df19d869add8d.html,2026-09-29,2008-01-01,,GAP,No part-time class or hours gate.,,,,
CN-N27.no-probation,CN,other,Applies: 2008 onward; non-full-time employment. LCL art. 70: no probation.,Labour Contract Law arts. 68–72,https://www.samr.gov.cn/zw/zfxxgk/fdzdgknr/bgt/art/2023/art_0abfdd261c03417b949df19d869add8d.html,2026-09-29,2008-01-01,,GAP,No part-time class.,,,,
CN-N27.termination-without-compensation,CN,other,Applies: 2008 onward; non-full-time employment. LCL art. 71: either side may end it at any time without economic compensation.,Labour Contract Law arts. 68–72,https://www.samr.gov.cn/zw/zfxxgk/fdzdgknr/bgt/art/2023/art_0abfdd261c03417b949df19d869add8d.html,2026-09-29,2008-01-01,,GAP,No part-time class.,,,,
CN-N27.hourly-minimum,CN,other,Applies: 2008 onward; non-full-time employment. LCL art. 72: the hourly wage is at least the local hourly minimum.,Labour Contract Law arts. 68–72,https://www.samr.gov.cn/zw/zfxxgk/fdzdgknr/bgt/art/2023/art_0abfdd261c03417b949df19d869add8d.html,2026-09-29,2008-01-01,,GAP,"Hourly floors only warn (CN-SH01, CN-KM01).",,,,
CN-N27.fifteen-day-settlement,CN,other,Applies: 2008 onward; non-full-time employment. LCL art. 72: wages settle at intervals of at most 15 days.,Labour Contract Law arts. 68–72,https://www.samr.gov.cn/zw/zfxxgk/fdzdgknr/bgt/art/2023/art_0abfdd261c03417b949df19d869add8d.html,2026-09-29,2008-01-01,,GAP,No 15-day pay calendar.,,,,
CN-N27.injury-cover,CN,other,Applies: 2008 onward; non-full-time employment. Local injury-insurance coverage still applies (Yunnan CN-KM14).,Labour Contract Law arts. 68–72,https://www.samr.gov.cn/zw/zfxxgk/fdzdgknr/bgt/art/2023/art_0abfdd261c03417b949df19d869add8d.html,2026-09-29,2008-01-01,,GAP,No part-time coverage rule.,,,,
CN-N28.host-job-types-and-cap,CN,other,"Applies: 2014 onward; hosts using dispatch. Dispatch Rules arts. 3–4: only temporary, auxiliary or substitute jobs, generally at most 10% of headcount.",MOHRSS Dispatch Interim Rules arts. 3–19,https://rsj.sh.gov.cn/trlzyhshbzbgz_17256/20240813/t0035_1427021.html,2026-09-29,2014-01-01,,GAP,No dispatch classification.,,,,
CN-N28.agency-contract-two-years,CN,other,Applies: 2014 onward; staffing agencies. The agency’s worker contract lasts at least two years.,MOHRSS Dispatch Interim Rules arts. 3–19,https://rsj.sh.gov.cn/trlzyhshbzbgz_17256/20240813/t0035_1427021.html,2026-09-29,2014-01-01,,GAP,No dispatch classification.,,,,
CN-N28.equal-pay,CN,other,"Applies: 2014 onward; dispatched workers. Wages and benefits follow the equal-pay comparator, with social insurance.",MOHRSS Dispatch Interim Rules arts. 3–19,https://rsj.sh.gov.cn/trlzyhshbzbgz_17256/20240813/t0035_1427021.html,2026-09-29,2014-01-01,,GAP,No comparator input.,,,,
CN-N28.unassigned-minimum,CN,other,Applies: 2014 onward; unassigned dispatched workers. The agency pays at least the local minimum during lawful unassigned periods.,MOHRSS Dispatch Interim Rules arts. 3–19,https://rsj.sh.gov.cn/trlzyhshbzbgz_17256/20240813/t0035_1427021.html,2026-09-29,2014-01-01,,GAP,No benching input.,,,,
CN-N28.cross-region-insurance,CN,other,Applies: 2014 onward; cross-region dispatch. Insurance follows the host location.,MOHRSS Dispatch Interim Rules arts. 3–19,https://rsj.sh.gov.cn/trlzyhshbzbgz_17256/20240813/t0035_1427021.html,2026-09-29,2014-01-01,,GAP,No host-city insurance routing.,,,,
CN-N28.agency-host-duties,CN,other,"Applies: 2014 onward; agencies and hosts. Injury, safety and exit duties are allocated between agency and host.",MOHRSS Dispatch Interim Rules arts. 3–19,https://rsj.sh.gov.cn/trlzyhshbzbgz_17256/20240813/t0035_1427021.html,2026-09-29,2014-01-01,,GAP,No allocation input.,,,,
CN-N29.under-16-ban,CN,other,"Applies: 2002 onward; applicants below 16. Child Labour Prohibition Regulation arts. 2, 4: ordinary employers may not recruit below 16 and must check and keep identity verification.","Child Labour Prohibition Regulation arts. 2, 4, 13; Minor Worker Special Protection Rules arts. 3, 6, 9",https://xzfg.moj.gov.cn/front/law/detail?LawID=604&Query=%E7%AB%A5%E5%B7%A5%E8%A7%84%E5%AE%9A,2026-09-29,2002-01-01,,GAP,No age gate.,,,,
CN-N29.narrow-exceptions,CN,other,"Applies: 2002 onward; arts, sport and school practice. Regulation art. 13: narrow performing-arts, sport and lawful school-practice exceptions.","Child Labour Prohibition Regulation arts. 2, 4, 13; Minor Worker Special Protection Rules arts. 3, 6, 9",https://xzfg.moj.gov.cn/front/law/detail?LawID=604&Query=%E7%AB%A5%E5%B7%A5%E8%A7%84%E5%AE%9A,2026-09-29,2002-01-01,,GAP,No exception input.,,,,
CN-N29.minor-worker-protections,CN,other,"Applies: 2002 onward; workers aged 16–17. Minor Worker Special Protection Rules arts. 3, 6, 9: hazardous-job restrictions, health checks and registration.","Child Labour Prohibition Regulation arts. 2, 4, 13; Minor Worker Special Protection Rules arts. 3, 6, 9",https://xzfg.moj.gov.cn/front/law/detail?LawID=604&Query=%E7%AB%A5%E5%B7%A5%E8%A7%84%E5%AE%9A,2026-09-29,2002-01-01,,GAP,No minor-worker gate.,,,,
CN-N30.hazard-disclosure,CN,other,Applies: 2018 onward; occupational-hazard work. Occupational Disease Prevention Law art. 33: disclosure and training.,Occupational Disease Prevention Law arts. 33–36,https://www.nhc.gov.cn/zyjks/c100152/201905/ea5d92ee3e6847feb83b662b18e08c84.shtml,2026-09-29,2018-01-01,,GAP,No hazard workflow.,,,,
CN-N30.health-exams,CN,other,"Applies: 2018 onward; hazard-exposed workers. Art. 35: employer-paid pre-assignment, periodic and pre-exit health exams with written results.",Occupational Disease Prevention Law arts. 33–36,https://www.nhc.gov.cn/zyjks/c100152/201905/ea5d92ee3e6847feb83b662b18e08c84.shtml,2026-09-29,2018-01-01,,GAP,No exam records.,,,,
CN-N30.contraindication-transfer,CN,other,Applies: 2018 onward; hazard-exposed workers. Art. 35: transfer when medically contraindicated.,Occupational Disease Prevention Law arts. 33–36,https://www.nhc.gov.cn/zyjks/c100152/201905/ea5d92ee3e6847feb83b662b18e08c84.shtml,2026-09-29,2018-01-01,,GAP,No transfer rule.,,,,
CN-N30.pre-exit-exam-block,CN,other,Applies: 2018 onward; hazard-exposed workers. Art. 35: the employer cannot terminate before the required pre-exit exam.,Occupational Disease Prevention Law arts. 33–36,https://www.nhc.gov.cn/zyjks/c100152/201905/ea5d92ee3e6847feb83b662b18e08c84.shtml,2026-09-29,2018-01-01,,GAP,An exit without the exam is not blocked or flagged.,,,,
CN-N31.recruitment-screening,CN,other,"Applies: 2023 onward; recruitment of women. Women’s Rights Protection Law art. 43: no sex, marriage or pregnancy screening.","Women’s Rights Protection Law arts. 23, 25, 43–48",https://gzca.miit.gov.cn/zwgk/zcwj/zcfg/art/2022/art_47b4c78a8f52484587e1b198c52fa909.html,2026-09-29,2023-01-01,,EXTERNAL,No evidenced workflow.,,,,
CN-N31.equal-pay-and-clauses,CN,other,Applies: 2023 onward; female employees. Arts. 44–45: female-worker protection clauses and equal pay and benefits.,"Women’s Rights Protection Law arts. 23, 25, 43–48",https://gzca.miit.gov.cn/zwgk/zcwj/zcfg/art/2022/art_47b4c78a8f52484587e1b198c52fa909.html,2026-09-29,2023-01-01,,EXTERNAL,No pay comparator.,,,,
CN-N31.no-reduction-for-maternity,CN,other,"Applies: 2023 onward; female employees. Arts. 43–48: no salary or advancement reduction for marriage, pregnancy, maternity or nursing.","Women’s Rights Protection Law arts. 23, 25, 43–48",https://gzca.miit.gov.cn/zwgk/zcwj/zcfg/art/2022/art_47b4c78a8f52484587e1b198c52fa909.html,2026-09-29,2023-01-01,,EXTERNAL,Linked to CN-N20; no evidenced workflow.,,,,
CN-N31.harassment-prevention,CN,other,Applies: 2023 onward; employers. Art. 25: prevent and handle workplace sexual harassment.,"Women’s Rights Protection Law arts. 23, 25, 43–48",https://gzca.miit.gov.cn/zwgk/zcwj/zcfg/art/2022/art_47b4c78a8f52484587e1b198c52fa909.html,2026-09-29,2023-01-01,,EXTERNAL,No complaint workflow.,,,,
CN-N32.lawful-processing,CN,records,"Applies: 2021 onward; payroll and HR data. PIPL arts. 13, 17: necessary HR processing under work rules, a collective agreement or legal duty, with notice and minimisation.","Personal Information Protection Law arts. 13, 17, 28–29, 38–39, 51",https://www.npc.gov.cn/WZWSREL25wYy9jMi9jMzA4MzQvMjAyMTA4L3QyMDIxMDgyMF8zMTMwODguaHRtbD9yZWY9aW1i,2026-09-29,2021-01-01,,EXTERNAL,No evidenced data workflow.,,,,
CN-N32.sensitive-records,CN,records,Applies: 2021 onward; medical and biometric records. PIPL arts. 28–29: additional conditions for sensitive data.,"Personal Information Protection Law arts. 13, 17, 28–29, 38–39, 51",https://www.npc.gov.cn/WZWSREL25wYy9jMi9jMzA4MzQvMjAyMTA4L3QyMDIxMDgyMF8zMTMwODguaHRtbD9yZWY9aW1i,2026-09-29,2021-01-01,,EXTERNAL,No sensitivity controls evidenced.,,,,
CN-N32.cross-border-and-processors,CN,records,Applies: 2021 onward; transfers and vendors. PIPL arts. 38–39 (outside-China transfer) and art. 51 (protection measures); outside-China transfer and processor arrangements carry additional conditions.,"Personal Information Protection Law arts. 13, 17, 28–29, 38–39, 51",https://www.npc.gov.cn/WZWSREL25wYy9jMi9jMzA4MzQvMjAyMTA4L3QyMDIxMDgyMF8zMTMwODguaHRtbD9yZWY9aW1i,2026-09-29,2021-01-01,,EXTERNAL,No transfer classification.,,,,
CN-N33.refund-2025,CN,contribution,"Applies: 2025 through 31 Dec 2025; employers electing the job-retention refund. 人社部发〔2025〕18号: a qualifying enterprise (twelve months’ full contributions, no layoff or layoff rate within the national target) may receive a refund of prior-year premiums.",人社部发〔2025〕18号; 2026 successor 〔2026〕39号,https://fgk.chinatax.gov.cn/zcfgk/c100013/c5239959/content.html,2026-09-29,2025-01-01,2025-12-31,EXTERNAL,No eligibility or receipt workflow.,,,,
CN-N33.refund-2026,CN,contribution,Applies: 1 Jan–31 Dec 2026; employers electing the job-retention refund. 人社部发〔2026〕39号 continues the refund; covered non-enterprise actors differ by year.,人社部发〔2025〕18号; 2026 successor 〔2026〕39号,https://fgk.chinatax.gov.cn/zcfgk/c100013/c5239959/content.html,2026-09-29,2026-01-01,2026-12-31,EXTERNAL,No eligibility or receipt workflow.,,,,
CN-N33.large-enterprise-30pct,CN,contribution,Applies: 2025–2026; large enterprises. Refund up to 30% of prior-year employer and employee premiums.,人社部发〔2025〕18号; 2026 successor 〔2026〕39号,https://fgk.chinatax.gov.cn/zcfgk/c100013/c5239959/content.html,2026-09-29,2025-01-01,2026-12-31,EXTERNAL,Local rate and approval unconfirmed.,,,,
CN-N33.small-micro-60pct,CN,contribution,Applies: 2025–2026; small and micro enterprises. Refund up to 60%; a ≤30-worker enterprise has its own ≤20%-of-headcount layoff limit.,人社部发〔2025〕18号; 2026 successor 〔2026〕39号,https://fgk.chinatax.gov.cn/zcfgk/c100013/c5239959/content.html,2026-09-29,2025-01-01,2026-12-31,EXTERNAL,Local rate and approval unconfirmed.,,,,
CN-N33.use-and-pass-through,CN,contribution,"Applies: 2025–2026; recipients. Funds support worker living costs, insurance, training or retention; an employer credit, never a worker deduction or a refund of withheld premiums; 2025 dispatch agencies must pass it through.",人社部发〔2025〕18号; 2026 successor 〔2026〕39号,https://fgk.chinatax.gov.cn/zcfgk/c100013/c5239959/content.html,2026-09-29,2025-01-01,2026-12-31,EXTERNAL,No grant destination or pass-through evidence.,,,,
CN-N34.expansion-grant-2026,CN,other,"Applies: 1 Jan–31 Dec 2026; qualifying new hires. 人社部发〔2026〕39号: a one-time grant up to CNY1,500 per hire of an unemployed graduate or registered unemployed youth aged 16–24, after a contract and three months’ full unemployment, injury and pension contributions; the employer’s, not the payslip’s.",人社部发〔2026〕39号; 2025 national instrument,https://www.gov.cn/zhengce/zhengceku/202607/content_7074139.htm,2026-09-29,2026-01-01,2026-12-31,EXTERNAL,No eligibility or receipt workflow; local level and duplicate rules unconfirmed.,,,,
CN-N34.skills-subsidy,CN,other,"Applies: 1 Jan–31 Dec 2026; individual workers. 39号 skills subsidies of CNY1,000/1,500/2,000 paid to the worker.",人社部发〔2026〕39号; 2025 national instrument,https://www.gov.cn/zhengce/zhengceku/202607/content_7074139.htm,2026-09-29,2026-01-01,2026-12-31,EXTERNAL,Not yet mapped.,,,,
CN-N34.expansion-grant-2025,CN,other,Applies: December 2025. The 2025 national instrument has a related branch needing its own local rate and eligibility check.,人社部发〔2026〕39号; 2025 national instrument,https://www.gov.cn/zhengce/zhengceku/202607/content_7074139.htm,2026-09-29,2025-12-01,2025-12-31,EXTERNAL,December 2025 local predecessor unresolved.,,,,
CN-N35.employer-share,CN,contribution,"Applies: staged local rollout from 26 Mar 2026. National plan benchmark: employer about 0.15% on the employer wage-total base, collected with medical insurance.",National Medical Security Administration and seven ministries' 2026 implementation plan,https://www.nhsa.gov.cn/art/2026/3/26/art_53_20040.html,2026-09-29,2026-03-26,,AWAITING-LAW,"No Shanghai or Kunming instrument under the plan (CN-SH37, CN-KM16).",,,,
CN-N35.employee-share,CN,contribution,Applies: staged local rollout from 26 Mar 2026. National plan benchmark: employee about 0.15% on the individual wage base.,National Medical Security Administration and seven ministries' 2026 implementation plan,https://www.nhsa.gov.cn/art/2026/3/26/art_53_20040.html,2026-09-29,2026-03-26,,AWAITING-LAW,No local instrument; no deduction may be created.,,,,
CN-N35.pilot-city-transition,CN,contribution,Applies: pre-existing pilot cities. The plan permits medical-fund reallocation and requires pilot cities to set transition rules.,National Medical Security Administration and seven ministries' 2026 implementation plan,https://www.nhsa.gov.cn/art/2026/3/26/art_53_20040.html,2026-09-29,2026-03-26,,AWAITING-LAW,Shanghai and Kunming transition rules not published.,,,,
CN-N36.union-funds-2pct,CN,levy,"Applies: 1 Jan 2022 onward; employers with a union. Trade Union Law art. 43: 2% of the monthly total wages of all employees, employer-only.",Trade Union Law art. 43 as amended 24 Dec 2021,http://www.npc.gov.cn/c2/c30834/202112/t20211224_315597.html,2026-09-29,2022-01-01,,EXTERNAL,No levy output or remittance evidence; Shanghai collection channel and base not researched.,,,,
CN-N36.no-union-preparatory-fund,CN,levy,Applies: 1 Jan 2022 onward; employers without a union. Any Shanghai preparatory fund needs a Shanghai source.,Trade Union Law art. 43 as amended 24 Dec 2021,http://www.npc.gov.cn/c2/c30834/202112/t20211224_315597.html,2026-09-29,2022-01-01,,EXTERNAL,Not researched.,,,,
CN-N37.si-waiver-void,CN,contribution,Applies: 1 Sep 2025 onward. SPC Interpretation (II) art. 19: any agreement or undertaking that social insurance need not be paid is void.,"SPC Labour Dispute Interpretation (II), 法释〔2025〕12号; Gazette text; quoted by NHSA",https://www.court.gov.cn/zixun/xiangqing/472691.html,2026-09-29,2025-09-01,,GAP,No payroll SI opt-out refusal gate.,,,,
CN-N37.waiver-resignation-compensation,CN,contribution,Applies: 1 Sep 2025 onward. Art. 19: the worker may resign under LCL art. 38(1)(3) and claim economic compensation.,"SPC Labour Dispute Interpretation (II), 法释〔2025〕12号; Gazette text; quoted by NHSA",https://www.court.gov.cn/zixun/xiangqing/472691.html,2026-09-29,2025-09-01,,GAP,No ground mapping for this resignation.,,,,
CN-N37.cash-si-recovery,CN,contribution,Applies: 1 Sep 2025 onward. Art. 19: after back-paying insurance the employer may recover cash “SI compensation” it paid the worker.,"SPC Labour Dispute Interpretation (II), 法释〔2025〕12号; Gazette text; quoted by NHSA",https://www.court.gov.cn/zixun/xiangqing/472691.html,2026-09-29,2025-09-01,,GAP,No recovery path after proven back-payment.,,,,
CN-N37.subcontract-liability,CN,contribution,Applies: 1 Sep 2025 onward. Art. 1: a contractor subcontracting to an unqualified party is liable for wages and work injury.,"SPC Labour Dispute Interpretation (II), 法释〔2025〕12号; Gazette text; quoted by NHSA",https://www.court.gov.cn/zixun/xiangqing/472691.html,2026-09-29,2025-09-01,,GAP,No contractor-liability input.,,,,
CN-N37.unmapped-articles,CN,contribution,"Applies: 1 Sep 2025 onward. Its articles on affiliated-employer service aggregation, deemed open-ended contracts, double wages and non-compete.","SPC Labour Dispute Interpretation (II), 法释〔2025〕12号; Gazette text; quoted by NHSA",https://www.court.gov.cn/zixun/xiangqing/472691.html,2026-09-29,2025-09-01,,GAP,"Article-level mapping open (CN-N12, N19, N42, SH16).",,,,
CN-N38.resident-annual-table,CN,tax,"Applies: 1 Jan 2019 onward; residents. STA 2018 No. 61 art. 6, annex table 1: cumulative taxable income ≤36,000 at 3%; 36,000–144,000 at 10% (QD 2,520); 144,000–300,000 at 20% (QD 16,920); 300,000–420,000 at 25% (QD 31,920); 420,000–660,000 at 30% (QD 52,920); 660,000–960,000 at 35% (QD 85,920); above 960,000 at 45% (QD 181,920); period tax never below 0, to the fen.","STA 2018 No. 61; IIT Law arts. 3 and 6; STA 2022 No. 7 annex 2; 财税〔2006〕10号; STA Foshan bureau filing guide, 2025-10-09",https://www.chinatax.gov.cn/n810219/n810744/n3752930/n3752974/c3963396/content.html,2026-09-29,2019-01-01,,TESTED,"Golden: the 130 register case and the 36,000 seam. CN-SH05-2 (the 36,000 seam) ran 29 Sep 2026 per the parent row, but the parent carried no verified_at, so this branch is not VERIFIED here.",statutory_contributions:IIT,Shanghai — the 3% / 10% seam of the annual table is ceiling-inclusive (CN-N38),CN-SH05-2,
CN-N38.non-resident-monthly-table,CN,tax,"Applies: 1 Jan 2019 onward; non-residents. STA 2018 No. 61 art. 9, table 3 and IIT Law art. 6(2): the month’s wage less CNY5,000, no insurance or fund relief, on bands to 3,000/12,000/25,000/35,000/55,000/80,000 and above at 3/10/20/25/30/35/45%, QD 0/210/1,410/2,660/4,410/7,160/15,160.","STA 2018 No. 61; IIT Law arts. 3 and 6; STA 2022 No. 7 annex 2; 财税〔2006〕10号; STA Foshan bureau filing guide, 2025-10-09",https://www.chinatax.gov.cn/n810219/n810744/n3752930/n3752974/c3963396/content.html,2026-09-29,2019-01-01,,TESTED,"Golden: 8,000 → 90 with no insurance relief. CN-SH09-1 (the 25,000 seam) ran 29 Sep 2026 per the parent row, but the parent carried no verified_at, so this branch is not VERIFIED here. CN-N10-2 added 30 Sep 2026, not yet run.",statutory_contributions:IIT,"Shanghai — a non-resident is withheld monthly on wage − 5,000, no insurance relief (CN-N38)",CN-SH09-1; CN-N10-2,
CN-N39.termination-lump-sum,CN,tax,Applies: 1 Jan 2019 onward; payment on ending the labour relationship. 财税〔2018〕164号 item 5(1): exempt up to 3× the local prior-year average annual wage; the excess taxed alone on the annual table.,财税〔2018〕164号 item 5,http://szs.mof.gov.cn/zhengcefabu/201812/t20181227_3110164.htm,2026-09-30,2019-01-01,,TESTED,"`IIT_SEVERANCE` seeded; golden 895,248 → 81,367.20. CN-SH50-1 (IIT-exempt) ran 29 Sep 2026 per the parent row, but the parent carried no verified_at, so this branch is not VERIFIED here. CN-SH50-2 (exactly the exemption) and CN-N39-1 (a taxable excess) added 30 Sep 2026, not yet run.",statutory_contributions:IIT_SEVERANCE; statutory_contributions:IIT_EARLY_RETIREMENT; statutory_contributions:IIT_INTERNAL_RETIREMENT; adhoc_catalogue:EARLY_RETIREMENT_SUBSIDY; adhoc_catalogue:INTERNAL_RETIREMENT_SUBSIDY; exit_facts.iit164_early_retirement_years; exit_facts.iit164_internal_retirement_months,"Shanghai — 经济补偿 above three times the average: capped wage, twelve years, and the tax on the excess (CN-N41, SH50, N39)",CN-SH50-1; CN-SH50-2; CN-N39-1,
CN-N39.early-retirement,CN,tax,"Applies: 1 Jan 2019 onward; early retirement. 164号 item 5(2): the lump sum spread over the actual years to statutory age, each year less 60,000, taxed alone on the annual table and multiplied back.",财税〔2018〕164号 item 5,http://szs.mof.gov.cn/zhengcefabu/201812/t20181227_3110164.htm,2026-09-30,2019-01-01,,TESTED,"Golden: 500,000 over 4 → 15,920. CN-N39-2 added 30 Sep 2026, not yet run.",statutory_contributions:IIT_SEVERANCE; statutory_contributions:IIT_EARLY_RETIREMENT; statutory_contributions:IIT_INTERNAL_RETIREMENT; adhoc_catalogue:EARLY_RETIREMENT_SUBSIDY; adhoc_catalogue:INTERNAL_RETIREMENT_SUBSIDY; exit_facts.iit164_early_retirement_years; exit_facts.iit164_internal_retirement_months,both cities — an early-retirement subsidy is spread over the actual years to statutory age on the annual table (CN-N39),CN-N39-2,
CN-N39.internal-retirement,CN,tax,"Applies: 1 Jan 2019 onward; internal retirement. 164号 item 5(3) and 国税发〔1999〕58号: the lump sum ÷ months to statutory age, with the month’s wage less the deduction, sets the rate for wage plus lump sum.",财税〔2018〕164号 item 5,http://szs.mof.gov.cn/zhengcefabu/201812/t20181227_3110164.htm,2026-09-30,2019-01-01,,TESTED,"Golden: 12,140 on 10,000 + 120,000 over 24 months; `tests/cn-internal-retirement-saved.test.ts` not yet run.",statutory_contributions:IIT_SEVERANCE; statutory_contributions:IIT_EARLY_RETIREMENT; statutory_contributions:IIT_INTERNAL_RETIREMENT; adhoc_catalogue:EARLY_RETIREMENT_SUBSIDY; adhoc_catalogue:INTERNAL_RETIREMENT_SUBSIDY; exit_facts.iit164_early_retirement_years; exit_facts.iit164_internal_retirement_months,China — internal-retirement subsidy and this month’s wage share one tax base and rate (1999 No.58 art.1),,
CN-N40.daily-one-hour-normal,CN,overtime,Applies: 1 Jan 1995 onward; ordinary-hours employees. Labour Law art. 41: overtime normally at most one hour a day.,Labour Law arts. 41–44,https://www.mohrss.gov.cn/xxgk2020/fdzdgknr/zcfg/fl/202011/t20201102_394625.html,2026-09-29,1995-01-01,,GAP,Seeded `daily_ot` is the 3-hour special-reason ceiling; no special-reason input distinguishes the one-hour normal limit.,work_rules.limits; work_rules.overtime_unit_hours,,,
CN-N40.daily-three-hour-cap,CN,overtime,"Applies: 1 Jan 1995 onward; ordinary-hours employees. Art. 41: for special reasons with health protected, at most 3 hours a day; hours worked beyond are still paid at 150%.",Labour Law arts. 41–44,https://www.mohrss.gov.cn/xxgk2020/fdzdgknr/zcfg/fl/202011/t20201102_394625.html,2026-09-29,1995-01-01,,TESTED,"Golden: the daily excess paid and warned. CN-N40-1 (the schedule gate refuses a 4-hour approval) added 30 Sep 2026, not yet run. LIT-07: overtime is keyed in 0.5-hour steps, a recorded default.",work_rules.limits; work_rules.overtime_unit_hours,${code === SH ? 'Shanghai' : 'Kunming'} — 36 overtime hours a month and 3 a day are the art.41 caps; hours beyond them are still paid at 150% (CN-N40),CN-N40-1,
CN-N40.monthly-36-hour-cap,CN,overtime,Applies: 1 Jan 1995 onward; ordinary-hours employees. Art. 41: at most 36 hours a month; hours beyond are still paid at 150%.,Labour Law arts. 41–44,https://www.mohrss.gov.cn/xxgk2020/fdzdgknr/zcfg/fl/202011/t20201102_394625.html,2026-09-29,1995-01-01,,TESTED,"Golden: 36 hours on OVERTIME, the excess on INCENTIVE, OVERTIME_LIMIT_EXCEEDED warned. CN-N40-1 added 30 Sep 2026, not yet run.",work_rules.limits; work_rules.overtime_unit_hours,${code === SH ? 'Shanghai' : 'Kunming'} — 36 overtime hours a month and 3 a day are the art.41 caps; hours beyond them are still paid at 150% (CN-N40),CN-N40-1,
CN-N40.emergency-exceptions,CN,overtime,Applies: 1 Jan 1995 onward. Art. 42: listed emergencies are outside the art. 41 limits.,Labour Law arts. 41–44,https://www.mohrss.gov.cn/xxgk2020/fdzdgknr/zcfg/fl/202011/t20201102_394625.html,2026-09-29,1995-01-01,,GAP,No emergency flag.,work_rules.limits; work_rules.overtime_unit_hours,,,
CN-N40.rest-day-compensatory-rest,CN,overtime,Applies: 1 Jan 1995 onward. Art. 44(2): the rest-day 200% is due only where no compensatory rest is arranged.,Labour Law arts. 41–44,https://www.mohrss.gov.cn/xxgk2020/fdzdgknr/zcfg/fl/202011/t20201102_394625.html,2026-09-29,1995-01-01,,IMPLEMENTED,"Configured; no golden. CN-SH03-2 and CN-KM-WP08-4 added 30 Sep 2026, not yet run.",work_rules.limits; work_rules.overtime_unit_hours,,CN-SH03-2; CN-KM-WP08-4,
CN-N40.holiday-no-substitution,CN,overtime,Applies: 1 Jan 1995 onward. Art. 44(3): the statutory-holiday 300% cannot be replaced by time off.,Labour Law arts. 41–44,https://www.mohrss.gov.cn/xxgk2020/fdzdgknr/zcfg/fl/202011/t20201102_394625.html,2026-09-30,1995-01-01,,IMPLEMENTED,"The holiday band pays 300% regardless of time off; no golden or probe prices a holiday with time off. Probe CN-N40-2 (New Year’s Day with time off in lieu recorded: 300% still paid) added 30 Sep 2026, not yet run.",work_rules.limits; work_rules.overtime_unit_hours,,CN-N40-2,
CN-N41.probation-none-short-or-part-time,CN,severance,"Applies: 1 Jan 2008 onward. LCL arts. 19, 70: no probation for a contract under three months or for non-full-time work.","LCL arts. 14, 19, 37, 40, 44, 46–47, 70, 82, 87; Implementing Regulation arts. 7, 20",https://www.samr.gov.cn/zw/zfxxgk/fdzdgknr/bgt/art/2023/art_0abfdd261c03417b949df19d869add8d.html,2026-09-30,2008-01-01,,TESTED,"Golden: 2-month term → excess damages 10,000. Probe CN-N41-4 (two-month term, one month’s probation → 10,000) added 30 Sep 2026, not yet run; the part-time branch stays unprobed (no part-time class, CN-N27).","adhoc_catalogue:SEVERANCE_PAY; adhoc_catalogue:NO_WRITTEN_CONTRACT_WAGE; adhoc_catalogue:OPEN_ENDED_CONTRACT_WAGE.request_requirements; adhoc_catalogue:PROBATION_EXCESS_DAMAGES.request_requirements; adhoc_catalogue:PROBATION_WAGE_SHORTFALL.request_requirements; terms_facts:probation_end,post_probation_wage,open_ended_due_on; exit_facts.lcl_termination_ground; exit_facts.notice_days_given; exit_facts.renewal_offer_refused; exit_facts.lcl47_average_monthly_wage; exit_facts.lcl97_pre2008_months; exit_facts.lcl97_pre2008_compensation; exit_facts.lcl10_transferred_service_months","both cities — probation served beyond the art.19 limit is paid as damages at the wage after probation (CN-N41, LCL arts.19, 83)",CN-N41-4,
CN-N41.probation-three-months-to-one-year,CN,severance,Applies: 1 Jan 2008 onward. LCL art. 19: a term of three months to under one year allows at most one month.,"LCL arts. 14, 19, 37, 40, 44, 46–47, 70, 82, 87; Implementing Regulation arts. 7, 20",https://www.samr.gov.cn/zw/zfxxgk/fdzdgknr/bgt/art/2023/art_0abfdd261c03417b949df19d869add8d.html,2026-09-30,2008-01-01,,IMPLEMENTED,"Seeded in PROBATION_EXCESS_DAMAGES; no golden figure for this tier. Probe CN-N41-4 (nine-month term, two months’ probation → 10,000) added 30 Sep 2026, not yet run; no golden for this tier.","adhoc_catalogue:SEVERANCE_PAY; adhoc_catalogue:NO_WRITTEN_CONTRACT_WAGE; adhoc_catalogue:OPEN_ENDED_CONTRACT_WAGE.request_requirements; adhoc_catalogue:PROBATION_EXCESS_DAMAGES.request_requirements; adhoc_catalogue:PROBATION_WAGE_SHORTFALL.request_requirements; terms_facts:probation_end,post_probation_wage,open_ended_due_on; exit_facts.lcl_termination_ground; exit_facts.notice_days_given; exit_facts.renewal_offer_refused; exit_facts.lcl47_average_monthly_wage; exit_facts.lcl97_pre2008_months; exit_facts.lcl97_pre2008_compensation; exit_facts.lcl10_transferred_service_months",,CN-N41-4,
CN-N41.probation-one-to-three-years,CN,severance,Applies: 1 Jan 2008 onward. LCL art. 19: a term of one to under three years allows at most two months.,"LCL arts. 14, 19, 37, 40, 44, 46–47, 70, 82, 87; Implementing Regulation arts. 7, 20",https://www.samr.gov.cn/zw/zfxxgk/fdzdgknr/bgt/art/2023/art_0abfdd261c03417b949df19d869add8d.html,2026-09-30,2008-01-01,,TESTED,"Golden: 1-year term, 3 months’ probation, wage after 10,000 → 10,000.","adhoc_catalogue:SEVERANCE_PAY; adhoc_catalogue:NO_WRITTEN_CONTRACT_WAGE; adhoc_catalogue:OPEN_ENDED_CONTRACT_WAGE.request_requirements; adhoc_catalogue:PROBATION_EXCESS_DAMAGES.request_requirements; adhoc_catalogue:PROBATION_WAGE_SHORTFALL.request_requirements; terms_facts:probation_end,post_probation_wage,open_ended_due_on; exit_facts.lcl_termination_ground; exit_facts.notice_days_given; exit_facts.renewal_offer_refused; exit_facts.lcl47_average_monthly_wage; exit_facts.lcl97_pre2008_months; exit_facts.lcl97_pre2008_compensation; exit_facts.lcl10_transferred_service_months","both cities — probation served beyond the art.19 limit is paid as damages at the wage after probation (CN-N41, LCL arts.19, 83)",,
CN-N41.probation-three-years-or-open-ended,CN,severance,"Applies: 1 Jan 2008 onward. LCL art. 19: three years or more, or open-ended, allows at most six months.","LCL arts. 14, 19, 37, 40, 44, 46–47, 70, 82, 87; Implementing Regulation arts. 7, 20",https://www.samr.gov.cn/zw/zfxxgk/fdzdgknr/bgt/art/2023/art_0abfdd261c03417b949df19d869add8d.html,2026-09-30,2008-01-01,,TESTED,Golden: open-ended with 6 months → 0.,"adhoc_catalogue:SEVERANCE_PAY; adhoc_catalogue:NO_WRITTEN_CONTRACT_WAGE; adhoc_catalogue:OPEN_ENDED_CONTRACT_WAGE.request_requirements; adhoc_catalogue:PROBATION_EXCESS_DAMAGES.request_requirements; adhoc_catalogue:PROBATION_WAGE_SHORTFALL.request_requirements; terms_facts:probation_end,post_probation_wage,open_ended_due_on; exit_facts.lcl_termination_ground; exit_facts.notice_days_given; exit_facts.renewal_offer_refused; exit_facts.lcl47_average_monthly_wage; exit_facts.lcl97_pre2008_months; exit_facts.lcl97_pre2008_compensation; exit_facts.lcl10_transferred_service_months","both cities — probation served beyond the art.19 limit is paid as damages at the wage after probation (CN-N41, LCL arts.19, 83)",,
CN-N41.one-probation-per-employer,CN,severance,Applies: 1 Jan 2008 onward. LCL art. 19 para. 2: one probation per employer.,"LCL arts. 14, 19, 37, 40, 44, 46–47, 70, 82, 87; Implementing Regulation arts. 7, 20",https://www.samr.gov.cn/zw/zfxxgk/fdzdgknr/bgt/art/2023/art_0abfdd261c03417b949df19d869add8d.html,2026-09-30,2008-01-01,,GAP,Not checked (not pay).,"adhoc_catalogue:SEVERANCE_PAY; adhoc_catalogue:NO_WRITTEN_CONTRACT_WAGE; adhoc_catalogue:OPEN_ENDED_CONTRACT_WAGE.request_requirements; adhoc_catalogue:PROBATION_EXCESS_DAMAGES.request_requirements; adhoc_catalogue:PROBATION_WAGE_SHORTFALL.request_requirements; terms_facts:probation_end,post_probation_wage,open_ended_due_on; exit_facts.lcl_termination_ground; exit_facts.notice_days_given; exit_facts.renewal_offer_refused; exit_facts.lcl47_average_monthly_wage; exit_facts.lcl97_pre2008_months; exit_facts.lcl97_pre2008_compensation; exit_facts.lcl10_transferred_service_months",,,
CN-N41.employee-notice,CN,severance,"Applies: 1 Jan 2008 onward. LCL art. 37: the employee gives 30 days’ notice, 3 days in probation.","LCL arts. 14, 19, 37, 40, 44, 46–47, 70, 82, 87; Implementing Regulation arts. 7, 20",https://www.samr.gov.cn/zw/zfxxgk/fdzdgknr/bgt/art/2023/art_0abfdd261c03417b949df19d869add8d.html,2026-09-30,2008-01-01,,GAP,The notice workflow is not modelled.,"adhoc_catalogue:SEVERANCE_PAY; adhoc_catalogue:NO_WRITTEN_CONTRACT_WAGE; adhoc_catalogue:OPEN_ENDED_CONTRACT_WAGE.request_requirements; adhoc_catalogue:PROBATION_EXCESS_DAMAGES.request_requirements; adhoc_catalogue:PROBATION_WAGE_SHORTFALL.request_requirements; terms_facts:probation_end,post_probation_wage,open_ended_due_on; exit_facts.lcl_termination_ground; exit_facts.notice_days_given; exit_facts.renewal_offer_refused; exit_facts.lcl47_average_monthly_wage; exit_facts.lcl97_pre2008_months; exit_facts.lcl97_pre2008_compensation; exit_facts.lcl10_transferred_service_months",,,
CN-N41.art40-notice-or-pay,CN,severance,Applies: 1 Jan 2008 onward. LCL art. 40 and Regulation art. 20: 30 days’ written notice or one month’s pay in lieu at the prior month’s wage.,"LCL arts. 14, 19, 37, 40, 44, 46–47, 70, 82, 87; Implementing Regulation arts. 7, 20",https://www.samr.gov.cn/zw/zfxxgk/fdzdgknr/bgt/art/2023/art_0abfdd261c03417b949df19d869add8d.html,2026-09-30,2008-01-01,,TESTED,"Golden: short notice + previous month. CN-N41-1 added 30 Sep 2026, not yet run.","adhoc_catalogue:SEVERANCE_PAY; adhoc_catalogue:NO_WRITTEN_CONTRACT_WAGE; adhoc_catalogue:OPEN_ENDED_CONTRACT_WAGE.request_requirements; adhoc_catalogue:PROBATION_EXCESS_DAMAGES.request_requirements; adhoc_catalogue:PROBATION_WAGE_SHORTFALL.request_requirements; terms_facts:probation_end,post_probation_wage,open_ended_due_on; exit_facts.lcl_termination_ground; exit_facts.notice_days_given; exit_facts.renewal_offer_refused; exit_facts.lcl47_average_monthly_wage; exit_facts.lcl97_pre2008_months; exit_facts.lcl97_pre2008_compensation; exit_facts.lcl10_transferred_service_months","Shanghai — 经济补偿: a month a year, a half year rounds up, under six months is half; none on resignation or a refused renewal (CN-N41)",CN-N41-1,
CN-N41.open-ended-second-wage,CN,severance,"Applies: 1 Jan 2008 onward. LCL arts. 14, 82 para. 2: an open-ended contract is due after 10 years’ service or on renewal after two consecutive fixed terms; not concluding it pays a second wage from the due day.","LCL arts. 14, 19, 37, 40, 44, 46–47, 70, 82, 87; Implementing Regulation arts. 7, 20",https://www.samr.gov.cn/zw/zfxxgk/fdzdgknr/bgt/art/2023/art_0abfdd261c03417b949df19d869add8d.html,2026-09-30,2008-01-01,,TESTED,"Golden: due 1 Jan 2026, raised 15 Apr → 35,000; the due day is recorded, not derived. Probe CN-N41-3 (35,000 from the 1 Jan 2026 due day) added 30 Sep 2026, not yet run.","adhoc_catalogue:SEVERANCE_PAY; adhoc_catalogue:NO_WRITTEN_CONTRACT_WAGE; adhoc_catalogue:OPEN_ENDED_CONTRACT_WAGE.request_requirements; adhoc_catalogue:PROBATION_EXCESS_DAMAGES.request_requirements; adhoc_catalogue:PROBATION_WAGE_SHORTFALL.request_requirements; terms_facts:probation_end,post_probation_wage,open_ended_due_on; exit_facts.lcl_termination_ground; exit_facts.notice_days_given; exit_facts.renewal_offer_refused; exit_facts.lcl47_average_monthly_wage; exit_facts.lcl97_pre2008_months; exit_facts.lcl97_pre2008_compensation; exit_facts.lcl10_transferred_service_months","both cities — an open-ended contract not concluded when due pays a second wage from that day (CN-N41, LCL arts.14, 82 para.2)",CN-N41-3,
CN-N41.deemed-open-ended,CN,severance,Applies: 1 Jan 2008 onward. Regulation art. 7: one year without a written contract is deemed open-ended.,"LCL arts. 14, 19, 37, 40, 44, 46–47, 70, 82, 87; Implementing Regulation arts. 7, 20",https://www.samr.gov.cn/zw/zfxxgk/fdzdgknr/bgt/art/2023/art_0abfdd261c03417b949df19d869add8d.html,2026-09-30,2008-01-01,,GAP,"A contract-record change, not pay; not modelled.","adhoc_catalogue:SEVERANCE_PAY; adhoc_catalogue:NO_WRITTEN_CONTRACT_WAGE; adhoc_catalogue:OPEN_ENDED_CONTRACT_WAGE.request_requirements; adhoc_catalogue:PROBATION_EXCESS_DAMAGES.request_requirements; adhoc_catalogue:PROBATION_WAGE_SHORTFALL.request_requirements; terms_facts:probation_end,post_probation_wage,open_ended_due_on; exit_facts.lcl_termination_ground; exit_facts.notice_days_given; exit_facts.renewal_offer_refused; exit_facts.lcl47_average_monthly_wage; exit_facts.lcl97_pre2008_months; exit_facts.lcl97_pre2008_compensation; exit_facts.lcl10_transferred_service_months",,,
CN-N41.no-written-contract-double-wage,CN,severance,Applies: 1 Jan 2008 onward. LCL art. 82 para. 1: a double wage for at most 11 months without a written contract.,"LCL arts. 14, 19, 37, 40, 44, 46–47, 70, 82, 87; Implementing Regulation arts. 7, 20",https://www.samr.gov.cn/zw/zfxxgk/fdzdgknr/bgt/art/2023/art_0abfdd261c03417b949df19d869add8d.html,2026-09-30,2008-01-01,,TESTED,"Golden: 2.5 × 10,000; never signed → 11 × 10,000. Probe CN-N41-3 (2.5 months, and nothing inside the first month) added 30 Sep 2026, not yet run.","adhoc_catalogue:SEVERANCE_PAY; adhoc_catalogue:NO_WRITTEN_CONTRACT_WAGE; adhoc_catalogue:OPEN_ENDED_CONTRACT_WAGE.request_requirements; adhoc_catalogue:PROBATION_EXCESS_DAMAGES.request_requirements; adhoc_catalogue:PROBATION_WAGE_SHORTFALL.request_requirements; terms_facts:probation_end,post_probation_wage,open_ended_due_on; exit_facts.lcl_termination_ground; exit_facts.notice_days_given; exit_facts.renewal_offer_refused; exit_facts.lcl47_average_monthly_wage; exit_facts.lcl97_pre2008_months; exit_facts.lcl97_pre2008_compensation; exit_facts.lcl10_transferred_service_months","both cities — no written contract: a second wage from the day after the first month to the day before signing, at most eleven months (CN-N41, LCL art.82, Regulation arts.6–7)",CN-N41-3,
CN-N41.fixed-term-expiry,CN,severance,"Applies: 1 Jan 2008 onward. LCL arts. 44(1), 46(5): expiry severance is due unless the employer offered equal or better terms and the worker refused.","LCL arts. 14, 19, 37, 40, 44, 46–47, 70, 82, 87; Implementing Regulation arts. 7, 20",https://www.samr.gov.cn/zw/zfxxgk/fdzdgknr/bgt/art/2023/art_0abfdd261c03417b949df19d869add8d.html,2026-09-30,2008-01-01,,TESTED,"Golden: a refused renewal pays none. Probe CN-N41-5 (expiry → one month; refused renewal → the request is refused) added 30 Sep 2026, not yet run.","adhoc_catalogue:SEVERANCE_PAY; adhoc_catalogue:NO_WRITTEN_CONTRACT_WAGE; adhoc_catalogue:OPEN_ENDED_CONTRACT_WAGE.request_requirements; adhoc_catalogue:PROBATION_EXCESS_DAMAGES.request_requirements; adhoc_catalogue:PROBATION_WAGE_SHORTFALL.request_requirements; terms_facts:probation_end,post_probation_wage,open_ended_due_on; exit_facts.lcl_termination_ground; exit_facts.notice_days_given; exit_facts.renewal_offer_refused; exit_facts.lcl47_average_monthly_wage; exit_facts.lcl97_pre2008_months; exit_facts.lcl97_pre2008_compensation; exit_facts.lcl10_transferred_service_months","Shanghai — 经济补偿: a month a year, a half year rounds up, under six months is half; none on resignation or a refused renewal (CN-N41)",CN-N41-5,
CN-N41.severance-whole-years,CN,severance,Applies: 1 Jan 2008 onward. LCL art. 47: one month’s wage per full service year.,"LCL arts. 14, 19, 37, 40, 44, 46–47, 70, 82, 87; Implementing Regulation arts. 7, 20",https://www.samr.gov.cn/zw/zfxxgk/fdzdgknr/bgt/art/2023/art_0abfdd261c03417b949df19d869add8d.html,2026-09-30,2008-01-01,,TESTED,"Golden: 6y6m → 7 months. CN-SH50-2 (twelve capped years) added 30 Sep 2026, not yet run.","adhoc_catalogue:SEVERANCE_PAY; adhoc_catalogue:NO_WRITTEN_CONTRACT_WAGE; adhoc_catalogue:OPEN_ENDED_CONTRACT_WAGE.request_requirements; adhoc_catalogue:PROBATION_EXCESS_DAMAGES.request_requirements; adhoc_catalogue:PROBATION_WAGE_SHORTFALL.request_requirements; terms_facts:probation_end,post_probation_wage,open_ended_due_on; exit_facts.lcl_termination_ground; exit_facts.notice_days_given; exit_facts.renewal_offer_refused; exit_facts.lcl47_average_monthly_wage; exit_facts.lcl97_pre2008_months; exit_facts.lcl97_pre2008_compensation; exit_facts.lcl10_transferred_service_months","Shanghai — 经济补偿: a month a year, a half year rounds up, under six months is half; none on resignation or a refused renewal (CN-N41)",CN-SH50-2,
CN-N41.severance-six-to-twelve-months,CN,severance,Applies: 1 Jan 2008 onward. LCL art. 47: a remainder of six to twelve months counts as a year.,"LCL arts. 14, 19, 37, 40, 44, 46–47, 70, 82, 87; Implementing Regulation arts. 7, 20",https://www.samr.gov.cn/zw/zfxxgk/fdzdgknr/bgt/art/2023/art_0abfdd261c03417b949df19d869add8d.html,2026-09-30,2008-01-01,,TESTED,"Golden: a half year rounds up. CN-SH50-2 (2 years 9 months → 3) added 30 Sep 2026, not yet run.","adhoc_catalogue:SEVERANCE_PAY; adhoc_catalogue:NO_WRITTEN_CONTRACT_WAGE; adhoc_catalogue:OPEN_ENDED_CONTRACT_WAGE.request_requirements; adhoc_catalogue:PROBATION_EXCESS_DAMAGES.request_requirements; adhoc_catalogue:PROBATION_WAGE_SHORTFALL.request_requirements; terms_facts:probation_end,post_probation_wage,open_ended_due_on; exit_facts.lcl_termination_ground; exit_facts.notice_days_given; exit_facts.renewal_offer_refused; exit_facts.lcl47_average_monthly_wage; exit_facts.lcl97_pre2008_months; exit_facts.lcl97_pre2008_compensation; exit_facts.lcl10_transferred_service_months","Shanghai — 经济补偿: a month a year, a half year rounds up, under six months is half; none on resignation or a refused renewal (CN-N41)",CN-SH50-2,
CN-N41.severance-under-six-months,CN,severance,"Applies: 1 Jan 2008 onward. LCL art. 47: a remainder under six months, days included, earns half a month.","LCL arts. 14, 19, 37, 40, 44, 46–47, 70, 82, 87; Implementing Regulation arts. 7, 20",https://www.samr.gov.cn/zw/zfxxgk/fdzdgknr/bgt/art/2023/art_0abfdd261c03417b949df19d869add8d.html,2026-09-30,2008-01-01,,TESTED,"Golden: 5 months → 0.5; part months by their days. CN-SH50-1 and CN-KM-WP09-2 ran 29 Sep 2026 per the parent row, but the parent carried no verified_at, so this branch is not VERIFIED here. CN-SH50-3 added 30 Sep 2026, not yet run.","adhoc_catalogue:SEVERANCE_PAY; adhoc_catalogue:NO_WRITTEN_CONTRACT_WAGE; adhoc_catalogue:OPEN_ENDED_CONTRACT_WAGE.request_requirements; adhoc_catalogue:PROBATION_EXCESS_DAMAGES.request_requirements; adhoc_catalogue:PROBATION_WAGE_SHORTFALL.request_requirements; terms_facts:probation_end,post_probation_wage,open_ended_due_on; exit_facts.lcl_termination_ground; exit_facts.notice_days_given; exit_facts.renewal_offer_refused; exit_facts.lcl47_average_monthly_wage; exit_facts.lcl97_pre2008_months; exit_facts.lcl97_pre2008_compensation; exit_facts.lcl10_transferred_service_months","Shanghai — 经济补偿: a month a year, a half year rounds up, under six months is half; none on resignation or a refused renewal (CN-N41)",CN-SH50-1; CN-KM-WP09-2; CN-SH50-3,
CN-N41.art87-double,CN,severance,"Applies: 1 Jan 2008 onward. LCL art. 87: unlawful termination pays twice the art. 47 compensation, counted from hire (Regulation art. 25).","LCL arts. 14, 19, 37, 40, 44, 46–47, 70, 82, 87; Implementing Regulation arts. 7, 20",https://www.samr.gov.cn/zw/zfxxgk/fdzdgknr/bgt/art/2023/art_0abfdd261c03417b949df19d869add8d.html,2026-09-30,2008-01-01,,TESTED,"Golden 2N. CN-N41-2 and CN-N39-1 added 30 Sep 2026, not yet run.","adhoc_catalogue:SEVERANCE_PAY; adhoc_catalogue:NO_WRITTEN_CONTRACT_WAGE; adhoc_catalogue:OPEN_ENDED_CONTRACT_WAGE.request_requirements; adhoc_catalogue:PROBATION_EXCESS_DAMAGES.request_requirements; adhoc_catalogue:PROBATION_WAGE_SHORTFALL.request_requirements; terms_facts:probation_end,post_probation_wage,open_ended_due_on; exit_facts.lcl_termination_ground; exit_facts.notice_days_given; exit_facts.renewal_offer_refused; exit_facts.lcl47_average_monthly_wage; exit_facts.lcl97_pre2008_months; exit_facts.lcl97_pre2008_compensation; exit_facts.lcl10_transferred_service_months","Shanghai — 经济补偿: a month a year, a half year rounds up, under six months is half; none on resignation or a refused renewal (CN-N41)",CN-N41-2; CN-N39-1,
CN-N42.training-damages-cap,CN,final_pay,Applies: 1 Jan 2021 onward; trained workers. LCL art. 22: training service-period damages may not exceed the unamortised training cost.,LCL arts. 22–24,https://www.samr.gov.cn/zw/zfxxgk/fdzdgknr/bgt/art/2023/art_0abfdd261c03417b949df19d869add8d.html,2026-09-29,2021-01-01,,GAP,No training-cost input.,,,,
CN-N42.non-compete-duration,CN,final_pay,"Applies: 1 Jan 2021 onward; non-compete-bound workers. LCL arts. 23–24: at most two years, with monthly post-exit compensation.",LCL arts. 22–24,https://www.samr.gov.cn/zw/zfxxgk/fdzdgknr/bgt/art/2023/art_0abfdd261c03417b949df19d869add8d.html,2026-09-29,2021-01-01,,GAP,No post-exit payment schedule.,,,,
CN-N42.default-30pct,CN,final_pay,"Applies: 1 Jan 2021 onward; non-compete without an agreed amount. SPC Interpretation (I) art. 36: 30% of the average monthly wage of the 12 months before exit, not below the local minimum.",LCL arts. 22–24,https://www.samr.gov.cn/zw/zfxxgk/fdzdgknr/bgt/art/2023/art_0abfdd261c03417b949df19d869add8d.html,2026-09-29,2021-01-01,,GAP,No rule.,,,,
CN-N42.non-payment-rescission,CN,final_pay,Applies: 1 Jan 2021 onward. Interpretation (I) art. 38: after three months’ non-payment the worker may rescind the non-compete clause.,LCL arts. 22–24,https://www.samr.gov.cn/zw/zfxxgk/fdzdgknr/bgt/art/2023/art_0abfdd261c03417b949df19d869add8d.html,2026-09-29,2021-01-01,,GAP,No payment-history input.,,,,
CN-N43.personal-pension,CN,tax,"Applies: 1 Jan 2024 onward. MOF/STA 2024 No. 21: up to CNY12,000 a year, deductible in withholding on platform vouchers or at annual reconciliation.",MOF/STA 2024 No. 21; 财税〔2006〕10号 items 1–2,https://www.gov.cn/zhengce/zhengceku/202412/content_6992498.htm,2026-09-29,2024-01-01,,GAP,No voucher input.,,,,
CN-N43.commercial-health-insurance,CN,tax,"Applies: per 财税〔2017〕39号. CNY2,400 a year (CNY200 a month) in withholding.",MOF/STA 2024 No. 21; 财税〔2006〕10号 items 1–2,https://www.gov.cn/zhengce/zhengceku/202412/content_6992498.htm,2026-09-29,2024-01-01,,GAP,"Needs a monthly clamp per claim month, which a year-to-date total cannot state.",,,,
CN-N43.annuity,CN,tax,Applies: per 财税〔2013〕103号. Employer annuity share untaxed when paid; worker share deductible up to 4% of a base capped at 3× the local average wage.,MOF/STA 2024 No. 21; 财税〔2006〕10号 items 1–2,https://www.gov.cn/zhengce/zhengceku/202412/content_6992498.htm,2026-09-29,2024-01-01,,GAP,No annuity-base input.,,,,
CN-N43.housing-fund-exemption,CN,tax,Applies: per 财税〔2006〕10号 items 1–2. Each side exempt up to 12% of the prior-year monthly average wage capped at 3× the city average; the excess is taxable wage.,MOF/STA 2024 No. 21; 财税〔2006〕10号 items 1–2,https://www.gov.cn/zhengce/zhengceku/202412/content_6992498.htm,2026-09-29,2024-01-01,,GAP,"The excess rule is not modelled; the seeded rates and ceilings sit inside it, so no seeded rate creates an excess.",,,,
CN-N44.first-wage-mid-year,CN,tax,"Applies: 1 Jul 2020 onward; residents first paid wages mid-year. STA 2020 No. 13: deduct CNY5,000 × months from January through the current month.",STA policy library,https://fgk.chinatax.gov.cn/,2026-09-29,2020-07-01,,TESTED,"Golden: July first-wage case deducts 35,000. CN-N44-1 added 30 Sep 2026, not yet run.",statutory_contributions:IIT,"Shanghai — first wage income in July deducts from January; the 60,000 election; the rent cap (CN-N11, N44, N54)",CN-N44-1,
CN-N44.student-intern,CN,tax,Applies: 1 Jul 2020 onward; student interns. STA 2020 No. 13: student-intern labour remuneration also uses the cumulative method.,STA policy library,https://fgk.chinatax.gov.cn/,2026-09-29,2020-07-01,,GAP,No intern class.,statutory_contributions:IIT,,,
CN-N45.workday-apportionment,CN,tax,"Applies: 1 Jan 2019 onward; non-domiciled individuals. MOF/STA 2019 No. 35: China-source salary by China workdays ÷ calendar days, a day under 24 hours counting half.",MOF/STA 2023 No. 29,https://fgk.chinatax.gov.cn/zcfgk/c102416/c5211526/content.html,2026-09-29,2019-01-01,,GAP,No China-days input.,,,,
CN-N45.senior-manager,CN,tax,Applies: 1 Jan 2019 onward; non-domiciled senior managers. 2019 No. 35 separate branch.,MOF/STA 2023 No. 29,https://fgk.chinatax.gov.cn/zcfgk/c102416/c5211526/content.html,2026-09-29,2019-01-01,,GAP,No senior-manager input.,,,,
CN-N45.six-year-rule,CN,tax,Applies: 1 Jan 2019 onward; non-domiciled residents. MOF/STA 2019 No. 34: the six-year rule.,MOF/STA 2023 No. 29,https://fgk.chinatax.gov.cn/zcfgk/c102416/c5211526/content.html,2026-09-29,2019-01-01,,GAP,No residence-years input.,,,,
CN-N45.allowance-election,CN,tax,"Applies: 1 Jan 2024–31 Dec 2027; resident foreign individuals. MOF/STA 2023 No. 29: receipted exempt allowances or CN-N16 special additional deductions, not both, locked for the tax year.",MOF/STA 2023 No. 29,https://fgk.chinatax.gov.cn/zcfgk/c102416/c5211526/content.html,2026-09-29,2024-01-01,2027-12-31,GAP,No election flag or year lock.,,,,
CN-N46.listed-equity,CN,tax,Applies: to 31 Dec 2027; resident awardees. MOF/STA 2023 No. 25: listed-company options and restricted shares taxed separately on the annual table.,STA 2018 No. 61 art. 8 and table 2,https://www.chinatax.gov.cn/n810219/n810744/n3752930/n3752974/c3963396/content.html,2026-09-29,2019-01-01,2027-12-31,GAP,No equity branch.,,,,
CN-N46.non-listed-equity,CN,tax,Applies: 1 Jan 2019 onward. Non-listed awards follow 财税〔2016〕101号.,STA 2018 No. 61 art. 8 and table 2,https://www.chinatax.gov.cn/n810219/n810744/n3752930/n3752974/c3963396/content.html,2026-09-29,2019-01-01,,GAP,No equity branch.,,,,
CN-N46.labour-remuneration,CN,tax,"Applies: 1 Jan 2019 onward; non-employee payees. STA 2018 No. 61 art. 8, table 2: less CNY800 up to 4,000, else 20%, prepaid at 20%, 30% (QD 2,000) above 20,000, 40% (QD 7,000) above 50,000.",STA 2018 No. 61 art. 8 and table 2,https://www.chinatax.gov.cn/n810219/n810744/n3752930/n3752974/c3963396/content.html,2026-09-29,2019-01-01,,GAP,No labour-remuneration branch.,,,,
CN-N47.year-end-statement,CN,filing,Applies: annually. STA 2018 No. 61 art. 13: within two months after year end the agent gives each worker their income and tax withheld.,STA 2018 No. 61 art. 13,https://www.chinatax.gov.cn/n810219/n810744/n3752930/n3752974/c3963396/content.html,2026-09-28,2019-01-01,,EXTERNAL,Delivery evidence not captured.,,,,
CN-N47.requested-reconciliation,CN,filing,"Applies: annually; tax year 2025 window 1 Mar–30 Jun 2026. STA Order 57 arts. 14, 16–17: the unit files the reconciliation only on the worker’s confirmed request.",STA 2018 No. 61 art. 13,https://www.chinatax.gov.cn/n810219/n810744/n3752930/n3752974/c3963396/content.html,2026-09-28,2019-01-01,,EXTERNAL,The reconciliation is the taxpayer’s filing; no payroll amount follows.,,,,
CN-N48,CN,contribution,"Applies: 1 Jan 2020 onward; Hong Kong, Macao and Taiwan residents employed on the mainland. [人社部 国家医保局令第41号 arts. 2–3](https://www.gov.cn/zhengce/zhengceku/2019-11/29/content_5562340.htm): mandatory pension, medical, injury, unemployment and maternity insurance, with employer and worker at ordinary rates. A separate class from foreign nationals (CN-N25) and from the voluntary housing fund (CN-SH41).",人社部 国家医保局令第41号 arts. 2–3,https://www.gov.cn/zhengce/zhengceku/2019-11/29/content_5562340.htm,2026-09-29,2020-01-01,,GAP,"Register status: No [IN-SYSTEM 2026-09-29]. No worker-class input, enrolment rule or probe. Evidence and probe needed: Identity/residence-permit class, employer, city enrolment; HK resident enrolled on local rates, not as a foreigner.",,,,
CN-N49.late-fee,CN,contribution,Applies: 1 Jul 2011 onward; overdue premiums. Social Insurance Law art. 86: 0.05% a day from the due date.,"Social Insurance Law arts. 84, 86",http://www.npc.gov.cn/zgrdw/npc/xinwen/2019-01/07/content_2070267.htm,2026-09-29,2011-07-01,,EXTERNAL,No surcharge calculation.,,,,
CN-N49.arrears-fine,CN,contribution,Applies: 1 Jul 2011 onward. Art. 86: 1–3× the arrears if still unpaid after an order.,"Social Insurance Law arts. 84, 86",http://www.npc.gov.cn/zgrdw/npc/xinwen/2019-01/07/content_2070267.htm,2026-09-29,2011-07-01,,EXTERNAL,Authority sanction.,,,,
CN-N49.non-registration-fine,CN,contribution,Applies: 1 Jul 2011 onward. Art. 84: failure to register draws 1–3× the premium.,"Social Insurance Law arts. 84, 86",http://www.npc.gov.cn/zgrdw/npc/xinwen/2019-01/07/content_2070267.htm,2026-09-29,2011-07-01,,EXTERNAL,Authority sanction.,,,,
CN-N50.publicise-ten-days,CN,minimum_wage,Applies: 1 Mar 2004 onward. MOLSS Order 21 art. 11: the employer publicises a new minimum within 10 days of its publication.,MOHRSS,https://www.mohrss.gov.cn/,2026-09-29,2004-03-01,,EXTERNAL,No notice evidence.,work_rules.wages,,,
CN-N50.floor-test,CN,minimum_wage,Applies: 1 Mar 2004 onward. Order 21 art. 12: pay for normal work below the local minimum is not lawful; the run refuses it.,MOHRSS,https://www.mohrss.gov.cn/,2026-09-29,2004-03-01,,TESTED,"Golden: the Shanghai net floor. CN-SH01-2, CN-KM01-2, CN-KM02-2 and CN-KM02-3 added 30 Sep 2026, not yet run.",work_rules.wages,"Shanghai — 2,740 gross less the employee’s statutory shares fails the net floor (CN-SH01)",CN-SH01-2; CN-KM01-2; CN-KM02-2; CN-KM02-3,
CN-N50.excluded-components,CN,minimum_wage,"Applies: 1 Mar 2004 onward. Order 21 art. 12: overtime pay, middle/night-shift, high/low-temperature, underground and toxic allowances and statutory welfare are excluded from the test.",MOHRSS,https://www.mohrss.gov.cn/,2026-09-29,2004-03-01,,IMPLEMENTED,"The floor reads contract basic, so these are excluded by construction; a counted component (a standing position allowance) is also left out, which can only block. CN-SH01-3 added 30 Sep 2026, not yet run.",work_rules.wages,,CN-SH01-3,
CN-N50.piece-rate-and-hourly,CN,minimum_wage,Applies: 1 Mar 2004 onward. Order 21: the minimum also applies to piece-rate and hourly pay.,MOHRSS,https://www.mohrss.gov.cn/,2026-09-29,2004-03-01,,GAP,No piece or hourly floor.,work_rules.wages,,,
CN-N51.marriage-leave,CN,leave,"Applies: 1980 onward. 国劳总薪字〔1980〕29号: 1–3 paid days of marriage leave, plus travel days; the city additions are CN-SH13 and CN-KM30.",Jinan government Q&A,https://www.jinan.gov.cn/col/col118356/art/2026/art_22b29afa289b447fbf8d6c803a24b67c.html,2026-09-29,1980-01-01,,TESTED,"Seeded 3 (the discretionary maximum) plus the city addition. CN-SH13-1 and CN-KM30-1 ran 29 Sep 2026 per the parent row, but the parent carried no verified_at, so this branch is not VERIFIED here.",leave_catalogue:MARRIAGE_LEAVE; leave_catalogue:FUNERAL_LEAVE,"${lineage} — annual, maternity, paternity and marriage leave on every sealed version",CN-SH13-1; CN-KM30-1,
CN-N51.funeral-leave,CN,leave,"Applies: 1980 onward. 国劳总薪字〔1980〕29号: 1–3 paid days of funeral leave for a parent, the spouse or a child.",Jinan government Q&A,https://www.jinan.gov.cn/col/col118356/art/2026/art_22b29afa289b447fbf8d6c803a24b67c.html,2026-09-29,1980-01-01,,TESTED,"Seeded 3 (owner rule, the discretionary maximum), paid at the contract standard. CN-KM-WP12-2 added 30 Sep 2026, not yet run. A Shanghai parent-in-law is CN-SH17.",leave_catalogue:MARRIAGE_LEAVE; leave_catalogue:FUNERAL_LEAVE,"both cities — 丧假: three paid days for a parent, the spouse or a child, on every version (CN-N51)",CN-KM-WP12-2,
CN-N51.travel-days,CN,leave,Applies: 1980 onward. 国劳总薪字〔1980〕29号: travel days in addition to marriage or funeral leave.,Jinan government Q&A,https://www.jinan.gov.cn/col/col118356/art/2026/art_22b29afa289b447fbf8d6c803a24b67c.html,2026-09-29,1980-01-01,,GAP,Not seeded; no distance input.,leave_catalogue:MARRIAGE_LEAVE; leave_catalogue:FUNERAL_LEAVE,,,
CN-N51.home-leave-state-units,CN,leave,"Applies: 1981 onward; state organs and state-owned units, one year’s service. 国发〔1981〕36号 home leave: spouse 30 days a year; unmarried to parents 20 days a year or 45 every two years; married to parents 20 days every four years; standard wage; public holidays inside count.",Jinan government Q&A,https://www.jinan.gov.cn/col/col118356/art/2026/art_22b29afa289b447fbf8d6c803a24b67c.html,2026-09-29,1980-01-01,,GAP,No employer-ownership input; primary text not retrieved.,leave_catalogue:MARRIAGE_LEAVE; leave_catalogue:FUNERAL_LEAVE,,,
CN-N51.home-leave-private-employers,CN,leave,Applies: 1981 onward; private employers. 国发〔1981〕36号 binds state organs and state-owned units only; for other employers home leave is contractual.,Jinan government Q&A,https://www.jinan.gov.cn/col/col118356/art/2026/art_22b29afa289b447fbf8d6c803a24b67c.html,2026-09-29,1980-01-01,,NOT-APPLICABLE,Recorded disposition; the Jinan Q&A is corroboration only.,leave_catalogue:MARRIAGE_LEAVE; leave_catalogue:FUNERAL_LEAVE,,,
CN-N52.wage-records-two-years,CN,records,Applies: 1995 onward. Interim Wage Payment Regulation art. 6: wage-payment records kept at least 2 years; the Kunming regulation art. 12 needs a check for a longer city period.,Interim Wage Payment Regulation art. 6; Migrant Worker Wage Regulation art. 15,https://www.yueyang.gov.cn/web/2570/2584/2860/content_472952.html,2026-09-29,1995-01-01,,EXTERNAL,No retention control.,,,,
CN-N52.migrant-ledger-three-years,CN,records,Applies: 1 May 2020 onward. Migrant Worker Wage Regulation art. 15: wage ledger kept at least 3 years.,Interim Wage Payment Regulation art. 6; Migrant Worker Wage Regulation art. 15,https://www.yueyang.gov.cn/web/2570/2584/2860/content_472952.html,2026-09-29,1995-01-01,,EXTERNAL,No retention control.,,,,
CN-N52.deduction-information-five-years,CN,records,Applies: per STA 2018 No. 60. The withholding agent keeps special-additional-deduction information 5 years (article unverified).,Interim Wage Payment Regulation art. 6; Migrant Worker Wage Regulation art. 15,https://www.yueyang.gov.cn/web/2570/2584/2860/content_472952.html,2026-09-29,1995-01-01,,EXTERNAL,Article unverified.,,,,
CN-N52.accounting-vouchers-30-years,CN,records,Applies: per MOF/National Archives Order 79. Accounting vouchers kept 30 years.,Interim Wage Payment Regulation art. 6; Migrant Worker Wage Regulation art. 15,https://www.yueyang.gov.cn/web/2570/2584/2860/content_472952.html,2026-09-29,1995-01-01,,EXTERNAL,Link unverified.,,,,
CN-N53.night-premium,CN,bonus,"Applies: 1 Dec 2025 onward. No national, Shanghai or Kunming statute found mandates a night-work premium; night/middle-shift allowances are contractual and excluded from the minimum-wage test.",沪人社规〔2025〕10号,https://rsj.sh.gov.cn/tgzfl_17732/20250714/t0035_1434097.html,2026-09-28,2025-12-01,,NOT-APPLICABLE,Sourced exclusion; Yunnan provincial texts beyond the city regulation not searched.,,,,
CN-N53.thirteenth-month,CN,bonus,Applies: 1 Dec 2025 onward. No statute found mandates 13th-month pay; it is contractual or collective.,沪人社规〔2025〕10号,https://rsj.sh.gov.cn/tgzfl_17732/20250714/t0035_1434097.html,2026-09-28,2025-12-01,,NOT-APPLICABLE,Sourced exclusion; a paid contractual bonus is wages.,,,,
CN-N53.annual-bonus,CN,bonus,Applies: 1 Dec 2025 onward. No statute found mandates an annual bonus; it is contractual or collective.,沪人社规〔2025〕10号,https://rsj.sh.gov.cn/tgzfl_17732/20250714/t0035_1434097.html,2026-09-28,2025-12-01,,NOT-APPLICABLE,Sourced exclusion; a paid contractual bonus is wages.,,,,
CN-N54.capital-city-1500,CN,tax,"Applies: 1 Jan 2019 onward; residents claiming housing rent. 国发〔2018〕41号: CNY1,500 a month in municipalities, provincial capitals and planned cities (Shanghai, Kunming).","国发〔2018〕41号 Interim Measures for IIT Special Additional Deductions, housing-rent article",https://fgk.chinatax.gov.cn/zcfgk/c100012/c5213592/content.html,2026-09-30,2019-01-01,,TESTED,"Golden: the 1,500 rent cap. CN-N11-1 and CN-N54-2 added 30 Sep 2026, not yet run.",statutory_contributions:IIT,"Shanghai — first wage income in July deducts from January; the 60,000 election; the rent cap (CN-N11, N44, N54)",CN-N11-1; CN-N54-2,
CN-N54.smaller-city-tiers,CN,tax,"Applies: 1 Jan 2019 onward. 国发〔2018〕41号: CNY1,100 or CNY800 in smaller cities by registered population — not the tier of Shanghai or Kunming.","国发〔2018〕41号 Interim Measures for IIT Special Additional Deductions, housing-rent article",https://fgk.chinatax.gov.cn/zcfgk/c100012/c5213592/content.html,2026-09-30,2019-01-01,,NOT-APPLICABLE,Sourced exclusion for both profiles.,statutory_contributions:IIT,,,
CN-N54.rent-or-loan,CN,tax,Applies: 1 Jan 2019 onward. 国发〔2018〕41号: housing rent and housing-loan interest cannot both be claimed in one year.,"国发〔2018〕41号 Interim Measures for IIT Special Additional Deductions, housing-rent article",https://fgk.chinatax.gov.cn/zcfgk/c100012/c5213592/content.html,2026-09-30,2019-01-01,,TESTED,"Golden: both claims refuse. CN-N54-1 added 30 Sep 2026, not yet run.",statutory_contributions:IIT,Kunming — housing rent and housing-loan interest in one year refuse (国发〔2018〕41号; CN-N54),CN-N54-1,
CN-N55.one-child-subsidy,CN,tax,Applies: 1994 onward. 国税发〔1994〕89号 item 2: 独生子女补贴 is not of wage nature and is not taxed.,国税发〔1994〕89号 item 2; 财税〔1995〕82号,https://fgk.chinatax.gov.cn/zcfgk/c100011/c5216297/content.html,2026-09-30,1994-01-01,,TESTED,"Seeded ONE_CHILD_SUBSIDY outside IIT and WAGES. CN-N55-1 and CN-N55-2 added 30 Sep 2026, not yet run.",adhoc_catalogue:ONE_CHILD_SUBSIDY; adhoc_catalogue:CHILDCARE_SUBSIDY; adhoc_catalogue:TRAVEL_ALLOWANCE; adhoc_catalogue:MISSED_MEAL_SUBSIDY,"both cities — 独生子女补贴, 托儿补助费, 差旅费津贴 and 误餐补助 stay out of the IIT base (国税发〔1994〕89号 item 2; CN-N55)",CN-N55-1; CN-N55-2,
CN-N55.childcare-subsidy,CN,tax,Applies: 1994 onward. Item 2: 托儿补助费 is not of wage nature and is not taxed.,国税发〔1994〕89号 item 2; 财税〔1995〕82号,https://fgk.chinatax.gov.cn/zcfgk/c100011/c5216297/content.html,2026-09-30,1994-01-01,,TESTED,"Seeded CHILDCARE_SUBSIDY. CN-N55-1 and CN-N55-2 added 30 Sep 2026, not yet run.",adhoc_catalogue:ONE_CHILD_SUBSIDY; adhoc_catalogue:CHILDCARE_SUBSIDY; adhoc_catalogue:TRAVEL_ALLOWANCE; adhoc_catalogue:MISSED_MEAL_SUBSIDY,"both cities — 独生子女补贴, 托儿补助费, 差旅费津贴 and 误餐补助 stay out of the IIT base (国税发〔1994〕89号 item 2; CN-N55)",CN-N55-1; CN-N55-2,
CN-N55.travel-allowance,CN,tax,Applies: 1994 onward. Item 2: 差旅费津贴 is not of wage nature and is not taxed.,国税发〔1994〕89号 item 2; 财税〔1995〕82号,https://fgk.chinatax.gov.cn/zcfgk/c100011/c5216297/content.html,2026-09-30,1994-01-01,,TESTED,"Seeded TRAVEL_ALLOWANCE with evidence required; a travel figure paid monthly must be wages. CN-N55-1 and CN-N55-2 added 30 Sep 2026, not yet run.",adhoc_catalogue:ONE_CHILD_SUBSIDY; adhoc_catalogue:CHILDCARE_SUBSIDY; adhoc_catalogue:TRAVEL_ALLOWANCE; adhoc_catalogue:MISSED_MEAL_SUBSIDY,"both cities — 独生子女补贴, 托儿补助费, 差旅费津贴 and 误餐补助 stay out of the IIT base (国税发〔1994〕89号 item 2; CN-N55)",CN-N55-1; CN-N55-2,
CN-N55.missed-meal-subsidy,CN,tax,Applies: 1995 onward. Item 2 with 财税〔1995〕82号: 误餐补助 is untaxed only as meal fees at the finance-department standard for actual missed meals; anything else so named is wage income.,国税发〔1994〕89号 item 2; 财税〔1995〕82号,https://fgk.chinatax.gov.cn/zcfgk/c100011/c5216297/content.html,2026-09-30,1994-01-01,,TESTED,"Seeded MISSED_MEAL_SUBSIDY with evidence required; standard-within-limit evidence open. CN-N55-1 and CN-N55-2 added 30 Sep 2026, not yet run.",adhoc_catalogue:ONE_CHILD_SUBSIDY; adhoc_catalogue:CHILDCARE_SUBSIDY; adhoc_catalogue:TRAVEL_ALLOWANCE; adhoc_catalogue:MISSED_MEAL_SUBSIDY,"both cities — 独生子女补贴, 托儿补助费, 差旅费津贴 and 误餐补助 stay out of the IIT base (国税发〔1994〕89号 item 2; CN-N55)",CN-N55-1; CN-N55-2,
CN-SH01.net-of-employee-contributions,CN-shanghai,minimum_wage,"Applies: 1 Jul 2025 onward; Shanghai full-time workers. 沪人社规〔2025〕10号: the monthly floor CNY2,740 is tested on pay net of the employee’s statutory social insurance and housing fund.",沪人社规〔2025〕10号,https://rsj.sh.gov.cn/tgzfl_17732/20250714/t0035_1434097.html,2026-09-29,2025-07-01,,VERIFIED,"Probe-proven on 29 Sep 2026: CN-SH01-1 (3,798.33 nets exactly 2,740 and runs) and CN-SH40-1 (4,100 → 2,815.67 runs). [F24 2026-09-30: the 2026-09-29 probes ran on an env-link overlay of @norbital-ai/bolt 0.0.140; the pinned 0.0.139 was not re-run.]",work_rules.wages.by_region; work_rules.wages.hourly_by_region; work_rules.wages.net_of_employee_schemes,"Shanghai — 2,740 gross less the employee’s statutory shares fails the net floor (CN-SH01)",CN-SH01-1; CN-SH40-1,2026-09-29
CN-SH01.below-floor-refusal,CN-shanghai,minimum_wage,"Applies: 1 Jul 2025 onward; Shanghai full-time workers. Qualifying pay below CNY2,740 is refused.",沪人社规〔2025〕10号,https://rsj.sh.gov.cn/tgzfl_17732/20250714/t0035_1434097.html,2026-09-29,2025-07-01,,TESTED,"Golden: 2,740 gross nets 1,764.70 and fails. CN-SH01-2 added 30 Sep 2026, not yet run.",work_rules.wages.by_region; work_rules.wages.hourly_by_region; work_rules.wages.net_of_employee_schemes,"Shanghai — 2,740 gross less the employee’s statutory shares fails the net floor (CN-SH01)",CN-SH01-2,
CN-SH01.hourly-floor,CN-shanghai,minimum_wage,Applies: 1 Jul 2025 onward; Shanghai non-full-time workers. The hourly floor is CNY25.,沪人社规〔2025〕10号,https://rsj.sh.gov.cn/tgzfl_17732/20250714/t0035_1434097.html,2026-09-29,2025-07-01,,IMPLEMENTED,"Stored check HOURLY_MINIMUM_WAGE refuses a non-full-time hourly contract below CNY25 at the terms write (TERMS_CHANGE). CN-SH01-4 (24 an hour refused) added 30 Sep 2026, not yet run. The run itself still only warns a part-time contract (block_below_when).",checks:HOURLY_MINIMUM_WAGE; work_rules.wages.hourly_by_region,,CN-SH01-4,
CN-SH01.excluded-items,CN-shanghai,minimum_wage,"Applies: 1 Jul 2025 onward; Shanghai workers. Overtime, night/hazard/heat allowances, meals, commute and housing subsidy are excluded from qualifying pay.",沪人社规〔2025〕10号,https://rsj.sh.gov.cn/tgzfl_17732/20250714/t0035_1434097.html,2026-09-29,2025-07-01,,IMPLEMENTED,"Excluded by construction (the floor reads contract basic). CN-SH01-3 (the heat allowance left out) added 30 Sep 2026, not yet run.",work_rules.wages.by_region; work_rules.wages.hourly_by_region; work_rules.wages.net_of_employee_schemes,,CN-SH01-3,
CN-SH02.final-payment,CN-shanghai,final_pay,"Applies: 1 Dec 2025 onward; Shanghai leavers. Item 7: final payment is due 在与劳动者办妥手续时; the exit date stands for that undated date (recorded default, never later than the text allows).",沪人社规〔2026〕10号; 2016 predecessor; explanation,https://rsj.sh.gov.cn/tgzfl_17732/20260731/t0035_1442850.html,2026-09-29,2025-12-01,,PARTIAL,"Golden: a 15 January leaver is warned FINAL_PAY_LATE on the 31 January run, a 31 January leaver not. CN-SH50-1 passed 29 Sep 2026 and proves the final wages, leave pay and compensation settle in the exit month’s run, not the deadline warning. CN-SH02-1 added 30 Sep 2026, not yet run. [F24 2026-09-30: the 2026-09-29 probes ran on an env-link overlay of @norbital-ai/bolt 0.0.140; the pinned 0.0.139 was not re-run.]",payroll.final_pay_deadlines,Shanghai — final pay is due on the exit day; a month-end run pays a mid-month leaver late (CN-SH02),CN-SH50-1; CN-SH02-1,2026-09-29
CN-SH02.records-and-statement,CN-shanghai,final_pay,"Applies: 1 Dec 2025 onward; Shanghai employers. Wage composition, records and a worker wage statement.",沪人社规〔2026〕10号; 2016 predecessor; explanation,https://rsj.sh.gov.cn/tgzfl_17732/20260731/t0035_1442850.html,2026-09-29,2025-12-01,,GAP,No record or statement evidence.,payroll.final_pay_deadlines,,,
CN-SH02.monthly-payday,CN-shanghai,final_pay,Applies: 1 Dec 2025 onward; Shanghai employers. Monthly payday and cash/bank timing.,沪人社规〔2026〕10号; 2016 predecessor; explanation,https://rsj.sh.gov.cn/tgzfl_17732/20260731/t0035_1442850.html,2026-09-29,2025-12-01,,GAP,No payday calendar.,payroll.final_pay_deadlines,,,
CN-SH02.paid-public-activity,CN-shanghai,final_pay,Applies: 1 Dec 2025 onward; Shanghai workers. Public activity in working time is paid.,沪人社规〔2026〕10号; 2016 predecessor; explanation,https://rsj.sh.gov.cn/tgzfl_17732/20260731/t0035_1442850.html,2026-09-29,2025-12-01,,GAP,No civic-activity input.,payroll.final_pay_deadlines,,,
CN-SH02.part-time-15-day,CN-shanghai,final_pay,Applies: 1 Dec 2025 onward; Shanghai part-time workers. Settlement at most every 15 days.,沪人社规〔2026〕10号; 2016 predecessor; explanation,https://rsj.sh.gov.cn/tgzfl_17732/20260731/t0035_1442850.html,2026-09-29,2025-12-01,,IMPLEMENTED,"Stored check PART_TIME_SETTLEMENT_CYCLE refuses a monthly payroll paying a PART_TIME contract (LCL art.72: 最长不得超过十五日). Recorded default (owner rule 2026-09-28, law silent on a 16-day half-month): a semi-monthly or weekly payroll settles within the cycle. CN-SH02-2 added 30 Sep 2026, not yet run.",checks:PART_TIME_SETTLEMENT_CYCLE,,CN-SH02-2,
CN-SH02.annual-performance-advance,CN-shanghai,final_pay,Applies: 1 Dec 2025 onward; annual or performance salary. At least a monthly minimum advance.,沪人社规〔2026〕10号; 2016 predecessor; explanation,https://rsj.sh.gov.cn/tgzfl_17732/20260731/t0035_1442850.html,2026-09-29,2025-12-01,,GAP,No advance rule.,payroll.final_pay_deadlines,,,
CN-SH03.contract-base,CN-shanghai,overtime,"Applies: 1 Dec 2025 onward; Shanghai overtime. Items 9, 13: the overtime base is the position’s normal monthly attendance wage as the contract fixes it, converted at 21.75 days and 8 hours.","Same Shanghai wage measure items 9, 13–14",https://rsj.sh.gov.cn/tgzfl_17732/20260731/t0035_1442850.html,2026-09-29,2025-12-01,,VERIFIED,Probe-proven on 29 Sep 2026: CN-SH03-1 (150/200/300% on the contract monthly wage ÷ 21.75 ÷ 8). [F24 2026-09-30: the 2026-09-29 probes ran on an env-link overlay of @norbital-ai/bolt 0.0.140; the pinned 0.0.139 was not re-run.],work_rules.bands,"Shanghai — overtime at 150% / 200% / 300% on the 21.75-day hour (CN-N01, N02, SH03)",CN-SH03-1,2026-09-29
CN-SH03.listed-items-excluded,CN-shanghai,overtime,Applies: 1 Dec 2025 onward. Item 9: listed bonuses and subsidies are excluded from the base.,"Same Shanghai wage measure items 9, 13–14",https://rsj.sh.gov.cn/tgzfl_17732/20260731/t0035_1442850.html,2026-09-29,2025-12-01,,IMPLEMENTED,"Configured (the base reads the contract wage). CN-SH03-2 (a bonus outside the 125 hour) added 30 Sep 2026, not yet run.",work_rules.bands,,CN-SH03-2,
CN-SH03.collective-then-70pct,CN-shanghai,overtime,"Applies: 1 Dec 2025 onward. Item 9: without a contract figure the collective agreement, then 70% of actual normal wage, each floored at the local minimum.","Same Shanghai wage measure items 9, 13–14",https://rsj.sh.gov.cn/tgzfl_17732/20260731/t0035_1442850.html,2026-09-29,2025-12-01,,GAP,Only the contract base is seeded.,work_rules.bands,,,
CN-SH03.leave-pay-base,CN-shanghai,overtime,Applies: 1 Dec 2025 onward. Items 13–14: the same base for paid leave.,"Same Shanghai wage measure items 9, 13–14",https://rsj.sh.gov.cn/tgzfl_17732/20260731/t0035_1442850.html,2026-09-29,2025-12-01,,GAP,Unmodelled.,work_rules.bands,,,
CN-SH03.approved-schedules,CN-shanghai,overtime,Applies: 1 Dec 2025 onward. Approved comprehensive or irregular hours have a separate holiday and overtime branch.,"Same Shanghai wage measure items 9, 13–14",https://rsj.sh.gov.cn/tgzfl_17732/20260731/t0035_1442850.html,2026-09-29,2025-12-01,,GAP,Not seeded.,work_rules.bands,,,
CN-SH04.hardship-delay,CN-shanghai,wages,Applies: 1 Dec 2025 onward. A one-month agreed hardship delay.,"Same measure items 10–12, 15–23",https://rsj.sh.gov.cn/tgzfl_17732/20260731/t0035_1442850.html,2026-09-29,2025-12-01,,GAP,No dated pay-state input.,,,,
CN-SH04.probation-80pct,CN-shanghai,wages,Applies: 1 Dec 2025 onward. The probation wage is at least 80% of the comparator and the local floor.,"Same measure items 10–12, 15–23",https://rsj.sh.gov.cn/tgzfl_17732/20260731/t0035_1442850.html,2026-09-30,2025-12-01,,TESTED,"National rule seeded as PROBATION_WAGE_SHORTFALL (CN-N41); golden only. Probe CN-N41-4 added 30 Sep 2026, not yet run.",,"both cities — a probation wage under 80% of the agreed wage is owed as arrears (CN-N41, LCL art.20, Regulation art.15)",CN-N41-4,
CN-SH04.stoppage,CN-shanghai,wages,Applies: 1 Dec 2025 onward. Stoppage pay.,"Same measure items 10–12, 15–23",https://rsj.sh.gov.cn/tgzfl_17732/20260731/t0035_1442850.html,2026-09-29,2025-12-01,,GAP,No dated pay-state input.,,,,
CN-SH04.quarantine,CN-shanghai,wages,Applies: 1 Dec 2025 onward. Quarantine pay.,"Same measure items 10–12, 15–23",https://rsj.sh.gov.cn/tgzfl_17732/20260731/t0035_1442850.html,2026-09-29,2025-12-01,,GAP,No dated pay-state input.,,,,
CN-SH04.discipline,CN-shanghai,wages,Applies: 1 Dec 2025 onward. Pay during discipline.,"Same measure items 10–12, 15–23",https://rsj.sh.gov.cn/tgzfl_17732/20260731/t0035_1442850.html,2026-09-29,2025-12-01,,GAP,No dated pay-state input.,,,,
CN-SH04.lawful-deductions,CN-shanghai,wages,Applies: 1 Dec 2025 onward. Lawful deductions only.,"Same measure items 10–12, 15–23",https://rsj.sh.gov.cn/tgzfl_17732/20260731/t0035_1442850.html,2026-09-29,2025-12-01,,GAP,"Court-ordered support config-ready, not seeded (CN-KM-WP09).",,,,
CN-SH04.employee-damage-20pct,CN-shanghai,wages,"Applies: 1 Dec 2025 onward. Employee damage deductions at most 20% of the month’s wage, leaving the minimum.","Same measure items 10–12, 15–23",https://rsj.sh.gov.cn/tgzfl_17732/20260731/t0035_1442850.html,2026-09-29,2025-12-01,,IMPLEMENTED,"Ad hoc class EMPLOYEE_DAMAGE_DEDUCTION (net, no insured or taxable wage) and stored check DAMAGE_DEDUCTION_LIMIT, which refuses a run where it exceeds 20% of gross or leaves net below the city minimum wage. Recorded default: the month’s wage is gross pay and the remainder is net after it (劳部发〔1994〕489号 art.16 names neither). CN-SH04-1 (4,000 taken) and CN-SH04-2 (4,000.01 refused) added 30 Sep 2026, not yet run. tests/counts-toward-matrix.test.ts must list EMPLOYEE_DAMAGE_DEDUCTION: [] for CN-shanghai.",adhoc_catalogue:EMPLOYEE_DAMAGE_DEDUCTION; checks:DAMAGE_DEDUCTION_LIMIT,,CN-SH04-1; CN-SH04-2,
CN-SH04.reinstatement-back-pay,CN-shanghai,wages,Applies: 1 Dec 2025 onward. Back-pay after reinstatement.,"Same measure items 10–12, 15–23",https://rsj.sh.gov.cn/tgzfl_17732/20260731/t0035_1442850.html,2026-09-29,2025-12-01,,GAP,No reinstatement input.,,,,
CN-SH05.floor-2025,CN-shanghai,contribution,"Applies: 1 Jul 2025–30 Jun 2026; Shanghai insured workers. 2025 base notice: the social-insurance base floor is CNY7,460.",2025 social-insurance base notice; formal 2026 HRSS announcement of 18 Aug 2026; HRSS Q&A; Shanghai Tax Bureau Q&A,https://rsj.sh.gov.cn/tgsgg_17341/20250918/t0035_1435637.html,2026-09-29,2025-07-01,2026-06-30,VERIFIED,"Probe-proven on 29 Sep 2026: CN-SH09-1 (6,000 → 7,460). [F24 2026-09-30: the 2026-09-29 probes ran on an env-link overlay of @norbital-ai/bolt 0.0.140; the pinned 0.0.139 was not re-run.]",statutory_contributions:PENSION; statutory_contributions:MEDICAL; statutory_contributions:UNEMPLOYMENT; statutory_contributions:INJURY,"Shanghai — the base floor and ceiling to 30 June 2026, and the fen above the ceiling (CN-SH05, SH09)",CN-SH09-1,2026-09-29
CN-SH05.ceiling-2025,CN-shanghai,contribution,"Applies: 1 Jul 2025–30 Jun 2026; Shanghai insured workers. The ceiling is CNY37,302.",2025 social-insurance base notice; formal 2026 HRSS announcement of 18 Aug 2026; HRSS Q&A; Shanghai Tax Bureau Q&A,https://rsj.sh.gov.cn/tgsgg_17341/20250918/t0035_1435637.html,2026-09-29,2025-07-01,2026-06-30,VERIFIED,"Probe-proven on 29 Sep 2026: CN-SH05-2. CN-SH05-4 (June 2026 still on 37,302) passed in the R8 run of 30 Sep 2026, after the parent’s verified_at (2026-09-29); not VERIFIED until re-verified on that basis. [F24 2026-09-30: the 2026-09-29 probes ran on an env-link overlay of @norbital-ai/bolt 0.0.140; the pinned 0.0.139 was not re-run.]",statutory_contributions:PENSION; statutory_contributions:MEDICAL; statutory_contributions:UNEMPLOYMENT; statutory_contributions:INJURY,"Shanghai — the base floor and ceiling to 30 June 2026, and the fen above the ceiling (CN-SH05, SH09)",CN-SH05-2; CN-SH05-4,2026-09-29
CN-SH05.floor-2026,CN-shanghai,contribution,"Applies: 1 Jul 2026 onward. 18 Aug 2026 HRSS announcement: the floor is CNY7,546 (2025 city average CNY12,577/month).",2025 social-insurance base notice; formal 2026 HRSS announcement of 18 Aug 2026; HRSS Q&A; Shanghai Tax Bureau Q&A,https://rsj.sh.gov.cn/tgsgg_17341/20250918/t0035_1435637.html,2026-09-29,2026-07-01,,VERIFIED,"Probe-proven on 29 Sep 2026: CN-SH40-1 (4,100 lifts to 7,546). [F24 2026-09-30: the 2026-09-29 probes ran on an env-link overlay of @norbital-ai/bolt 0.0.140; the pinned 0.0.139 was not re-run.]",statutory_contributions:PENSION; statutory_contributions:MEDICAL; statutory_contributions:UNEMPLOYMENT; statutory_contributions:INJURY,"Shanghai — 30 June / 1 July 2026: the new base 7,546–37,731 and fund 2,740–37,731 (CN-SH05, SH40)",CN-SH40-1,2026-09-29
CN-SH05.ceiling-2026,CN-shanghai,contribution,"Applies: 1 Jul 2026 onward. The ceiling is CNY37,731.",2025 social-insurance base notice; formal 2026 HRSS announcement of 18 Aug 2026; HRSS Q&A; Shanghai Tax Bureau Q&A,https://rsj.sh.gov.cn/tgsgg_17341/20250918/t0035_1435637.html,2026-09-29,2026-07-01,,VERIFIED,"Probe-proven on 29 Sep 2026: CN-SH40-1 (40,000 caps at 37,731). [F24 2026-09-30: the 2026-09-29 probes ran on an env-link overlay of @norbital-ai/bolt 0.0.140; the pinned 0.0.139 was not re-run.]",statutory_contributions:PENSION; statutory_contributions:MEDICAL; statutory_contributions:UNEMPLOYMENT; statutory_contributions:INJURY,"Shanghai — 30 June / 1 July 2026: the new base 7,546–37,731 and fund 2,740–37,731 (CN-SH05, SH40)",CN-SH40-1,2026-09-29
CN-SH05.existing-worker-base,CN-shanghai,contribution,"Applies: 1 Jul 2025 onward. An existing worker contributes on the preceding-year average, held for the contribution year.",2025 social-insurance base notice; formal 2026 HRSS announcement of 18 Aug 2026; HRSS Q&A; Shanghai Tax Bureau Q&A,https://rsj.sh.gov.cn/tgsgg_17341/20250918/t0035_1435637.html,2026-09-29,2025-07-01,,VERIFIED,Probe-proven on 29 Sep 2026: CN-SH05-1 (in-bound declared base) and CN-SH05-3 (base held across a mid-month rise); the operator declares the average. [F24 2026-09-30: the 2026-09-29 probes ran on an env-link overlay of @norbital-ai/bolt 0.0.140; the pinned 0.0.139 was not re-run.],statutory_contributions:PENSION; statutory_contributions:MEDICAL; statutory_contributions:UNEMPLOYMENT; statutory_contributions:INJURY,"Shanghai — December 2025: pension, medical, unemployment, injury and housing fund on a declared base (CN-SH05, SH06, SH07, SH09)",CN-SH05-1; CN-SH05-3,2026-09-29
CN-SH05.new-hire-first-full-month,CN-shanghai,contribution,Applies: 1 Jul 2025 onward. A new hire or mover uses the first full month’s wage.,2025 social-insurance base notice; formal 2026 HRSS announcement of 18 Aug 2026; HRSS Q&A; Shanghai Tax Bureau Q&A,https://rsj.sh.gov.cn/tgsgg_17341/20250918/t0035_1435637.html,2026-09-29,2025-07-01,,IMPLEMENTED,The operator declares the base; no derivation or probe.,statutory_contributions:PENSION; statutory_contributions:MEDICAL; statutory_contributions:UNEMPLOYMENT; statutory_contributions:INJURY,,,
CN-SH05.incomplete-first-month,CN-shanghai,contribution,Applies: 1 Jul 2025 onward. A special branch for an incomplete first month.,2025 social-insurance base notice; formal 2026 HRSS announcement of 18 Aug 2026; HRSS Q&A; Shanghai Tax Bureau Q&A,https://rsj.sh.gov.cn/tgsgg_17341/20250918/t0035_1435637.html,2026-09-29,2025-07-01,,GAP,Unmodelled.,statutory_contributions:PENSION; statutory_contributions:MEDICAL; statutory_contributions:UNEMPLOYMENT; statutory_contributions:INJURY,,,
CN-SH05.agreement-option,CN-shanghai,contribution,Applies: 1 Jul 2025 onward. The employer/worker agreement option.,2025 social-insurance base notice; formal 2026 HRSS announcement of 18 Aug 2026; HRSS Q&A; Shanghai Tax Bureau Q&A,https://rsj.sh.gov.cn/tgsgg_17341/20250918/t0035_1435637.html,2026-09-29,2025-07-01,,GAP,Unmodelled.,statutory_contributions:PENSION; statutory_contributions:MEDICAL; statutory_contributions:UNEMPLOYMENT; statutory_contributions:INJURY,,,
CN-SH05.base-difference-top-up,CN-shanghai,contribution,Applies: 1 Jul 2026 onward. Base-difference top-up by end-September 2026 with late fees waived (CN-SH38).,2025 social-insurance base notice; formal 2026 HRSS announcement of 18 Aug 2026; HRSS Q&A; Shanghai Tax Bureau Q&A,https://rsj.sh.gov.cn/tgsgg_17341/20250918/t0035_1435637.html,2026-09-29,2026-07-01,2026-09-30,GAP,Owner decision 2026-09-30: no retro recalculation (committed payslips stay frozen; corrections are manual ad hoc lines in a later run). No true-up path.,statutory_contributions:PENSION; statutory_contributions:MEDICAL; statutory_contributions:UNEMPLOYMENT; statutory_contributions:INJURY,,,
CN-SH06.pension-16-8,CN-shanghai,contribution,"Applies: Dec 2025 onward; Shanghai insured workers. HRSS employer-rate guidance: pension employer 16%, employee 8%.","沪医保规〔2025〕2号; 沪医保规〔2026〕2号, issuer copy dated 10 Mar 2026, joint with the finance bureau, HRSS and tax bureau; HRSS employer-rate guidance; 2025 unemployment notice; September 2026 municipal/HRSS guide; 人社部发〔2026〕39号",https://shanghai.chinatax.gov.cn/zzzb/zcwj/202508/t477427.html,2026-09-29,2025-12-01,,VERIFIED,"Probe-proven on 29 Sep 2026: CN-SH05-1, CN-SH05-2 (December 2025), CN-SH05-3 (March 2026), CN-SH40-1 (July 2026). [F24 2026-09-30: the 2026-09-29 probes ran on an env-link overlay of @norbital-ai/bolt 0.0.140; the pinned 0.0.139 was not re-run.]",statutory_contributions:MEDICAL; statutory_contributions:UNEMPLOYMENT; facts.unemployment_employer_rate; facts.unemployment_employee_rate,"Shanghai — December 2025: pension, medical, unemployment, injury and housing fund on a declared base (CN-SH05, SH06, SH07, SH09)",CN-SH05-1; CN-SH05-2; CN-SH05-3; CN-SH40-1,2026-09-29
CN-SH06.medical-2025-instrument,CN-shanghai,contribution,"Applies: Dec 2025–28 Feb 2026. 沪医保规〔2025〕2号: employer medical 9% (8.5% basic incl. maternity + 0.5% supplementary), employee 2%.","沪医保规〔2025〕2号; 沪医保规〔2026〕2号, issuer copy dated 10 Mar 2026, joint with the finance bureau, HRSS and tax bureau; HRSS employer-rate guidance; 2025 unemployment notice; September 2026 municipal/HRSS guide; 人社部发〔2026〕39号",https://shanghai.chinatax.gov.cn/zzzb/zcwj/202508/t477427.html,2026-09-29,2025-12-01,2026-02-28,VERIFIED,"Probe-proven on 29 Sep 2026: CN-SH05-1 and CN-SH05-2 (December 2025). CN-SH06-1 (February 2026) added 30 Sep 2026, not yet run. [F24 2026-09-30: the 2026-09-29 probes ran on an env-link overlay of @norbital-ai/bolt 0.0.140; the pinned 0.0.139 was not re-run.]",statutory_contributions:MEDICAL; statutory_contributions:UNEMPLOYMENT; facts.unemployment_employer_rate; facts.unemployment_employee_rate,"Shanghai — December 2025: pension, medical, unemployment, injury and housing fund on a declared base (CN-SH05, SH06, SH07, SH09)",CN-SH05-1; CN-SH05-2; CN-SH06-1,2026-09-29
CN-SH06.medical-2026-instrument,CN-shanghai,contribution,"Applies: 1 Mar 2026–28 Feb 2027. 沪医保规〔2026〕2号: employer 9%, employee 2%.","沪医保规〔2025〕2号; 沪医保规〔2026〕2号, issuer copy dated 10 Mar 2026, joint with the finance bureau, HRSS and tax bureau; HRSS employer-rate guidance; 2025 unemployment notice; September 2026 municipal/HRSS guide; 人社部发〔2026〕39号",https://shanghai.chinatax.gov.cn/zzzb/zcwj/202508/t477427.html,2026-09-29,2026-03-01,2027-02-28,VERIFIED,Probe-proven on 29 Sep 2026: CN-SH05-3 (March 2026) and CN-SH40-1 (July 2026). [F24 2026-09-30: the 2026-09-29 probes ran on an env-link overlay of @norbital-ai/bolt 0.0.140; the pinned 0.0.139 was not re-run.],statutory_contributions:MEDICAL; statutory_contributions:UNEMPLOYMENT; facts.unemployment_employer_rate; facts.unemployment_employee_rate,"Shanghai — December 2025: pension, medical, unemployment, injury and housing fund on a declared base (CN-SH05, SH06, SH07, SH09)",CN-SH05-3; CN-SH40-1,2026-09-29
CN-SH06.flexible-worker-10pct,CN-shanghai,contribution,Applies: Dec 2025 onward. Flexible workers’ medical rate of 10% is outside an ordinary employer payroll.,"沪医保规〔2025〕2号; 沪医保规〔2026〕2号, issuer copy dated 10 Mar 2026, joint with the finance bureau, HRSS and tax bureau; HRSS employer-rate guidance; 2025 unemployment notice; September 2026 municipal/HRSS guide; 人社部发〔2026〕39号",https://shanghai.chinatax.gov.cn/zzzb/zcwj/202508/t477427.html,2026-09-29,2025-12-01,,NOT-APPLICABLE,,statutory_contributions:MEDICAL; statutory_contributions:UNEMPLOYMENT; facts.unemployment_employer_rate; facts.unemployment_employee_rate,,,
CN-SH06.unemployment-2025,CN-shanghai,contribution,"Applies: to 31 Dec 2025. The 2025 unemployment notice: 0.5% employer and 0.5% worker, expressly limited to 31 Dec 2025.","沪医保规〔2025〕2号; 沪医保规〔2026〕2号, issuer copy dated 10 Mar 2026, joint with the finance bureau, HRSS and tax bureau; HRSS employer-rate guidance; 2025 unemployment notice; September 2026 municipal/HRSS guide; 人社部发〔2026〕39号",https://shanghai.chinatax.gov.cn/zzzb/zcwj/202508/t477427.html,2026-09-29,2025-12-01,2025-12-31,VERIFIED,Probe-proven on 29 Sep 2026: CN-SH05-1 and CN-SH05-2 (December 2025). [F24 2026-09-30: the 2026-09-29 probes ran on an env-link overlay of @norbital-ai/bolt 0.0.140; the pinned 0.0.139 was not re-run.],statutory_contributions:MEDICAL; statutory_contributions:UNEMPLOYMENT; facts.unemployment_employer_rate; facts.unemployment_employee_rate,"Shanghai — December 2025: pension, medical, unemployment, injury and housing fund on a declared base (CN-SH05, SH06, SH07, SH09)",CN-SH05-1; CN-SH05-2,2026-09-29
CN-SH06.unemployment-2026,CN-shanghai,contribution,Applies: 1 Jan 2026 onward. The 2026 employer unemployment rate: the 2025 reduction may not be extrapolated.,"沪医保规〔2025〕2号; 沪医保规〔2026〕2号, issuer copy dated 10 Mar 2026, joint with the finance bureau, HRSS and tax bureau; HRSS employer-rate guidance; 2025 unemployment notice; September 2026 municipal/HRSS guide; 人社部发〔2026〕39号",https://shanghai.chinatax.gov.cn/zzzb/zcwj/202508/t477427.html,2026-09-29,2026-01-01,,SOURCE-BLOCKED,"Missing source, not a silent law: the HRSS social-insurance index re-read 30 Sep 2026 lists no 2026 premium-rate notice (沪人社规〔2026〕2号 injury only; 〔2026〕7号 benefits); 人社部发〔2026〕39号 sets no rate; the September 2026 municipal guide confirms only the employee 0.5%. Every 2026 probe charges the operator-recorded 0.5/0.5, proving the input, not the law.",statutory_contributions:MEDICAL; statutory_contributions:UNEMPLOYMENT; facts.unemployment_employer_rate; facts.unemployment_employee_rate,,,
CN-SH07.recorded-class-rate,CN-shanghai,contribution,"Applies: 1 Jan 2026 onward; Shanghai employers. 沪人社规〔2026〕2号: employer-only work injury at the agency-assigned class rate (classes I–VIII 0.2/0.4/0.7/0.9/1.1/1.3/1.6/1.9%), recorded as `injury_rate`.",沪人社规〔2026〕2号; floating measure 〔2026〕3号,https://rsj.sh.gov.cn/tshbx_17729/20260121/t0035_1438097.html,2026-09-29,2026-01-01,,VERIFIED,"Probe-proven on 29 Sep 2026: class I 0.2% in every Shanghai case (CN-SH05-1, CN-SH05-2, CN-SH40-1). Only 0.2 is probe-proven. CN-SH07-1 (class VIII 1.9%) added 30 Sep 2026, not yet run. [F24 2026-09-30: the 2026-09-29 probes ran on an env-link overlay of @norbital-ai/bolt 0.0.140; the pinned 0.0.139 was not re-run.]",statutory_contributions:INJURY; facts.injury_rate,"Shanghai — December 2025: pension, medical, unemployment, injury and housing fund on a declared base (CN-SH05, SH06, SH07, SH09)",CN-SH05-1; CN-SH05-2; CN-SH40-1; CN-SH07-1,2026-09-29
CN-SH07.assigned-float,CN-shanghai,contribution,Applies: 1 Jan 2026 onward. 〔2026〕3号: the assigned floating rate.,沪人社规〔2026〕2号; floating measure 〔2026〕3号,https://rsj.sh.gov.cn/tshbx_17729/20260121/t0035_1438097.html,2026-09-29,2026-01-01,,GAP,An agency determination the operator records; no float input or probe.,statutory_contributions:INJURY; facts.injury_rate,,,
CN-SH07.staffing-agency-class-ii,CN-shanghai,contribution,Applies: 1 Jan 2026 onward. A staffing agency is class II.,沪人社规〔2026〕2号; floating measure 〔2026〕3号,https://rsj.sh.gov.cn/tshbx_17729/20260121/t0035_1438097.html,2026-09-29,2026-01-01,,GAP,No agency classification.,statutory_contributions:INJURY; facts.injury_rate,,,
CN-SH07.reclassification,CN-shanghai,contribution,Applies: 1 Jan 2026 onward. Next-month industry reclassification.,沪人社规〔2026〕2号; floating measure 〔2026〕3号,https://rsj.sh.gov.cn/tshbx_17729/20260121/t0035_1438097.html,2026-09-29,2026-01-01,,GAP,No dated reclassification path.,statutory_contributions:INJURY; facts.injury_rate,,,
CN-SH08.tariff-december-2025,CN-shanghai,levy,"Applies: December 2025. 沪人社规〔2025〕28号: construction project-value injury tariff 0.8‰, separate from the payroll premium.",沪人社规〔2025〕28号,https://rsj.sh.gov.cn/tshbx_17729/20251222/t0035_1437542.html,2026-09-29,2025-12-01,2025-12-31,EXTERNAL,No project assessment.,,,,
CN-SH08.tariff-2026,CN-shanghai,levy,Applies: 1 Jan 2026 onward. The project-value tariff is 1.2‰.,沪人社规〔2025〕28号,https://rsj.sh.gov.cn/tshbx_17729/20251222/t0035_1437542.html,2026-09-29,2026-01-01,,EXTERNAL,No project assessment.,,,,
CN-SH09.floor-2690,CN-shanghai,contribution,"Applies: 1 Jul 2025–30 Jun 2026. 沪公积金管委会〔2025〕8号: the fund base floor is CNY2,690.",沪公积金管委会〔2025〕8号; official 2025 base-adjustment Q&A,https://www.shzfgjj.cn/html/newxxgk/zcwj/gfxwj/228051.html,2026-09-29,2025-07-01,2026-06-30,VERIFIED,Probe-proven on 29 Sep 2026: CN-SH09-1. [F24 2026-09-30: the 2026-09-29 probes ran on an env-link overlay of @norbital-ai/bolt 0.0.140; the pinned 0.0.139 was not re-run.],statutory_contributions:HOUSING_FUND; facts.housing_fund_rate; facts.housing_fund_supplementary_rate,"Shanghai — the base floor and ceiling to 30 June 2026, and the fen above the ceiling (CN-SH05, SH09)",CN-SH09-1,2026-09-29
CN-SH09.ceiling-37302,CN-shanghai,contribution,"Applies: 1 Jul 2025–30 Jun 2026. The fund base ceiling is CNY37,302; the old ceiling is not carried past 30 June 2026.",沪公积金管委会〔2025〕8号; official 2025 base-adjustment Q&A,https://www.shzfgjj.cn/html/newxxgk/zcwj/gfxwj/228051.html,2026-09-29,2025-07-01,2026-06-30,VERIFIED,"Probe-proven on 29 Sep 2026: CN-SH05-2. CN-SH05-4 passed in the R8 run of 30 Sep 2026, after the parent’s verified_at (2026-09-29); not VERIFIED until re-verified on that basis. [F24 2026-09-30: the 2026-09-29 probes ran on an env-link overlay of @norbital-ai/bolt 0.0.140; the pinned 0.0.139 was not re-run.]",statutory_contributions:HOUSING_FUND; facts.housing_fund_rate; facts.housing_fund_supplementary_rate,"Shanghai — the base floor and ceiling to 30 June 2026, and the fen above the ceiling (CN-SH05, SH09)",CN-SH05-2; CN-SH05-4,2026-09-29
CN-SH09.ordinary-rate,CN-shanghai,contribution,Applies: 1 Jul 2025–30 Jun 2026. Employer and worker ordinary rate each an equal integer 5/6/7%.,沪公积金管委会〔2025〕8号; official 2025 base-adjustment Q&A,https://www.shzfgjj.cn/html/newxxgk/zcwj/gfxwj/228051.html,2026-09-29,2025-07-01,2026-06-30,IMPLEMENTED,"The recorded 7% is charged in every case, but the band rests on centre-attributed republications (issuer www.shzfgjj.cn unresolved 29 Sep 2026). Probe CN-SH09-4 (the 5% band floor) added 30 Sep 2026, not yet run.",statutory_contributions:HOUSING_FUND; facts.housing_fund_rate; facts.housing_fund_supplementary_rate,,CN-SH09-4,
CN-SH09.supplementary-rate,CN-shanghai,contribution,Applies: 1 Jul 2025–30 Jun 2026. A supplementary rate each equal 1–5% if elected.,沪公积金管委会〔2025〕8号; official 2025 base-adjustment Q&A,https://www.shzfgjj.cn/html/newxxgk/zcwj/gfxwj/228051.html,2026-09-29,2025-07-01,2026-06-30,IMPLEMENTED,"CN-SH09-3 (700.70 → 701 + 500.50 → 501) passed in the R8 run of 30 Sep 2026, after the parent’s verified_at (2026-09-29); not VERIFIED until re-verified on that basis. The band rests on republications.",statutory_contributions:HOUSING_FUND; facts.housing_fund_rate; facts.housing_fund_supplementary_rate,,CN-SH09-3,
CN-SH09.per-side-rounding,CN-shanghai,contribution,"Applies: 1 Jul 2025–30 Jun 2026. The official Q&A: each employer and worker share rounds separately to a whole yuan, 四舍五入, before summing.",沪公积金管委会〔2025〕8号; official 2025 base-adjustment Q&A,https://www.shzfgjj.cn/html/newxxgk/zcwj/gfxwj/228051.html,2026-09-29,2025-07-01,2026-06-30,VERIFIED,"Probe-proven on 29 Sep 2026: CN-SH09-2 (1,522.50 → 1,523). CN-SH09-3 passed in the R8 run of 30 Sep 2026, after the parent’s verified_at (2026-09-29); not VERIFIED until re-verified on that basis. [F24 2026-09-30: the 2026-09-29 probes ran on an env-link overlay of @norbital-ai/bolt 0.0.140; the pinned 0.0.139 was not re-run.]",statutory_contributions:HOUSING_FUND; facts.housing_fund_rate; facts.housing_fund_supplementary_rate,"Shanghai — the base floor and ceiling to 30 June 2026, and the fen above the ceiling (CN-SH05, SH09)",CN-SH09-2; CN-SH09-3,2026-09-29
CN-SH09.worker-notice,CN-shanghai,contribution,Applies: 1 Jul 2025–30 Jun 2026. Each worker receives the amount determination within one month.,沪公积金管委会〔2025〕8号; official 2025 base-adjustment Q&A,https://www.shzfgjj.cn/html/newxxgk/zcwj/gfxwj/228051.html,2026-09-29,2025-07-01,2026-06-30,EXTERNAL,External notice; remittance outside payroll.,statutory_contributions:HOUSING_FUND; facts.housing_fund_rate; facts.housing_fund_supplementary_rate,,,
CN-SH10.dedicated-account-funding,CN-shanghai,records,Applies: 1 Aug 2025 onward; covered projects over CNY1m. 沪建规范联〔2025〕8号: monthly labour funding to a project dedicated account.,沪建规范联〔2025〕8号,https://www.shanghai.gov.cn/202520bmgfxwj/20251020/9968e031d0cb488eab999a381f2878fa.html,2026-09-29,2025-08-01,,EXTERNAL,No project workflow.,,,,
CN-SH10.direct-bank-wages,CN-shanghai,records,Applies: 1 Aug 2025 onward; covered projects. Monthly direct bank wages.,沪建规范联〔2025〕8号,https://www.shanghai.gov.cn/202520bmgfxwj/20251020/9968e031d0cb488eab999a381f2878fa.html,2026-09-29,2025-08-01,,EXTERNAL,No bank proof.,,,,
CN-SH10.contract-attendance-table,CN-shanghai,records,"Applies: 1 Aug 2025 onward; covered projects. Worker contract, real-name attendance and signed wage table.",沪建规范联〔2025〕8号,https://www.shanghai.gov.cn/202520bmgfxwj/20251020/9968e031d0cb488eab999a381f2878fa.html,2026-09-29,2025-08-01,,EXTERNAL,No evidence captured.,,,,
CN-SH10.objection-three-days,CN-shanghai,records,Applies: 1 Aug 2025 onward; contractors. A wage objection is answered within three working days.,沪建规范联〔2025〕8号,https://www.shanghai.gov.cn/202520bmgfxwj/20251020/9968e031d0cb488eab999a381f2878fa.html,2026-09-29,2025-08-01,,EXTERNAL,No objection dates.,,,,
CN-SH11.dispatch-base,CN-shanghai,severance,"Applies: 16 Aug 2026 onward; agency-dispatched workers. 沪人社规〔2026〕13号: the severance base follows the agency-confirmed or promised wage, else the published Shanghai average when the wage cannot be determined.",沪人社规〔2026〕13号,https://rsj.sh.gov.cn/tldgx_17731/20260813/t0035_1443091.html,2026-09-29,2026-08-16,,GAP,No dispatch status or agency wage evidence.,,,,
CN-SH11.medical-period,CN-shanghai,severance,Applies: 16 Aug 2026 onward. Medical-period exit branch.,沪人社规〔2026〕13号,https://rsj.sh.gov.cn/tldgx_17731/20260813/t0035_1443091.html,2026-09-29,2026-08-16,,GAP,No medical-period facts.,,,,
CN-SH11.military-service,CN-shanghai,severance,Applies: 16 Aug 2026 onward. Military service deemed same-employer service.,沪人社规〔2026〕13号,https://rsj.sh.gov.cn/tldgx_17731/20260813/t0035_1443091.html,2026-09-29,2026-08-16,,GAP,No military-service input.,,,,
CN-SH11.si-arrears,CN-shanghai,severance,Applies: 16 Aug 2026 onward. Exit for social-insurance arrears.,沪人社规〔2026〕13号,https://rsj.sh.gov.cn/tldgx_17731/20260813/t0035_1443091.html,2026-09-29,2026-08-16,,GAP,No ground mapping.,,,,
CN-SH11.entity-transfer-years,CN-shanghai,severance,Applies: 16 Aug 2026 onward. Continuous years after entity transfer.,沪人社规〔2026〕13号,https://rsj.sh.gov.cn/tldgx_17731/20260813/t0035_1443091.html,2026-09-29,2026-08-16,,GAP,"Carried service exists (`lcl10_transferred_service_months`), but this instrument’s rule is not transcribed.",,,,
CN-SH12.within-six-months-ladder,CN-shanghai,leave,"Applies: 1 Dec 2025–15 Aug 2026; certified sickness. 沪劳保发〔95〕83号 items 3–5: within six continuous months, 60/70/80/90/100% by service.",沪劳保发〔95〕83号 items 3–5; 沪劳保保发〔2000〕14号; 2021 extension; current HRSS normative index; HRSS expressly confirmed the 1995 notice expired,https://rsj.sh.gov.cn/tgzfl_17732/20230901/t0035_1418018.html,2026-09-29,2025-12-01,2026-08-15,IMPLEMENTED,"SICK_LEAVE pay_fraction: within six months of the episode’s first day, 60/70/80/90/100% by continuous service under 24/48/72/96 months. Recorded defaults (owner rule 2026-09-28): continuous service is this stint’s completed months plus the recorded prior service months; the six months count from the episode opening (leave.month_index). CN-SH12-1 (36 months → 70%) added 30 Sep 2026, not yet run.",leave_catalogue:SICK_LEAVE.pay_fraction,,CN-SH12-1,
CN-SH12.after-six-months-ladder,CN-shanghai,leave,"Applies: 1 Dec 2025–15 Aug 2026. After six months, 40/50/60% by service.",沪劳保发〔95〕83号 items 3–5; 沪劳保保发〔2000〕14号; 2021 extension; current HRSS normative index; HRSS expressly confirmed the 1995 notice expired,https://rsj.sh.gov.cn/tgzfl_17732/20230901/t0035_1418018.html,2026-09-29,2025-12-01,2026-08-15,IMPLEMENTED,"SICK_LEAVE pay_fraction: from the seventh month of the episode, 40/50/60% under 12/36 months of continuous service. No probe: it needs a seven-month episode across seven saved runs; not added to keep the probe suite bounded.",leave_catalogue:SICK_LEAVE.pay_fraction,,,
CN-SH12.net-floor-80pct,CN-shanghai,leave,"Applies: 1 Dec 2025–15 Aug 2026. 沪劳保保发〔2000〕14号: illness pay after the employee’s pension, medical, unemployment and housing shares at least 80% of the city minimum.",沪劳保发〔95〕83号 items 3–5; 沪劳保保发〔2000〕14号; 2021 extension; current HRSS normative index; HRSS expressly confirmed the 1995 notice expired,https://rsj.sh.gov.cn/tgzfl_17732/20230901/t0035_1418018.html,2026-09-29,2025-12-01,2026-08-15,PARTIAL,"Configured: every sick day is floored at 80% of the city minimum wage on the day wage (SICK_LEAVE pay_fraction). Not configured: the 沪劳保保发〔2000〕14号 test on pay net of the employee’s pension, medical, unemployment and housing-fund shares — a day fraction cannot read the month’s contributions.",leave_catalogue:SICK_LEAVE.pay_fraction,,,
CN-SH15.national-80pct-floor,CN-shanghai,leave,Applies: 16 Aug 2026 onward. 劳部发〔1995〕309号 item 59: sick pay during the medical period at least 80% of the local minimum.,Labour Ministry 1995 Opinion item 59; Shanghai's 2026 wage-payment measure item 9; 沪府发〔2015〕40号; extended to 2030,https://www.mohrss.gov.cn/xxgk2020/fdzdgknr/zcfg/gfxwj/zh/202103/t20210330_412011.html,2026-09-29,2026-08-16,,IMPLEMENTED,"SICK_LEAVE pay_fraction: from 16 August 2026 each sick day pays min(1, 0.8 × minimum wage ÷ monthly basic) of the day wage. CN-SH15-1 added 30 Sep 2026, not yet run. The medical-period limit is CN-SH15.protected-medical-period.",leave_catalogue:SICK_LEAVE.pay_fraction,,CN-SH15-1,
CN-SH15.protected-medical-period,CN-shanghai,leave,Applies: 16 Aug 2026 onward. 沪府发〔2015〕40号 (extended to 2030): the protected medical period from this-employer tenure.,Labour Ministry 1995 Opinion item 59; Shanghai's 2026 wage-payment measure item 9; 沪府发〔2015〕40号; extended to 2030,https://www.mohrss.gov.cn/xxgk2020/fdzdgknr/zcfg/gfxwj/zh/202103/t20210330_412011.html,2026-09-29,2026-08-16,,GAP,No medical-period input.,,,,
CN-SH15.post-expiry-rate,CN-shanghai,leave,"Applies: 16 Aug 2026 onward. The post-expiry sickness-pay rate, and whether the net-of-contributions floor survives, need determination; contract or collective terms may set more.",Labour Ministry 1995 Opinion item 59; Shanghai's 2026 wage-payment measure item 9; 沪府发〔2015〕40号; extended to 2030,https://www.mohrss.gov.cn/xxgk2020/fdzdgknr/zcfg/gfxwj/zh/202103/t20210330_412011.html,2026-09-29,2026-08-16,,IMPLEMENTED,"Recorded default (owner rule 2026-09-28; the 1995 notice expired and no successor rate was found): from 16 August 2026 the sick pay is the lawful minimum, 80% of the city minimum wage (劳部发〔1995〕309号 item 59), with no net-of-contributions test; a contract or collective agreement paying more is the unit’s own catalogue row. CN-SH15-1 added 30 Sep 2026, not yet run.",leave_catalogue:SICK_LEAVE.pay_fraction,,CN-SH15-1,
CN-SH13.marriage-plus-7,CN-shanghai,leave,Applies: 1 Dec 2025–31 Oct 2027; Shanghai. 沪府规〔2022〕18号: seven additional marriage days.,"Shanghai family-planning reward rules, item 2–3",https://www.shanghai.gov.cn/nw12344/20221110/87151565cd6246c99854c129797d178c.html,2026-09-29,2025-12-01,2027-10-31,VERIFIED,"Probe-proven on 29 Sep 2026: CN-SH13-1 (ten days’ marriage leave, no deduction). [F24 2026-09-30: the 2026-09-29 probes ran on an env-link overlay of @norbital-ai/bolt 0.0.140; the pinned 0.0.139 was not re-run.]",leave_catalogue:MARRIAGE_LEAVE; leave_catalogue:MATERNITY_LEAVE; leave_catalogue:PATERNITY_LEAVE; leave_catalogue:CHILDCARE_LEAVE,"${lineage} — annual, maternity, paternity and marriage leave on every sealed version",CN-SH13-1,2026-09-29
CN-SH13.birth-plus-60,CN-shanghai,leave,Applies: 1 Dec 2025–31 Oct 2027. Sixty birth-leave days beyond national maternity.,"Shanghai family-planning reward rules, item 2–3",https://www.shanghai.gov.cn/nw12344/20221110/87151565cd6246c99854c129797d178c.html,2026-09-29,2025-12-01,2027-10-31,TESTED,"Golden only (158 days); no production path beyond CN-SH14-1. CN-SH14-1 takes the 158-day span (98 + 60); listed 30 Sep 2026. It does not isolate the 60 days (maternity charges working days, CN-KM31.calendar-day-counting).",leave_catalogue:MARRIAGE_LEAVE; leave_catalogue:MATERNITY_LEAVE; leave_catalogue:PATERNITY_LEAVE; leave_catalogue:CHILDCARE_LEAVE,"${lineage} — annual, maternity, paternity and marriage leave on every sealed version",CN-SH14-1,
CN-SH13.partner-leave-10,CN-shanghai,leave,"Applies: 1 Dec 2025–31 Oct 2027. Ten days’ partner leave at normal wage, generally continuous during maternity.","Shanghai family-planning reward rules, item 2–3",https://www.shanghai.gov.cn/nw12344/20221110/87151565cd6246c99854c129797d178c.html,2026-09-29,2025-12-01,2027-10-31,TESTED,"Golden only. CN-SH13-2 added 30 Sep 2026, not yet run.",leave_catalogue:MARRIAGE_LEAVE; leave_catalogue:MATERNITY_LEAVE; leave_catalogue:PATERNITY_LEAVE; leave_catalogue:CHILDCARE_LEAVE,"${lineage} — annual, maternity, paternity and marriage leave on every sealed version",CN-SH13-2,
CN-SH13.childcare-5,CN-shanghai,leave,Applies: 1 Dec 2025–31 Oct 2027. Each parent five paid childcare days per child under three per child-birthday year.,"Shanghai family-planning reward rules, item 2–3",https://www.shanghai.gov.cn/nw12344/20221110/87151565cd6246c99854c129797d178c.html,2026-09-29,2025-12-01,2027-10-31,TESTED,"Golden: `child_years`. CN-SH13-3 added 30 Sep 2026, not yet run.",leave_catalogue:MARRIAGE_LEAVE; leave_catalogue:MATERNITY_LEAVE; leave_catalogue:PATERNITY_LEAVE; leave_catalogue:CHILDCARE_LEAVE,"Shanghai — 育儿假: 5 days for each child under three, in each year from that child’s birth date (CN-SH13)",CN-SH13-3,
CN-SH13.holiday-extension,CN-shanghai,leave,"Applies: 1 Dec 2025–31 Oct 2027. The added marriage, birth and partner days extend for statutory holidays.","Shanghai family-planning reward rules, item 2–3",https://www.shanghai.gov.cn/nw12344/20221110/87151565cd6246c99854c129797d178c.html,2026-09-29,2025-12-01,2027-10-31,GAP,"The engine does not charge holidays inside a leave, but no rule or probe proves the extension.",leave_catalogue:MARRIAGE_LEAVE; leave_catalogue:MATERNITY_LEAVE; leave_catalogue:PATERNITY_LEAVE; leave_catalogue:CHILDCARE_LEAVE,,,
CN-SH14.allowance-standard,CN-shanghai,leave,"Applies: 1 Jul 2026–30 Jun 2027. 沪医保规〔2026〕5号: the maternity living allowance = the unit’s prior-calendar-year average contribution wage, bounded to 60–300% of the city average, ÷ 30 × leave days; a new unit uses current-year months; a mover uses weighted averages.",沪医保规〔2026〕5号,https://www.shanghai.gov.cn/gwk/search/content/79e981546eaf4727ae47502f4de955b8,2026-09-29,2026-07-01,2027-06-30,EXTERNAL,An agency determination; the product records the allowance amount.,adhoc_catalogue:MATERNITY_ALLOWANCE_OFFSET; adhoc_catalogue:MATERNITY_BENEFIT_EMPLOYER,,,
CN-SH14.shortfall-offset,CN-shanghai,leave,Applies: 1 Jul 2026–30 Jun 2027. Item 4: an allowance below the pre-leave wage leaves the difference to the employer; the allowance paid to the worker offsets the leave wage.,沪医保规〔2026〕5号,https://www.shanghai.gov.cn/gwk/search/content/79e981546eaf4727ae47502f4de955b8,2026-09-29,2026-07-01,2027-06-30,TESTED,"Seeded MATERNITY_ALLOWANCE_OFFSET; golden 20,000 wage, 15,000 → gross 5,000. CN-SH14-1 added 30 Sep 2026, not yet run.",adhoc_catalogue:MATERNITY_ALLOWANCE_OFFSET; adhoc_catalogue:MATERNITY_BENEFIT_EMPLOYER,"Shanghai — the allowance paid to the worker offsets the leave wage; the employer pays the shortfall (CN-SH14, SH21)",CN-SH14-1,
CN-SH14.fund-threshold-advance,CN-shanghai,leave,"Applies: 1 Jul 2026–30 Jun 2027. Item 4(1): after ≥12 cumulative or ≥9 consecutive months the fund pays all; below both it pays months/12 and the employer advances the rest, recoverable later.",沪医保规〔2026〕5号,https://www.shanghai.gov.cn/gwk/search/content/79e981546eaf4727ae47502f4de955b8,2026-09-29,2026-07-01,2027-06-30,TESTED,Seeded MATERNITY_BENEFIT_EMPLOYER; golden only; recovery is outside payroll.,adhoc_catalogue:MATERNITY_ALLOWANCE_OFFSET; adhoc_catalogue:MATERNITY_BENEFIT_EMPLOYER,"Shanghai — under 12 / 9 insured months the employer advances the fund’s missing twelfths; above 300% it pays the excess (CN-SH14, SH21)",,
CN-SH14.above-cap-excess,CN-shanghai,leave,Applies: 1 Jul 2026–30 Jun 2027. Item 4(2): the employer pays the part of its average above 300% of the city average.,沪医保规〔2026〕5号,https://www.shanghai.gov.cn/gwk/search/content/79e981546eaf4727ae47502f4de955b8,2026-09-29,2026-07-01,2027-06-30,TESTED,Golden only.,adhoc_catalogue:MATERNITY_ALLOWANCE_OFFSET; adhoc_catalogue:MATERNITY_BENEFIT_EMPLOYER,"Shanghai — under 12 / 9 insured months the employer advances the fund’s missing twelfths; above 300% it pays the excess (CN-SH14, SH21)",,
CN-SH14.non-enrolling-employer,CN-shanghai,leave,Applies: 1 Jul 2026–30 Jun 2027. Item 6(2): an employer that did not validly enrol or pay owes the entire benefit.,沪医保规〔2026〕5号,https://www.shanghai.gov.cn/gwk/search/content/79e981546eaf4727ae47502f4de955b8,2026-09-29,2026-07-01,2027-06-30,IMPLEMENTED,Recorded on MATERNITY_BENEFIT_EMPLOYER; no golden for this branch.,adhoc_catalogue:MATERNITY_ALLOWANCE_OFFSET; adhoc_catalogue:MATERNITY_BENEFIT_EMPLOYER,,,
CN-SH14.si-continues,CN-shanghai,leave,Applies: 1 Jul 2026–30 Jun 2027. Social insurance continues during maternity leave.,沪医保规〔2026〕5号,https://www.shanghai.gov.cn/gwk/search/content/79e981546eaf4727ae47502f4de955b8,2026-09-29,2026-07-01,2027-06-30,IMPLEMENTED,The declared base is charged during leave; no golden isolates it. Listed 30 Sep 2026: both charge insurance on the declared base during maternity leave.,adhoc_catalogue:MATERNITY_ALLOWANCE_OFFSET; adhoc_catalogue:MATERNITY_BENEFIT_EMPLOYER,,CN-SH14-1; CN-SH21-1,
CN-SH14.allowance-outside-next-base,CN-shanghai,leave,Applies: 1 Jul 2026–30 Jun 2027. The allowance is excluded from the next year’s contribution-base average.,沪医保规〔2026〕5号,https://www.shanghai.gov.cn/gwk/search/content/79e981546eaf4727ae47502f4de955b8,2026-09-29,2026-07-01,2027-06-30,GAP,The operator declares the base; no exclusion path.,adhoc_catalogue:MATERNITY_ALLOWANCE_OFFSET; adhoc_catalogue:MATERNITY_BENEFIT_EMPLOYER,,,
CN-SH14.medical-costs,CN-shanghai,leave,"Applies: 1 Jul 2026–30 Jun 2027. Item 5: medical costs are paid by the fund under other rules, not payroll; the old CNY3,600/600/400 figures are not continued.",沪医保规〔2026〕5号,https://www.shanghai.gov.cn/gwk/search/content/79e981546eaf4727ae47502f4de955b8,2026-09-29,2026-07-01,2027-06-30,NOT-APPLICABLE,,adhoc_catalogue:MATERNITY_ALLOWANCE_OFFSET; adhoc_catalogue:MATERNITY_BENEFIT_EMPLOYER,,,
CN-SH16.severance-wage-definition,CN-shanghai,severance,"Applies: 1 Dec 2025–15 Aug 2031. The 2002 clarification: severance pay on wage-total salary, bonus and allowances before individual tax and employee statutory charges, excluding investment returns.",沪人社规〔2026〕12号; 2002 contract clarification; 2004 clarification; 2003 special-relationship notice,https://www.shanghai.gov.cn/gwk/search/content/t0035_1442792,2026-09-29,2025-12-01,2031-08-15,GAP,Not transcribed; national art. 27 conflict review open.,,,,
CN-SH16.unascertainable-base,CN-shanghai,severance,"Applies: 1 Dec 2025–15 Aug 2031. A disputed, unascertainable base needs an agreed reference to the employer or city average.",沪人社规〔2026〕12号; 2002 contract clarification; 2004 clarification; 2003 special-relationship notice,https://www.shanghai.gov.cn/gwk/search/content/t0035_1442792,2026-09-29,2025-12-01,2031-08-15,GAP,No dispute input.,,,,
CN-SH16.non-compete-compensation,CN-shanghai,severance,Applies: 1 Dec 2025–15 Aug 2031. The 2004 clarification: post-exit monthly non-compete compensation.,沪人社规〔2026〕12号; 2002 contract clarification; 2004 clarification; 2003 special-relationship notice,https://www.shanghai.gov.cn/gwk/search/content/t0035_1442792,2026-09-29,2025-12-01,2031-08-15,GAP,No post-exit schedule (CN-N42).,,,,
CN-SH16.registration-delay-loss,CN-shanghai,severance,Applies: 1 Dec 2025–15 Aug 2031. The 2004 clarification: loss from delayed exit registration.,沪人社规〔2026〕12号; 2002 contract clarification; 2004 clarification; 2003 special-relationship notice,https://www.shanghai.gov.cn/gwk/search/content/t0035_1442792,2026-09-29,2025-12-01,2031-08-15,GAP,No registration dates.,,,,
CN-SH16.special-relationship-classes,CN-shanghai,severance,"Applies: 1 Dec 2025–15 Aug 2031. The 2003 notice: retained-SI, internal-retirement, suspended-pay, agency-output and retiree classes keep at least working-time, safety and minimum-wage protection.",沪人社规〔2026〕12号; 2002 contract clarification; 2004 clarification; 2003 special-relationship notice,https://www.shanghai.gov.cn/gwk/search/content/t0035_1442792,2026-09-29,2025-12-01,2031-08-15,GAP,No worker-class input.,,,,
CN-SH17.parent-in-law-funeral,CN-shanghai,leave,Applies: 1 Dec 2025–15 Aug 2031; Shanghai. 沪劳资发〔87〕130号: an employee approved to handle a parent-in-law’s funeral may receive one to three paid bereavement days.,same 2026 extension; 沪劳资发〔87〕130号,https://rsj.sh.gov.cn/tgzfl_17732/20230901/t0035_1418045.html,2026-09-30,2025-12-01,2031-08-15,IMPLEMENTED,"FUNERAL_LEAVE names PARENT_IN_LAW; recorded default the maximum 3. CN-SH17-1 added 30 Sep 2026, not yet run.",leave_catalogue:FUNERAL_LEAVE,"both cities — 丧假: three paid days for a parent, the spouse or a child, on every version (CN-N51)",CN-SH17-1,
CN-SH17.travel-leave,CN-shanghai,leave,Applies: 1 Dec 2025–15 Aug 2031. Separate paid travel leave when needed.,same 2026 extension; 沪劳资发〔87〕130号,https://rsj.sh.gov.cn/tgzfl_17732/20230901/t0035_1418045.html,2026-09-30,2025-12-01,2031-08-15,GAP,Not seeded; no distance input.,leave_catalogue:FUNERAL_LEAVE,,,
CN-SH17.travel-expense,CN-shanghai,leave,Applies: 1 Dec 2025–15 Aug 2031. The employee bears the travel expense; no employer payment.,same 2026 extension; 沪劳资发〔87〕130号,https://rsj.sh.gov.cn/tgzfl_17732/20230901/t0035_1418045.html,2026-09-30,2025-12-01,2031-08-15,NOT-APPLICABLE,,leave_catalogue:FUNERAL_LEAVE,,,
CN-SH18.leave-pay-floor,CN-shanghai,leave,Applies: 1 Jan 2023 onward. Women’s Rights Regulation art. 45: prenatal and breastfeeding leave pay at least 80% of the pre-leave wage and the city minimum.,Shanghai Women's Rights Regulation art. 45; city female-worker measure; HRSS guidance,https://ghzyj.sh.gov.cn/nw2313/20231213/c87eb35fee804625a94cf17d69ace1f4.html,2026-09-29,2023-01-01,,GAP,No rule.,,,,
CN-SH18.prenatal-leave,CN-shanghai,leave,Applies: 1 Jan 2023 onward. A conditional 2.5-month prenatal leave after 28 weeks; mandatory approval for listed high-risk pregnancies.,Shanghai Women's Rights Regulation art. 45; city female-worker measure; HRSS guidance,https://ghzyj.sh.gov.cn/nw2313/20231213/c87eb35fee804625a94cf17d69ace1f4.html,2026-09-29,2023-01-01,,GAP,No leave class.,,,,
CN-SH18.breastfeeding-leave,CN-shanghai,leave,Applies: 1 Jan 2023 onward. A conditional 6.5-month breastfeeding leave; mandatory approval for severe mother or infant conditions.,Shanghai Women's Rights Regulation art. 45; city female-worker measure; HRSS guidance,https://ghzyj.sh.gov.cn/nw2313/20231213/c87eb35fee804625a94cf17d69ace1f4.html,2026-09-29,2023-01-01,,GAP,No leave class.,,,,
CN-SH18.prenatal-exam-time,CN-shanghai,leave,Applies: 1 Jan 2023 onward. Ordinary prenatal examination is paid work time.,Shanghai Women's Rights Regulation art. 45; city female-worker measure; HRSS guidance,https://ghzyj.sh.gov.cn/nw2313/20231213/c87eb35fee804625a94cf17d69ace1f4.html,2026-09-29,2023-01-01,,GAP,Unmodelled.,,,,
CN-SH18.pay-rise-attendance,CN-shanghai,leave,Applies: 1 Jan 2023 onward. Leave counts as attendance for pay rises.,Shanghai Women's Rights Regulation art. 45; city female-worker measure; HRSS guidance,https://ghzyj.sh.gov.cn/nw2313/20231213/c87eb35fee804625a94cf17d69ace1f4.html,2026-09-29,2023-01-01,,GAP,Unmodelled.,,,,
CN-SH19.in-season-300,CN-shanghai,wages,Applies: 1 Jun 2019–31 Dec 2028; Shanghai outdoor workers. 沪人社规〔2019〕19号: CNY300 a month from June to September for employer-assigned outdoor work.,沪人社规〔2019〕19号; normative database; 沪人社规〔2023〕29号; extended by 〔2023〕29号,https://rsj.sh.gov.cn/tgzfl_17732/20260409/t0035_1439840.html,2026-09-29,2019-06-01,2028-12-31,VERIFIED,Probe-proven on 29 Sep 2026: CN-SH19-1 (July CNY300 paid). [F24 2026-09-30: the 2026-09-29 probes ran on an env-link overlay of @norbital-ai/bolt 0.0.140; the pinned 0.0.139 was not re-run.],allowance_catalogue:HEAT_ALLOWANCE,"Shanghai — the summer heat allowance is 300 a month from June to September, taxed as wages (沪人社规〔2019〕19号; CN-SH19)",CN-SH19-1,2026-09-29
CN-SH19.out-of-season,CN-shanghai,wages,Applies: 1 Jun 2019–31 Dec 2028. No allowance outside June–September.,沪人社规〔2019〕19号; normative database; 沪人社规〔2023〕29号; extended by 〔2023〕29号,https://rsj.sh.gov.cn/tgzfl_17732/20260409/t0035_1439840.html,2026-09-29,2019-06-01,2028-12-31,TESTED,"Golden only. CN-SH19-2 (May: nothing) passed in the R8 run of 30 Sep 2026, after the parent’s verified_at (2026-09-29); not VERIFIED until re-verified on that basis.",allowance_catalogue:HEAT_ALLOWANCE,"Shanghai — the summer heat allowance is 300 a month from June to September, taxed as wages (沪人社规〔2019〕19号; CN-SH19)",CN-SH19-2,
CN-SH19.contract-figure-above-300,CN-shanghai,wages,Applies: 1 Jun 2019–31 Dec 2028. CNY300 is the floor; a higher contract figure is paid.,沪人社规〔2019〕19号; normative database; 沪人社规〔2023〕29号; extended by 〔2023〕29号,https://rsj.sh.gov.cn/tgzfl_17732/20260409/t0035_1439840.html,2026-09-29,2019-06-01,2028-12-31,IMPLEMENTED,"CN-SH19-3 (CNY500 paid) added 30 Sep 2026, not yet run.",allowance_catalogue:HEAT_ALLOWANCE,,CN-SH19-3,
CN-SH19.indoor-33,CN-shanghai,wages,Applies: 1 Jun 2019–31 Dec 2028. An indoor site that cannot be reduced below 33°C qualifies.,沪人社规〔2019〕19号; normative database; 沪人社规〔2023〕29号; extended by 〔2023〕29号,https://rsj.sh.gov.cn/tgzfl_17732/20260409/t0035_1439840.html,2026-09-29,2019-06-01,2028-12-31,GAP,The assignment is the exposure record; no indoor branch.,allowance_catalogue:HEAT_ALLOWANCE,,,
CN-SH19.uncertain-site,CN-shanghai,wages,Applies: 1 Jun 2019–31 Dec 2028. A special uncertain-site method via wage consultation.,沪人社规〔2019〕19号; normative database; 沪人社规〔2023〕29号; extended by 〔2023〕29号,https://rsj.sh.gov.cn/tgzfl_17732/20260409/t0035_1439840.html,2026-09-29,2019-06-01,2028-12-31,GAP,Unmodelled.,allowance_catalogue:HEAT_ALLOWANCE,,,
CN-SH19.wage-total-and-tax,CN-shanghai,wages,"Applies: 1 Jun 2019–31 Dec 2028. The allowance belongs in total wages (taxed as wages), outside the declared insurance base.",沪人社规〔2019〕19号; normative database; 沪人社规〔2023〕29号; extended by 〔2023〕29号,https://rsj.sh.gov.cn/tgzfl_17732/20260409/t0035_1439840.html,2026-09-29,2019-06-01,2028-12-31,VERIFIED,Probe-proven on 29 Sep 2026: CN-SH19-1. [F24 2026-09-30: the 2026-09-29 probes ran on an env-link overlay of @norbital-ai/bolt 0.0.140; the pinned 0.0.139 was not re-run.],allowance_catalogue:HEAT_ALLOWANCE,"Shanghai — the summer heat allowance is 300 a month from June to September, taxed as wages (沪人社规〔2019〕19号; CN-SH19)",CN-SH19-1,2026-09-29
CN-SH19.minimum-wage-exclusion,CN-shanghai,wages,Applies: 1 Jun 2019–31 Dec 2028. The allowance is excluded from the city minimum-wage qualifying amount.,沪人社规〔2019〕19号; normative database; 沪人社规〔2023〕29号; extended by 〔2023〕29号,https://rsj.sh.gov.cn/tgzfl_17732/20260409/t0035_1439840.html,2026-09-29,2019-06-01,2028-12-31,IMPLEMENTED,"Excluded by construction. CN-SH01-3 added 30 Sep 2026, not yet run.",allowance_catalogue:HEAT_ALLOWANCE,,CN-SH01-3,
CN-SH19.cooling-and-protection,CN-shanghai,wages,Applies: 1 Jun 2019–31 Dec 2028. Cooling drinks and protection are additional employer duties.,沪人社规〔2019〕19号; normative database; 沪人社规〔2023〕29号; extended by 〔2023〕29号,https://rsj.sh.gov.cn/tgzfl_17732/20260409/t0035_1439840.html,2026-09-29,2019-06-01,2028-12-31,EXTERNAL,Outside payroll.,allowance_catalogue:HEAT_ALLOWANCE,,,
CN-SH20.twelve-month-average-pay,CN-shanghai,leave,"Applies: 1 Dec 2025 onward; recognised Shanghai work injury. Measure art. 37: stop-work pay = prior 12-month average (actual shorter tenure under 12 months), no less than the city minimum, paid monthly.",Shanghai Work Injury Implementation Measure art. 37; HRSS pay guidance; recurrence generally using pre-recurrence 12-month pay,https://rsj.sh.gov.cn/tszfgz_17261/20200617/t0035_1388557.html,2026-09-29,2025-12-01,,GAP,The leave row pays the ordinary day wage; an average-wage leave pay is an engine feature.,,,,
CN-SH20.extension-past-12-months,CN-shanghai,leave,Applies: 1 Dec 2025 onward. Extension past 12 months requires committee confirmation.,Shanghai Work Injury Implementation Measure art. 37; HRSS pay guidance; recurrence generally using pre-recurrence 12-month pay,https://rsj.sh.gov.cn/tszfgz_17261/20200617/t0035_1388557.html,2026-09-29,2025-12-01,,GAP,No extension order input.,,,,
CN-SH20.grade-switch,CN-shanghai,leave,"Applies: 1 Dec 2025 onward. After disability assessment, switch to the applicable fund or employer benefit.",Shanghai Work Injury Implementation Measure art. 37; HRSS pay guidance; recurrence generally using pre-recurrence 12-month pay,https://rsj.sh.gov.cn/tszfgz_17261/20200617/t0035_1388557.html,2026-09-29,2025-12-01,,GAP,No grade path.,,,,
CN-SH20.recurrence,CN-shanghai,leave,Applies: 1 Dec 2025 onward. A recurrence generally uses pre-recurrence 12-month pay.,Shanghai Work Injury Implementation Measure art. 37; HRSS pay guidance; recurrence generally using pre-recurrence 12-month pay,https://rsj.sh.gov.cn/tszfgz_17261/20200617/t0035_1388557.html,2026-09-29,2025-12-01,,GAP,No recurrence input.,,,,
CN-SH21.allowance-standard,CN-shanghai,leave,"Applies: 1 Dec 2025–30 Jun 2026. 沪医保规〔2021〕9号: allowance = prior-year unit average bounded to 60–300% of the city average, ÷ 30 × leave days, weighted across employers for a mover.",沪医保规〔2021〕9号,https://ybj.sh.gov.cn/gfxwj/20220221/896fab70895744b19f48655977d25a19.html,2026-09-30,2025-12-01,2026-06-30,EXTERNAL,An agency determination recorded as the allowance amount.,adhoc_catalogue:MATERNITY_ALLOWANCE_OFFSET; adhoc_catalogue:MATERNITY_BENEFIT_EMPLOYER,,,
CN-SH21.shortfall-offset,CN-shanghai,leave,Applies: 1 Dec 2025–30 Jun 2026. The allowance paid to the worker offsets the leave wage; the employer pays the shortfall below the pre-leave wage.,沪医保规〔2021〕9号,https://ybj.sh.gov.cn/gfxwj/20220221/896fab70895744b19f48655977d25a19.html,2026-09-30,2025-12-01,2026-06-30,TESTED,"The 2026 golden prices the rule this version shares; a pre-July 2026 golden is open. CN-SH21-1 added 30 Sep 2026, not yet run.",adhoc_catalogue:MATERNITY_ALLOWANCE_OFFSET; adhoc_catalogue:MATERNITY_BENEFIT_EMPLOYER,"Shanghai — the allowance paid to the worker offsets the leave wage; the employer pays the shortfall (CN-SH14, SH21)",CN-SH21-1,
CN-SH21.fund-threshold-advance,CN-shanghai,leave,"Applies: 1 Dec 2025–30 Jun 2026. The ≥12 cumulative / ≥9 consecutive month test, proportional fund share, employer advance and recovery.",沪医保规〔2021〕9号,https://ybj.sh.gov.cn/gfxwj/20220221/896fab70895744b19f48655977d25a19.html,2026-09-30,2025-12-01,2026-06-30,TESTED,The 2026 golden prices the shared rule; no pre-July golden.,adhoc_catalogue:MATERNITY_ALLOWANCE_OFFSET; adhoc_catalogue:MATERNITY_BENEFIT_EMPLOYER,"Shanghai — under 12 / 9 insured months the employer advances the fund’s missing twelfths; above 300% it pays the excess (CN-SH14, SH21)",,
CN-SH21.above-cap-excess,CN-shanghai,leave,Applies: 1 Dec 2025–30 Jun 2026. The employer pays the above-cap excess.,沪医保规〔2021〕9号,https://ybj.sh.gov.cn/gfxwj/20220221/896fab70895744b19f48655977d25a19.html,2026-09-30,2025-12-01,2026-06-30,TESTED,The 2026 golden prices the shared rule.,adhoc_catalogue:MATERNITY_ALLOWANCE_OFFSET; adhoc_catalogue:MATERNITY_BENEFIT_EMPLOYER,"Shanghai — under 12 / 9 insured months the employer advances the fund’s missing twelfths; above 300% it pays the excess (CN-SH14, SH21)",,
CN-SH21.non-enrolling-employer,CN-shanghai,leave,"Applies: 1 Dec 2025–30 Jun 2026. An uninsured worker’s employer owes the benefit, including the medical subsidies.",沪医保规〔2021〕9号,https://ybj.sh.gov.cn/gfxwj/20220221/896fab70895744b19f48655977d25a19.html,2026-09-30,2025-12-01,2026-06-30,IMPLEMENTED,Recorded on MATERNITY_BENEFIT_EMPLOYER; no golden.,adhoc_catalogue:MATERNITY_ALLOWANCE_OFFSET; adhoc_catalogue:MATERNITY_BENEFIT_EMPLOYER,,,
CN-SH21.medical-subsidies,CN-shanghai,leave,"Applies: 1 Dec 2025–30 Jun 2026. Medical-expense subsidies of CNY3,600 (birth), CNY600 (miscarriage at ≥4 months), CNY400 (below four months) are fund-paid to the worker, outside payroll, except where the unit did not enrol.",沪医保规〔2021〕9号,https://ybj.sh.gov.cn/gfxwj/20220221/896fab70895744b19f48655977d25a19.html,2026-09-30,2025-12-01,2026-06-30,NOT-APPLICABLE,,adhoc_catalogue:MATERNITY_ALLOWANCE_OFFSET; adhoc_catalogue:MATERNITY_BENEFIT_EMPLOYER,,,
CN-SH22.routing-by-employer-class,CN-shanghai,notice,Applies: 16 Aug 2026–15 Aug 2031; LCL art. 41 collective redundancy. 沪人社规〔2026〕14号: report to city or district HRSS by employer class.,沪人社规〔2026〕14号,https://rsj.sh.gov.cn/tldgx_17731/20260813/t0035_1443102.html,2026-09-29,2026-08-16,2031-08-15,EXTERNAL,No routing evidence.,,,,
CN-SH22.plan-and-consultation,CN-shanghai,notice,"Applies: 16 Aug 2026–15 Aug 2031. A truthful written plan, affected-worker list, severance preparation and union or elected-representative consultation.",沪人社规〔2026〕14号,https://rsj.sh.gov.cn/tldgx_17731/20260813/t0035_1443102.html,2026-09-29,2026-08-16,2031-08-15,EXTERNAL,No saved plan.,,,,
CN-SH22.thirty-day-wait,CN-shanghai,notice,Applies: 16 Aug 2026–15 Aug 2031. At least 30 days from explaining the situation to delivering the plan to HRSS; obtain a receipt and correct an unlawful plan.,沪人社规〔2026〕14号,https://rsj.sh.gov.cn/tldgx_17731/20260813/t0035_1443102.html,2026-09-29,2026-08-16,2031-08-15,EXTERNAL,No dated receipt.,,,,
CN-SH22.predecessor-procedure,CN-shanghai,notice,Applies: to 15 Aug 2026. The earlier city procedure.,沪人社规〔2026〕14号,https://rsj.sh.gov.cn/tldgx_17731/20260813/t0035_1443102.html,2026-09-29,2025-12-01,2026-08-15,EXTERNAL,Predecessor review open.,,,,
CN-SH23.deposit-timing,CN-shanghai,other,Applies: 1 Jan 2026–31 Dec 2030; covered general contractors. 沪人社规〔2026〕5号: deposit the migrant-wage guarantee or equivalent surety within 20 working days after permit or commencement filing.,沪人社规〔2026〕5号,https://rsj.sh.gov.cn/tldgx_17731/20260204/t0035_1438522.html,2026-09-29,2026-01-01,2030-12-31,EXTERNAL,No deposit workflow.,,,,
CN-SH23.tier-100m,CN-shanghai,other,"Applies: 1 Jan 2026–31 Dec 2030. Contract value ≥CNY100m: 1%, cap CNY1.2m.",沪人社规〔2026〕5号,https://rsj.sh.gov.cn/tldgx_17731/20260204/t0035_1438522.html,2026-09-29,2026-01-01,2030-12-31,EXTERNAL,No project value input.,,,,
CN-SH23.tier-30m-100m,CN-shanghai,other,"Applies: 1 Jan 2026–31 Dec 2030. CNY30–100m: 1.5%, cap CNY0.8m.",沪人社规〔2026〕5号,https://rsj.sh.gov.cn/tldgx_17731/20260204/t0035_1438522.html,2026-09-29,2026-01-01,2030-12-31,EXTERNAL,No project value input.,,,,
CN-SH23.tier-10m-30m,CN-shanghai,other,"Applies: 1 Jan 2026–31 Dec 2030. CNY10–30m: 2%, cap CNY0.4m.",沪人社规〔2026〕5号,https://rsj.sh.gov.cn/tldgx_17731/20260204/t0035_1438522.html,2026-09-29,2026-01-01,2030-12-31,EXTERNAL,No project value input.,,,,
CN-SH23.tier-under-10m,CN-shanghai,other,"Applies: 1 Jan 2026–31 Dec 2030. Under CNY10m: 3%, cap CNY0.2m.",沪人社规〔2026〕5号,https://rsj.sh.gov.cn/tldgx_17731/20260204/t0035_1438522.html,2026-09-29,2026-01-01,2030-12-31,EXTERNAL,No project value input.,,,,
CN-SH23.exemption-and-history,CN-shanghai,other,"Applies: 1 Jan 2026–31 Dec 2030. A project under CNY3m with a clean preceding year may be exempt; multiple same-district projects, 2/3-year clean history and arrears history alter the deposit.",沪人社规〔2026〕5号,https://rsj.sh.gov.cn/tldgx_17731/20260204/t0035_1438522.html,2026-09-29,2026-01-01,2030-12-31,EXTERNAL,No credit classification input.,,,,
CN-SH23.replenish-and-return,CN-shanghai,other,Applies: 1 Jan 2026–31 Dec 2030. Replenish after arrears; apply for return after completion and a 30-day public no-arrears notice.,沪人社规〔2026〕5号,https://rsj.sh.gov.cn/tldgx_17731/20260204/t0035_1438522.html,2026-09-29,2026-01-01,2030-12-31,EXTERNAL,No return evidence.,,,,
CN-SH24.project-coverage-class,CN-shanghai,contribution,Applies: 1 Dec 2025–30 Nov 2030; Shanghai construction projects. 沪人社规〔2025〕29号: transient and short-term construction workers unable to join employer-wide coverage enter project coverage; management and professional employees stay on ordinary coverage.,沪人社规〔2025〕29号,https://www.shanghai.gov.cn/rcjysj/20260318/eddfdbc45b2146b5833178772a85cf69.html,2026-09-29,2025-12-01,2030-11-30,EXTERNAL,No worker-class gate.,,,,
CN-SH24.payment-before-start,CN-shanghai,contribution,"Applies: 1 Dec 2025–30 Nov 2030. Insure before construction: the developer funds the contractor, who enrols and pays once before start.",沪人社规〔2025〕29号,https://www.shanghai.gov.cn/rcjysj/20260318/eddfdbc45b2146b5833178772a85cf69.html,2026-09-29,2025-12-01,2030-11-30,EXTERNAL,No enrolment proof.,,,,
CN-SH24.changes-and-extension,CN-shanghai,contribution,Applies: 1 Dec 2025–30 Nov 2030. Additional contract value insured within 30 days; an extension filed ≥30 days before scheduled completion.,沪人社规〔2025〕29号,https://www.shanghai.gov.cn/rcjysj/20260318/eddfdbc45b2146b5833178772a85cf69.html,2026-09-29,2025-12-01,2030-11-30,EXTERNAL,No change dates.,,,,
CN-SH24.late-coverage-and-liability,CN-shanghai,contribution,Applies: 1 Dec 2025–30 Nov 2030. Late coverage begins the next day; the employer pays disability-exit benefits; an uninsured worker receives employer-paid benefits with general-contractor joint liability.,沪人社规〔2025〕29号,https://www.shanghai.gov.cn/rcjysj/20260318/eddfdbc45b2146b5833178772a85cf69.html,2026-09-29,2025-12-01,2030-11-30,EXTERNAL,No injury-liability output.,,,,
CN-SH24.records,CN-shanghai,contribution,"Applies: 1 Dec 2025–30 Nov 2030. Keep worker, attendance and wage records.",沪人社规〔2025〕29号,https://www.shanghai.gov.cn/rcjysj/20260318/eddfdbc45b2146b5833178772a85cf69.html,2026-09-29,2025-12-01,2030-11-30,EXTERNAL,No retention control.,,,,
CN-SH25.post-retirement-workers,CN-shanghai,contribution,Applies: 1 Dec 2025–30 Nov 2030; Shanghai post-retirement workers ≤65. 沪人社规〔2025〕22号: a separate work-injury-only enrolment.,沪人社规〔2025〕22号; National five-department Order 56,https://rsj.sh.gov.cn/tshbx_17729/20251027/t0035_1436399.html,2026-09-29,2025-12-01,2030-11-30,GAP,No coverage class or premium profile; CN-SH41-2 proves only that a pensioner is outside ordinary insurance.,statutory_contributions:INJURY,,,
CN-SH25.student-interns,CN-shanghai,contribution,Applies: 1 Dec 2025–30 Nov 2030; Shanghai vocational and student interns (higher education ≥one month). Work-injury-only enrolment.,沪人社规〔2025〕22号; National five-department Order 56,https://rsj.sh.gov.cn/tshbx_17729/20251027/t0035_1436399.html,2026-09-29,2025-12-01,2030-11-30,GAP,No intern class.,statutory_contributions:INJURY,,,
CN-SH25.premium-base,CN-shanghai,contribution,Applies: 1 Dec 2025–30 Nov 2030. The employer pays monthly on actual remuneration clamped to the city base bounds at the assigned floating rate; the agreement end or renewal governs enrolment.,沪人社规〔2025〕22号; National five-department Order 56,https://rsj.sh.gov.cn/tshbx_17729/20251027/t0035_1436399.html,2026-09-29,2025-12-01,2030-11-30,GAP,No premium profile.,statutory_contributions:INJURY,,,
CN-SH25.order-56-reconciliation,CN-shanghai,contribution,Applies: 1 Jul 2026 onward. National Order 56 must be reconciled for managed post-age work.,沪人社规〔2025〕22号; National five-department Order 56,https://rsj.sh.gov.cn/tshbx_17729/20251027/t0035_1436399.html,2026-09-29,2026-07-01,2030-11-30,GAP,Open.,statutory_contributions:INJURY,,,
CN-SH26.subsidy-50pct,CN-shanghai,contribution,"Applies: births from 1 Jan 2025; notice 18 Jul 2025–17 Jul 2030. 沪人社规〔2025〕14号: an employer subsidy of 50% of actual employer pension, medical/maternity, unemployment and injury contributions during maternity leave, for six months from the birth month; not a wage deduction.",沪人社规〔2025〕14号,https://rsj.sh.gov.cn/tjypx_17728/20250808/t0035_1434756.html,2026-09-29,2025-07-18,2030-07-17,EXTERNAL,No claim workflow.,,,,
CN-SH26.application-and-overlap,CN-shanghai,contribution,Applies: 18 Jul 2025–17 Jul 2030. Apply once within one year after leave ends; no listed overlapping subsidies.,沪人社规〔2025〕14号,https://rsj.sh.gov.cn/tjypx_17728/20250808/t0035_1434756.html,2026-09-29,2025-07-18,2030-07-17,EXTERNAL,No claim dates.,,,,
CN-SH26.dispatch-pass-through,CN-shanghai,contribution,Applies: 18 Jul 2025–17 Jul 2030. A dispatch agency passes the whole subsidy to the host bearing the cost.,沪人社规〔2025〕14号,https://rsj.sh.gov.cn/tjypx_17728/20250808/t0035_1434756.html,2026-09-29,2025-07-18,2030-07-17,EXTERNAL,No pass-through evidence.,,,,
CN-SH27.registration,CN-shanghai,levy,Applies: 1 Jul 2025 onward; designated platforms. 沪人社规〔2025〕17号: register eligible order takers daily; ordinary injury-covered employees are excluded.,沪人社规〔2025〕17号,https://rsj.sh.gov.cn/tjypx_17728/20250819/t0035_1434960.html,2026-09-29,2025-07-01,,EXTERNAL,No platform applicability.,,,,
CN-SH27.levy-ride,CN-shanghai,levy,"Applies: 1 Jul 2025 onward. Ride orders: CNY0.01 base per order, subject to the assigned float.",沪人社规〔2025〕17号,https://rsj.sh.gov.cn/tjypx_17728/20250819/t0035_1434960.html,2026-09-29,2025-07-01,,EXTERNAL,No order ledger.,,,,
CN-SH27.levy-instant-delivery,CN-shanghai,levy,"Applies: 1 Jul 2025 onward. Instant delivery: CNY0.07 first-time or CNY0.25 other, per order.",沪人社规〔2025〕17号,https://rsj.sh.gov.cn/tjypx_17728/20250819/t0035_1434960.html,2026-09-29,2025-07-01,,EXTERNAL,No order ledger.,,,,
CN-SH27.levy-same-city-freight,CN-shanghai,levy,Applies: 1 Jul 2025 onward. Same-city freight: CNY0.18 per order.,沪人社规〔2025〕17号,https://rsj.sh.gov.cn/tjypx_17728/20250819/t0035_1434960.html,2026-09-29,2025-07-01,,EXTERNAL,No order ledger.,,,,
CN-SH27.filing-and-payment,CN-shanghai,levy,"Applies: 1 Jul 2025 onward. Next-month filing and payment within 15 days, extended for holidays.",沪人社规〔2025〕17号,https://rsj.sh.gov.cn/tjypx_17728/20250819/t0035_1434960.html,2026-09-29,2025-07-01,,EXTERNAL,No filing evidence.,,,,
CN-SH27.injury-claim,CN-shanghai,levy,"Applies: 1 Jul 2025 onward. The platform submits an injury claim within 30 days, or the worker or union within 90.",沪人社规〔2025〕17号,https://rsj.sh.gov.cn/tjypx_17728/20250819/t0035_1434960.html,2026-09-29,2025-07-01,,EXTERNAL,No claim workflow.,,,,
CN-SH28.disability-allowance,CN-shanghai,other,"Applies: 1 Oct 2025–4 Sep 2026. 沪人社规〔2025〕20号: pre-2025 grade 1–4 monthly disability allowance up CNY56/51/48/45, floors CNY9,400/8,756/8,230/7,691; new 2025 injuries get the floors.",沪人社规〔2025〕20号; 沪人社规〔2025〕21号; 沪人社规〔2026〕19号; 沪人社规〔2026〕20号,https://rsj.sh.gov.cn/tshbx_17729/20250923/t0035_1435736.html,2026-09-30,2025-10-01,2026-09-04,GAP,No cohort/grade adjustment.,,,,
CN-SH28.care-allowance,CN-shanghai,other,"Applies: 1 Oct 2025–4 Sep 2026. Qualifying pre-2025 care allowance up CNY63/51/38, floors CNY6,217/4,974/3,731.",沪人社规〔2025〕20号; 沪人社规〔2025〕21号; 沪人社规〔2026〕19号; 沪人社规〔2026〕20号,https://rsj.sh.gov.cn/tshbx_17729/20250923/t0035_1435736.html,2026-09-30,2025-10-01,2026-09-04,GAP,No care-level input.,,,,
CN-SH28.survivor-benefit,CN-shanghai,other,"Applies: 1 Oct 2025–4 Sep 2026. 沪人社规〔2025〕21号: pre-2025 survivor benefit up CNY12/month, floors CNY1,973 or CNY2,059 for a sole elderly/orphan dependent; 2025 deaths get the floors.",沪人社规〔2025〕20号; 沪人社规〔2025〕21号; 沪人社规〔2026〕19号; 沪人社规〔2026〕20号,https://rsj.sh.gov.cn/tshbx_17729/20250923/t0035_1435736.html,2026-09-30,2025-10-01,2026-09-04,GAP,No dependent input.,,,,
CN-SH28.payer-allocation,CN-shanghai,other,Applies: 1 Oct 2025 onward. The employer pays the adjustment only where it already pays the underlying benefit; otherwise the fund pays.,沪人社规〔2025〕20号; 沪人社规〔2025〕21号; 沪人社规〔2026〕19号; 沪人社规〔2026〕20号,https://rsj.sh.gov.cn/tshbx_17729/20250923/t0035_1435736.html,2026-09-30,2025-10-01,2027-09-30,GAP,No payer switch.,,,,
CN-SH28.successors-2026,CN-shanghai,other,Applies: 3 Sep 2026–3 Sep 2028. 沪人社规〔2026〕19号 (disability and care allowance) and 20号 (survivor benefit).,沪人社规〔2025〕20号; 沪人社规〔2025〕21号; 沪人社规〔2026〕19号; 沪人社规〔2026〕20号,https://rsj.sh.gov.cn/tshbx_17729/20250923/t0035_1435736.html,2026-09-30,2026-09-03,2028-09-03,GAP,Unread in full and untranscribed.,,,,
CN-SH29.application-and-evidence,CN-shanghai,other,"Applies: 1 Sep 2025 onward. 沪人社规〔2025〕18号: after the injury stabilises or the medical-pay period ends, the employer or worker promptly seeks district assessment with complete, truthful records.",沪人社规〔2025〕18号,https://rsj.sh.gov.cn/tshbx_17729/20250901/t0035_1435262.html,2026-09-29,2025-09-01,,EXTERNAL,No assessment workflow.,,,,
CN-SH29.decision-and-appeal,CN-shanghai,other,"Applies: 1 Sep 2025 onward. Result generally within 60 days, extendable 30; appeal within 15 days of receipt; reassessment after one year.",沪人社规〔2025〕18号,https://rsj.sh.gov.cn/tshbx_17729/20250901/t0035_1435262.html,2026-09-29,2025-09-01,,EXTERNAL,No dated grade.,,,,
CN-SH29.pending-applications,CN-shanghai,other,Applies: 1 Sep 2025 onward. A pending pre-effective-date application follows the prior procedure.,沪人社规〔2025〕18号,https://rsj.sh.gov.cn/tshbx_17729/20250901/t0035_1435262.html,2026-09-29,2025-09-01,,EXTERNAL,Predecessor not mapped.,,,,
CN-SH30,CN-shanghai,other,"Applies: 1 Aug 2026–31 Jul 2031; collective-agreement negotiation dispute in Shanghai. [沪人社规〔2026〕11号](https://rsj.sh.gov.cn/tldgx_17731/20260729/t0035_1442790.html): where management and worker representatives fail to agree on signing/amending a collective contract, either side may seek district HRSS coordination. Employer applicant appoints 1–3 written representatives and supplies authorization, entity status, bargaining request and higher-level opinion; record the agency receipt, evidence, negotiated agreement or unresolved opinion. The agency's 30-day resolution period and optional 15-day extension are agency duties, not an employer payment deadline. Contract wage terms after a valid agreement feed CN-SH03.",沪人社规〔2026〕11号,https://rsj.sh.gov.cn/tldgx_17731/20260729/t0035_1442790.html,2026-09-29,2026-08-01,2031-07-31,EXTERNAL,"Register status: No [EXTERNAL 2026-09-29]. No evidenced collective-dispute workflow or signed outcome; upstream collective-contract applicability review open. Evidence and probe needed: Collective-contract version, dispute and request dates, appointed representatives, application and HRSS outcome; district routing and before/after agreement wage-base probe.",,,,
CN-SH31,CN-shanghai,contribution,"Applies: 1 Jan 2026–31 Dec 2030, with 2025 retroactive case; land-acquisition unit rather than ordinary payroll employer. [沪人社规〔2025〕24号](https://rsj.sh.gov.cn/tshbx_17729/20260123/t0035_1438176.html) allocates one-time pension/medical contributions for covered expropriated agricultural people. For employment-stage men 55–59 and women 50–54, the land-acquisition unit pays the minimum contribution years for the retirement year; a covered retirement-stage person electing employee insurance has excess over the 2022 baseline paid by that unit. 2025 completed enrollments are adjusted using the base/rate at the original completion point. This must not be charged to every Shanghai employer or employee.",沪人社规〔2025〕24号,https://rsj.sh.gov.cn/tshbx_17729/20260123/t0035_1438176.html,2026-09-29,2026-01-01,2030-12-31,NOT-APPLICABLE,"Register status: No [IN-SYSTEM 2026-09-29]. Conditional actor/one-time insurance assessment and retroactive settlement have no evidenced workflow; no general payroll rate applies. Evidence and probe needed: Legal land-acquisition actor, covered person's stage/sex/age, election, original enrollment date, applicable minimum years, 2022 baseline and agency assessment; ordinary-employer exclusion and 2025 correction probes. Tracker status NOT-APPLICABLE: the actor is the land-acquisition unit, not an ordinary payroll employer.",,,,
CN-SH32,CN-shanghai,contribution,"Applies: 7 Nov 2025–6 Nov 2030; Shanghai public-institution researcher on approved enterprise placement. [沪人社规〔2025〕25号](https://rsj.sh.gov.cn/trsrc_17730/20251107/t0035_1436659.html): an approved off-post researcher retains institution basic salary, social insurance and occupational pension while the enterprise also pays work-injury insurance on its wage income and assumes work-injury liability; institution, person and enterprise allocate other contributions/costs by agreement. Similar injury enrollment applies to approved part-time enterprise innovation. Placement and secondment need written three-party/placement terms, with salary, rewards, benefits and service years assigned to the correct payer. Applies only to the specified public-institution research arrangement.",沪人社规〔2025〕25号,https://rsj.sh.gov.cn/trsrc_17730/20251107/t0035_1436659.html,2026-09-29,2025-11-07,2030-11-06,GAP,"Register status: No [IN-SYSTEM 2026-09-29]. No special researcher/dual-payer classification, agreement evidence or enterprise injury-liability output. Evidence and probe needed: Institution/enterprise actor and researcher class, written approval/agreement, two pay streams, allocated SI/occupational pension, enterprise injury premium and event; ordinary employee exclusion and approved secondment probes.",,,,
CN-SH33.lcl-disapplied,CN-shanghai,severance,Applies: 1 Jan 2026–31 Dec 2030; approved public-benefit posts. 沪人社规〔2025〕31号: the ordinary LCL open-ended-contract and severance provisions do not apply to the specific contract; do not suppress severance without confirmed approved-post status.,沪人社规〔2025〕31号,https://rsj.sh.gov.cn/tjypx_17728/20260114/t0035_1437965.html,2026-09-29,2026-01-01,2030-12-31,GAP,No approved-post classification or severance exception.,,,,
CN-SH33.minimum-protections,CN-shanghai,severance,"Applies: 1 Jan 2026–31 Dec 2030. The employer still pays at least the Shanghai minimum wage, sick pay, full social insurance and safe conditions.",沪人社规〔2025〕31号,https://rsj.sh.gov.cn/tjypx_17728/20260114/t0035_1437965.html,2026-09-29,2026-01-01,2030-12-31,GAP,No approved-post class.,,,,
CN-SH33.exit-report,CN-shanghai,severance,Applies: 1 Jan 2026–31 Dec 2030. Report exit within five working days.,沪人社规〔2025〕31号,https://rsj.sh.gov.cn/tjypx_17728/20260114/t0035_1437965.html,2026-09-29,2026-01-01,2030-12-31,EXTERNAL,No reporting evidence.,,,,
CN-SH33.post-and-si-subsidy,CN-shanghai,severance,"Applies: 1 Jan 2026–31 Dec 2030. Optional post subsidy at most the city monthly minimum; employer SI subsidy on the city contribution floor for pension, medical and unemployment.",沪人社规〔2025〕31号,https://rsj.sh.gov.cn/tjypx_17728/20260114/t0035_1437965.html,2026-09-29,2026-01-01,2030-12-31,EXTERNAL,Agency claim; no evidence workflow.,,,,
CN-SH33.pre-notice-placements,CN-shanghai,severance,Applies: 1 Jan 2026. Existing placements restart the subsidy term on 1 January 2026 if not exited.,沪人社规〔2025〕31号,https://rsj.sh.gov.cn/tjypx_17728/20260114/t0035_1437965.html,2026-09-29,2026-01-01,2030-12-31,EXTERNAL,No prior subsidy term input.,,,,
CN-SH34.enrolment-and-records,CN-shanghai,other,"Applies: 1 Aug 2026–31 Jul 2031. 沪人社规〔2026〕8号: a district-approved employer enrols skill workers with ≥one-year contracts and current SI (dispatched included) under a training agreement, keeping training and attendance records.",沪人社规〔2026〕8号,https://rsj.sh.gov.cn/tjypx_17728/20260717/t0035_1442530.html,2026-09-29,2026-08-01,2031-07-31,EXTERNAL,No training workflow.,,,,
CN-SH34.grant-junior,CN-shanghai,other,"Applies: 1 Aug 2026–31 Jul 2031. CNY4,000 per worker-year at junior level, paid at 80/90/100% by completion and credential.",沪人社规〔2026〕8号,https://rsj.sh.gov.cn/tjypx_17728/20260717/t0035_1442530.html,2026-09-29,2026-08-01,2031-07-31,EXTERNAL,No grant claim.,,,,
CN-SH34.grant-intermediate,CN-shanghai,other,"Applies: 1 Aug 2026–31 Jul 2031. CNY6,000 per worker-year at intermediate level.",沪人社规〔2026〕8号,https://rsj.sh.gov.cn/tjypx_17728/20260717/t0035_1442530.html,2026-09-29,2026-08-01,2031-07-31,EXTERNAL,No grant claim.,,,,
CN-SH34.grant-senior,CN-shanghai,other,"Applies: 1 Aug 2026–31 Jul 2031. CNY8,000 per worker-year at senior level and above.",沪人社规〔2026〕8号,https://rsj.sh.gov.cn/tjypx_17728/20260717/t0035_1442530.html,2026-09-29,2026-08-01,2031-07-31,EXTERNAL,No grant claim.,,,,
CN-SH34.claim-and-predecessor,CN-shanghai,other,"Applies: 1 Aug 2026–31 Jul 2031. Claim within six months after training, no duplicate same-grade funding; projects filed before 1 August stay under the repealed 2019 terms.",沪人社规〔2026〕8号,https://rsj.sh.gov.cn/tjypx_17728/20260717/t0035_1442530.html,2026-09-29,2026-08-01,2031-07-31,EXTERNAL,No claim dates.,,,,
CN-SH34.no-wage-reduction,CN-shanghai,other,Applies: 1 Aug 2026–31 Jul 2031. No wage may be reduced because the employer receives a grant.,沪人社规〔2026〕8号,https://rsj.sh.gov.cn/tjypx_17728/20260717/t0035_1442530.html,2026-09-29,2026-08-01,2031-07-31,EXTERNAL,No earned-wage reduction rule exists; nothing authorises one.,,,,
CN-SH35.provider-grant,CN-shanghai,other,"Applies: 1 Aug 2026–31 Jul 2031. 沪人社规〔2026〕9号: the authorised provider, not the payroll employer, may claim CNY1,500 per trainee in Shanghai or CNY1,800 outside it.",沪人社规〔2026〕9号,https://rsj.sh.gov.cn/tjypx_17728/20260717/t0035_1442545.html,2026-09-29,2026-08-01,2031-07-31,EXTERNAL,No provider workflow.,,,,
CN-SH35.placement-split,CN-shanghai,other,"Applies: 1 Aug 2026–31 Jul 2031. 80% follows placement in Shanghai with city SI within six months; 20% after six more months’ employment; claim within 18 months, records kept five years.",沪人社规〔2026〕9号,https://rsj.sh.gov.cn/tjypx_17728/20260717/t0035_1442545.html,2026-09-29,2026-08-01,2031-07-31,EXTERNAL,No hire/SI dates.,,,,
CN-SH35.non-employee-trainees,CN-shanghai,other,Applies: 1 Aug 2026–31 Jul 2031. Approved care-sector programmes may include non-employees; training creates no invented wages; pre-1 August projects follow predecessor terms.,沪人社规〔2026〕9号,https://rsj.sh.gov.cn/tjypx_17728/20260717/t0035_1442545.html,2026-09-29,2026-08-01,2031-07-31,EXTERNAL,No sector registration.,,,,
CN-SH36.existing-worker-declaration,CN-shanghai,filing,Applies: 1 May–25 Jun 2026. Shanghai Tax Bureau Notice No. 1: declare each insured worker’s 2025 wage total ÷ actual months employed.,"Shanghai Tax Bureau 2026 Notice No. 1, issuer copy dated 24 Apr 2026",https://shanghai.chinatax.gov.cn/zcfw/zcfgk/sbf/202604/t480144.html,2026-09-29,2026-05-01,2026-06-25,EXTERNAL-RECORDED,"Duty SI_BASE_DECLARATION_2026 (COMPANY, the 2026 calendar occurrence of the 1 January 2026 version, due 25 June 2026, evidence the acknowledgement and the kept confirmations). The declared figures are not generated (no return). The instance is raised by the daily obligation_calendar sweep; the probe harness does not run it before judging `saved` rows yet, so CN-SH42-1 cannot match until it does.",duty_types:SI_BASE_DECLARATION_2026,,CN-SH42-1,
CN-SH36.new-hire-2026,CN-shanghai,filing,Applies: 1 May–25 Jun 2026. New 2026 hires declare the first full-month wage.,"Shanghai Tax Bureau 2026 Notice No. 1, issuer copy dated 24 Apr 2026",https://shanghai.chinatax.gov.cn/zcfw/zcfgk/sbf/202604/t480144.html,2026-09-29,2026-05-01,2026-06-25,EXTERNAL-RECORDED,"The same declaration duty SI_BASE_DECLARATION_2026 covers 2026 hires; the first-full-month figure is not generated. The instance is raised by the daily obligation_calendar sweep; the probe harness does not run it before judging `saved` rows yet, so CN-SH42-1 cannot match until it does.",duty_types:SI_BASE_DECLARATION_2026,,CN-SH42-1,
CN-SH36.disability-allowance-recipients,CN-shanghai,filing,Applies: 1 May–25 Jun 2026. Grade 1–4 disability-allowance recipients declare the allowance.,"Shanghai Tax Bureau 2026 Notice No. 1, issuer copy dated 24 Apr 2026",https://shanghai.chinatax.gov.cn/zcfw/zcfgk/sbf/202604/t480144.html,2026-09-29,2026-05-01,2026-06-25,EXTERNAL,No grade input.,,,,
CN-SH36.confirmation-and-disclosure,CN-shanghai,filing,"Applies: 1 May–25 Jun 2026. Each employee signs a confirmation, the entity stamps and keeps it, and periodically discloses insurance payment status.","Shanghai Tax Bureau 2026 Notice No. 1, issuer copy dated 24 Apr 2026",https://shanghai.chinatax.gov.cn/zcfw/zcfgk/sbf/202604/t480144.html,2026-09-29,2026-05-01,2026-06-25,EXTERNAL,"The signed, stamped confirmations are recorded as evidence confirmations_kept on duty SI_BASE_DECLARATION_2026; the periodic disclosure of payment status has no duty or record.",duty_types:SI_BASE_DECLARATION_2026.evidence.confirmations_kept,,,
CN-SH37.pilot-2025,CN-shanghai,contribution,"Applies: 1–31 Dec 2025. 沪府办规〔2021〕15号 as extended: the long-term-care pilot is funded by quarterly transfer from the employee-medical pooled fund at 0.5% of the employer medical base; no employer remittance, no worker deduction; the superseded 2017 1%/0.1% text does not apply.",沪府办规〔2021〕15号; extended through 2025; 沪府办规〔2025〕19号,https://www.shanghai.gov.cn/nw12344/20211231/d433625980cf4b8d8a4256e44d18622a.html,2026-09-29,2025-12-01,2025-12-31,NOT-APPLICABLE,Sourced exclusion.,,,,
CN-SH37.pilot-2026-2027,CN-shanghai,contribution,Applies: 1 Jan 2026–31 Dec 2027. 沪府办规〔2025〕19号: the same pooled-fund transfer; no separate remittance or deduction. An employer that is also an approved care provider takes separate service and upload duties.,沪府办规〔2021〕15号; extended through 2025; 沪府办规〔2025〕19号,https://www.shanghai.gov.cn/nw12344/20211231/d433625980cf4b8d8a4256e44d18622a.html,2026-09-29,2026-01-01,2027-12-31,NOT-APPLICABLE,Sourced exclusion; care-provider duties lack an evidenced workflow.,,,,
CN-SH38.above-old-ceiling,CN-shanghai,contribution,"Applies: July 2026 contribution month. The clearing guide: a declared 2026 wage above the old CNY37,302 ceiling is re-assessed on the 1 July 2026 bounds and the difference paid, both shares.",Shanghai Tax Bureau's district-government-published clearing guide; 18 Aug 2026 HRSS announcement,https://www.shanghai.gov.cn/nw17239/20260907/5b1efa2a9f004fb0897103bd4f75f559.html,2026-09-29,2026-07-01,2026-09-30,GAP,Owner decision 2026-09-30: no retro recalculation (committed payslips stay frozen; corrections are manual ad hoc lines in a later run). No retroactive true-up.,,,,
CN-SH38.below-new-floor,CN-shanghai,contribution,"Applies: July 2026 contribution month. A declared wage below the new CNY7,546 floor is topped up.",Shanghai Tax Bureau's district-government-published clearing guide; 18 Aug 2026 HRSS announcement,https://www.shanghai.gov.cn/nw17239/20260907/5b1efa2a9f004fb0897103bd4f75f559.html,2026-09-29,2026-07-01,2026-09-30,GAP,Owner decision 2026-09-30: no retro recalculation (committed payslips stay frozen; corrections are manual ad hoc lines in a later run). No retroactive true-up.,,,,
CN-SH38.window-deadline,CN-shanghai,contribution,Applies: clearing from 4 Sep to 30 Sep 2026. Submit and pay the difference by 30 September 2026 without late charge; outside the window CN-N49 applies.,Shanghai Tax Bureau's district-government-published clearing guide; 18 Aug 2026 HRSS announcement,https://www.shanghai.gov.cn/nw17239/20260907/5b1efa2a9f004fb0897103bd4f75f559.html,2026-09-29,2026-07-01,2026-09-30,EXTERNAL,No filing or receipt evidence.,,,,
CN-SH38.terminated-account-exclusion,CN-shanghai,contribution,"Applies: July 2026 contribution month. A terminated account or dissolved employer is excluded from the automatic batch, without waiving an underlying arrear.",Shanghai Tax Bureau's district-government-published clearing guide; 18 Aug 2026 HRSS announcement,https://www.shanghai.gov.cn/nw17239/20260907/5b1efa2a9f004fb0897103bd4f75f559.html,2026-09-29,2026-07-01,2026-09-30,GAP,No controlling instruction beyond the guide.,,,,
CN-SH39.post-exit-wage,CN-shanghai,tax,"Applies: 1 Dec 2025 onward; former Shanghai workers. National cumulative withholding (CN-N09) still applies to wages or performance pay paid after exit, marked as an ex-worker payment with exit date and post-exit period.",Shanghai Tax Bureau's 13 Aug 2026 response; district operating guide,https://shanghai.chinatax.gov.cn/hdjl/lygk/202608/t481321.html,2026-09-29,2025-12-01,,GAP,No post-exit tax period mechanism.,,,,
CN-SH39.post-exit-annual-bonus,CN-shanghai,tax,Applies: 1 Dec 2025 onward. A qualifying one-time annual bonus paid after exit follows CN-N10.,Shanghai Tax Bureau's 13 Aug 2026 response; district operating guide,https://shanghai.chinatax.gov.cn/hdjl/lygk/202608/t481321.html,2026-09-29,2025-12-01,,GAP,No post-exit classification.,,,,
CN-SH39.expense-deduction-setting,CN-shanghai,tax,"Applies: 1 Dec 2025 onward. The district guide suggests switching off another CNY5,000 deduction; its own explanation recalculates the allowance to zero, which is no authority to discard lawful same-employer deductions.",Shanghai Tax Bureau's 13 Aug 2026 response; district operating guide,https://shanghai.chinatax.gov.cn/hdjl/lygk/202608/t481321.html,2026-09-29,2025-12-01,,GAP,"Recorded default (owner rule 2026-09-28; no binding STA interpretation): the district guide’s switch-off is not applied — the same-employer CNY5,000 monthly deduction of STA 2018 No.61 art.6 stays. Stays GAP with CN-SH39.post-exit-wage: no post-exit tax period exists to apply it to.",,,,
CN-SH40.ceiling-37731,CN-shanghai,contribution,"Applies: 1 Jul 2026–30 Jun 2027. 沪公积金管委会〔2026〕3号: the fund base ceiling is CNY37,731 (3 × 12,577).","Committee notice 沪公积金管委会〔2026〕3号, issuer URL; full-text republication attributed to Shanghai Provident Fund; official 2025 centre Q&A; 2026 centre-attributed government-channel Q&A",https://www.shzfgjj.cn/html/newxxgk/zcwj/gfxwj/228478.html,2026-09-29,2026-07-01,2027-06-30,VERIFIED,Probe-proven on 29 Sep 2026: CN-SH40-1. [F24 2026-09-30: the 2026-09-29 probes ran on an env-link overlay of @norbital-ai/bolt 0.0.140; the pinned 0.0.139 was not re-run.],statutory_contributions:HOUSING_FUND; facts.housing_fund_rate; facts.housing_fund_supplementary_rate,"Shanghai — 30 June / 1 July 2026: the new base 7,546–37,731 and fund 2,740–37,731 (CN-SH05, SH40)",CN-SH40-1,2026-09-29
CN-SH40.floor-2740,CN-shanghai,contribution,"Applies: 1 Jul 2026–30 Jun 2027. The fund base floor is CNY2,740.","Committee notice 沪公积金管委会〔2026〕3号, issuer URL; full-text republication attributed to Shanghai Provident Fund; official 2025 centre Q&A; 2026 centre-attributed government-channel Q&A",https://www.shzfgjj.cn/html/newxxgk/zcwj/gfxwj/228478.html,2026-09-29,2026-07-01,2027-06-30,TESTED,"Golden only. CN-SH40-2 (1,508.05 → 2,740) added 30 Sep 2026, not yet run.",statutory_contributions:HOUSING_FUND; facts.housing_fund_rate; facts.housing_fund_supplementary_rate,"Shanghai — 30 June / 1 July 2026: the new base 7,546–37,731 and fund 2,740–37,731 (CN-SH05, SH40)",CN-SH40-2,
CN-SH40.transfer-first-month,CN-shanghai,contribution,Applies: 1 Jul 2026–30 Jun 2027. A 2026 transfer uses the first full monthly wage from the first month.,"Committee notice 沪公积金管委会〔2026〕3号, issuer URL; full-text republication attributed to Shanghai Provident Fund; official 2025 centre Q&A; 2026 centre-attributed government-channel Q&A",https://www.shzfgjj.cn/html/newxxgk/zcwj/gfxwj/228478.html,2026-09-29,2026-07-01,2027-06-30,VERIFIED,"Probe-proven on 29 Sep 2026: CN-SH40-1, CN-SH01-1 and CN-SH19-1 (transfers in from 1 July). The actual-to-date average option is unproven. [F24 2026-09-30: the 2026-09-29 probes ran on an env-link overlay of @norbital-ai/bolt 0.0.140; the pinned 0.0.139 was not re-run.]",statutory_contributions:HOUSING_FUND; facts.housing_fund_rate; facts.housing_fund_supplementary_rate,"Shanghai — 30 June / 1 July 2026: the new base 7,546–37,731 and fund 2,740–37,731 (CN-SH05, SH40)",CN-SH40-1; CN-SH01-1; CN-SH19-1,2026-09-29
CN-SH40.first-time-worker,CN-shanghai,contribution,Applies: 1 Jul 2026–30 Jun 2027. A first-time 2026 worker uses the second-month full wage or the actual-to-date monthly average.,"Committee notice 沪公积金管委会〔2026〕3号, issuer URL; full-text republication attributed to Shanghai Provident Fund; official 2025 centre Q&A; 2026 centre-attributed government-channel Q&A",https://www.shzfgjj.cn/html/newxxgk/zcwj/gfxwj/228478.html,2026-09-29,2026-07-01,2027-06-30,IMPLEMENTED,The operator declares the base; neither option probed.,statutory_contributions:HOUSING_FUND; facts.housing_fund_rate; facts.housing_fund_supplementary_rate,,,
CN-SH40.ordinary-share,CN-shanghai,contribution,"Applies: 1 Jul 2026–30 Jun 2027. Ordinary employer and worker rates equal integer 5–7%; the published combined limits at 7% are CNY384–5,282.","Committee notice 沪公积金管委会〔2026〕3号, issuer URL; full-text republication attributed to Shanghai Provident Fund; official 2025 centre Q&A; 2026 centre-attributed government-channel Q&A",https://www.shzfgjj.cn/html/newxxgk/zcwj/gfxwj/228478.html,2026-09-29,2026-07-01,2027-06-30,PARTIAL,"CN-SH40-1 (29 Sep 2026) matches the published 5,282 at 7% on the ceiling. Unproven: the 5–7% band rests on republications; the issuer notice was never read (www.shzfgjj.cn unresolved). [F24 2026-09-30: the 2026-09-29 probes ran on an env-link overlay of @norbital-ai/bolt 0.0.140; the pinned 0.0.139 was not re-run.]",statutory_contributions:HOUSING_FUND; facts.housing_fund_rate; facts.housing_fund_supplementary_rate,Shanghai — each fund share rounds to the yuan on its own side (CN-SH40),CN-SH40-1,2026-09-29
CN-SH40.supplementary-share,CN-shanghai,contribution,"Applies: 1 Jul 2026–30 Jun 2027. Voluntary supplementary rates equal integer 1–5%; combined at 5% CNY274–3,774.","Committee notice 沪公积金管委会〔2026〕3号, issuer URL; full-text republication attributed to Shanghai Provident Fund; official 2025 centre Q&A; 2026 centre-attributed government-channel Q&A",https://www.shzfgjj.cn/html/newxxgk/zcwj/gfxwj/228478.html,2026-09-29,2026-07-01,2027-06-30,PARTIAL,"CN-SH40-1 (29 Sep 2026) matches 3,774 at 5% on the ceiling. Unproven: the 1–5% band rests on republications. [F24 2026-09-30: the 2026-09-29 probes ran on an env-link overlay of @norbital-ai/bolt 0.0.140; the pinned 0.0.139 was not re-run.]",statutory_contributions:HOUSING_FUND; facts.housing_fund_rate; facts.housing_fund_supplementary_rate,Shanghai — each fund share rounds to the yuan on its own side (CN-SH40),CN-SH40-1,2026-09-29
CN-SH40.per-side-rounding,CN-shanghai,contribution,"Applies: 1 Jul 2026–30 Jun 2027. Each employer and worker share, ordinary and supplementary, rounds separately to a whole yuan, 四舍五入, then sums.","Committee notice 沪公积金管委会〔2026〕3号, issuer URL; full-text republication attributed to Shanghai Provident Fund; official 2025 centre Q&A; 2026 centre-attributed government-channel Q&A",https://www.shzfgjj.cn/html/newxxgk/zcwj/gfxwj/228478.html,2026-09-29,2026-07-01,2027-06-30,VERIFIED,Probe-proven on 29 Sep 2026: CN-SH40-1. [F24 2026-09-30: the 2026-09-29 probes ran on an env-link overlay of @norbital-ai/bolt 0.0.140; the pinned 0.0.139 was not re-run.],statutory_contributions:HOUSING_FUND; facts.housing_fund_rate; facts.housing_fund_supplementary_rate,Shanghai — each fund share rounds to the yuan on its own side (CN-SH40),CN-SH40-1,2026-09-29
CN-SH40.worker-notice,CN-shanghai,contribution,Applies: 1 Jul 2026–30 Jun 2027. The employer tells each worker the determined contribution within one month.,"Committee notice 沪公积金管委会〔2026〕3号, issuer URL; full-text republication attributed to Shanghai Provident Fund; official 2025 centre Q&A; 2026 centre-attributed government-channel Q&A",https://www.shzfgjj.cn/html/newxxgk/zcwj/gfxwj/228478.html,2026-09-29,2026-07-01,2027-06-30,EXTERNAL,External notice; remittance outside payroll.,statutory_contributions:HOUSING_FUND; facts.housing_fund_rate; facts.housing_fund_supplementary_rate,,,
CN-SH41.active-employees,CN-shanghai,contribution,Applies: 1 Dec 2025 onward. 沪公积金管委会〔2023〕3号: local entities contribute for their active employees.,Shanghai Housing Fund Contribution Management Measure 沪公积金管委会〔2023〕3号 arts. 3–6,https://www.shanghai.gov.cn/qyzfgjjsjzc/20240927/2c95b2e3e9a542c2a32af7eddf25048a.html,2026-09-30,2025-12-01,,IMPLEMENTED,Every Shanghai probe charges the fund for an active employee; none is listed on this row. Listed 30 Sep 2026.,statutory_contributions:HOUSING_FUND,,CN-SH05-1; CN-SH09-2,
CN-SH41.dispatch-agency,CN-shanghai,contribution,Applies: 1 Dec 2025 onward. The dispatch agency bears the obligation for dispatched employees and agrees costs with the user.,Shanghai Housing Fund Contribution Management Measure 沪公积金管委会〔2023〕3号 arts. 3–6,https://www.shanghai.gov.cn/qyzfgjjsjzc/20240927/2c95b2e3e9a542c2a32af7eddf25048a.html,2026-09-30,2025-12-01,,GAP,No employing/dispatch actor classification.,statutory_contributions:HOUSING_FUND,,,
CN-SH41.personal-contributors,CN-shanghai,contribution,"Applies: 1 Dec 2025 onward. Art. 5: individually employed and part-time workers may contribute personally, outside employer payroll.",Shanghai Housing Fund Contribution Management Measure 沪公积金管委会〔2023〕3号 arts. 3–6,https://www.shanghai.gov.cn/qyzfgjjsjzc/20240927/2c95b2e3e9a542c2a32af7eddf25048a.html,2026-09-30,2025-12-01,,NOT-APPLICABLE,,statutory_contributions:HOUSING_FUND,,,
CN-SH41.foreign-by-agreement,CN-shanghai,contribution,"Applies: 1 Dec 2025 onward. Art. 6: covered foreign staff join on mutual agreement with the employer, never inferred from nationality.",Shanghai Housing Fund Contribution Management Measure 沪公积金管委会〔2023〕3号 arts. 3–6,https://www.shanghai.gov.cn/qyzfgjjsjzc/20240927/2c95b2e3e9a542c2a32af7eddf25048a.html,2026-09-30,2025-12-01,,VERIFIED,"Probe-proven on 29 Sep 2026: CN-SH09-1 (one without agreement pays nothing, one with agreement contributes). [F24 2026-09-30: the 2026-09-29 probes ran on an env-link overlay of @norbital-ai/bolt 0.0.140; the pinned 0.0.139 was not re-run.]",statutory_contributions:HOUSING_FUND,"Shanghai — a pensioned retiree, a worker past retirement age, and a foreign worker (CN-N13, N25, SH25, SH41)",CN-SH09-1,2026-09-29
CN-SH41.overseas-pr-hk-mo-tw,CN-shanghai,contribution,Applies: 1 Dec 2025 onward. Art. 6: overseas-permanent-resident and Hong Kong/Macao/Taiwan staff with listed documents join on agreement.,Shanghai Housing Fund Contribution Management Measure 沪公积金管委会〔2023〕3号 arts. 3–6,https://www.shanghai.gov.cn/qyzfgjjsjzc/20240927/2c95b2e3e9a542c2a32af7eddf25048a.html,2026-09-30,2025-12-01,,GAP,No document branch.,statutory_contributions:HOUSING_FUND,,,
CN-SH41.pensioned-retiree,CN-shanghai,contribution,Applies: 1 Dec 2025 onward. Art. 21: retired workers already receiving pension benefits do not contribute.,Shanghai Housing Fund Contribution Management Measure 沪公积金管委会〔2023〕3号 arts. 3–6,https://www.shanghai.gov.cn/qyzfgjjsjzc/20240927/2c95b2e3e9a542c2a32af7eddf25048a.html,2026-09-30,2025-12-01,,VERIFIED,Probe-proven on 29 Sep 2026: CN-SH41-2. [F24 2026-09-30: the 2026-09-29 probes ran on an env-link overlay of @norbital-ai/bolt 0.0.140; the pinned 0.0.139 was not re-run.],statutory_contributions:HOUSING_FUND,"Shanghai — a pensioned retiree, a worker past retirement age, and a foreign worker (CN-N13, N25, SH25, SH41)",CN-SH41-2,2026-09-29
CN-SH41.supplementary-voluntary,CN-shanghai,contribution,Applies: 1 Dec 2025 onward. The supplementary fund is voluntary for covered employees.,Shanghai Housing Fund Contribution Management Measure 沪公积金管委会〔2023〕3号 arts. 3–6,https://www.shanghai.gov.cn/qyzfgjjsjzc/20240927/2c95b2e3e9a542c2a32af7eddf25048a.html,2026-09-30,2025-12-01,,GAP,"Modelled as a unit election, not a per-worker choice.",statutory_contributions:HOUSING_FUND,,,
CN-SH42.entity-account,CN-shanghai,filing,"Applies: 1 Dec 2025 onward. Management measure (arts. 10–14, 36, 38–42): a new entity opens its fund account within 30 days.","Same management measure arts. 10–14, 36, 38–42",https://www.shanghai.gov.cn/qyzfgjjsjzc/20240927/2c95b2e3e9a542c2a32af7eddf25048a.html,2026-09-29,2025-12-01,,EXTERNAL,No account lifecycle evidence.,obligations:HF_REMITTANCE,,,
CN-SH42.worker-account,CN-shanghai,filing,Applies: 1 Dec 2025 onward. A hire triggers worker account setup or transfer within 30 days.,"Same management measure arts. 10–14, 36, 38–42",https://www.shanghai.gov.cn/qyzfgjjsjzc/20240927/2c95b2e3e9a542c2a32af7eddf25048a.html,2026-09-29,2025-12-01,,EXTERNAL-RECORDED,"Duty HF_WORKER_ACCOUNT (EMPLOYMENT, on HIRE, due hire + 30 days, evidence the centre reference). The instance is raised by the daily obligation_calendar sweep; the probe harness does not run it before judging `saved` rows yet, so CN-SH42-1 cannot match until it does.",duty_types:HF_WORKER_ACCOUNT,,CN-SH42-1,
CN-SH42.identity-changes,CN-shanghai,filing,Applies: 1 Dec 2025 onward. Entity or worker identity changes corrected within 30 days.,"Same management measure arts. 10–14, 36, 38–42",https://www.shanghai.gov.cn/qyzfgjjsjzc/20240927/2c95b2e3e9a542c2a32af7eddf25048a.html,2026-09-29,2025-12-01,,EXTERNAL,No change records.,obligations:HF_REMITTANCE,,,
CN-SH42.exit-transfer-sealing,CN-shanghai,filing,"Applies: 1 Dec 2025 onward. An exiting employee’s account is transferred or sealed within 30 days, the worker told before sealing.","Same management measure arts. 10–14, 36, 38–42",https://www.shanghai.gov.cn/qyzfgjjsjzc/20240927/2c95b2e3e9a542c2a32af7eddf25048a.html,2026-09-29,2025-12-01,,EXTERNAL-RECORDED,"Duty HF_ACCOUNT_SEALING (EMPLOYMENT, on EXIT, due exit + 30 days, evidence the centre reference); the worker notice before sealing is not a separate record. The instance is raised by the daily obligation_calendar sweep; the probe harness does not run it before judging `saved` rows yet, so CN-SH42-1 cannot match until it does.",duty_types:HF_ACCOUNT_SEALING,,CN-SH42-1,
CN-SH42.stop-payment,CN-shanghai,filing,Applies: 1 Dec 2025 onward. Temporary stop-payment branches have six- or twelve-month limits; expiry restores payment.,"Same management measure arts. 10–14, 36, 38–42",https://www.shanghai.gov.cn/qyzfgjjsjzc/20240927/2c95b2e3e9a542c2a32af7eddf25048a.html,2026-09-29,2025-12-01,,EXTERNAL,No approval or expiry records.,obligations:HF_REMITTANCE,,,
CN-SH42.single-account,CN-shanghai,filing,"Applies: 1 Dec 2025 onward. One city account per worker, no double payment in a month.","Same management measure arts. 10–14, 36, 38–42",https://www.shanghai.gov.cn/qyzfgjjsjzc/20240927/2c95b2e3e9a542c2a32af7eddf25048a.html,2026-09-29,2025-12-01,,EXTERNAL,No duplicate check.,obligations:HF_REMITTANCE,,,
CN-SH43.existing-worker-base,CN-shanghai,contribution,Applies: 1 Dec 2025 onward. Management measure art. 16: an existing worker’s base is the prior-year wage-total monthly average.,Same management measure arts. 16–21; Housing Provident Fund Regulation,https://www.shanghai.gov.cn/qyzfgjjsjzc/20240927/2c95b2e3e9a542c2a32af7eddf25048a.html,2026-09-29,2025-12-01,,IMPLEMENTED,The operator declares it.,statutory_contributions:HOUSING_FUND,,,
CN-SH43.first-ever-joining-month,CN-shanghai,contribution,Applies: 1 Dec 2025 onward. Art. 17 and national art. 17: a first-ever worker pays nothing in the joining month.,Same management measure arts. 16–21; Housing Provident Fund Regulation,https://www.shanghai.gov.cn/qyzfgjjsjzc/20240927/2c95b2e3e9a542c2a32af7eddf25048a.html,2026-09-29,2025-12-01,,VERIFIED,Probe-proven on 29 Sep 2026: CN-SH43-1. [F24 2026-09-30: the 2026-09-29 probes ran on an env-link overlay of @norbital-ai/bolt 0.0.140; the pinned 0.0.139 was not re-run.],statutory_contributions:HOUSING_FUND,"Shanghai — the fund month after a first-ever join, and a transferred joiner (Regulation art.17; CN-SH43)",CN-SH43-1,2026-09-29
CN-SH43.first-ever-second-month,CN-shanghai,contribution,Applies: 1 Dec 2025 onward. The first-ever worker contributes from the second month on 本人当月工资.,Same management measure arts. 16–21; Housing Provident Fund Regulation,https://www.shanghai.gov.cn/qyzfgjjsjzc/20240927/2c95b2e3e9a542c2a32af7eddf25048a.html,2026-09-29,2025-12-01,,TESTED,"Golden. CN-SH43-2 (1,523 each side) passed in the R8 run of 30 Sep 2026, after the parent’s verified_at (2026-09-29); not VERIFIED until re-verified on that basis.",statutory_contributions:HOUSING_FUND,"Shanghai — the fund month after a first-ever join, and a transferred joiner (Regulation art.17; CN-SH43)",CN-SH43-2,
CN-SH43.transferred-first-month,CN-shanghai,contribution,Applies: 1 Dec 2025 onward. A transferred worker contributes from the first month the new employer pays wages.,Same management measure arts. 16–21; Housing Provident Fund Regulation,https://www.shanghai.gov.cn/qyzfgjjsjzc/20240927/2c95b2e3e9a542c2a32af7eddf25048a.html,2026-09-29,2025-12-01,,VERIFIED,Probe-proven on 29 Sep 2026: CN-SH05-1. [F24 2026-09-30: the 2026-09-29 probes ran on an env-link overlay of @norbital-ai/bolt 0.0.140; the pinned 0.0.139 was not re-run.],statutory_contributions:HOUSING_FUND,"Shanghai — the fund month after a first-ever join, and a transferred joiner (Regulation art.17; CN-SH43)",CN-SH05-1,2026-09-29
CN-SH43.partial-month-dispute,CN-shanghai,contribution,"Applies: 1 Dec 2025 onward. Management measure arts. 16–21: a partial join or exit month still owes; if disputed, the actual paid wage controls subject to the minimum contribution.",Same management measure arts. 16–21; Housing Provident Fund Regulation,https://www.shanghai.gov.cn/qyzfgjjsjzc/20240927/2c95b2e3e9a542c2a32af7eddf25048a.html,2026-09-29,2025-12-01,,GAP,Unmodelled.,statutory_contributions:HOUSING_FUND,,,
CN-SH43.worker-share-shortfall,CN-shanghai,contribution,"Applies: 1 Dec 2025 onward. If the paid wage cannot cover the worker share, the worker supplies the difference.",Same management measure arts. 16–21; Housing Provident Fund Regulation,https://www.shanghai.gov.cn/qyzfgjjsjzc/20240927/2c95b2e3e9a542c2a32af7eddf25048a.html,2026-09-29,2025-12-01,,GAP,Unmodelled.,statutory_contributions:HOUSING_FUND,,,
CN-SH43.remittance-five-days,CN-shanghai,contribution,Applies: 1 Dec 2025 onward. National regulation art. 19: the employer withholds and remits both shares within five days after payday.,Same management measure arts. 16–21; Housing Provident Fund Regulation,https://www.shanghai.gov.cn/qyzfgjjsjzc/20240927/2c95b2e3e9a542c2a32af7eddf25048a.html,2026-09-29,2025-12-01,,EXTERNAL-RECORDED,"Duty HF_REMITTANCE (RUN, on RUN_FINALISED, due pay date + 5 days, evidence the remittance reference); no amount, since the run carries no housing-fund remittance total. The instance is raised by the daily obligation_calendar sweep; the probe harness does not run it before judging `saved` rows yet, so CN-SH42-1 cannot match until it does.",duty_types:HF_REMITTANCE,,CN-SH42-1,
CN-SH43.after-retirement-or-death,CN-shanghai,contribution,Applies: 1 Dec 2025 onward. No contribution after completed retirement with pension benefits or death.,Same management measure arts. 16–21; Housing Provident Fund Regulation,https://www.shanghai.gov.cn/qyzfgjjsjzc/20240927/2c95b2e3e9a542c2a32af7eddf25048a.html,2026-09-29,2025-12-01,,GAP,The pensioner case is CN-SH41.pensioned-retiree; death is unmodelled.,statutory_contributions:HOUSING_FUND,,,
CN-SH44.below-5pct-eligibility,CN-shanghai,contribution,"Applies: 1 Dec 2025 onward. Management measure (arts. 23–26): a rate below 5% requires two loss years with average worker pay ≤60% of the prior city average, or a qualifying micro/small enterprise within three years of establishment.",Same management measure arts. 23–26; National regulation art. 20,https://www.shanghai.gov.cn/qyzfgjjsjzc/20240927/2c95b2e3e9a542c2a32af7eddf25048a.html,2026-09-29,2025-12-01,,GAP,No eligibility input.,,,,
CN-SH44.deferral-grounds,CN-shanghai,contribution,"Applies: 1 Dec 2025 onward. Deferral for listed near-bankruptcy, stoppage or approved SI deferral, renewed loss or low pay, or worker-consented deferral where the net wage would breach the minimum.",Same management measure arts. 23–26; National regulation art. 20,https://www.shanghai.gov.cn/qyzfgjjsjzc/20240927/2c95b2e3e9a542c2a32af7eddf25048a.html,2026-09-29,2025-12-01,,GAP,No deferral input.,,,,
CN-SH44.approval-process,CN-shanghai,contribution,"Applies: 1 Dec 2025 onward. Worker congress or union approval and publicisation precede the application; only approved treatment applies, for one year, reapplied 30 days before expiry; the national art. 20 route must be reconciled.",Same management measure arts. 23–26; National regulation art. 20,https://www.shanghai.gov.cn/qyzfgjjsjzc/20240927/2c95b2e3e9a542c2a32af7eddf25048a.html,2026-09-29,2025-12-01,,GAP,No approval dates.,,,,
CN-SH44.restoration,CN-shanghai,contribution,Applies: 1 Dec 2025 onward. Restore and settle deferred amounts when finances improve.,Same management measure arts. 23–26; National regulation art. 20,https://www.shanghai.gov.cn/qyzfgjjsjzc/20240927/2c95b2e3e9a542c2a32af7eddf25048a.html,2026-09-29,2025-12-01,,GAP,No arrears settlement.,,,,
CN-SH45.centre-recalculation,CN-shanghai,contribution,"Applies: 1 Jul 2026 onward. 2026 committee notice: a unit that adjusted before 18 August need not refile, but the centre recalculates workers above the old CNY37,302 ceiling under the new CNY37,731 ceiling.","2026 committee notice; centre-attributed 2026 Q&A republication; Shanghai government-channel July notice; management measure arts. 21–22, 27",https://www.shzfgjj.cn/html/newxxgk/zcwj/gfxwj/228478.html,2026-09-29,2026-07-01,,GAP,Owner decision 2026-09-30: no retro recalculation (committed payslips stay frozen; corrections are manual ad hoc lines in a later run). No dated fund true-up.,,,,
CN-SH45.july-shortfall,CN-shanghai,contribution,"Applies: 1 Jul 2026 onward. The employer pays any July 2026 shortfall, even if July was already remitted.","2026 committee notice; centre-attributed 2026 Q&A republication; Shanghai government-channel July notice; management measure arts. 21–22, 27",https://www.shzfgjj.cn/html/newxxgk/zcwj/gfxwj/228478.html,2026-09-29,2026-07-01,,GAP,Owner decision 2026-09-30: no retro recalculation (committed payslips stay frozen; corrections are manual ad hoc lines in a later run). Rests on a republication; no true-up path.,,,,
CN-SH45.short-payment-correction,CN-shanghai,contribution,Applies: 1 Jul 2026 onward. Management measure arts. 21–22: short payment corrected with both shares apportioned.,"2026 committee notice; centre-attributed 2026 Q&A republication; Shanghai government-channel July notice; management measure arts. 21–22, 27",https://www.shzfgjj.cn/html/newxxgk/zcwj/gfxwj/228478.html,2026-09-29,2026-07-01,,GAP,Owner decision 2026-09-30: no retro recalculation (committed payslips stay frozen; corrections are manual ad hoc lines in a later run). No correction path.,,,,
CN-SH45.closure-arrears,CN-shanghai,contribution,Applies: 1 Jul 2026 onward. Art. 27: settle arrears on merger or closure.,"2026 committee notice; centre-attributed 2026 Q&A republication; Shanghai government-channel July notice; management measure arts. 21–22, 27",https://www.shzfgjj.cn/html/newxxgk/zcwj/gfxwj/228478.html,2026-09-29,2026-07-01,,GAP,No corporate-event input.,,,,
CN-SH45.overpayment-consent,CN-shanghai,contribution,Applies: 1 Jul 2026 onward. Employee confirmation for refund or correction of overpayment.,"2026 committee notice; centre-attributed 2026 Q&A republication; Shanghai government-channel July notice; management measure arts. 21–22, 27",https://www.shzfgjj.cn/html/newxxgk/zcwj/gfxwj/228478.html,2026-09-29,2026-07-01,,GAP,No consent record.,,,,
CN-SH46.retained-at-work,CN-shanghai,contribution,Applies: 1 Dec 2025 onward. An injured worker retained at work and paid wages keeps the prior-year average base (measure art. 16).,"2023 measure art. 16; fund-centre-attributed 2026 base-adjustment Q&A, item 12",https://www.shanghai.gov.cn/qyzfgjjsjzc/20240927/2c95b2e3e9a542c2a32af7eddf25048a.html,2026-09-29,2025-12-01,,GAP,No injury-status base.,,,,
CN-SH46.left-post,CN-shanghai,contribution,"Applies: 1 Dec 2025 onward. An injured worker who left the post uses the monthly disability allowance in place of wages (centre-attributed Q&A item 12, republication only).","2023 measure art. 16; fund-centre-attributed 2026 base-adjustment Q&A, item 12",https://www.shanghai.gov.cn/qyzfgjjsjzc/20240927/2c95b2e3e9a542c2a32af7eddf25048a.html,2026-09-29,2025-12-01,,GAP,No issuer confirmation; no status switch.,,,,
CN-SH47.prefill-authorisation,CN-shanghai,filing,Applies: 1 Jul 2026–30 Jun 2027. The centre may prefill prior-year wages from tax/SI declarations only with unit authorisation; a mismatch requires the unit to submit the actual wage.,"沪公积金管委会〔2026〕3号 notice, full-text republication with issuer link, section VI.1–3; July city housing-authority reminder",https://hrlib.ciic-cloud.cn/news/info?id=01m0hpmj3mq0z5gdn6zpfm9pa6,2026-09-29,2026-07-01,2027-06-30,SOURCE-BLOCKED,"shzfgjj.cn does not resolve (28–29 Sep 2026: curl, WebFetch, in-app browser); republication only.",,,,
CN-SH47.already-adjusted-units,CN-shanghai,filing,"Applies: 1 Jul 2026–30 Jun 2027. A unit adjusted before the August final ceiling need not refile; the centre reassesses above the former CNY37,302 (CN-SH45).","沪公积金管委会〔2026〕3号 notice, full-text republication with issuer link, section VI.1–3; July city housing-authority reminder",https://hrlib.ciic-cloud.cn/news/info?id=01m0hpmj3mq0z5gdn6zpfm9pa6,2026-09-29,2026-07-01,2027-06-30,SOURCE-BLOCKED,Issuer notice unreachable.,,,,
CN-SH47.same-year-rate-change,CN-shanghai,filing,Applies: 1 Jul 2026–30 Jun 2027. Within the year the unit may change its elected rate; the dated rate and worker notice govern later contributions; filing follows June remittance.,"沪公积金管委会〔2026〕3号 notice, full-text republication with issuer link, section VI.1–3; July city housing-authority reminder",https://hrlib.ciic-cloud.cn/news/info?id=01m0hpmj3mq0z5gdn6zpfm9pa6,2026-09-29,2026-07-01,2027-06-30,SOURCE-BLOCKED,Issuer notice unreachable.,,,,
CN-SH48,CN-shanghai,contribution,"Applies: 1 Jul 2026–30 Jun 2027; individual Shanghai flexible fund contributor, separate from employer-covered worker. [Same 2026 committee notice section V, full-text republication with issuer link](https://hrlib.ciic-cloud.cn/news/info?id=01m0hpmj3mq0z5gdn6zpfm9pa6): flexible contributors use the same 2026 CNY2,740–37,731 base bounds but choose an individual contribution rate 10–24%, and may change base/rate once during the housing-fund year. If an unadjusted base lies outside the new bounds, the fund centre automatically resets the base/amount and tells the individual. This is a personal payer branch, not a 10–24% employer or employee payroll share. On actual employment the actor/account transition returns to CN-SH41–43. The standing instrument, [沪公积金管委会〔2025〕1号 flexible-employment voluntary contribution measure](https://service.shanghai.gov.cn/XingZhengWenDangKuJyh/XZGFDetails.aspx?docid=250425135548UYowuLxoKgRPh048YuN) (dated 10 Apr 2025, in force 1 Jun 2025), was not previously cited; the 2026 section V operates within it.","Same 2026 committee notice section V, full-text republication with issuer link; 沪公积金管委会〔2025〕1号 flexible-employment voluntary contribution measure",https://hrlib.ciic-cloud.cn/news/info?id=01m0hpmj3mq0z5gdn6zpfm9pa6,2026-09-29,2026-07-01,2027-06-30,NOT-APPLICABLE,"Register status: No [IN-SYSTEM 2026-09-29]. No CN contributor classification, personal-versus-unit exclusion, account transition or saved-output probe; original issuer notice and full personal-scheme amendment chain open. Evidence and probe needed: Actual individual-versus-unit contribution status, election, prior change count and account transition; personal 10% case produces no ordinary employer contribution or wage deduction, then a covered employee case uses equal 5–7% employer/worker shares. Tracker status NOT-APPLICABLE: a personal flexible contributor pays outside the employer payroll; an employer-covered worker stays under CN-SH40/41. R48 origin: CN14 (first-pass sample; migration implies no closure).",,,,
CN-SH49,CN-shanghai,levy,"Applies: 1 Jan 2026–31 Dec 2030; Shanghai quota-covered employers. [沪财发〔2025〕11号 of 31 Dec 2025](https://czj.sh.gov.cn/zys_8908/zcfg_8983/zcfb_8985/shbz_9024/20260107/xxfboswf0000003535.html) extends the Shanghai disability employment security fund measure 沪财发〔2020〕9号 (previously extended in 2023 to 31 Dec 2025) to 31 Dec 2030, continuing its calculation from the 2026 collection of the 2025 levy. National reductions and the 2× wage cap are CN-N24. The Shanghai quota (reported as 1.5%) was seen only in search results; read the 9号 text before sealing.",沪财发〔2025〕11号 of 31 Dec 2025,https://czj.sh.gov.cn/zys_8908/zcfg_8983/zcfb_8985/shbz_9024/20260107/xxfboswf0000003535.html,2026-09-29,2026-01-01,2030-12-31,EXTERNAL,"Register status: No [SOURCE 2026-09-29]. No levy calculation, filing or receipt workflow; 9号 text (ratio, base, filing window) not read. Evidence and probe needed: Prior-year average headcount and wage, disabled employees, headcount size, collection year; 2025 levy collected in 2026 at <1%, 1%–quota, at quota and ≤30 staff.",,,,
CN-SH50.average-2024-for-2025-exits,CN-shanghai,severance,"Applies: 2025 exits. The recorded default (owner rule 2026-09-28, law silent on series and changeover): the prior calendar year’s published Shanghai 全口径 average, CNY12,434 for 2024.",2025 HRSS notice; 2026 HRSS announcement,https://rsj.sh.gov.cn/tgsgg_17341/20250918/t0035_1435637.html,2026-09-29,2025-07-01,,TESTED,"Golden. CN-SH50-3 (0.5 × 37,302 = 18,651) added 30 Sep 2026, not yet run.",exit_facts.lcl47_average_monthly_wage,"both cities — the default published average is the prior calendar year’s (owner rule 2026-09-28, CN-SH50, N39)",CN-SH50-3,
CN-SH50.average-2025-for-2026-exits,CN-shanghai,severance,"Applies: 2026 exits. The same default: CNY12,577 for 2025 (published 18 Aug 2026).",2025 HRSS notice; 2026 HRSS announcement,https://rsj.sh.gov.cn/tgsgg_17341/20250918/t0035_1435637.html,2026-09-29,2025-07-01,,VERIFIED,"Probe-proven on 29 Sep 2026: CN-SH50-1 (half a month at 3 × 12,577 = 18,865.50). Recorded difference: a run at the 13 Mar 2026 exit could only have used 12,434; no interim-figure or true-up path. [F24 2026-09-30: the 2026-09-29 probes ran on an env-link overlay of @norbital-ai/bolt 0.0.140; the pinned 0.0.139 was not re-run.]",exit_facts.lcl47_average_monthly_wage,"both cities — the default published average is the prior calendar year’s (owner rule 2026-09-28, CN-SH50, N39)",CN-SH50-1,2026-09-29
CN-SH50.three-times-wage-cap,CN-shanghai,severance,"Applies: Shanghai exits. LCL art. 47: a monthly wage above 3× the average is capped at CNY37,302 or CNY37,731 by exit date.",2025 HRSS notice; 2026 HRSS announcement,https://rsj.sh.gov.cn/tgsgg_17341/20250918/t0035_1435637.html,2026-09-29,2025-07-01,,VERIFIED,Probe-proven on 29 Sep 2026: CN-SH50-1. [F24 2026-09-30: the 2026-09-29 probes ran on an env-link overlay of @norbital-ai/bolt 0.0.140; the pinned 0.0.139 was not re-run.],exit_facts.lcl47_average_monthly_wage,"Shanghai — 经济补偿 above three times the average: capped wage, twelve years, and the tax on the excess (CN-N41, SH50, N39)",CN-SH50-1,2026-09-29
CN-SH50.twelve-year-cap,CN-shanghai,severance,Applies: Shanghai exits. A capped earner’s service years are capped at 12.,2025 HRSS notice; 2026 HRSS announcement,https://rsj.sh.gov.cn/tgsgg_17341/20250918/t0035_1435637.html,2026-09-29,2025-07-01,,TESTED,"Golden only. CN-SH50-2 (12 × 37,731 = 452,772) added 30 Sep 2026, not yet run.",exit_facts.lcl47_average_monthly_wage,"Shanghai — 经济补偿 above three times the average: capped wage, twelve years, and the tax on the excess (CN-N41, SH50, N39)",CN-SH50-2,
CN-SH50.uncapped-earner,CN-shanghai,severance,Applies: Shanghai exits. A wage at or below 3× the average is not capped.,2025 HRSS notice; 2026 HRSS announcement,https://rsj.sh.gov.cn/tgsgg_17341/20250918/t0035_1435637.html,2026-09-29,2025-07-01,,TESTED,"Golden only. CN-SH50-2 (20,000 at 2 years 9 months → 60,000) added 30 Sep 2026, not yet run.",exit_facts.lcl47_average_monthly_wage,"Shanghai — 经济补偿: a month a year, a half year rounds up, under six months is half; none on resignation or a refused renewal (CN-N41)",CN-SH50-2,
CN-SH51.iud-insertion,CN-shanghai,leave,"Applies: 1 Nov 2022–31 Oct 2027; Shanghai. 沪府规〔2022〕18号 art. 19: IUD insertion, 2 days’ normal-wage leave from the procedure date.",Shanghai Government 沪府规〔2022〕18号 art. 19,https://www.shanghai.gov.cn/rkjsqy2/20230417/e10b476cd14d4af6b079f644c0028d60.html,2026-09-29,2022-11-01,2027-10-31,TESTED,"Golden, every version. CN-SH51-1 added 30 Sep 2026, not yet run.",leave_catalogue:FAMILY_PLANNING_PROCEDURE_LEAVE,${lineage} — family-planning procedure days on every sealed version,CN-SH51-1,
CN-SH51.iud-removal,CN-shanghai,leave,Applies: 1 Nov 2022–31 Oct 2027. IUD removal: 2 days.,Shanghai Government 沪府规〔2022〕18号 art. 19,https://www.shanghai.gov.cn/rkjsqy2/20230417/e10b476cd14d4af6b079f644c0028d60.html,2026-09-30,2022-11-01,2027-10-31,TESTED,"Golden only. Probe CN-SH51-2 (2 days paid, 3 refused) added 30 Sep 2026, not yet run.",leave_catalogue:FAMILY_PLANNING_PROCEDURE_LEAVE,${lineage} — family-planning procedure days on every sealed version,CN-SH51-2,
CN-SH51.follow-up,CN-shanghai,leave,Applies: 1 Nov 2022–31 Oct 2027. Follow-up: 1 day.,Shanghai Government 沪府规〔2022〕18号 art. 19,https://www.shanghai.gov.cn/rkjsqy2/20230417/e10b476cd14d4af6b079f644c0028d60.html,2026-09-30,2022-11-01,2027-10-31,TESTED,"Golden only. Probe CN-SH51-3 (1 day paid, 2 refused) added 30 Sep 2026, not yet run.",leave_catalogue:FAMILY_PLANNING_PROCEDURE_LEAVE,${lineage} — family-planning procedure days on every sealed version,CN-SH51-3,
CN-SH51.vasectomy,CN-shanghai,leave,Applies: 1 Nov 2022–31 Oct 2027. Vasectomy: 7 days.,Shanghai Government 沪府规〔2022〕18号 art. 19,https://www.shanghai.gov.cn/rkjsqy2/20230417/e10b476cd14d4af6b079f644c0028d60.html,2026-09-30,2022-11-01,2027-10-31,TESTED,"Golden only. Probe CN-SH51-7 (5 of 7 days paid; 8 working days refused) added 30 Sep 2026, not yet run; the seventh day across a weekend depends on the calendar-day question (CN-SH51.tubal-ligation).",leave_catalogue:FAMILY_PLANNING_PROCEDURE_LEAVE,${lineage} — family-planning procedure days on every sealed version,CN-SH51-7,
CN-SH51.tubal-ligation,CN-shanghai,leave,Applies: 1 Nov 2022–31 Oct 2027. Tubal ligation: 30 days.,Shanghai Government 沪府规〔2022〕18号 art. 19,https://www.shanghai.gov.cn/rkjsqy2/20230417/e10b476cd14d4af6b079f644c0028d60.html,2026-09-29,2022-11-01,2027-10-31,TESTED,Golden only; calendar-day charging open.,leave_catalogue:FAMILY_PLANNING_PROCEDURE_LEAVE,${lineage} — family-planning procedure days on every sealed version,,
CN-SH51.implant-insertion,CN-shanghai,leave,Applies: 1 Nov 2022–31 Oct 2027. Implant insertion: 5 days.,Shanghai Government 沪府规〔2022〕18号 art. 19,https://www.shanghai.gov.cn/rkjsqy2/20230417/e10b476cd14d4af6b079f644c0028d60.html,2026-09-30,2022-11-01,2027-10-31,TESTED,"Golden only. Probe CN-SH51-4 (5 days paid, 6 refused) added 30 Sep 2026, not yet run.",leave_catalogue:FAMILY_PLANNING_PROCEDURE_LEAVE,${lineage} — family-planning procedure days on every sealed version,CN-SH51-4,
CN-SH51.implant-removal,CN-shanghai,leave,Applies: 1 Nov 2022–31 Oct 2027. Implant removal: 3 days.,Shanghai Government 沪府规〔2022〕18号 art. 19,https://www.shanghai.gov.cn/rkjsqy2/20230417/e10b476cd14d4af6b079f644c0028d60.html,2026-09-30,2022-11-01,2027-10-31,TESTED,"Golden only. Probe CN-SH51-5 (3 days paid, 4 refused) added 30 Sep 2026, not yet run.",leave_catalogue:FAMILY_PLANNING_PROCEDURE_LEAVE,${lineage} — family-planning procedure days on every sealed version,CN-SH51-5,
CN-SH51.diagnostic-curettage,CN-shanghai,leave,Applies: 1 Nov 2022–31 Oct 2027. Diagnostic curettage: 5 days.,Shanghai Government 沪府规〔2022〕18号 art. 19,https://www.shanghai.gov.cn/rkjsqy2/20230417/e10b476cd14d4af6b079f644c0028d60.html,2026-09-30,2022-11-01,2027-10-31,TESTED,"Golden only. Probe CN-SH51-6 (5 days paid, 6 refused) added 30 Sep 2026, not yet run.",leave_catalogue:FAMILY_PLANNING_PROCEDURE_LEAVE,${lineage} — family-planning procedure days on every sealed version,CN-SH51-6,
CN-SH51.simultaneous-procedures,CN-shanghai,leave,Applies: 1 Nov 2022–31 Oct 2027. Simultaneous procedure periods add.,Shanghai Government 沪府规〔2022〕18号 art. 19,https://www.shanghai.gov.cn/rkjsqy2/20230417/e10b476cd14d4af6b079f644c0028d60.html,2026-09-29,2022-11-01,2027-10-31,GAP,Unmodelled.,leave_catalogue:FAMILY_PLANNING_PROCEDURE_LEAVE,,,
CN-SH51.abortion,CN-shanghai,leave,"Applies: 1 Nov 2022–31 Oct 2027. Abortion branches of 14/21/30 days by gestation and procedure, reconciled with the national miscarriage minimum.",Shanghai Government 沪府规〔2022〕18号 art. 19,https://www.shanghai.gov.cn/rkjsqy2/20230417/e10b476cd14d4af6b079f644c0028d60.html,2026-09-29,2022-11-01,2027-10-31,GAP,Unmodelled.,leave_catalogue:FAMILY_PLANNING_PROCEDURE_LEAVE,,,
CN-SH51.post-procedure,CN-shanghai,leave,Applies: 1 Nov 2022–31 Oct 2027. Post-procedure sick leave and heavy-work restriction.,Shanghai Government 沪府规〔2022〕18号 art. 19,https://www.shanghai.gov.cn/rkjsqy2/20230417/e10b476cd14d4af6b079f644c0028d60.html,2026-09-29,2022-11-01,2027-10-31,GAP,Unmodelled.,leave_catalogue:FAMILY_PLANNING_PROCEDURE_LEAVE,,,
CN-KM01.class-i-2170,CN-kunming,minimum_wage,"Applies: 1 Oct 2025–31 Aug 2026; Kunming class I districts (Wuhua, Panlong, Xishan, Guandu, Chenggong, Jinning, Anning, Songming). 云人社发〔2025〕19号: CNY2,170 a month.","Signed Yunnan HRSS notice 云人社发〔2025〕19号 with district appendix, hosted by county government; provincial authority",https://www.ynjc.gov.cn/u/cms/jcqzfxxgk/202509/30130601xbad.pdf,2026-09-29,2025-10-01,2026-08-31,TESTED,"Golden. CN-KM01-2 (2,100 refused) and CN-KM01-3 (2,170 passes) added 30 Sep 2026, not yet run.",work_rules.wages.by_region; work_rules.wages.hourly_by_region; work_rules.wages.workplace_keyed,"Kunming — 2,170 in a category I district passes in August and is blocked in September 2026 (CN-KM01, KM02)",CN-KM01-2; CN-KM01-3,
CN-KM01.class-ii-2020,CN-kunming,minimum_wage,"Applies: 1 Oct 2025–31 Aug 2026; Kunming’s other counties and Dongchuan. CNY2,020 a month.","Signed Yunnan HRSS notice 云人社发〔2025〕19号 with district appendix, hosted by county government; provincial authority",https://www.ynjc.gov.cn/u/cms/jcqzfxxgk/202509/30130601xbad.pdf,2026-09-29,2025-10-01,2026-08-31,PARTIAL,"CN-KM01-1 (29 Sep 2026) runs a Fumin worker at 2,020. It pays exactly the floor, so it cannot tell a correct floor from a missing one. The below-floor refusal is unprobed. [F24 2026-09-30: the 2026-09-29 probes ran on an env-link overlay of @norbital-ai/bolt 0.0.140; the pinned 0.0.139 was not re-run.] Probe CN-KM01-5 (2,000 at Fumin refused) added 30 Sep 2026, not yet run closes the below-floor branch.",work_rules.wages.by_region; work_rules.wages.hourly_by_region; work_rules.wages.workplace_keyed,"Kunming — 2,170 in a category I district passes in August and is blocked in September 2026 (CN-KM01, KM02)",CN-KM01-1; CN-KM01-5,2026-09-29
CN-KM01.mo-han-1870,CN-kunming,minimum_wage,"Applies: 1 Oct 2025–31 Aug 2026; a verified Mo Han worksite (Mengla County, Kunming trusteeship). CNY1,870 under the other-counties class.","Signed Yunnan HRSS notice 云人社发〔2025〕19号 with district appendix, hosted by county government; provincial authority",https://www.ynjc.gov.cn/u/cms/jcqzfxxgk/202509/30130601xbad.pdf,2026-09-29,2025-10-01,2026-08-31,TESTED,Golden only; the fund payer refuses there (CN-KM05).,work_rules.wages.by_region; work_rules.wages.hourly_by_region; work_rules.wages.workplace_keyed,"Kunming — Mo Han uses category III wage floors and refuses uncertified housing-fund thresholds (CN-KM02, KM05)",,
CN-KM01.hourly-floors,CN-kunming,minimum_wage,Applies: 1 Oct 2025–31 Aug 2026. Hourly floors CNY21/20/19 by class.,"Signed Yunnan HRSS notice 云人社发〔2025〕19号 with district appendix, hosted by county government; provincial authority",https://www.ynjc.gov.cn/u/cms/jcqzfxxgk/202509/30130601xbad.pdf,2026-09-29,2025-10-01,2026-08-31,IMPLEMENTED,"Configured 1 Oct 2026: stored check HOURLY_MINIMUM_WAGE (TERMS_CHANGE, REFUSE) over the MINIMUM_WAGE reference table (21 / 20 / 19 by worksite in the 2025-12 and 2026-01 versions). Probe CN-KM-HOURLY-1 (20.99 Wuhua refused in December 2025) added, not yet run.",checks:HOURLY_MINIMUM_WAGE; reference_rows:MINIMUM_WAGE; tables:MINIMUM_WAGE,,CN-KM-HOURLY-1,
CN-KM01.qualifying-pay,CN-kunming,minimum_wage,"Applies: 1 Oct 2025–31 Aug 2026. Unlike Shanghai, the full-time floor includes the employee’s statutory social insurance and housing fund; overtime, special-work pay and specified housing and meal benefits are excluded.","Signed Yunnan HRSS notice 云人社发〔2025〕19号 with district appendix, hosted by county government; provincial authority",https://www.ynjc.gov.cn/u/cms/jcqzfxxgk/202509/30130601xbad.pdf,2026-09-29,2025-10-01,2026-08-31,IMPLEMENTED,"The floor reads contract basic gross; no probe carries an excluded line. CN-KM01-3 (2,170 gross passes although it nets 1,608.41: the shares are inside) listed; CN-KM01-4 (overtime left out of the comparison) added 30 Sep 2026, not yet run.",work_rules.wages.by_region; work_rules.wages.hourly_by_region; work_rules.wages.workplace_keyed,,CN-KM01-3; CN-KM01-4,
CN-KM01.publicise-ten-days,CN-kunming,minimum_wage,Applies: 1 Oct 2025–31 Aug 2026. The employer publicises the floor to all workers within ten days after publication.,"Signed Yunnan HRSS notice 云人社发〔2025〕19号 with district appendix, hosted by county government; provincial authority",https://www.ynjc.gov.cn/u/cms/jcqzfxxgk/202509/30130601xbad.pdf,2026-09-29,2025-10-01,2026-08-31,EXTERNAL,External.,work_rules.wages.by_region; work_rules.wages.hourly_by_region; work_rules.wages.workplace_keyed,,,
CN-KM02.class-i-2270,CN-kunming,minimum_wage,"Applies: 1 Sep 2026 onward; Kunming class I districts. Yunnan HRSS 29 Aug 2026: CNY2,270 a month.",Yunnan HRSS 29 Aug 2026 signed text hosted by a county government; Yunnan's Ethnic Affairs Commission,https://www.ynjc.gov.cn/jcqzfxxgk/zcw2023j0221/20260901/1677677.html,2026-09-29,2026-09-01,,PARTIAL,"CN-KM02-1 (29 Sep 2026) runs a Wuhua worker at 2,270. It pays exactly the floor, so it cannot tell a correct floor from a missing one. CN-KM02-2 (2,170 refused) added 30 Sep 2026, not yet run. [F24 2026-09-30: the 2026-09-29 probes ran on an env-link overlay of @norbital-ai/bolt 0.0.140; the pinned 0.0.139 was not re-run.]",work_rules.wages.by_region; work_rules.wages.hourly_by_region; work_rules.wages.workplace_keyed,"Kunming — 2,170 in a category I district passes in August and is blocked in September 2026 (CN-KM01, KM02)",CN-KM02-1; CN-KM02-2,2026-09-29
CN-KM02.class-ii-2120,CN-kunming,minimum_wage,"Applies: 1 Sep 2026 onward; Kunming’s other counties and Dongchuan. CNY2,120 a month.",Yunnan HRSS 29 Aug 2026 signed text hosted by a county government; Yunnan's Ethnic Affairs Commission,https://www.ynjc.gov.cn/jcqzfxxgk/zcw2023j0221/20260901/1677677.html,2026-09-29,2026-09-01,,IMPLEMENTED,"Seeded; no golden. CN-KM02-3 (2,100 refused) added 30 Sep 2026, not yet run.",work_rules.wages.by_region; work_rules.wages.hourly_by_region; work_rules.wages.workplace_keyed,,CN-KM02-3,
CN-KM02.mo-han-1970,CN-kunming,minimum_wage,"Applies: 1 Sep 2026 onward; a verified Mo Han worksite. Category III CNY1,970 follows the other-counties class (an inference from the provincial classification; the worksite must be recorded).",Yunnan HRSS 29 Aug 2026 signed text hosted by a county government; Yunnan's Ethnic Affairs Commission,https://www.ynjc.gov.cn/jcqzfxxgk/zcw2023j0221/20260901/1677677.html,2026-09-29,2026-09-01,,TESTED,Golden only.,work_rules.wages.by_region; work_rules.wages.hourly_by_region; work_rules.wages.workplace_keyed,"Kunming — Mo Han uses category III wage floors and refuses uncertified housing-fund thresholds (CN-KM02, KM05)",,
CN-KM02.hourly-floors,CN-kunming,minimum_wage,Applies: 1 Sep 2026 onward. Hourly floors CNY22/21/20 by class.,Yunnan HRSS 29 Aug 2026 signed text hosted by a county government; Yunnan's Ethnic Affairs Commission,https://www.ynjc.gov.cn/jcqzfxxgk/zcw2023j0221/20260901/1677677.html,2026-09-29,2026-09-01,,IMPLEMENTED,"Configured 1 Oct 2026: HOURLY_MINIMUM_WAGE over MINIMUM_WAGE (22 / 21 / 20 from the 2026-09 version). Probe CN-KM-HOURLY-1 (21.99 Wuhua and 20.99 Fumin refused, 22.00 Wuhua accepted, October 2026) added, not yet run.",checks:HOURLY_MINIMUM_WAGE; reference_rows:MINIMUM_WAGE; tables:MINIMUM_WAGE,,CN-KM-HOURLY-1,
CN-KM02.qualifying-pay,CN-kunming,minimum_wage,"Applies: 1 Sep 2026 onward. The qualifying wage includes the worker’s SI and housing shares but excludes overtime, special-duty allowances, non-wage benefits and cash housing/meal subsidy.",Yunnan HRSS 29 Aug 2026 signed text hosted by a county government; Yunnan's Ethnic Affairs Commission,https://www.ynjc.gov.cn/jcqzfxxgk/zcw2023j0221/20260901/1677677.html,2026-09-29,2026-09-01,,IMPLEMENTED,"By construction; unprobed. CN-KM02-1 (2,270 gross passes, nets 1,702.49) listed; CN-KM02-4 (overtime left out) added 30 Sep 2026, not yet run.",work_rules.wages.by_region; work_rules.wages.hourly_by_region; work_rules.wages.workplace_keyed,,CN-KM02-1; CN-KM02-4,
CN-KM02.publicise-ten-days,CN-kunming,minimum_wage,Applies: 1 Sep 2026 onward. Publicise the new standard within ten days after the 1 Sep publication.,Yunnan HRSS 29 Aug 2026 signed text hosted by a county government; Yunnan's Ethnic Affairs Commission,https://www.ynjc.gov.cn/jcqzfxxgk/zcw2023j0221/20260901/1677677.html,2026-09-29,2026-09-01,,EXTERNAL,External.,work_rules.wages.by_region; work_rules.wages.hourly_by_region; work_rules.wages.workplace_keyed,,,
CN-KM03.piu-floor-2025,CN-kunming,contribution,"Applies: 2025; Kunming pension, unemployment and injury. 2025 Yunnan parameters: floor CNY4,357.","2025 Yunnan social-insurance parameters; Four-department 云人社发〔2026〕8号, signed 21 August, reproduced in the city news portal; provincial-government report; 7 September 2026 county HRSS employer notice",https://www.dhlc.gov.cn/fsx/Web/_F0_0_6C9DO9USE71563368BE04C9C90.htm,2026-09-29,2025-01-01,2025-12-31,TESTED,"Golden: the 4,357 floor. Probe CN-KM03-4 (December 2025, 4,000 lifts to 4,357) added 30 Sep 2026, not yet run.",statutory_contributions:PENSION; statutory_contributions:MEDICAL; statutory_contributions:UNEMPLOYMENT; statutory_contributions:INJURY,"Kunming — December 2025 on a 10,000 base, and the 4,357 floor (CN-KM03, KM04, KM05, KM25–27, KM32)",CN-KM03-4,
CN-KM03.piu-ceiling-2025,CN-kunming,contribution,"Applies: 2025. Ceiling CNY21,789.","2025 Yunnan social-insurance parameters; Four-department 云人社发〔2026〕8号, signed 21 August, reproduced in the city news portal; provincial-government report; 7 September 2026 county HRSS employer notice",https://www.dhlc.gov.cn/fsx/Web/_F0_0_6C9DO9USE71563368BE04C9C90.htm,2026-09-29,2025-01-01,2025-12-31,VERIFIED,"Probe-proven on 29 Sep 2026: CN-KM03-2 (December 2025 at 21,789). [F24 2026-09-30: the 2026-09-29 probes ran on an env-link overlay of @norbital-ai/bolt 0.0.140; the pinned 0.0.139 was not re-run.]",statutory_contributions:PENSION; statutory_contributions:MEDICAL; statutory_contributions:UNEMPLOYMENT; statutory_contributions:INJURY,"Kunming — December 2025 on a 10,000 base, and the 4,357 floor (CN-KM03, KM04, KM05, KM25–27, KM32)",CN-KM03-2,2026-09-29
CN-KM03.piu-floor-2026,CN-kunming,contribution,"Applies: 2026. 云人社发〔2026〕8号: floor CNY4,403; first chargeable month January 2026 (recorded default: the instrument’s own 2026年度).","2025 Yunnan social-insurance parameters; Four-department 云人社发〔2026〕8号, signed 21 August, reproduced in the city news portal; provincial-government report; 7 September 2026 county HRSS employer notice",https://www.dhlc.gov.cn/fsx/Web/_F0_0_6C9DO9USE71563368BE04C9C90.htm,2026-09-29,2026-01-01,,VERIFIED,Probe-proven on 29 Sep 2026: CN-KM25-1. [F24 2026-09-30: the 2026-09-29 probes ran on an env-link overlay of @norbital-ai/bolt 0.0.140; the pinned 0.0.139 was not re-run.],statutory_contributions:PENSION; statutory_contributions:MEDICAL; statutory_contributions:UNEMPLOYMENT; statutory_contributions:INJURY,"Kunming — January–August 2026: pension, unemployment and injury on the 2026 bounds from 1 January, medical on 2025’s (CN-KM03); the 32,543 fund cap (CN-KM05)",CN-KM25-1,2026-09-29
CN-KM03.piu-ceiling-2026,CN-kunming,contribution,"Applies: 2026. Ceiling CNY22,017.","2025 Yunnan social-insurance parameters; Four-department 云人社发〔2026〕8号, signed 21 August, reproduced in the city news portal; provincial-government report; 7 September 2026 county HRSS employer notice",https://www.dhlc.gov.cn/fsx/Web/_F0_0_6C9DO9USE71563368BE04C9C90.htm,2026-09-29,2026-01-01,,VERIFIED,"Probe-proven on 29 Sep 2026: CN-KM03-1. CN-KM03-3 added 30 Sep 2026, not yet run. [F24 2026-09-30: the 2026-09-29 probes ran on an env-link overlay of @norbital-ai/bolt 0.0.140; the pinned 0.0.139 was not re-run.]",statutory_contributions:PENSION; statutory_contributions:MEDICAL; statutory_contributions:UNEMPLOYMENT; statutory_contributions:INJURY,"Kunming — January–August 2026: pension, unemployment and injury on the 2026 bounds from 1 January, medical on 2025’s (CN-KM03); the 32,543 fund cap (CN-KM05)",CN-KM03-1; CN-KM03-3,2026-09-29
CN-KM03.medical-floor-to-aug-2026,CN-kunming,contribution,"Applies: to 31 Aug 2026; medical and maternity. The 2025 floor CNY4,357 stays until the 1 Sep 2026 change.","2025 Yunnan social-insurance parameters; Four-department 云人社发〔2026〕8号, signed 21 August, reproduced in the city news portal; provincial-government report; 7 September 2026 county HRSS employer notice",https://www.dhlc.gov.cn/fsx/Web/_F0_0_6C9DO9USE71563368BE04C9C90.htm,2026-09-29,2025-01-01,2026-08-31,VERIFIED,"Probe-proven on 29 Sep 2026: CN-KM25-1 (January 2026 medical on 4,357). [F24 2026-09-30: the 2026-09-29 probes ran on an env-link overlay of @norbital-ai/bolt 0.0.140; the pinned 0.0.139 was not re-run.]",statutory_contributions:PENSION; statutory_contributions:MEDICAL; statutory_contributions:UNEMPLOYMENT; statutory_contributions:INJURY,"Kunming — January–August 2026: pension, unemployment and injury on the 2026 bounds from 1 January, medical on 2025’s (CN-KM03); the 32,543 fund cap (CN-KM05)",CN-KM25-1,2026-09-29
CN-KM03.medical-ceiling-to-aug-2026,CN-kunming,contribution,"Applies: to 31 Aug 2026; medical and maternity. Ceiling CNY21,789.","2025 Yunnan social-insurance parameters; Four-department 云人社发〔2026〕8号, signed 21 August, reproduced in the city news portal; provincial-government report; 7 September 2026 county HRSS employer notice",https://www.dhlc.gov.cn/fsx/Web/_F0_0_6C9DO9USE71563368BE04C9C90.htm,2026-09-29,2025-01-01,2026-08-31,VERIFIED,Probe-proven on 29 Sep 2026: CN-KM03-1 and CN-KM03-2. [F24 2026-09-30: the 2026-09-29 probes ran on an env-link overlay of @norbital-ai/bolt 0.0.140; the pinned 0.0.139 was not re-run.],statutory_contributions:PENSION; statutory_contributions:MEDICAL; statutory_contributions:UNEMPLOYMENT; statutory_contributions:INJURY,"Kunming — January–August 2026: pension, unemployment and injury on the 2026 bounds from 1 January, medical on 2025’s (CN-KM03); the 32,543 fund cap (CN-KM05)",CN-KM03-1; CN-KM03-2,2026-09-29
CN-KM03.medical-floor-from-sep-2026,CN-kunming,contribution,"Applies: 1 Sep 2026 onward; medical and maternity. Floor CNY4,403 (express 1 Sep start).","2025 Yunnan social-insurance parameters; Four-department 云人社发〔2026〕8号, signed 21 August, reproduced in the city news portal; provincial-government report; 7 September 2026 county HRSS employer notice",https://www.dhlc.gov.cn/fsx/Web/_F0_0_6C9DO9USE71563368BE04C9C90.htm,2026-09-29,2026-09-01,,VERIFIED,Probe-proven on 29 Sep 2026: CN-KM02-1. [F24 2026-09-30: the 2026-09-29 probes ran on an env-link overlay of @norbital-ai/bolt 0.0.140; the pinned 0.0.139 was not re-run.],statutory_contributions:PENSION; statutory_contributions:MEDICAL; statutory_contributions:UNEMPLOYMENT; statutory_contributions:INJURY,"Kunming — January–August 2026: pension, unemployment and injury on the 2026 bounds from 1 January, medical on 2025’s (CN-KM03); the 32,543 fund cap (CN-KM05)",CN-KM02-1,2026-09-29
CN-KM03.medical-ceiling-from-sep-2026,CN-kunming,contribution,"Applies: 1 Sep 2026 onward; medical and maternity. Ceiling CNY22,017.","2025 Yunnan social-insurance parameters; Four-department 云人社发〔2026〕8号, signed 21 August, reproduced in the city news portal; provincial-government report; 7 September 2026 county HRSS employer notice",https://www.dhlc.gov.cn/fsx/Web/_F0_0_6C9DO9USE71563368BE04C9C90.htm,2026-09-29,2026-09-01,,IMPLEMENTED,"Seeded; no golden. CN-KM03-3 added 30 Sep 2026, not yet run.",statutory_contributions:PENSION; statutory_contributions:MEDICAL; statutory_contributions:UNEMPLOYMENT; statutory_contributions:INJURY,,CN-KM03-3,
CN-KM03.jan-aug-true-up,CN-kunming,contribution,Applies: January–August 2026. Any retroactive true-up of the 2026 pension/unemployment/injury bounds.,"2025 Yunnan social-insurance parameters; Four-department 云人社发〔2026〕8号, signed 21 August, reproduced in the city news portal; provincial-government report; 7 September 2026 county HRSS employer notice",https://www.dhlc.gov.cn/fsx/Web/_F0_0_6C9DO9USE71563368BE04C9C90.htm,2026-09-29,2026-01-01,2026-08-31,GAP,owner decision 2026-09-30: no retro recalculation. No true-up path; the four-department original read only in reproduction (yn.gov.cn 404 on 30 Sep 2026).,statutory_contributions:PENSION; statutory_contributions:MEDICAL; statutory_contributions:UNEMPLOYMENT; statutory_contributions:INJURY,,,
CN-KM04.employer-7pct,CN-kunming,contribution,Applies: 1 Jan 2023 onward; Kunming medical enrollees. 30 Dec 2022 notice: employer basic medical 7% excluding maternity.,Kunming Social Medical Insurance Regulation arts. 10–12; Kunming Medical Security Bureau and Finance Bureau notice signed 30 Dec 2022; interpretation; Yunnan Government Order 86 art. 6; provincial current-rules catalogue; reproduced 2025 agency notice,https://www.kmrd.gov.cn/c/2022-04-14/524108.shtml,2026-09-29,2023-01-01,,VERIFIED,"Probe-proven on 29 Sep 2026: CN-KM25-1 (every Kunming case). 7% rests on the 28 Sep 2026 in-app reading; ybj.km.gov.cn could not be reopened on 30 Sep. CN-KM03-3 added 30 Sep 2026, not yet run. [F24 2026-09-30: the 2026-09-29 probes ran on an env-link overlay of @norbital-ai/bolt 0.0.140; the pinned 0.0.139 was not re-run.]",statutory_contributions:MEDICAL,"Kunming — September 2026 at the 4,403 floor matches the county HRSS examples (CN-KM25, KM26)",CN-KM25-1; CN-KM03-3,2026-09-29
CN-KM04.employee-2pct,CN-kunming,contribution,Applies: 1 Jan 2023 onward. Yunnan Government Order 86 art. 6: employee 2%.,Kunming Social Medical Insurance Regulation arts. 10–12; Kunming Medical Security Bureau and Finance Bureau notice signed 30 Dec 2022; interpretation; Yunnan Government Order 86 art. 6; provincial current-rules catalogue; reproduced 2025 agency notice,https://www.kmrd.gov.cn/c/2022-04-14/524108.shtml,2026-09-29,2023-01-01,,VERIFIED,Probe-proven on 29 Sep 2026: CN-KM25-1. [F24 2026-09-30: the 2026-09-29 probes ran on an env-link overlay of @norbital-ai/bolt 0.0.140; the pinned 0.0.139 was not re-run.],statutory_contributions:MEDICAL,"Kunming — September 2026 at the 4,403 floor matches the county HRSS examples (CN-KM25, KM26)",CN-KM25-1,2026-09-29
CN-KM04.individual-account-credit,CN-kunming,contribution,"Applies: 1 Jan 2023 onward. Active workers’ individual accounts are credited at 2%, 1.8% after the 0.2% long-term-care transfer: fund accounting, no payroll line.",Kunming Social Medical Insurance Regulation arts. 10–12; Kunming Medical Security Bureau and Finance Bureau notice signed 30 Dec 2022; interpretation; Yunnan Government Order 86 art. 6; provincial current-rules catalogue; reproduced 2025 agency notice,https://www.kmrd.gov.cn/c/2022-04-14/524108.shtml,2026-09-29,2023-01-01,,NOT-APPLICABLE,,statutory_contributions:MEDICAL,,,
CN-KM04.major-medical-employer,CN-kunming,contribution,"Applies: reported October 2025 onward. 0.6% × the 2024 Yunnan full-caliber average monthly wage (CNY7,263) per insured head, truncated (43.57), active and retired.",Kunming Social Medical Insurance Regulation arts. 10–12; Kunming Medical Security Bureau and Finance Bureau notice signed 30 Dec 2022; interpretation; Yunnan Government Order 86 art. 6; provincial current-rules catalogue; reproduced 2025 agency notice,https://www.kmrd.gov.cn/c/2022-04-14/524108.shtml,2026-09-29,2023-01-01,,GAP,Not seeded; the agency original and the 2026 amount unverified.,statutory_contributions:MEDICAL,,,
CN-KM04.major-medical-worker,CN-kunming,contribution,Applies: reported October 2025 onward. The worker pays CNY1 a month.,Kunming Social Medical Insurance Regulation arts. 10–12; Kunming Medical Security Bureau and Finance Bureau notice signed 30 Dec 2022; interpretation; Yunnan Government Order 86 art. 6; provincial current-rules catalogue; reproduced 2025 agency notice,https://www.kmrd.gov.cn/c/2022-04-14/524108.shtml,2026-09-29,2023-01-01,,GAP,Not seeded.,statutory_contributions:MEDICAL,,,
CN-KM05.ceiling-2025,CN-kunming,contribution,"Applies: 1 Oct–31 Dec 2025. 昆公积金〔2025〕61号: fund base ceiling CNY32,470.","昆公积金〔2025〕61号, 27 August 2025, full-text reproduction; October 2025 centre change reported by a provincial outlet; January 2026 interim centre notice reported by city outlet; 昆公积金〔2026〕69号 full-text reproduction; centre-attributed text; Kunming Daily's report; 昆公积金规〔2020〕2号 management measure art. 13 full-text reproduction; Kunming city policy schedule; 4 Jan 2026 centre interim notice; 2025 base notice issuer URL; 2020 measure page",https://zc.51shebao.com/detail/838183,2026-09-30,2025-10-01,2025-12-31,TESTED,Golden. CN-KM03-2 proves it on 29 Sep 2026 but is not listed on the parent row. Listed 30 Sep 2026.,statutory_contributions:HOUSING_FUND; facts.housing_fund_rate,"Kunming — December 2025 on a 10,000 base, and the 4,357 floor (CN-KM03, KM04, KM05, KM25–27, KM32)",CN-KM03-2,
CN-KM05.ceiling-2026,CN-kunming,contribution,"Applies: 2026. 昆公积金〔2026〕69号: final ceiling CNY32,543, retroactive to 1 January (confirmed by Kunming Daily 10 Sep 2026).","昆公积金〔2025〕61号, 27 August 2025, full-text reproduction; October 2025 centre change reported by a provincial outlet; January 2026 interim centre notice reported by city outlet; 昆公积金〔2026〕69号 full-text reproduction; centre-attributed text; Kunming Daily's report; 昆公积金规〔2020〕2号 management measure art. 13 full-text reproduction; Kunming city policy schedule; 4 Jan 2026 centre interim notice; 2025 base notice issuer URL; 2020 measure page",https://zc.51shebao.com/detail/838183,2026-09-30,2026-01-01,2026-12-31,VERIFIED,Probe-proven on 29 Sep 2026: CN-KM03-1. [F24 2026-09-30: the 2026-09-29 probes ran on an env-link overlay of @norbital-ai/bolt 0.0.140; the pinned 0.0.139 was not re-run.],statutory_contributions:HOUSING_FUND; facts.housing_fund_rate,"Kunming — January–August 2026: pension, unemployment and injury on the 2026 bounds from 1 January, medical on 2025’s (CN-KM03); the 32,543 fund cap (CN-KM05)",CN-KM03-1,2026-09-29
CN-KM05.new-account-floor-class-i-2025,CN-kunming,contribution,"Applies: 1 Oct 2025–31 Aug 2026; class I new, reopened or transferred accounts. Floor CNY2,170 (kept by the 4 Jan 2026 interim notice pending final data).","昆公积金〔2025〕61号, 27 August 2025, full-text reproduction; October 2025 centre change reported by a provincial outlet; January 2026 interim centre notice reported by city outlet; 昆公积金〔2026〕69号 full-text reproduction; centre-attributed text; Kunming Daily's report; 昆公积金规〔2020〕2号 management measure art. 13 full-text reproduction; Kunming city policy schedule; 4 Jan 2026 centre interim notice; 2025 base notice issuer URL; 2020 measure page",https://zc.51shebao.com/detail/838183,2026-09-30,2025-10-01,2026-08-31,TESTED,"Golden: a base under the floor refuses. CN-KM05-1 added 30 Sep 2026, not yet run.",statutory_contributions:HOUSING_FUND; facts.housing_fund_rate,Kunming — a fund base under the new-account floor refuses while the existing-account floor is unsettled (CN-KM05),CN-KM05-1,
CN-KM05.new-account-floor-class-ii-2025,CN-kunming,contribution,"Applies: 1 Oct 2025–31 Aug 2026; class II. Floor CNY2,020.","昆公积金〔2025〕61号, 27 August 2025, full-text reproduction; October 2025 centre change reported by a provincial outlet; January 2026 interim centre notice reported by city outlet; 昆公积金〔2026〕69号 full-text reproduction; centre-attributed text; Kunming Daily's report; 昆公积金规〔2020〕2号 management measure art. 13 full-text reproduction; Kunming city policy schedule; 4 Jan 2026 centre interim notice; 2025 base notice issuer URL; 2020 measure page",https://zc.51shebao.com/detail/838183,2026-09-30,2025-10-01,2026-08-31,IMPLEMENTED,"Seeded; CN-KM01-1 pays exactly 2,020 (not listed on this row). Listed 30 Sep 2026 (CN-KM01-1 pays exactly the floor).",statutory_contributions:HOUSING_FUND; facts.housing_fund_rate,,CN-KM01-1; CN-KM01-5,
CN-KM05.new-account-floor-class-iii-2025,CN-kunming,contribution,"Applies: 1 Oct 2025–31 Aug 2026; class III (Mo Han–Mo Ding). Floor CNY1,870.","昆公积金〔2025〕61号, 27 August 2025, full-text reproduction; October 2025 centre change reported by a provincial outlet; January 2026 interim centre notice reported by city outlet; 昆公积金〔2026〕69号 full-text reproduction; centre-attributed text; Kunming Daily's report; 昆公积金规〔2020〕2号 management measure art. 13 full-text reproduction; Kunming city policy schedule; 4 Jan 2026 centre interim notice; 2025 base notice issuer URL; 2020 measure page",https://zc.51shebao.com/detail/838183,2026-09-30,2025-10-01,2026-08-31,SOURCE-BLOCKED,"Rests only on a provincial outlet’s report of the centre change; the fund charge refuses until the issuer notice is read (zfgjj.km.gov.cn 2026 notice timed out 28–29 Sep 2026). CN-KM05-2 added 30 Sep 2026, not yet run.",statutory_contributions:HOUSING_FUND; facts.housing_fund_rate,"Kunming — Mo Han uses category III wage floors and refuses uncertified housing-fund thresholds (CN-KM02, KM05)",CN-KM05-2,
CN-KM05.new-account-floor-class-i-2026,CN-kunming,contribution,"Applies: 1 Sep 2026 onward; class I new-hire, transfer and reopened accounts. Floor CNY2,270.","昆公积金〔2025〕61号, 27 August 2025, full-text reproduction; October 2025 centre change reported by a provincial outlet; January 2026 interim centre notice reported by city outlet; 昆公积金〔2026〕69号 full-text reproduction; centre-attributed text; Kunming Daily's report; 昆公积金规〔2020〕2号 management measure art. 13 full-text reproduction; Kunming city policy schedule; 4 Jan 2026 centre interim notice; 2025 base notice issuer URL; 2020 measure page",https://zc.51shebao.com/detail/838183,2026-09-30,2026-09-01,,IMPLEMENTED,"Seeded; CN-KM02-1 pays on it (not listed on this row). Listed 30 Sep 2026 (a 2,270 base on the floor).",statutory_contributions:HOUSING_FUND; facts.housing_fund_rate,,CN-KM02-1,
CN-KM05.new-account-floor-class-ii-2026,CN-kunming,contribution,"Applies: 1 Sep 2026 onward; class II. Floor CNY2,120.","昆公积金〔2025〕61号, 27 August 2025, full-text reproduction; October 2025 centre change reported by a provincial outlet; January 2026 interim centre notice reported by city outlet; 昆公积金〔2026〕69号 full-text reproduction; centre-attributed text; Kunming Daily's report; 昆公积金规〔2020〕2号 management measure art. 13 full-text reproduction; Kunming city policy schedule; 4 Jan 2026 centre interim notice; 2025 base notice issuer URL; 2020 measure page",https://zc.51shebao.com/detail/838183,2026-09-30,2026-09-01,,IMPLEMENTED,"Seeded; unprobed. Probes CN-KM05-3 (2,120 accepted) and CN-KM05-4 (2,100 refused) added 30 Sep 2026, not yet run.",statutory_contributions:HOUSING_FUND; facts.housing_fund_rate,,CN-KM05-3; CN-KM05-4,
CN-KM05.new-account-floor-class-iii-2026,CN-kunming,contribution,"Applies: 1 Sep 2026 onward; class III, Mo Han–Mo Ding. Floor CNY1,970.","昆公积金〔2025〕61号, 27 August 2025, full-text reproduction; October 2025 centre change reported by a provincial outlet; January 2026 interim centre notice reported by city outlet; 昆公积金〔2026〕69号 full-text reproduction; centre-attributed text; Kunming Daily's report; 昆公积金规〔2020〕2号 management measure art. 13 full-text reproduction; Kunming city policy schedule; 4 Jan 2026 centre interim notice; 2025 base notice issuer URL; 2020 measure page",https://zc.51shebao.com/detail/838183,2026-09-30,2026-09-01,,SOURCE-BLOCKED,Only in full-text reproductions of 〔2026〕69号; the issuer notice timed out.,statutory_contributions:HOUSING_FUND; facts.housing_fund_rate,,,
CN-KM05.existing-account-floor,CN-kunming,contribution,"Applies: 1 Oct 2025 onward. Whether the new lower bound changes existing, unchanged accounts is not explicit in the retrieved text.","昆公积金〔2025〕61号, 27 August 2025, full-text reproduction; October 2025 centre change reported by a provincial outlet; January 2026 interim centre notice reported by city outlet; 昆公积金〔2026〕69号 full-text reproduction; centre-attributed text; Kunming Daily's report; 昆公积金规〔2020〕2号 management measure art. 13 full-text reproduction; Kunming city policy schedule; 4 Jan 2026 centre interim notice; 2025 base notice issuer URL; 2020 measure page",https://zc.51shebao.com/detail/838183,2026-09-30,2025-10-01,,GAP,The seed refuses rather than guessing; not certified.,statutory_contributions:HOUSING_FUND; facts.housing_fund_rate,,,
CN-KM05.rate-5-12,CN-kunming,contribution,"Applies: 1 Oct 2025 onward. The unit selects a uniform, equal worker/employer rate of 5–12%.","昆公积金〔2025〕61号, 27 August 2025, full-text reproduction; October 2025 centre change reported by a provincial outlet; January 2026 interim centre notice reported by city outlet; 昆公积金〔2026〕69号 full-text reproduction; centre-attributed text; Kunming Daily's report; 昆公积金规〔2020〕2号 management measure art. 13 full-text reproduction; Kunming city policy schedule; 4 Jan 2026 centre interim notice; 2025 base notice issuer URL; 2020 measure page",https://zc.51shebao.com/detail/838183,2026-09-30,2025-10-01,,IMPLEMENTED,Recorded `facts.housing_fund_rate`. Listed 30 Sep 2026: the 5% and 12% ends of the band.,statutory_contributions:HOUSING_FUND; facts.housing_fund_rate,,CN-KM01-1; CN-KM-WP09-1,
CN-KM05.per-side-rounding,CN-kunming,contribution,"Applies: 1 Oct 2025 onward. 昆公积金规〔2020〕2号 art. 13 and the 2026 notice: worker share base × rate in whole yuan, 四舍五入, and an equal employer amount, each rounded separately.","昆公积金〔2025〕61号, 27 August 2025, full-text reproduction; October 2025 centre change reported by a provincial outlet; January 2026 interim centre notice reported by city outlet; 昆公积金〔2026〕69号 full-text reproduction; centre-attributed text; Kunming Daily's report; 昆公积金规〔2020〕2号 management measure art. 13 full-text reproduction; Kunming city policy schedule; 4 Jan 2026 centre interim notice; 2025 base notice issuer URL; 2020 measure page",https://zc.51shebao.com/detail/838183,2026-09-30,2025-10-01,,VERIFIED,"Probe-proven on 29 Sep 2026: CN-KM03-1 (3,905.16 → 3,905). [F24 2026-09-30: the 2026-09-29 probes ran on an env-link overlay of @norbital-ai/bolt 0.0.140; the pinned 0.0.139 was not re-run.]",statutory_contributions:HOUSING_FUND; facts.housing_fund_rate,"Kunming — January–August 2026: pension, unemployment and injury on the 2026 bounds from 1 January, medical on 2025’s (CN-KM03); the 32,543 fund cap (CN-KM05)",CN-KM03-1,2026-09-29
CN-KM05.cap-true-up-2026,CN-kunming,contribution,Applies: 1 Jan–31 Aug 2026. The notice orders prior 2026 underpayment against the final cap corrected.,"昆公积金〔2025〕61号, 27 August 2025, full-text reproduction; October 2025 centre change reported by a provincial outlet; January 2026 interim centre notice reported by city outlet; 昆公积金〔2026〕69号 full-text reproduction; centre-attributed text; Kunming Daily's report; 昆公积金规〔2020〕2号 management measure art. 13 full-text reproduction; Kunming city policy schedule; 4 Jan 2026 centre interim notice; 2025 base notice issuer URL; 2020 measure page",https://zc.51shebao.com/detail/838183,2026-09-30,2026-01-01,2026-08-31,GAP,owner decision 2026-09-30: no retro recalculation. No true-up path.,statutory_contributions:HOUSING_FUND; facts.housing_fund_rate,,,
CN-KM09.leave-planning,CN-kunming,leave,Applies: 2026 notice onward; covered Yunnan employees. Annual-leave planning.,Yunnan 2026 six-department annual-leave notice,https://ygj.yn.gov.cn/xwzx/zwyw/202605/t20260506_3010863.html,2026-09-29,2026-01-01,,SOURCE-BLOCKED,Signed six-department notice not retrieved; hrss.yn.gov.cn timed out 28–29 Sep 2026.,leave_catalogue:ANNUAL_LEAVE,,,
CN-KM09.employee-notice,CN-kunming,leave,Applies: 2026 notice onward. Employee notice of leave arrangements.,Yunnan 2026 six-department annual-leave notice,https://ygj.yn.gov.cn/xwzx/zwyw/202605/t20260506_3010863.html,2026-09-29,2026-01-01,,SOURCE-BLOCKED,Signed notice not retrieved.,leave_catalogue:ANNUAL_LEAVE,,,
CN-KM09.dispatched-equal-treatment,CN-kunming,leave,Applies: 2026 notice onward; dispatched workers. Equal annual-leave treatment.,Yunnan 2026 six-department annual-leave notice,https://ygj.yn.gov.cn/xwzx/zwyw/202605/t20260506_3010863.html,2026-09-29,2026-01-01,,SOURCE-BLOCKED,Signed notice not retrieved.,leave_catalogue:ANNUAL_LEAVE,,,
CN-KM10,CN-kunming,leave,"Applies: 1 Dec 2025 onward; certified non-work illness. City Wage Payment Regulation art. 27 requires sick/non-work-injury pay within statutory medical leave under the governing rule, but gives no rate. A reported Yunnan 云劳〔1995〕118号 art. 10 has medical-period-based wage percentages; its original official text, amendment/current-force status and interaction with the national 80%-of-local-minimum safeguard must be verified before pricing.","City Wage Payment Regulation art. 27 requires sick/non-work-injury pay within statutory medical leave under the governing rule, but gives no rate. A reported Yunnan 云劳〔1995〕118号 art. 10 has medical-pe",,2026-09-29,2025-12-01,,SOURCE-BLOCKED,"Register status: No [IN-SYSTEM 2026-09-29]. CN-shanghai and CN-kunming are sealed but this obligation has no rule/output path or production probe; controlling source, amendment or interpretation remains open. Evidence and probe needed: Medical-period classification, pre-leave wage, actual sick days and local floor; do not copy Shanghai's service-year bands into Kunming. Tracker status SOURCE-BLOCKED: 云劳〔1995〕118号 original not retrieved; hrss.yn.gov.cn timed out on 28–29 Sep 2026.",,,,
CN-KM11.no-pay-reduction,CN-kunming,leave,Applies: 1 Nov 2024 onward. Yunnan Order 232: pregnancy or breastfeeding cannot reduce wage or benefits.,Enacted Yunnan Government Order 232,https://policy.mofcom.gov.cn/claw/clawContent.shtml?id=105672,2026-09-29,2024-11-01,,GAP,Unmodelled.,,,,
CN-KM11.prenatal-exam-time,CN-kunming,leave,Applies: 1 Nov 2024 onward. Prenatal examination time counts as paid work.,Enacted Yunnan Government Order 232,https://policy.mofcom.gov.cn/claw/clawContent.shtml?id=105672,2026-09-29,2024-11-01,,GAP,Unmodelled.,,,,
CN-KM11.dysmenorrhoea-leave,CN-kunming,leave,Applies: 1 Nov 2024 onward. Certified severe dysmenorrhoea grants 1–2 days.,Enacted Yunnan Government Order 232,https://policy.mofcom.gov.cn/claw/clawContent.shtml?id=105672,2026-09-29,2024-11-01,,GAP,No leave class.,,,,
CN-KM11.overtime-night-restriction,CN-kunming,leave,Applies: 1 Nov 2024 onward. Specified pregnancy months restrict overtime and night shifts.,Enacted Yunnan Government Order 232,https://policy.mofcom.gov.cn/claw/clawContent.shtml?id=105672,2026-09-29,2024-11-01,,IMPLEMENTED,"Configured 1 Oct 2026: person fact pregnancy_start and stored check PREGNANCY_NO_EXTENDED_HOURS (PAYSLIP, REFUSE) under 3 or from 7 months with overtime in the period (Order 232 art.10(3), read 1 Oct 2026). Judged at the payslip rule date, not per overtime day. Night work is caught only through period.overtime_days, and the version declares no night window, so the night-shift branch is unenforced. Probe CN-KM11-1 added, not yet run.",person_facts.pregnancy_start; checks:PREGNANCY_NO_EXTENDED_HOURS,,CN-KM11-1,
CN-KM11.interrupted-leave-200pct,CN-kunming,leave,"Applies: 1 Nov 2024 onward. Statutory leave cut short for work needs: compensatory rest, else 200% of the wage standard for unreturned days.",Enacted Yunnan Government Order 232,https://policy.mofcom.gov.cn/claw/clawContent.shtml?id=105672,2026-09-29,2024-11-01,,GAP,Unmodelled.,,,,
CN-KM11.breastfeeding-time,CN-kunming,leave,"Applies: 1 Nov 2024 onward. At least one hour a day, plus one per additional infant.",Enacted Yunnan Government Order 232,https://policy.mofcom.gov.cn/claw/clawContent.shtml?id=105672,2026-09-29,2024-11-01,,GAP,Unmodelled.,,,,
CN-KM12.one-child-ten-days,CN-kunming,leave,"Applies: 17 Jan 2022 onward; each parent of a child under three. Yunnan regulation art. 18 para. 2: ten paid childcare days a calendar year, no carry-over (recorded default).","Yunnan's amended family-planning law reported by its legal-affairs site; provincial medical administration; Yunnan medical agency; Yunnan Health Commission text of the third amendment, 17 Jan 2022",https://www.ynrd.gov.cn/html/2022/changweihuigonggao_0118/16355.html,2026-09-30,2022-01-17,,VERIFIED,"Probe-proven on 29 Sep 2026: CN-KM12-1 (two paid days, no deduction). CN-KM12-4 (eleven days refused) added 30 Sep 2026, not yet run. [F24 2026-09-30: the 2026-09-29 probes ran on an env-link overlay of @norbital-ai/bolt 0.0.140; the pinned 0.0.139 was not re-run.]",leave_catalogue:CHILDCARE_LEAVE,"Kunming — 育儿假: 10 days a calendar year for a child under three, 15 for two or more, each parent (CN-KM12)",CN-KM12-1; CN-KM12-4,2026-09-29
CN-KM12.two-or-more-fifteen-days,CN-kunming,leave,Applies: 17 Jan 2022 onward. Five more days where two or more children are under three.,"Yunnan's amended family-planning law reported by its legal-affairs site; provincial medical administration; Yunnan medical agency; Yunnan Health Commission text of the third amendment, 17 Jan 2022",https://www.ynrd.gov.cn/html/2022/changweihuigonggao_0118/16355.html,2026-09-30,2022-01-17,,TESTED,"Golden. CN-KM12-2 added 30 Sep 2026, not yet run.",leave_catalogue:CHILDCARE_LEAVE,"Kunming — 育儿假: 10 days a calendar year for a child under three, 15 for two or more, each parent (CN-KM12)",CN-KM12-2,
CN-KM12.ends-at-third-birthday,CN-kunming,leave,Applies: 17 Jan 2022 onward. The entitlement ends at the child’s third birthday (recorded default after 楚雄 guidance).,"Yunnan's amended family-planning law reported by its legal-affairs site; provincial medical administration; Yunnan medical agency; Yunnan Health Commission text of the third amendment, 17 Jan 2022",https://www.ynrd.gov.cn/html/2022/changweihuigonggao_0118/16355.html,2026-09-30,2022-01-17,,TESTED,"Golden. CN-KM12-3 added 30 Sep 2026, not yet run.",leave_catalogue:CHILDCARE_LEAVE,"Kunming — 育儿假: 10 days a calendar year for a child under three, 15 for two or more, each parent (CN-KM12)",CN-KM12-3,
CN-KM12.maternity-and-partner-days,CN-kunming,leave,Applies: 17 Jan 2022 onward. The provincial medical administration confirms 158 maternity and 30 partner-care allowance days under the law.,"Yunnan's amended family-planning law reported by its legal-affairs site; provincial medical administration; Yunnan medical agency; Yunnan Health Commission text of the third amendment, 17 Jan 2022",https://www.ynrd.gov.cn/html/2022/changweihuigonggao_0118/16355.html,2026-09-30,2022-01-17,,TESTED,Leave golden only.,leave_catalogue:CHILDCARE_LEAVE,"${lineage} — annual, maternity, paternity and marriage leave on every sealed version",,
CN-KM12.direct-allowance-payment,CN-kunming,leave,Applies: June 2025 onward. Maternity allowances are paid directly to individuals; Kunming item 17 lets the agency pay the employer or the worker.,"Yunnan's amended family-planning law reported by its legal-affairs site; provincial medical administration; Yunnan medical agency; Yunnan Health Commission text of the third amendment, 17 Jan 2022",https://www.ynrd.gov.cn/html/2022/changweihuigonggao_0118/16355.html,2026-09-30,2022-01-17,,IMPLEMENTED,The recorded allowance offsets the leave wage (CN-KM32); whether the employer must top up below the wage has no Yunnan source (recorded default in CN-KM32). Listed 30 Sep 2026.,leave_catalogue:CHILDCARE_LEAVE,,CN-KM32-1,
CN-KM13.outdoor-35,CN-kunming,wages,Applies: 1 Dec 2025 onward; Kunming outdoor workers. 云人社发〔2013〕98号: CNY10 per person per working day at 35°C or above.,national Heatstroke Prevention Measure art. 17; 云人社发〔2013〕98号 on the Yunnan HRSS portal; 2023 model workplace policy,https://www.nhc.gov.cn/zhjcj/c100093/201207/2cdae24e57d04213944bcc6ef736a69b.shtml,2026-09-29,2025-12-01,,IMPLEMENTED,"Configured 1 Oct 2026 in every version: work-day fact high_temperature_day (1 on a qualifying day) and derived line HIGH_TEMPERATURE_ALLOWANCE = 10 × days, normal-time wages. The 云人社发〔2013〕98号 repeal check is still open. Probe CN-KM13-1 added, not yet run.",work_day_facts.high_temperature_day; work_rules.derived_lines.HIGH_TEMPERATURE_ALLOWANCE,,CN-KM13-1,
CN-KM13.indoor-33,CN-kunming,wages,Applies: 1 Dec 2025 onward. Indoor work that cannot be brought below 33°C qualifies.,national Heatstroke Prevention Measure art. 17; 云人社发〔2013〕98号 on the Yunnan HRSS portal; 2023 model workplace policy,https://www.nhc.gov.cn/zhjcj/c100093/201207/2cdae24e57d04213944bcc6ef736a69b.shtml,2026-09-29,2025-12-01,,IMPLEMENTED,"Configured 1 Oct 2026: the same high_temperature_day fact records an indoor day at 33°C or above that cannot be lowered; HIGH_TEMPERATURE_ALLOWANCE prices it. Repeal check open. Probe CN-KM13-1 (boiler room, two days, 20) added, not yet run.",work_day_facts.high_temperature_day; work_rules.derived_lines.HIGH_TEMPERATURE_ALLOWANCE,,CN-KM13-1,
CN-KM14.all-employees-employer-only,CN-kunming,contribution,"Applies: 2021 onward. Yunnan measure art. 2: employer-only injury insurance for all employees, non-full-time included.",Yunnan Work Injury Implementation Measure art. 2 as amended by 云政规〔2021〕1号; 2020 provincial pooling measure,https://yjglt.yn.gov.cn/html/2024/yunnanshengwenjian_0507/28616.html,2026-09-29,2021-01-01,,GAP,No part-time or concurrent-employer coverage rule.,statutory_contributions:INJURY,,,
CN-KM14.project-insurance,CN-kunming,contribution,Applies: 2021 onward. Project insurance for engineering construction.,Yunnan Work Injury Implementation Measure art. 2 as amended by 云政规〔2021〕1号; 2020 provincial pooling measure,https://yjglt.yn.gov.cn/html/2024/yunnanshengwenjian_0507/28616.html,2026-09-29,2021-01-01,,GAP,No project branch (CN-KM26).,statutory_contributions:INJURY,,,
CN-KM14.registration-and-rates,CN-kunming,contribution,"Applies: 2021 onward. Arts. 7–10: registration, agency-assigned floating industry rates, zero worker deduction.",Yunnan Work Injury Implementation Measure art. 2 as amended by 云政规〔2021〕1号; 2020 provincial pooling measure,https://yjglt.yn.gov.cn/html/2024/yunnanshengwenjian_0507/28616.html,2026-09-29,2021-01-01,,GAP,"Rate float recorded, not modelled.",statutory_contributions:INJURY,,,
CN-KM14.pooling-wage-substitution,CN-kunming,contribution,Applies: 2020 onward. The provincial pooling measure substitutes the province-wide prior-year average where a benefit refers to the pooling-region wage.,Yunnan Work Injury Implementation Measure art. 2 as amended by 云政规〔2021〕1号; 2020 provincial pooling measure,https://yjglt.yn.gov.cn/html/2024/yunnanshengwenjian_0507/28616.html,2026-09-29,2021-01-01,,GAP,No benefit engine.,statutory_contributions:INJURY,,,
CN-KM15.concurrent-employers,CN-kunming,contribution,Applies: 2021 onward. Yunnan measure arts. 20–21: each concurrent employer pays; the employer at the injury event bears liability.,"Yunnan Work Injury Implementation Measure arts. 20–21, 30, 33–40",https://yjglt.yn.gov.cn/html/2024/yunnanshengwenjian_0507/28616.html,2026-09-29,2021-01-01,,GAP,No concurrent-employer input.,,,,
CN-KM15.emergency-filing,CN-kunming,contribution,Applies: 2021 onward. Non-network emergency care requires agency filing within seven working days.,"Yunnan Work Injury Implementation Measure arts. 20–21, 30, 33–40",https://yjglt.yn.gov.cn/html/2024/yunnanshengwenjian_0507/28616.html,2026-09-29,2021-01-01,,EXTERNAL,External filing.,,,,
CN-KM15.grade-5-6-allowance,CN-kunming,contribution,"Applies: 2021 onward; grade 5/6 without a suitable job. The employer pays a monthly disability allowance and social insurance, topping the net up to the local minimum.","Yunnan Work Injury Implementation Measure arts. 20–21, 30, 33–40",https://yjglt.yn.gov.cn/html/2024/yunnanshengwenjian_0507/28616.html,2026-09-29,2021-01-01,,GAP,No grade benefit engine.,,,,
CN-KM15.grade-5-6-exit-grant,CN-kunming,contribution,Applies: 2021 onward; worker-requested grade 5/6 exits. Employer one-time disability employment grant 33/29 × the province prior-year monthly average.,"Yunnan Work Injury Implementation Measure arts. 20–21, 30, 33–40",https://yjglt.yn.gov.cn/html/2024/yunnanshengwenjian_0507/28616.html,2026-09-29,2021-01-01,,GAP,No grade benefit engine.,,,,
CN-KM15.grade-7-10-exit-grant,CN-kunming,contribution,Applies: 2021 onward; grade 7/8/9/10 contract-end or worker-requested exits. Employer grant 22/18/13/7 × that average.,"Yunnan Work Injury Implementation Measure arts. 20–21, 30, 33–40",https://yjglt.yn.gov.cn/html/2024/yunnanshengwenjian_0507/28616.html,2026-09-29,2021-01-01,,GAP,No grade benefit engine.,,,,
CN-KM15.fund-medical-grant,CN-kunming,contribution,Applies: 2021 onward. The fund pays medical grants of 15/13/8/6/3/2 months; occupational disease adds 30%.,"Yunnan Work Injury Implementation Measure arts. 20–21, 30, 33–40",https://yjglt.yn.gov.cn/html/2024/yunnanshengwenjian_0507/28616.html,2026-09-29,2021-01-01,,GAP,Fund-paid; no settlement proof.,,,,
CN-KM15.grade-1-4-recurrence-retirement,CN-kunming,contribution,"Applies: 2021 onward. Grade 1–4, recurring injury and retirement take distinct branches.","Yunnan Work Injury Implementation Measure arts. 20–21, 30, 33–40",https://yjglt.yn.gov.cn/html/2024/yunnanshengwenjian_0507/28616.html,2026-09-29,2021-01-01,,GAP,Unmodelled.,,,,
CN-KM15.death-and-funeral,CN-kunming,contribution,Applies: 2021 onward. Art. 40: death grant nationwide prior-year urban disposable income × 20; funeral province prior-year wage × 6.,"Yunnan Work Injury Implementation Measure arts. 20–21, 30, 33–40",https://yjglt.yn.gov.cn/html/2024/yunnanshengwenjian_0507/28616.html,2026-09-29,2021-01-01,,GAP,Unmodelled.,,,,
CN-KM16.provincial-0-15,CN-kunming,contribution,"Applies: 5 Feb 2026 provincial transition. 云政办规〔2025〕9号: an eventual employee 0.15% and employer 0.15% on medical-aligned bases; existing pilot Kunming has about three years to adjust, so applying 0.15% to 2026 Kunming pay is unsupported.",云政办规〔2025〕9号; 2025 government-university-distributed policy Q&A; provincial medical agency,https://www.yn.gov.cn/zwgk/zfxxgkpt/gkptzcwj/xzgfxwj/202601/t20260105_322197.html,2026-09-29,2025-12-01,,SOURCE-BLOCKED,Signed Kunming pilot and transition not retrieved.,,,,
CN-KM16.kunming-pilot-transfer,CN-kunming,contribution,"Applies: 1 Dec 2025 onward. The Kunming pilot reportedly charges 0.2% each on the medical base by transfer from the pooled fund and the individual account, not new cash-wage withholding.",云政办规〔2025〕9号; 2025 government-university-distributed policy Q&A; provincial medical agency,https://www.yn.gov.cn/zwgk/zfxxgkpt/gkptzcwj/xzgfxwj/202601/t20260105_322197.html,2026-09-29,2025-12-01,,SOURCE-BLOCKED,Reported by a university Q&A (web.ymu.edu.cn 403); 昆政发〔2023〕5号 and its 28 Feb 2026 expiry unverified.,,,,
CN-KM16.retirees,CN-kunming,contribution,Applies: 1 Dec 2025 onward. Retirees pay CNY8 a month by account transfer.,云政办规〔2025〕9号; 2025 government-university-distributed policy Q&A; provincial medical agency,https://www.yn.gov.cn/zwgk/zfxxgkpt/gkptzcwj/xzgfxwj/202601/t20260105_322197.html,2026-09-29,2025-12-01,,SOURCE-BLOCKED,Reported only.,,,,
CN-KM17.monthly-declaration,CN-kunming,filing,"Applies: 1 Jul 2023 onward. 云南税务公告〔2023〕5号: declare or adjust each employee’s contribution wage, declare the monthly amount and pay by the 20th, withholding the employee share.","云南税务公告〔2023〕5号, jointly issued by tax/finance/HRSS/medical/payment authorities",https://ylbz.yn.gov.cn/index.php?c=show&id=3576,2026-09-29,2023-07-01,,EXTERNAL-RECORDED,"Duty type SI_TAX_DECLARATION (RUN_FINALISED, amount the five social-insurance remittances). Owner rule 2026-09-28, the reproduction does not name the month: due the 20th of the contribution month. The probe pins the saved obligation instances (owner decision 2026-09-30); the harness must run the obligation_calendar sweep before judging `saved`, which it does not yet do.",duty_types:SI_TAX_DECLARATION,,CN-KM-DUTY-1,
CN-KM17.historical-arrears,CN-kunming,filing,"Applies: 1 Jul 2023 onward. Pre-July-2023 arrears, unregistered-worker arrears and policy back payments need HRSS/medical assessment first.","云南税务公告〔2023〕5号, jointly issued by tax/finance/HRSS/medical/payment authorities",https://ylbz.yn.gov.cn/index.php?c=show&id=3576,2026-09-29,2023-07-01,,EXTERNAL,No approval workflow.,obligations:SI_TAX_DECLARATION,,,
CN-KM17.flexible-self-payment,CN-kunming,filing,Applies: 1 Jul 2023 onward. Flexible-worker self-payment is a different actor branch.,"云南税务公告〔2023〕5号, jointly issued by tax/finance/HRSS/medical/payment authorities",https://ylbz.yn.gov.cn/index.php?c=show&id=3576,2026-09-29,2023-07-01,,EXTERNAL,Outside employer payroll.,obligations:SI_TAX_DECLARATION,,,
CN-KM18.active-workers,CN-kunming,contribution,Applies: 1 Feb 2021 onward. 昆公积金规〔2020〕2号 arts. 2–3: entities pay for active workers with an employment relationship and wages.,"Kun公积金规〔2020〕2号, arts. 2–3, full-text reproduction; Kunming city-published policy schedule",https://zc.51shebao.com/detail/825467,2026-09-29,2021-02-01,,GAP,No actor classification; original measure unverified.,statutory_contributions:HOUSING_FUND,,,
CN-KM18.dispatch-agency,CN-kunming,contribution,"Applies: 1 Feb 2021 onward. The dispatch agency, not the user, bears the fund duty.","Kun公积金规〔2020〕2号, arts. 2–3, full-text reproduction; Kunming city-published policy schedule",https://zc.51shebao.com/detail/825467,2026-09-29,2021-02-01,,GAP,No dispatch actor.,statutory_contributions:HOUSING_FUND,,,
CN-KM18.optional-participants,CN-kunming,contribution,Applies: 1 Feb 2021 onward. Hong Kong/Macao/Taiwan workers and foreign permanent residents may participate.,"Kun公积金规〔2020〕2号, arts. 2–3, full-text reproduction; Kunming city-published policy schedule",https://zc.51shebao.com/detail/825467,2026-09-29,2021-02-01,,GAP,No election input; must not create an automatic deduction.,statutory_contributions:HOUSING_FUND,,,
CN-KM18.voluntary-contributors,CN-kunming,contribution,Applies: 1 Feb 2021 onward. The measure’s old 12-month-pension and hukou test is superseded by the 13 Dec 2023 pilot (CN-KM24).,"Kun公积金规〔2020〕2号, arts. 2–3, full-text reproduction; Kunming city-published policy schedule",https://zc.51shebao.com/detail/825467,2026-09-29,2021-02-01,,GAP,Reconcile the 20 Sep 2026 national amendment (CN-N08).,statutory_contributions:HOUSING_FUND,,,
CN-KM18.retirees,CN-kunming,contribution,Applies: 1 Feb 2021 onward. Retired workers do not contribute.,"Kun公积金规〔2020〕2号, arts. 2–3, full-text reproduction; Kunming city-published policy schedule",https://zc.51shebao.com/detail/825467,2026-09-29,2021-02-01,,GAP,No Kunming retiree probe.,statutory_contributions:HOUSING_FUND,,,
CN-KM19.fund-officer,CN-kunming,filing,Applies: 1 Feb 2021 onward. Management measure (arts. 6–9): appoint a fund officer.,Same management measure arts. 6–9,https://zc.51shebao.com/detail/825467,2026-09-29,2021-02-01,,EXTERNAL,No evidence.,,,,
CN-KM19.entity-and-worker-registration,CN-kunming,filing,Applies: 1 Feb 2021 onward. Register a new entity within 30 days and its worker accounts within 20 days after.,Same management measure arts. 6–9,https://zc.51shebao.com/detail/825467,2026-09-29,2021-02-01,,EXTERNAL,No receipts.,,,,
CN-KM19.hire-registration,CN-kunming,filing,"Applies: 1 Feb 2021 onward. Register a hire, account opening or transfer within 30 days of hire; one personal account per worker.",Same management measure arts. 6–9,https://zc.51shebao.com/detail/825467,2026-09-29,2021-02-01,,EXTERNAL-RECORDED,"Duty type HF_ACCOUNT_REGISTRATION (HIRE, due 30 days); fulfilment records the date and reference. The one-account-per-worker rule is the centre’s. The probe pins the saved obligation instances (owner decision 2026-09-30); the harness must run the obligation_calendar sweep before judging `saved`, which it does not yet do.",duty_types:HF_ACCOUNT_REGISTRATION,,CN-KM-DUTY-1,
CN-KM19.identity-changes,CN-kunming,filing,Applies: 1 Feb 2021 onward. Report entity or worker identity changes within 30 days.,Same management measure arts. 6–9,https://zc.51shebao.com/detail/825467,2026-09-29,2021-02-01,,EXTERNAL,No change records.,,,,
CN-KM19.restructuring,CN-kunming,filing,"Applies: 1 Feb 2021 onward. On merger, split, dissolution or bankruptcy, register within 30 days, reconcile balances and obtain each worker’s signed confirmation before sealing, transfer or custody.",Same management measure arts. 6–9,https://zc.51shebao.com/detail/825467,2026-09-29,2021-02-01,,EXTERNAL,No signed reconciliation.,,,,
CN-KM20.existing-worker-base,CN-kunming,contribution,"Applies: 1 Feb 2021 onward. Management measure (arts. 10–14): an existing worker’s base is the prior calendar-year monthly average, adjusted each 1 January.",Same management measure arts. 10–14; Kunming city policy schedule,https://zc.51shebao.com/detail/825467,2026-09-29,2021-02-01,,IMPLEMENTED,The operator declares it.,statutory_contributions:HOUSING_FUND; facts.housing_fund_rate,,,
CN-KM20.first-ever-joining-month,CN-kunming,contribution,Applies: 1 Feb 2021 onward. A first-ever worker pays nothing in the joining month.,Same management measure arts. 10–14; Kunming city policy schedule,https://zc.51shebao.com/detail/825467,2026-09-29,2021-02-01,,VERIFIED,Probe-proven on 29 Sep 2026: CN-KM20-1. [F24 2026-09-30: the 2026-09-29 probes ran on an env-link overlay of @norbital-ai/bolt 0.0.140; the pinned 0.0.139 was not re-run.],statutory_contributions:HOUSING_FUND; facts.housing_fund_rate,,CN-KM20-1,2026-09-29
CN-KM20.first-ever-second-month,CN-kunming,contribution,Applies: 1 Feb 2021 onward. The first-ever worker starts the second month at that month’s full wage.,Same management measure arts. 10–14; Kunming city policy schedule,https://zc.51shebao.com/detail/825467,2026-09-29,2021-02-01,,IMPLEMENTED,"CN-KM20-2 (12% of 21,750 = 2,610 each side) added 30 Sep 2026, not yet run.",statutory_contributions:HOUSING_FUND; facts.housing_fund_rate,,CN-KM20-2,
CN-KM20.transferred-first-month,CN-kunming,contribution,Applies: 1 Feb 2021 onward. A transferred worker starts in the first month of pay at the full monthly wage.,Same management measure arts. 10–14; Kunming city policy schedule,https://zc.51shebao.com/detail/825467,2026-09-29,2021-02-01,,VERIFIED,Probe-proven on 29 Sep 2026: CN-KM02-1. [F24 2026-09-30: the 2026-09-29 probes ran on an env-link overlay of @norbital-ai/bolt 0.0.140; the pinned 0.0.139 was not re-run.],statutory_contributions:HOUSING_FUND; facts.housing_fund_rate,,CN-KM02-1,2026-09-29
CN-KM20.uniform-unit-rate,CN-kunming,contribution,"Applies: 1 Feb 2021 onward. Equal 5–12% employer and worker shares, uniform in the unit, normally one rate per contribution year.",Same management measure arts. 10–14; Kunming city policy schedule,https://zc.51shebao.com/detail/825467,2026-09-29,2021-02-01,,IMPLEMENTED,Recorded rate; one-rate-per-year not enforced. Listed 30 Sep 2026.,statutory_contributions:HOUSING_FUND; facts.housing_fund_rate,,CN-KM01-1; CN-KM-WP09-1,
CN-KM20.per-side-rounding,CN-kunming,contribution,"Applies: 1 Feb 2021 onward. Art. 13: each share rounds separately to a whole yuan, 四舍五入, before summing.",Same management measure arts. 10–14; Kunming city policy schedule,https://zc.51shebao.com/detail/825467,2026-09-29,2021-02-01,,VERIFIED,Probe-proven on 29 Sep 2026: CN-KM02-1 (113.50 → 114 each side). [F24 2026-09-30: the 2026-09-29 probes ran on an env-link overlay of @norbital-ai/bolt 0.0.140; the pinned 0.0.139 was not re-run.],statutory_contributions:HOUSING_FUND; facts.housing_fund_rate,,CN-KM02-1,2026-09-29
CN-KM20.remittance-five-days,CN-kunming,contribution,Applies: 1 Feb 2021 onward. Withhold the worker share and remit both within five days after payday.,Same management measure arts. 10–14; Kunming city policy schedule,https://zc.51shebao.com/detail/825467,2026-09-29,2021-02-01,,EXTERNAL-RECORDED,"Duty type HF_REMITTANCE (RUN_FINALISED, due pay date + 5 days, amount the run’s HOUSING_FUND remittance). The probe pins the saved obligation instances (owner decision 2026-09-30); the harness must run the obligation_calendar sweep before judging `saved`, which it does not yet do.",duty_types:HF_REMITTANCE; statutory_contributions:HOUSING_FUND,,CN-KM-DUTY-1,
CN-KM21.eligibility-and-approvals,CN-kunming,contribution,"Applies: 1 Feb 2021 onward. Management measure (arts. 4(4), 17–20): two or more consecutive loss years allow an application (not self-reduction) with a worker-congress/union resolution or all-worker signatures, governing-body approval and two audited years.","Same management measure arts. 4(4), 17–20; Kunming city policy schedule",https://zc.51shebao.com/detail/825467,2026-09-29,2021-02-01,,GAP,No eligibility or approval input.,,,,
CN-KM21.one-year-approval,CN-kunming,contribution,Applies: 1 Feb 2021 onward. An approval lasts at most one year; renew 30 days before expiry.,"Same management measure arts. 4(4), 17–20; Kunming city policy schedule",https://zc.51shebao.com/detail/825467,2026-09-29,2021-02-01,,GAP,No dated switch.,,,,
CN-KM21.restoration-and-repayment,CN-kunming,contribution,Applies: 1 Feb 2021 onward. Restore normal contributions and repay deferred arrears on recovery.,"Same management measure arts. 4(4), 17–20; Kunming city policy schedule",https://zc.51shebao.com/detail/825467,2026-09-29,2021-02-01,,GAP,No repayment path.,,,,
CN-KM22.short-payment,CN-kunming,contribution,"Applies: 1 Feb 2021 onward. Management measure (arts. 15–16): pay short contributions, including the 2026 cap true-up (CN-KM05).",Same management measure arts. 15–16,https://zc.51shebao.com/detail/825467,2026-09-29,2021-02-01,,GAP,owner decision 2026-09-30: no retro recalculation. No correction path.,,,,
CN-KM22.overpayment,CN-kunming,contribution,Applies: 1 Feb 2021 onward. Excess or error needs the worker’s confirmation and centre approval before refund or correction.,Same management measure arts. 15–16,https://zc.51shebao.com/detail/825467,2026-09-29,2021-02-01,,GAP,No consent record.,,,,
CN-KM22.merger-split,CN-kunming,contribution,"Applies: 1 Feb 2021 onward. On merger or split, assign an unpaid-liability successor before completion.",Same management measure arts. 15–16,https://zc.51shebao.com/detail/825467,2026-09-29,2021-02-01,,GAP,No corporate-event input.,,,,
CN-KM22.dissolution-arrears,CN-kunming,contribution,Applies: 1 Feb 2021 onward. Settle arrears on dissolution or bankruptcy under the priority rules.,Same management measure arts. 15–16,https://zc.51shebao.com/detail/825467,2026-09-29,2021-02-01,,GAP,No arrears path.,,,,
CN-KM23.sealing,CN-kunming,filing,Applies: 1 Feb 2021 onward. Management measure (arts. 23–25): seal the account on wage interruption with continuing employment or on employment end; register exit within 30 days.,"Same management measure arts. 23–25, 33 and 36",https://zc.51shebao.com/detail/825467,2026-09-29,2021-02-01,,EXTERNAL,No account evidence.,,,,
CN-KM23.transfer-duties,CN-kunming,filing,Applies: 1 Feb 2021 onward. The old and new employer each have a 30-day local-transfer duty.,"Same management measure arts. 23–25, 33 and 36",https://zc.51shebao.com/detail/825467,2026-09-29,2021-02-01,,EXTERNAL-RECORDED,"Duty type HF_ACCOUNT_TRANSFER (EXIT, due 30 days) records the old employer’s duty. The new employer’s duty is its own HIRE duty (HF_ACCOUNT_REGISTRATION). No probe.",duty_types:HF_ACCOUNT_TRANSFER; duty_types:HF_ACCOUNT_REGISTRATION,,,
CN-KM23.online-agreement-and-accuracy,CN-kunming,filing,"Applies: 1 Feb 2021 onward. Arts. 33, 36: sign the online-service agreement; filings carry true evidence; fabricated employment is prohibited.","Same management measure arts. 23–25, 33 and 36",https://zc.51shebao.com/detail/825467,2026-09-29,2021-02-01,,EXTERNAL,No agreement record.,,,,
CN-KM23.worker-initiated,CN-kunming,filing,Applies: 1 Feb 2021 onward. Arts. 26–30: worker-initiated cross-city transfer and old voluntary-contributor delinquency are not employer deductions (CN-KM24 governs the pilot).,"Same management measure arts. 23–25, 33 and 36",https://zc.51shebao.com/detail/825467,2026-09-29,2021-02-01,,EXTERNAL,Outside employer payroll.,,,,
CN-KM24,CN-kunming,contribution,"Applies: 13 Dec 2023 onward, subject to any 2026 successor; personal flexible-work contributor, including Kunming-administered Mo Han. [昆政办规〔2023〕2号 enacted pilot arts. 2–9, 22, full-text reproduction](https://zc.51shebao.com/detail/817337), corroborated by the [Kunming fund-centre 2023 launch briefing](https://m.kunming.cn/news/c/2023-11-17/13779800.shtml), broadened voluntary housing-fund participation beyond the older 2020 measure's 12-month pension/hukou test. A qualifying non-full-time, self-employed or new-form worker opens a personal account and agreement, chooses personal deposit timing/amount, pays the entire deposit personally, and can transfer that account on becoming a unit worker. The [2023 centre implementation rules arts. 6–9 and 24, full-text reproduction](https://zc.51shebao.com/detail/818549) add personal-account uniqueness and annual minimum; on conversion to a unit worker, the unit officer may submit identity, account-transfer and labour-relationship evidence, closing the personal account and ending its special subsidy. The personal phase creates no ordinary employer remittance. Art. 22 allows the individual's fund deposit in taxable income only under national tax rules; do not invent an employer wage deduction or tax claim without a valid claimant path. The fund committee [discussed a pilot measure in March 2026](https://www.sohu.com/a/1003193952_121106902); no promulgated successor was found in this pass, so exact 2026 amendment status remains open.","昆政办规〔2023〕2号 enacted pilot arts. 2–9, 22, full-text reproduction; Kunming fund-centre 2023 launch briefing; 2023 centre implementation rules arts. 6–9 and 24, full-text reproduction; discussed a pilot measure in March 2026",https://zc.51shebao.com/detail/817337,2026-09-29,2023-12-13,,NOT-APPLICABLE,"Sourced exclusion (re-judged 30 Sep 2026, consistent with CN-SH48): a genuinely personal flexible-work contributor opens a personal account and pays the whole deposit personally, outside employer payroll; the provision creates no employer duty. On conversion to a unit worker the account transfers and ordinary unit shares follow CN-KM20; a real employee disguised as a personal contributor is the CN-KM28 classification branch.",,,,
CN-KM25.unit-covered-16-8,CN-kunming,contribution,"Applies: Dec 2025 onward; ordinary covered Yunnan employees. Service pack Q82 and the 7 Sep 2026 HRSS notice: employer pension 16%, worker 8%, each on its base; at the 2026 floor CNY704.48 + CNY352.24.","Yunnan government employment/social-security law service pack, Q82; 7 September 2026 HRSS employer notice",https://yjglt.yn.gov.cn/html/2024/yunnanshengwenjian_0507/28618.html,2026-09-29,2025-12-01,,VERIFIED,Probe-proven on 29 Sep 2026: CN-KM25-1 (the county notice’s 704.48 / 352.24). [F24 2026-09-30: the 2026-09-29 probes ran on an env-link overlay of @norbital-ai/bolt 0.0.140; the pinned 0.0.139 was not re-run.],statutory_contributions:PENSION,"Kunming — September 2026 at the 4,403 floor matches the county HRSS examples (CN-KM25, KM26)",CN-KM25-1,2026-09-29
CN-KM25.flexible-self-payer,CN-kunming,contribution,Applies: Dec 2025 onward. The self-paying flexible-worker 20% is outside unit payroll.,"Yunnan government employment/social-security law service pack, Q82; 7 September 2026 HRSS employer notice",https://yjglt.yn.gov.cn/html/2024/yunnanshengwenjian_0507/28618.html,2026-09-29,2025-12-01,,NOT-APPLICABLE,,statutory_contributions:PENSION,,,
CN-KM25.first-chargeable-month-2026,CN-kunming,contribution,Applies: 2026. The 2026 base’s first chargeable pension month.,"Yunnan government employment/social-security law service pack, Q82; 7 September 2026 HRSS employer notice",https://yjglt.yn.gov.cn/html/2024/yunnanshengwenjian_0507/28618.html,2026-09-29,2025-12-01,,IMPLEMENTED,"The CN-KM03 recorded owner default (January 2026), not law; no agency true-up. Listed 30 Sep 2026: January 2026 charges on the 2026 floor.",statutory_contributions:PENSION,,CN-KM25-1,
CN-KM26.recorded-class-rate,CN-kunming,contribution,"Applies: Dec 2025 onward. 云人社发〔2020〕14号: employer-only injury, classes I–VIII base rates 0.2/0.4/0.7/0.9/1.1/1.3/1.6/1.9%, recorded as `injury_rate`.","Provincial injury-pooling measure 云人社发〔2020〕14号, issuer PDF retrieved and read on 29 Sep 2026; government interpretation; 7 September 2026 HRSS employer notice",https://hrss.yn.gov.cn/Uploads/NewsPhoto/2020-03-12/b451dfd4-ba60-48d9-931e-2bed943dcef0.pdf,2026-09-29,2025-12-01,,VERIFIED,"Probe-proven on 29 Sep 2026: class I 0.2% (4,403 → 8.81, CN-KM25-1). Only 0.2 is probe-proven. CN-KM26-1 (class VIII 1.9%) added 30 Sep 2026, not yet run. [F24 2026-09-30: the 2026-09-29 probes ran on an env-link overlay of @norbital-ai/bolt 0.0.140; the pinned 0.0.139 was not re-run.]",statutory_contributions:INJURY; facts.injury_rate,"Kunming — September 2026 at the 4,403 floor matches the county HRSS examples (CN-KM25, KM26)",CN-KM25-1; CN-KM26-1,2026-09-29
CN-KM26.assigned-float,CN-kunming,contribution,Applies: Dec 2025 onward. The assigned floating rate.,"Provincial injury-pooling measure 云人社发〔2020〕14号, issuer PDF retrieved and read on 29 Sep 2026; government interpretation; 7 September 2026 HRSS employer notice",https://hrss.yn.gov.cn/Uploads/NewsPhoto/2020-03-12/b451dfd4-ba60-48d9-931e-2bed943dcef0.pdf,2026-09-29,2025-12-01,,GAP,Agency determination; no float input.,statutory_contributions:INJURY; facts.injury_rate,,,
CN-KM26.project-tariff,CN-kunming,contribution,Applies: Dec 2025 onward; qualifying construction/transport/energy projects. 1‰ of pretax project value instead of monthly wage contributions.,"Provincial injury-pooling measure 云人社发〔2020〕14号, issuer PDF retrieved and read on 29 Sep 2026; government interpretation; 7 September 2026 HRSS employer notice",https://hrss.yn.gov.cn/Uploads/NewsPhoto/2020-03-12/b451dfd4-ba60-48d9-931e-2bed943dcef0.pdf,2026-09-29,2025-12-01,,GAP,Not modelled.,statutory_contributions:INJURY; facts.injury_rate,,,
CN-KM26.2025-transition,CN-kunming,contribution,"Applies: 2025. Local legacy rates during the staged discount, then unified provincial rates.","Provincial injury-pooling measure 云人社发〔2020〕14号, issuer PDF retrieved and read on 29 Sep 2026; government interpretation; 7 September 2026 HRSS employer notice",https://hrss.yn.gov.cn/Uploads/NewsPhoto/2020-03-12/b451dfd4-ba60-48d9-931e-2bed943dcef0.pdf,2026-09-29,2025-12-01,2025-12-31,GAP,The precise transition needs agency evidence.,statutory_contributions:INJURY; facts.injury_rate,,,
CN-KM27.reduced-2025,CN-kunming,contribution,"Applies: to 31 Dec 2025. The 2025 HRSS notice: a staged 1% total, employer 0.7%, worker 0.3%.","2025 HRSS notice, confirmed by county HRSS announcement; 7 September 2026 county HRSS employer notice",https://www.hhpb.gov.cn/info/5861/518871.htm,2026-09-29,2025-12-01,2025-12-31,VERIFIED,Probe-proven on 29 Sep 2026: CN-KM03-2 (December 2025 from the version itself). [F24 2026-09-30: the 2026-09-29 probes ran on an env-link overlay of @norbital-ai/bolt 0.0.140; the pinned 0.0.139 was not re-run.],statutory_contributions:UNEMPLOYMENT; facts.unemployment_employer_rate; facts.unemployment_employee_rate,"Kunming — December 2025 on a 10,000 base, and the 4,357 floor (CN-KM03, KM04, KM05, KM25–27, KM32)",CN-KM03-2,2026-09-29
CN-KM27.rate-jan-aug-2026,CN-kunming,contribution,Applies: 1 Jan–31 Aug 2026. The expired 2025 reduction may not be carried over silently; the unreduced rate is 2% employer / 1% worker.,"2025 HRSS notice, confirmed by county HRSS announcement; 7 September 2026 county HRSS employer notice",https://www.hhpb.gov.cn/info/5861/518871.htm,2026-09-29,2026-01-01,2026-08-31,SOURCE-BLOCKED,"Missing source: no 2026 renewal instrument found (人社部发〔2026〕39号 sets no rate; the Yunnan HRSS search lists nothing after 2022). CN-KM-WP09-1 charges operator-entered 0.7/0.3, proving the input, not the law.",statutory_contributions:UNEMPLOYMENT; facts.unemployment_employer_rate; facts.unemployment_employee_rate,,CN-KM-WP09-1,
CN-KM27.rate-from-sep-2026,CN-kunming,contribution,"Applies: September 2026. The 7 Sep 2026 county notice: the 0.7/0.3 reduction is 目前，延续实施; at the 4,403 floor CNY30.82 + CNY13.21.","2025 HRSS notice, confirmed by county HRSS announcement; 7 September 2026 county HRSS employer notice",https://www.hhpb.gov.cn/info/5861/518871.htm,2026-09-29,2026-09-01,,IMPLEMENTED,Recorded facts; the notice gives no start date; no September probe. Listed 30 Sep 2026: September 2026 charges the recorded 0.7 / 0.3.,statutory_contributions:UNEMPLOYMENT; facts.unemployment_employer_rate; facts.unemployment_employee_rate,,CN-KM02-1; CN-KM03-3,
CN-KM28.unenrolled-still-assessed,CN-kunming,contribution,"Applies: Dec 2025 onward. The 7 Sep 2026 county notice restating national law: an employer that has not enrolled a worker still owes pension, unemployment and injury.",7 September 2026 county HRSS employer notice,https://www.yncxym.gov.cn/info/1011/286437.htm,2026-09-29,2025-12-01,,VERIFIED,Probe-proven on 29 Sep 2026: CN-KM28-1; `tests/cn-fund-nonregistration.test.ts` passes (30 Sep 2026). [F24 2026-09-30: the 2026-09-29 probes ran on an env-link overlay of @norbital-ai/bolt 0.0.140; the pinned 0.0.139 was not re-run.],statutory_contributions:PENSION.unregistered_action; statutory_contributions:UNEMPLOYMENT.unregistered_action; statutory_contributions:INJURY.unregistered_action; obligations:SI_REGISTRATION,,CN-KM28-1,2026-09-29
CN-KM28.no-excuse-grounds,CN-kunming,contribution,"Applies: Dec 2025 onward. Probation, impending retirement or a purported worker waiver do not excuse enrolment (binding source SPC Interpretation (II) art. 19, CN-N37).",7 September 2026 county HRSS employer notice,https://www.yncxym.gov.cn/info/1011/286437.htm,2026-09-29,2025-12-01,,GAP,No input records them; no refusal.,statutory_contributions:PENSION.unregistered_action; statutory_contributions:UNEMPLOYMENT.unregistered_action; statutory_contributions:INJURY.unregistered_action; obligations:SI_REGISTRATION,,,
CN-KM28.dispatch-allocation,CN-kunming,contribution,Applies: Dec 2025 onward. Dispatch workers are enrolled by the true employer; multi-party allocation needs the contract and dispatch texts.,7 September 2026 county HRSS employer notice,https://www.yncxym.gov.cn/info/1011/286437.htm,2026-09-29,2025-12-01,,GAP,No dispatch allocation.,statutory_contributions:PENSION.unregistered_action; statutory_contributions:UNEMPLOYMENT.unregistered_action; statutory_contributions:INJURY.unregistered_action; obligations:SI_REGISTRATION,,,
CN-KM28.disguised-flexible-worker,CN-kunming,contribution,"Applies: Dec 2025 onward. Treating an actual employee as a self-paying flexible worker, or a fictitious relationship, is prohibited.",7 September 2026 county HRSS employer notice,https://www.yncxym.gov.cn/info/1011/286437.htm,2026-09-29,2025-12-01,,GAP,No classification gate.,statutory_contributions:PENSION.unregistered_action; statutory_contributions:UNEMPLOYMENT.unregistered_action; statutory_contributions:INJURY.unregistered_action; obligations:SI_REGISTRATION,,,
CN-KM29.new-worker-registration,CN-kunming,filing,Applies: 1 Dec 2024 onward. 云人社规〔2024〕1号 art. 13: register each new insured worker.,云人社规〔2024〕1号 Yunnan Unemployment Insurance Handling Rules,https://hrss.yn.gov.cn/Uploads/NewsPhoto//files/20241212/3b763cd4-8a47-4475-9941-a15be8b45911.pdf,2026-09-29,2024-12-01,,EXTERNAL-RECORDED,"Duty type SI_REGISTRATION (HIRE, due 30 days, SI Law art.58); fulfilment records the date and the agency reference. The probe pins the saved obligation instances (owner decision 2026-09-30); the harness must run the obligation_calendar sweep before judging `saved`, which it does not yet do.",duty_types:SI_REGISTRATION,,CN-KM-DUTY-1,
CN-KM29.foreign-and-hk-mo-tw-documents,CN-kunming,filing,Applies: 1 Dec 2024 onward. Art. 14: documents for foreign and HK/Macao/Taiwan workers.,云人社规〔2024〕1号 Yunnan Unemployment Insurance Handling Rules,https://hrss.yn.gov.cn/Uploads/NewsPhoto//files/20241212/3b763cd4-8a47-4475-9941-a15be8b45911.pdf,2026-09-29,2024-12-01,,EXTERNAL,No evidence.,,,,
CN-KM29.changes,CN-kunming,filing,"Applies: 1 Dec 2024 onward. Arts. 16, 18: change registration and headcount changes.",云人社规〔2024〕1号 Yunnan Unemployment Insurance Handling Rules,https://hrss.yn.gov.cn/Uploads/NewsPhoto//files/20241212/3b763cd4-8a47-4475-9941-a15be8b45911.pdf,2026-09-29,2024-12-01,,EXTERNAL,No evidence.,,,,
CN-KM29.end-of-coverage,CN-kunming,filing,"Applies: 1 Dec 2024 onward. Art. 20: the former employer ends coverage when a worker starts a pension, emigrates or dies.",云人社规〔2024〕1号 Yunnan Unemployment Insurance Handling Rules,https://hrss.yn.gov.cn/Uploads/NewsPhoto//files/20241212/3b763cd4-8a47-4475-9941-a15be8b45911.pdf,2026-09-29,2024-12-01,,EXTERNAL,No evidence.,,,,
CN-KM29.dissolution,CN-kunming,filing,Applies: 1 Dec 2024 onward. Arts. 21–22: clear arrears and deregister within 30 days of dissolution.,云人社规〔2024〕1号 Yunnan Unemployment Insurance Handling Rules,https://hrss.yn.gov.cn/Uploads/NewsPhoto//files/20241212/3b763cd4-8a47-4475-9941-a15be8b45911.pdf,2026-09-29,2024-12-01,,EXTERNAL,No evidence.,,,,
CN-KM30.yunnan-15-days,CN-kunming,leave,Applies: 17 Jan 2022 onward; staff marrying under the Yunnan regulation. Art. 18: 15 days of marriage leave on top of the national days.,"Yunnan Population and Family Planning Regulation, third amendment 17 Jan 2022",https://www.ynrd.gov.cn/html/2022/changweihuigonggao_0118/16355.html,2026-09-30,2022-01-17,,VERIFIED,"Probe-proven on 29 Sep 2026: CN-KM30-1 (five working days paid, no deduction). [F24 2026-09-30: the 2026-09-29 probes ran on an env-link overlay of @norbital-ai/bolt 0.0.140; the pinned 0.0.139 was not re-run.]",leave_catalogue:MARRIAGE_LEAVE; leave_catalogue:MATERNITY_LEAVE; leave_catalogue:PATERNITY_LEAVE,"${lineage} — annual, maternity, paternity and marriage leave on every sealed version",CN-KM30-1,2026-09-29
CN-KM30.national-component,CN-kunming,leave,"Applies: 17 Jan 2022 onward. The national 1–3 days (CN-N51), typically 18 in total.","Yunnan Population and Family Planning Regulation, third amendment 17 Jan 2022",https://www.ynrd.gov.cn/html/2022/changweihuigonggao_0118/16355.html,2026-09-30,2022-01-17,,TESTED,"Leave golden (3 + 15); no probe. CN-KM30-1 pays marriage leave in full; the 18-day count is not isolated (calendar-day charging, CN-KM30.calendar-day-counting). Listed 30 Sep 2026.",leave_catalogue:MARRIAGE_LEAVE; leave_catalogue:MATERNITY_LEAVE; leave_catalogue:PATERNITY_LEAVE,"${lineage} — annual, maternity, paternity and marriage leave on every sealed version",CN-KM30-1,
CN-KM30.calendar-day-counting,CN-kunming,leave,"Applies: 17 Jan 2022 onward. Art. 35: every leave in the regulation counts in calendar days, the working days inside paid.","Yunnan Population and Family Planning Regulation, third amendment 17 Jan 2022",https://www.ynrd.gov.cn/html/2022/changweihuigonggao_0118/16355.html,2026-09-30,2022-01-17,,GAP,The engine charges working days; no probe spans rest days.,leave_catalogue:MARRIAGE_LEAVE; leave_catalogue:MATERNITY_LEAVE; leave_catalogue:PATERNITY_LEAVE,,,
CN-KM31.iud-insertion,CN-kunming,leave,Applies: 17 Jan 2022 onward. Yunnan regulation art. 19: IUD insertion 7 days (extends maternity leave if done during it).,"Yunnan NPC Standing Committee 2022 third amendment, consolidated arts. 19 and 35",https://www.ynrd.gov.cn/html/2022/changweihuigonggao_0118/16355.html,2026-09-29,2022-01-17,,TESTED,"Golden. CN-KM31-1 added 30 Sep 2026, not yet run.",leave_catalogue:FAMILY_PLANNING_PROCEDURE_LEAVE,${lineage} — family-planning procedure days on every sealed version,CN-KM31-1,
CN-KM31.iud-removal,CN-kunming,leave,Applies: 17 Jan 2022 onward. IUD removal 7 days.,"Yunnan NPC Standing Committee 2022 third amendment, consolidated arts. 19 and 35",https://www.ynrd.gov.cn/html/2022/changweihuigonggao_0118/16355.html,2026-09-29,2022-01-17,,TESTED,Golden only.,leave_catalogue:FAMILY_PLANNING_PROCEDURE_LEAVE,${lineage} — family-planning procedure days on every sealed version,,
CN-KM31.tubal-ligation,CN-kunming,leave,Applies: 17 Jan 2022 onward. Tubal ligation 30 days (extends maternity leave if done during it).,"Yunnan NPC Standing Committee 2022 third amendment, consolidated arts. 19 and 35",https://www.ynrd.gov.cn/html/2022/changweihuigonggao_0118/16355.html,2026-09-29,2022-01-17,,TESTED,Golden only.,leave_catalogue:FAMILY_PLANNING_PROCEDURE_LEAVE,${lineage} — family-planning procedure days on every sealed version,,
CN-KM31.vasectomy,CN-kunming,leave,Applies: 17 Jan 2022 onward. Vasectomy 15 days.,"Yunnan NPC Standing Committee 2022 third amendment, consolidated arts. 19 and 35",https://www.ynrd.gov.cn/html/2022/changweihuigonggao_0118/16355.html,2026-09-29,2022-01-17,,TESTED,Golden only.,leave_catalogue:FAMILY_PLANNING_PROCEDURE_LEAVE,${lineage} — family-planning procedure days on every sealed version,,
CN-KM31.tubal-reversal,CN-kunming,leave,Applies: 17 Jan 2022 onward. Tubal reversal 30 days.,"Yunnan NPC Standing Committee 2022 third amendment, consolidated arts. 19 and 35",https://www.ynrd.gov.cn/html/2022/changweihuigonggao_0118/16355.html,2026-09-29,2022-01-17,,TESTED,Golden only.,leave_catalogue:FAMILY_PLANNING_PROCEDURE_LEAVE,${lineage} — family-planning procedure days on every sealed version,,
CN-KM31.vas-reversal,CN-kunming,leave,Applies: 17 Jan 2022 onward. Vas reversal 15 days.,"Yunnan NPC Standing Committee 2022 third amendment, consolidated arts. 19 and 35",https://www.ynrd.gov.cn/html/2022/changweihuigonggao_0118/16355.html,2026-09-29,2022-01-17,,TESTED,Golden only.,leave_catalogue:FAMILY_PLANNING_PROCEDURE_LEAVE,${lineage} — family-planning procedure days on every sealed version,,
CN-KM31.remedial-under-4-months,CN-kunming,leave,Applies: 17 Jan 2022 onward. A remedial procedure after contraception failure before 4 months of pregnancy: 15 days.,"Yunnan NPC Standing Committee 2022 third amendment, consolidated arts. 19 and 35",https://www.ynrd.gov.cn/html/2022/changweihuigonggao_0118/16355.html,2026-09-29,2022-01-17,,TESTED,"Golden, including the four-month boundary.",leave_catalogue:FAMILY_PLANNING_PROCEDURE_LEAVE,${lineage} — family-planning procedure days on every sealed version,,
CN-KM31.remedial-4-months-or-more,CN-kunming,leave,Applies: 17 Jan 2022 onward. At 4 months or more: 42 days.,"Yunnan NPC Standing Committee 2022 third amendment, consolidated arts. 19 and 35",https://www.ynrd.gov.cn/html/2022/changweihuigonggao_0118/16355.html,2026-09-29,2022-01-17,,TESTED,"Golden, including the boundary.",leave_catalogue:FAMILY_PLANNING_PROCEDURE_LEAVE,${lineage} — family-planning procedure days on every sealed version,,
CN-KM31.maternity-extension-overlap,CN-kunming,leave,Applies: 17 Jan 2022 onward. Insertion or ligation during maternity leave extends it.,"Yunnan NPC Standing Committee 2022 third amendment, consolidated arts. 19 and 35",https://www.ynrd.gov.cn/html/2022/changweihuigonggao_0118/16355.html,2026-09-29,2022-01-17,,GAP,Maternity extension and overlap unmodelled.,leave_catalogue:FAMILY_PLANNING_PROCEDURE_LEAVE,,,
CN-KM31.calendar-day-counting,CN-kunming,leave,"Applies: 17 Jan 2022 onward. Art. 35: calendar days, working days inside paid; the living allowance comes from Kunming maternity insurance (CN-KM32).","Yunnan NPC Standing Committee 2022 third amendment, consolidated arts. 19 and 35",https://www.ynrd.gov.cn/html/2022/changweihuigonggao_0118/16355.html,2026-09-29,2022-01-17,,GAP,A calendar_days leave refuses a span over a rest day (engine feature).,leave_catalogue:FAMILY_PLANNING_PROCEDURE_LEAVE,,,
CN-KM32.employer-premium-0-9,CN-kunming,leave,"Applies: 17 Jul 2024 onward. Kunming rules item 2: maternity merged into employee medical; the employer pays 0.9% on the medical base, the worker nothing.",Kunming Medical Security Bureau and Finance Bureau rules,https://ybj.km.gov.cn/c/2024-07-25/4882692.shtml,2026-09-29,2024-07-17,,VERIFIED,"Probe-proven on 29 Sep 2026: CN-KM25-1 (every Kunming case). The 0.9% was not re-checked on 30 Sep 2026 (ybj.km.gov.cn unreachable). CN-KM03-3 added 30 Sep 2026, not yet run. [F24 2026-09-30: the 2026-09-29 probes ran on an env-link overlay of @norbital-ai/bolt 0.0.140; the pinned 0.0.139 was not re-run.]",statutory_contributions:MATERNITY; adhoc_catalogue:MATERNITY_ALLOWANCE_OFFSET; adhoc_catalogue:MATERNITY_BENEFIT_EMPLOYER,"Kunming — December 2025 on a 10,000 base, and the 4,357 floor (CN-KM03, KM04, KM05, KM25–27, KM32)",CN-KM25-1; CN-KM03-3,2026-09-29
CN-KM32.flexible-enrollees,CN-kunming,leave,Applies: 17 Jul 2024 onward. Individual flexible enrollees pay no maternity premium and get no allowance.,Kunming Medical Security Bureau and Finance Bureau rules,https://ybj.km.gov.cn/c/2024-07-25/4882692.shtml,2026-09-29,2024-07-17,,NOT-APPLICABLE,,statutory_contributions:MATERNITY; adhoc_catalogue:MATERNITY_ALLOWANCE_OFFSET; adhoc_catalogue:MATERNITY_BENEFIT_EMPLOYER,,,
CN-KM32.allowance-offset-top-up,CN-kunming,leave,"Applies: 17 Jul 2024 onward. Allowance = employer prior-year average monthly wage ÷ 30 × leave days, paid to the employer or worker (item 17); where paid to the worker it comes off the leave wage and the employer tops up to the wage (recorded default: Yunnan is silent; 女职工劳动保护特别规定 art. 5 forbids reducing pay for birth).",Kunming Medical Security Bureau and Finance Bureau rules,https://ybj.km.gov.cn/c/2024-07-25/4882692.shtml,2026-09-29,2024-07-17,,TESTED,"Golden. CN-KM32-1 (9,000 on 12,000 → gross 3,000) added 30 Sep 2026, not yet run.",statutory_contributions:MATERNITY; adhoc_catalogue:MATERNITY_ALLOWANCE_OFFSET; adhoc_catalogue:MATERNITY_BENEFIT_EMPLOYER,"Kunming — the employer tops the allowance up to the wage (CN-KM32, owner rule 2026-09-28)",CN-KM32-1,
CN-KM32.non-enrolling-employer,CN-kunming,leave,Applies: 17 Jul 2024 onward. Item 3: an employer that did not enrol the worker pays all these benefits itself.,Kunming Medical Security Bureau and Finance Bureau rules,https://ybj.km.gov.cn/c/2024-07-25/4882692.shtml,2026-09-29,2024-07-17,,TESTED,"Golden: the allowance and the 1,000 nutrition grant.",statutory_contributions:MATERNITY; adhoc_catalogue:MATERNITY_ALLOWANCE_OFFSET; adhoc_catalogue:MATERNITY_BENEFIT_EMPLOYER,"Kunming — an employer that did not enrol pays the allowance and the 1,000 nutrition grant itself (CN-KM32 item 3)",,
CN-KM32.fund-benefits,CN-kunming,leave,"Applies: 17 Jul 2024 onward. Eligibility 6 continuous months (≤3 months’ arrears back-payable); days 98 + 60, +15 difficult or caesarean, +15 per extra infant; miscarriage under 4 months 15, 4 to under 7 months 42, 7 months or more full leave; CNY1,000 nutrition grant per infant; assisted reproduction capped at CNY3,000; death grant 6 × provincial average monthly wage; births within 10 months after closure covered.",Kunming Medical Security Bureau and Finance Bureau rules,https://ybj.km.gov.cn/c/2024-07-25/4882692.shtml,2026-09-29,2024-07-17,,EXTERNAL,Agency determinations for an enrolled worker; the 2023 FAQ 12-month test is superseded.,statutory_contributions:MATERNITY; adhoc_catalogue:MATERNITY_ALLOWANCE_OFFSET; adhoc_catalogue:MATERNITY_BENEFIT_EMPLOYER,,,
CN-KM32.public-bodies,CN-kunming,leave,Applies: 17 Jul 2024 onward. Item 4: public bodies keep paying wages and the allowance goes to finance.,Kunming Medical Security Bureau and Finance Bureau rules,https://ybj.km.gov.cn/c/2024-07-25/4882692.shtml,2026-09-29,2024-07-17,,GAP,No public-body branch.,statutory_contributions:MATERNITY; adhoc_catalogue:MATERNITY_ALLOWANCE_OFFSET; adhoc_catalogue:MATERNITY_BENEFIT_EMPLOYER,,,
CN-KM33,CN-kunming,contribution,"Applies: 10 Jul 2026 onward; flexible, migrant and new-form workers in Yunnan employee medical insurance. Four-department Yunnan notice implementing 云政办发〔2025〕56号, [reposted by the Kunming Medical Security Bureau](https://ybj.km.gov.cn/c/2026-07-09/5095863.shtml) from the provincial WeChat channel (the signed notice was not retrieved), items 1–7: these workers join maternity insurance, with 0.5 point of their medical rate treated as maternity premium; with 12+ continuous months they get medical costs plus an allowance of (Yunnan class-I monthly minimum ÷ 30) × 98; with 6–12 months, medical costs only. Fixed maternity medical packages become CNY4,000/6,000 at tier-3 hospitals and CNY3,500/4,500 at tier-2 and below. It overrides earlier inconsistent policy. Not an employer payroll branch, but the employee-versus-self-paid classification decides whether CN-KM32 applies. The 15-measure 云政办发〔2025〕56号 (14 Dec 2025) needs its own employer-duty screen.",reposted by the Kunming Medical Security Bureau,https://ybj.km.gov.cn/c/2026-07-09/5095863.shtml,2026-09-29,2026-07-10,,NOT-APPLICABLE,"Sourced exclusion (re-judged 30 Sep 2026, consistent with CN-SH48/KM24): the flexible, migrant and new-form workers' maternity scheme is paid by the worker through their own medical premium and benefits come from the fund; no employer payroll duty. The employee-versus-self-paid classification that decides whether CN-KM32 applies is the CN-KM28 gate. 云政办发〔2025〕56号 still needs its own employer-duty screen; the signed notice was not retrieved.",,,,
CN-KM34.unit-filing,CN-kunming,contribution,Applies: 27 Jun 2023 onward. Kunming Medical Security Bureau FAQ Q2: the insured unit files the move to retiree medical status.,Kunming Medical Security Bureau FAQ (2023) Q2,https://ybj.km.gov.cn/c/2023-06-27/4438356.shtml,2026-09-29,2023-06-27,,EXTERNAL,External filing.,,,,
CN-KM34.contribution-years-lump-sum,CN-kunming,contribution,"Applies: 27 Jun 2023 onward. Men 30 and women 25 contribution years including deemed pre-2003 service; a shortfall paid in one lump sum on the last pre-retirement base × the unit rate, nothing to the individual account.",Kunming Medical Security Bureau FAQ (2023) Q2,https://ybj.km.gov.cn/c/2023-06-27/4438356.shtml,2026-09-29,2023-06-27,,GAP,Lump-sum payer unsourced (the FAQ is guidance).,,,,
CN-KM34.ltc-top-up,CN-kunming,contribution,Applies: 27 Jun 2023 onward. Long-term-care top-up at 0.4% of the LTC base to reach 15 years.,Kunming Medical Security Bureau FAQ (2023) Q2,https://ybj.km.gov.cn/c/2023-06-27/4438356.shtml,2026-09-29,2023-06-27,,GAP,Unmodelled.,,,,
CN-KM34.flexible-workers,CN-kunming,contribution,"Applies: 27 Jun 2023 onward. Flexible workers pay 5% of the Kunming urban average wage and need 15 actual years, outside employer payroll.",Kunming Medical Security Bureau FAQ (2023) Q2,https://ybj.km.gov.cn/c/2023-06-27/4438356.shtml,2026-09-29,2023-06-27,,NOT-APPLICABLE,,,,,
CN-KM35.union-funds-2pct,CN-kunming,levy,"Applies: 30 Nov 2022 onward; Yunnan employers with a union. Implementing measure art. 27: 2% of the prior month’s total wages, deductible before enterprise income tax.","Yunnan Measure implementing the Trade Union Law, revised 30 Nov 2022, effective on promulgation",https://www.ynrd.gov.cn/html/2022/sssjrdcwhdsswuchy_1130/19708.html,2026-09-29,2022-11-30,,EXTERNAL-RECORDED,"Duty type UNION_FUNDS (RUN_FINALISED where entity fact union_established, amount 2% of the run’s gross). Owner rule 2026-09-28, the text read names no day: due the 15th of the next month, with the monthly tax declaration. The EIT deductibility is outside payroll. The probe pins the saved obligation instances (owner decision 2026-09-30); the harness must run the obligation_calendar sweep before judging `saved`, which it does not yet do.",duty_types:UNION_FUNDS; facts.union_established,,CN-KM-DUTY-1,
CN-KM35.late-fee,CN-kunming,levy,Applies: 30 Nov 2022 onward. Art. 30: late union funds carry 5‰ a day.,"Yunnan Measure implementing the Trade Union Law, revised 30 Nov 2022, effective on promulgation",https://www.ynrd.gov.cn/html/2022/sssjrdcwhdsswuchy_1130/19708.html,2026-09-29,2022-11-30,,EXTERNAL-RECORDED,"UNION_FUNDS late_charge = amount_due × 0.5% × days late. CN-KM-DUTY-1 pins the instance, not the late charge (it is on time when raised). The probe pins the saved obligation instances (owner decision 2026-09-30); the harness must run the obligation_calendar sweep before judging `saved`, which it does not yet do.",duty_types:UNION_FUNDS,,CN-KM-DUTY-1,
CN-KM35.preparatory-fund-and-collection,CN-kunming,levy,Applies: 30 Nov 2022 onward. Tax collection since 2009 (云地税发〔2008〕292号) and a 2% preparatory fund where no union exists come only from a secondary source.,"Yunnan Measure implementing the Trade Union Law, revised 30 Nov 2022, effective on promulgation",https://www.ynrd.gov.cn/html/2022/sssjrdcwhdsswuchy_1130/19708.html,2026-09-29,2022-11-30,,EXTERNAL,Unverified.,,,,
CN-KM36.reduction-tiers,CN-kunming,levy,Applies: 1 Jan 2023–31 Dec 2027. MOF 2023 No. 8: the 50% and 90% reduction tiers.,MOF 2023 No. 8 as published by the Honghe Prefecture government,https://www.hh.gov.cn/info/13011/786352.htm,2026-09-29,2023-01-01,2027-12-31,EXTERNAL,No levy workflow.,,,,
CN-KM36.small-employer-exemption,CN-kunming,levy,Applies: 1 Jan 2023–31 Dec 2027. Employers with 30 or fewer staff exempt.,MOF 2023 No. 8 as published by the Honghe Prefecture government,https://www.hh.gov.cn/info/13011/786352.htm,2026-09-29,2023-01-01,2027-12-31,EXTERNAL,No levy workflow.,,,,
CN-KM36.wage-cap,CN-kunming,levy,Applies: 1 Jan 2023–31 Dec 2027. The average wage capped at 2× the local social average (MOF 2019 No. 98); levy = (prior-year average headcount × local ratio − disabled employees) × prior-year average wage.,MOF 2023 No. 8 as published by the Honghe Prefecture government,https://www.hh.gov.cn/info/13011/786352.htm,2026-09-29,2023-01-01,2027-12-31,EXTERNAL,No levy workflow.,,,,
CN-KM36.yunnan-ratio-and-collection,CN-kunming,levy,"Applies: 1 Jan 2023–31 Dec 2027. The Yunnan 1.5% ratio, September–November collection and 5‰ daily late fee.",MOF 2023 No. 8 as published by the Honghe Prefecture government,https://www.hh.gov.cn/info/13011/786352.htm,2026-09-29,2023-01-01,2027-12-31,EXTERNAL,Secondary sources only.,,,,
CN-KM37.shilin,CN-kunming,rest_holiday,Applies: 1 Jan 2025 onward; Shilin Yi Autonomous County worksites. Torch Festival (3 days) and founding day 18 Dec (1 day).,State Council Order 795 art. 4,https://xzfg.moj.gov.cn/front/law/detail?LawID=1737,2026-09-29,2025-01-01,,SOURCE-BLOCKED,Sourced only from Wikipedia; autonomous regulation unread.,jurisdiction_holidays,,,
CN-KM37.luquan,CN-kunming,rest_holiday,Applies: 1 Jan 2025 onward; Luquan Yi-Miao Autonomous County worksites. Local festival holidays.,State Council Order 795 art. 4,https://xzfg.moj.gov.cn/front/law/detail?LawID=1737,2026-09-29,2025-01-01,,SOURCE-BLOCKED,Autonomous regulation and notices unread.,jurisdiction_holidays,,,
CN-KM37.xundian,CN-kunming,rest_holiday,Applies: 1 Jan 2025 onward; Xundian Hui-Yi Autonomous County worksites. Local festival holidays.,State Council Order 795 art. 4,https://xzfg.moj.gov.cn/front/law/detail?LawID=1737,2026-09-29,2025-01-01,,SOURCE-BLOCKED,Autonomous regulation and notices unread.,jurisdiction_holidays,,,
CN-KM37.hui-festivals,CN-kunming,rest_holiday,Applies: 1 Jan 2025 onward; Hui workers. Eid al-Fitr and Eid al-Adha festival leave; any holiday premium is unsourced and must not be asserted.,State Council Order 795 art. 4,https://xzfg.moj.gov.cn/front/law/detail?LawID=1737,2026-09-29,2025-01-01,,SOURCE-BLOCKED,Local notice unread.,jurisdiction_holidays,,,
CN-KM38.retirement-award-enterprise,CN-kunming,other,Applies: 17 Jan 2022 onward. Yunnan regulation art. 21(3): an enterprise worker with the only-child certificate receives from the month after retirement 5% of the provincial prior-year average monthly pension a month.,Yunnan Population and Family Planning Regulation art. 21,https://www.ynrd.gov.cn/html/2022/changweihuigonggao_0118/16355.html,2026-09-29,2022-01-17,,GAP,Payer unresolved.,,,,
CN-KM38.retirement-award-public-body,CN-kunming,other,Applies: 17 Jan 2022 onward. Public-body retirees get 5% of basic salary instead.,Yunnan Population and Family Planning Regulation art. 21,https://www.ynrd.gov.cn/html/2022/changweihuigonggao_0118/16355.html,2026-09-29,2022-01-17,,GAP,Payer unresolved.,,,,
CN-KM38.health-fee,CN-kunming,other,Applies: 17 Jan 2022 onward. Art. 21(1): an only-child health fee of at least CNY10 a month until the child is 14.,Yunnan Population and Family Planning Regulation art. 21,https://www.ynrd.gov.cn/html/2022/changweihuigonggao_0118/16355.html,2026-09-29,2022-01-17,,GAP,Payer unresolved.,,,,
CN-KM-WP01,CN-kunming,other,Applies: 1 Sep 2019 onward; Kunming covered actor/worker. Scope includes private employers and covered public bodies with employment relationships; cash remuneration is the wage. Government administration and union supervision are actor-specific external clauses. Confirm employer/worker profile before any exclusion.,昆明市工资支付条例 (Kunming Wage Payment Regulation 2019) arts. 1–5,https://www.kmrd.gov.cn/c/2019-06-18/514716.shtml,2026-09-29,2019-09-01,,NOT-APPLICABLE,"Sourced exclusion (re-judged 30 Sep 2026): arts.1–5 are purpose, scope, the wage definition and government/union supervision and change no payslip; the scope and the art.3 wage definition are applied through the operative rows CN-KM-WP02–WP21.",,,,
CN-KM-WP02.wage-system,CN-kunming,wages,Applies: 1 Sep 2019 onward. 昆明市工资支付条例 arts. 6–7: maintain and communicate a wage-payment system to all workers.,昆明市工资支付条例 (Kunming Wage Payment Regulation 2019) arts. 6–7; 41(2),https://www.kmrd.gov.cn/c/2019-06-18/514716.shtml,2026-09-29,2019-09-01,,EXTERNAL,No communication evidence.,,,,
CN-KM-WP02.terms-content,CN-kunming,wages,"Applies: 1 Sep 2019 onward. Employment or collective terms specify components, rate, form, cycle/date, overtime base and exceptional-pay standards.",昆明市工资支付条例 (Kunming Wage Payment Regulation 2019) arts. 6–7; 41(2),https://www.kmrd.gov.cn/c/2019-06-18/514716.shtml,2026-09-29,2019-09-01,,EXTERNAL,No contract version captured.,,,,
CN-KM-WP02.collective-floor,CN-kunming,wages,Applies: 1 Sep 2019 onward. Art. 41(2): employment terms cannot undercut a collective agreement.,昆明市工资支付条例 (Kunming Wage Payment Regulation 2019) arts. 6–7; 41(2),https://www.kmrd.gov.cn/c/2019-06-18/514716.shtml,2026-09-29,2019-09-01,,EXTERNAL,No collective terms input.,,,,
CN-KM-WP03.full-wage-due,CN-kunming,minimum_wage,Applies: 1 Sep 2019 onward. Arts. 8–9: pay full wages timely.,昆明市工资支付条例 (Kunming Wage Payment Regulation 2019) arts. 8–9,https://www.kmrd.gov.cn/c/2019-06-18/514716.shtml,2026-09-29,2019-09-01,,VERIFIED,Probe-proven on 29 Sep 2026: CN-KM-WP03-1 (the full wage across a mid-month rise; the 21.75-day split is the CN-N02 recorded default). [F24 2026-09-30: the 2026-09-29 probes ran on an env-link overlay of @norbital-ai/bolt 0.0.140; the pinned 0.0.139 was not re-run.],work_rules.wages.by_region,,CN-KM-WP03-1,2026-09-29
CN-KM-WP03.minimum-wage-floor,CN-kunming,minimum_wage,Applies: 1 Sep 2019 onward. Art. 8: at least the applicable local minimum (CN-KM01–02).,昆明市工资支付条例 (Kunming Wage Payment Regulation 2019) arts. 8–9,https://www.kmrd.gov.cn/c/2019-06-18/514716.shtml,2026-09-29,2019-09-01,,TESTED,"Golden. CN-KM01-2, CN-KM02-2 and CN-KM02-3 added 30 Sep 2026, not yet run.",work_rules.wages.by_region,"Kunming — 2,170 in a category I district passes in August and is blocked in September 2026 (CN-KM01, KM02)",CN-KM01-2; CN-KM02-2; CN-KM02-3,
CN-KM-WP03.in-money,CN-kunming,minimum_wage,"Applies: 1 Sep 2019 onward. Art. 9: wages are paid in money, not substitutes.",昆明市工资支付条例 (Kunming Wage Payment Regulation 2019) arts. 8–9,https://www.kmrd.gov.cn/c/2019-06-18/514716.shtml,2026-09-29,2019-09-01,,EXTERNAL,External.,work_rules.wages.by_region,,,
CN-KM-WP04.monthly-and-holiday-advance,CN-kunming,wages,"Applies: 1 Sep 2019 onward. Art. 10: pay at least monthly, and before a payday that falls on a holiday or rest day.",昆明市工资支付条例 (Kunming Wage Payment Regulation 2019) arts. 10,https://www.kmrd.gov.cn/c/2019-06-18/514716.shtml,2026-09-29,2019-09-01,,GAP,No payday calendar.,,,,
CN-KM-WP04.short-cycles,CN-kunming,wages,"Applies: 1 Sep 2019 onward. Weekly, daily and hourly wages may follow their cycle.",昆明市工资支付条例 (Kunming Wage Payment Regulation 2019) arts. 10,https://www.kmrd.gov.cn/c/2019-06-18/514716.shtml,2026-09-29,2019-09-01,,GAP,No pay-cycle rule.,,,,
CN-KM-WP04.piece-task,CN-kunming,wages,Applies: 1 Sep 2019 onward. Piece or task pay on a longer cycle still needs a monthly payment.,昆明市工资支付条例 (Kunming Wage Payment Regulation 2019) arts. 10,https://www.kmrd.gov.cn/c/2019-06-18/514716.shtml,2026-09-29,2019-09-01,,GAP,Unmodelled.,,,,
CN-KM-WP04.annual-performance,CN-kunming,wages,Applies: 1 Sep 2019 onward. Annual or performance arrangements need monthly payments and final settlement.,昆明市工资支付条例 (Kunming Wage Payment Regulation 2019) arts. 10,https://www.kmrd.gov.cn/c/2019-06-18/514716.shtml,2026-09-29,2019-09-01,,GAP,Unmodelled.,,,,
CN-KM-WP05.payee,CN-kunming,records,"Applies: 1 Sep 2019 onward. Arts. 11–12: pay the worker or a written delegate, or credit their bank account on time.",昆明市工资支付条例 (Kunming Wage Payment Regulation 2019) arts. 11–12,https://www.kmrd.gov.cn/c/2019-06-18/514716.shtml,2026-09-29,2019-09-01,,GAP,No disbursement evidence.,,,,
CN-KM-WP05.wage-records,CN-kunming,records,"Applies: 1 Sep 2019 onward. Named wage records with hours, overtime, gross, each deduction and net.",昆明市工资支付条例 (Kunming Wage Payment Regulation 2019) arts. 11–12,https://www.kmrd.gov.cn/c/2019-06-18/514716.shtml,2026-09-29,2019-09-01,,GAP,No retention evidence.,,,,
CN-KM-WP05.wage-statement,CN-kunming,records,Applies: 1 Sep 2019 onward. Give the individual a wage statement.,昆明市工资支付条例 (Kunming Wage Payment Regulation 2019) arts. 11–12,https://www.kmrd.gov.cn/c/2019-06-18/514716.shtml,2026-09-29,2019-09-01,,GAP,No delivery evidence.,,,,
CN-KM-WP06.five-working-days,CN-kunming,final_pay,Applies: 1 Sep 2019 onward. Art. 13: pay all wages within five working days after employment ends (`payroll.final_pay_deadlines` 5 WORKING_DAYS); the interaction with national art. 9 is unresolved.,昆明市工资支付条例 (Kunming Wage Payment Regulation 2019) arts. 13,https://www.kmrd.gov.cn/c/2019-06-18/514716.shtml,2026-09-29,2019-09-01,,TESTED,"Golden: 15 January leaver due 22 January, late on the 31st. CN-KM-WP06-1 added 30 Sep 2026, not yet run.",payroll.final_pay_deadlines,Kunming — final pay within five working days of the end of the relationship (CN-KM-WP06),CN-KM-WP06-1,
CN-KM-WP06.single-final-payment,CN-kunming,final_pay,"Applies: 1 Sep 2019 onward. Art. 13: all wages at once, in one payment.",昆明市工资支付条例 (Kunming Wage Payment Regulation 2019) arts. 13,https://www.kmrd.gov.cn/c/2019-06-18/514716.shtml,2026-09-29,2019-09-01,,VERIFIED,"Probe-proven on 29 Sep 2026: CN-KM-WP09-2 (final wage, compensation and IIT in the exit month’s run). [F24 2026-09-30: the 2026-09-29 probes ran on an env-link overlay of @norbital-ai/bolt 0.0.140; the pinned 0.0.139 was not re-run.]",payroll.final_pay_deadlines,Kunming — final pay within five working days of the end of the relationship (CN-KM-WP06),CN-KM-WP09-2,2026-09-29
CN-KM-WP06.disbursement-status,CN-kunming,final_pay,"Applies: 1 Sep 2019 onward. Final pay needs an actual calendar and disbursement status, not just a calculated amount.",昆明市工资支付条例 (Kunming Wage Payment Regulation 2019) arts. 13,https://www.kmrd.gov.cn/c/2019-06-18/514716.shtml,2026-09-29,2019-09-01,,GAP,No disbursement status.,payroll.final_pay_deadlines,,,
CN-KM-WP07,CN-kunming,wages,"Applies: 1 Sep 2019 onward; Kunming covered actor/worker. A production/financing difficulty permits a delay of at most thirty days only after agreement with union or worker representatives and HRSS filing. Capture agreement, filing and new deadline; no automatic grace period.",昆明市工资支付条例 (Kunming Wage Payment Regulation 2019) arts. 14,https://www.kmrd.gov.cn/c/2019-06-18/514716.shtml,2026-09-29,2019-09-01,,GAP,Register status: No [IN-SYSTEM 2026-09-29]. No CN rule/output probe or evidenced employer workflow; 2019 amendment check open. R48 origin: CN22 (first-pass sample; migration implies no closure).,,,,
CN-KM-WP08.weekday-150,CN-kunming,overtime,Applies: 1 Sep 2019 onward. Art. 15 with Labour Law art. 44(1): extended hours at no less than 150%.,昆明市工资支付条例 (Kunming Wage Payment Regulation 2019) arts. 15,https://www.kmrd.gov.cn/c/2019-06-18/514716.shtml,2026-09-29,2019-09-01,,VERIFIED,Probe-proven on 29 Sep 2026: CN-KM-WP08-1 (2 × 125 × 1.5 = 375). [F24 2026-09-30: the 2026-09-29 probes ran on an env-link overlay of @norbital-ai/bolt 0.0.140; the pinned 0.0.139 was not re-run.],work_rules.bands,"Kunming — overtime at 150% / 200% on the 21.75-day hour (CN-N01, N02, KM-WP08)",CN-KM-WP08-1,2026-09-29
CN-KM-WP08.rest-day-200,CN-kunming,overtime,Applies: 1 Sep 2019 onward. Art. 44(2): rest-day work without compensatory rest at no less than 200%.,昆明市工资支付条例 (Kunming Wage Payment Regulation 2019) arts. 15,https://www.kmrd.gov.cn/c/2019-06-18/514716.shtml,2026-09-29,2019-09-01,,VERIFIED,Probe-proven on 29 Sep 2026: CN-KM-WP08-2. [F24 2026-09-30: the 2026-09-29 probes ran on an env-link overlay of @norbital-ai/bolt 0.0.140; the pinned 0.0.139 was not re-run.],work_rules.bands,"Kunming — overtime at 150% / 200% on the 21.75-day hour (CN-N01, N02, KM-WP08)",CN-KM-WP08-2,2026-09-29
CN-KM-WP08.holiday-300,CN-kunming,overtime,Applies: 1 Sep 2019 onward. Art. 44(3): statutory-holiday work at no less than 300%.,昆明市工资支付条例 (Kunming Wage Payment Regulation 2019) arts. 15,https://www.kmrd.gov.cn/c/2019-06-18/514716.shtml,2026-09-29,2019-09-01,,VERIFIED,"Probe-proven on 29 Sep 2026: CN-KM-WP08-3 (8 × 125 × 3 = 3,000). [F24 2026-09-30: the 2026-09-29 probes ran on an env-link overlay of @norbital-ai/bolt 0.0.140; the pinned 0.0.139 was not re-run.]",work_rules.bands,,CN-KM-WP08-3,2026-09-29
CN-KM-WP08.compensatory-rest,CN-kunming,overtime,"Applies: 1 Sep 2019 onward. With compensatory rest arranged, the rest-day premium is not due.",昆明市工资支付条例 (Kunming Wage Payment Regulation 2019) arts. 15,https://www.kmrd.gov.cn/c/2019-06-18/514716.shtml,2026-09-29,2019-09-01,,IMPLEMENTED,"CN-KM-WP08-4 added 30 Sep 2026, not yet run.",work_rules.bands,,CN-KM-WP08-4,
CN-KM-WP08.approved-schedules,CN-kunming,overtime,Applies: 1 Sep 2019 onward. Approved work-schedule exceptions.,昆明市工资支付条例 (Kunming Wage Payment Regulation 2019) arts. 15,https://www.kmrd.gov.cn/c/2019-06-18/514716.shtml,2026-09-29,2019-09-01,,GAP,Not seeded.,work_rules.bands,,,
CN-KM-WP08.contractual-base,CN-kunming,overtime,Applies: 1 Sep 2019 onward. A contractual overtime base other than the monthly wage.,昆明市工资支付条例 (Kunming Wage Payment Regulation 2019) arts. 15,https://www.kmrd.gov.cn/c/2019-06-18/514716.shtml,2026-09-29,2019-09-01,,GAP,Only the contract monthly wage is seeded.,work_rules.bands,,,
CN-KM-WP09.tax-and-si-withholding,CN-kunming,wages,"Applies: 1 Sep 2019 onward. Art. 16: withhold and remit employee tax, social insurance and the housing-fund share.",昆明市工资支付条例 (Kunming Wage Payment Regulation 2019) arts. 16,https://www.kmrd.gov.cn/c/2019-06-18/514716.shtml,2026-09-30,2019-09-01,,VERIFIED,Probe-proven on 29 Sep 2026: CN-KM-WP09-1. [F24 2026-09-30: the 2026-09-29 probes ran on an env-link overlay of @norbital-ai/bolt 0.0.140; the pinned 0.0.139 was not re-run.],statutory_contributions:IIT; statutory_contributions:PENSION; statutory_contributions:MEDICAL; statutory_contributions:UNEMPLOYMENT; statutory_contributions:INJURY,"Kunming — December 2025 on a 10,000 base, and the 4,357 floor (CN-KM03, KM04, KM05, KM25–27, KM32)",CN-KM-WP09-1,2026-09-29
CN-KM-WP09.court-ordered-support,CN-kunming,wages,Applies: 1 Sep 2019 onward. Art. 16: court-ordered 抚养费/赡养费.,昆明市工资支付条例 (Kunming Wage Payment Regulation 2019) arts. 16,https://www.kmrd.gov.cn/c/2019-06-18/514716.shtml,2026-09-30,2019-09-01,,GAP,Expressible as a NET/SUBTRACT ad hoc class with evidence; not seeded until `tests/counts-toward-matrix.test.ts` lists it.,statutory_contributions:IIT; statutory_contributions:PENSION; statutory_contributions:MEDICAL; statutory_contributions:UNEMPLOYMENT; statutory_contributions:INJURY,,,
CN-KM-WP09.no-deduction-without-basis,CN-kunming,wages,Applies: 1 Sep 2019 onward. Art. 16 is not a blanket permission: any other deduction needs a legal basis.,昆明市工资支付条例 (Kunming Wage Payment Regulation 2019) arts. 16,https://www.kmrd.gov.cn/c/2019-06-18/514716.shtml,2026-09-30,2019-09-01,,GAP,No refusal of an unbased deduction.,statutory_contributions:IIT; statutory_contributions:PENSION; statutory_contributions:MEDICAL; statutory_contributions:UNEMPLOYMENT; statutory_contributions:INJURY,,,
CN-KM-WP10.real-name-ledger,CN-kunming,records,Applies: 1 Sep 2019 onward; construction. Arts. 17–22: real-name attendance and wage ledger kept two years after completion and full payment.,昆明市工资支付条例 (Kunming Wage Payment Regulation 2019) arts. 17–22,https://www.kmrd.gov.cn/c/2019-06-18/514716.shtml,2026-09-29,2019-09-01,,EXTERNAL,No project evidence.,,,,
CN-KM-WP10.wage-account,CN-kunming,records,Applies: 1 Sep 2019 onward; construction. A dedicated wage account and labour-cost funding.,昆明市工资支付条例 (Kunming Wage Payment Regulation 2019) arts. 17–22,https://www.kmrd.gov.cn/c/2019-06-18/514716.shtml,2026-09-29,2019-09-01,,EXTERNAL,No project evidence.,,,,
CN-KM-WP10.guarantee,CN-kunming,records,"Applies: 1 Sep 2019 onward; construction. A wage guarantee (employer-only security, not a worker wage).",昆明市工资支付条例 (Kunming Wage Payment Regulation 2019) arts. 17–22,https://www.kmrd.gov.cn/c/2019-06-18/514716.shtml,2026-09-29,2019-09-01,,EXTERNAL,No project evidence.,,,,
CN-KM-WP10.advance-clearance,CN-kunming,records,Applies: 1 Sep 2019 onward; construction. Contractor and owner advance or clearance duties.,昆明市工资支付条例 (Kunming Wage Payment Regulation 2019) arts. 17–22,https://www.kmrd.gov.cn/c/2019-06-18/514716.shtml,2026-09-29,2019-09-01,,EXTERNAL,No advance evidence.,,,,
CN-KM-WP11,CN-kunming,wages,"Applies: 1 Sep 2019 onward; Kunming covered actor/worker. Treat specified lawful civic, representative, jury and union activities during statutory work time as normal paid work. Capture event class and hours.",昆明市工资支付条例 (Kunming Wage Payment Regulation 2019) arts. 23,https://www.kmrd.gov.cn/c/2019-06-18/514716.shtml,2026-09-29,2019-09-01,,GAP,Register status: No [IN-SYSTEM 2026-09-29]. No CN rule/output probe or evidenced employer workflow; 2019 amendment check open. R48 origin: CN22 (first-pass sample; migration implies no closure).,,,,
CN-KM-WP12.personal-leave-absent-only,CN-kunming,leave,Applies: 1 Sep 2019 onward. Art. 25: personal leave deducts only the absent period’s wage.,昆明市工资支付条例 (Kunming Wage Payment Regulation 2019) arts. 24–25,https://www.kmrd.gov.cn/c/2019-06-18/514716.shtml,2026-09-29,2019-09-01,,VERIFIED,"Probe-proven on 29 Sep 2026: CN-KM-WP12-1 (21,750 ÷ 21.75 = 1,000). [F24 2026-09-30: the 2026-09-29 probes ran on an env-link overlay of @norbital-ai/bolt 0.0.140; the pinned 0.0.139 was not re-run.]",leave_catalogue:MARRIAGE_LEAVE; leave_catalogue:MATERNITY_LEAVE; leave_catalogue:FUNERAL_LEAVE; leave_catalogue:UNPAID_LEAVE,"Shanghai — one day of unpaid personal leave is the 21.75 day (CN-N02, N04)",CN-KM-WP12-1,2026-09-29
CN-KM-WP12.marriage-leave,CN-kunming,leave,Applies: 1 Sep 2019 onward. Art. 24: marriage leave paid under law.,昆明市工资支付条例 (Kunming Wage Payment Regulation 2019) arts. 24–25,https://www.kmrd.gov.cn/c/2019-06-18/514716.shtml,2026-09-29,2019-09-01,,TESTED,Leave golden; CN-KM30-1 proves it but is not listed on this row. Listed 30 Sep 2026.,leave_catalogue:MARRIAGE_LEAVE; leave_catalogue:MATERNITY_LEAVE; leave_catalogue:FUNERAL_LEAVE; leave_catalogue:UNPAID_LEAVE,"${lineage} — annual, maternity, paternity and marriage leave on every sealed version",CN-KM30-1,
CN-KM-WP12.maternity-leave,CN-kunming,leave,Applies: 1 Sep 2019 onward. Art. 24: maternity leave paid under law.,昆明市工资支付条例 (Kunming Wage Payment Regulation 2019) arts. 24–25,https://www.kmrd.gov.cn/c/2019-06-18/514716.shtml,2026-09-29,2019-09-01,,TESTED,"Golden. CN-KM32-1 added 30 Sep 2026, not yet run.",leave_catalogue:MARRIAGE_LEAVE; leave_catalogue:MATERNITY_LEAVE; leave_catalogue:FUNERAL_LEAVE; leave_catalogue:UNPAID_LEAVE,"Kunming — the employer tops the allowance up to the wage (CN-KM32, owner rule 2026-09-28)",CN-KM32-1,
CN-KM-WP12.funeral-leave,CN-kunming,leave,Applies: 1 Sep 2019 onward. Art. 24: funeral leave paid under law.,昆明市工资支付条例 (Kunming Wage Payment Regulation 2019) arts. 24–25,https://www.kmrd.gov.cn/c/2019-06-18/514716.shtml,2026-09-29,2019-09-01,,TESTED,"Golden. CN-KM-WP12-2 added 30 Sep 2026, not yet run.",leave_catalogue:MARRIAGE_LEAVE; leave_catalogue:MATERNITY_LEAVE; leave_catalogue:FUNERAL_LEAVE; leave_catalogue:UNPAID_LEAVE,"both cities — 丧假: three paid days for a parent, the spouse or a child, on every version (CN-N51)",CN-KM-WP12-2,
CN-KM-WP12.family-visit-leave,CN-kunming,leave,Applies: 1 Sep 2019 onward. Art. 24: family-visit leave paid under law or contract.,昆明市工资支付条例 (Kunming Wage Payment Regulation 2019) arts. 24–25,https://www.kmrd.gov.cn/c/2019-06-18/514716.shtml,2026-09-29,2019-09-01,,GAP,Unmodelled (CN-N51 home leave).,leave_catalogue:MARRIAGE_LEAVE; leave_catalogue:MATERNITY_LEAVE; leave_catalogue:FUNERAL_LEAVE; leave_catalogue:UNPAID_LEAVE,,,
CN-KM-WP12.contract-leave-pay,CN-kunming,leave,Applies: 1 Sep 2019 onward. Other leave paid under contract terms.,昆明市工资支付条例 (Kunming Wage Payment Regulation 2019) arts. 24–25,https://www.kmrd.gov.cn/c/2019-06-18/514716.shtml,2026-09-29,2019-09-01,,GAP,No contract leave terms.,leave_catalogue:MARRIAGE_LEAVE; leave_catalogue:MATERNITY_LEAVE; leave_catalogue:FUNERAL_LEAVE; leave_catalogue:UNPAID_LEAVE,,,
CN-KM-WP13.original-wage-twelve-months,CN-kunming,leave,"Applies: 1 Sep 2019 onward. Art. 26: keep original monthly wages during certified work-injury medical leave, normally up to twelve months.",昆明市工资支付条例 (Kunming Wage Payment Regulation 2019) arts. 26,https://www.kmrd.gov.cn/c/2019-06-18/514716.shtml,2026-09-29,2019-09-01,,TESTED,"WORK_INJURY_LEAVE seeded on 工伤保险条例 art. 33; the city article is unread (kmrd.gov.cn timed out). CN-KM-WP13-1 added 30 Sep 2026, not yet run.",leave_catalogue:WORK_INJURY_LEAVE,"Kunming — 停工留薪期: paid work-injury leave, at most 24 months (731 calendar days), certificate required (工伤保险条例 art.33; CN-N21)",CN-KM-WP13-1,
CN-KM-WP13.extension-twelve-months,CN-kunming,leave,Applies: 1 Sep 2019 onward. A city labour-capacity committee may extend at most twelve more months.,昆明市工资支付条例 (Kunming Wage Payment Regulation 2019) arts. 26,https://www.kmrd.gov.cn/c/2019-06-18/514716.shtml,2026-09-29,2019-09-01,,TESTED,Golden: at most 731 calendar days.,leave_catalogue:WORK_INJURY_LEAVE,"Kunming — 停工留薪期: paid work-injury leave, at most 24 months (731 calendar days), certificate required (工伤保险条例 art.33; CN-N21)",,
CN-KM-WP13.grade-switch,CN-kunming,leave,Applies: 1 Sep 2019 onward. Disability-grade assessment changes the payment route.,昆明市工资支付条例 (Kunming Wage Payment Regulation 2019) arts. 26,https://www.kmrd.gov.cn/c/2019-06-18/514716.shtml,2026-09-29,2019-09-01,,GAP,No grade path.,leave_catalogue:WORK_INJURY_LEAVE,,,
CN-KM-WP14,CN-kunming,leave,Applies: 1 Sep 2019 onward; Kunming covered actor/worker. Sick/non-work-injury leave within the statutory medical period has its own sick-pay standard under other law. Do not infer a zero or full-pay rate from this article; identify the governing medical-period/pay instruments.,昆明市工资支付条例 (Kunming Wage Payment Regulation 2019) arts. 27,https://www.kmrd.gov.cn/c/2019-06-18/514716.shtml,2026-09-29,2019-09-01,,SOURCE-BLOCKED,"Register status: No [IN-SYSTEM 2026-09-29]. No CN rule/output probe or evidenced employer workflow; 2019 amendment check open. Tracker status SOURCE-BLOCKED: the governing sick-pay instrument is CN-KM10, whose original was not retrieved. R48 origin: CN22 (first-pass sample; migration implies no closure).",,,,
CN-KM-WP15.first-wage-cycle,CN-kunming,wages,Applies: 1 Sep 2019 onward. Art. 28: stoppage not caused by the worker pays contracted wages within one wage cycle.,昆明市工资支付条例 (Kunming Wage Payment Regulation 2019) arts. 28,https://www.kmrd.gov.cn/c/2019-06-18/514716.shtml,2026-09-29,2019-09-01,,GAP,No stoppage pay state.,,,,
CN-KM-WP15.after-first-cycle,CN-kunming,wages,"Applies: 1 Sep 2019 onward. After that, agree a new pay method with workers who provide labour.",昆明市工资支付条例 (Kunming Wage Payment Regulation 2019) arts. 28,https://www.kmrd.gov.cn/c/2019-06-18/514716.shtml,2026-09-29,2019-09-01,,GAP,No stoppage pay state.,,,,
CN-KM-WP15.national-minimum-branch,CN-kunming,wages,Applies: 1 Sep 2019 onward. National art. 12 preserves the local minimum for normal work and has a separate no-work branch; reconcile.,昆明市工资支付条例 (Kunming Wage Payment Regulation 2019) arts. 28,https://www.kmrd.gov.cn/c/2019-06-18/514716.shtml,2026-09-29,2019-09-01,,GAP,Unreconciled.,,,,
CN-KM-WP16.basis-and-amount,CN-kunming,wages,Applies: 1 Sep 2019 onward. Art. 29: employee-caused-loss recovery needs a contract or collective basis and agreed amount.,昆明市工资支付条例 (Kunming Wage Payment Regulation 2019) arts. 29; 38 second paragraph,https://www.kmrd.gov.cn/c/2019-06-18/514716.shtml,2026-09-29,2019-09-01,,GAP,No claw-back.,,,,
CN-KM-WP16.minimum-remains,CN-kunming,wages,Applies: 1 Sep 2019 onward. Every deduction must leave at least the minimum wage.,昆明市工资支付条例 (Kunming Wage Payment Regulation 2019) arts. 29; 38 second paragraph,https://www.kmrd.gov.cn/c/2019-06-18/514716.shtml,2026-09-29,2019-09-01,,GAP,No remaining-minimum check.,,,,
CN-KM-WP16.written-notice-and-proof,CN-kunming,wages,"Applies: 1 Sep 2019 onward. Arts. 29, 38 para. 2: written cause, amount and timing; the employer bears proof, without which no compensation may be demanded.",昆明市工资支付条例 (Kunming Wage Payment Regulation 2019) arts. 29; 38 second paragraph,https://www.kmrd.gov.cn/c/2019-06-18/514716.shtml,2026-09-29,2019-09-01,,GAP,No evidence input.,,,,
CN-KM-WP16.monthly-20pct-cap,CN-kunming,wages,Applies: 1 Sep 2019 onward. National art. 16: each month’s deduction at most 20% of that month’s wages.,昆明市工资支付条例 (Kunming Wage Payment Regulation 2019) arts. 29; 38 second paragraph,https://www.kmrd.gov.cn/c/2019-06-18/514716.shtml,2026-09-29,2019-09-01,,GAP,The month’s wage is not in the ad hoc band context.,,,,
CN-KM-WP17.discipline-pay,CN-kunming,wages,Applies: 1 Sep 2019 onward. Arts. 30–31: discipline does not remove pay for normal work.,昆明市工资支付条例 (Kunming Wage Payment Regulation 2019) arts. 30–31,https://www.kmrd.gov.cn/c/2019-06-18/514716.shtml,2026-09-29,2019-09-01,,GAP,No pay-state input.,,,,
CN-KM-WP17.non-custodial-status,CN-kunming,wages,Applies: 1 Sep 2019 onward. Non-custodial criminal status does not remove pay for normal work; changed jobs need changed terms.,昆明市工资支付条例 (Kunming Wage Payment Regulation 2019) arts. 30–31,https://www.kmrd.gov.cn/c/2019-06-18/514716.shtml,2026-09-29,2019-09-01,,GAP,No status input.,,,,
CN-KM-WP17.reinstatement-wages,CN-kunming,wages,Applies: 1 Sep 2019 onward. Reversal of a dismissal can require wages for the arbitration/litigation period at the original rate.,昆明市工资支付条例 (Kunming Wage Payment Regulation 2019) arts. 30–31,https://www.kmrd.gov.cn/c/2019-06-18/514716.shtml,2026-09-29,2019-09-01,,GAP,No reinstatement input.,,,,
CN-KM-WP18.true-records-on-inspection,CN-kunming,other,Applies: 1 Sep 2019 onward. Art. 34: provide true records on inspection.,昆明市工资支付条例 (Kunming Wage Payment Regulation 2019) arts. 32–40,https://www.kmrd.gov.cn/c/2019-06-18/514716.shtml,2026-09-29,2019-09-01,,EXTERNAL,No evidence.,,,,
CN-KM-WP18.advance-injury-pay,CN-kunming,other,Applies: 1 Sep 2019 onward. Art. 39: possible advance injury pay.,昆明市工资支付条例 (Kunming Wage Payment Regulation 2019) arts. 32–40,https://www.kmrd.gov.cn/c/2019-06-18/514716.shtml,2026-09-29,2019-09-01,,EXTERNAL,No evidence.,,,,
CN-KM-WP18.serious-arrears,CN-kunming,other,Applies: 1 Sep 2019 onward. Art. 40: response to serious arrears; government investigation powers are external.,昆明市工资支付条例 (Kunming Wage Payment Regulation 2019) arts. 32–40,https://www.kmrd.gov.cn/c/2019-06-18/514716.shtml,2026-09-29,2019-09-01,,EXTERNAL,Written scope disposition open.,,,,
CN-KM-WP19.correction-orders,CN-kunming,other,"Applies: 1 Sep 2019 onward. Arts. 41–46: correction orders can require wage shortfalls, overtime and separation compensation.",昆明市工资支付条例 (Kunming Wage Payment Regulation 2019) arts. 41–46,https://www.kmrd.gov.cn/c/2019-06-18/514716.shtml,2026-09-29,2019-09-01,,EXTERNAL,No order input.,,,,
CN-KM-WP19.additional-50-100pct,CN-kunming,other,"Applies: 1 Sep 2019 onward. After non-payment, an extra 50%–100% of amounts due.",昆明市工资支付条例 (Kunming Wage Payment Regulation 2019) arts. 41–46,https://www.kmrd.gov.cn/c/2019-06-18/514716.shtml,2026-09-29,2019-09-01,,EXTERNAL,No order input.,,,,
CN-KM-WP19.fines,CN-kunming,other,Applies: 1 Sep 2019 onward. Construction and obstruction fines depend on the order; never deduct an employer fine from a worker.,昆明市工资支付条例 (Kunming Wage Payment Regulation 2019) arts. 41–46,https://www.kmrd.gov.cn/c/2019-06-18/514716.shtml,2026-09-29,2019-09-01,,EXTERNAL,No fine is deducted.,,,,
CN-KM-WP20.impermissible-withholding,CN-kunming,other,"Applies: 1 Sep 2019 onward. Art. 48 defines impermissible wage withholding and delay, with listed exceptions; official misconduct is government-actor scope.",昆明市工资支付条例 (Kunming Wage Payment Regulation 2019) arts. 47–49,https://www.kmrd.gov.cn/c/2019-06-18/514716.shtml,2026-09-29,2019-09-01,,EXTERNAL,Written scope disposition open.,,,,
CN-KM-WP20.commencement-and-repeal,CN-kunming,other,Applies: 1 Sep 2019 onward. Art. 49: the text starts 1 September 2019 and repeals the 2004 city regulation.,昆明市工资支付条例 (Kunming Wage Payment Regulation 2019) arts. 47–49,https://www.kmrd.gov.cn/c/2019-06-18/514716.shtml,2026-09-29,2019-09-01,,EXTERNAL,Amendment history check open.,,,,
CN-KM-WP21,CN-kunming,wages,"Applies: 1 Sep 2019 onward; Kunming covered actor/worker. Second-pass branch found, 26 September: where no lawful written employment contract exists and the wage amount is disputed, the employer bears proof; if it cannot prove the amount, pay by reference to the employer's same-job average wage. This is a dispute/evidence outcome, not a general default for missing salary data. Capture contract status, dispute/order, employer proof result, job comparability, same-employer peer wage period and the adjudicated amount. Probe a proven amount against an unproven amount with a different same-job average, then verify correction and saved pay. No CN input, calculation or output path exists.",昆明市工资支付条例 (Kunming Wage Payment Regulation 2019) arts. 38 first paragraph,https://www.kmrd.gov.cn/c/2019-06-18/514716.shtml,2026-09-29,2019-09-01,,EXTERNAL,Register status: No [IN-SYSTEM 2026-09-29]. No CN rule/output probe or evidenced employer workflow; 2019 amendment check open. R48 origin: CN22 (first-pass sample; migration implies no closure).,,,,
CN-SH-A2.art47-average,CN,severance,"Applies: 1 Dec 2025 onward; a leaver hired in the exit month. LCL art. 47 and Regulation art. 27: the monthly average is the contract monthly wage when the stint served no month before the exit month (recorded default, law silent).",Labour Contract Law art.47; LCL Implementing Regulation art.27,https://xzfg.moj.gov.cn/front/law/detail?LawID=284,2026-09-28,2025-12-01,,TESTED,"Golden 11,000; Kunming 5,000. CN-SH50-3 added 30 Sep 2026, not yet run.",exit_facts.lcl47_average_monthly_wage; adhoc_catalogue:SEVERANCE_PAY,Both cities — 经济补偿 for a leaver hired in the exit month: the one month worked at the wage due (CN-SH-A2),CN-SH50-3,
CN-SH-A2.art20-previous-month,CN,severance,Applies: 1 Dec 2025 onward; the same leaver. Regulation art. 20: the art. 40 month in lieu at the previous month’s wage reads the contract month likewise.,Labour Contract Law art.47; LCL Implementing Regulation art.27,https://xzfg.moj.gov.cn/front/law/detail?LawID=284,2026-09-30,2025-12-01,,TESTED,"Golden: art. 40 without notice 33,000. Probe CN-N41-5 (art.40 without notice: 10,000 + May’s 10,000) added 30 Sep 2026, not yet run.",exit_facts.lcl47_average_monthly_wage; adhoc_catalogue:SEVERANCE_PAY,Both cities — 经济补偿 for a leaver hired in the exit month: the one month worked at the wage due (CN-SH-A2),CN-N41-5,
CN-KM-A1.six-month-spread,CN-kunming,tax,"Applies: 1 Jan 2019 onward; non-residents. MOF/STA 2019 No. 35 item 3(2): a 数月奖金 received in one month is taxed apart from that month’s wages, [(bonus ÷ 6) × rate − quick deduction] × 6, no deduction.",MOF/STA 2019 No.35 item 3(2),https://fgk.chinatax.gov.cn/zcfgk/c102416/c5202332/content.html,2026-09-30,2019-01-01,,VERIFIED,"Probe-proven on 29 Sep 2026: CN-KM-A1-1 (4,740). CN-N10-2 (Shanghai carries the same rule) added 30 Sep 2026, not yet run. [F24 2026-09-30: the 2026-09-29 probes ran on an env-link overlay of @norbital-ai/bolt 0.0.140; the pinned 0.0.139 was not re-run.]",statutory_contributions:IIT_BONUS; adhoc_catalogue:ANNUAL_BONUS_SEPARATE,"Kunming — a non-resident’s multi-month bonus: ÷ 6 on the monthly table, × 6, apart from the wage, once a year (MOF/STA 2019 No.35 item 3(2); CN-KM-A1)",CN-KM-A1-1; CN-N10-2,2026-09-29
CN-KM-A1.once-per-year,CN-kunming,tax,Applies: 1 Jan 2019 onward. Once per non-resident per calendar year.,MOF/STA 2019 No.35 item 3(2),https://fgk.chinatax.gov.cn/zcfgk/c102416/c5202332/content.html,2026-09-30,2019-01-01,,TESTED,"Golden. CN-KM-A1-2 added 30 Sep 2026, not yet run.",statutory_contributions:IIT_BONUS; adhoc_catalogue:ANNUAL_BONUS_SEPARATE,"Kunming — a non-resident’s multi-month bonus: ÷ 6 on the monthly table, × 6, apart from the wage, once a year (MOF/STA 2019 No.35 item 3(2); CN-KM-A1)",CN-KM-A1-2,
CN-X-SCOPE,CN,other,Register scope and certification: every payroll/HR obligation at a Shanghai or Kunming worksite from 1 December 2025; certification open for both cities; no CN production probe; the source denominator is not closed.,"China obligation register (review contract, review log)",https://rsj.sh.gov.cn/tgwgfx_17726/,2026-09-29,2025-12-01,,PARTIAL,"Certification open: no production-path probe for either city; source denominator open. [R48 migration] The complete R48 China sample is carried into this independent register; R48's own wording was a first-pass sample, so migration does not imply legal completeness. Its 26 national/local IDs map as follows. All 21 `CN-KM-WP` article IDs retain the same number in the article register above. R48's proposed examples remain expectations, not executed results. The shared tracker can be removed only after all nine jurisdiction registers, not merely this one, have been reconciled. [R48 migration] The 2026 Shanghai sick-pay expiry, Shanghai construction-wage measure, maternity/parental branches, extended contract/bereavement rules and independent HR obligations were not closed by R48; they are separately inventoried above. No R48 CN gap is marked implemented or legally closed by this migration. [Source and coverage review 28 Sep 2026] Independent source review of this register. Each finding was re-checked by a second pass before it was applied. Nothing below is certified; every row stays `No`. [Source and coverage review 28 Sep 2026] Sources replaced in place (amendment history kept in the row): CN-N03 2026 holiday schedule now cites the State Council General Office notice 国办发明电〔2025〕7号, not a Gansu county copy. CN-N07 now cites the Social Insurance Law as consolidated after the 29 Dec 2018 amendment of arts. 57, 64 and 66 (the 2010 gov.cn link is dead) and the NPC text of the Medical Security Law (adopted 28 Aug 2026, effective 1 Jan 2027). CN-N08 and CN-SH44 cite State Council Order 844 on gov.cn and the Gazette 2026 No. 24, not a Ministry of Ecology and Environment copy. CN-N14 and CN-SH25 cite Order 56 in the State Council Gazette 2026 No. 16 as a five-department rule (the Tianjin tax copy returned 403). CN-N15 cites Order 724 in the Gazette 2020 No. 2 (old link 404). CN-N33/N34 cite 人社部发〔2026〕39号 on gov.cn. CN-SH05 cites the formal HRSS announcement of 18 Aug 2026 (CNY12,577 2025 average). CN-SH06 cites 沪医保规〔2026〕2号 on the Shanghai Medical Security Bureau site. CN-SH36 cites the Shanghai Tax Bureau copy of 通告2026年第1号. CN-KM13 cites the Yunnan HRSS text of 云人社发〔2013〕98号. CN-KM04 and CN-KM05 now cite agency pages read in the in-app browser. The narrative bullets in the 26 September section above still show the old links as a record of that pass. [Source and coverage review 28 Sep 2026] Corrected content: CN-SH03's CNY75 is total overtime pay, not premium (premium CNY25). CN-SH38's end-September deadline and late-fee waiver rest on the HRSS announcement. CN-KM04 now holds the 7% employer rate from 1 Jan 2023 and the major-medical charge as a per-head formula with truncation, replacing a fixed CNY43.57 constant. CN-N24 now states the MOF 2023 No. 8 tiers, the ≤30-staff exemption and the MOF 2019 No. 98 cap. [Source and coverage review 28 Sep 2026] New rows: CN-N36–N54 (trade-union funds, SPC Interpretation (II), IIT tables, termination-payment tax, overtime caps, contract/severance rules, non-compete and training, other IIT reliefs, first mid-year salary, non-domiciled workers, equity and labour remuneration, annual reconciliation, HK/Macao/Taiwan SI, SI late fees, Minimum Wage Provisions, marriage/funeral/home leave, record retention, a sourced exclusion for night premium and 13th-month pay, housing-rent tier); CN-SH49–50 (disability levy extension to 2030, published average wage for caps); CN-KM29–38 (unemployment handling rules, marriage and surgery leave, Kunming maternity rules, 2026 flexible-worker maternity, retirement medical years, Yunnan union funds, Yunnan disability levy, autonomous-county holidays, only-child award). [Round 4 28 Sep 2026 (owner rule)] Owner rule 2026-09-28: where the law states a rule it is followed exactly; where it is silent the most defensible lawful default is sealed and recorded as ""law silent; default X; lawful because Y"". [Round 4 28 Sep 2026 (owner rule)] Engine, reported not patched (shared code): exit-fact defaults are not applied on the scheme assessment site (`IIT_SEVERANCE` repeats the default); the ad hoc entry site has no leave data (`leave: {}` in `src/lib/payroll/money.ts`, `period.leave_pay` filled only for schemes), so the maternity offset cannot cap itself at the leave days' wage in a part month; leave events carry no infant count (CN-N20; closed 28 Sep 2026: the recorded children are the count, and fewer than two on a multiple birth refuses); the daily overtime warning cites no authority (CN-N40). [CN registration-status audit 29 Sep 2026] Review of remaining `No` local rows found no standalone, source-complete seed transcription: Shanghai project injury needs project assessment; Shanghai long-term care correctly has no additional payroll contribution but needs an output probe; Kunming heat allowance needs exposure/workday facts and a current-amendment check; the other rows need missing worker/event/history inputs, shared rule behavior, issuer text, or evidence workflow. [Round 5 29 Sep 2026] Sources replaced: 财税〔2008〕8号 → [STA law library](https://fgk.chinatax.gov.cn/zcfgk/c102416/c5203344/content.html) in every seed version (the gov.cn copy is 404; the [Shanghai tax bureau forwarding](https://shanghai.chinatax.gov.cn/zcfw/zcfgk/grsds/200804/t288933.html) is live too); 劳部发〔1994〕489号 → [MOHRSS](https://www.mohrss.gov.cn/xxgk2020/gzk/gz/202112/t20211228_431557.html); 劳部发〔1995〕309号 item 59 → [MOHRSS](https://www.mohrss.gov.cn/xxgk2020/fdzdgknr/zcfg/gfxwj/zh/202103/t20210330_412011.html); 未成年工特殊保护规定 → [MOHRSS](https://www.mohrss.gov.cn/xxgk2020/fdzdgknr/zcfg/bmgz/202011/t20201102_394656.html); 国税发〔1999〕58号 → [STA](https://fgk.chinatax.gov.cn/zcfgk/c100012/c5193283/content.html); 164号 Heilongjiang copy dropped for the STA copy; IIT Law and 财税〔2006〕10号 now linked in every IIT authority; the dead State Council Gazette link is removed from CN-N08; the dead shzfgjj.cn links in the Shanghai fund authorities are replaced by the live 2023 measure art. 17 and the HRSS average-wage notices. [Round 5 29 Sep 2026] Seeded (every version): CN-N55 exempt receipts; `FUNERAL_LEAVE` (CN-N51); Shanghai `HEAT_ALLOWANCE` (CN-SH19); Kunming `WORK_INJURY_LEAVE` (CN-N21, CN-KM-WP13); the `work_rules.encashment` authority text corrected (CN-N06). Kunming rent-versus-loan refusal probed (CN-N54). [Round 5 29 Sep 2026] Shared code, not changed here: `tests/counts-toward-matrix.test.ts` must add the five new classes to `MATRIX['CN-shanghai']`. Still unmodelled for want of an engine input or path: comprehensive-hours schedules (CN-N01), 调休 working days (CN-N03, `jurisdiction_holidays.kind`), stoppage pay and the 20% damage claw-back (CN-N04, CN-SH04), annual-leave disqualifications and in-service refusal (CN-N05, N17, N18), retirement cohorts and post-age workers (CN-N13, N14), treaty SI exemptions (CN-N25), part-time and dispatch classes (CN-N27, N28), the SI opt-out gate (CN-N37), non-resident termination pay (CN-N39), per-month relief caps (CN-N43), intern, foreign-apportionment, equity and HK/Macao/Taiwan branches (CN-N44–N48), Shanghai sick-pay and injury average pay (CN-SH12, SH20), Kunming per-day heat (CN-KM13), fund true-ups (CN-SH38, SH43–46, CN-KM22). [Round 5 29 Sep 2026] Unreachable 29 Sep 2026: shzfgjj.cn (DNS), hrss.yn.gov.cn, kmrd.gov.cn, heilongjiang.chinatax.gov.cn (timeouts), flk.npc.gov.cn (no render), yn.gov.cn (403). [Directly observed implementation gap] CN sealed jurisdiction settings, statutory schemes, leave catalogues and dated Shanghai/Kunming selection now exist with targeted golden probes. Production and saved-input output remain unverified. [First independent probes (expected examples, not production results)] `CN-SH01` versus `CN-KM01`: same CNY2,740 (Shanghai) or CNY2,170 (core Kunming) normal full-time gross with CNY200 employee statutory share must produce different floor decisions. `CN-N09`: November same-employer YTD taxable CNY35,000 and tax CNY1,050, December incremental taxable CNY2,000 → December withholding CNY130; test zero floor, January reset and nonresident branch. `CN-N06`: CNY21,750 12-month qualifying average, two unused annual-leave days, normal wage already paid → additional CNY4,000. `CN-SH03`: CNY4,350 overtime base → CNY25/hour and CNY75 for two extra weekday hours. `CN-KM02`: core district CNY2,170 monthly passes August 2026, fails September by CNY100. These are expected examples from legal sources, not production results. [Register scope] Scope: employment and payroll from 1 December 2025 onward, at an actual Shanghai or Kunming worksite. Review date: 27 September 2026; source and coverage review 28 September 2026. This is the independent China obligation register. Certification: open for both cities. There is no `seed/jurisdiction/CN/` profile or CN production probe. A documented obligation is not evidence that its calculation, remittance or delivery works. [Review contract] Every ID below needs: (1) controlling national/provincial/city text and amendment history, (2) effective interval, (3) actor and worker classification, (4) required input and its provenance, (5) sealed rule version or an explicit external workflow, (6) independent normal, boundary and exception cases against saved payroll output, and (7) a second legal review. A blank input must refuse a payroll run where it controls a payable; it must not select a convenient default. A newly published rate must be a new dated version, including any retroactive top-up liability. `OPEN` means some of this evidence is missing. [Legal-source denominator] The population to certify is all employer and worker payroll/HR obligations applicable to an employment or covered worker relationship at a Shanghai or Kunming worksite for each date from 1 December 2025, including conditional construction, platform, dispatch, public-benefit, public-research and post-retirement branches. Amounts paid directly by a public insurance agency to a former worker, and government-only administration, are excluded from the ordinary employer calculation only after actor and payer are recorded; any employer contribution, document, claim, top-up or repayment duty returns to scope. Contractual and collective terms can increase statutory minima and must be recorded as inputs. This register is not yet a closed source denominator. [Register note] `No` below means the required automated mechanism or auditable human/organizational workflow lacks production evidence. It is not a statement that every individual employer presently violates the underlying law. Government-only or inapplicable branches are described in the actor/scope text, not silently erased.",,,,
CN-X-WORKSITE.performance-place-standard,CN,other,Minimum-wage and labour-protection standards apply at the actual contract performance place (Regulation art. 14).,LCL Implementing Regulation art.14; Shanghai HRSS cross-city work Q&A; Shanghai HRSS cross-city SI remittance answer,https://xzfg.moj.gov.cn/front/law/detail?LawID=284,2026-09-29,2008-01-01,,IMPLEMENTED,Guard `payroll.worksite_coverage` in every CN version; saved probes in `tests/cn-worksite-profile.test.ts` not yet run.,work_rules.wages.by_region; payroll.worksite_coverage; payroll.registration_scope,,,
CN-X-WORKSITE.higher-agreed-employer-standard,CN,other,The parties may agree a higher employer-registration-place standard instead.,LCL Implementing Regulation art.14; Shanghai HRSS cross-city work Q&A; Shanghai HRSS cross-city SI remittance answer,https://xzfg.moj.gov.cn/front/law/detail?LawID=284,2026-09-29,2008-01-01,,GAP,Unsupported; a mixed-city company cannot be priced.,work_rules.wages.by_region; payroll.worksite_coverage; payroll.registration_scope,,,
CN-X-WORKSITE.si-follows-employment,CN,other,"Social-insurance enrolment follows the employing relationship and local registration, not the physical worksite.",LCL Implementing Regulation art.14; Shanghai HRSS cross-city work Q&A; Shanghai HRSS cross-city SI remittance answer,https://xzfg.moj.gov.cn/front/law/detail?LawID=284,2026-09-29,2008-01-01,,IMPLEMENTED,`payroll.registration_scope` LINEAGE; per-employment SI/fund locality unsupported.,work_rules.wages.by_region; payroll.worksite_coverage; payroll.registration_scope,,,
CN-X-SI-ROUNDING.social-insurance-fen,CN,rounding,"Social-insurance shares round to the fen, half-up, per side (law silent; owner-rule default, lawful because no instrument prescribes coarser rounding).",Shanghai Tax Bureau employer SI payment guide (no rounding stated); Kunming county HRSS 2026 examples,https://shanghai.chinatax.gov.cn/xwdt/ztzl/zcgll/sbfxc/jfdw/202206/t463153.html,2026-09-28,2025-12-01,,TESTED,Golden: the Kunming county examples. Probes CN-SH40-1 (188.655 → 188.66) and CN-KM25-1 ran 29 Sep 2026; the parent carried no verified_at.,statutory_contributions:PENSION; statutory_contributions:MEDICAL; statutory_contributions:UNEMPLOYMENT; statutory_contributions:INJURY; statutory_contributions:MATERNITY,"Kunming — September 2026 at the 4,403 floor matches the county HRSS examples (CN-KM25, KM26)",CN-SH40-1; CN-KM25-1,
CN-X-SI-ROUNDING.housing-fund-yuan,CN,rounding,"Housing-fund shares round separately to the whole yuan per side (CN-SH09/SH40, CN-KM18–23).",Shanghai Tax Bureau employer SI payment guide (no rounding stated); Kunming county HRSS 2026 examples,https://shanghai.chinatax.gov.cn/xwdt/ztzl/zcgll/sbfxc/jfdw/202206/t463153.html,2026-09-28,2025-12-01,,TESTED,Golden. CN-SH40-1 ran 29 Sep 2026; the parent carried no verified_at.,statutory_contributions:PENSION; statutory_contributions:MEDICAL; statutory_contributions:UNEMPLOYMENT; statutory_contributions:INJURY; statutory_contributions:MATERNITY,Shanghai — each fund share rounds to the yuan on its own side (CN-SH40),CN-SH40-1,
CN-X-DRIFT-SOURCES,CN,records,"The statutory-drift automation must research every China, Shanghai, Yunnan and Kunming issuer (official hosts only, no commercial republishers).",Official issuer list for CN drift research,https://www.gov.cn,2026-09-28,2025-12-01,,IMPLEMENTED,"Resolved 28 Sep 2026; statutory-drift.test fails for any seeded jurisdiction without sources. Hosts are a src constant keyed on the jurisdiction code. [Source and coverage review 28 Sep 2026] Outside this file: `src/lib/statutory_sources.ts` has keys MY, SG, TW, PH, ID and VN only, so the drift automation researches no China, Shanghai, Yunnan or Kunming issuer. The list is per lineage and there is no `seed/jurisdiction/CN/` profile, so a CN entry (flk.npc.gov.cn, npc.gov.cn, gov.cn, mohrss.gov.cn, chinatax.gov.cn, fgk.chinatax.gov.cn, nhsa.gov.cn, rsj.sh.gov.cn, ybj.sh.gov.cn, shzfgjj.cn, shanghai.chinatax.gov.cn, shanghai.gov.cn, service.shanghai.gov.cn, czj.sh.gov.cn, hrss.yn.gov.cn, yn.gov.cn, ylbz.yn.gov.cn, kmrd.gov.cn, ybj.km.gov.cn, zfgjj.km.gov.cn; no commercial republishers) should land together with that lineage. Resolved 28 September 2026: `STATUTORY_SOURCES.CN` (both city lineages share jurisdiction code CN) carries that list plus xzfg.moj.gov.cn, and statutory-drift.test fails for any seeded jurisdiction without sources. The shared matrix, fixture and leave-completeness tests now register CN-shanghai and CN-kunming; since the second pass below their leave golden also measures the seeded annual, maternity, paternity and marriage rows. The 2026 adjusted working Saturdays/Sundays (CN-N03) have no representation: `jurisdiction_holidays.kind` has no working-day value, so they need roster rows.",sources.research_domains,,,
CN-X-AGENCY-BENEFITS,CN-shanghai,other,"Shanghai 2026 unemployment-benefit administration, enterprise pension-benefit calculation, unemployment-benefit rate, unemployed-person holiday aid, and resident-pension/survivor-benefit notices are agency-paid or former-worker benefits: no current employee wage deduction or employer wage payment.",Shanghai HRSS 2026 benefit notices,https://rsj.sh.gov.cn/tshbx_17729/20260812/t0035_1443067.html,2026-09-27,2025-12-01,,NOT-APPLICABLE,"Sourced exclusion; employer exit/insurance-record duties remain CN-N07/N22; employer-paid survivor liability is CN-SH28. [Second-pass index reconciliation 26 Sep 2026] [2026 Shanghai unemployment benefit administration](https://rsj.sh.gov.cn/tshbx_17729/20260812/t0035_1443067.html), [enterprise pension benefit calculation](https://rsj.sh.gov.cn/tshbx_17729/20260813/t0035_1443100.html), [unemployment benefit rate](https://rsj.sh.gov.cn/tshbx_17729/20260702/t0035_1442080.html), [unemployed-person holiday aid](https://rsj.sh.gov.cn/tshbx_17729/20260127/t0035_1438246.html), and resident-pension/survivor-benefit notices concern agency-paid or former-worker benefits. They create no ordinary current employee wage deduction or employer wage payment in this register; employer exit/insurance-record duties remain CN-N07/22. A specific employer-paid survivor liability belongs in CN-SH28.",,,,
CN-X-SH-ORDERS.order-24,CN-shanghai,other,Shanghai Government Order 24 (from 1 March 2026) repealed the old Basic Medical Insurance Supervision Measure without setting a premium.,Shanghai Government Orders 24 and 26,https://www.shanghai.gov.cn/cmsres/c0/c01352c7097348e3b944aa7b51fc22cd/641299459056befae1a84cdcc8c4977d.pdf,2026-09-27,2026-03-01,,NOT-APPLICABLE,Sourced exclusion.,,,,
CN-X-SH-ORDERS.order-26,CN-shanghai,other,"Order 26 (from 15 August 2026) changes sanitation, noise and radiation rules: no payroll-rate branch.",Shanghai Government Orders 24 and 26,https://www.shanghai.gov.cn/cmsres/c0/c01352c7097348e3b944aa7b51fc22cd/641299459056befae1a84cdcc8c4977d.pdf,2026-09-27,2026-08-15,,NOT-APPLICABLE,Sourced exclusion; sector safety duties need a separate review.,,,,
CN-SRC-NAT,CN,other,"Source family: National legislature, State Council, MOHRSS, STA, NHSA and housing-fund ministry — every instrument operative from 1 Dec 2025 must be mapped.",National issuer denominator,https://www.mohrss.gov.cn,2026-09-27,2025-12-01,,PARTIAL,"Partial: employment, wage, leave, SI, IIT, safety, injury, retirement and construction texts mapped in CN-N rows; subsidiary notices, amendments and 2026 effective-date review open. [Source family] National legislature, State Council, MOHRSS, STA, NHSA and housing-fund ministry: Partial. Employment, wage, leave, SI, IIT, safety, injury, retirement and construction texts mapped in CN-N; subsidiary notices, amendments and 2026 effective-date review remain open.",,,,
CN-SRC-SH-HRSS,CN-shanghai,other,Source family: Shanghai HRSS current normative index — every still-effective instrument must be mapped.,Shanghai HRSS current normative index,https://rsj.sh.gov.cn/tgwgfx_17726/,2026-09-27,2025-12-01,,PARTIAL,"Two 2025–26 index pages screened 26 Sep 2026; older valid instruments and invalidated predecessors open. [Second-pass index reconciliation 26 Sep 2026] On 26 September 2026 the [Shanghai HRSS current index](https://rsj.sh.gov.cn/tgwgfx_17726/) and [preceding page](https://rsj.sh.gov.cn/tgwgfx_17726/index_2.html) were screened for 2025–26 instruments operative in the review window. The newly found employer/worker branches are CN-SH22–33. The earlier CN-SH02, 07–08, 11–12 and 16 already map other listed instruments. These two index pages are a dated delta search, not a closed denominator of all still-effective older Shanghai law; tax, medical-insurance, housing-fund, municipal legislature and national portals remain separate source families. [Second-pass index reconciliation 26 Sep 2026] Direct links and claimed rates/dates in newly added CN-SH22–33 and the provincial transition in CN-KM16 were read against their cited issuing/hosting official texts. Other pre-existing rows were not all independently revalidated in this pass; each retains its own open source/implementation status. [Source family] Shanghai HRSS current normative index: Two 2025–26 index pages screened on 26 September 2026; mapped or expressly disposed below. Older valid instruments and invalidated/predecessor versions remain open.",,,,
CN-SRC-SH-AGENCIES,CN-shanghai,other,"Source family: Shanghai municipal legislature/government, medical bureau, housing-fund centre and local tax bureau.",Shanghai agency directories,https://www.shzfgjj.cn/html/newxxgk/zcjd/228183.html,2026-09-29,2025-12-01,,SOURCE-BLOCKED,"shzfgjj.cn unresolvable (DNS, 28–29 Sep 2026: curl, WebFetch, in-app browser; no Internet Archive 200 snapshot). [Second-pass index reconciliation 26 Sep 2026] A separate 26 September delta read of [Shanghai's 2026 medical-rate renewal](https://shanghai.chinatax.gov.cn/zzzb/zcwj/202603/t479836.html), [2025 predecessor](https://shanghai.chinatax.gov.cn/zzzb/zcwj/202508/t477427.html), [2026 annual contribution-wage filing notice](https://www.shanghai.gov.cn/gwk/search/content/ca6685bd116e4ff29a32303c6405851b), and the [current long-term-care pilot](https://www.shanghai.gov.cn/202602bgtwj/20260122/83a46aaeed2448e4a54666ceb3d663df.html) produced CN-SH06/36–37. [Yunnan's 2023 tax declaration order](https://ylbz.yn.gov.cn/index.php?c=show&id=3576) produced CN-KM17. The [national 2026 long-term-care plan](https://www.nhsa.gov.cn/art/2026/3/26/art_53_20040.html) produced CN-N35. These were missed by the two-page Shanghai HRSS index search because their issuing families differ; that is concrete evidence why the issuer denominator is still open. [Source and coverage review 28 Sep 2026] Still blocked on 28 Sep 2026: the 2026 Shanghai housing-fund committee notice 沪公积金管委会〔2026〕3号 on shzfgjj.cn (curl no connection within 20 s; in-app browser ERR_NAME_NOT_RESOLVED), so CN-SH40 and CN-SH45–48 still rest on non-official republications (pd-italent.com, hrlib.ciic-cloud.cn, sohu.com, thepaper.cn). No 2026 Shanghai employer unemployment-rate instrument was found (CN-SH06), and no 2026 national or Yunnan continuation of the 0.7%/0.3% rate (CN-KM27). kmrd.gov.cn, yn.gov.cn, ylbz.yn.gov.cn, ygj.yn.gov.cn, yncxym.gov.cn and dhlc.gov.cn gave no response to a 15 s curl; web.ymu.edu.cn (CN-KM16) returned 403, m12333.cn (CN-KM05) 412, the rsj.beijing.gov.cn PDF (CN-N29, CN-SH15) 521, and the MOJ explanation of Order 844 redirected (302). The in-app browser does reach ybj.km.gov.cn and zfgjj.km.gov.cn. The mohrss.gov.cn copy of a Kunming wage regulation is the repealed 2004 text and must not be used for CN-KM-WP rows. [Directly observed implementation gap] Several signed local insurance notices, directly accessible 2026 Shanghai/Kunming housing-fund issuer texts, 2026 employer-unemployment continuation, other payment rounding, local sick/maternity pay and Kunming medical-period rules remain missing. Shanghai's official 2025 fund notice and the 2026 fund notice's identified issuer URL are already recorded; the latter must still be independently read. A payroll amount computed from an unverified rate would not be certified. [Source family] Shanghai municipal legislature/government, medical bureau, housing-fund centre, local tax bureau: Partial. Dated 2025/2026 medical-rate notices, 2021/2026 long-term-care pilot versions, 2026 tax annual SI-wage filing notice, the 2023 housing-fund management measure and 2025/2026 annual housing-fund notices are mapped below. The official [2025 fund-centre Q&A](https://www.shzfgjj.cn/html/newxxgk/zcjd/228183.html) and [2026 centre-attributed government-channel Q&A](https://www.thepaper.cn/newsDetail_forward_33614059) confirm per-side whole-yuan half-up rounding; this closes the Shanghai formula question, not output verification. The full agency directories, 2026 employer unemployment renewal, 2025 annual SI-filing predecessor and maternity-medical successor remain open. The 2026 fund-centre notice's issuer URL was identified but timed out; its full text was checked against a republication attributed to the centre.",,,,
CN-SRC-YN,CN-kunming,other,"Source family: Yunnan government, HRSS, medical bureau and housing-fund authority.",Yunnan provincial current-law directory,https://www.yn.gov.cn/zwgk/zfxxgkpt/gkptzcwj/xzgfxwj/,2026-09-29,2025-12-01,,SOURCE-BLOCKED,"hrss.yn.gov.cn and ylbz/ygj timed out; yn.gov.cn 403 in the browser (28–29 Sep 2026). [Second-pass index reconciliation 26 Sep 2026] The [Yunnan provincial current-law directory](https://www.yn.gov.cn/zwgk/zfxxgkpt/gkptzcwj/xzgfxwj/) was read; its linked Yunnan HRSS, medical-insurance and Kunming city directories timed out in this pass. Accordingly their full current-law and repeal catalogues were not reconciled. CN-KM03–05, 10, 13, 16 and CN-KM-WP01–21 retain explicit missing-original/amendment flags; no source-denominator closure or city certification follows from this pass. [Source family] Yunnan government, HRSS, medical bureau and housing-fund authority: Partial. Current Yunnan government directory and named texts read; linked HRSS/medical indexes timed out, and originals for multiple rates and Kunming long-term-care transition remain open.",,,,
CN-SRC-KM,CN-kunming,other,"Source family: Kunming legislature, government, medical bureau and housing-fund centre.",Kunming city directories,https://www.kunming.cn/news/upload/resources/file/2024/10/12/1728062.pdf,2026-09-29,2025-12-01,,SOURCE-BLOCKED,"kmrd.gov.cn timed out / ERR_EMPTY_RESPONSE; zfgjj.km.gov.cn 2026 notice timed out (28–29 Sep 2026). [Source family] Kunming legislature, government, medical bureau and housing-fund centre: Partial. 2019 city wage text inventoried by article; post-2019 amendment/repeal catalogue and current city directory inaccessible in this pass. A full-text reproduction of the 2020 housing-fund management measure was reconciled with a [Kunming city-published policy schedule](https://www.kunming.cn/news/upload/resources/file/2024/10/12/1728062.pdf) that identifies its number, effect and rate/hardship branches; its original issuer text and intervening amendments still need retrieval. Worksite district, medical and 2025/2026 housing notice originals remain open.",,,,
