id,profile,area,provision,citation,url,source_checked,effective_from,effective_to,status,reason,config_path,golden,probe,verified_at
JP-SCOPE-01,JP,other,"National law versus prefectural, municipal, insurer, industry and worker-specific law; effective date selected by event, pay-due, pay, contribution or fiscal year as each instrument prescribes.",MHLW minimum wage (https://www.mhlw.go.jp/stf/seisakunitsuite/bunya/0000041788.html); NTA 2026 withholding (https://www.nta.go.jp/publication/pamph/gensen/zeigakuhyo2026/01.htm); JPS rates (https://www.nenkin.go.jp/service/kounen/hokenryo/ryogaku/ryogakuhyo/20200825.html),https://www.mhlw.go.jp/stf/seisakunitsuite/bunya/0000041788.html,2026-09-30,2025-12-01,,PARTIAL,"Reason was stale (pre-capability engine): the lineage now charges 健康保険/介護/支援金/厚生年金/拠出金, 雇用保険, 労災, 源泉所得税, 住民税 and grants leave; 1179/1179 probes passed 2026-10-01. Proven selection axes: worksite prefecture (JP-RF-R8-1), establishment branch (JP-KK27-1/-2), insurance month vs pay month (JP-OT-02-1), wage closing date (JP-EIR-03-1), pay-due year (JP-TAX-15-1). Open: 健康保険組合 insurers, municipality per notice only, in-period floor split (JP-MW-01), the instrument enumeration backlog.",settings:JP,,JP-RF-R8-1; JP-KK27-1; JP-KK27-2; JP-OT-02-1; JP-EIR-03-1; JP-TAX-15-1,
JP-LAB-01,JP,wages,"Wage contract, pay cycle, direct/full payment, permitted deductions, wage ledger and payslip/records; classify ordinary, bonus, in-kind, expense and retirement payments.","Labour Standards Act (https://www.japaneselawtranslation.go.jp/en/laws/download/3567/09/s22Aa000490304en14.0_h30A71.pdf), arts. 11, 15, 24, 89, 108–109",https://www.japaneselawtranslation.go.jp/en/laws/download/3567/09/s22Aa000490304en14.0_h30A71.pdf,2026-09-29,2025-12-01,,PARTIAL,"Payment classification proven: the membership-matrix golden pins ordinary, 通勤手当, 賞与, in-kind meal, 休業手当, retirement and 解雇予告手当 classes per scheme on every version (counts-toward-matrix test, passed). Missing: pay cycle/fixed-date duty and direct/full payment (engine: dated payment events, JP-TAX-30), the §24 deduction agreement basis (input), wage ledger/payslip record fields (records).",allowance_catalogue:COMMUTING; adhoc_catalogue:BONUS; adhoc_catalogue:MEAL_IN_KIND; adhoc_catalogue:SHUTDOWN_ALLOWANCE; adhoc_catalogue:RETIREMENT_ALLOWANCE; adhoc_catalogue:DISMISSAL_NOTICE_PAY,${lineage}: every version carries the membership matrix,,
JP-LAB-02,JP,hours,"Normal work 8h/day and 40h/week, statutory rest, breaks, special/variable schedules, 36 agreement and overtime caps; site, sector, age and approved exemptions select branches.","MHLW work rules (https://www.mhlw.go.jp/stf/seisakunitsuite/bunya/koyou_roudou/roudouseisaku/chushoukigyou/joken_kankyou_rule.html); Labour Standards Act (https://www.japaneselawtranslation.go.jp/en/laws/download/3567/09/s22Aa000490304en14.0_h30A71.pdf), arts. 32–36",https://www.mhlw.go.jp/stf/seisakunitsuite/bunya/koyou_roudou/roudouseisaku/chushoukigyou/joken_kankyou_rule.html,2026-09-30,2025-12-01,,PARTIAL,"8-hour day proven (JP-OT-02-1 hours past 8 at 125%; JP-OT-03-1 statutory vs non-statutory rest day), passed 2026-10-01. Missing (engine): the 40-hour weekly count on days within 8, variable/flex schedules (§32-2–§32-5), the 44-hour 特例措置, §34 breaks on the day’s total hours, §35 per-calendar-week rest count.",work_rules.normal_hours; work_rules.limits.normal_day; work_rules.limits.weekly_normal,,JP-OT-02-1; JP-OT-03-1,
JP-LAB-03,JP,overtime,"Ordinary overtime 25%, statutory holiday 35%, night 22:00–05:00 25%, monthly overtime over 60h 50%; overlapping premiums and eligible hourly wage base.",MHLW premium guidance (https://www.mhlw.go.jp/stf/seisakunitsuite/bunya/koyou_roudou/roudouseisaku/chushoukigyou/joken_kankyou_rule.html); Labour Standards Act art. 37,https://laws.e-gov.go.jp/law/322AC0000000049,2026-09-30,2025-12-01,,PARTIAL,"25% overtime, 35% statutory rest day and additive 25% night proven by JP-OT-02-1 and JP-OT-03-1 (passed 2026-10-01). Missing: the 50% tier beyond 60 monthly hours (engine cumulative-limit primitive, JP-OT-05), excluded allowances in the base (seed, JP-OT-06), night premium for 管理監督者 (engine, JP-OT-04).",work_rules.bands; work_rules.night_premium,,JP-OT-02-1; JP-OT-03-1,
JP-LAB-04,JP,leave,"Annual paid leave: six-month/attendance eligibility, proportional part-time entitlement, annual five-day employer duty, attendance and carryover/history; leave wage method may vary.",Labour Standards Act art. 39; MHLW work rules (https://www.mhlw.go.jp/stf/seisakunitsuite/bunya/koyou_roudou/roudouseisaku/chushoukigyou/joken_kankyou_rule.html),https://laws.e-gov.go.jp/law/322AC0000000049,2026-09-30,2025-12-01,,PARTIAL,"Configured 2026-09-30 (lineage step leave-allowances) in all 34 JP versions. ANNUAL_LEAVE: statutory full-time and §24-3 proportional ladders, service-year windows with one carried year (two-year lapse), ordinary-wage pay; five-day duty as obligation JP_ANNUAL_LEAVE_FIVE_DAYS. Not configured: 80% attendance test, hourly leave, 平均賃金/標準報酬 pay methods, planned-leave agreements; grants are given six months early (see JP-AL-01). Probe JP-AL-04-1 (leave pay) registered, not yet run.",leave_catalogue:ANNUAL_LEAVE; obligations:JP_ANNUAL_LEAVE_FIVE_DAYS,JP — 労働基準法 §39 and 育児・介護休業法 leaves on every sealed version,JP-AL-04-1,
JP-LAB-05,JP,leave,"Maternity, childcare, birth, nursing, family-care and related leave/short-time rights; distinguish employer pay from public benefits and social-insurance premium exemptions.",MHLW 2025 childcare/family-care amendments and consolidated law (https://www.mhlw.go.jp/stf/seisakunitsuite/bunya/0000130583.html),https://www.mhlw.go.jp/stf/seisakunitsuite/bunya/0000130583.html,2026-09-29,2025-12-01,,PARTIAL,"Configured 2026-09-30 (lineage step leave-allowances) in all 34 JP versions. MATERNITY_LEAVE, CHILDCARE_LEAVE, POSTNATAL_CHILDCARE_LEAVE and FAMILY_CARE_LEAVE are paid_by FUND (the day comes off the wage; 出産手当金 and EI benefits are paid outside payroll); FAMILY_CARE_DAYS and CHILD_NURSING_LEAVE unpaid (is_npl) by default. Premium exemption is JP-SI-07. Not configured: short-time/overtime-limit rights, benefit claims, age/window bounds (JP-HR-19). Probes JP-LS09-1 (maternity days off the wage) and JP-HR-21-1 (unpaid 介護休暇) registered, not yet run.",leave_catalogue:MATERNITY_LEAVE; leave_catalogue:CHILDCARE_LEAVE; leave_catalogue:POSTNATAL_CHILDCARE_LEAVE; leave_catalogue:FAMILY_CARE_LEAVE; leave_catalogue:FAMILY_CARE_DAYS; leave_catalogue:CHILD_NURSING_LEAVE,JP — 労働基準法 §39 and 育児・介護休業法 leaves on every sealed version,JP-LS09-1; JP-HR-21-1,
JP-LAB-06,JP,notice,"Termination notice/pay in lieu, final wages, conditional retirement allowance and employment certificate; reason and tenure matter.","Labour Standards Act arts. 20, 22–23, 89; MHLW retirement-pay rule (https://www.check-roudou.mhlw.go.jp/qa/roudousya/syuugyoukisoku/q4.html)",https://laws.e-gov.go.jp/law/322AC0000000049,2026-09-30,2025-12-01,,PARTIAL,"Configured 2026-09-30 (lineage step leave-allowances) in all 34 JP versions. DISMISSAL_NOTICE_PAY prices (30 − notice days given) × 平均賃金 and counts as a 退職手当等 (所得税基本通達 30-5); exemptions are HR not raising it. Not configured: certificate, employment certificate, statutory retirement allowance (none exists). Probe JP-WG-03-1 registered, not yet run.",adhoc_catalogue:DISMISSAL_NOTICE_PAY; adhoc_catalogue:RETIREMENT_ALLOWANCE; payroll.final_pay_deadlines,,JP-WG-03-1,
JP-MW-01,JP,minimum_wage,"For each prefecture select the regional minimum wage by actual workplace and date the work is performed, then classify worker and compare eligible wages/hour. If a pay calculation period straddles a rate's start, the higher floor governs work from the effective day even when all wages are paid in one later run.",MHLW 2025 regional table (https://www.mhlw.go.jp/content/11200000/001753407.xlsx); current quick table (https://saiteichingin.mhlw.go.jp/table/page_list_nationallist.php); Osaka Labour Bureau's crossing-pay-period instruction (https://jsite.mhlw.go.jp/osaka-roudoukyoku/saichin2026kaisei.html); wage-base guidance (https://saiteichingin.mhlw.go.jp/point/page_point_targetwages.html),https://www.mhlw.go.jp/content/11200000/001753407.xlsx,2026-09-30,2025-12-01,,PARTIAL,"Proven (passed 2026-10-01): the worksite prefecture’s floor by date — JP-MW-01-1 (Sept 2026 above 1,226), JP-MW-01-2 (Oct 2026 below 1,280, replaced), JP-RF-R8-1 (four non-Tokyo worksites of a Tokyo company), the 47 JP-REGION cases. Missing (engine): a pay window straddling a 発効日 is priced on the day-weighted average floor; the law needs work from the effective day to meet the new floor (segment-wise comparison). A worksite change inside the window refuses. Dispatch and specific floors as JP-MW03/JP-MW-02.",work_rules.wages.by_region; work_rules.wages.scale; work_rules.wages.workplace_keyed; payroll.worksite_coverage,,JP-MW-01-1; JP-MW-01-2; JP-RF-R8-1,
JP-MW-02,JP,minimum_wage,"For each applicable specific minimum wage, resolve covered industry/worker, exceptions, unit, effective date and conflict with regional floor; approved minimum-wage reduction permits are individual. The 223-row live prefectural table still lists Nara's wood/furniture order even though the ministry's 1 April 2026 census counts 222 prefectural orders plus one nationwide order; see JP-SF-T03.","MHLW specific floors (https://www.mhlw.go.jp/stf/seisakunitsuite/bunya/koyou_roudou/roudoukijun/chingin/newpage_43846.html); Minimum Wage Act (https://www.japaneselawtranslation.go.jp/en/laws/download/3937/09/s34Aa001370301en14.0_h24A27.pdf), arts. 4, 6–7; Nara council's abolition decision (https://jsite.mhlw.go.jp/nara-roudoukyoku/content/contents/002629442.pdf)",https://www.mhlw.go.jp/stf/seisakunitsuite/bunya/koyou_roudou/roudoukijun/chingin/newpage_43846.html,2026-09-29,2025-12-01,,PARTIAL,"Configured 2026-10-01 (Phase 2): every row of the 223-row live industry table is a dated SPECIFIC_MW row (JP-SF001–223, plus the Nara ordinary branch SF149_ORDINARY), keyed by the worksite’s prefecture and recorded industry; the SPECIFIC_MINIMUM_WAGE derived line tops the month up to the higher floor; probes written, not yet run (the SFMW cases). Still open: each order’s Gazette scope and excluded wage classes (recorded defaults: 18 to under 65 and terms_facts.specific_mw_excluded), the individual reduction permits (§7, JP-MW04), the nationwide legacy daily determination (JP-SF-T04), and the unpublished 令和8年度 specific revisions. | [ENUM 2026-10-01] `worksite_facts.specific_mw_industry` names `parent_fact: region` in every JP version: the determination must sit under the worksite’s prefecture (`SPECIFIC_MW.parent_code` = `worksites.region`), so a determination of another prefecture is refused at write instead of failing the run.",reference_rows:SPECIFIC_MW; work_rules.derived_lines.SPECIFIC_MINIMUM_WAGE; worksite_facts.specific_mw_industry; terms_facts.specific_mw_excluded,,JP-SFMW-01; JP-SFMW-02; JP-SFMW-03; JP-SFMW-04; JP-SFMW-05; JP-SFMW-06; JP-SFMW-07; JP-SFMW-08; JP-SFMW-09; JP-SFMW-10; JP-SFMW-11; JP-SFMW-12; JP-SFMW-13; JP-SFMW-14; JP-SFMW-15; JP-SFMW-16; JP-SFMW-17; JP-SFMW-18; JP-SFMW-19; JP-SFMW-20; JP-SFMW-21; JP-SFMW-22; JP-SFMW-23; JP-SFMW-SCOPE; JP-SFMW-R8; JP-SFMW-NARA,
JP-TAX-01,JP,tax,"Wage withholding by 2025/2026 pay-due date; monthly/daily/bonus table, 甲/乙/丙 declaration, social-insurance deduction, dependent count and bonus prior-month/tenfold exceptions.",NTA table selection (https://www.nta.go.jp/taxes/shiraberu/taxanswer/gensen/2511.htm); 2026 tables (https://www.nta.go.jp/publication/pamph/gensen/zeigakuhyo2026/01.htm),https://www.nta.go.jp/taxes/shiraberu/taxanswer/gensen/2511.htm,2026-09-30,2025-12-01,,PARTIAL,"Configured 2026-09-30 as INCOME_TAX (regular pay) and INCOME_TAX_BONUS: the 平成24年財務省告示第115号 月額表・日額表・賞与算出率表 for 令和7年分 and 令和8年分 transcribed from the NTA workbooks (zeigakuhyo2024/data/*.xls, zeigakuhyo2026/data/*.xls; every step row, exact row and formula segment re-evaluated, NTA worked example 775,200 / 3 dependants = 59,477 reproduced), chosen by the pay-due date (the run pay date, else period end); the table input is pay after this payslip’s 健康保険・介護保険, 厚生年金, 子ども・子育て支援金 and 雇用保険 employee shares (雇用保険 split pro rata between salary and a same-payslip bonus: recorded default); sub-yen fractions of formula amounts dropped (recorded default). Not configured: weekly/日割額 pay (refused), 10日毎 and multi-month cycles, the 従たる給与についての扶養控除等申告書 reduction, and pay due from 1 January 2027 (refused until the 令和9年分 tables are sealed). Probe cases not yet run.",statutory_contributions:INCOME_TAX; statutory_contributions:INCOME_TAX_BONUS; terms_facts.withholding_column; terms_facts.withholding_dependants,,JP-TAX-18-1,
JP-TAX-02,JP,tax,"Taxable pay versus exempt commuting, in-kind benefits, allowances, nonresidents and split employment; retroactive 2025 commuting limit change.",NTA 2025 commuting change (https://www.nta.go.jp/users/gensen/2025tsukin/index.htm); NTA withholding index (https://www.nta.go.jp/users/gensen/),https://www.nta.go.jp/users/gensen/2025tsukin/index.htm,2026-09-30,2025-12-01,,PARTIAL,"Configured 2026-09-30 in INCOME_TAX.assessed_on: 通勤手当 class COMMUTING above its monthly limit (JP-TAX-07), in-kind meals MEAL_IN_KIND less the MEAL_CHARGE test (JP-TAX-08) and employee company housing (JP-TAX-13) are the taxable adjustments; BONUS goes to INCOME_TAX_BONUS. Not configured: other in-kind benefits, split employment, and correcting earlier-2025 commuting pay at the December 2025 year-end (enter the corrected prior pay in the opening). Probe JP-TAX-08-1 registered 2026-09-30, not yet run.",allowance_catalogue:COMMUTING; adhoc_catalogue:MEAL_IN_KIND; adhoc_catalogue:MEAL_CHARGE; statutory_contributions:INCOME_TAX,,JP-TAX-07-BANDS-1; JP-TAX-08-1,
JP-TAX-03,JP,tax,"Year-end adjustment: eligibility, annual wage and tax history, former-employer withholding slip, 2025/2026 deduction reforms, spouse/dependents/specified relatives, insurance, housing and other declarations, refund or additional collection.",NTA 2025 guide (https://www.nta.go.jp/publication/pamph/gensen/nencho2025/01.htm); NTA 2026 guide (https://www.nta.go.jp/publication/pamph/gensen/nencho2026/01.htm); former-employer rule (https://www.nta.go.jp/taxes/shiraberu/taxanswer/gensen/2674.htm),https://www.nta.go.jp/publication/pamph/gensen/nencho2025/01.htm,2026-09-30,2025-12-01,,PARTIAL,"Configured 2026-09-30 in INCOME_TAX: the December last payment of a KOU resident with year pay ≤ JPY20m settles the year — this employer’s regular and bonus pay plus the prior-employer 源泉徴収票 as the scheme opening; salary income by the year’s 別表第五 rules; 所得金額調整控除; deductions for this employer’s insurance plus SOCIAL_INSURANCE / SMALL_ENTERPRISE_MUTUAL_AID claims, LIFE_INSURANCE (≤120,000), EARTHQUAKE_INSURANCE (≤50,000), SPOUSE and SPECIFIED_RELATIVE claims as their forms state them, dependant and status counts, and the 基礎控除 (refused until yearend_basic_declaration is recorded); taxable floored to JPY1,000, §89 rates, less HOUSING_LOAN_CREDIT, ×102.1%, floored to JPY100, less the year’s withholding; a negative charge is the refund. Not configured: death / departure / disability-retirement adjustments before December, the §186(3) option, computing spouse, specified-relative, insurance and housing-loan amounts from their underlying facts, and refusing a joiner who has no prior-employer slip (none recorded is read as none).",statutory_contributions:INCOME_TAX; statutory_contributions:INCOME_TAX.elections; statutory_contributions:INCOME_TAX.deduction_claims,,JP-TAX-15-1,
JP-TAX-04,JP,tax,"Retirement-payment income tax: service years, overlapping prior retirement benefits, worker declaration, special officer/short-service branches, separate taxable-base/rounding and withholding table.",NTA retirement withholding (https://www.nta.go.jp/taxes/shiraberu/taxanswer/gensen/2732.htm); 2026 fast table (https://www.nta.go.jp/taxes/shiraberu/taxanswer/gensen/2732_besshi.htm),https://www.nta.go.jp/taxes/shiraberu/taxanswer/gensen/2732.htm,2026-09-30,2025-12-01,,PARTIAL,"Seeded 2026-09-30 (lineage step resident-tax-retirement) in all 34 JP versions; probe written, not yet run on the production path. RETIREMENT_INCOME_TAX on the RETIREMENT_ALLOWANCE class only (the class counts toward no insurance, labour-insurance or monthly-table scheme: recorded default that a payment by reason of retirement is not 報酬, 賞与 or 賃金). Resident with declaration: §89 rates on the 課税退職所得金額 × 102.1%, sub-yen dropped; without: 20.42% of the whole; NON_RESIDENT: 20.42%; pay due from 2027 refused until the 令和9年分 rates are sealed; an allowance with no exit recorded is refused. Refused, not configured: mixed officer/employee service with a five-year part (施行令 §71-2) and an already-paid same-year allowance of another kind (§201(1)(ii)ニ). 退職所得の源泉徴収票 reporting is JP-TAX-06 (EXTERNAL). Probes JP-TAX-25-2 (over 20 years, disability), JP-TAX-26-1 (特定役員), JP-TAX-26-2 (mixed service refused) and JP-TAX-28-1 (overlap years, 800,000 floor, same-year combination) registered 2026-09-30, not yet run.",statutory_contributions:RETIREMENT_INCOME_TAX; adhoc_catalogue:RETIREMENT_ALLOWANCE; exit_facts.retirement_income_declaration; exit_facts.retirement_service_years; exit_facts.retirement_officer_service_years; exit_facts.retirement_disability; exit_facts.retirement_deduction_reduction_years; exit_facts.retirement_prior_same_year_amount; exit_facts.retirement_prior_same_year_income_tax; exit_facts.retirement_prior_same_year_kind,,JP-TAX-25-1; JP-TAX-25-2; JP-TAX-26-1; JP-TAX-26-2; JP-TAX-28-1,
JP-TAX-05,JP,filing,Remit withheld national tax normally by next month's 10th; approved small-payroll special cycle differs; issue employee statements and annual legal reports by current rules.,NTA remittance (https://www.nta.go.jp/taxes/shiraberu/taxanswer/gensen/2505.htm); 2026 statutory-report guide (https://www.nta.go.jp/publication/pamph/hotei/tebiki2026/index.htm),https://www.nta.go.jp/taxes/shiraberu/taxanswer/gensen/2505.htm,2026-09-29,2025-12-01,,EXTERNAL-RECORDED,"Declared 2026-10-01: each finalised run raises the 源泉所得税 remittance due the 10th of the month after its pay date for INCOME_TAX + INCOME_TAX_BONUS + RETIREMENT_INCOME_TAX. Not declared: the approved 納期の特例 half-yearly cycle (10 July / 20 January) and the 2027 electronic threshold. Raised by the daily obligation_calendar sweep on obligation_instances (due_on, amount_due, filed_on/reference evidence); no probe: the probe harness reads saved rows before it starts an automation, so an instance is not yet a production-path oracle. Due days are the statutory day; the move to the next business day where it falls on a holiday (国税通則法 §10(2), 地方税法 §20-5(2)) is not applied.",duty_types:WITHHOLDING_TAX_REMITTANCE,,,
JP-TAX-06,JP,filing,"Annual legal reporting differs by payment/event date: resident retirement-pay withholding-slip reporting applies to all resident recipients for retirement payments fixed from 1 January 2026 (previously corporation officers only); death benefits use the inheritance-tax report instead. From submissions on 1 January 2027, a municipal salary-payment report may count as tax-office salary-slip submission. Electronic filing becomes mandatory at 30 prior-base-year records per report type (rather than 100 before 2027).",NTA legal-report obligation and dates (https://www.nta.go.jp/taxes/shiraberu/taxanswer/hotei/7400.htm),https://www.nta.go.jp/taxes/shiraberu/taxanswer/hotei/7400.htm,2026-09-29,2025-12-01,,EXTERNAL-RECORDED,"Declared 2026-10-01: a yearly duty due 31 January of the following year for the 給与所得・退職所得の源泉徴収票 and 合計表, with its filing date and reference. Not evaluated: the recipient scope by payment date, the municipality deemed-submission and the 30-record electronic threshold. Raised by the daily obligation_calendar sweep on obligation_instances (due_on, amount_due, filed_on/reference evidence); no probe: the probe harness reads saved rows before it starts an automation, so an instance is not yet a production-path oracle. Due days are the statutory day; the move to the next business day where it falls on a holiday (国税通則法 §10(2), 地方税法 §20-5(2)) is not applied.",duty_types:STATUTORY_WITHHOLDING_REPORTS,,,
JP-TAX-07,JP,tax,"From 1 April 2026 payable commuting allowance, the income-tax exemption increases for one-way vehicle commutes of at least 65 km; qualifying employer-paid parking adds actual monthly parking cost up to JPY5,000 to the relevant distance-band allowance, including eligible mixed transport within its overall JPY150,000 cap. A later top-up of a pre-April entitlement keeps the old rule.",NTA April 2026 commuting schedule and commencement (https://www.nta.go.jp/users/gensen/2026tsukin/index.htm),https://www.nta.go.jp/users/gensen/2026tsukin/index.htm,2026-09-30,2026-04-01,,PARTIAL,"Configured 2026-09-30: INCOME_TAX reads the pay-due date — from 1 April 2026 the 65/75/85/95 km bands and commute_parking_fee up to JPY5,000 (vehicle distance 2 km or more), before it JPY38,700 from 55 km and no parking; transit fare plus vehicle band capped at JPY150,000. Not configured: a later top-up of a pre-April entitlement keeping the old rule (the run’s pay date decides), and multi-month 定期 payments.",statutory_contributions:INCOME_TAX; allowance_catalogue:COMMUTING; terms_facts.commute_transit_fare; terms_facts.commute_vehicle_km; terms_facts.commute_parking_fee,,JP-TAX-07-BANDS-1,
JP-TAX-08,JP,tax,"From 1 April 2026 provided, employer meals in kind remain untaxed only if the worker pays at least half the meal's value and the employer-funded balance is at most JPY7,500 per month (formerly JPY3,500); cash instead of qualifying late-night meal can be exempt up to JPY650 per occasion (formerly JPY300).",NTA meal and night-food circular changes (https://www.nta.go.jp/users/gensen/2026shokuji/index.htm),https://www.nta.go.jp/users/gensen/2026shokuji/index.htm,2026-09-30,2026-04-01,,PARTIAL,"Configured 2026-09-30: MEAL_IN_KIND (month’s meal value before consumption tax) is untaxed where MEAL_CHARGE ≥ 50% of it and the value less the charge, fraction under JPY10 dropped, is ≤ JPY3,500 (≤ JPY7,500 for periods starting from 1 April 2026, the provision date); otherwise value less charge is pay (NTA No.2594 example 13,000 / 6,000 → 7,000 reproduced). Not configured: cash 夜食代 up to JPY300/650 per occasion (needs occasion counts) and free overtime/宿日直 meals. Probe JP-TAX-08-1 registered 2026-09-30, not yet run.",adhoc_catalogue:MEAL_IN_KIND; adhoc_catalogue:MEAL_CHARGE; statutory_contributions:INCOME_TAX,,JP-TAX-08-1,
JP-TAX-09,JP,filing,"From 24 September 2026 NTA system renewal, some paper withholding/remittance and legal-report forms changed. The remittance form's former eight-digit 整理番号 field became a 13-digit お問い合わせ番号 field; the tax office prints that number on its notices. Older vendor-generated forms can still be submitted under NTA's notice, so this is a form-version/input reconciliation, not a new payroll tax rate.",NTA system-renewal notice (https://www.nta.go.jp/taxes/shiraberu/sodan/system.htm); NTA withholding remittance form guide (https://www.nta.go.jp/law/jimu-unei/shotoku/gensen/080623/03.htm),https://www.nta.go.jp/taxes/shiraberu/sodan/system.htm,2026-09-29,2026-09-24,,EXTERNAL,"JP lineage not yet seeded. Employer duty outside the calculator; no JP obligation or evidence record yet. No JP authority-form generation/submission or saved evidence; affected form versions remain unreconciled. Closure case: Identify affected form and acceptance-start versions, tax-office-issued identifier, pay-period and taxable payment fields, zero-tax output and electronic filing; probe pre/post renewal and ordinary/special remittance. (Register status 2026-09-29: No [EXTERNAL 2026-09-29].)",obligations:JP_GENSEN_REMITTANCE_FORM,,,
JP-TAX-10,JP,filing,"The NTA corrected its 2026 salary and retirement withholding-slip reporting guide on 18 September 2026: for unpaid retirement benefits, report uncollected withholding tax in the remarks field; a 2026 salary-slip annotation distinguishes year-end adjustments made from 1 December; disaster-relief withholding deferment has its own field/report classification.",NTA correction notice (https://www.nta.go.jp/publication/pamph/hotei/tebiki2026/teisei/index.htm); official errata (https://www.nta.go.jp/publication/pamph/hotei/tebiki2026/PDF/seigo.pdf),https://www.nta.go.jp/publication/pamph/hotei/tebiki2026/teisei/index.htm,2026-09-29,2026-09-18,,EXTERNAL,"JP lineage not yet seeded. Employer duty outside the calculator; no JP obligation or evidence record yet. No JP slip/form generation, unpaid retirement reporting or corrected-field production probe. Closure case: Map corrected report field/version and payment/outstanding amount; probe unpaid retirement at certificate date, pre/post-December adjustment and disaster relief. (Register status 2026-09-29: No [EXTERNAL 2026-09-29].)",obligations:JP_HOTEI_CHOSHO,,,
JP-TAX-11,JP,tax,"For a nonresident individual, Japanese-source wages, personal-service remuneration and retirement pay are generally subject to 20.42% withholding on payment, including an overseas payment by a payer with a Japanese office; residence, work location, payer and treaty can change the result. A treaty reduction/exemption ordinarily requires a treaty notification through the payer by the day before payment. Foreign-currency pay uses the NTA's prescribed telegraphic buying-rate date.","NTA nonresident withholding, current 1 April 2026 (https://www.nta.go.jp/taxes/shiraberu/taxanswer/gensen/2884.htm), Income Tax Act arts. 161, 212–213",https://www.nta.go.jp/taxes/shiraberu/taxanswer/gensen/2884.htm,2026-09-30,2025-12-01,,PARTIAL,"Configured 2026-09-30: tax_residency NON_RESIDENT withholds 20.42% of the whole taxable pay and bonus, sub-yen dropped (recorded default). Not configured: Japan-source allocation of overseas duty, treaty relief and notices, foreign-currency conversion. Probe JP-TAX-11-1 not yet run.",statutory_contributions:INCOME_TAX; statutory_contributions:INCOME_TAX_BONUS; payroll.vocabularies.tax_residency,,JP-TAX-11-1,
JP-TAX-12,JP,tax,"A qualifying worker/officer leaving for at least one planned year of overseas assignment generally changes tax residence; if annual wages due are ≤JPY20m and a deductions declaration exists, the employer performs year-end adjustment before departure, applying the NTA's departure-date deduction tests. After departure, overseas-duty wages of a nonresident employee generally have no Japanese withholding, whereas domestic-company director pay generally retains 20.42% unless the stated employee-role exception applies; bonuses covering Japan duty require allocation.","NTA overseas-transfer payroll and departure adjustment, current 1 April 2026 (https://www.nta.go.jp/taxes/shiraberu/taxanswer/gensen/2517.htm), Income Tax Act arts. 190, 161, 212–213",https://www.nta.go.jp/taxes/shiraberu/taxanswer/gensen/2517.htm,2026-09-29,2025-12-01,,GAP,"JP lineage not yet seeded. No JP departure-triggered adjustment, split-duty pay allocation or director/nonresident withholding probe. Closure case: Assignment expectation and departure date, employee/officer roles, wages/deductions due to departure, pay-period and bonus duty dates, Japan versus overseas duty, treaty; probe 11/12-month posting, JPY20m edge, employee versus director and mixed-duty bonus. (Register status 2026-09-29: No [IN-SYSTEM 2026-09-29].)",tax_rules:JP_DEPARTURE,,,
JP-TAX-13,JP,tax,"Employer-provided housing has a separate income-tax valuation from JP-SI-09's social-insurance prefecture table. For employees, monthly equivalent rent is based on annual building/land fixed-asset-tax bases and floor area; when the employee pays at least 50% of that calculated rent, the housing benefit is not taxable, whereas free or lower-rent housing generally creates taxable wage. Cash housing allowance or employee-direct lease reimbursement is taxable; certain mandatory on-site housing can be exempt. For officers, small housing (≤132 m² or ≤99 m² by building life), larger owned versus leased housing, and luxury housing have different rent bases; the employee 50% exemption cannot simply be applied to directors.","NTA employee housing, current 1 April 2026 (https://www.nta.go.jp/taxes/shiraberu/taxanswer/gensen/2597.htm); NTA officer housing, current 1 April 2026 (https://www.nta.go.jp/taxes/shiraberu/taxanswer/gensen/2600.htm); NTA 2025 withholding guide (https://www.nta.go.jp/publication/pamph/gensen/aramashi2024/)",https://www.nta.go.jp/taxes/shiraberu/taxanswer/gensen/2597.htm,2026-09-30,2025-12-01,,PARTIAL,"Configured 2026-09-30 for employees: housing_provided with the building and land 固定資産税課税標準額 and floor area gives 賃貸料相当額 = building × 0.2% + JPY12 × m² ÷ 3.3 + land × 0.22% (NTA No.2597, re-read 2026-09-30); rent ≥ 50% untaxed, else the difference is pay (sub-yen dropped). Not configured: 役員社宅 (small/large/luxury), the on-site necessity exemption and new-build 比準 values. Probe JP-TAX-13-1 registered 2026-09-30, not yet run.",terms_facts.housing_provided; terms_facts.housing_building_tax_base; terms_facts.housing_floor_area_m2; terms_facts.housing_land_tax_base; terms_facts.housing_employee_rent; statutory_contributions:INCOME_TAX,,JP-TAX-13-1,
JP-TAX-14,JP,tax,"On return to Japanese tax residence after an overseas assignment, wages/bonus due after return are withheld as resident income on the full payment even if earned partly during nonresidence. If the worker submits the deductions declaration after return, the employer's year-end adjustment covers wages due from return to year end; eligible insurance-premium deductions are restricted to amounts paid after return, while personal/dependent deductions follow the resident rules. This is different from the departure branch JP-TAX-12.","NTA return-from-overseas withholding and year-end adjustment, current 1 April 2026 (https://www.nta.go.jp/taxes/shiraberu/taxanswer/gensen/2518.htm), Income Tax Act arts. 183, 190",https://www.nta.go.jp/taxes/shiraberu/taxanswer/gensen/2518.htm,2026-09-29,2025-12-01,,GAP,"JP lineage not yet seeded. No JP return-date resident tax selector or bounded year-end-history/deduction production probe. Closure case: Dated return/residence, wage/bonus due dates and assessment span, declaration date, post-return premium payments and prior tax history; probe bonus earned abroad but due after return versus before return, and year-end adjustment with pre-return insurance payments. (Register status 2026-09-29: No [IN-SYSTEM 2026-09-29].)",tax_rules:JP_RETURN_RESIDENT,,,
JP-TAX-15,JP,tax,"2026 annual income-tax reform: the higher basic deduction, JPY740,000 minimum salary-income deduction, and revised dependent/relative income tests generally take effect 1 December 2026 for 2026 annual income. January–November 2026 monthly/daily/bonus withholding stays on the 2026 tables; the December year-end adjustment recomputes the full-year tax under the new annual table and reconciles amounts already withheld. A relative newly eligible from 1 December requires a revised worker declaration before inclusion in December withholding. The revised periodic tables start with wages due 1 January 2027, not the December 2026 run.","NTA 2026 reform commencement (https://www.nta.go.jp/users/gensen/2026kiso/index.htm); NTA 2026 amendment guide, pp. 1–2 (https://www.nta.go.jp/publication/pamph/gensen/2026kaisei.pdf); NTA 2026 year-end guide, pp. 3–4 (https://www.nta.go.jp/publication/pamph/gensen/nencho2026/pdf/102.pdf)",https://www.nta.go.jp/users/gensen/2026kiso/index.htm,2026-09-30,2026-12-01,,PARTIAL,"令和8年分 rules configured 2026-09-30 for the December 2026 year-end: 措置法 §29の4 salary income (under JPY741,000 nil; to 2.191m less 740,000; 1,451,000 / 1,453,000 / 1,456,000 to 2.2m), then 別表第五 (e-Gov text of the 2026-12-01 revision; every 2.2m–6.6m row equals 70%/80% of the pay floored to JPY4,000 less 80,000/440,000), 90% − 1.1m, − 1.95m; 基礎控除 104万 to 4.89m, 67万 to 6.55m, 62万 to 23.5m, 48/32/16万 to 25m (NTA No.1199, No.1410, re-read 2026-09-30). Monthly withholding Jan–Dec 2026 stays on the 令和8年分 tables. Not configured: the declaration-date test for a relative newly eligible from 1 December (the recorded counts are used as declared) and the 2027 tables. Probe JP-TAX-15-1 (refund 13,200) not yet run.",statutory_contributions:INCOME_TAX,,JP-TAX-15-1,
JP-TAX-16,JP,tax,"2026–27 dependent-under-23 life-insurance deduction: for a worker with a qualifying dependent younger than 23, new-policy general life-insurance premiums have deduction bands of full premium through JPY30,000; half plus JPY15,000 through JPY60,000; quarter plus JPY30,000 through JPY120,000; then JPY60,000. The general-life limit becomes JPY60,000 (formerly JPY40,000), including the stated combination with old-policy premiums, while the combined general-life/medical/pension insurance-deduction ceiling remains JPY120,000. This is a year-end deduction, not a monthly cash allowance.","NTA 2026 year-end guide, p. 4 (https://www.nta.go.jp/publication/pamph/gensen/nencho2026/pdf/102.pdf), 2026–27 tax years",https://www.nta.go.jp/publication/pamph/gensen/nencho2026/pdf/102.pdf,2026-09-30,2026-12-01,,PARTIAL,"Configured 2026-09-30: the LIFE_INSURANCE deduction claim (the amount the 保険料控除申告書 computes, including the 2026 under-23 bands) is capped at the combined JPY120,000 in the year-end rule. The per-policy bands are not computed from premiums. Probe JP-TAX-16-1 registered 2026-09-30, not yet run.",statutory_contributions:INCOME_TAX,,JP-TAX-16-1,
JP-TAX-17,JP,filing,"The NTA says eLTAX's combined electronic salary-report/withholding-slip filing function ends with September 2026. From 1 January 2027, submitting a salary-payment report to the municipality is deemed tax-office submission of the corresponding salary withholding slip, while the employer must still issue an individual slip to each worker; the deemed rule does not dispose of every other statutory report type.",NTA deemed-submission and eLTAX cutover page (https://www.nta.go.jp/users/gensen/hotei/index/minashi.htm),https://www.nta.go.jp/users/gensen/hotei/index/minashi.htm,2026-09-29,2027-01-01,,EXTERNAL-RECORDED,"Declared 2026-10-01: the yearly 給与支払報告書 duty due 31 January records the filing and its receipt reference. The submission route (eLTAX combined filing to September 2026, municipality deemed-submission from January 2027) and the worker slip delivery are not tracked. Raised by the daily obligation_calendar sweep on obligation_instances (due_on, amount_due, filed_on/reference evidence); no probe: the probe harness reads saved rows before it starts an automation, so an instance is not yet a production-path oracle. Due days are the statutory day; the move to the next business day where it falls on a holiday (国税通則法 §10(2), 地方税法 §20-5(2)) is not applied.",duty_types:SALARY_PAYMENT_REPORT,,,
JP-RES-01,JP,tax,"Withhold municipality-notified resident tax/forest-environment tax from June–following May pay; amount comes from individual municipality notice, not national tax formula; midyear joining/termination and municipality transfer matter.",Shinjuku special collection (https://www.city.shinjuku.lg.jp/hoken/file04_04_00001.html); Yokohama termination rule (https://www.city.yokohama.lg.jp/kurashi/koseki-zei-hoken/zeikin/jigyosya/shizei/choshu/kirikaeiraisyo.html),https://www.city.shinjuku.lg.jp/hoken/file04_04_00001.html,2026-09-30,2025-12-01,,PARTIAL,"Seeded 2026-09-30 (lineage step resident-tax-retirement) in all 34 JP versions; probe written, not yet run on the production path. RESIDENT_TAX withholds, on a SPECIAL terms row, the notice’s first installment (resident_tax_june_amount) in its resident_tax_first_month (6 for the May notice, later for a change or switch-in notice) and resident_tax_monthly_amount in every later month to May, keyed by the pay date (else period end) month; a pay date outside the recorded resident_tax_fiscal_year (June Y–May Y+1) is refused; ORDINARY or no record withholds nothing. Recorded defaults (owner rule): one installment a month on the first instalment payment; nothing from a payslip paying nothing. Not configured: ingesting the municipality notice, 森林環境税 split (it is inside the notified amounts), the per-municipality remittance and 納入書, a terms row effective-dated to the pay period whose payday falls in June (the terms row is read on the run’s rule date, not the payday). JP-RES-01-2 pins a late notice (resident_tax_first_month 8 withholds its first installment in August; 9 withholds nothing in August), not yet run.",statutory_contributions:RESIDENT_TAX; terms_facts.resident_tax_collection; terms_facts.resident_tax_fiscal_year; terms_facts.resident_tax_june_amount; terms_facts.resident_tax_monthly_amount; terms_facts.resident_tax_first_month; terms_facts.resident_tax_notice_reference,,JP-RES-01-1; JP-RES-01-2,
JP-RES-02,JP,tax,"Withhold/remit resident tax on taxable retirement pay to proper municipality, distinct from annual resident-tax installment.",Yokohama retirement special collection (https://www.city.yokohama.lg.jp/kurashi/koseki-zei-hoken/zeikin/jigyosya/shizei/choshu/kirikaeiraisyo.html),https://www.city.yokohama.lg.jp/kurashi/koseki-zei-hoken/zeikin/jigyosya/shizei/choshu/kirikaeiraisyo.html,2026-09-30,2025-12-01,,PARTIAL,"Proven (passed 2026-10-01): 退職所得割 at 6% + 4% to the JPY100 below, general/短期/特定役員 and overlap/same-year rules (JP-TAX-25-1, JP-TAX-25-2, JP-TAX-26-1, JP-TAX-28-1). Unproven: none for a NON_RESIDENT and for resident_tax_january_domicile false (recorded default true); remittance is EXTERNAL.",statutory_contributions:RESIDENT_TAX_RETIREMENT; adhoc_catalogue:RETIREMENT_ALLOWANCE; exit_facts.resident_tax_january_domicile; exit_facts.retirement_prior_same_year_resident_tax,,JP-TAX-25-1; JP-TAX-25-2; JP-TAX-26-1; JP-TAX-28-1,
JP-RES-03,JP,filing,"A municipality-approved employer with fewer than ten people regularly receiving wages may keep monthly resident-tax withholding but remit June–November deductions by 10 December and December–May deductions by 10 June, instead of the ordinary next-month tenth. If headcount becomes ten or more, report loss of the special-remittance condition without delay. This exception is authority approval and municipality specific; it does not change worker installment amounts.","Shinjuku special-remittance application, deadlines and loss notice (https://www.city.shinjuku.lg.jp/hoken/file04_00007.html), current 3 April 2025",https://www.city.shinjuku.lg.jp/hoken/file04_00007.html,2026-09-29,2025-12-01,,EXTERNAL,"Ordinary cycle declared 2026-10-01: each finalised run with RESIDENT_TAX or RESIDENT_TAX_RETIREMENT raises the remittance due the 10th of the next month (duty_types:RESIDENT_TAX_REMITTANCE, evidence filed_on/reference). This row’s exception — the municipality-approved half-yearly cycle (10 December / 10 June) for fewer than ten payees and its loss on reaching ten — is not declared, so the row stays EXTERNAL.",duty_types:RESIDENT_TAX_REMITTANCE,,,
JP-RES-04,JP,tax,"Exit/transfer resident-tax collection follows the municipality's notice and movement filing. Yokohama requires an employee-movement notice by the tenth of the month after exit; if a salary report was filed and the worker left by 1 April, the new-year notice is due 15 April. June–December exits generally switch unpaid installments to personal payment unless lump collection is requested; January–April exits require lump collection from remaining wage/retirement pay, subject to lawful available payment. A worker transferring to another employer may continue special collection after the old/new employer handoff and municipality filing; a midyear hire can switch unpaid personal installments on request. Report an erroneous 1 January address to the correct municipality, including cancellation/correction of the earlier salary report.","Yokohama movement, lump collection, transfer and correction rules, updated 13 August 2026 (https://www.city.yokohama.lg.jp/kurashi/koseki-zei-hoken/zeikin/jigyosya/shizei/choshu/kirikaeiraisyo.html)",https://www.city.yokohama.lg.jp/kurashi/koseki-zei-hoken/zeikin/jigyosya/shizei/choshu/kirikaeiraisyo.html,2026-09-30,2025-12-01,,PARTIAL,"Seeded 2026-09-30 (lineage step resident-tax-retirement) in all 34 JP versions; probe written, not yet run on the production path. §321-5(2) on the payslip of the pay period containing the last day: exit fact resident_tax_exit_collection LUMP_SUM withholds this installment plus every remaining one to May where the payslip’s whole pay (wages, bonus, retirement allowance) exceeds the remaining installments, else this installment only; TRANSFER (特別徴収継続 at the new employer) and ORDINARY this installment only; ORDINARY for a January–April event is refused; unrecorded is no request (June–December) and LUMP_SUM (January–April). Later payslips withhold nothing. Not configured: a lump collection from pay or a retirement allowance paid after the exit period (recorded default: the exit payslip decides), the 給与所得者異動届出書 filing (EXTERNAL), the Yokohama 15 April new-year notice timing. January–April exits cannot be probed until the 令和9年分 withholding tables are sealed. JP-RES-04-1 also pins TRANSFER (this installment only) and a LUMP_SUM request the final pay cannot cover (this installment only). 2026-10-01: an exit raises the 給与所得者異動届出書 duty due the 10th of the month after the last day (duty_types:RESIDENT_TAX_MOVEMENT_NOTICE, evidence filed_on/reference; no probe, the sweep is not reached by the harness).",statutory_contributions:RESIDENT_TAX; exit_facts.resident_tax_exit_collection; duty_types:RESIDENT_TAX_MOVEMENT_NOTICE,,JP-RES-04-1,
JP-RES-05,JP,tax,"For municipalities issuing electronic resident-tax special-collection notices, an eLTAX salary-report submission may elect signed employer and/or worker notice originals in electronic form, each independently chosen instead of paper. The employer must match each worker notice and password-information file to the correct recipient number and deliver it confidentially; Yokohama's download window is 60 days. A revised authority notice supersedes the earlier installment schedule only after receipt and reconciliation.","Yokohama electronic-notice election and worker distribution, updated 5 January 2026 (https://www.city.yokohama.lg.jp/kurashi/koseki-zei-hoken/zeikin/jigyosya/shizei/choshu/tokuchozeitu.html); Shinjuku electronic notices (https://www.city.shinjuku.lg.jp/hoken/zeimu01_000001_00035.html)",https://www.city.yokohama.lg.jp/kurashi/koseki-zei-hoken/zeikin/jigyosya/shizei/choshu/tokuchozeitu.html,2026-09-29,2025-12-01,,GAP,"JP lineage not yet seeded. No JP municipality-notice ingestion, secure recipient distribution or superseding-notice production probe. Closure case: Municipality/eLTAX filing, elected medium, employer/recipient IDs, notice issue/revision dates, secure worker delivery and retrieval proof; probe paper/electronic combinations, duplicate or changed recipient number, 60-day expiry and revised installment. (Register status 2026-09-29: No [IN-SYSTEM 2026-09-29].)",facts.jp.resident_tax_notice.electronic,,,
JP-RES-06,JP,tax,Shinjuku's 2025 fiscal-year onward treatment for a worker with wages from multiple employers aggregates their salary income for resident tax and assigns all salary-derived special collection to the primary salary payer. This selection does not follow JP-SI-08's health-insurance primary workplace or JP-EI-05's selected two jobs. Other income and pension withholding can remain on separate collection routes.,"Shinjuku resident-tax guidance, §給与からの特別徴収 (https://www.city.shinjuku.lg.jp/hoken/file04_03_00001.html), 2025 fiscal year",https://www.city.shinjuku.lg.jp/hoken/file04_03_00001.html,2026-09-29,2025-12-01,,GAP,"JP lineage not yet seeded. No JP municipality-authorized primary payer, multiple-employer notice or independent collection-route production probe. Closure case: Municipality-issued primary-payer notice, multiple wage payers and income category, fiscal year, employer reassignment and worker notice; reconcile the nationwide/local authority scope before generalizing beyond Shinjuku, and probe two jobs with a non-primary employer. (Register status 2026-09-29: No [IN-SYSTEM 2026-09-29].)",facts.jp.resident_tax_primary_payer,,,
JP-SI-01,JP,contribution,"Determine health/pension enrolment by workplace and employee, including short-time worker 20h, headcount, student, wage and contract-duration conditions; dates and statutory transitional changes. The JPY88,000 scheduled-monthly-wage enrolment condition is abolished 1 October 2026 by promulgated commencement decree, whereas it still applies before that date.",MHLW enrolment (https://www.mhlw.go.jp/tekiyoukakudai/jugyouin/taisho/); 2025 amendment Act art. 1(1)(ix) (https://www.shugiin.go.jp/internet/itdb_housei.nsf/html/housei/21720250620074.htm); 2026 Cabinet Order No. 275 (https://www.mhlw.go.jp/hourei/doc/hourei/H260911T0020.pdf); JPS acquisition decision (https://www.nenkin.go.jp/service/kounen/hokenryo/hoshu/20120330.html),https://www.mhlw.go.jp/tekiyoukakudai/jugyouin/taisho/,2026-09-29,2025-12-01,,GAP,"Premiums follow the recorded HEALTH registration: REGISTERED with since = 資格取得日, NOT_REGISTERED outside cover (charges nothing), unrecorded refuses. Whether a worker must be enrolled (20 h, headcount, student, wage and duration tests, the 1 October 2026 JPY88,000 abolition) is not evaluated; employer/worker evidence, other exceptions and gain/loss filing need mechanisms and probes.",statutory_contributions:HEALTH (employment_statutory_facts registration),,,
JP-SI-02,JP,contribution,"Health, care (age), pension and 2026 child-support premiums by correct insurer/branch, insurance month, standard monthly remuneration grade and applicable shared rate.",JPS premium table (https://www.nenkin.go.jp/service/kounen/hokenryo/ryogaku/ryogakuhyo/20200825.html); Kyokai Kenpo prefecture rates (https://www.kyoukaikenpo.or.jp/about/business/insurance_rate/rate_prefectures/); child-support start (https://www.cfa.go.jp/policies/kodomokosodateshienkinseido),https://www.nenkin.go.jp/service/kounen/hokenryo/ryogaku/ryogakuhyo/20200825.html,2026-09-29,2025-12-01,,PARTIAL,"Seeded 2026-09-30; the probe is registered but not yet run. Kyokai branches only, selected by the company region (the 適用事業所 prefecture), insurance month = the month before the pay month, rates dated by settings version (令和7 to the February 2026 insurance month, 令和8 from March, care 1.59%→1.62%, 支援金 from April 2026). Not configured: 健康保険組合 insurers with their own rates, an employee enrolled at another establishment of the company (一括適用 vs separate), non-monthly pay periods and a pay-cutoff period not starting on the 1st.",statutory_contributions:HEALTH; statutory_contributions:PENSION; statutory_contributions:CHILD_SUPPORT,,JP-SI-02-1; JP-SI-14-1; JP-KK27-1; JP-KK27-2; JP-SI-02-2,
JP-SI-03,JP,contribution,"Acquisition, annual September and qualifying midyear standard-monthly-remuneration decisions; base months/days, fixed-pay change and two-grade test.",JPS acquisition (https://www.nenkin.go.jp/service/kounen/hokenryo/hoshu/20120330.html); regular decision (https://www.nenkin.go.jp/service/kounen/hokenryo/hoshu/20121017.html); midyear revision (https://www.nenkin.go.jp/service/kounen/hokenryo/hoshu/20150515-02.html),https://www.nenkin.go.jp/service/kounen/hokenryo/hoshu/20120330.html,2026-09-29,2025-12-01,,PARTIAL,"Seeded 2026-09-30; the probe is registered but not yet run. The decided grade is a recorded fact (50 health grades as options, change_effect MONTH_START); the pension grade is derived from it. Recorded default (the engine reads facts on the pay month, while §167 collects the previous month): a revised grade is dated from the month after the insurance month it takes effect (a September 定時決定 grade from 1 October); the acquisition grade from the acquisition day. Not computed: the acquisition estimate, April–June averaging with the 17/11 base-day test, the fixed-pay-change and two-grade test, forms.",statutory_contributions:HEALTH.elections.standard_monthly_remuneration,,JP-MW-01-2,
JP-SI-04,JP,contribution,"Standard bonus by payment month, JPY1,000 floor, pension monthly cap and health April–March same-insurer cumulative cap; insurer changes and filings.",JPS bonus guidance (https://www.nenkin.go.jp/service/kounen/hokenryo/hoshu/20141203.html),https://www.nenkin.go.jp/service/kounen/hokenryo/hoshu/20141203.html,2026-09-29,2025-12-01,,PARTIAL,"Seeded 2026-09-30; the probe is registered but not yet run. 標準賞与額 = the month's BONUS lines floored to JPY1,000; pension capped at JPY1.5m; health and 支援金 capped exactly at JPY5.73m where HEALTH_BONUS standard_bonus_fiscal_year_prior records the April–March total, otherwise priced only where this employer's calendar-year (and, January–March, last year's) standard bonuses cannot reach the cap and refused where they could. No premium in the loss month or past the age limits. Insurer change and the 5-day filing are not modelled.",statutory_contributions:HEALTH_BONUS; statutory_contributions:PENSION_BONUS; statutory_contributions:CHILD_SUPPORT_BONUS; adhoc_catalogue:BONUS,,JP-SI-04-1; JP-SI-04-2; JP-SI-15-1,
JP-SI-05,JP,contribution,"Separate office-total and employee-share rounding, bonus included: office total is the sum of unrounded insured-person premium amounts with sub-yen total discarded; salary/bonus employee deduction rounds an exact 0.50 yen down, above 0.50 up; a worker paying the employer cash rounds 0.50 up. An employer/worker agreement can override the default; employer share is notified office total less employee deductions.","JPS calculation method, §§1–3 (https://www.nenkin.go.jp/service/kounen/hokenryo/nofu/20121026.html)",https://www.nenkin.go.jp/service/kounen/hokenryo/nofu/20121026.html,2026-09-29,2025-12-01,,PARTIAL,"Seeded 2026-09-30; the probe is registered but not yet run. Payroll-deduction rounding per insurance month and per bonus: round(half − 0.5, 1, 'UP') (0.50 down, above up); the employer charge is the unrounded premium less the deduction, then rounded to the yen per person. Not configured: cash payment (0.50 up) and an employer/worker agreement; the office-total floor of the notice (the engine rounds each employer charge to the yen before the month is summed).",statutory_contributions:HEALTH.rules; statutory_contributions:PENSION.rules; statutory_contributions:CHILD_SUPPORT.rules,,JP-SI-02-1; JP-SI-14-1; JP-SI-04-1; JP-SI-15-1,
JP-SI-06,JP,contribution,"Optional JPS premium-adjustment scheme for eligible newly covered short-time workers at eligible establishments: for standard monthly remuneration ≤JPY126,000 and a timely establishment election, reduce the employee health/pension share by grade-based 2–25% of total premium for months 1–24, then half that reduction for months 25–36; employer temporarily pays the extra and receives a later offset. Bonus, care and child-support contributions are excluded.",JPS scheme (https://www.nenkin.go.jp/service/kounen/hokenryo/hokenryochosei/gaiyo.html); eligible establishments (https://www.nenkin.go.jp/service/kounen/hokenryo/hokenryochosei/jigyosho.html); eligible workers (https://www.nenkin.go.jp/service/kounen/hokenryo/hokenryochosei/hihokensha.html); calculation (https://www.nenkin.go.jp/service/kounen/hokenryo/hokenryochosei/keisan.html); stop/restart (https://www.nenkin.go.jp/service/kounen/hokenryo/hokenryochosei/teishi.html),https://www.nenkin.go.jp/service/kounen/hokenryo/hokenryochosei/gaiyo.html,2026-09-29,2026-10-01,,GAP,"JP lineage not yet seeded. Dated election/qualification evidence, six-grade calculation and rounding, automatic stop/restart and three-year clock, employer temporary liability and offset, delinquency exception; compare opted-in versus opted-out payroll. Carried detail: eligible routes are voluntary specified-establishment status 1 October 2026–30 September 2035 and phased size expansion (36–50 members from October 2027, 21–35 from October 2029, 11–20 from October 2032, 10 or fewer from October 2035); filing by the end of the month before the second anniversary of qualification (October 2026 voluntary → 30 September 2028). Applies to every eligible short-time worker at grade ≤JPY126,000; excludes multi-establishment and leave-exempt workers. Reduction = grade × health or pension total rate × 25/20/14/9/5/2% (grades 88k/98k/104k/110k/118k/126k) for months 1–24 and half for 25–36, rounded half-up to the yen (distinct from JP-SI-05). Zero eligible workers before the deadline stops the clock; employer offset three months later. (Register status 2026-09-29: No [IN-SYSTEM 2026-09-29].)",statutory_contributions:JP_PREMIUM_ADJUSTMENT,,,
JP-SI-07,JP,contribution,"Health/pension premium exemptions during qualifying maternity and childcare leave use insurance-month and leave-span tests; same-month childcare leave can exempt monthly premium with at least 14 days, but bonus exemption has a separate over-one-month/bonus-month-end test.",JPS childcare premium-exemption rule (https://www.nenkin.go.jp/section/faq/kounen/hokenryo/20140912.html),https://www.nenkin.go.jp/section/faq/kounen/hokenryo/20140912.html,2026-09-29,2025-12-01,,PARTIAL,"Seeded 2026-09-30; the probe is registered but not yet run. The exempt months are a recorded election (NONE/MATERNITY/CHILDCARE, dated like the grade) and a bonus-month flag, as the pension office accepted the 申出; health, care, pension, 支援金 and (recorded default) 拠出金 charge nothing. Not computed from leave records: the month-end test, the 14-day same-month rule, the over-one-month bonus test and maternity precedence.",statutory_contributions:HEALTH.elections.premium_exemption; statutory_contributions:HEALTH_BONUS.elections.premium_exempt,,JP-SI-07-1,
JP-SI-08,JP,contribution,"An employee insured at two or more applicable workplaces selects a primary establishment/insurer by filing within ten days; JPS combines remuneration from all workplaces to decide the standard monthly grade, applies the selected insurer's health rate and allocates the resulting premium to employers in proportion to their own remuneration. JPS notifies each employer of its share. A covered public-sector mutual-aid job can force its selection. This differs from EI's 65-plus multi-job rule.","JPS multi-workplace guidance, updated 25 December 2025 (https://www.nenkin.go.jp/service/kounen/tekiyo/hihokensha1/20131022.html)",https://www.nenkin.go.jp/service/kounen/tekiyo/hihokensha1/20131022.html,2026-09-29,2025-12-01,,GAP,"JP lineage not yet seeded. No multi-workplace remuneration, selected-insurer, apportioned-premium or notification history mechanism/probe. Closure case: Other-workplace insured status/pay, selected insurer and evidence, combined grade, JPS allocation notice, each employer's deduction and changes; probe two employers with unequal pay, insurer switch and mutual-aid exception. (Register status 2026-09-29: No [IN-SYSTEM 2026-09-29].)",facts.jp.multi_workplace_insurance,,,
JP-SI-09,JP,contribution,"1 April 2026: JPS changed the prefecture table for in-kind meals counted toward standard remuneration; 1 October 2026 changes in-kind housing from living-room area per tatami mat to total floor area per square metre, with all prefecture values changed. Other goods generally use market value, subject to a labour agreement; a health-insurance society may have its own rules. Use the worksite/managed-branch or dispatching agency's prefecture as JPS directs, and prorate midmonth housing. The change in official in-kind value can count as a fixed-pay change for midyear grade revision; closing date does not shift the in-kind month.",JPS 2026 schedule and Q&A (https://www.nenkin.go.jp/service/kounen/hokenryo/hoshu/20150511.files/2026.pdf); JPS consolidated value index (https://www.nenkin.go.jp/service/kounen/hokenryo/hoshu/20150511.html),https://www.nenkin.go.jp/service/kounen/hokenryo/hoshu/20150511.files/2026.pdf,2026-09-29,2025-12-01,,PARTIAL,"Seeded 2026-10-01 (Phase 2): the 47 prefectures’ in-kind values as dated IN_KIND_VALUE rows — meals changing 2026-04-01, housing moving from per-tatami to per-m² on 2026-10-01 (JP-INK01–47). Not read by any calculation: the grade is recorded, and the grade decision that would add the in-kind value (and treat its change as a fixed-pay change) is JP-SI-03’s gap; no probe.",reference_rows:IN_KIND_VALUE,,,
JP-SI-10,JP,contribution,"Under an applicable bilateral social-security agreement, a qualifying temporary inbound assignee may remain in the sending-country system and receive a Japanese pension/health contribution exemption only for covered branches with a foreign authority certificate of coverage and applicable filing; reciprocal outbound assignments can retain Japanese coverage. The often-cited five-year assignment term is subject to each country's agreement and approved extensions, and an agreement may cover only pension rather than health.",JPS inbound selection (https://www.nenkin.go.jp/service/shaho-kyotei/shikumi/nijukanyuboshi/fromother01.html); JPS certificate and filing procedure (https://www.nenkin.go.jp/service/shaho-kyotei/shikumi/nijukanyuboshi/20120802-02.html); JPS agreement index (https://www.nenkin.go.jp/service/shaho-kyotei/shaho.html),https://www.nenkin.go.jp/service/shaho-kyotei/shikumi/nijukanyuboshi/fromother01.html,2026-09-29,2025-12-01,,GAP,"JP lineage not yet seeded. No country-specific treaty selection, coverage-certificate evidence or contribution-exemption production probe. Closure case: Country/agreement/effective period, assignment plan, employment continuity, covered insurance branches, valid certificate and extension, Japanese workplace filing; probe certified versus uncertified inbound worker and five-year/extension boundary. (Register status 2026-09-29: No [IN-SYSTEM 2026-09-29].)",facts.jp.totalization_certificate,,,
JP-SI-11,JP,contribution,"The Japan–Austria agreement began 1 December 2025, precisely at this inventory's start. A certified Austrian-to-Japan temporary employee assigned for at most five planned years can be exempt from Japanese pension and employment insurance but remains in Japanese health insurance as well as Austrian sickness insurance. A certified Japan-to-Austria assignee retains Japanese pension/EI, yet Austrian sickness and accident insurance can still apply. A bilateral agreed extension can reach an eight-year combined term. Employment that began before commencement has a distinct transition.","JPS Austria country rule, §§1, 4–5 (https://www.nenkin.go.jp/service/shaho-kyotei/kunibetsu/notice/austria.html); JPS commencement/forms (https://www.nenkin.go.jp/shinsei/kyotei/austria/austria1.html)",https://www.nenkin.go.jp/service/shaho-kyotei/kunibetsu/notice/austria.html,2026-09-29,2025-12-01,,GAP,"JP lineage not yet seeded. No Austria-specific agreement dates/covered-branch logic, certificate evidence or production probe. Closure case: Direction, commencement/assignment dates, signed coverage certificate, pension/EI/health branch selection, pre-existing assignment and approved extension; probe 30 November versus 1 December 2025, inbound pension/EI zero but Japanese health retained, and five/eight-year boundary. (Register status 2026-09-29: No [IN-SYSTEM 2026-09-29].)",facts.jp.totalization_certificate.AT,,,
JP-SI-12,JP,contribution,"Age and exit transitions: Kyokai care-insurance payroll contributions start for the insurance month containing the day before the 40th birthday and cease from the month containing the day before the 65th birthday; municipality care collection from 65 is a separate obligation. Ordinary employees leave employees' pension at 70, with the 70th-birthday predecessor as the attainment date; JPS waives the employer's 70-plus worker filing only when the worker stays at the same workplace and the deemed remuneration grade is unchanged, otherwise filing is due within five days. Health-insurance coverage ends on the 75th birthday. Retirement/death loss is the following day, transfer/contract-change loss the same day; JPS loss filing is due within five days. Same-month pension acquisition/loss can generate a contribution refund after alternative cover, which the employer must pass back to the worker.","Kyokai age-40/65 examples (https://www.kyoukaikenpo.or.jp/shibu/ibaraki/public_relations/009/); JPS 70-plus filing exception (https://www.nenkin.go.jp/oshirase/topics/2019/2019031501.html); JPS loss dates, refund and filing, updated 2 December 2025 (https://www.nenkin.go.jp/service/kounen/tekiyo/hihokensha1/20150407-02.html)",https://www.kyoukaikenpo.or.jp/shibu/ibaraki/public_relations/009/,2026-09-29,2025-12-01,,PARTIAL,"Seeded 2026-09-30; the probe is registered but not yet run. Per insurance month from the birth date: care while the age on the day after the month is 40–64, pension while it is under 70, health until the month before the 75th birthday; loss = day after the exit day; a same-month acquisition and loss charges that month. Not modelled: 70-plus filings, the same-month pension refund, retirement/transfer loss-reason differences.",statutory_contributions:HEALTH.rules; statutory_contributions:PENSION.rules; statutory_contributions:HEALTH_BONUS.rules,,JP-SI-21-1; JP-SI-12-1; JP-SI-24-1,
JP-SI-13,JP,records,"From 2 December 2025, previously issued paper Kyokai health-insurance cards no longer establish treatment eligibility (unless coverage already ended sooner). The employee/dependant uses an activated My Number health card or Kyokai's qualification-confirmation document; acquisition/dependant-change forms must request that document when needed. On loss, an employer submitting the Kyokai loss filing returns issued qualification-confirmation and related certificates, or files a nonreturn notice if unrecoverable. The employee's national ID number itself must follow JP-HR-11's restricted handling.","JPS 1 December 2025 paper-card cutoff and new acquisition-form field (https://www.nenkin.go.jp/oshirase/taisetu/2024/202410/1018.html); JPS loss-document rule, updated 2 December 2025 (https://www.nenkin.go.jp/service/kounen/tekiyo/hihokensha1/20150407-02.html)",https://www.nenkin.go.jp/oshirase/taisetu/2024/202410/1018.html,2026-09-29,2025-12-02,,EXTERNAL,"JP lineage not yet seeded. Employer duty outside the calculator; no JP obligation or evidence record yet. No JP card/document eligibility, acquisition-form request or departure-document workflow/probe. Closure case: Insurer, worker/dependant enrolment and loss dates, ID-card activation, document issue/return status, required form flag and privacy evidence; probe 1/2 December eligibility, entrant lacking activated card, dependant change and unreturned document. (Register status 2026-09-29: No [EXTERNAL 2026-09-29].)",obligations:JP_HEALTH_CARD_DOCUMENTS,,,
JP-SI-14,JP,contribution,"2026 child/childcare support contribution: from the April 2026 insurance month (ordinarily withheld from May pay), the employee-insurance 2026 rate is 0.23% of standard monthly remuneration and standard bonus, generally shared equally by employer and employee and collected with health insurance. It is due for enrolled employees including an overseas assignee who retains Japanese health cover, but follows medical/pension premium exemption during qualifying maternity/childcare leave. National Health Insurance and late-elderly medical coverage instead use municipality/region insurer amounts and are not automatically employer payroll deductions.","Children and Families Agency 2026 amount/start/coverage (https://www.cfa.go.jp/policies/kodomokosodateshienkinseido); agency employer leaflet, p. 2 (https://www.cfa.go.jp/assets/contents/node/basic_page/field_ref_resources/fb3dbb28-102a-4840-90a5-00ad2e0d117f/0049a2f8/20260226policies-kodomokosodateshienkinseido-11.pdf); Kyokai 2026 rate (https://www.kyoukaikenpo.or.jp/about/business/insurance_rate/003/)",https://www.cfa.go.jp/policies/kodomokosodateshienkinseido,2026-09-29,2026-04-01,,VERIFIED,"JP-SI-14-1 (May 2026 pay, first April insurance month: 410,000 × 0.23% = 943, 471 / 472) and JP-SI-04-1 (bonus 支援金 1,419) passed 2026-10-01; every JP-REGION case charges it in September. The 令和9年度 rate is unpublished (a new version when it is).",statutory_contributions:CHILD_SUPPORT; statutory_contributions:CHILD_SUPPORT_BONUS,,JP-SI-14-1; JP-SI-04-1,2026-10-01
JP-SI-15,JP,bonus,"Bonus classification and cap history: pay for labour made three or fewer times yearly is generally a social-insurance bonus; four or more recurring payments feed monthly standard remuneration instead. JPS requires a bonus filing within five days of payment (and a no-bonus report for a registered bonus month with no payment). A bonus in an insurance-loss month is generally not premium-bearing, except same-month acquisition/loss as specified; nevertheless health standard bonus paid before loss, including a leave-exempt bonus, still consumes the same-insurer April–March JPY5.73m cap. On transfer/re-entry, cap aggregation can require a worker-requested cumulative declaration, later correction and refund; two payments in one month are aggregated for the JPY1.5m monthly pension cap.","JPS bonus classification, filings, exceptions and cumulative cap, updated 16 October 2025 (https://www.nenkin.go.jp/service/kounen/hokenryo/hoshu/20141203.html), §§1–4",https://www.nenkin.go.jp/service/kounen/hokenryo/hoshu/20141203.html,2026-09-29,2025-12-01,,PARTIAL,"Seeded 2026-09-30; the probe is registered but not yet run. A 賞与 is the BONUS ad hoc class; the cap counts exempt and loss-month bonuses (the base is kept, the charge is zero). Not modelled: classifying four-or-more payments into the monthly grade, transfer declarations and corrections, the no-bonus filing.",adhoc_catalogue:BONUS; statutory_contributions:HEALTH_BONUS.elections.standard_bonus_fiscal_year_prior,,JP-SI-15-1,
JP-EI-01,JP,contribution,"Employment-insurance membership by 31-day prospect, normal weekly 20h and statutory exceptions; employment category and entry/exit filings.",MHLW enrolment (https://www.mhlw.go.jp/stf/seisakunitsuite/bunya/0000147331.html),https://www.mhlw.go.jp/stf/seisakunitsuite/bunya/0000147331.html,2026-09-30,2025-12-01,,PARTIAL,"Seeded 2026-09-30 (seed/jurisdiction/JP, lineage step employment-insurance) in all 34 JP versions; probes written, not yet run on the production path. Premiums follow the recorded EMPLOYMENT_INSURANCE registration: REGISTERED charges from the payslip wage, NOT_REGISTERED charges nothing (unregistered_action SKIP), unrecorded refuses (雇用保険法 §4–§7). A REGISTERED GENERAL worker whose contracted week (terms.ordinary_hours_per_week) is under 20 hours is refused (§6(i)); the versions from 1 October 2028 carry the 10-hour threshold. Not evaluated: the 31-day expectation (§6(ii), renewal prospects), students, seasonal, crew and public-servant exclusions, officer status, and whether a NOT_REGISTERED worker is truly excluded (the declaration is trusted, recorded default). Filing deadlines are JP-EI-06.",statutory_contributions:EMPLOYMENT_INSURANCE (employment_statutory_facts registration; election insured_category),,JP-EI-01-1,
JP-EI-02,JP,contribution,"Employment-insurance employee/employer premium by eligible wage base and business category; 2025/26 fiscal rate transition (general business 5.5/9 per 1,000 to 5/8.5 on 1 April 2026). For ordinary payroll, the wage closing date selects the new rate: a March close paid in April remains at the 2025 rate.",MHLW dated rate register (https://www.mhlw.go.jp/stf/seisakunitsuite/bunya/0000108634.html); Ishikawa Labour Bureau 2026 rate notice (https://jsite.mhlw.go.jp/ishikawa-roudoukyoku/content/contents/002623198.pdf); Yamagata annual-return instructions (https://jsite.mhlw.go.jp/yamagata-roudoukyoku/content/contents/002587832.pdf),https://www.mhlw.go.jp/stf/seisakunitsuite/bunya/0000108634.html,2026-09-30,2025-12-01,,PARTIAL,"Proven (probes passed 2026-10-01): the version-by-window-end fiscal switch (JP-KK27-1/-2, JP-EIR-03-1/-2), GENERAL and CONSTRUCTION both years, AGRICULTURE_SAKE 令和8年度 (JP-EIR-02-1), BONUS in the base (JP-SI-04-1), overtime and night premium in the base (JP-OT-02-1), 通勤手当 in the base (JP-TAX-07-BANDS-1), the 令和9年度 refusal (JP-EIR-01-1). Unproven: AGRICULTURE_SAKE 令和7年度 (JP-EIR-02); in-kind wages (MEAL_IN_KIND counts toward no labour-insurance scheme — 徴収法 §2(2) counts in-kind 賃金 the ordinance names; seed); ENCASHMENT excluded pending a source; the bonus-run rate is a recorded default.",statutory_contributions:EMPLOYMENT_INSURANCE; jurisdiction_settings.facts:employment_insurance_class,,JP-KK27-1; JP-KK27-2; JP-EIR-03-1; JP-EIR-03-2; JP-EIR-02-1; JP-SI-04-1; JP-OT-02-1; JP-TAX-07-BANDS-1; JP-EIR-01-1,
JP-EI-03,JP,contribution,"Employment-insurance deduction rounding differs by settlement mode: from wages, exact 0.50 yen rounds down and a fraction greater than 0.50 rounds up; cash collection rounds 0.50 up. Annual labour-insurance return assigns a wage to the fiscal year of its wage closing date, even when paid after 1 April, and combines workers' compensation/employment rates where wage bases coincide before discarding the fractional yen.","MHLW annual declaration and rounding (https://www.mhlw.go.jp/www2/topics/seido/daijin/hoken/980916_3.htm); Yamagata Labour Bureau 2026 annual-return instructions, p. 8 (https://jsite.mhlw.go.jp/yamagata-roudoukyoku/content/contents/002587832.pdf); MHLW annual-return FAQ (https://www.mhlw.go.jp/bunya/roudoukijun/roudouhoken01/situmon.html)",https://www.mhlw.go.jp/www2/topics/seido/daijin/hoken/980916_3.htm,2026-09-30,2025-12-01,,PARTIAL,"Seeded 2026-09-30 (seed/jurisdiction/JP, lineage step employment-insurance) in all 34 JP versions; probes written, not yet run on the production path. Deduction from wages: 50 sen and under dropped, over 50 sen up (1,500.5 → 1,500; 1,500.51 → 1,501). The employer share per payslip drops its sub-yen fraction (recorded default; the annual return settles the total). Not modelled: cash collection (0.50 up), an evidenced different labour-management practice, and the annual-return aggregation of the combined rate.","statutory_contributions:EMPLOYMENT_INSURANCE rules (employee round(base × rate − 0.5, 1, 'UP'))",,JP-EI-03-1; JP-OT-02-1; JP-MW-01-2,
JP-EI-04,JP,contribution,"Distinguish employer wage during childcare/care absence from public employment-insurance benefits. New birth-postleave and child-shortened-hours benefits began 1 April 2025, with qualifying insured worker, other-parent/child-age and prior-wage conditions; employer filing and pay evidence affects eligibility.",MHLW April 2025 benefit changes (https://www.mhlw.go.jp/stf/newpage_51380.html); MHLW childcare benefit guidance (https://www.mhlw.go.jp/stf/seisakunitsuite/bunya/0000135090_00001.html),https://www.mhlw.go.jp/stf/newpage_51380.html,2026-09-29,2025-12-01,,PARTIAL,"Configured 2026-09-30: CHILDCARE_LEAVE, POSTNATAL_CHILDCARE_LEAVE and FAMILY_CARE_LEAVE are paid_by FUND — the employer wage stops for the day and the EI benefit is outside payroll. Not configured: benefit eligibility, prior-wage reference period, employer wage offset against the benefit, filings.",leave_catalogue:CHILDCARE_LEAVE; leave_catalogue:POSTNATAL_CHILDCARE_LEAVE; leave_catalogue:FAMILY_CARE_LEAVE,,,
JP-EI-05,JP,contribution,"Existing 65-plus multi-job holder exception: on the worker's application, two employments with 5 to under 20 contracted hours each, at least 20 hours combined and at least 31 days' expected employment each can acquire special EI status from application day, without retroactivity. The worker selects at most two different employers; each selected employer supplies required forms/records and calculates premium on its own wages. One-site termination, reduced hours or switch to ordinary 20-hour cover changes status/forms; application cannot trigger retaliation.",MHLW employer/insured FAQ (https://www.mhlw.go.jp/stf/seisakunitsuite/bunya/0000139508_00002.html),https://www.mhlw.go.jp/stf/seisakunitsuite/bunya/0000139508_00002.html,2026-09-30,2025-12-01,,PARTIAL,"Seeded 2026-09-30 (seed/jurisdiction/JP, lineage step employment-insurance) in all 34 JP versions; probes written, not yet run on the production path. The MULTI_JOB_65 election lets a §37-5 special insured worker be charged on this employer’s own wages below 20 contracted hours. Not evaluated: age 65, the two-employment 5–20 h and combined 20 h tests, application/approval date and one-site change; no probe.",statutory_contributions:EMPLOYMENT_INSURANCE election insured_category = MULTI_JOB_65,,,
JP-EI-06,JP,filing,"Ordinary EI requires acquisition filing by the 10th of the next month, loss and separation certificate within ten days after loss, and intra-company transfer filing within ten days after the event; establishment opening/closure and employer-detail changes have separate ten-day filings. Worker/public-benefit certifications for old-age continuation, childcare and care require their own wage/attendance evidence and benefit deadlines.",MHLW employer procedure table (https://www.mhlw.go.jp/stf/seisakunitsuite/bunya/koyou_roudou/koyou/koyouhoken/tetsuduki_ichiran01.html),https://www.mhlw.go.jp/stf/seisakunitsuite/bunya/koyou_roudou/koyou/koyouhoken/tetsuduki_ichiran01.html,2026-09-29,2025-12-01,,EXTERNAL-RECORDED,"Declared 2026-10-01: a hire raises the 資格取得届 due the 10th of the next month; an exit raises the 資格喪失届・離職証明書 due the last day plus eleven (ten days from the day after the loss day, recorded reading). Not declared: intra-company transfer, establishment and benefit-certificate filings. Raised by the daily obligation_calendar sweep on obligation_instances (due_on, amount_due, filed_on/reference evidence); no probe: the probe harness reads saved rows before it starts an automation, so an instance is not yet a production-path oracle. Due days are the statutory day; the move to the next business day where it falls on a holiday (国税通則法 §10(2), 地方税法 §20-5(2)) is not applied.",duty_types:EMPLOYMENT_INSURANCE_ACQUISITION; duty_types:EMPLOYMENT_INSURANCE_LOSS,,,
JP-WC-01,JP,contribution,"Employer-only workers' compensation contribution by industry; rate, eligible wages, construction special calculations and annual declaration.","労働者災害補償保険法 §3 (https://laws.e-gov.go.jp/law/322AC0000000050); 労働保険の保険料の徴収等に関する法律 §2(2), §11, §12(2)–(3), §31 (https://laws.e-gov.go.jp/law/344AC0000000084); 同施行規則 別表第一 労災保険率表 (https://laws.e-gov.go.jp/law/347M50002000008; MHLW https://www.mhlw.go.jp/content/rousaihokenritu_r05.pdf, 令和6年4月1日施行); MHLW rates page (https://www.mhlw.go.jp/stf/seisakunitsuite/bunya/koyou_roudou/roudoukijun/rousai/rousaihoken06/rousai_hokenritsu_kaitei.html): 令和8年度 unchanged; annual return (https://www.mhlw.go.jp/stf/seisakunitsuite/bunya/koyou_roudou/roudoukijun/hoken/roudouhoken21/index.html)",https://www.mhlw.go.jp/stf/seisakunitsuite/bunya/koyou_roudou/roudoukijun/rousai/rousaihoken06/rousai_hokenritsu_kaitei.html,2026-09-30,2025-12-01,,PARTIAL,"Proven (passed 2026-10-01): table rates by business type (type 94 at 3/1,000 JP-OT-02-1, type 95 at 13 JP-EIR-02-1, type 35 at 9.5 JP-EIR-03-1), the recorded メリット制 rate (JP-WC-01-1), the refusal without a business type (JP-WC-01-2). Not configured: construction 有期事業 premiums on 請負金額 × 労務費率, forestry special wage totals, officers/special enrolment, 一括有期; the 年度更新 return is external.","statutory_contributions:WORKERS_COMP; jurisdiction_settings.facts:workers_comp_business_type, workers_comp_merit_rate",,JP-WC-01-1; JP-WC-01-2; JP-EIR-02-1; JP-EIR-03-1; JP-OT-02-1,
JP-WC-02,JP,wages,"For a qualifying work injury, employer pays statutory absence compensation for the first three waiting days, normally 60% of Labour Standards Act average wages. Public workers' compensation absence benefit starts day four (60% plus a distinct 20% special payment); commuting injuries and insurer offsets have separate branches.",MHLW injury/absence employer guide (https://www.mhlw.go.jp/stf/seisakunitsuite/bunya/koyou_roudou/roudoukijun/zigyonushi/rousai/index.html); MHLW benefit calculation (https://www.mhlw.go.jp/stf/seisakunitsuite/bunya/0000154476.html),https://www.mhlw.go.jp/stf/seisakunitsuite/bunya/koyou_roudou/roudoukijun/zigyonushi/rousai/index.html,2026-09-29,2025-12-01,,GAP,"JP lineage not yet seeded. No JP employer waiting-day compensation or insurer-benefit separation in a production probe. Closure case: Accident cause, waiting-day calendar, average-wage base, employer payment and public claim/decision, salary overlap and corrections; probe days 1–4 and work versus commuting injury. (Register status 2026-09-29: No [IN-SYSTEM 2026-09-29].)",pay_components.jp_injury_waiting_days,,,
JP-HIST-01,JP,records,"Import verified opening remuneration grades, insurer-specific bonus totals, taxable wage/withholding, resident-tax notices, leave/work/absence, retirement service and corrections from before 1 December 2025.","Sources in JP-TAX-03, JP-RES-01, JP-SI-03/04, JP-LAB-04",https://www.nta.go.jp/taxes/shiraberu/taxanswer/gensen/2674.htm,2026-09-29,2025-12-01,,PARTIAL,"Reason was stale: openings are now inputs and proven — prior-employer 源泉徴収票 as the year-end opening (JP-TAX-15-1), the April–March prior standard-bonus total (JP-SI-15-1), the recorded grade (JP-MW-01-2), the municipality notice installments (JP-RES-01-1), retirement service years (JP-TAX-25-1); passed 2026-10-01. Missing: pre-December-2025 leave taken/carried and attendance history (input), corrections of opened history.",statutory_contributions:HEALTH_BONUS.elections.standard_bonus_fiscal_year_prior; statutory_contributions:HEALTH.elections.standard_monthly_remuneration; terms_facts.resident_tax_june_amount; exit_facts.retirement_service_years,,JP-TAX-15-1; JP-SI-15-1; JP-RES-01-1; JP-TAX-25-1,
JP-OUT-01,JP,filing,"Reconcile payslip, statutory reports, remittances and reversals to each calculation with traceable period, rate version, source and input evidence.",NTA legal-report guide (https://www.nta.go.jp/publication/pamph/hotei/tebiki2026/index.htm); JPS remittance (https://www.nenkin.go.jp/service/kounen/hokenryo/nofu/nofu.html); MHLW annual insurance return (https://www.mhlw.go.jp/stf/seisakunitsuite/bunya/koyou_roudou/roudoukijun/hoken/roudouhoken21/index.html),https://www.nta.go.jp/publication/pamph/hotei/tebiki2026/index.htm,2026-09-29,2025-12-01,,EXTERNAL,"JP lineage not yet seeded. Employer duty outside the calculator; no JP obligation or evidence record yet. Production outputs, filing schemas/deadlines, mutation/reversal and reconciliation probes. (Register status 2026-09-29: No [EXTERNAL 2026-09-29].)",obligations:JP_RECONCILIATION,,,
JP-HR-01,JP,other,"Give the worker the legally required written employment conditions on hiring/renewal: period, place/work and their change ranges, hours, wages/payment, exit, fixed-term renewal limits; disclose indefinite-conversion opportunity and resulting conditions at the triggering renewal. Track explanation before adding/shortening a renewal cap.",MHLW 2024 condition-disclosure reform (https://www.mhlw.go.jp/stf/newpage_32105.html); MHLW fixed-term conversion (https://muki.mhlw.go.jp/),https://www.mhlw.go.jp/stf/newpage_32105.html,2026-09-29,2025-12-01,,GAP,"JP lineage not yet seeded. Current Act/ordinance crosswalk, signed/delivered contract and amendment history, effective terms, five-year renewal accumulation and specialist/older-worker exceptions; hiring, renewal and conversion probes. Source refresh 2026-09-29: the cited MHLW 2024 condition-disclosure PDF (content/001360796.pdf) now returns 404; replaced by the MHLW 2024 労働条件明示 rule page. (Register status 2026-09-29: No [IN-SYSTEM 2026-09-29].)",settings.jp.hr_01,,,
JP-HR-02,JP,other,"Part-time/fixed-term remuneration and all treatment require the correct ordinary-worker comparator, no unreasonable or prohibited discriminatory difference, written hiring particulars and explanation on request.",MHLW Part-Time and Fixed-Term Employment Act guide (https://www.mhlw.go.jp/stf/seisakunitsuite/bunya/0000061842.html); MHLW same-pay guide (https://hatarakikatakaikaku.mhlw.go.jp/same.html),https://www.mhlw.go.jp/stf/seisakunitsuite/bunya/0000061842.html,2026-09-29,2025-12-01,,GAP,"JP lineage not yet seeded. Comparator, role/responsibility/transfer facts, each allowance/bonus/leave/benefit and explanation record; independent parity/adverse probes. (Register status 2026-09-29: No [IN-SYSTEM 2026-09-29].)",settings.jp.hr_02,,,
JP-HR-03,JP,other,"If the worker is dispatched, distinguish dispatching agency from client workplace; choose client-region/specific minimum wage, appropriate equal/balanced treatment route and information exchange, with 1 October 2026 explanation changes.","MHLW dispatch worker equal-treatment guidance (https://www.mhlw.go.jp/stf/seisakunitsuite/bunya/0000077386_00001.html); Minimum Wage Act arts. 13, 18 below",https://www.mhlw.go.jp/stf/seisakunitsuite/bunya/0000077386_00001.html,2026-09-29,2025-12-01,,GAP,"JP lineage not yet seeded. Contract/licence, client site, comparison or worker agreement, benefit and wage floors, information/notice, time limit and record branches. (Register status 2026-09-29: No [IN-SYSTEM 2026-09-29].)",settings.jp.hr_03,,,
JP-HR-04,JP,other,"Prohibit sex/pregnancy/parental-leave discrimination and perform required sexual, maternity/childcare and power-harassment prevention, consultation and adverse-treatment controls; customer harassment and job-applicant sexual-harassment duties start 1 October 2026.",MHLW equality (https://www.mhlw.go.jp/stf/seisakunitsuite/bunya/koyou_roudou/koyoukintou/danjokintou/index.html); MHLW harassment reform (https://www.mhlw.go.jp/stf/seisakunitsuite/bunya/koyou_roudou/koyoukintou/seisaku06/),https://www.mhlw.go.jp/stf/seisakunitsuite/bunya/koyou_roudou/koyoukintou/danjokintou/index.html,2026-09-29,2025-12-01,,EXTERNAL,"JP lineage not yet seeded. Employer duty outside the calculator; no JP obligation or evidence record yet. Applicable law/guidelines, dated policy and complaint/response evidence, pay/assignment/termination adverse-effect controls and reform-date probes. (Register status 2026-09-29: No [EXTERNAL 2026-09-29].)",obligations:JP_HR_04,,,
JP-HR-05,JP,leave,"Apply 2025 childcare/family-care reforms beyond leave pay: child-nursing leave expansion, overtime-limit eligibility, individual care-leave notice/intention check and 40-year-old information, two or more flexible-work measures for qualifying parents, individual child-care intention check, and childcare-leave uptake publication for employers over 300.",MHLW 2025 parenting reform (https://www.mhlw.go.jp/seisakunitsuite/bunya/koyou_roudou/koyoukintou/ryouritsu/ikuji/law-amendment/); MHLW care reform (https://www.mhlw.go.jp/seisakunitsuite/bunya/koyou_roudou/koyoukintou/ryouritsu/kaigo/law-amendment/),https://www.mhlw.go.jp/seisakunitsuite/bunya/koyou_roudou/koyoukintou/ryouritsu/ikuji/law-amendment/,2026-09-29,2025-12-01,,GAP,"JP lineage not yet seeded. April/October 2025 effective branches, employee/child/care facts, written notice/election, environment, publication and leave/pay/benefit interfaces. (Register status 2026-09-29: No [IN-SYSTEM 2026-09-29].)",settings.jp.hr_05,,,
JP-HR-06,JP,filing,"From 1 April 2026, employers with 101 or more regularly employed workers must publish the gender pay gap and female-manager ratio; the pay-gap branch was previously mandatory at 301 or more, while the female-manager ratio is newly mandatory at 101 or more. First publication under the amendment uses the first fiscal year ending on/after 1 April 2026 and is due roughly three months after the next fiscal year begins; other required selected indicators differ for 101–300 versus 301-plus employers.",MHLW gender pay-gap reform (https://www.mhlw.go.jp/stf/seisakunitsuite/bunya/koyou_roudou/koyoukintou/seisaku09/index.html); MHLW/Tokyo Labour Bureau 2026 publication timing FAQ (https://jsite.mhlw.go.jp/tokyo-roudoukyoku/content/contents/002609287.pdf),https://www.mhlw.go.jp/stf/seisakunitsuite/bunya/koyou_roudou/koyoukintou/seisaku09/index.html,2026-09-29,2026-04-01,,EXTERNAL,"JP lineage not yet seeded. Employer duty outside the calculator; no JP obligation or evidence record yet. No JP employer-size/year report selector, required-indicator calculation or dated publication evidence/probe. Closure case: Count regular workers, each fiscal-year cohort, calculate and verify full-time/part-time/all-worker pay-gap and manager indicators, select extra size-specific indicators and preserve publication evidence; probe 100/101/300/301 and a fiscal year crossing 1 April 2026. (Register status 2026-09-29: No [EXTERNAL 2026-09-29].)",obligations:JP_HR_06,,,
JP-HR-07,JP,filing,"Verify immigration/work permission and report hiring/leaving of covered foreign workers; EI-insured hires use EI acquisition/loss notices, others use the separate foreign-worker report.",MHLW foreign-worker reporting (https://www.mhlw.go.jp/stf/seisakunitsuite/bunya/koyou_roudou/koyou/gaikokujin/todokede/index.html),https://www.mhlw.go.jp/stf/seisakunitsuite/bunya/koyou_roudou/koyou/gaikokujin/todokede/index.html,2026-09-29,2025-12-01,,EXTERNAL,"JP lineage not yet seeded. Employer duty outside the calculator; no JP obligation or evidence record yet. Status/nationality/document evidence, diplomatic/official/special-permanent-resident exemptions, 10th-next-month/10-days-after-loss versus next-month-end filing deadlines and amendments. (Register status 2026-09-29: No [EXTERNAL 2026-09-29].)",obligations:JP_HR_07,,,
JP-HR-08,JP,levy,Meet older-worker and disability employment measures and annual 1 June employer reports where in scope; private disability employment rate rises from 2.5% to 2.7% and reporting-size threshold from 40 to 37.5 regular workers on 1 July 2026.,MHLW annual older/disability report (https://www.mhlw.go.jp/stf/seisakunitsuite/bunya/koyou_roudou/koyou/koureisha/index_00001.html); MHLW disability report threshold (https://www.mhlw.go.jp/stf/seisakunitsuite/bunya/koyou_roudou/koyou/shougaisha-koyou_00002.html); Hokkaido Labour Bureau rate change (https://jsite.mhlw.go.jp/hokkaido-hellowork/list/abashiri/newpage_00007.html),https://www.mhlw.go.jp/stf/seisakunitsuite/bunya/koyou_roudou/koyou/koureisha/index_00001.html,2026-09-29,2025-12-01,,GAP,"JP lineage not yet seeded. Employer class/denominator, disability and age evidence, exemptions and statutory levy/reward scope, June-1 report versus July rate boundary. (Register status 2026-09-29: No [IN-SYSTEM 2026-09-29].)",settings.jp.hr_08,,,
JP-HR-09,JP,other,"Respect applicable collective agreements, worker-representative agreements and union rights when selecting pay, working-time, deductions and disciplinary terms; do not retaliate for membership or protected activity or improperly refuse bargaining.",Labour Union Act art. 7 (https://www.mhlw.go.jp/web/t_doc?dataId=73001000&dataType=0); MHLW union rights (https://www.mhlw.go.jp/stf/seisakunitsuite/bunya/koyou_roudou/roudouseisaku/roudoukumiai/index.html),https://www.mhlw.go.jp/web/t_doc?dataId=73001000&dataType=0,2026-09-29,2025-12-01,,GAP,"JP lineage not yet seeded. Collective/representative instruments and scope are absent from JP configuration; no payroll or HR compliance probe. Closure case: Employer/worker bargaining-unit scope, agreements and filed majority-representative instruments, dates, hierarchy and adverse-action evidence; payroll interaction probes. (Register status 2026-09-29: No [IN-SYSTEM 2026-09-29].)",settings.jp.hr_09,,,
JP-HR-10,JP,leave,"Provide medically directed maternity-health accommodations such as commute relief, rest, shorter hours or work restrictions when a pregnant/postnatal worker requests them; determine pay from the separate lawful agreement/benefit rather than assuming all accommodation time paid.",MHLW maternity-health card guidance (https://www.bosei-navi.mhlw.go.jp/renraku_card/); MHLW card-not-mandatory FAQ (https://www.bosei-navi.mhlw.go.jp/faq/faq04.html),https://www.bosei-navi.mhlw.go.jp/renraku_card/,2026-09-29,2025-12-01,,GAP,"JP lineage not yet seeded. Accommodation evidence and pay classification have no JP mechanism or production check. Closure case: Medical guidance/request, exact accommodation, dates, wage agreement, leave and public-benefit interface; request with/without card probes. (Register status 2026-09-29: No [IN-SYSTEM 2026-09-29].)",settings.jp.hr_10,,,
JP-HR-11,JP,records,"Collect/use employee and dependant My Number only for permitted tax/social-insurance administration; control access, records, retention and disposal, and omit My Number from the employee copy of the withholding slip.",Personal Information Protection Commission business guideline (https://www.ppc.go.jp/legal/policy/my_number_guideline_jigyosha/); employee withholding-slip copy FAQ (https://www.ppc.go.jp/all_faq_index/faq5-q5-2/),https://www.ppc.go.jp/legal/policy/my_number_guideline_jigyosha/,2026-09-29,2025-12-01,,GAP,"JP lineage not yet seeded. No reviewed JP document/output/privacy path or authority-versus-employee form probe. Closure case: Purpose, consent/identity checks where applicable, employer/processor controls, authority-form versus worker-copy field sets and legal retention/deletion schedule. (Register status 2026-09-29: No [IN-SYSTEM 2026-09-29].)",settings.jp.hr_11,,,
JP-HR-12,JP,filing,Prepare/update and publish the next-generation childcare support employer action plan when applicable; from 1 April 2025 employers with over 100 workers must analyse parental-leave uptake and working hours and set numeric goals when preparing/changing the plan.,MHLW 2025 Next Generation Act reform (https://www.mhlw.go.jp/seisakunitsuite/bunya/koyou_roudou/koyoukintou/ryouritsu/ikuji/law-amendment/),https://www.mhlw.go.jp/seisakunitsuite/bunya/koyou_roudou/koyoukintou/ryouritsu/ikuji/law-amendment/,2026-09-29,2025-12-01,,EXTERNAL,"JP lineage not yet seeded. Employer duty outside the calculator; no JP obligation or evidence record yet. Employer plan/metric/report workflow is absent and statutory exceptions and timing are not fully reviewed. Closure case: Employer count, action-plan lifecycle and publication, gendered leave and monthly overtime/holiday-hours cohorts, quantitative targets and authority filings. (Register status 2026-09-29: No [EXTERNAL 2026-09-29].)",obligations:JP_HR_12,,,
JP-HR-13,JP,other,"From 1 October 2026, an employer hiring a part-time or fixed-term worker must add to the employment-conditions notice that the worker may request an explanation of the content and reasons for treatment differences from an ordinary worker under Part-Time and Fixed-Term Employment Act art. 14(2). This joins the existing hire-time disclosures on pay rise, retirement allowance, bonus and consultation contact; a worker hired before the start date is a separate version case.","MHLW 2026 Order No. 87 and amendment page (https://www.mhlw.go.jp/stf/seisakunitsuite/bunya/0000144972.html); MHLW April 2026 worker/employer leaflet, p. 1 (https://www.mhlw.go.jp/content/001698010.pdf)",https://www.mhlw.go.jp/stf/seisakunitsuite/bunya/0000144972.html,2026-09-29,2026-10-01,,GAP,"JP lineage not yet seeded. No dated JP employment-notice template, delivery evidence or part-time/fixed-term commencement probe. Closure case: Dated hire and worker type, delivered notice/version and its explanation-right clause; probe 30 September versus 1 October 2026 hire and ordinary-worker exclusion. (Register status 2026-09-29: No [IN-SYSTEM 2026-09-29].)",settings.jp.hr_13,,,
JP-HR-14,JP,other,"From 1 October 2026, apply the revised equal-pay guideline to each actual comparator and treatment purpose: a bonus or retirement allowance can be unreasonable when its purpose also fits a part-time/fixed-term worker but the amount is not balanced to role differences; the same no-accident allowance follows identical work, family allowance a comparable prospect of continued service, housing allowance comparable transfer-with-relocation eligibility, and sick-leave wage protection comparable continued service where ordinary workers receive it. The guideline also addresses service awards, summer/winter leave and facility-use terms. These tests depend on their stated facts; they are not unconditional identical-pay rules.","MHLW Notice No. 203 and commencement (https://www.mhlw.go.jp/stf/seisakunitsuite/bunya/0000144972.html); MHLW April 2026 leaflet, pp. 2–3 (https://www.mhlw.go.jp/content/001698010.pdf)",https://www.mhlw.go.jp/stf/seisakunitsuite/bunya/0000144972.html,2026-09-29,2026-10-01,,GAP,"JP lineage not yet seeded. No JP comparator and treatment-purpose decision evidence or production parity/refusal probes for the amended guideline. Closure case: Worker/comparator contracts, work and transfer scope, bonus/allowance purpose, service expectation, facility and leave terms, dated decision explanation; probe each allowance with matched versus unmatched statutory facts around 1 October. (Register status 2026-09-29: No [IN-SYSTEM 2026-09-29].)",settings.jp.hr_14,,,
JP-HR-15,JP,other,"From 1 October 2026, the amended part-time/fixed-term employment-management guidance clarifies that the majority representative consulted on work-rule creation/change must be a nonmanager selected by an independent vote/show of hands; do not retaliate for proper representative activity and provide practical support. On a worker's request, explain treatment differences and relevant measures in an intelligible form using supporting material; issuing a document containing every explanation point is an alternative to an oral explanation with material. Some further publication/discussion steps are guidance or effort duties, so their legal force must remain separate.","MHLW Notice No. 202 and commencement (https://www.mhlw.go.jp/stf/seisakunitsuite/bunya/0000144972.html); MHLW April 2026 leaflet, pp. 4–5 (https://www.mhlw.go.jp/content/001698010.pdf)",https://www.mhlw.go.jp/stf/seisakunitsuite/bunya/0000144972.html,2026-09-29,2026-10-01,,EXTERNAL,"JP lineage not yet seeded. Employer duty outside the calculator; no JP obligation or evidence record yet. No JP representative election and treatment-explanation evidence workflow or classification probe for mandatory versus effort duties. Closure case: Site-level representative election/management facts, work-rule change, treatment-explanation request/response and materials, adverse-action evidence, mandatory versus effort classification; probe valid/invalid representative and requested/no-request explanation. (Register status 2026-09-29: No [EXTERNAL 2026-09-29].)",obligations:JP_HR_15,,,
JP-HR-16,JP,other,"From 1 October 2026, a dispatching employer must state the worker's right to request an explanation of treatment differences both when about to hire a dispatched worker and when about to dispatch that worker. The dispatch-stage notice is required under either client-comparison or compliant labour-management-agreement treatment; it is separate from the ordinary employment-conditions notice and the dispatch work-conditions notice.",MHLW 2026 dispatched-worker amendment and model forms (https://www.mhlw.go.jp/stf/seisakunitsuite/bunya/0000077386_00001.html); 2026 Order No. 87 (https://www.mhlw.go.jp/content/001696904.pdf),https://www.mhlw.go.jp/stf/seisakunitsuite/bunya/0000077386_00001.html,2026-09-29,2026-10-01,,GAP,"JP lineage not yet seeded. No JP dispatch-stage notice/form evidence or date/treatment-route probe; generic hiring disclosure cannot satisfy both events. Closure case: Dispatching-employer role, hire/assignment date, treatment route, each issued notice and delivery proof; probe a 30 September versus 1 October hire followed by a later dispatch under both treatment routes. (Register status 2026-09-29: No [IN-SYSTEM 2026-09-29].)",settings.jp.hr_16,,,
JP-HR-17,JP,wages,"Under the 2026 fiscal-year dispatch labour-management-agreement route, the agreed wage must reach the ministry's occupation-, skill/experience- and region-specific general-wage benchmark, with basic pay/bonus/allowances converted to a comparable hourly amount and commuting/retirement components tested separately. The location can be the client establishment rather than the worker's physical work point: the ministry gives a Tokyo client establishment/Saitama non-independent worksite example resolved to Tokyo. A current minimum wage still applies independently. The client-comparison route requires its own comparator information and treatment review.","MHLW 2026 fiscal-year general-wage circular, pp. 1–4 (https://www.mhlw.go.jp/content/001547248.pdf); MHLW dispatch equal-pay and yearly benchmark index (https://www.mhlw.go.jp/stf/seisakunitsuite/bunya/0000077386_00001.html)",https://www.mhlw.go.jp/content/001547248.pdf,2026-09-29,2026-04-01,,GAP,"JP lineage not yet seeded. No JP dispatch agreement/comparator model, 2026 occupation/region tables or parallel minimum-wage production probe. Closure case: Employer/dispatch route, valid representative agreement, client establishment independence, occupation/statistics table and geographic index, experience/ability level, wage components, pay hours, separate commuting/retirement amounts and comparator data; probe Tokyo-client/Saitama non-independent point versus independent site, two occupations and each 2025/26 fiscal benchmark. (Register status 2026-09-29: No [IN-SYSTEM 2026-09-29].)",settings.jp.hr_17,,,
JP-HR-18,JP,leave,"From 1 April 2026, Labour Policies Comprehensive Promotion Act art. 27-3 makes treatment-and-work coexistence support an effort duty for employers of workers needing repeated/continuing medical treatment. The 10 February 2026 guideline calls for a request/consultation route, private handling of medical data, a worker-specific physician/occupational-health review and suitable worktime, location, task or leave arrangements; paid sickness leave is not created automatically. Keep separate the Occupational Safety and Health Act's existing mandatory medical-check follow-up and medically justified work restrictions.","MHLW Notice No. 28, applied 1 April 2026, §§1–4 (https://www.mhlw.go.jp/web/t_doc?dataId=75ac0780&dataType=0&pageNo=1); MHLW employer reform notice (https://www.mhlw.go.jp/stf/seisakunitsuite/bunya/0000115267.html)",https://www.mhlw.go.jp/web/t_doc?dataId=75ac0780&dataType=0&pageNo=1,2026-09-29,2026-04-01,,GAP,"JP lineage not yet seeded. No JP treatment-support request/privacy/accommodation evidence or pay-rule integration; existing medical-duty and new effort-duty branches have no separate production checks. Closure case: Disease/treatment need, worker request and consent, physician opinion, dated accommodation, employer sick-leave/pay rule and data access; probe working treatment, unpaid versus contractual paid leave and medically necessary restriction; classify effort versus mandatory components distinctly. (Register status 2026-09-29: No [IN-SYSTEM 2026-09-29].)",settings.jp.hr_18,,,
JP-OHS-01,JP,other,"Appoint required safety/health managers, industrial physician and site committees based on establishment headcount/industry; hold and record required deliberation and report appointments/changes.",MHLW safety/health committee FAQ (https://www.mhlw.go.jp/stf/seisakunitsuite/bunya/koyou_roudou/roudoukijun/faq/1.html); Tokyo Labour Bureau appointment guide (https://jsite.mhlw.go.jp/tokyo-roudoukyoku/riyousha_mokuteki_menu/jigyounushi/jigyounushi_jouhou/senninnhoukoku.html),https://www.mhlw.go.jp/stf/seisakunitsuite/bunya/koyou_roudou/roudoukijun/faq/1.html,2026-09-29,2025-12-01,,EXTERNAL,"JP lineage not yet seeded. Employer duty outside the calculator; no JP obligation or evidence record yet. Classify each actual site/industry and dated headcount, appointment/departure/meeting/report evidence; 49/50 and sector boundary probes. (Register status 2026-09-29: No [EXTERNAL 2026-09-29].)",obligations:JP_OHS_01,,,
JP-OHS-02,JP,other,"Provide legally required entry, periodic and hazard-specific medical checks, records, follow-up and reports; classify paid work time for special examinations separately from ordinary examination treatment.",MHLW medical-check and wage FAQ (https://www.mhlw.go.jp/seisakunitsuite/bunya/koyou_roudou/roudoukijun/faq/2.html); Safety and Health Regulation (https://www.mhlw.go.jp/web/t_doc?dataId=74003000&dataType=0&pageNo=2),https://www.mhlw.go.jp/seisakunitsuite/bunya/koyou_roudou/roudoukijun/faq/2.html,2026-09-29,2025-12-01,,EXTERNAL,"JP lineage not yet seeded. Employer duty outside the calculator; no JP obligation or evidence record yet. Worker/role/hazard scope, exam cadence, site-size report threshold, health-data controls and payroll wage/leave interface. (Register status 2026-09-29: No [EXTERNAL 2026-09-29].)",obligations:JP_OHS_02,,,
JP-OHS-03,JP,other,Conduct stress checks and high-stress response with confidentiality and inspection report where due. The 2025 amended Act extends mandatory checks to sites under 50 workers from 1 April 2028.,MHLW stress-check reform (https://www.mhlw.go.jp/bunya/roudoukijun/anzeneisei12/); MHLW 50-plus report (https://www.mhlw.go.jp/stf/newpage_70557.html),https://www.mhlw.go.jp/bunya/roudoukijun/anzeneisei12/,2026-09-29,2025-12-01,,EXTERNAL,"JP lineage not yet seeded. Employer duty outside the calculator; no JP obligation or evidence record yet. 2025–28 site-size/date branches, frequency, consent/privacy, physician interview, employer report and no-retaliation controls. (Register status 2026-09-29: No [EXTERNAL 2026-09-29].)",obligations:JP_OHS_03,,,
JP-OHS-04,JP,other,"Preserve objective working-time/health-risk records and arrange physician interview, opinion and remedial action for qualifying long-hours/high-risk workers, including exempt/deemed-hours categories.",MHLW working-time record and three-year retention (https://www.check-roudou.mhlw.go.jp/qa/roudousya/roudoujikan/q5.html); Safety and Health Regulation (https://www.mhlw.go.jp/web/t_doc?dataId=74003000&dataType=0&pageNo=2),https://www.check-roudou.mhlw.go.jp/qa/roudousya/roudoujikan/q5.html,2026-09-29,2025-12-01,,EXTERNAL,"JP lineage not yet seeded. Employer duty outside the calculator; no JP obligation or evidence record yet. Exact worker thresholds, recorded overtime across payroll and health periods, request/notification/physician evidence, retention and worker-category probes. (Register status 2026-09-29: No [EXTERNAL 2026-09-29].)",obligations:JP_OHS_04,,,
JP-OHS-05,JP,filing,"Submit worker death/injury/illness reports for work-caused events, with separate four-plus and under-four-day absence routes; electronic submission has been mandatory since 1 January 2025.",MHLW 2025 accident-report reform (https://www.mhlw.go.jp/stf/seisakunitsuite/bunya/koyou_roudou/roudoukijun/denshishinsei_00002.html),https://www.mhlw.go.jp/stf/seisakunitsuite/bunya/koyou_roudou/roudoukijun/denshishinsei_00002.html,2026-09-29,2025-12-01,,EXTERNAL,"JP lineage not yet seeded. Employer duty outside the calculator; no JP obligation or evidence record yet. Event causation, absence-day count, report timing/content, insurer claim and payroll employer-compensation reconciliation; 3/4-day and death cases. (Register status 2026-09-29: No [EXTERNAL 2026-09-29].)",obligations:JP_OHS_05,,,
JP-OHS-06,JP,other,"Apply industry/task-specific safety, risk assessment, chemical/exposure, protective equipment and training duties to the actual worksite and worker; incidents may create insurer and employer wage/compensation obligations.",MHLW construction-sector safety guide (https://laws.e-gov.go.jp/law/347AC0000000057); Occupational Safety and Health Act (https://www.mhlw.go.jp/web/t_doc?dataId=74001000),https://laws.e-gov.go.jp/law/347AC0000000057,2026-09-29,2025-12-01,,EXTERNAL,"JP lineage not yet seeded. Employer duty outside the calculator; no JP obligation or evidence record yet. Enumerate current Act, regulation and sector instruments article by article, with worksite/hazard evidence; this row is an unbounded review lead, not a completed denominator. Source refresh 2026-09-29: the MHLW construction working-time site did not respond; cite the Act on e-Gov instead. (Register status 2026-09-29: No [EXTERNAL 2026-09-29].)",obligations:JP_OHS_06,,,
JP-OHS-07,JP,other,"1 April 2026: the 2025 Occupational Safety and Health Act amendment extends specified site/prime-contractor coordination, direction, emergency-rescue and safety-machine obligations to work performed alongside nonemployee independent contractors and working officers; the applicable article depends on industry, site control, joint work and role. It does not convert every contractor into a payroll employee.","MHLW 2025 amendment notice, Part I.1–3 and commencement (https://www.mhlw.go.jp/web/t_doc?dataId=00tc9164&dataType=1&pageNo=1), arts. 15, 15-3, 25-2, 29–31-4, 32–34 and 97",https://www.mhlw.go.jp/web/t_doc?dataId=00tc9164&dataType=1&pageNo=1,2026-09-29,2026-04-01,,EXTERNAL,"JP lineage not yet seeded. Employer duty outside the calculator; no JP obligation or evidence record yet. No contractor/site safety applicability or evidence workflow; article-level regulations and exceptions remain unreconciled. Closure case: Map each operative article to establishment, principal/contractor and worker role; retain site coordination, instructions, rescue, inspection and non-retaliation records; probe one employee-plus-contractor site, contractor-only site and direct versus prime contractor. (Register status 2026-09-29: No [EXTERNAL 2026-09-29].)",obligations:JP_OHS_07,,,
JP-OHS-08,JP,other,"1 April 2026: employers must endeavour to improve work environment and work management for older workers' accident prevention, under amended Occupational Safety and Health Act art. 62-2. The statutory verb is an effort duty, not a fixed allowance or universal payroll charge.","MHLW amendment notice, Part V and commencement (https://www.mhlw.go.jp/web/t_doc?dataId=00tc9164&dataType=1&pageNo=1)",https://www.mhlw.go.jp/web/t_doc?dataId=00tc9164&dataType=1&pageNo=1,2026-09-29,2026-04-01,,EXTERNAL,"JP lineage not yet seeded. Employer duty outside the calculator; no JP obligation or evidence record yet. No HR safety-risk review/evidence workflow; implementing guidance and task-specific application still need review. Closure case: Identify older-worker site/task risk and published guidance, record assessment and measures; probe older-worker hazardous task versus no applicable risk. (Register status 2026-09-29: No [EXTERNAL 2026-09-29].)",obligations:JP_OHS_08,,,
JP-OHS-09,JP,other,"1 January 2026: specified machinery self-inspections must follow ministerial standards under amended Occupational Safety and Health Act art. 45(3); 1 April 2026 changes to registered design/manufacture examination and covered machinery/training affect employers that manufacture, import, install or use the listed equipment.","MHLW amendment notice, Part IV.1–3 and commencement (https://www.mhlw.go.jp/web/t_doc?dataId=00tc9164&dataType=1&pageNo=1)",https://www.mhlw.go.jp/web/t_doc?dataId=00tc9164&dataType=1&pageNo=1,2026-09-29,2026-01-01,,EXTERNAL,"JP lineage not yet seeded. Employer duty outside the calculator; no JP obligation or evidence record yet. No equipment/inspection/training inventory or evidence workflow; implementing equipment lists and transition rules are not reconciled. Closure case: Enumerate affected equipment, employer role, ministerial standards, approved inspector/training and transition evidence; probe a covered machine inspected either side of January and a noncovered workplace. (Register status 2026-09-29: No [EXTERNAL 2026-09-29].)",obligations:JP_OHS_09,,,
JP-KK01,JP,contribution,"Kyokai Kenpo 北海道 branch general health-insurance rate (total, shared equally): 10.31% for 令和7年度 insurance months to February 2026; 10.28% from the March 2026 insurance month (April remittance). Care (ages 40–64) adds 1.62% and child support 0.23% from April 2026 insurance.",Health Insurance Act art. 160; Kyokai Kenpo 令和8年度都道府県単位保険料率 (https://www.kyoukaikenpo.or.jp/about/business/insurance_rate/rate_prefectures/r08/),https://www.kyoukaikenpo.or.jp/about/business/insurance_rate/rate_prefectures/r08/,2026-09-30,2025-12-01,,PARTIAL,"令和8年度 10.28% proven: JP-REGION-01-1 (September 2026 pay, August insurance month, passed 2026-10-01) charges health on the recorded grade at 10.28% ÷ 2 with 支援金. Unproven: the 令和7年度 10.31% for insurance months to February 2026 (pay December 2025–March 2026) — no probe runs a 令和7年度 month in this branch; and the HEALTH_BONUS rule at this branch rate.","statutory_contributions:HEALTH.rules[person.company.region == ""北海道""]; statutory_contributions:HEALTH_BONUS.rules",,JP-REGION-01-1,
JP-KK02,JP,contribution,"Kyokai Kenpo 青森県 branch general health-insurance rate (total, shared equally): 9.85% for 令和7年度 insurance months to February 2026; 9.85% from the March 2026 insurance month (April remittance). Care (ages 40–64) adds 1.62% and child support 0.23% from April 2026 insurance.",Health Insurance Act art. 160; Kyokai Kenpo 令和8年度都道府県単位保険料率 (https://www.kyoukaikenpo.or.jp/about/business/insurance_rate/rate_prefectures/r08/),https://www.kyoukaikenpo.or.jp/about/business/insurance_rate/rate_prefectures/r08/,2026-09-30,2025-12-01,,PARTIAL,"令和8年度 9.85% proven: JP-REGION-02-1 (September 2026 pay, August insurance month, passed 2026-10-01) charges health on the recorded grade at 9.85% ÷ 2 with 支援金. Unproven: the 令和7年度 9.85% for insurance months to February 2026 (pay December 2025–March 2026) — no probe runs a 令和7年度 month in this branch; and the HEALTH_BONUS rule at this branch rate.","statutory_contributions:HEALTH.rules[person.company.region == ""青森県""]; statutory_contributions:HEALTH_BONUS.rules",,JP-REGION-02-1,
JP-KK03,JP,contribution,"Kyokai Kenpo 岩手県 branch general health-insurance rate (total, shared equally): 9.62% for 令和7年度 insurance months to February 2026; 9.51% from the March 2026 insurance month (April remittance). Care (ages 40–64) adds 1.62% and child support 0.23% from April 2026 insurance.",Health Insurance Act art. 160; Kyokai Kenpo 令和8年度都道府県単位保険料率 (https://www.kyoukaikenpo.or.jp/about/business/insurance_rate/rate_prefectures/r08/),https://www.kyoukaikenpo.or.jp/about/business/insurance_rate/rate_prefectures/r08/,2026-09-30,2025-12-01,,PARTIAL,"令和8年度 9.51% proven: JP-REGION-03-1 (September 2026 pay, August insurance month, passed 2026-10-01) charges health on the recorded grade at 9.51% ÷ 2 with 支援金. Unproven: the 令和7年度 9.62% for insurance months to February 2026 (pay December 2025–March 2026) — no probe runs a 令和7年度 month in this branch; and the HEALTH_BONUS rule at this branch rate.","statutory_contributions:HEALTH.rules[person.company.region == ""岩手県""]; statutory_contributions:HEALTH_BONUS.rules",,JP-REGION-03-1,
JP-KK04,JP,contribution,"Kyokai Kenpo 宮城県 branch general health-insurance rate (total, shared equally): 10.11% for 令和7年度 insurance months to February 2026; 10.10% from the March 2026 insurance month (April remittance). Care (ages 40–64) adds 1.62% and child support 0.23% from April 2026 insurance.",Health Insurance Act art. 160; Kyokai Kenpo 令和8年度都道府県単位保険料率 (https://www.kyoukaikenpo.or.jp/about/business/insurance_rate/rate_prefectures/r08/),https://www.kyoukaikenpo.or.jp/about/business/insurance_rate/rate_prefectures/r08/,2026-09-30,2025-12-01,,PARTIAL,"令和8年度 10.10% proven: JP-REGION-04-1 (September 2026 pay, August insurance month, passed 2026-10-01) charges health on the recorded grade at 10.10% ÷ 2 with 支援金. Unproven: the 令和7年度 10.11% for insurance months to February 2026 (pay December 2025–March 2026) — no probe runs a 令和7年度 month in this branch; and the HEALTH_BONUS rule at this branch rate.","statutory_contributions:HEALTH.rules[person.company.region == ""宮城県""]; statutory_contributions:HEALTH_BONUS.rules",,JP-REGION-04-1,
JP-KK05,JP,contribution,"Kyokai Kenpo 秋田県 branch general health-insurance rate (total, shared equally): 10.01% for 令和7年度 insurance months to February 2026; 10.01% from the March 2026 insurance month (April remittance). Care (ages 40–64) adds 1.62% and child support 0.23% from April 2026 insurance.",Health Insurance Act art. 160; Kyokai Kenpo 令和8年度都道府県単位保険料率 (https://www.kyoukaikenpo.or.jp/about/business/insurance_rate/rate_prefectures/r08/),https://www.kyoukaikenpo.or.jp/about/business/insurance_rate/rate_prefectures/r08/,2026-09-30,2025-12-01,,PARTIAL,"令和8年度 10.01% proven: JP-REGION-05-1 (September 2026 pay, August insurance month, passed 2026-10-01) charges health on the recorded grade at 10.01% ÷ 2 with 支援金. Unproven: the 令和7年度 10.01% for insurance months to February 2026 (pay December 2025–March 2026) — no probe runs a 令和7年度 month in this branch; and the HEALTH_BONUS rule at this branch rate.","statutory_contributions:HEALTH.rules[person.company.region == ""秋田県""]; statutory_contributions:HEALTH_BONUS.rules",,JP-REGION-05-1,
JP-KK06,JP,contribution,"Kyokai Kenpo 山形県 branch general health-insurance rate (total, shared equally): 9.75% for 令和7年度 insurance months to February 2026; 9.75% from the March 2026 insurance month (April remittance). Care (ages 40–64) adds 1.62% and child support 0.23% from April 2026 insurance.",Health Insurance Act art. 160; Kyokai Kenpo 令和8年度都道府県単位保険料率 (https://www.kyoukaikenpo.or.jp/about/business/insurance_rate/rate_prefectures/r08/),https://www.kyoukaikenpo.or.jp/about/business/insurance_rate/rate_prefectures/r08/,2026-09-30,2025-12-01,,PARTIAL,"令和8年度 9.75% proven: JP-REGION-06-1 (September 2026 pay, August insurance month, passed 2026-10-01) charges health on the recorded grade at 9.75% ÷ 2 with 支援金. Unproven: the 令和7年度 9.75% for insurance months to February 2026 (pay December 2025–March 2026) — no probe runs a 令和7年度 month in this branch; and the HEALTH_BONUS rule at this branch rate.","statutory_contributions:HEALTH.rules[person.company.region == ""山形県""]; statutory_contributions:HEALTH_BONUS.rules",,JP-REGION-06-1,
JP-KK07,JP,contribution,"Kyokai Kenpo 福島県 branch general health-insurance rate (total, shared equally): 9.62% for 令和7年度 insurance months to February 2026; 9.50% from the March 2026 insurance month (April remittance). Care (ages 40–64) adds 1.62% and child support 0.23% from April 2026 insurance.",Health Insurance Act art. 160; Kyokai Kenpo 令和8年度都道府県単位保険料率 (https://www.kyoukaikenpo.or.jp/about/business/insurance_rate/rate_prefectures/r08/),https://www.kyoukaikenpo.or.jp/about/business/insurance_rate/rate_prefectures/r08/,2026-09-30,2025-12-01,,PARTIAL,"令和8年度 9.50% proven: JP-REGION-07-1 (September 2026 pay, August insurance month, passed 2026-10-01) charges health on the recorded grade at 9.50% ÷ 2 with 支援金. Unproven: the 令和7年度 9.62% for insurance months to February 2026 (pay December 2025–March 2026) — no probe runs a 令和7年度 month in this branch; and the HEALTH_BONUS rule at this branch rate.","statutory_contributions:HEALTH.rules[person.company.region == ""福島県""]; statutory_contributions:HEALTH_BONUS.rules",,JP-REGION-07-1,
JP-KK08,JP,contribution,"Kyokai Kenpo 茨城県 branch general health-insurance rate (total, shared equally): 9.67% for 令和7年度 insurance months to February 2026; 9.52% from the March 2026 insurance month (April remittance). Care (ages 40–64) adds 1.62% and child support 0.23% from April 2026 insurance.",Health Insurance Act art. 160; Kyokai Kenpo 令和8年度都道府県単位保険料率 (https://www.kyoukaikenpo.or.jp/about/business/insurance_rate/rate_prefectures/r08/),https://www.kyoukaikenpo.or.jp/about/business/insurance_rate/rate_prefectures/r08/,2026-09-30,2025-12-01,,PARTIAL,"令和8年度 9.52% proven: JP-REGION-08-1 (September 2026 pay, August insurance month, passed 2026-10-01) charges health on the recorded grade at 9.52% ÷ 2 with 支援金. Unproven: the 令和7年度 9.67% for insurance months to February 2026 (pay December 2025–March 2026) — no probe runs a 令和7年度 month in this branch; and the HEALTH_BONUS rule at this branch rate.","statutory_contributions:HEALTH.rules[person.company.region == ""茨城県""]; statutory_contributions:HEALTH_BONUS.rules",,JP-REGION-08-1,
JP-KK09,JP,contribution,"Kyokai Kenpo 栃木県 branch general health-insurance rate (total, shared equally): 9.82% for 令和7年度 insurance months to February 2026; 9.82% from the March 2026 insurance month (April remittance). Care (ages 40–64) adds 1.62% and child support 0.23% from April 2026 insurance.",Health Insurance Act art. 160; Kyokai Kenpo 令和8年度都道府県単位保険料率 (https://www.kyoukaikenpo.or.jp/about/business/insurance_rate/rate_prefectures/r08/),https://www.kyoukaikenpo.or.jp/about/business/insurance_rate/rate_prefectures/r08/,2026-09-30,2025-12-01,,PARTIAL,"令和8年度 9.82% proven: JP-REGION-09-1 (September 2026 pay, August insurance month, passed 2026-10-01) charges health on the recorded grade at 9.82% ÷ 2 with 支援金. Unproven: the 令和7年度 9.82% for insurance months to February 2026 (pay December 2025–March 2026) — no probe runs a 令和7年度 month in this branch; and the HEALTH_BONUS rule at this branch rate.","statutory_contributions:HEALTH.rules[person.company.region == ""栃木県""]; statutory_contributions:HEALTH_BONUS.rules",,JP-REGION-09-1,
JP-KK10,JP,contribution,"Kyokai Kenpo 群馬県 branch general health-insurance rate (total, shared equally): 9.77% for 令和7年度 insurance months to February 2026; 9.68% from the March 2026 insurance month (April remittance). Care (ages 40–64) adds 1.62% and child support 0.23% from April 2026 insurance.",Health Insurance Act art. 160; Kyokai Kenpo 令和8年度都道府県単位保険料率 (https://www.kyoukaikenpo.or.jp/about/business/insurance_rate/rate_prefectures/r08/),https://www.kyoukaikenpo.or.jp/about/business/insurance_rate/rate_prefectures/r08/,2026-09-30,2025-12-01,,PARTIAL,"令和8年度 9.68% proven: JP-REGION-10-1 (September 2026 pay, August insurance month, passed 2026-10-01) charges health on the recorded grade at 9.68% ÷ 2 with 支援金. Unproven: the 令和7年度 9.77% for insurance months to February 2026 (pay December 2025–March 2026) — no probe runs a 令和7年度 month in this branch; and the HEALTH_BONUS rule at this branch rate.","statutory_contributions:HEALTH.rules[person.company.region == ""群馬県""]; statutory_contributions:HEALTH_BONUS.rules",,JP-REGION-10-1,
JP-KK11,JP,contribution,"Kyokai Kenpo 埼玉県 branch general health-insurance rate (total, shared equally): 9.76% for 令和7年度 insurance months to February 2026; 9.67% from the March 2026 insurance month (April remittance). Care (ages 40–64) adds 1.62% and child support 0.23% from April 2026 insurance.",Health Insurance Act art. 160; Kyokai Kenpo 令和8年度都道府県単位保険料率 (https://www.kyoukaikenpo.or.jp/about/business/insurance_rate/rate_prefectures/r08/),https://www.kyoukaikenpo.or.jp/about/business/insurance_rate/rate_prefectures/r08/,2026-09-30,2025-12-01,,PARTIAL,"令和8年度 9.67% proven: JP-REGION-11-1 (September 2026 pay, August insurance month, passed 2026-10-01) charges health on the recorded grade at 9.67% ÷ 2 with 支援金. Unproven: the 令和7年度 9.76% for insurance months to February 2026 (pay December 2025–March 2026) — no probe runs a 令和7年度 month in this branch; and the HEALTH_BONUS rule at this branch rate.","statutory_contributions:HEALTH.rules[person.company.region == ""埼玉県""]; statutory_contributions:HEALTH_BONUS.rules",,JP-REGION-11-1,
JP-KK12,JP,contribution,"Kyokai Kenpo 千葉県 branch general health-insurance rate (total, shared equally): 9.79% for 令和7年度 insurance months to February 2026; 9.73% from the March 2026 insurance month (April remittance). Care (ages 40–64) adds 1.62% and child support 0.23% from April 2026 insurance.",Health Insurance Act art. 160; Kyokai Kenpo 令和8年度都道府県単位保険料率 (https://www.kyoukaikenpo.or.jp/about/business/insurance_rate/rate_prefectures/r08/),https://www.kyoukaikenpo.or.jp/about/business/insurance_rate/rate_prefectures/r08/,2026-09-30,2025-12-01,,PARTIAL,"令和8年度 9.73% proven: JP-REGION-12-1 (September 2026 pay, August insurance month, passed 2026-10-01) charges health on the recorded grade at 9.73% ÷ 2 with 支援金. Unproven: the 令和7年度 9.79% for insurance months to February 2026 (pay December 2025–March 2026) — no probe runs a 令和7年度 month in this branch; and the HEALTH_BONUS rule at this branch rate.","statutory_contributions:HEALTH.rules[person.company.region == ""千葉県""]; statutory_contributions:HEALTH_BONUS.rules",,JP-REGION-12-1,
JP-KK13,JP,contribution,"Kyokai Kenpo 東京都 branch general health-insurance rate (total, shared equally): 9.91% for 令和7年度 insurance months to February 2026; 9.85% from the March 2026 insurance month (April remittance). Care (ages 40–64) adds 1.62% and child support 0.23% from April 2026 insurance.",Health Insurance Act art. 160; Kyokai Kenpo 令和8年度都道府県単位保険料率 (https://www.kyoukaikenpo.or.jp/about/business/insurance_rate/rate_prefectures/r08/),https://www.kyoukaikenpo.or.jp/about/business/insurance_rate/rate_prefectures/r08/,2026-09-30,2025-12-01,,VERIFIED,"令和7年度 9.91% pinned by JP-OT-02-1 (March 2026 pay, February insurance month: 340,000 × 9.91% ÷ 2 = 16,847) and 令和8年度 9.85% by JP-SI-02-1, JP-SI-02-2 and JP-REGION-13-1 (passed 2026-10-01). Care and 支援金 are JP-SI-21/JP-SI-14.","statutory_contributions:HEALTH.rules[person.company.region == ""東京都""]; statutory_contributions:HEALTH_BONUS.rules",,JP-OT-02-1; JP-SI-02-1; JP-SI-02-2; JP-REGION-13-1,2026-10-01
JP-KK14,JP,contribution,"Kyokai Kenpo 神奈川県 branch general health-insurance rate (total, shared equally): 9.92% for 令和7年度 insurance months to February 2026; 9.92% from the March 2026 insurance month (April remittance). Care (ages 40–64) adds 1.62% and child support 0.23% from April 2026 insurance.",Health Insurance Act art. 160; Kyokai Kenpo 令和8年度都道府県単位保険料率 (https://www.kyoukaikenpo.or.jp/about/business/insurance_rate/rate_prefectures/r08/),https://www.kyoukaikenpo.or.jp/about/business/insurance_rate/rate_prefectures/r08/,2026-09-30,2025-12-01,,PARTIAL,"令和8年度 9.92% proven: JP-REGION-14-1 (September 2026 pay, August insurance month, passed 2026-10-01) charges health on the recorded grade at 9.92% ÷ 2 with 支援金. Unproven: the 令和7年度 9.92% for insurance months to February 2026 (pay December 2025–March 2026) — no probe runs a 令和7年度 month in this branch; and the HEALTH_BONUS rule at this branch rate.","statutory_contributions:HEALTH.rules[person.company.region == ""神奈川県""]; statutory_contributions:HEALTH_BONUS.rules",,JP-REGION-14-1,
JP-KK15,JP,contribution,"Kyokai Kenpo 新潟県 branch general health-insurance rate (total, shared equally): 9.55% for 令和7年度 insurance months to February 2026; 9.21% from the March 2026 insurance month (April remittance). Care (ages 40–64) adds 1.62% and child support 0.23% from April 2026 insurance.",Health Insurance Act art. 160; Kyokai Kenpo 令和8年度都道府県単位保険料率 (https://www.kyoukaikenpo.or.jp/about/business/insurance_rate/rate_prefectures/r08/),https://www.kyoukaikenpo.or.jp/about/business/insurance_rate/rate_prefectures/r08/,2026-09-30,2025-12-01,,PARTIAL,"令和8年度 9.21% proven: JP-REGION-15-1 (September 2026 pay, August insurance month, passed 2026-10-01) charges health on the recorded grade at 9.21% ÷ 2 with 支援金. Unproven: the 令和7年度 9.55% for insurance months to February 2026 (pay December 2025–March 2026) — no probe runs a 令和7年度 month in this branch; and the HEALTH_BONUS rule at this branch rate.","statutory_contributions:HEALTH.rules[person.company.region == ""新潟県""]; statutory_contributions:HEALTH_BONUS.rules",,JP-REGION-15-1,
JP-KK16,JP,contribution,"Kyokai Kenpo 富山県 branch general health-insurance rate (total, shared equally): 9.65% for 令和7年度 insurance months to February 2026; 9.59% from the March 2026 insurance month (April remittance). Care (ages 40–64) adds 1.62% and child support 0.23% from April 2026 insurance.",Health Insurance Act art. 160; Kyokai Kenpo 令和8年度都道府県単位保険料率 (https://www.kyoukaikenpo.or.jp/about/business/insurance_rate/rate_prefectures/r08/),https://www.kyoukaikenpo.or.jp/about/business/insurance_rate/rate_prefectures/r08/,2026-09-30,2025-12-01,,PARTIAL,"令和8年度 9.59% proven: JP-REGION-16-1 (September 2026 pay, August insurance month, passed 2026-10-01) charges health on the recorded grade at 9.59% ÷ 2 with 支援金. Unproven: the 令和7年度 9.65% for insurance months to February 2026 (pay December 2025–March 2026) — no probe runs a 令和7年度 month in this branch; and the HEALTH_BONUS rule at this branch rate.","statutory_contributions:HEALTH.rules[person.company.region == ""富山県""]; statutory_contributions:HEALTH_BONUS.rules",,JP-REGION-16-1,
JP-KK17,JP,contribution,"Kyokai Kenpo 石川県 branch general health-insurance rate (total, shared equally): 9.88% for 令和7年度 insurance months to February 2026; 9.70% from the March 2026 insurance month (April remittance). Care (ages 40–64) adds 1.62% and child support 0.23% from April 2026 insurance.",Health Insurance Act art. 160; Kyokai Kenpo 令和8年度都道府県単位保険料率 (https://www.kyoukaikenpo.or.jp/about/business/insurance_rate/rate_prefectures/r08/),https://www.kyoukaikenpo.or.jp/about/business/insurance_rate/rate_prefectures/r08/,2026-09-30,2025-12-01,,PARTIAL,"令和8年度 9.70% proven: JP-REGION-17-1 (September 2026 pay, August insurance month, passed 2026-10-01) charges health on the recorded grade at 9.70% ÷ 2 with 支援金. Unproven: the 令和7年度 9.88% for insurance months to February 2026 (pay December 2025–March 2026) — no probe runs a 令和7年度 month in this branch; and the HEALTH_BONUS rule at this branch rate.","statutory_contributions:HEALTH.rules[person.company.region == ""石川県""]; statutory_contributions:HEALTH_BONUS.rules",,JP-REGION-17-1,
JP-KK18,JP,contribution,"Kyokai Kenpo 福井県 branch general health-insurance rate (total, shared equally): 9.94% for 令和7年度 insurance months to February 2026; 9.71% from the March 2026 insurance month (April remittance). Care (ages 40–64) adds 1.62% and child support 0.23% from April 2026 insurance.",Health Insurance Act art. 160; Kyokai Kenpo 令和8年度都道府県単位保険料率 (https://www.kyoukaikenpo.or.jp/about/business/insurance_rate/rate_prefectures/r08/),https://www.kyoukaikenpo.or.jp/about/business/insurance_rate/rate_prefectures/r08/,2026-09-30,2025-12-01,,PARTIAL,"令和8年度 9.71% proven: JP-REGION-18-1 (September 2026 pay, August insurance month, passed 2026-10-01) charges health on the recorded grade at 9.71% ÷ 2 with 支援金. Unproven: the 令和7年度 9.94% for insurance months to February 2026 (pay December 2025–March 2026) — no probe runs a 令和7年度 month in this branch; and the HEALTH_BONUS rule at this branch rate.","statutory_contributions:HEALTH.rules[person.company.region == ""福井県""]; statutory_contributions:HEALTH_BONUS.rules",,JP-REGION-18-1,
JP-KK19,JP,contribution,"Kyokai Kenpo 山梨県 branch general health-insurance rate (total, shared equally): 9.89% for 令和7年度 insurance months to February 2026; 9.55% from the March 2026 insurance month (April remittance). Care (ages 40–64) adds 1.62% and child support 0.23% from April 2026 insurance.",Health Insurance Act art. 160; Kyokai Kenpo 令和8年度都道府県単位保険料率 (https://www.kyoukaikenpo.or.jp/about/business/insurance_rate/rate_prefectures/r08/),https://www.kyoukaikenpo.or.jp/about/business/insurance_rate/rate_prefectures/r08/,2026-09-30,2025-12-01,,PARTIAL,"令和8年度 9.55% proven: JP-REGION-19-1 (September 2026 pay, August insurance month, passed 2026-10-01) charges health on the recorded grade at 9.55% ÷ 2 with 支援金. Unproven: the 令和7年度 9.89% for insurance months to February 2026 (pay December 2025–March 2026) — no probe runs a 令和7年度 month in this branch; and the HEALTH_BONUS rule at this branch rate.","statutory_contributions:HEALTH.rules[person.company.region == ""山梨県""]; statutory_contributions:HEALTH_BONUS.rules",,JP-REGION-19-1,
JP-KK20,JP,contribution,"Kyokai Kenpo 長野県 branch general health-insurance rate (total, shared equally): 9.69% for 令和7年度 insurance months to February 2026; 9.63% from the March 2026 insurance month (April remittance). Care (ages 40–64) adds 1.62% and child support 0.23% from April 2026 insurance.",Health Insurance Act art. 160; Kyokai Kenpo 令和8年度都道府県単位保険料率 (https://www.kyoukaikenpo.or.jp/about/business/insurance_rate/rate_prefectures/r08/),https://www.kyoukaikenpo.or.jp/about/business/insurance_rate/rate_prefectures/r08/,2026-09-30,2025-12-01,,PARTIAL,"令和8年度 9.63% proven: JP-REGION-20-1 (September 2026 pay, August insurance month, passed 2026-10-01) charges health on the recorded grade at 9.63% ÷ 2 with 支援金. Unproven: the 令和7年度 9.69% for insurance months to February 2026 (pay December 2025–March 2026) — no probe runs a 令和7年度 month in this branch; and the HEALTH_BONUS rule at this branch rate.","statutory_contributions:HEALTH.rules[person.company.region == ""長野県""]; statutory_contributions:HEALTH_BONUS.rules",,JP-REGION-20-1,
JP-KK21,JP,contribution,"Kyokai Kenpo 岐阜県 branch general health-insurance rate (total, shared equally): 9.93% for 令和7年度 insurance months to February 2026; 9.80% from the March 2026 insurance month (April remittance). Care (ages 40–64) adds 1.62% and child support 0.23% from April 2026 insurance.",Health Insurance Act art. 160; Kyokai Kenpo 令和8年度都道府県単位保険料率 (https://www.kyoukaikenpo.or.jp/about/business/insurance_rate/rate_prefectures/r08/),https://www.kyoukaikenpo.or.jp/about/business/insurance_rate/rate_prefectures/r08/,2026-09-30,2025-12-01,,PARTIAL,"令和8年度 9.80% proven: JP-REGION-21-1 (September 2026 pay, August insurance month, passed 2026-10-01) charges health on the recorded grade at 9.80% ÷ 2 with 支援金. Unproven: the 令和7年度 9.93% for insurance months to February 2026 (pay December 2025–March 2026) — no probe runs a 令和7年度 month in this branch; and the HEALTH_BONUS rule at this branch rate.","statutory_contributions:HEALTH.rules[person.company.region == ""岐阜県""]; statutory_contributions:HEALTH_BONUS.rules",,JP-REGION-21-1,
JP-KK22,JP,contribution,"Kyokai Kenpo 静岡県 branch general health-insurance rate (total, shared equally): 9.80% for 令和7年度 insurance months to February 2026; 9.61% from the March 2026 insurance month (April remittance). Care (ages 40–64) adds 1.62% and child support 0.23% from April 2026 insurance.",Health Insurance Act art. 160; Kyokai Kenpo 令和8年度都道府県単位保険料率 (https://www.kyoukaikenpo.or.jp/about/business/insurance_rate/rate_prefectures/r08/),https://www.kyoukaikenpo.or.jp/about/business/insurance_rate/rate_prefectures/r08/,2026-09-30,2025-12-01,,PARTIAL,"令和8年度 9.61% proven: JP-REGION-22-1 (September 2026 pay, August insurance month, passed 2026-10-01) charges health on the recorded grade at 9.61% ÷ 2 with 支援金. Unproven: the 令和7年度 9.80% for insurance months to February 2026 (pay December 2025–March 2026) — no probe runs a 令和7年度 month in this branch; and the HEALTH_BONUS rule at this branch rate.","statutory_contributions:HEALTH.rules[person.company.region == ""静岡県""]; statutory_contributions:HEALTH_BONUS.rules",,JP-REGION-22-1,
JP-KK23,JP,contribution,"Kyokai Kenpo 愛知県 branch general health-insurance rate (total, shared equally): 10.03% for 令和7年度 insurance months to February 2026; 9.93% from the March 2026 insurance month (April remittance). Care (ages 40–64) adds 1.62% and child support 0.23% from April 2026 insurance.",Health Insurance Act art. 160; Kyokai Kenpo 令和8年度都道府県単位保険料率 (https://www.kyoukaikenpo.or.jp/about/business/insurance_rate/rate_prefectures/r08/),https://www.kyoukaikenpo.or.jp/about/business/insurance_rate/rate_prefectures/r08/,2026-09-30,2025-12-01,,PARTIAL,"令和8年度 9.93% proven: JP-REGION-23-1 (September 2026 pay, August insurance month, passed 2026-10-01) charges health on the recorded grade at 9.93% ÷ 2 with 支援金. Unproven: the 令和7年度 10.03% for insurance months to February 2026 (pay December 2025–March 2026) — no probe runs a 令和7年度 month in this branch; and the HEALTH_BONUS rule at this branch rate.","statutory_contributions:HEALTH.rules[person.company.region == ""愛知県""]; statutory_contributions:HEALTH_BONUS.rules",,JP-REGION-23-1,
JP-KK24,JP,contribution,"Kyokai Kenpo 三重県 branch general health-insurance rate (total, shared equally): 9.99% for 令和7年度 insurance months to February 2026; 9.77% from the March 2026 insurance month (April remittance). Care (ages 40–64) adds 1.62% and child support 0.23% from April 2026 insurance.",Health Insurance Act art. 160; Kyokai Kenpo 令和8年度都道府県単位保険料率 (https://www.kyoukaikenpo.or.jp/about/business/insurance_rate/rate_prefectures/r08/),https://www.kyoukaikenpo.or.jp/about/business/insurance_rate/rate_prefectures/r08/,2026-09-30,2025-12-01,,PARTIAL,"令和8年度 9.77% proven: JP-REGION-24-1 (September 2026 pay, August insurance month, passed 2026-10-01) charges health on the recorded grade at 9.77% ÷ 2 with 支援金. Unproven: the 令和7年度 9.99% for insurance months to February 2026 (pay December 2025–March 2026) — no probe runs a 令和7年度 month in this branch; and the HEALTH_BONUS rule at this branch rate.","statutory_contributions:HEALTH.rules[person.company.region == ""三重県""]; statutory_contributions:HEALTH_BONUS.rules",,JP-REGION-24-1,
JP-KK25,JP,contribution,"Kyokai Kenpo 滋賀県 branch general health-insurance rate (total, shared equally): 9.97% for 令和7年度 insurance months to February 2026; 9.88% from the March 2026 insurance month (April remittance). Care (ages 40–64) adds 1.62% and child support 0.23% from April 2026 insurance.",Health Insurance Act art. 160; Kyokai Kenpo 令和8年度都道府県単位保険料率 (https://www.kyoukaikenpo.or.jp/about/business/insurance_rate/rate_prefectures/r08/),https://www.kyoukaikenpo.or.jp/about/business/insurance_rate/rate_prefectures/r08/,2026-09-30,2025-12-01,,PARTIAL,"令和8年度 9.88% proven: JP-REGION-25-1 (September 2026 pay, August insurance month, passed 2026-10-01) charges health on the recorded grade at 9.88% ÷ 2 with 支援金. Unproven: the 令和7年度 9.97% for insurance months to February 2026 (pay December 2025–March 2026) — no probe runs a 令和7年度 month in this branch; and the HEALTH_BONUS rule at this branch rate.","statutory_contributions:HEALTH.rules[person.company.region == ""滋賀県""]; statutory_contributions:HEALTH_BONUS.rules",,JP-REGION-25-1,
JP-KK26,JP,contribution,"Kyokai Kenpo 京都府 branch general health-insurance rate (total, shared equally): 10.03% for 令和7年度 insurance months to February 2026; 9.89% from the March 2026 insurance month (April remittance). Care (ages 40–64) adds 1.62% and child support 0.23% from April 2026 insurance.",Health Insurance Act art. 160; Kyokai Kenpo 令和8年度都道府県単位保険料率 (https://www.kyoukaikenpo.or.jp/about/business/insurance_rate/rate_prefectures/r08/),https://www.kyoukaikenpo.or.jp/about/business/insurance_rate/rate_prefectures/r08/,2026-09-30,2025-12-01,,PARTIAL,"令和8年度 9.89% proven: JP-REGION-26-1 (September 2026 pay, August insurance month, passed 2026-10-01) charges health on the recorded grade at 9.89% ÷ 2 with 支援金. Unproven: the 令和7年度 10.03% for insurance months to February 2026 (pay December 2025–March 2026) — no probe runs a 令和7年度 month in this branch; and the HEALTH_BONUS rule at this branch rate.","statutory_contributions:HEALTH.rules[person.company.region == ""京都府""]; statutory_contributions:HEALTH_BONUS.rules",,JP-REGION-26-1,
JP-KK27,JP,contribution,"Kyokai Kenpo 大阪府 branch general health-insurance rate (total, shared equally): 10.24% for 令和7年度 insurance months to February 2026; 10.13% from the March 2026 insurance month (April remittance). Care (ages 40–64) adds 1.62% and child support 0.23% from April 2026 insurance.",Health Insurance Act art. 160; Kyokai Kenpo 令和8年度都道府県単位保険料率 (https://www.kyoukaikenpo.or.jp/about/business/insurance_rate/rate_prefectures/r08/),https://www.kyoukaikenpo.or.jp/about/business/insurance_rate/rate_prefectures/r08/,2026-09-30,2025-12-01,,VERIFIED,"JP-KK27-1 pins 令和7年度 10.24% (March 2026 pay: 300,000 × 10.24% ÷ 2 = 15,360) and JP-KK27-2 令和8年度 10.13% (April 2026 pay: 15,195), passed 2026-10-01; JP-REGION-27-1 the 10.13% in September.","statutory_contributions:HEALTH.rules[person.company.region == ""大阪府""]; statutory_contributions:HEALTH_BONUS.rules",,JP-KK27-1; JP-KK27-2; JP-REGION-27-1,2026-10-01
JP-KK28,JP,contribution,"Kyokai Kenpo 兵庫県 branch general health-insurance rate (total, shared equally): 10.16% for 令和7年度 insurance months to February 2026; 10.12% from the March 2026 insurance month (April remittance). Care (ages 40–64) adds 1.62% and child support 0.23% from April 2026 insurance.",Health Insurance Act art. 160; Kyokai Kenpo 令和8年度都道府県単位保険料率 (https://www.kyoukaikenpo.or.jp/about/business/insurance_rate/rate_prefectures/r08/),https://www.kyoukaikenpo.or.jp/about/business/insurance_rate/rate_prefectures/r08/,2026-09-30,2025-12-01,,PARTIAL,"令和8年度 10.12% proven: JP-REGION-28-1 (September 2026 pay, August insurance month, passed 2026-10-01) charges health on the recorded grade at 10.12% ÷ 2 with 支援金. Unproven: the 令和7年度 10.16% for insurance months to February 2026 (pay December 2025–March 2026) — no probe runs a 令和7年度 month in this branch; and the HEALTH_BONUS rule at this branch rate.","statutory_contributions:HEALTH.rules[person.company.region == ""兵庫県""]; statutory_contributions:HEALTH_BONUS.rules",,JP-REGION-28-1,
JP-KK29,JP,contribution,"Kyokai Kenpo 奈良県 branch general health-insurance rate (total, shared equally): 10.02% for 令和7年度 insurance months to February 2026; 9.91% from the March 2026 insurance month (April remittance). Care (ages 40–64) adds 1.62% and child support 0.23% from April 2026 insurance.",Health Insurance Act art. 160; Kyokai Kenpo 令和8年度都道府県単位保険料率 (https://www.kyoukaikenpo.or.jp/about/business/insurance_rate/rate_prefectures/r08/),https://www.kyoukaikenpo.or.jp/about/business/insurance_rate/rate_prefectures/r08/,2026-09-30,2025-12-01,,PARTIAL,"令和8年度 9.91% proven: JP-REGION-29-1 (September 2026 pay, August insurance month, passed 2026-10-01) charges health on the recorded grade at 9.91% ÷ 2 with 支援金. Unproven: the 令和7年度 10.02% for insurance months to February 2026 (pay December 2025–March 2026) — no probe runs a 令和7年度 month in this branch; and the HEALTH_BONUS rule at this branch rate.","statutory_contributions:HEALTH.rules[person.company.region == ""奈良県""]; statutory_contributions:HEALTH_BONUS.rules",,JP-REGION-29-1,
JP-KK30,JP,contribution,"Kyokai Kenpo 和歌山県 branch general health-insurance rate (total, shared equally): 10.19% for 令和7年度 insurance months to February 2026; 10.06% from the March 2026 insurance month (April remittance). Care (ages 40–64) adds 1.62% and child support 0.23% from April 2026 insurance.",Health Insurance Act art. 160; Kyokai Kenpo 令和8年度都道府県単位保険料率 (https://www.kyoukaikenpo.or.jp/about/business/insurance_rate/rate_prefectures/r08/),https://www.kyoukaikenpo.or.jp/about/business/insurance_rate/rate_prefectures/r08/,2026-09-30,2025-12-01,,PARTIAL,"令和8年度 10.06% proven: JP-REGION-30-1 (September 2026 pay, August insurance month, passed 2026-10-01) charges health on the recorded grade at 10.06% ÷ 2 with 支援金. Unproven: the 令和7年度 10.19% for insurance months to February 2026 (pay December 2025–March 2026) — no probe runs a 令和7年度 month in this branch; and the HEALTH_BONUS rule at this branch rate.","statutory_contributions:HEALTH.rules[person.company.region == ""和歌山県""]; statutory_contributions:HEALTH_BONUS.rules",,JP-REGION-30-1,
JP-KK31,JP,contribution,"Kyokai Kenpo 鳥取県 branch general health-insurance rate (total, shared equally): 9.93% for 令和7年度 insurance months to February 2026; 9.86% from the March 2026 insurance month (April remittance). Care (ages 40–64) adds 1.62% and child support 0.23% from April 2026 insurance.",Health Insurance Act art. 160; Kyokai Kenpo 令和8年度都道府県単位保険料率 (https://www.kyoukaikenpo.or.jp/about/business/insurance_rate/rate_prefectures/r08/),https://www.kyoukaikenpo.or.jp/about/business/insurance_rate/rate_prefectures/r08/,2026-09-30,2025-12-01,,PARTIAL,"令和8年度 9.86% proven: JP-REGION-31-1 (September 2026 pay, August insurance month, passed 2026-10-01) charges health on the recorded grade at 9.86% ÷ 2 with 支援金. Unproven: the 令和7年度 9.93% for insurance months to February 2026 (pay December 2025–March 2026) — no probe runs a 令和7年度 month in this branch; and the HEALTH_BONUS rule at this branch rate.","statutory_contributions:HEALTH.rules[person.company.region == ""鳥取県""]; statutory_contributions:HEALTH_BONUS.rules",,JP-REGION-31-1,
JP-KK32,JP,contribution,"Kyokai Kenpo 島根県 branch general health-insurance rate (total, shared equally): 9.94% for 令和7年度 insurance months to February 2026; 9.94% from the March 2026 insurance month (April remittance). Care (ages 40–64) adds 1.62% and child support 0.23% from April 2026 insurance.",Health Insurance Act art. 160; Kyokai Kenpo 令和8年度都道府県単位保険料率 (https://www.kyoukaikenpo.or.jp/about/business/insurance_rate/rate_prefectures/r08/),https://www.kyoukaikenpo.or.jp/about/business/insurance_rate/rate_prefectures/r08/,2026-09-30,2025-12-01,,PARTIAL,"令和8年度 9.94% proven: JP-REGION-32-1 (September 2026 pay, August insurance month, passed 2026-10-01) charges health on the recorded grade at 9.94% ÷ 2 with 支援金. Unproven: the 令和7年度 9.94% for insurance months to February 2026 (pay December 2025–March 2026) — no probe runs a 令和7年度 month in this branch; and the HEALTH_BONUS rule at this branch rate.","statutory_contributions:HEALTH.rules[person.company.region == ""島根県""]; statutory_contributions:HEALTH_BONUS.rules",,JP-REGION-32-1,
JP-KK33,JP,contribution,"Kyokai Kenpo 岡山県 branch general health-insurance rate (total, shared equally): 10.17% for 令和7年度 insurance months to February 2026; 10.05% from the March 2026 insurance month (April remittance). Care (ages 40–64) adds 1.62% and child support 0.23% from April 2026 insurance.",Health Insurance Act art. 160; Kyokai Kenpo 令和8年度都道府県単位保険料率 (https://www.kyoukaikenpo.or.jp/about/business/insurance_rate/rate_prefectures/r08/),https://www.kyoukaikenpo.or.jp/about/business/insurance_rate/rate_prefectures/r08/,2026-09-30,2025-12-01,,PARTIAL,"令和8年度 10.05% proven: JP-REGION-33-1 (September 2026 pay, August insurance month, passed 2026-10-01) charges health on the recorded grade at 10.05% ÷ 2 with 支援金. Unproven: the 令和7年度 10.17% for insurance months to February 2026 (pay December 2025–March 2026) — no probe runs a 令和7年度 month in this branch; and the HEALTH_BONUS rule at this branch rate.","statutory_contributions:HEALTH.rules[person.company.region == ""岡山県""]; statutory_contributions:HEALTH_BONUS.rules",,JP-REGION-33-1,
JP-KK34,JP,contribution,"Kyokai Kenpo 広島県 branch general health-insurance rate (total, shared equally): 9.97% for 令和7年度 insurance months to February 2026; 9.78% from the March 2026 insurance month (April remittance). Care (ages 40–64) adds 1.62% and child support 0.23% from April 2026 insurance.",Health Insurance Act art. 160; Kyokai Kenpo 令和8年度都道府県単位保険料率 (https://www.kyoukaikenpo.or.jp/about/business/insurance_rate/rate_prefectures/r08/),https://www.kyoukaikenpo.or.jp/about/business/insurance_rate/rate_prefectures/r08/,2026-09-30,2025-12-01,,PARTIAL,"令和8年度 9.78% proven: JP-REGION-34-1 (September 2026 pay, August insurance month, passed 2026-10-01) charges health on the recorded grade at 9.78% ÷ 2 with 支援金. Unproven: the 令和7年度 9.97% for insurance months to February 2026 (pay December 2025–March 2026) — no probe runs a 令和7年度 month in this branch; and the HEALTH_BONUS rule at this branch rate.","statutory_contributions:HEALTH.rules[person.company.region == ""広島県""]; statutory_contributions:HEALTH_BONUS.rules",,JP-REGION-34-1,
JP-KK35,JP,contribution,"Kyokai Kenpo 山口県 branch general health-insurance rate (total, shared equally): 10.36% for 令和7年度 insurance months to February 2026; 10.15% from the March 2026 insurance month (April remittance). Care (ages 40–64) adds 1.62% and child support 0.23% from April 2026 insurance.",Health Insurance Act art. 160; Kyokai Kenpo 令和8年度都道府県単位保険料率 (https://www.kyoukaikenpo.or.jp/about/business/insurance_rate/rate_prefectures/r08/),https://www.kyoukaikenpo.or.jp/about/business/insurance_rate/rate_prefectures/r08/,2026-09-30,2025-12-01,,PARTIAL,"令和8年度 10.15% proven: JP-REGION-35-1 (September 2026 pay, August insurance month, passed 2026-10-01) charges health on the recorded grade at 10.15% ÷ 2 with 支援金. Unproven: the 令和7年度 10.36% for insurance months to February 2026 (pay December 2025–March 2026) — no probe runs a 令和7年度 month in this branch; and the HEALTH_BONUS rule at this branch rate.","statutory_contributions:HEALTH.rules[person.company.region == ""山口県""]; statutory_contributions:HEALTH_BONUS.rules",,JP-REGION-35-1,
JP-KK36,JP,contribution,"Kyokai Kenpo 徳島県 branch general health-insurance rate (total, shared equally): 10.47% for 令和7年度 insurance months to February 2026; 10.24% from the March 2026 insurance month (April remittance). Care (ages 40–64) adds 1.62% and child support 0.23% from April 2026 insurance.",Health Insurance Act art. 160; Kyokai Kenpo 令和8年度都道府県単位保険料率 (https://www.kyoukaikenpo.or.jp/about/business/insurance_rate/rate_prefectures/r08/),https://www.kyoukaikenpo.or.jp/about/business/insurance_rate/rate_prefectures/r08/,2026-09-30,2025-12-01,,PARTIAL,"令和8年度 10.24% proven: JP-REGION-36-1 (September 2026 pay, August insurance month, passed 2026-10-01) charges health on the recorded grade at 10.24% ÷ 2 with 支援金. Unproven: the 令和7年度 10.47% for insurance months to February 2026 (pay December 2025–March 2026) — no probe runs a 令和7年度 month in this branch; and the HEALTH_BONUS rule at this branch rate.","statutory_contributions:HEALTH.rules[person.company.region == ""徳島県""]; statutory_contributions:HEALTH_BONUS.rules",,JP-REGION-36-1,
JP-KK37,JP,contribution,"Kyokai Kenpo 香川県 branch general health-insurance rate (total, shared equally): 10.21% for 令和7年度 insurance months to February 2026; 10.02% from the March 2026 insurance month (April remittance). Care (ages 40–64) adds 1.62% and child support 0.23% from April 2026 insurance.",Health Insurance Act art. 160; Kyokai Kenpo 令和8年度都道府県単位保険料率 (https://www.kyoukaikenpo.or.jp/about/business/insurance_rate/rate_prefectures/r08/),https://www.kyoukaikenpo.or.jp/about/business/insurance_rate/rate_prefectures/r08/,2026-09-30,2025-12-01,,PARTIAL,"令和8年度 10.02% proven: JP-REGION-37-1 (September 2026 pay, August insurance month, passed 2026-10-01) charges health on the recorded grade at 10.02% ÷ 2 with 支援金. Unproven: the 令和7年度 10.21% for insurance months to February 2026 (pay December 2025–March 2026) — no probe runs a 令和7年度 month in this branch; and the HEALTH_BONUS rule at this branch rate.","statutory_contributions:HEALTH.rules[person.company.region == ""香川県""]; statutory_contributions:HEALTH_BONUS.rules",,JP-REGION-37-1,
JP-KK38,JP,contribution,"Kyokai Kenpo 愛媛県 branch general health-insurance rate (total, shared equally): 10.18% for 令和7年度 insurance months to February 2026; 9.98% from the March 2026 insurance month (April remittance). Care (ages 40–64) adds 1.62% and child support 0.23% from April 2026 insurance.",Health Insurance Act art. 160; Kyokai Kenpo 令和8年度都道府県単位保険料率 (https://www.kyoukaikenpo.or.jp/about/business/insurance_rate/rate_prefectures/r08/),https://www.kyoukaikenpo.or.jp/about/business/insurance_rate/rate_prefectures/r08/,2026-09-30,2025-12-01,,PARTIAL,"令和8年度 9.98% proven: JP-REGION-38-1 (September 2026 pay, August insurance month, passed 2026-10-01) charges health on the recorded grade at 9.98% ÷ 2 with 支援金. Unproven: the 令和7年度 10.18% for insurance months to February 2026 (pay December 2025–March 2026) — no probe runs a 令和7年度 month in this branch; and the HEALTH_BONUS rule at this branch rate.","statutory_contributions:HEALTH.rules[person.company.region == ""愛媛県""]; statutory_contributions:HEALTH_BONUS.rules",,JP-REGION-38-1,
JP-KK39,JP,contribution,"Kyokai Kenpo 高知県 branch general health-insurance rate (total, shared equally): 10.13% for 令和7年度 insurance months to February 2026; 10.05% from the March 2026 insurance month (April remittance). Care (ages 40–64) adds 1.62% and child support 0.23% from April 2026 insurance.",Health Insurance Act art. 160; Kyokai Kenpo 令和8年度都道府県単位保険料率 (https://www.kyoukaikenpo.or.jp/about/business/insurance_rate/rate_prefectures/r08/),https://www.kyoukaikenpo.or.jp/about/business/insurance_rate/rate_prefectures/r08/,2026-09-30,2025-12-01,,PARTIAL,"令和8年度 10.05% proven: JP-REGION-39-1 (September 2026 pay, August insurance month, passed 2026-10-01) charges health on the recorded grade at 10.05% ÷ 2 with 支援金. Unproven: the 令和7年度 10.13% for insurance months to February 2026 (pay December 2025–March 2026) — no probe runs a 令和7年度 month in this branch; and the HEALTH_BONUS rule at this branch rate.","statutory_contributions:HEALTH.rules[person.company.region == ""高知県""]; statutory_contributions:HEALTH_BONUS.rules",,JP-REGION-39-1,
JP-KK40,JP,contribution,"Kyokai Kenpo 福岡県 branch general health-insurance rate (total, shared equally): 10.31% for 令和7年度 insurance months to February 2026; 10.11% from the March 2026 insurance month (April remittance). Care (ages 40–64) adds 1.62% and child support 0.23% from April 2026 insurance.",Health Insurance Act art. 160; Kyokai Kenpo 令和8年度都道府県単位保険料率 (https://www.kyoukaikenpo.or.jp/about/business/insurance_rate/rate_prefectures/r08/),https://www.kyoukaikenpo.or.jp/about/business/insurance_rate/rate_prefectures/r08/,2026-09-30,2025-12-01,,PARTIAL,"令和8年度 10.11% proven: JP-REGION-40-1 (September 2026 pay, August insurance month, passed 2026-10-01) charges health on the recorded grade at 10.11% ÷ 2 with 支援金. Unproven: the 令和7年度 10.31% for insurance months to February 2026 (pay December 2025–March 2026) — no probe runs a 令和7年度 month in this branch; and the HEALTH_BONUS rule at this branch rate.","statutory_contributions:HEALTH.rules[person.company.region == ""福岡県""]; statutory_contributions:HEALTH_BONUS.rules",,JP-REGION-40-1,
JP-KK41,JP,contribution,"Kyokai Kenpo 佐賀県 branch general health-insurance rate (total, shared equally): 10.78% for 令和7年度 insurance months to February 2026; 10.55% from the March 2026 insurance month (April remittance). Care (ages 40–64) adds 1.62% and child support 0.23% from April 2026 insurance.",Health Insurance Act art. 160; Kyokai Kenpo 令和8年度都道府県単位保険料率 (https://www.kyoukaikenpo.or.jp/about/business/insurance_rate/rate_prefectures/r08/),https://www.kyoukaikenpo.or.jp/about/business/insurance_rate/rate_prefectures/r08/,2026-09-30,2025-12-01,,PARTIAL,"令和8年度 10.55% proven: JP-REGION-41-1 (September 2026 pay, August insurance month, passed 2026-10-01) charges health on the recorded grade at 10.55% ÷ 2 with 支援金. Unproven: the 令和7年度 10.78% for insurance months to February 2026 (pay December 2025–March 2026) — no probe runs a 令和7年度 month in this branch; and the HEALTH_BONUS rule at this branch rate.","statutory_contributions:HEALTH.rules[person.company.region == ""佐賀県""]; statutory_contributions:HEALTH_BONUS.rules",,JP-REGION-41-1,
JP-KK42,JP,contribution,"Kyokai Kenpo 長崎県 branch general health-insurance rate (total, shared equally): 10.41% for 令和7年度 insurance months to February 2026; 10.06% from the March 2026 insurance month (April remittance). Care (ages 40–64) adds 1.62% and child support 0.23% from April 2026 insurance.",Health Insurance Act art. 160; Kyokai Kenpo 令和8年度都道府県単位保険料率 (https://www.kyoukaikenpo.or.jp/about/business/insurance_rate/rate_prefectures/r08/),https://www.kyoukaikenpo.or.jp/about/business/insurance_rate/rate_prefectures/r08/,2026-09-30,2025-12-01,,PARTIAL,"令和8年度 10.06% proven: JP-REGION-42-1 (September 2026 pay, August insurance month, passed 2026-10-01) charges health on the recorded grade at 10.06% ÷ 2 with 支援金. Unproven: the 令和7年度 10.41% for insurance months to February 2026 (pay December 2025–March 2026) — no probe runs a 令和7年度 month in this branch; and the HEALTH_BONUS rule at this branch rate.","statutory_contributions:HEALTH.rules[person.company.region == ""長崎県""]; statutory_contributions:HEALTH_BONUS.rules",,JP-REGION-42-1,
JP-KK43,JP,contribution,"Kyokai Kenpo 熊本県 branch general health-insurance rate (total, shared equally): 10.12% for 令和7年度 insurance months to February 2026; 10.08% from the March 2026 insurance month (April remittance). Care (ages 40–64) adds 1.62% and child support 0.23% from April 2026 insurance.",Health Insurance Act art. 160; Kyokai Kenpo 令和8年度都道府県単位保険料率 (https://www.kyoukaikenpo.or.jp/about/business/insurance_rate/rate_prefectures/r08/),https://www.kyoukaikenpo.or.jp/about/business/insurance_rate/rate_prefectures/r08/,2026-09-30,2025-12-01,,PARTIAL,"令和8年度 10.08% proven: JP-REGION-43-1 (September 2026 pay, August insurance month, passed 2026-10-01) charges health on the recorded grade at 10.08% ÷ 2 with 支援金. Unproven: the 令和7年度 10.12% for insurance months to February 2026 (pay December 2025–March 2026) — no probe runs a 令和7年度 month in this branch; and the HEALTH_BONUS rule at this branch rate.","statutory_contributions:HEALTH.rules[person.company.region == ""熊本県""]; statutory_contributions:HEALTH_BONUS.rules",,JP-REGION-43-1,
JP-KK44,JP,contribution,"Kyokai Kenpo 大分県 branch general health-insurance rate (total, shared equally): 10.25% for 令和7年度 insurance months to February 2026; 10.08% from the March 2026 insurance month (April remittance). Care (ages 40–64) adds 1.62% and child support 0.23% from April 2026 insurance.",Health Insurance Act art. 160; Kyokai Kenpo 令和8年度都道府県単位保険料率 (https://www.kyoukaikenpo.or.jp/about/business/insurance_rate/rate_prefectures/r08/),https://www.kyoukaikenpo.or.jp/about/business/insurance_rate/rate_prefectures/r08/,2026-09-30,2025-12-01,,PARTIAL,"令和8年度 10.08% proven: JP-REGION-44-1 (September 2026 pay, August insurance month, passed 2026-10-01) charges health on the recorded grade at 10.08% ÷ 2 with 支援金. Unproven: the 令和7年度 10.25% for insurance months to February 2026 (pay December 2025–March 2026) — no probe runs a 令和7年度 month in this branch; and the HEALTH_BONUS rule at this branch rate.","statutory_contributions:HEALTH.rules[person.company.region == ""大分県""]; statutory_contributions:HEALTH_BONUS.rules",,JP-REGION-44-1,
JP-KK45,JP,contribution,"Kyokai Kenpo 宮崎県 branch general health-insurance rate (total, shared equally): 10.09% for 令和7年度 insurance months to February 2026; 9.77% from the March 2026 insurance month (April remittance). Care (ages 40–64) adds 1.62% and child support 0.23% from April 2026 insurance.",Health Insurance Act art. 160; Kyokai Kenpo 令和8年度都道府県単位保険料率 (https://www.kyoukaikenpo.or.jp/about/business/insurance_rate/rate_prefectures/r08/),https://www.kyoukaikenpo.or.jp/about/business/insurance_rate/rate_prefectures/r08/,2026-09-30,2025-12-01,,PARTIAL,"令和8年度 9.77% proven: JP-REGION-45-1 (September 2026 pay, August insurance month, passed 2026-10-01) charges health on the recorded grade at 9.77% ÷ 2 with 支援金. Unproven: the 令和7年度 10.09% for insurance months to February 2026 (pay December 2025–March 2026) — no probe runs a 令和7年度 month in this branch; and the HEALTH_BONUS rule at this branch rate.","statutory_contributions:HEALTH.rules[person.company.region == ""宮崎県""]; statutory_contributions:HEALTH_BONUS.rules",,JP-REGION-45-1,
JP-KK46,JP,contribution,"Kyokai Kenpo 鹿児島県 branch general health-insurance rate (total, shared equally): 10.31% for 令和7年度 insurance months to February 2026; 10.13% from the March 2026 insurance month (April remittance). Care (ages 40–64) adds 1.62% and child support 0.23% from April 2026 insurance.",Health Insurance Act art. 160; Kyokai Kenpo 令和8年度都道府県単位保険料率 (https://www.kyoukaikenpo.or.jp/about/business/insurance_rate/rate_prefectures/r08/),https://www.kyoukaikenpo.or.jp/about/business/insurance_rate/rate_prefectures/r08/,2026-09-30,2025-12-01,,PARTIAL,"令和8年度 10.13% proven: JP-REGION-46-1 (September 2026 pay, August insurance month, passed 2026-10-01) charges health on the recorded grade at 10.13% ÷ 2 with 支援金. Unproven: the 令和7年度 10.31% for insurance months to February 2026 (pay December 2025–March 2026) — no probe runs a 令和7年度 month in this branch; and the HEALTH_BONUS rule at this branch rate.","statutory_contributions:HEALTH.rules[person.company.region == ""鹿児島県""]; statutory_contributions:HEALTH_BONUS.rules",,JP-REGION-46-1,
JP-KK47,JP,contribution,"Kyokai Kenpo 沖縄県 branch general health-insurance rate (total, shared equally): 9.44% for 令和7年度 insurance months to February 2026; 9.44% from the March 2026 insurance month (April remittance). Care (ages 40–64) adds 1.62% and child support 0.23% from April 2026 insurance.",Health Insurance Act art. 160; Kyokai Kenpo 令和8年度都道府県単位保険料率 (https://www.kyoukaikenpo.or.jp/about/business/insurance_rate/rate_prefectures/r08/),https://www.kyoukaikenpo.or.jp/about/business/insurance_rate/rate_prefectures/r08/,2026-09-30,2025-12-01,,PARTIAL,"令和8年度 9.44% proven: JP-REGION-47-1 (September 2026 pay, August insurance month, passed 2026-10-01) charges health on the recorded grade at 9.44% ÷ 2 with 支援金. Unproven: the 令和7年度 9.44% for insurance months to February 2026 (pay December 2025–March 2026) — no probe runs a 令和7年度 month in this branch; and the HEALTH_BONUS rule at this branch rate.","statutory_contributions:HEALTH.rules[person.company.region == ""沖縄県""]; statutory_contributions:HEALTH_BONUS.rules",,JP-REGION-47-1,
JP-EIR-01,JP,contribution,"Employment-insurance rate, General: worker 5.5‰ / employer 9‰ (total 14.5‰) for FY2025 (to 31 March 2026); worker 5‰ / employer 8.5‰ (total 13.5‰) from 1 April 2026, per mille of eligible wages, selected by wage closing date.",Labour Insurance Premium Collection Act art. 12; MHLW 令和8年度の雇用保険料率 (https://www.mhlw.go.jp/content/001692566.pdf),https://www.mhlw.go.jp/content/001692566.pdf,2026-09-30,2025-12-01,,VERIFIED,"令和7年度 5.5/9 pinned by JP-KK27-1 (March 2026 wage) and JP-OT-02-1; 令和8年度 5/8.5 by JP-KK27-2, JP-EI-03-1 and every JP-REGION case; the wage-closing-date selection by the March/April pair; passed 2026-10-01. JP-EIR-01-1 pins the 令和9年度 refusal.","statutory_contributions:EMPLOYMENT_INSURANCE rule employment_insurance_class == ""GENERAL""",,JP-KK27-1; JP-KK27-2; JP-EI-03-1; JP-OT-02-1; JP-EIR-01-1,2026-10-01
JP-EIR-02,JP,contribution,"Employment-insurance rate, Agriculture, forestry, fisheries and sake manufacture (subject to listed exceptions): worker 6.5‰ / employer 10‰ (total 16.5‰) for FY2025 (to 31 March 2026); worker 6‰ / employer 9.5‰ (total 15.5‰) from 1 April 2026, per mille of eligible wages, selected by wage closing date.",Labour Insurance Premium Collection Act art. 12; MHLW 令和8年度の雇用保険料率 (https://www.mhlw.go.jp/content/001692566.pdf),https://www.mhlw.go.jp/content/001692566.pdf,2026-09-30,2025-12-01,,PARTIAL,"令和8年度 6/9.5 proven by JP-EIR-02-1 (May 2026, passed 2026-10-01). Unproven: the 令和7年度 6.5/10 (wage periods closing before 1 April 2026); the listed sub-sector exceptions are recorded GENERAL through the company fact (input, unprobed).","statutory_contributions:EMPLOYMENT_INSURANCE rule employment_insurance_class == ""AGRICULTURE_SAKE""",,JP-EIR-02-1,
JP-EIR-03,JP,contribution,"Employment-insurance rate, Construction: worker 6.5‰ / employer 11‰ (total 17.5‰) for FY2025 (to 31 March 2026); worker 6‰ / employer 10.5‰ (total 16.5‰) from 1 April 2026, per mille of eligible wages, selected by wage closing date.",Labour Insurance Premium Collection Act art. 12; MHLW 令和8年度の雇用保険料率 (https://www.mhlw.go.jp/content/001692566.pdf),https://www.mhlw.go.jp/content/001692566.pdf,2026-09-30,2025-12-01,,VERIFIED,"JP-EIR-03-1 (March 2026 wage, 令和7年度 6.5/11) and JP-EIR-03-2 (May 2026, 令和8年度 6/10.5) passed 2026-10-01; both sides of the fiscal boundary pinned.","statutory_contributions:EMPLOYMENT_INSURANCE rule employment_insurance_class == ""CONSTRUCTION""",,JP-EIR-03-1; JP-EIR-03-2,2026-10-01
JP-TAX-07-BANDS,JP,tax,"Monthly income-tax-exempt commuting allowance for vehicle/bicycle commuters from 1 April 2026 (payable date): Under 2 km JPY0; 2 to under 10 km JPY4,200; 10 to under 15 km JPY7,300; 15 to under 25 km JPY13,500; 25 to under 35 km JPY19,700; 35 to under 45 km JPY25,900; 45 to under 55 km JPY32,300; 55 to under 65 km JPY38,700; 65 to under 75 km JPY45,700; 75 to under 85 km JPY52,700; 85 to under 95 km JPY59,600; 95 km or more JPY66,400; qualifying parking adds actual cost up to JPY5,000; public transport/mixed JPY150,000 cap. Before April 2026 the 55 km+ bands were all JPY38,700.",Income Tax Act art. 9(1)(v); NTA 2026 commuting schedule (https://www.nta.go.jp/users/gensen/2026tsukin/index.htm),https://www.nta.go.jp/users/gensen/2026tsukin/index.htm,2026-09-30,2026-04-01,,PARTIAL,"One band proven: JP-TAX-07-BANDS-1 (September 2026, 20 km car commute with 3,000 parking: 16,500 untaxed, whole 20,000 bears 雇用保険 and 労災), passed 2026-10-01. Unproven: the other eleven bands, the pre-April 2026 column, the 150,000 transit-plus-vehicle cap.",statutory_contributions:INCOME_TAX; terms_facts.commute_vehicle_km,,JP-TAX-07-BANDS-1,
JP-INK01,JP,contribution,"北海道 social-insurance in-kind value per person: meals JPY24,300/month, 810/day (breakfast 200, lunch 280, dinner 330) to 31 March 2026, then JPY25,500/month, 850/day (210/300/340) from 1 April 2026; housing JPY1,110/tatami of living rooms through 30 September 2026, JPY530/m² of total floor area from 1 October 2026. Sub-yen results are truncated.",Health Insurance Act art. 46; Employees' Pension Insurance Act art. 25; MHLW notice via JPS 2025 and 2026 schedules (https://www.nenkin.go.jp/service/kounen/hokenryo/hoshu/20150511.files/2026.pdf),https://www.nenkin.go.jp/service/kounen/hokenryo/hoshu/20150511.files/2026.pdf,2026-09-29,2025-12-01,,PARTIAL,"Seeded 2026-10-01 (Phase 2) in all 34 JP versions as reference_rows:IN_KIND_VALUE row 北海道: meals by month, day and meal to 2026-03-31 and from 2026-04-01, housing per tatami to 2026-09-30 and per m² from 2026-10-01. Not read by any calculation: the 標準報酬月額 is the recorded grade (statutory_contributions:HEALTH.elections.standard_monthly_remuneration), so the in-kind value enters the grade the employer decides and notifies (資格取得届, 算定基礎届, 月額変更届), which the product does not compute (JP-SI-03); no probe. Still open: the worksite/managed-branch and dispatch prefecture rule, a health-insurance society’s own values, the employee charge and mid-month occupancy.",reference_rows:IN_KIND_VALUE; reference_rows.code.北海道,,,
JP-INK02,JP,contribution,"青森県 social-insurance in-kind value per person: meals JPY23,400/month, 780/day (breakfast 200, lunch 270, dinner 310) to 31 March 2026, then JPY24,300/month, 810/day (200/280/330) from 1 April 2026; housing JPY1,040/tatami of living rooms through 30 September 2026, JPY460/m² of total floor area from 1 October 2026. Sub-yen results are truncated.",Health Insurance Act art. 46; Employees' Pension Insurance Act art. 25; MHLW notice via JPS 2025 and 2026 schedules (https://www.nenkin.go.jp/service/kounen/hokenryo/hoshu/20150511.files/2026.pdf),https://www.nenkin.go.jp/service/kounen/hokenryo/hoshu/20150511.files/2026.pdf,2026-09-29,2025-12-01,,PARTIAL,"Seeded 2026-10-01 (Phase 2) in all 34 JP versions as reference_rows:IN_KIND_VALUE row 青森県: meals by month, day and meal to 2026-03-31 and from 2026-04-01, housing per tatami to 2026-09-30 and per m² from 2026-10-01. Not read by any calculation: the 標準報酬月額 is the recorded grade (statutory_contributions:HEALTH.elections.standard_monthly_remuneration), so the in-kind value enters the grade the employer decides and notifies (資格取得届, 算定基礎届, 月額変更届), which the product does not compute (JP-SI-03); no probe. Still open: the worksite/managed-branch and dispatch prefecture rule, a health-insurance society’s own values, the employee charge and mid-month occupancy.",reference_rows:IN_KIND_VALUE; reference_rows.code.青森県,,,
JP-INK03,JP,contribution,"岩手県 social-insurance in-kind value per person: meals JPY23,400/month, 780/day (breakfast 200, lunch 270, dinner 310) to 31 March 2026, then JPY24,600/month, 820/day (210/290/320) from 1 April 2026; housing JPY1,110/tatami of living rooms through 30 September 2026, JPY520/m² of total floor area from 1 October 2026. Sub-yen results are truncated.",Health Insurance Act art. 46; Employees' Pension Insurance Act art. 25; MHLW notice via JPS 2025 and 2026 schedules (https://www.nenkin.go.jp/service/kounen/hokenryo/hoshu/20150511.files/2026.pdf),https://www.nenkin.go.jp/service/kounen/hokenryo/hoshu/20150511.files/2026.pdf,2026-09-29,2025-12-01,,PARTIAL,"Seeded 2026-10-01 (Phase 2) in all 34 JP versions as reference_rows:IN_KIND_VALUE row 岩手県: meals by month, day and meal to 2026-03-31 and from 2026-04-01, housing per tatami to 2026-09-30 and per m² from 2026-10-01. Not read by any calculation: the 標準報酬月額 is the recorded grade (statutory_contributions:HEALTH.elections.standard_monthly_remuneration), so the in-kind value enters the grade the employer decides and notifies (資格取得届, 算定基礎届, 月額変更届), which the product does not compute (JP-SI-03); no probe. Still open: the worksite/managed-branch and dispatch prefecture rule, a health-insurance society’s own values, the employee charge and mid-month occupancy.",reference_rows:IN_KIND_VALUE; reference_rows.code.岩手県,,,
JP-INK04,JP,contribution,"宮城県 social-insurance in-kind value per person: meals JPY23,400/month, 780/day (breakfast 200, lunch 270, dinner 310) to 31 March 2026, then JPY24,600/month, 820/day (210/290/320) from 1 April 2026; housing JPY1,520/tatami of living rooms through 30 September 2026, JPY680/m² of total floor area from 1 October 2026. Sub-yen results are truncated.",Health Insurance Act art. 46; Employees' Pension Insurance Act art. 25; MHLW notice via JPS 2025 and 2026 schedules (https://www.nenkin.go.jp/service/kounen/hokenryo/hoshu/20150511.files/2026.pdf),https://www.nenkin.go.jp/service/kounen/hokenryo/hoshu/20150511.files/2026.pdf,2026-09-29,2025-12-01,,PARTIAL,"Seeded 2026-10-01 (Phase 2) in all 34 JP versions as reference_rows:IN_KIND_VALUE row 宮城県: meals by month, day and meal to 2026-03-31 and from 2026-04-01, housing per tatami to 2026-09-30 and per m² from 2026-10-01. Not read by any calculation: the 標準報酬月額 is the recorded grade (statutory_contributions:HEALTH.elections.standard_monthly_remuneration), so the in-kind value enters the grade the employer decides and notifies (資格取得届, 算定基礎届, 月額変更届), which the product does not compute (JP-SI-03); no probe. Still open: the worksite/managed-branch and dispatch prefecture rule, a health-insurance society’s own values, the employee charge and mid-month occupancy.",reference_rows:IN_KIND_VALUE; reference_rows.code.宮城県,,,
JP-INK05,JP,contribution,"秋田県 social-insurance in-kind value per person: meals JPY23,700/month, 790/day (breakfast 200, lunch 280, dinner 310) to 31 March 2026, then JPY24,600/month, 820/day (210/290/320) from 1 April 2026; housing JPY1,110/tatami of living rooms through 30 September 2026, JPY490/m² of total floor area from 1 October 2026. Sub-yen results are truncated.",Health Insurance Act art. 46; Employees' Pension Insurance Act art. 25; MHLW notice via JPS 2025 and 2026 schedules (https://www.nenkin.go.jp/service/kounen/hokenryo/hoshu/20150511.files/2026.pdf),https://www.nenkin.go.jp/service/kounen/hokenryo/hoshu/20150511.files/2026.pdf,2026-09-29,2025-12-01,,PARTIAL,"Seeded 2026-10-01 (Phase 2) in all 34 JP versions as reference_rows:IN_KIND_VALUE row 秋田県: meals by month, day and meal to 2026-03-31 and from 2026-04-01, housing per tatami to 2026-09-30 and per m² from 2026-10-01. Not read by any calculation: the 標準報酬月額 is the recorded grade (statutory_contributions:HEALTH.elections.standard_monthly_remuneration), so the in-kind value enters the grade the employer decides and notifies (資格取得届, 算定基礎届, 月額変更届), which the product does not compute (JP-SI-03); no probe. Still open: the worksite/managed-branch and dispatch prefecture rule, a health-insurance society’s own values, the employee charge and mid-month occupancy.",reference_rows:IN_KIND_VALUE; reference_rows.code.秋田県,,,
JP-INK06,JP,contribution,"山形県 social-insurance in-kind value per person: meals JPY24,000/month, 800/day (breakfast 200, lunch 280, dinner 320) to 31 March 2026, then JPY25,200/month, 840/day (210/290/340) from 1 April 2026; housing JPY1,250/tatami of living rooms through 30 September 2026, JPY540/m² of total floor area from 1 October 2026. Sub-yen results are truncated.",Health Insurance Act art. 46; Employees' Pension Insurance Act art. 25; MHLW notice via JPS 2025 and 2026 schedules (https://www.nenkin.go.jp/service/kounen/hokenryo/hoshu/20150511.files/2026.pdf),https://www.nenkin.go.jp/service/kounen/hokenryo/hoshu/20150511.files/2026.pdf,2026-09-29,2025-12-01,,PARTIAL,"Seeded 2026-10-01 (Phase 2) in all 34 JP versions as reference_rows:IN_KIND_VALUE row 山形県: meals by month, day and meal to 2026-03-31 and from 2026-04-01, housing per tatami to 2026-09-30 and per m² from 2026-10-01. Not read by any calculation: the 標準報酬月額 is the recorded grade (statutory_contributions:HEALTH.elections.standard_monthly_remuneration), so the in-kind value enters the grade the employer decides and notifies (資格取得届, 算定基礎届, 月額変更届), which the product does not compute (JP-SI-03); no probe. Still open: the worksite/managed-branch and dispatch prefecture rule, a health-insurance society’s own values, the employee charge and mid-month occupancy.",reference_rows:IN_KIND_VALUE; reference_rows.code.山形県,,,
JP-INK07,JP,contribution,"福島県 social-insurance in-kind value per person: meals JPY23,400/month, 780/day (breakfast 200, lunch 270, dinner 310) to 31 March 2026, then JPY24,300/month, 810/day (200/280/330) from 1 April 2026; housing JPY1,200/tatami of living rooms through 30 September 2026, JPY540/m² of total floor area from 1 October 2026. Sub-yen results are truncated.",Health Insurance Act art. 46; Employees' Pension Insurance Act art. 25; MHLW notice via JPS 2025 and 2026 schedules (https://www.nenkin.go.jp/service/kounen/hokenryo/hoshu/20150511.files/2026.pdf),https://www.nenkin.go.jp/service/kounen/hokenryo/hoshu/20150511.files/2026.pdf,2026-09-29,2025-12-01,,PARTIAL,"Seeded 2026-10-01 (Phase 2) in all 34 JP versions as reference_rows:IN_KIND_VALUE row 福島県: meals by month, day and meal to 2026-03-31 and from 2026-04-01, housing per tatami to 2026-09-30 and per m² from 2026-10-01. Not read by any calculation: the 標準報酬月額 is the recorded grade (statutory_contributions:HEALTH.elections.standard_monthly_remuneration), so the in-kind value enters the grade the employer decides and notifies (資格取得届, 算定基礎届, 月額変更届), which the product does not compute (JP-SI-03); no probe. Still open: the worksite/managed-branch and dispatch prefecture rule, a health-insurance society’s own values, the employee charge and mid-month occupancy.",reference_rows:IN_KIND_VALUE; reference_rows.code.福島県,,,
JP-INK08,JP,contribution,"茨城県 social-insurance in-kind value per person: meals JPY23,400/month, 780/day (breakfast 200, lunch 270, dinner 310) to 31 March 2026, then JPY24,300/month, 810/day (200/280/330) from 1 April 2026; housing JPY1,340/tatami of living rooms through 30 September 2026, JPY600/m² of total floor area from 1 October 2026. Sub-yen results are truncated.",Health Insurance Act art. 46; Employees' Pension Insurance Act art. 25; MHLW notice via JPS 2025 and 2026 schedules (https://www.nenkin.go.jp/service/kounen/hokenryo/hoshu/20150511.files/2026.pdf),https://www.nenkin.go.jp/service/kounen/hokenryo/hoshu/20150511.files/2026.pdf,2026-09-29,2025-12-01,,PARTIAL,"Seeded 2026-10-01 (Phase 2) in all 34 JP versions as reference_rows:IN_KIND_VALUE row 茨城県: meals by month, day and meal to 2026-03-31 and from 2026-04-01, housing per tatami to 2026-09-30 and per m² from 2026-10-01. Not read by any calculation: the 標準報酬月額 is the recorded grade (statutory_contributions:HEALTH.elections.standard_monthly_remuneration), so the in-kind value enters the grade the employer decides and notifies (資格取得届, 算定基礎届, 月額変更届), which the product does not compute (JP-SI-03); no probe. Still open: the worksite/managed-branch and dispatch prefecture rule, a health-insurance society’s own values, the employee charge and mid-month occupancy.",reference_rows:IN_KIND_VALUE; reference_rows.code.茨城県,,,
JP-INK09,JP,contribution,"栃木県 social-insurance in-kind value per person: meals JPY23,400/month, 780/day (breakfast 200, lunch 270, dinner 310) to 31 March 2026, then JPY24,300/month, 810/day (200/280/330) from 1 April 2026; housing JPY1,320/tatami of living rooms through 30 September 2026, JPY590/m² of total floor area from 1 October 2026. Sub-yen results are truncated.",Health Insurance Act art. 46; Employees' Pension Insurance Act art. 25; MHLW notice via JPS 2025 and 2026 schedules (https://www.nenkin.go.jp/service/kounen/hokenryo/hoshu/20150511.files/2026.pdf),https://www.nenkin.go.jp/service/kounen/hokenryo/hoshu/20150511.files/2026.pdf,2026-09-29,2025-12-01,,PARTIAL,"Seeded 2026-10-01 (Phase 2) in all 34 JP versions as reference_rows:IN_KIND_VALUE row 栃木県: meals by month, day and meal to 2026-03-31 and from 2026-04-01, housing per tatami to 2026-09-30 and per m² from 2026-10-01. Not read by any calculation: the 標準報酬月額 is the recorded grade (statutory_contributions:HEALTH.elections.standard_monthly_remuneration), so the in-kind value enters the grade the employer decides and notifies (資格取得届, 算定基礎届, 月額変更届), which the product does not compute (JP-SI-03); no probe. Still open: the worksite/managed-branch and dispatch prefecture rule, a health-insurance society’s own values, the employee charge and mid-month occupancy.",reference_rows:IN_KIND_VALUE; reference_rows.code.栃木県,,,
JP-INK10,JP,contribution,"群馬県 social-insurance in-kind value per person: meals JPY23,100/month, 770/day (breakfast 190, lunch 270, dinner 310) to 31 March 2026, then JPY23,700/month, 790/day (200/280/310) from 1 April 2026; housing JPY1,280/tatami of living rooms through 30 September 2026, JPY550/m² of total floor area from 1 October 2026. Sub-yen results are truncated.",Health Insurance Act art. 46; Employees' Pension Insurance Act art. 25; MHLW notice via JPS 2025 and 2026 schedules (https://www.nenkin.go.jp/service/kounen/hokenryo/hoshu/20150511.files/2026.pdf),https://www.nenkin.go.jp/service/kounen/hokenryo/hoshu/20150511.files/2026.pdf,2026-09-29,2025-12-01,,PARTIAL,"Seeded 2026-10-01 (Phase 2) in all 34 JP versions as reference_rows:IN_KIND_VALUE row 群馬県: meals by month, day and meal to 2026-03-31 and from 2026-04-01, housing per tatami to 2026-09-30 and per m² from 2026-10-01. Not read by any calculation: the 標準報酬月額 is the recorded grade (statutory_contributions:HEALTH.elections.standard_monthly_remuneration), so the in-kind value enters the grade the employer decides and notifies (資格取得届, 算定基礎届, 月額変更届), which the product does not compute (JP-SI-03); no probe. Still open: the worksite/managed-branch and dispatch prefecture rule, a health-insurance society’s own values, the employee charge and mid-month occupancy.",reference_rows:IN_KIND_VALUE; reference_rows.code.群馬県,,,
JP-INK11,JP,contribution,"埼玉県 social-insurance in-kind value per person: meals JPY23,400/month, 780/day (breakfast 200, lunch 270, dinner 310) to 31 March 2026, then JPY24,300/month, 810/day (200/280/330) from 1 April 2026; housing JPY1,810/tatami of living rooms through 30 September 2026, JPY840/m² of total floor area from 1 October 2026. Sub-yen results are truncated.",Health Insurance Act art. 46; Employees' Pension Insurance Act art. 25; MHLW notice via JPS 2025 and 2026 schedules (https://www.nenkin.go.jp/service/kounen/hokenryo/hoshu/20150511.files/2026.pdf),https://www.nenkin.go.jp/service/kounen/hokenryo/hoshu/20150511.files/2026.pdf,2026-09-29,2025-12-01,,PARTIAL,"Seeded 2026-10-01 (Phase 2) in all 34 JP versions as reference_rows:IN_KIND_VALUE row 埼玉県: meals by month, day and meal to 2026-03-31 and from 2026-04-01, housing per tatami to 2026-09-30 and per m² from 2026-10-01. Not read by any calculation: the 標準報酬月額 is the recorded grade (statutory_contributions:HEALTH.elections.standard_monthly_remuneration), so the in-kind value enters the grade the employer decides and notifies (資格取得届, 算定基礎届, 月額変更届), which the product does not compute (JP-SI-03); no probe. Still open: the worksite/managed-branch and dispatch prefecture rule, a health-insurance society’s own values, the employee charge and mid-month occupancy.",reference_rows:IN_KIND_VALUE; reference_rows.code.埼玉県,,,
JP-INK12,JP,contribution,"千葉県 social-insurance in-kind value per person: meals JPY23,700/month, 790/day (breakfast 200, lunch 280, dinner 310) to 31 March 2026, then JPY24,900/month, 830/day (210/290/330) from 1 April 2026; housing JPY1,760/tatami of living rooms through 30 September 2026, JPY830/m² of total floor area from 1 October 2026. Sub-yen results are truncated.",Health Insurance Act art. 46; Employees' Pension Insurance Act art. 25; MHLW notice via JPS 2025 and 2026 schedules (https://www.nenkin.go.jp/service/kounen/hokenryo/hoshu/20150511.files/2026.pdf),https://www.nenkin.go.jp/service/kounen/hokenryo/hoshu/20150511.files/2026.pdf,2026-09-29,2025-12-01,,PARTIAL,"Seeded 2026-10-01 (Phase 2) in all 34 JP versions as reference_rows:IN_KIND_VALUE row 千葉県: meals by month, day and meal to 2026-03-31 and from 2026-04-01, housing per tatami to 2026-09-30 and per m² from 2026-10-01. Not read by any calculation: the 標準報酬月額 is the recorded grade (statutory_contributions:HEALTH.elections.standard_monthly_remuneration), so the in-kind value enters the grade the employer decides and notifies (資格取得届, 算定基礎届, 月額変更届), which the product does not compute (JP-SI-03); no probe. Still open: the worksite/managed-branch and dispatch prefecture rule, a health-insurance society’s own values, the employee charge and mid-month occupancy.",reference_rows:IN_KIND_VALUE; reference_rows.code.千葉県,,,
JP-INK13,JP,contribution,"東京都 social-insurance in-kind value per person: meals JPY24,300/month, 810/day (breakfast 200, lunch 280, dinner 330) to 31 March 2026, then JPY25,500/month, 850/day (210/300/340) from 1 April 2026; housing JPY2,830/tatami of living rooms through 30 September 2026, JPY1,330/m² of total floor area from 1 October 2026. Sub-yen results are truncated.",Health Insurance Act art. 46; Employees' Pension Insurance Act art. 25; MHLW notice via JPS 2025 and 2026 schedules (https://www.nenkin.go.jp/service/kounen/hokenryo/hoshu/20150511.files/2026.pdf),https://www.nenkin.go.jp/service/kounen/hokenryo/hoshu/20150511.files/2026.pdf,2026-09-29,2025-12-01,,PARTIAL,"Seeded 2026-10-01 (Phase 2) in all 34 JP versions as reference_rows:IN_KIND_VALUE row 東京都: meals by month, day and meal to 2026-03-31 and from 2026-04-01, housing per tatami to 2026-09-30 and per m² from 2026-10-01. Not read by any calculation: the 標準報酬月額 is the recorded grade (statutory_contributions:HEALTH.elections.standard_monthly_remuneration), so the in-kind value enters the grade the employer decides and notifies (資格取得届, 算定基礎届, 月額変更届), which the product does not compute (JP-SI-03); no probe. Still open: the worksite/managed-branch and dispatch prefecture rule, a health-insurance society’s own values, the employee charge and mid-month occupancy.",reference_rows:IN_KIND_VALUE; reference_rows.code.東京都,,,
JP-INK14,JP,contribution,"神奈川県 social-insurance in-kind value per person: meals JPY24,300/month, 810/day (breakfast 200, lunch 280, dinner 330) to 31 March 2026, then JPY25,200/month, 840/day (210/290/340) from 1 April 2026; housing JPY2,150/tatami of living rooms through 30 September 2026, JPY1,010/m² of total floor area from 1 October 2026. Sub-yen results are truncated.",Health Insurance Act art. 46; Employees' Pension Insurance Act art. 25; MHLW notice via JPS 2025 and 2026 schedules (https://www.nenkin.go.jp/service/kounen/hokenryo/hoshu/20150511.files/2026.pdf),https://www.nenkin.go.jp/service/kounen/hokenryo/hoshu/20150511.files/2026.pdf,2026-09-29,2025-12-01,,PARTIAL,"Seeded 2026-10-01 (Phase 2) in all 34 JP versions as reference_rows:IN_KIND_VALUE row 神奈川県: meals by month, day and meal to 2026-03-31 and from 2026-04-01, housing per tatami to 2026-09-30 and per m² from 2026-10-01. Not read by any calculation: the 標準報酬月額 is the recorded grade (statutory_contributions:HEALTH.elections.standard_monthly_remuneration), so the in-kind value enters the grade the employer decides and notifies (資格取得届, 算定基礎届, 月額変更届), which the product does not compute (JP-SI-03); no probe. Still open: the worksite/managed-branch and dispatch prefecture rule, a health-insurance society’s own values, the employee charge and mid-month occupancy.",reference_rows:IN_KIND_VALUE; reference_rows.code.神奈川県,,,
JP-INK15,JP,contribution,"新潟県 social-insurance in-kind value per person: meals JPY23,700/month, 790/day (breakfast 200, lunch 280, dinner 310) to 31 March 2026, then JPY24,600/month, 820/day (210/290/320) from 1 April 2026; housing JPY1,360/tatami of living rooms through 30 September 2026, JPY580/m² of total floor area from 1 October 2026. Sub-yen results are truncated.",Health Insurance Act art. 46; Employees' Pension Insurance Act art. 25; MHLW notice via JPS 2025 and 2026 schedules (https://www.nenkin.go.jp/service/kounen/hokenryo/hoshu/20150511.files/2026.pdf),https://www.nenkin.go.jp/service/kounen/hokenryo/hoshu/20150511.files/2026.pdf,2026-09-29,2025-12-01,,PARTIAL,"Seeded 2026-10-01 (Phase 2) in all 34 JP versions as reference_rows:IN_KIND_VALUE row 新潟県: meals by month, day and meal to 2026-03-31 and from 2026-04-01, housing per tatami to 2026-09-30 and per m² from 2026-10-01. Not read by any calculation: the 標準報酬月額 is the recorded grade (statutory_contributions:HEALTH.elections.standard_monthly_remuneration), so the in-kind value enters the grade the employer decides and notifies (資格取得届, 算定基礎届, 月額変更届), which the product does not compute (JP-SI-03); no probe. Still open: the worksite/managed-branch and dispatch prefecture rule, a health-insurance society’s own values, the employee charge and mid-month occupancy.",reference_rows:IN_KIND_VALUE; reference_rows.code.新潟県,,,
JP-INK16,JP,contribution,"富山県 social-insurance in-kind value per person: meals JPY24,300/month, 810/day (breakfast 200, lunch 280, dinner 330) to 31 March 2026, then JPY24,900/month, 830/day (210/290/330) from 1 April 2026; housing JPY1,290/tatami of living rooms through 30 September 2026, JPY560/m² of total floor area from 1 October 2026. Sub-yen results are truncated.",Health Insurance Act art. 46; Employees' Pension Insurance Act art. 25; MHLW notice via JPS 2025 and 2026 schedules (https://www.nenkin.go.jp/service/kounen/hokenryo/hoshu/20150511.files/2026.pdf),https://www.nenkin.go.jp/service/kounen/hokenryo/hoshu/20150511.files/2026.pdf,2026-09-29,2025-12-01,,PARTIAL,"Seeded 2026-10-01 (Phase 2) in all 34 JP versions as reference_rows:IN_KIND_VALUE row 富山県: meals by month, day and meal to 2026-03-31 and from 2026-04-01, housing per tatami to 2026-09-30 and per m² from 2026-10-01. Not read by any calculation: the 標準報酬月額 is the recorded grade (statutory_contributions:HEALTH.elections.standard_monthly_remuneration), so the in-kind value enters the grade the employer decides and notifies (資格取得届, 算定基礎届, 月額変更届), which the product does not compute (JP-SI-03); no probe. Still open: the worksite/managed-branch and dispatch prefecture rule, a health-insurance society’s own values, the employee charge and mid-month occupancy.",reference_rows:IN_KIND_VALUE; reference_rows.code.富山県,,,
JP-INK17,JP,contribution,"石川県 social-insurance in-kind value per person: meals JPY24,300/month, 810/day (breakfast 200, lunch 280, dinner 330) to 31 March 2026, then JPY25,200/month, 840/day (210/290/340) from 1 April 2026; housing JPY1,340/tatami of living rooms through 30 September 2026, JPY580/m² of total floor area from 1 October 2026. Sub-yen results are truncated.",Health Insurance Act art. 46; Employees' Pension Insurance Act art. 25; MHLW notice via JPS 2025 and 2026 schedules (https://www.nenkin.go.jp/service/kounen/hokenryo/hoshu/20150511.files/2026.pdf),https://www.nenkin.go.jp/service/kounen/hokenryo/hoshu/20150511.files/2026.pdf,2026-09-29,2025-12-01,,PARTIAL,"Seeded 2026-10-01 (Phase 2) in all 34 JP versions as reference_rows:IN_KIND_VALUE row 石川県: meals by month, day and meal to 2026-03-31 and from 2026-04-01, housing per tatami to 2026-09-30 and per m² from 2026-10-01. Not read by any calculation: the 標準報酬月額 is the recorded grade (statutory_contributions:HEALTH.elections.standard_monthly_remuneration), so the in-kind value enters the grade the employer decides and notifies (資格取得届, 算定基礎届, 月額変更届), which the product does not compute (JP-SI-03); no probe. Still open: the worksite/managed-branch and dispatch prefecture rule, a health-insurance society’s own values, the employee charge and mid-month occupancy.",reference_rows:IN_KIND_VALUE; reference_rows.code.石川県,,,
JP-INK18,JP,contribution,"福井県 social-insurance in-kind value per person: meals JPY24,300/month, 810/day (breakfast 200, lunch 280, dinner 330) to 31 March 2026, then JPY25,500/month, 850/day (210/300/340) from 1 April 2026; housing JPY1,220/tatami of living rooms through 30 September 2026, JPY540/m² of total floor area from 1 October 2026. Sub-yen results are truncated.",Health Insurance Act art. 46; Employees' Pension Insurance Act art. 25; MHLW notice via JPS 2025 and 2026 schedules (https://www.nenkin.go.jp/service/kounen/hokenryo/hoshu/20150511.files/2026.pdf),https://www.nenkin.go.jp/service/kounen/hokenryo/hoshu/20150511.files/2026.pdf,2026-09-29,2025-12-01,,PARTIAL,"Seeded 2026-10-01 (Phase 2) in all 34 JP versions as reference_rows:IN_KIND_VALUE row 福井県: meals by month, day and meal to 2026-03-31 and from 2026-04-01, housing per tatami to 2026-09-30 and per m² from 2026-10-01. Not read by any calculation: the 標準報酬月額 is the recorded grade (statutory_contributions:HEALTH.elections.standard_monthly_remuneration), so the in-kind value enters the grade the employer decides and notifies (資格取得届, 算定基礎届, 月額変更届), which the product does not compute (JP-SI-03); no probe. Still open: the worksite/managed-branch and dispatch prefecture rule, a health-insurance society’s own values, the employee charge and mid-month occupancy.",reference_rows:IN_KIND_VALUE; reference_rows.code.福井県,,,
JP-INK19,JP,contribution,"山梨県 social-insurance in-kind value per person: meals JPY23,400/month, 780/day (breakfast 200, lunch 270, dinner 310) to 31 March 2026, then JPY24,300/month, 810/day (200/280/330) from 1 April 2026; housing JPY1,260/tatami of living rooms through 30 September 2026, JPY560/m² of total floor area from 1 October 2026. Sub-yen results are truncated.",Health Insurance Act art. 46; Employees' Pension Insurance Act art. 25; MHLW notice via JPS 2025 and 2026 schedules (https://www.nenkin.go.jp/service/kounen/hokenryo/hoshu/20150511.files/2026.pdf),https://www.nenkin.go.jp/service/kounen/hokenryo/hoshu/20150511.files/2026.pdf,2026-09-29,2025-12-01,,PARTIAL,"Seeded 2026-10-01 (Phase 2) in all 34 JP versions as reference_rows:IN_KIND_VALUE row 山梨県: meals by month, day and meal to 2026-03-31 and from 2026-04-01, housing per tatami to 2026-09-30 and per m² from 2026-10-01. Not read by any calculation: the 標準報酬月額 is the recorded grade (statutory_contributions:HEALTH.elections.standard_monthly_remuneration), so the in-kind value enters the grade the employer decides and notifies (資格取得届, 算定基礎届, 月額変更届), which the product does not compute (JP-SI-03); no probe. Still open: the worksite/managed-branch and dispatch prefecture rule, a health-insurance society’s own values, the employee charge and mid-month occupancy.",reference_rows:IN_KIND_VALUE; reference_rows.code.山梨県,,,
JP-INK20,JP,contribution,"長野県 social-insurance in-kind value per person: meals JPY22,800/month, 760/day (breakfast 190, lunch 270, dinner 300) to 31 March 2026, then JPY23,700/month, 790/day (200/280/310) from 1 April 2026; housing JPY1,250/tatami of living rooms through 30 September 2026, JPY560/m² of total floor area from 1 October 2026. Sub-yen results are truncated.",Health Insurance Act art. 46; Employees' Pension Insurance Act art. 25; MHLW notice via JPS 2025 and 2026 schedules (https://www.nenkin.go.jp/service/kounen/hokenryo/hoshu/20150511.files/2026.pdf),https://www.nenkin.go.jp/service/kounen/hokenryo/hoshu/20150511.files/2026.pdf,2026-09-29,2025-12-01,,PARTIAL,"Seeded 2026-10-01 (Phase 2) in all 34 JP versions as reference_rows:IN_KIND_VALUE row 長野県: meals by month, day and meal to 2026-03-31 and from 2026-04-01, housing per tatami to 2026-09-30 and per m² from 2026-10-01. Not read by any calculation: the 標準報酬月額 is the recorded grade (statutory_contributions:HEALTH.elections.standard_monthly_remuneration), so the in-kind value enters the grade the employer decides and notifies (資格取得届, 算定基礎届, 月額変更届), which the product does not compute (JP-SI-03); no probe. Still open: the worksite/managed-branch and dispatch prefecture rule, a health-insurance society’s own values, the employee charge and mid-month occupancy.",reference_rows:IN_KIND_VALUE; reference_rows.code.長野県,,,
JP-INK21,JP,contribution,"岐阜県 social-insurance in-kind value per person: meals JPY23,100/month, 770/day (breakfast 190, lunch 270, dinner 310) to 31 March 2026, then JPY24,300/month, 810/day (200/280/330) from 1 April 2026; housing JPY1,230/tatami of living rooms through 30 September 2026, JPY540/m² of total floor area from 1 October 2026. Sub-yen results are truncated.",Health Insurance Act art. 46; Employees' Pension Insurance Act art. 25; MHLW notice via JPS 2025 and 2026 schedules (https://www.nenkin.go.jp/service/kounen/hokenryo/hoshu/20150511.files/2026.pdf),https://www.nenkin.go.jp/service/kounen/hokenryo/hoshu/20150511.files/2026.pdf,2026-09-29,2025-12-01,,PARTIAL,"Seeded 2026-10-01 (Phase 2) in all 34 JP versions as reference_rows:IN_KIND_VALUE row 岐阜県: meals by month, day and meal to 2026-03-31 and from 2026-04-01, housing per tatami to 2026-09-30 and per m² from 2026-10-01. Not read by any calculation: the 標準報酬月額 is the recorded grade (statutory_contributions:HEALTH.elections.standard_monthly_remuneration), so the in-kind value enters the grade the employer decides and notifies (資格取得届, 算定基礎届, 月額変更届), which the product does not compute (JP-SI-03); no probe. Still open: the worksite/managed-branch and dispatch prefecture rule, a health-insurance society’s own values, the employee charge and mid-month occupancy.",reference_rows:IN_KIND_VALUE; reference_rows.code.岐阜県,,,
JP-INK22,JP,contribution,"静岡県 social-insurance in-kind value per person: meals JPY23,100/month, 770/day (breakfast 190, lunch 270, dinner 310) to 31 March 2026, then JPY24,300/month, 810/day (200/280/330) from 1 April 2026; housing JPY1,460/tatami of living rooms through 30 September 2026, JPY650/m² of total floor area from 1 October 2026. Sub-yen results are truncated.",Health Insurance Act art. 46; Employees' Pension Insurance Act art. 25; MHLW notice via JPS 2025 and 2026 schedules (https://www.nenkin.go.jp/service/kounen/hokenryo/hoshu/20150511.files/2026.pdf),https://www.nenkin.go.jp/service/kounen/hokenryo/hoshu/20150511.files/2026.pdf,2026-09-29,2025-12-01,,PARTIAL,"Seeded 2026-10-01 (Phase 2) in all 34 JP versions as reference_rows:IN_KIND_VALUE row 静岡県: meals by month, day and meal to 2026-03-31 and from 2026-04-01, housing per tatami to 2026-09-30 and per m² from 2026-10-01. Not read by any calculation: the 標準報酬月額 is the recorded grade (statutory_contributions:HEALTH.elections.standard_monthly_remuneration), so the in-kind value enters the grade the employer decides and notifies (資格取得届, 算定基礎届, 月額変更届), which the product does not compute (JP-SI-03); no probe. Still open: the worksite/managed-branch and dispatch prefecture rule, a health-insurance society’s own values, the employee charge and mid-month occupancy.",reference_rows:IN_KIND_VALUE; reference_rows.code.静岡県,,,
JP-INK23,JP,contribution,"愛知県 social-insurance in-kind value per person: meals JPY23,400/month, 780/day (breakfast 200, lunch 270, dinner 310) to 31 March 2026, then JPY24,300/month, 810/day (200/280/330) from 1 April 2026; housing JPY1,560/tatami of living rooms through 30 September 2026, JPY710/m² of total floor area from 1 October 2026. Sub-yen results are truncated.",Health Insurance Act art. 46; Employees' Pension Insurance Act art. 25; MHLW notice via JPS 2025 and 2026 schedules (https://www.nenkin.go.jp/service/kounen/hokenryo/hoshu/20150511.files/2026.pdf),https://www.nenkin.go.jp/service/kounen/hokenryo/hoshu/20150511.files/2026.pdf,2026-09-29,2025-12-01,,PARTIAL,"Seeded 2026-10-01 (Phase 2) in all 34 JP versions as reference_rows:IN_KIND_VALUE row 愛知県: meals by month, day and meal to 2026-03-31 and from 2026-04-01, housing per tatami to 2026-09-30 and per m² from 2026-10-01. Not read by any calculation: the 標準報酬月額 is the recorded grade (statutory_contributions:HEALTH.elections.standard_monthly_remuneration), so the in-kind value enters the grade the employer decides and notifies (資格取得届, 算定基礎届, 月額変更届), which the product does not compute (JP-SI-03); no probe. Still open: the worksite/managed-branch and dispatch prefecture rule, a health-insurance society’s own values, the employee charge and mid-month occupancy.",reference_rows:IN_KIND_VALUE; reference_rows.code.愛知県,,,
JP-INK24,JP,contribution,"三重県 social-insurance in-kind value per person: meals JPY23,700/month, 790/day (breakfast 200, lunch 280, dinner 310) to 31 March 2026, then JPY24,900/month, 830/day (210/290/330) from 1 April 2026; housing JPY1,260/tatami of living rooms through 30 September 2026, JPY580/m² of total floor area from 1 October 2026. Sub-yen results are truncated.",Health Insurance Act art. 46; Employees' Pension Insurance Act art. 25; MHLW notice via JPS 2025 and 2026 schedules (https://www.nenkin.go.jp/service/kounen/hokenryo/hoshu/20150511.files/2026.pdf),https://www.nenkin.go.jp/service/kounen/hokenryo/hoshu/20150511.files/2026.pdf,2026-09-29,2025-12-01,,PARTIAL,"Seeded 2026-10-01 (Phase 2) in all 34 JP versions as reference_rows:IN_KIND_VALUE row 三重県: meals by month, day and meal to 2026-03-31 and from 2026-04-01, housing per tatami to 2026-09-30 and per m² from 2026-10-01. Not read by any calculation: the 標準報酬月額 is the recorded grade (statutory_contributions:HEALTH.elections.standard_monthly_remuneration), so the in-kind value enters the grade the employer decides and notifies (資格取得届, 算定基礎届, 月額変更届), which the product does not compute (JP-SI-03); no probe. Still open: the worksite/managed-branch and dispatch prefecture rule, a health-insurance society’s own values, the employee charge and mid-month occupancy.",reference_rows:IN_KIND_VALUE; reference_rows.code.三重県,,,
JP-INK25,JP,contribution,"滋賀県 social-insurance in-kind value per person: meals JPY23,700/month, 790/day (breakfast 200, lunch 280, dinner 310) to 31 March 2026, then JPY24,600/month, 820/day (210/290/320) from 1 April 2026; housing JPY1,410/tatami of living rooms through 30 September 2026, JPY640/m² of total floor area from 1 October 2026. Sub-yen results are truncated.",Health Insurance Act art. 46; Employees' Pension Insurance Act art. 25; MHLW notice via JPS 2025 and 2026 schedules (https://www.nenkin.go.jp/service/kounen/hokenryo/hoshu/20150511.files/2026.pdf),https://www.nenkin.go.jp/service/kounen/hokenryo/hoshu/20150511.files/2026.pdf,2026-09-29,2025-12-01,,PARTIAL,"Seeded 2026-10-01 (Phase 2) in all 34 JP versions as reference_rows:IN_KIND_VALUE row 滋賀県: meals by month, day and meal to 2026-03-31 and from 2026-04-01, housing per tatami to 2026-09-30 and per m² from 2026-10-01. Not read by any calculation: the 標準報酬月額 is the recorded grade (statutory_contributions:HEALTH.elections.standard_monthly_remuneration), so the in-kind value enters the grade the employer decides and notifies (資格取得届, 算定基礎届, 月額変更届), which the product does not compute (JP-SI-03); no probe. Still open: the worksite/managed-branch and dispatch prefecture rule, a health-insurance society’s own values, the employee charge and mid-month occupancy.",reference_rows:IN_KIND_VALUE; reference_rows.code.滋賀県,,,
JP-INK26,JP,contribution,"京都府 social-insurance in-kind value per person: meals JPY24,000/month, 800/day (breakfast 200, lunch 280, dinner 320) to 31 March 2026, then JPY25,200/month, 840/day (210/290/340) from 1 April 2026; housing JPY1.810/tatami of living rooms through 30 September 2026, JPY830/m² of total floor area from 1 October 2026. Sub-yen results are truncated.",Health Insurance Act art. 46; Employees' Pension Insurance Act art. 25; MHLW notice via JPS 2025 and 2026 schedules (https://www.nenkin.go.jp/service/kounen/hokenryo/hoshu/20150511.files/2026.pdf),https://www.nenkin.go.jp/service/kounen/hokenryo/hoshu/20150511.files/2026.pdf,2026-09-29,2025-12-01,,PARTIAL,"Seeded 2026-10-01 (Phase 2) in all 34 JP versions as reference_rows:IN_KIND_VALUE row 京都府: meals by month, day and meal to 2026-03-31 and from 2026-04-01, housing per tatami to 2026-09-30 and per m² from 2026-10-01. The JPS PDF prints 京都府’s through-September housing value as “1.810”; seeded as JPY1,810 (recorded reading: a thousands separator, as every other prefecture’s value lies between JPY1,000 and JPY2,700) — confirm with JPS. Not read by any calculation: the 標準報酬月額 is the recorded grade (statutory_contributions:HEALTH.elections.standard_monthly_remuneration), so the in-kind value enters the grade the employer decides and notifies (資格取得届, 算定基礎届, 月額変更届), which the product does not compute (JP-SI-03); no probe. Still open: the worksite/managed-branch and dispatch prefecture rule, a health-insurance society’s own values, the employee charge and mid-month occupancy.",reference_rows:IN_KIND_VALUE; reference_rows.code.京都府,,,
JP-INK27,JP,contribution,"大阪府 social-insurance in-kind value per person: meals JPY23,700/month, 790/day (breakfast 200, lunch 280, dinner 310) to 31 March 2026, then JPY24,600/month, 820/day (210/290/320) from 1 April 2026; housing JPY1,780/tatami of living rooms through 30 September 2026, JPY820/m² of total floor area from 1 October 2026. Sub-yen results are truncated.",Health Insurance Act art. 46; Employees' Pension Insurance Act art. 25; MHLW notice via JPS 2025 and 2026 schedules (https://www.nenkin.go.jp/service/kounen/hokenryo/hoshu/20150511.files/2026.pdf),https://www.nenkin.go.jp/service/kounen/hokenryo/hoshu/20150511.files/2026.pdf,2026-09-29,2025-12-01,,PARTIAL,"Seeded 2026-10-01 (Phase 2) in all 34 JP versions as reference_rows:IN_KIND_VALUE row 大阪府: meals by month, day and meal to 2026-03-31 and from 2026-04-01, housing per tatami to 2026-09-30 and per m² from 2026-10-01. Not read by any calculation: the 標準報酬月額 is the recorded grade (statutory_contributions:HEALTH.elections.standard_monthly_remuneration), so the in-kind value enters the grade the employer decides and notifies (資格取得届, 算定基礎届, 月額変更届), which the product does not compute (JP-SI-03); no probe. Still open: the worksite/managed-branch and dispatch prefecture rule, a health-insurance society’s own values, the employee charge and mid-month occupancy.",reference_rows:IN_KIND_VALUE; reference_rows.code.大阪府,,,
JP-INK28,JP,contribution,"兵庫県 social-insurance in-kind value per person: meals JPY23,700/month, 790/day (breakfast 200, lunch 280, dinner 310) to 31 March 2026, then JPY24,900/month, 830/day (210/290/330) from 1 April 2026; housing JPY1,580/tatami of living rooms through 30 September 2026, JPY730/m² of total floor area from 1 October 2026. Sub-yen results are truncated.",Health Insurance Act art. 46; Employees' Pension Insurance Act art. 25; MHLW notice via JPS 2025 and 2026 schedules (https://www.nenkin.go.jp/service/kounen/hokenryo/hoshu/20150511.files/2026.pdf),https://www.nenkin.go.jp/service/kounen/hokenryo/hoshu/20150511.files/2026.pdf,2026-09-29,2025-12-01,,PARTIAL,"Seeded 2026-10-01 (Phase 2) in all 34 JP versions as reference_rows:IN_KIND_VALUE row 兵庫県: meals by month, day and meal to 2026-03-31 and from 2026-04-01, housing per tatami to 2026-09-30 and per m² from 2026-10-01. Not read by any calculation: the 標準報酬月額 is the recorded grade (statutory_contributions:HEALTH.elections.standard_monthly_remuneration), so the in-kind value enters the grade the employer decides and notifies (資格取得届, 算定基礎届, 月額変更届), which the product does not compute (JP-SI-03); no probe. Still open: the worksite/managed-branch and dispatch prefecture rule, a health-insurance society’s own values, the employee charge and mid-month occupancy.",reference_rows:IN_KIND_VALUE; reference_rows.code.兵庫県,,,
JP-INK29,JP,contribution,"奈良県 social-insurance in-kind value per person: meals JPY23,100/month, 770/day (breakfast 190, lunch 270, dinner 310) to 31 March 2026, then JPY24,300/month, 810/day (200/280/330) from 1 April 2026; housing JPY1,310/tatami of living rooms through 30 September 2026, JPY580/m² of total floor area from 1 October 2026. Sub-yen results are truncated.",Health Insurance Act art. 46; Employees' Pension Insurance Act art. 25; MHLW notice via JPS 2025 and 2026 schedules (https://www.nenkin.go.jp/service/kounen/hokenryo/hoshu/20150511.files/2026.pdf),https://www.nenkin.go.jp/service/kounen/hokenryo/hoshu/20150511.files/2026.pdf,2026-09-29,2025-12-01,,PARTIAL,"Seeded 2026-10-01 (Phase 2) in all 34 JP versions as reference_rows:IN_KIND_VALUE row 奈良県: meals by month, day and meal to 2026-03-31 and from 2026-04-01, housing per tatami to 2026-09-30 and per m² from 2026-10-01. Not read by any calculation: the 標準報酬月額 is the recorded grade (statutory_contributions:HEALTH.elections.standard_monthly_remuneration), so the in-kind value enters the grade the employer decides and notifies (資格取得届, 算定基礎届, 月額変更届), which the product does not compute (JP-SI-03); no probe. Still open: the worksite/managed-branch and dispatch prefecture rule, a health-insurance society’s own values, the employee charge and mid-month occupancy.",reference_rows:IN_KIND_VALUE; reference_rows.code.奈良県,,,
JP-INK30,JP,contribution,"和歌山県 social-insurance in-kind value per person: meals JPY23,700/month, 790/day (breakfast 200, lunch 280, dinner 310) to 31 March 2026, then JPY24,600/month, 820/day (210/290/320) from 1 April 2026; housing JPY1,170/tatami of living rooms through 30 September 2026, JPY490/m² of total floor area from 1 October 2026. Sub-yen results are truncated.",Health Insurance Act art. 46; Employees' Pension Insurance Act art. 25; MHLW notice via JPS 2025 and 2026 schedules (https://www.nenkin.go.jp/service/kounen/hokenryo/hoshu/20150511.files/2026.pdf),https://www.nenkin.go.jp/service/kounen/hokenryo/hoshu/20150511.files/2026.pdf,2026-09-29,2025-12-01,,PARTIAL,"Seeded 2026-10-01 (Phase 2) in all 34 JP versions as reference_rows:IN_KIND_VALUE row 和歌山県: meals by month, day and meal to 2026-03-31 and from 2026-04-01, housing per tatami to 2026-09-30 and per m² from 2026-10-01. Not read by any calculation: the 標準報酬月額 is the recorded grade (statutory_contributions:HEALTH.elections.standard_monthly_remuneration), so the in-kind value enters the grade the employer decides and notifies (資格取得届, 算定基礎届, 月額変更届), which the product does not compute (JP-SI-03); no probe. Still open: the worksite/managed-branch and dispatch prefecture rule, a health-insurance society’s own values, the employee charge and mid-month occupancy.",reference_rows:IN_KIND_VALUE; reference_rows.code.和歌山県,,,
JP-INK31,JP,contribution,"鳥取県 social-insurance in-kind value per person: meals JPY24,300/month, 810/day (breakfast 200, lunch 280, dinner 330) to 31 March 2026, then JPY25,500/month, 850/day (210/300/340) from 1 April 2026; housing JPY1,190/tatami of living rooms through 30 September 2026, JPY500/m² of total floor area from 1 October 2026. Sub-yen results are truncated.",Health Insurance Act art. 46; Employees' Pension Insurance Act art. 25; MHLW notice via JPS 2025 and 2026 schedules (https://www.nenkin.go.jp/service/kounen/hokenryo/hoshu/20150511.files/2026.pdf),https://www.nenkin.go.jp/service/kounen/hokenryo/hoshu/20150511.files/2026.pdf,2026-09-29,2025-12-01,,PARTIAL,"Seeded 2026-10-01 (Phase 2) in all 34 JP versions as reference_rows:IN_KIND_VALUE row 鳥取県: meals by month, day and meal to 2026-03-31 and from 2026-04-01, housing per tatami to 2026-09-30 and per m² from 2026-10-01. Not read by any calculation: the 標準報酬月額 is the recorded grade (statutory_contributions:HEALTH.elections.standard_monthly_remuneration), so the in-kind value enters the grade the employer decides and notifies (資格取得届, 算定基礎届, 月額変更届), which the product does not compute (JP-SI-03); no probe. Still open: the worksite/managed-branch and dispatch prefecture rule, a health-insurance society’s own values, the employee charge and mid-month occupancy.",reference_rows:IN_KIND_VALUE; reference_rows.code.鳥取県,,,
JP-INK32,JP,contribution,"島根県 social-insurance in-kind value per person: meals JPY24,300/month, 810/day (breakfast 200, lunch 280, dinner 330) to 31 March 2026, then JPY25,500/month, 850/day (210/300/340) from 1 April 2026; housing JPY1,150/tatami of living rooms through 30 September 2026, JPY500/m² of total floor area from 1 October 2026. Sub-yen results are truncated.",Health Insurance Act art. 46; Employees' Pension Insurance Act art. 25; MHLW notice via JPS 2025 and 2026 schedules (https://www.nenkin.go.jp/service/kounen/hokenryo/hoshu/20150511.files/2026.pdf),https://www.nenkin.go.jp/service/kounen/hokenryo/hoshu/20150511.files/2026.pdf,2026-09-29,2025-12-01,,PARTIAL,"Seeded 2026-10-01 (Phase 2) in all 34 JP versions as reference_rows:IN_KIND_VALUE row 島根県: meals by month, day and meal to 2026-03-31 and from 2026-04-01, housing per tatami to 2026-09-30 and per m² from 2026-10-01. Not read by any calculation: the 標準報酬月額 is the recorded grade (statutory_contributions:HEALTH.elections.standard_monthly_remuneration), so the in-kind value enters the grade the employer decides and notifies (資格取得届, 算定基礎届, 月額変更届), which the product does not compute (JP-SI-03); no probe. Still open: the worksite/managed-branch and dispatch prefecture rule, a health-insurance society’s own values, the employee charge and mid-month occupancy.",reference_rows:IN_KIND_VALUE; reference_rows.code.島根県,,,
JP-INK33,JP,contribution,"岡山県 social-insurance in-kind value per person: meals JPY24,000/month, 800/day (breakfast 200, lunch 280, dinner 320) to 31 March 2026, then JPY24,900/month, 830/day (210/290/330) from 1 April 2026; housing JPY1,360/tatami of living rooms through 30 September 2026, JPY620/m² of total floor area from 1 October 2026. Sub-yen results are truncated.",Health Insurance Act art. 46; Employees' Pension Insurance Act art. 25; MHLW notice via JPS 2025 and 2026 schedules (https://www.nenkin.go.jp/service/kounen/hokenryo/hoshu/20150511.files/2026.pdf),https://www.nenkin.go.jp/service/kounen/hokenryo/hoshu/20150511.files/2026.pdf,2026-09-29,2025-12-01,,PARTIAL,"Seeded 2026-10-01 (Phase 2) in all 34 JP versions as reference_rows:IN_KIND_VALUE row 岡山県: meals by month, day and meal to 2026-03-31 and from 2026-04-01, housing per tatami to 2026-09-30 and per m² from 2026-10-01. Not read by any calculation: the 標準報酬月額 is the recorded grade (statutory_contributions:HEALTH.elections.standard_monthly_remuneration), so the in-kind value enters the grade the employer decides and notifies (資格取得届, 算定基礎届, 月額変更届), which the product does not compute (JP-SI-03); no probe. Still open: the worksite/managed-branch and dispatch prefecture rule, a health-insurance society’s own values, the employee charge and mid-month occupancy.",reference_rows:IN_KIND_VALUE; reference_rows.code.岡山県,,,
JP-INK34,JP,contribution,"広島県 social-insurance in-kind value per person: meals JPY24,000/month, 800/day (breakfast 200, lunch 280, dinner 320) to 31 March 2026, then JPY25,200/month, 840/day (210/290/340) from 1 April 2026; housing JPY1,410/tatami of living rooms through 30 September 2026, JPY670/m² of total floor area from 1 October 2026. Sub-yen results are truncated.",Health Insurance Act art. 46; Employees' Pension Insurance Act art. 25; MHLW notice via JPS 2025 and 2026 schedules (https://www.nenkin.go.jp/service/kounen/hokenryo/hoshu/20150511.files/2026.pdf),https://www.nenkin.go.jp/service/kounen/hokenryo/hoshu/20150511.files/2026.pdf,2026-09-29,2025-12-01,,PARTIAL,"Seeded 2026-10-01 (Phase 2) in all 34 JP versions as reference_rows:IN_KIND_VALUE row 広島県: meals by month, day and meal to 2026-03-31 and from 2026-04-01, housing per tatami to 2026-09-30 and per m² from 2026-10-01. Not read by any calculation: the 標準報酬月額 is the recorded grade (statutory_contributions:HEALTH.elections.standard_monthly_remuneration), so the in-kind value enters the grade the employer decides and notifies (資格取得届, 算定基礎届, 月額変更届), which the product does not compute (JP-SI-03); no probe. Still open: the worksite/managed-branch and dispatch prefecture rule, a health-insurance society’s own values, the employee charge and mid-month occupancy.",reference_rows:IN_KIND_VALUE; reference_rows.code.広島県,,,
JP-INK35,JP,contribution,"山口県 social-insurance in-kind value per person: meals JPY24,000/month, 800/day (breakfast 200, lunch 280, dinner 320) to 31 March 2026, then JPY25,200/month, 840/day (210/290/340) from 1 April 2026; housing JPY1,140/tatami of living rooms through 30 September 2026, JPY500/m² of total floor area from 1 October 2026. Sub-yen results are truncated.",Health Insurance Act art. 46; Employees' Pension Insurance Act art. 25; MHLW notice via JPS 2025 and 2026 schedules (https://www.nenkin.go.jp/service/kounen/hokenryo/hoshu/20150511.files/2026.pdf),https://www.nenkin.go.jp/service/kounen/hokenryo/hoshu/20150511.files/2026.pdf,2026-09-29,2025-12-01,,PARTIAL,"Seeded 2026-10-01 (Phase 2) in all 34 JP versions as reference_rows:IN_KIND_VALUE row 山口県: meals by month, day and meal to 2026-03-31 and from 2026-04-01, housing per tatami to 2026-09-30 and per m² from 2026-10-01. Not read by any calculation: the 標準報酬月額 is the recorded grade (statutory_contributions:HEALTH.elections.standard_monthly_remuneration), so the in-kind value enters the grade the employer decides and notifies (資格取得届, 算定基礎届, 月額変更届), which the product does not compute (JP-SI-03); no probe. Still open: the worksite/managed-branch and dispatch prefecture rule, a health-insurance society’s own values, the employee charge and mid-month occupancy.",reference_rows:IN_KIND_VALUE; reference_rows.code.山口県,,,
JP-INK36,JP,contribution,"徳島県 social-insurance in-kind value per person: meals JPY23,700/month, 790/day (breakfast 200, lunch 280, dinner 310) to 31 March 2026, then JPY24,900/month, 830/day (210/290/330) from 1 April 2026; housing JPY1,160/tatami of living rooms through 30 September 2026, JPY510/m² of total floor area from 1 October 2026. Sub-yen results are truncated.",Health Insurance Act art. 46; Employees' Pension Insurance Act art. 25; MHLW notice via JPS 2025 and 2026 schedules (https://www.nenkin.go.jp/service/kounen/hokenryo/hoshu/20150511.files/2026.pdf),https://www.nenkin.go.jp/service/kounen/hokenryo/hoshu/20150511.files/2026.pdf,2026-09-29,2025-12-01,,PARTIAL,"Seeded 2026-10-01 (Phase 2) in all 34 JP versions as reference_rows:IN_KIND_VALUE row 徳島県: meals by month, day and meal to 2026-03-31 and from 2026-04-01, housing per tatami to 2026-09-30 and per m² from 2026-10-01. Not read by any calculation: the 標準報酬月額 is the recorded grade (statutory_contributions:HEALTH.elections.standard_monthly_remuneration), so the in-kind value enters the grade the employer decides and notifies (資格取得届, 算定基礎届, 月額変更届), which the product does not compute (JP-SI-03); no probe. Still open: the worksite/managed-branch and dispatch prefecture rule, a health-insurance society’s own values, the employee charge and mid-month occupancy.",reference_rows:IN_KIND_VALUE; reference_rows.code.徳島県,,,
JP-INK37,JP,contribution,"香川県 social-insurance in-kind value per person: meals JPY23,700/month, 790/day (breakfast 200, lunch 280, dinner 310) to 31 March 2026, then JPY24,900/month, 830/day (210/290/330) from 1 April 2026; housing JPY1,210/tatami of living rooms through 30 September 2026, JPY550/m² of total floor area from 1 October 2026. Sub-yen results are truncated.",Health Insurance Act art. 46; Employees' Pension Insurance Act art. 25; MHLW notice via JPS 2025 and 2026 schedules (https://www.nenkin.go.jp/service/kounen/hokenryo/hoshu/20150511.files/2026.pdf),https://www.nenkin.go.jp/service/kounen/hokenryo/hoshu/20150511.files/2026.pdf,2026-09-29,2025-12-01,,PARTIAL,"Seeded 2026-10-01 (Phase 2) in all 34 JP versions as reference_rows:IN_KIND_VALUE row 香川県: meals by month, day and meal to 2026-03-31 and from 2026-04-01, housing per tatami to 2026-09-30 and per m² from 2026-10-01. Not read by any calculation: the 標準報酬月額 is the recorded grade (statutory_contributions:HEALTH.elections.standard_monthly_remuneration), so the in-kind value enters the grade the employer decides and notifies (資格取得届, 算定基礎届, 月額変更届), which the product does not compute (JP-SI-03); no probe. Still open: the worksite/managed-branch and dispatch prefecture rule, a health-insurance society’s own values, the employee charge and mid-month occupancy.",reference_rows:IN_KIND_VALUE; reference_rows.code.香川県,,,
JP-INK38,JP,contribution,"愛媛県 social-insurance in-kind value per person: meals JPY23,700/month, 790/day (breakfast 200, lunch 280, dinner 310) to 31 March 2026, then JPY24,900/month, 830/day (210/290/330) from 1 April 2026; housing JPY1,130/tatami of living rooms through 30 September 2026, JPY500/m² of total floor area from 1 October 2026. Sub-yen results are truncated.",Health Insurance Act art. 46; Employees' Pension Insurance Act art. 25; MHLW notice via JPS 2025 and 2026 schedules (https://www.nenkin.go.jp/service/kounen/hokenryo/hoshu/20150511.files/2026.pdf),https://www.nenkin.go.jp/service/kounen/hokenryo/hoshu/20150511.files/2026.pdf,2026-09-29,2025-12-01,,PARTIAL,"Seeded 2026-10-01 (Phase 2) in all 34 JP versions as reference_rows:IN_KIND_VALUE row 愛媛県: meals by month, day and meal to 2026-03-31 and from 2026-04-01, housing per tatami to 2026-09-30 and per m² from 2026-10-01. Not read by any calculation: the 標準報酬月額 is the recorded grade (statutory_contributions:HEALTH.elections.standard_monthly_remuneration), so the in-kind value enters the grade the employer decides and notifies (資格取得届, 算定基礎届, 月額変更届), which the product does not compute (JP-SI-03); no probe. Still open: the worksite/managed-branch and dispatch prefecture rule, a health-insurance society’s own values, the employee charge and mid-month occupancy.",reference_rows:IN_KIND_VALUE; reference_rows.code.愛媛県,,,
JP-INK39,JP,contribution,"高知県 social-insurance in-kind value per person: meals JPY24,000/month, 800/day (breakfast 200, lunch 280, dinner 320) to 31 March 2026, then JPY25,200/month, 840/day (210/290/340) from 1 April 2026; housing JPY1,130/tatami of living rooms through 30 September 2026, JPY490/m² of total floor area from 1 October 2026. Sub-yen results are truncated.",Health Insurance Act art. 46; Employees' Pension Insurance Act art. 25; MHLW notice via JPS 2025 and 2026 schedules (https://www.nenkin.go.jp/service/kounen/hokenryo/hoshu/20150511.files/2026.pdf),https://www.nenkin.go.jp/service/kounen/hokenryo/hoshu/20150511.files/2026.pdf,2026-09-29,2025-12-01,,PARTIAL,"Seeded 2026-10-01 (Phase 2) in all 34 JP versions as reference_rows:IN_KIND_VALUE row 高知県: meals by month, day and meal to 2026-03-31 and from 2026-04-01, housing per tatami to 2026-09-30 and per m² from 2026-10-01. Not read by any calculation: the 標準報酬月額 is the recorded grade (statutory_contributions:HEALTH.elections.standard_monthly_remuneration), so the in-kind value enters the grade the employer decides and notifies (資格取得届, 算定基礎届, 月額変更届), which the product does not compute (JP-SI-03); no probe. Still open: the worksite/managed-branch and dispatch prefecture rule, a health-insurance society’s own values, the employee charge and mid-month occupancy.",reference_rows:IN_KIND_VALUE; reference_rows.code.高知県,,,
JP-INK40,JP,contribution,"福岡県 social-insurance in-kind value per person: meals JPY23,400/month, 780/day (breakfast 200, lunch 270, dinner 310) to 31 March 2026, then JPY24,600/month, 820/day (210/290/320) from 1 April 2026; housing JPY1,430/tatami of living rooms through 30 September 2026, JPY670/m² of total floor area from 1 October 2026. Sub-yen results are truncated.",Health Insurance Act art. 46; Employees' Pension Insurance Act art. 25; MHLW notice via JPS 2025 and 2026 schedules (https://www.nenkin.go.jp/service/kounen/hokenryo/hoshu/20150511.files/2026.pdf),https://www.nenkin.go.jp/service/kounen/hokenryo/hoshu/20150511.files/2026.pdf,2026-09-29,2025-12-01,,PARTIAL,"Seeded 2026-10-01 (Phase 2) in all 34 JP versions as reference_rows:IN_KIND_VALUE row 福岡県: meals by month, day and meal to 2026-03-31 and from 2026-04-01, housing per tatami to 2026-09-30 and per m² from 2026-10-01. Not read by any calculation: the 標準報酬月額 is the recorded grade (statutory_contributions:HEALTH.elections.standard_monthly_remuneration), so the in-kind value enters the grade the employer decides and notifies (資格取得届, 算定基礎届, 月額変更届), which the product does not compute (JP-SI-03); no probe. Still open: the worksite/managed-branch and dispatch prefecture rule, a health-insurance society’s own values, the employee charge and mid-month occupancy.",reference_rows:IN_KIND_VALUE; reference_rows.code.福岡県,,,
JP-INK41,JP,contribution,"佐賀県 social-insurance in-kind value per person: meals JPY23,100/month, 770/day (breakfast 190, lunch 270, dinner 310) to 31 March 2026, then JPY24,300/month, 810/day (200/280/330) from 1 April 2026; housing JPY1,170/tatami of living rooms through 30 September 2026, JPY510/m² of total floor area from 1 October 2026. Sub-yen results are truncated.",Health Insurance Act art. 46; Employees' Pension Insurance Act art. 25; MHLW notice via JPS 2025 and 2026 schedules (https://www.nenkin.go.jp/service/kounen/hokenryo/hoshu/20150511.files/2026.pdf),https://www.nenkin.go.jp/service/kounen/hokenryo/hoshu/20150511.files/2026.pdf,2026-09-29,2025-12-01,,PARTIAL,"Seeded 2026-10-01 (Phase 2) in all 34 JP versions as reference_rows:IN_KIND_VALUE row 佐賀県: meals by month, day and meal to 2026-03-31 and from 2026-04-01, housing per tatami to 2026-09-30 and per m² from 2026-10-01. Not read by any calculation: the 標準報酬月額 is the recorded grade (statutory_contributions:HEALTH.elections.standard_monthly_remuneration), so the in-kind value enters the grade the employer decides and notifies (資格取得届, 算定基礎届, 月額変更届), which the product does not compute (JP-SI-03); no probe. Still open: the worksite/managed-branch and dispatch prefecture rule, a health-insurance society’s own values, the employee charge and mid-month occupancy.",reference_rows:IN_KIND_VALUE; reference_rows.code.佐賀県,,,
JP-INK42,JP,contribution,"長崎県 social-insurance in-kind value per person: meals JPY24,000/month, 800/day (breakfast 200, lunch 280, dinner 320) to 31 March 2026, then JPY24,900/month, 830/day (210/290/330) from 1 April 2026; housing JPY1,150/tatami of living rooms through 30 September 2026, JPY510/m² of total floor area from 1 October 2026. Sub-yen results are truncated.",Health Insurance Act art. 46; Employees' Pension Insurance Act art. 25; MHLW notice via JPS 2025 and 2026 schedules (https://www.nenkin.go.jp/service/kounen/hokenryo/hoshu/20150511.files/2026.pdf),https://www.nenkin.go.jp/service/kounen/hokenryo/hoshu/20150511.files/2026.pdf,2026-09-29,2025-12-01,,PARTIAL,"Seeded 2026-10-01 (Phase 2) in all 34 JP versions as reference_rows:IN_KIND_VALUE row 長崎県: meals by month, day and meal to 2026-03-31 and from 2026-04-01, housing per tatami to 2026-09-30 and per m² from 2026-10-01. Not read by any calculation: the 標準報酬月額 is the recorded grade (statutory_contributions:HEALTH.elections.standard_monthly_remuneration), so the in-kind value enters the grade the employer decides and notifies (資格取得届, 算定基礎届, 月額変更届), which the product does not compute (JP-SI-03); no probe. Still open: the worksite/managed-branch and dispatch prefecture rule, a health-insurance society’s own values, the employee charge and mid-month occupancy.",reference_rows:IN_KIND_VALUE; reference_rows.code.長崎県,,,
JP-INK43,JP,contribution,"熊本県 social-insurance in-kind value per person: meals JPY24,000/month, 800/day (breakfast 200, lunch 280, dinner 320) to 31 March 2026, then JPY25,200/month, 840/day (210/290/340) from 1 April 2026; housing JPY1,150/tatami of living rooms through 30 September 2026, JPY530/m² of total floor area from 1 October 2026. Sub-yen results are truncated.",Health Insurance Act art. 46; Employees' Pension Insurance Act art. 25; MHLW notice via JPS 2025 and 2026 schedules (https://www.nenkin.go.jp/service/kounen/hokenryo/hoshu/20150511.files/2026.pdf),https://www.nenkin.go.jp/service/kounen/hokenryo/hoshu/20150511.files/2026.pdf,2026-09-29,2025-12-01,,PARTIAL,"Seeded 2026-10-01 (Phase 2) in all 34 JP versions as reference_rows:IN_KIND_VALUE row 熊本県: meals by month, day and meal to 2026-03-31 and from 2026-04-01, housing per tatami to 2026-09-30 and per m² from 2026-10-01. Not read by any calculation: the 標準報酬月額 is the recorded grade (statutory_contributions:HEALTH.elections.standard_monthly_remuneration), so the in-kind value enters the grade the employer decides and notifies (資格取得届, 算定基礎届, 月額変更届), which the product does not compute (JP-SI-03); no probe. Still open: the worksite/managed-branch and dispatch prefecture rule, a health-insurance society’s own values, the employee charge and mid-month occupancy.",reference_rows:IN_KIND_VALUE; reference_rows.code.熊本県,,,
JP-INK44,JP,contribution,"大分県 social-insurance in-kind value per person: meals JPY23,400/month, 780/day (breakfast 200, lunch 270, dinner 310) to 31 March 2026, then JPY24,600/month, 820/day (210/290/320) from 1 April 2026; housing JPY1,170/tatami of living rooms through 30 September 2026, JPY530/m² of total floor area from 1 October 2026. Sub-yen results are truncated.",Health Insurance Act art. 46; Employees' Pension Insurance Act art. 25; MHLW notice via JPS 2025 and 2026 schedules (https://www.nenkin.go.jp/service/kounen/hokenryo/hoshu/20150511.files/2026.pdf),https://www.nenkin.go.jp/service/kounen/hokenryo/hoshu/20150511.files/2026.pdf,2026-09-29,2025-12-01,,PARTIAL,"Seeded 2026-10-01 (Phase 2) in all 34 JP versions as reference_rows:IN_KIND_VALUE row 大分県: meals by month, day and meal to 2026-03-31 and from 2026-04-01, housing per tatami to 2026-09-30 and per m² from 2026-10-01. Not read by any calculation: the 標準報酬月額 is the recorded grade (statutory_contributions:HEALTH.elections.standard_monthly_remuneration), so the in-kind value enters the grade the employer decides and notifies (資格取得届, 算定基礎届, 月額変更届), which the product does not compute (JP-SI-03); no probe. Still open: the worksite/managed-branch and dispatch prefecture rule, a health-insurance society’s own values, the employee charge and mid-month occupancy.",reference_rows:IN_KIND_VALUE; reference_rows.code.大分県,,,
JP-INK45,JP,contribution,"宮崎県 social-insurance in-kind value per person: meals JPY22,800/month, 760/day (breakfast 190, lunch 270, dinner 300) to 31 March 2026, then JPY24,300/month, 810/day (200/280/330) from 1 April 2026; housing JPY1,080/tatami of living rooms through 30 September 2026, JPY490/m² of total floor area from 1 October 2026. Sub-yen results are truncated.",Health Insurance Act art. 46; Employees' Pension Insurance Act art. 25; MHLW notice via JPS 2025 and 2026 schedules (https://www.nenkin.go.jp/service/kounen/hokenryo/hoshu/20150511.files/2026.pdf),https://www.nenkin.go.jp/service/kounen/hokenryo/hoshu/20150511.files/2026.pdf,2026-09-29,2025-12-01,,PARTIAL,"Seeded 2026-10-01 (Phase 2) in all 34 JP versions as reference_rows:IN_KIND_VALUE row 宮崎県: meals by month, day and meal to 2026-03-31 and from 2026-04-01, housing per tatami to 2026-09-30 and per m² from 2026-10-01. Not read by any calculation: the 標準報酬月額 is the recorded grade (statutory_contributions:HEALTH.elections.standard_monthly_remuneration), so the in-kind value enters the grade the employer decides and notifies (資格取得届, 算定基礎届, 月額変更届), which the product does not compute (JP-SI-03); no probe. Still open: the worksite/managed-branch and dispatch prefecture rule, a health-insurance society’s own values, the employee charge and mid-month occupancy.",reference_rows:IN_KIND_VALUE; reference_rows.code.宮崎県,,,
JP-INK46,JP,contribution,"鹿児島県 social-insurance in-kind value per person: meals JPY23,100/month, 770/day (breakfast 190, lunch 270, dinner 310) to 31 March 2026, then JPY24,300/month, 810/day (200/280/330) from 1 April 2026; housing JPY1,110/tatami of living rooms through 30 September 2026, JPY470/m² of total floor area from 1 October 2026. Sub-yen results are truncated.",Health Insurance Act art. 46; Employees' Pension Insurance Act art. 25; MHLW notice via JPS 2025 and 2026 schedules (https://www.nenkin.go.jp/service/kounen/hokenryo/hoshu/20150511.files/2026.pdf),https://www.nenkin.go.jp/service/kounen/hokenryo/hoshu/20150511.files/2026.pdf,2026-09-29,2025-12-01,,PARTIAL,"Seeded 2026-10-01 (Phase 2) in all 34 JP versions as reference_rows:IN_KIND_VALUE row 鹿児島県: meals by month, day and meal to 2026-03-31 and from 2026-04-01, housing per tatami to 2026-09-30 and per m² from 2026-10-01. Not read by any calculation: the 標準報酬月額 is the recorded grade (statutory_contributions:HEALTH.elections.standard_monthly_remuneration), so the in-kind value enters the grade the employer decides and notifies (資格取得届, 算定基礎届, 月額変更届), which the product does not compute (JP-SI-03); no probe. Still open: the worksite/managed-branch and dispatch prefecture rule, a health-insurance society’s own values, the employee charge and mid-month occupancy.",reference_rows:IN_KIND_VALUE; reference_rows.code.鹿児島県,,,
JP-INK47,JP,contribution,"沖縄県 social-insurance in-kind value per person: meals JPY25,200/month, 840/day (breakfast 210, lunch 290, dinner 340) to 31 March 2026, then JPY26,400/month, 880/day (220/310/350) from 1 April 2026; housing JPY1,290/tatami of living rooms through 30 September 2026, JPY620/m² of total floor area from 1 October 2026. Sub-yen results are truncated.",Health Insurance Act art. 46; Employees' Pension Insurance Act art. 25; MHLW notice via JPS 2025 and 2026 schedules (https://www.nenkin.go.jp/service/kounen/hokenryo/hoshu/20150511.files/2026.pdf),https://www.nenkin.go.jp/service/kounen/hokenryo/hoshu/20150511.files/2026.pdf,2026-09-29,2025-12-01,,PARTIAL,"Seeded 2026-10-01 (Phase 2) in all 34 JP versions as reference_rows:IN_KIND_VALUE row 沖縄県: meals by month, day and meal to 2026-03-31 and from 2026-04-01, housing per tatami to 2026-09-30 and per m² from 2026-10-01. Not read by any calculation: the 標準報酬月額 is the recorded grade (statutory_contributions:HEALTH.elections.standard_monthly_remuneration), so the in-kind value enters the grade the employer decides and notifies (資格取得届, 算定基礎届, 月額変更届), which the product does not compute (JP-SI-03); no probe. Still open: the worksite/managed-branch and dispatch prefecture rule, a health-insurance society’s own values, the employee charge and mid-month occupancy.",reference_rows:IN_KIND_VALUE; reference_rows.code.沖縄県,,,
JP-CC01,JP,leave,"Child-nursing leave reaches the end of elementary grade 3 and covers class closure and school entry/exit ceremonies; a written labour agreement can still exclude workers scheduled at most two days/week, but no longer those with under six months' service.",MHLW childcare reform (https://www.mhlw.go.jp/seisakunitsuite/bunya/koyou_roudou/koyoukintou/ryouritsu/ikuji/law-amendment/),https://www.mhlw.go.jp/seisakunitsuite/bunya/koyou_roudou/koyoukintou/ryouritsu/ikuji/law-amendment/,2026-09-29,2025-04-01,,PARTIAL,"Configured 2026-09-30 in CHILD_NURSING_LEAVE (JP-HR-22): grade-3 reach; the reasons (class closure, ceremonies) are the request’s own. The optional ≤2-days/week agreement exclusion is not configured (no exclusion applies). Probe JP-HR-22-1 registered 2026-09-30, not yet run.",leave_catalogue:CHILD_NURSING_LEAVE,JP — 労働基準法 §39 and 育児・介護休業法 leaves on every sealed version,JP-HR-22-1,
JP-CC02,JP,leave,A worker with a child below school-start age can request exemption from ordinary scheduled overtime; former child-under-three limit ended.,MHLW childcare reform (https://www.mhlw.go.jp/seisakunitsuite/bunya/koyou_roudou/koyoukintou/ryouritsu/ikuji/law-amendment/),https://www.mhlw.go.jp/seisakunitsuite/bunya/koyou_roudou/koyoukintou/ryouritsu/ikuji/law-amendment/,2026-09-29,2025-04-01,,GAP,"JP lineage not yet seeded. No JP scheduling or refusal mechanism verified. Closure case: Child date, request, work plan and protection; test child-age boundary and refused extra shift. (Register status 2026-09-29: No [IN-SYSTEM 2026-09-29].)",leave_types:JP_CHILDCARE_FAMILY.cc02,,,
JP-CC03,JP,filing,"Employer childcare-leave uptake publication now reaches employers with over 300 workers, using an allowed prior-fiscal-year male uptake ratio.",MHLW childcare reform (https://www.mhlw.go.jp/seisakunitsuite/bunya/koyou_roudou/koyoukintou/ryouritsu/ikuji/law-amendment/),https://www.mhlw.go.jp/seisakunitsuite/bunya/koyou_roudou/koyoukintou/ryouritsu/ikuji/law-amendment/,2026-09-29,2025-04-01,,EXTERNAL,"JP lineage not yet seeded. No employer report calculation or publication path. Closure case: Count 300/301, fiscal cohort, numerator/denominator, publication date and evidence. (Register status 2026-09-29: No [IN-SYSTEM 2026-09-29].)",obligations:JP_CC03,,,
JP-CC04,JP,other,"For a worker caring for a child aged three until school start, employer offers at least two of five flexible-work measures; worker may choose one and a majority union/representative is heard.",MHLW childcare reform (https://www.mhlw.go.jp/seisakunitsuite/bunya/koyou_roudou/koyoukintou/ryouritsu/ikuji/law-amendment/),https://www.mhlw.go.jp/seisakunitsuite/bunya/koyou_roudou/koyoukintou/ryouritsu/ikuji/law-amendment/,2026-09-29,2025-10-01,,GAP,"JP lineage not yet seeded. Site/worker selections and payroll effect are unmodelled for JP. Closure case: Site choices, worker election, dates, agreed pay/hours and consultation proof; test one versus two offers. (Register status 2026-09-29: No [IN-SYSTEM 2026-09-29].)",leave_types:JP_CHILDCARE_FAMILY.cc04,,,
JP-CC05,JP,other,"Before the third birthday, employer individually explains its flexible measures and checks the worker's intended use in the statutory window.",MHLW childcare reform (https://www.mhlw.go.jp/seisakunitsuite/bunya/koyou_roudou/koyoukintou/ryouritsu/ikuji/law-amendment/),https://www.mhlw.go.jp/seisakunitsuite/bunya/koyou_roudou/koyoukintou/ryouritsu/ikuji/law-amendment/,2026-09-29,2025-10-01,,GAP,"JP lineage not yet seeded. No dated communication evidence path. Closure case: Child age, notice/response channel, dated contents and offered measures; probe early/late notice. (Register status 2026-09-29: No [IN-SYSTEM 2026-09-29].)",leave_types:JP_CHILDCARE_FAMILY.cc05,,,
JP-CC06,JP,other,"At pregnancy/birth disclosure and again before the child's third birthday, employer individually elicits work/care preferences and considers them.",MHLW childcare reform (https://www.mhlw.go.jp/seisakunitsuite/bunya/koyou_roudou/koyoukintou/ryouritsu/ikuji/law-amendment/),https://www.mhlw.go.jp/seisakunitsuite/bunya/koyou_roudou/koyoukintou/ryouritsu/ikuji/law-amendment/,2026-09-29,2025-10-01,,GAP,"JP lineage not yet seeded. No HR preference and response workflow verified. Closure case: Event/window, documented hours/location/workload preferences and response; probe both triggers. (Register status 2026-09-29: No [IN-SYSTEM 2026-09-29].)",leave_types:JP_CHILDCARE_FAMILY.cc06,,,
JP-CC07,JP,filing,"When preparing/changing an action plan, employers with over 100 workers analyse male childcare-leave uptake and full-time overtime/holiday hours and set numeric goals.",MHLW Next Generation Act reform (https://www.mhlw.go.jp/seisakunitsuite/bunya/koyou_roudou/koyoukintou/ryouritsu/ikuji/law-amendment/),https://www.mhlw.go.jp/seisakunitsuite/bunya/koyou_roudou/koyoukintou/ryouritsu/ikuji/law-amendment/,2026-09-29,2025-04-01,,EXTERNAL,"JP lineage not yet seeded. No employer plan, hours metric or filing workflow. Closure case: Count 100/101, plan event, underlying leave/hour history, targets and filed/public plan. (Register status 2026-09-29: No [IN-SYSTEM 2026-09-29].)",obligations:JP_CC07,,,
JP-CC08,JP,other,A worker disclosing family-care need receives individual notice and intention check; employer also provides care-system information around the worker's 40th year.,MHLW family-care reform (https://www.mhlw.go.jp/seisakunitsuite/bunya/koyou_roudou/koyoukintou/ryouritsu/kaigo/law-amendment/),https://www.mhlw.go.jp/seisakunitsuite/bunya/koyou_roudou/koyoukintou/ryouritsu/kaigo/law-amendment/,2026-09-29,2025-04-01,,GAP,"JP lineage not yet seeded. No care-event/age notice evidence or refusal probe. Closure case: Care event, employee age, content/channel and response; probe birthday/fiscal-year information window and later care event. (Register status 2026-09-29: No [IN-SYSTEM 2026-09-29].)",leave_types:JP_CHILDCARE_FAMILY.cc08,,,
JP-CC09,JP,other,"Employer establishes at least one of the prescribed care-leave support environment measures, such as training, consultation, examples or policy notice.",MHLW family-care reform (https://www.mhlw.go.jp/seisakunitsuite/bunya/koyou_roudou/koyoukintou/ryouritsu/kaigo/law-amendment/),https://www.mhlw.go.jp/seisakunitsuite/bunya/koyou_roudou/koyoukintou/ryouritsu/kaigo/law-amendment/,2026-09-29,2025-04-01,,EXTERNAL,JP lineage not yet seeded. No employer measure record or compliance check. Closure case: Employer/site measure and dated evidence; probe no measure versus one evidenced measure. (Register status 2026-09-29: No [IN-SYSTEM 2026-09-29].),obligations:JP_CC09,,,
JP-CC10,JP,leave,A labour agreement cannot exclude a worker from care leave solely for having under six months' service; the at-most-two-days/week exclusion remains.,MHLW family-care reform (https://www.mhlw.go.jp/seisakunitsuite/bunya/koyou_roudou/koyoukintou/ryouritsu/kaigo/law-amendment/),https://www.mhlw.go.jp/seisakunitsuite/bunya/koyou_roudou/koyoukintou/ryouritsu/kaigo/law-amendment/,2026-09-29,2025-04-01,,TESTED,The leave golden grants FAMILY_CARE_LEAVE 93 and FAMILY_CARE_DAYS 5/10 on the hire day — no service condition. The optional ≤2-days/week agreement exclusion is an employer option; not excluding is the lawful recorded default (owner rule). JP-HR-21-1 is a long-service worker and does not prove the under-six-months branch.,leave_catalogue:FAMILY_CARE_LEAVE; leave_catalogue:FAMILY_CARE_DAYS,JP — 労働基準法 §39 and 育児・介護休業法 leaves on every sealed version,,
JP-RF01,JP,minimum_wage,"北海道 regional minimum wage (令和7年度): JPY1,075/hour for work performed 2025-10-04 to 2026-09-30, selected by work date and worksite.","Minimum Wage Act arts. 4, 9, 14; MHLW H14–R8 regional revision workbook (https://www.mhlw.go.jp/content/11200000/001753407.xlsx); live quick table (https://saiteichingin.mhlw.go.jp/table/page_list_nationallist.php)",https://www.mhlw.go.jp/content/11200000/001753407.xlsx,2026-09-30,2025-10-04,2026-09-30,VERIFIED,"JP-REGION-01-1 (passed 2026-10-01) pins the worksite floor JPY1,075 × 170 hours replacing a 150,000/2,040 h contract (最低賃金法 §4(2)), keyed by the worksite prefecture, not the head office. Cross-cutting open branches stay with JP-MW-01 (in-period split), JP-MW03 (dispatch) and JP-MW02 (excluded classes).",work_rules.wages.by_region.北海道,,JP-REGION-01-1,2026-10-01
JP-RF01-R8,JP,minimum_wage,"北海道 regional minimum wage (令和8年度): JPY1,131/hour for work performed from 2026-10-01.",Minimum Wage Act arts. 10–14; MHLW 令和8年度地域別最低賃金全国一覧 (https://www.mhlw.go.jp/content/11200000/001753404.pdf),https://jsite.mhlw.go.jp/hokkaido-roudoukyoku/minimum_wage.html,2026-09-30,2026-10-01,,VERIFIED,"JP-RF-R8-1 (passed 2026-10-01) pins the worksite floor JPY1,131 × 170 hours replacing a 150,000/2,040 h contract (最低賃金法 §4(2)), keyed by the worksite prefecture, not the head office. Cross-cutting open branches stay with JP-MW-01 (in-period split), JP-MW03 (dispatch) and JP-MW02 (excluded classes).",work_rules.wages.by_region.北海道,,JP-RF-R8-1,2026-10-01
JP-RF02,JP,minimum_wage,"青森県 regional minimum wage (令和7年度): JPY1,029/hour for work performed 2025-11-21 to 2026-10-28, selected by work date and worksite.","Minimum Wage Act arts. 4, 9, 14; MHLW H14–R8 regional revision workbook (https://www.mhlw.go.jp/content/11200000/001753407.xlsx); live quick table (https://saiteichingin.mhlw.go.jp/table/page_list_nationallist.php)",https://www.mhlw.go.jp/content/11200000/001753407.xlsx,2026-09-30,2025-11-21,2026-10-28,VERIFIED,"JP-REGION-02-1 (passed 2026-10-01) pins the worksite floor JPY1,029 × 170 hours replacing a 150,000/2,040 h contract (最低賃金法 §4(2)), keyed by the worksite prefecture, not the head office. Cross-cutting open branches stay with JP-MW-01 (in-period split), JP-MW03 (dispatch) and JP-MW02 (excluded classes).",work_rules.wages.by_region.青森県,,JP-REGION-02-1,2026-10-01
JP-RF02-R8,JP,minimum_wage,"青森県 regional minimum wage (令和8年度): JPY1,090/hour for work performed from 2026-10-29.",Minimum Wage Act arts. 10–14; MHLW 令和8年度地域別最低賃金全国一覧 (https://www.mhlw.go.jp/content/11200000/001753404.pdf),https://www.mhlw.go.jp/content/11200000/001753404.pdf,2026-09-30,2026-10-29,,AWAITING-LAW,"MHLW's 令和8年度 national list (re-read 2026-09-29) shows JPY1,090 as 答申された改定額 with 発効日 2026-10-29; MHLW's 3 September 2026 release says every successor was a council recommendation to be decided after objections. No issuer statement of the prefectural director's decision/官報公示 was confirmed for this prefecture. Minimum Wage Act art. 14(2) makes a decision effective 30 days after publication, so a 2026-10-29 start implies publication by 2026-09-29; confirm the Gazette before sealing. Sealed 2026-09-30 from 2026-10-29 as MHLW's quick table (saiteichingin.mhlw.go.jp/table/page_list_nationallist.php, read 2026-09-30) states it (令和8.10.29からは1,090円); the 官報 decision is still unconfirmed, so the row stays AWAITING-LAW — a different final determination is a new version, not an edit.",work_rules.wages.by_region.青森県,,,
JP-RF03,JP,minimum_wage,"岩手県 regional minimum wage (令和7年度): JPY1,031/hour for work performed 2025-12-01 to 2026-11-30, selected by work date and worksite.","Minimum Wage Act arts. 4, 9, 14; MHLW H14–R8 regional revision workbook (https://www.mhlw.go.jp/content/11200000/001753407.xlsx); live quick table (https://saiteichingin.mhlw.go.jp/table/page_list_nationallist.php)",https://www.mhlw.go.jp/content/11200000/001753407.xlsx,2026-09-30,2025-12-01,2026-11-30,VERIFIED,"JP-REGION-03-1 (passed 2026-10-01) pins the worksite floor JPY1,031 × 170 hours replacing a 150,000/2,040 h contract (最低賃金法 §4(2)), keyed by the worksite prefecture, not the head office. Cross-cutting open branches stay with JP-MW-01 (in-period split), JP-MW03 (dispatch) and JP-MW02 (excluded classes).",work_rules.wages.by_region.岩手県,,JP-REGION-03-1,2026-10-01
JP-RF03-R8,JP,minimum_wage,"岩手県 regional minimum wage (令和8年度): JPY1,090/hour for work performed from 2026-12-01.",Minimum Wage Act arts. 10–14; MHLW 令和8年度地域別最低賃金全国一覧 (https://www.mhlw.go.jp/content/11200000/001753404.pdf),https://www.mhlw.go.jp/content/11200000/001753404.pdf,2026-09-30,2026-12-01,,AWAITING-LAW,"MHLW's 令和8年度 national list (re-read 2026-09-29) shows JPY1,090 as 答申された改定額 with 発効日 2026-12-01; MHLW's 3 September 2026 release says every successor was a council recommendation to be decided after objections. No issuer statement of the prefectural director's decision/官報公示 was confirmed for this prefecture. Minimum Wage Act art. 14(2) makes a decision effective 30 days after publication, so a 2026-12-01 start implies publication by 2026-11-01; confirm the Gazette before sealing. Sealed 2026-09-30 from 2026-12-01 as MHLW's quick table (saiteichingin.mhlw.go.jp/table/page_list_nationallist.php, read 2026-09-30) states it (令和8.12.01からは1,090円); the 官報 decision is still unconfirmed, so the row stays AWAITING-LAW — a different final determination is a new version, not an edit.",work_rules.wages.by_region.岩手県,,,
JP-RF04,JP,minimum_wage,"宮城県 regional minimum wage (令和7年度): JPY1,038/hour for work performed 2025-10-04 to 2026-09-30, selected by work date and worksite.","Minimum Wage Act arts. 4, 9, 14; MHLW H14–R8 regional revision workbook (https://www.mhlw.go.jp/content/11200000/001753407.xlsx); live quick table (https://saiteichingin.mhlw.go.jp/table/page_list_nationallist.php)",https://www.mhlw.go.jp/content/11200000/001753407.xlsx,2026-09-30,2025-10-04,2026-09-30,VERIFIED,"JP-REGION-04-1 (passed 2026-10-01) pins the worksite floor JPY1,038 × 170 hours replacing a 150,000/2,040 h contract (最低賃金法 §4(2)), keyed by the worksite prefecture, not the head office. Cross-cutting open branches stay with JP-MW-01 (in-period split), JP-MW03 (dispatch) and JP-MW02 (excluded classes).",work_rules.wages.by_region.宮城県,,JP-REGION-04-1,2026-10-01
JP-RF04-R8,JP,minimum_wage,"宮城県 regional minimum wage (令和8年度): JPY1,098/hour for work performed from 2026-10-01.",Minimum Wage Act arts. 10–14; MHLW 令和8年度地域別最低賃金全国一覧 (https://www.mhlw.go.jp/content/11200000/001753404.pdf),https://jsite.mhlw.go.jp/miyagi-roudoukyoku/content/contents/002799063.pdf,2026-09-30,2026-10-01,,VERIFIED,"JP-RF-R8-1 (passed 2026-10-01) pins the worksite floor JPY1,098 × 170 hours replacing a 150,000/2,040 h contract (最低賃金法 §4(2)), keyed by the worksite prefecture, not the head office. Cross-cutting open branches stay with JP-MW-01 (in-period split), JP-MW03 (dispatch) and JP-MW02 (excluded classes).",work_rules.wages.by_region.宮城県,,JP-RF-R8-1,2026-10-01
JP-RF05,JP,minimum_wage,"秋田県 regional minimum wage (令和7年度): JPY1,031/hour for work performed 2026-03-31 to 2026-10-13, selected by work date and worksite.","Minimum Wage Act arts. 4, 9, 14; MHLW H14–R8 regional revision workbook (https://www.mhlw.go.jp/content/11200000/001753407.xlsx); live quick table (https://saiteichingin.mhlw.go.jp/table/page_list_nationallist.php)",https://www.mhlw.go.jp/content/11200000/001753407.xlsx,2026-09-30,2026-03-31,2026-10-13,VERIFIED,"JP-REGION-05-1 (passed 2026-10-01) pins the worksite floor JPY1,031 × 170 hours replacing a 150,000/2,040 h contract (最低賃金法 §4(2)), keyed by the worksite prefecture, not the head office. Cross-cutting open branches stay with JP-MW-01 (in-period split), JP-MW03 (dispatch) and JP-MW02 (excluded classes).",work_rules.wages.by_region.秋田県,,JP-REGION-05-1,2026-10-01
JP-RF05-R8,JP,minimum_wage,"秋田県 regional minimum wage (令和8年度): JPY1,090/hour for work performed from 2026-10-14.",Minimum Wage Act arts. 10–14; MHLW 令和8年度地域別最低賃金全国一覧 (https://www.mhlw.go.jp/content/11200000/001753404.pdf),https://www.mhlw.go.jp/content/11200000/001753404.pdf,2026-09-30,2026-10-14,,AWAITING-LAW,"MHLW's 令和8年度 national list (re-read 2026-09-29) shows JPY1,090 as 答申された改定額 with 発効日 2026-10-14; MHLW's 3 September 2026 release says every successor was a council recommendation to be decided after objections. No issuer statement of the prefectural director's decision/官報公示 was confirmed for this prefecture. Minimum Wage Act art. 14(2) makes a decision effective 30 days after publication, so a 2026-10-14 start implies publication by 2026-09-14; confirm the Gazette before sealing. Sealed 2026-09-30 from 2026-10-14 as MHLW's quick table (saiteichingin.mhlw.go.jp/table/page_list_nationallist.php, read 2026-09-30) states it (令和8.10.14からは1,090円); the 官報 decision is still unconfirmed, so the row stays AWAITING-LAW — a different final determination is a new version, not an edit.",work_rules.wages.by_region.秋田県,,,
JP-RF06,JP,minimum_wage,"山形県 regional minimum wage (令和7年度): JPY1,032/hour for work performed 2025-12-23 to 2026-10-29, selected by work date and worksite.","Minimum Wage Act arts. 4, 9, 14; MHLW H14–R8 regional revision workbook (https://www.mhlw.go.jp/content/11200000/001753407.xlsx); live quick table (https://saiteichingin.mhlw.go.jp/table/page_list_nationallist.php)",https://www.mhlw.go.jp/content/11200000/001753407.xlsx,2026-09-30,2025-12-23,2026-10-29,VERIFIED,"JP-REGION-06-1 (passed 2026-10-01) pins the worksite floor JPY1,032 × 170 hours replacing a 150,000/2,040 h contract (最低賃金法 §4(2)), keyed by the worksite prefecture, not the head office. Cross-cutting open branches stay with JP-MW-01 (in-period split), JP-MW03 (dispatch) and JP-MW02 (excluded classes).",work_rules.wages.by_region.山形県,,JP-REGION-06-1,2026-10-01
JP-RF06-R8,JP,minimum_wage,"山形県 regional minimum wage (令和8年度): JPY1,092/hour for work performed from 2026-10-30.",Minimum Wage Act arts. 10–14; MHLW 令和8年度地域別最低賃金全国一覧 (https://www.mhlw.go.jp/content/11200000/001753404.pdf),https://www.mhlw.go.jp/content/11200000/001753404.pdf,2026-09-30,2026-10-30,,AWAITING-LAW,"MHLW's 令和8年度 national list (re-read 2026-09-29) shows JPY1,092 as 答申された改定額 with 発効日 2026-10-30; MHLW's 3 September 2026 release says every successor was a council recommendation to be decided after objections. No issuer statement of the prefectural director's decision/官報公示 was confirmed for this prefecture. Minimum Wage Act art. 14(2) makes a decision effective 30 days after publication, so a 2026-10-30 start implies publication by 2026-09-30; confirm the Gazette before sealing. Sealed 2026-09-30 from 2026-10-30 as MHLW's quick table (saiteichingin.mhlw.go.jp/table/page_list_nationallist.php, read 2026-09-30) states it (令和8.10.30からは1,092円); the 官報 decision is still unconfirmed, so the row stays AWAITING-LAW — a different final determination is a new version, not an edit.",work_rules.wages.by_region.山形県,,,
JP-RF07,JP,minimum_wage,"福島県 regional minimum wage (令和7年度): JPY1,033/hour for work performed 2026-01-01 to 2026-10-15, selected by work date and worksite.","Minimum Wage Act arts. 4, 9, 14; MHLW H14–R8 regional revision workbook (https://www.mhlw.go.jp/content/11200000/001753407.xlsx); live quick table (https://saiteichingin.mhlw.go.jp/table/page_list_nationallist.php)",https://www.mhlw.go.jp/content/11200000/001753407.xlsx,2026-09-30,2026-01-01,2026-10-15,VERIFIED,"JP-REGION-07-1 (passed 2026-10-01) pins the worksite floor JPY1,033 × 170 hours replacing a 150,000/2,040 h contract (最低賃金法 §4(2)), keyed by the worksite prefecture, not the head office. Cross-cutting open branches stay with JP-MW-01 (in-period split), JP-MW03 (dispatch) and JP-MW02 (excluded classes).",work_rules.wages.by_region.福島県,,JP-REGION-07-1,2026-10-01
JP-RF07-R8,JP,minimum_wage,"福島県 regional minimum wage (令和8年度): JPY1,094/hour for work performed from 2026-10-16.",Minimum Wage Act arts. 10–14; MHLW 令和8年度地域別最低賃金全国一覧 (https://www.mhlw.go.jp/content/11200000/001753404.pdf),https://www.mhlw.go.jp/content/11200000/001753404.pdf,2026-09-30,2026-10-16,,AWAITING-LAW,"MHLW's 令和8年度 national list (re-read 2026-09-29) shows JPY1,094 as 答申された改定額 with 発効日 2026-10-16; MHLW's 3 September 2026 release says every successor was a council recommendation to be decided after objections. No issuer statement of the prefectural director's decision/官報公示 was confirmed for this prefecture. Minimum Wage Act art. 14(2) makes a decision effective 30 days after publication, so a 2026-10-16 start implies publication by 2026-09-16; confirm the Gazette before sealing. Sealed 2026-09-30 from 2026-10-16 as MHLW's quick table (saiteichingin.mhlw.go.jp/table/page_list_nationallist.php, read 2026-09-30) states it (令和8.10.16からは1,094円); the 官報 decision is still unconfirmed, so the row stays AWAITING-LAW — a different final determination is a new version, not an edit.",work_rules.wages.by_region.福島県,,,
JP-RF08,JP,minimum_wage,"東京都 regional minimum wage (令和7年度): JPY1,226/hour for work performed 2025-10-03 to 2026-09-30, selected by work date and worksite.","Minimum Wage Act arts. 4, 9, 14; MHLW H14–R8 regional revision workbook (https://www.mhlw.go.jp/content/11200000/001753407.xlsx); live quick table (https://saiteichingin.mhlw.go.jp/table/page_list_nationallist.php)",https://www.mhlw.go.jp/content/11200000/001753407.xlsx,2026-09-30,2025-10-03,2026-09-30,VERIFIED,"JP-MW-01-1; JP-REGION-13-1 (passed 2026-10-01) pins the worksite floor JPY1,226 × 170 hours replacing a 150,000/2,040 h contract (最低賃金法 §4(2)), keyed by the worksite prefecture, not the head office. Cross-cutting open branches stay with JP-MW-01 (in-period split), JP-MW03 (dispatch) and JP-MW02 (excluded classes).",work_rules.wages.by_region.東京都,,JP-MW-01-1; JP-REGION-13-1,2026-10-01
JP-RF08-R8,JP,minimum_wage,"東京都 regional minimum wage (令和8年度): JPY1,280/hour for work performed from 2026-10-01.",Minimum Wage Act arts. 10–14; MHLW 令和8年度地域別最低賃金全国一覧 (https://www.mhlw.go.jp/content/11200000/001753404.pdf),https://jsite.mhlw.go.jp/tokyo-hellowork/list/kiba/minimum-wage-information_2026.html,2026-09-30,2026-10-01,,VERIFIED,"JP-MW-01-2 (passed 2026-10-01) pins the worksite floor JPY1,280 × 170 hours replacing a 150,000/2,040 h contract (最低賃金法 §4(2)), keyed by the worksite prefecture, not the head office. Cross-cutting open branches stay with JP-MW-01 (in-period split), JP-MW03 (dispatch) and JP-MW02 (excluded classes).",work_rules.wages.by_region.東京都,,JP-MW-01-2,2026-10-01
JP-RF09,JP,minimum_wage,"茨城県 regional minimum wage (令和7年度): JPY1,074/hour for work performed 2025-10-12 to 2026-10-17, selected by work date and worksite.","Minimum Wage Act arts. 4, 9, 14; MHLW H14–R8 regional revision workbook (https://www.mhlw.go.jp/content/11200000/001753407.xlsx); live quick table (https://saiteichingin.mhlw.go.jp/table/page_list_nationallist.php)",https://www.mhlw.go.jp/content/11200000/001753407.xlsx,2026-09-30,2025-10-12,2026-10-17,VERIFIED,"JP-REGION-08-1 (passed 2026-10-01) pins the worksite floor JPY1,074 × 170 hours replacing a 150,000/2,040 h contract (最低賃金法 §4(2)), keyed by the worksite prefecture, not the head office. Cross-cutting open branches stay with JP-MW-01 (in-period split), JP-MW03 (dispatch) and JP-MW02 (excluded classes).",work_rules.wages.by_region.茨城県,,JP-REGION-08-1,2026-10-01
JP-RF09-R8,JP,minimum_wage,"茨城県 regional minimum wage (令和8年度): JPY1,136/hour for work performed from 2026-10-18.",Minimum Wage Act arts. 10–14; MHLW 令和8年度地域別最低賃金全国一覧 (https://www.mhlw.go.jp/content/11200000/001753404.pdf),https://www.mhlw.go.jp/content/11200000/001753404.pdf,2026-09-30,2026-10-18,,AWAITING-LAW,"MHLW's 令和8年度 national list (re-read 2026-09-29) shows JPY1,136 as 答申された改定額 with 発効日 2026-10-18; MHLW's 3 September 2026 release says every successor was a council recommendation to be decided after objections. No issuer statement of the prefectural director's decision/官報公示 was confirmed for this prefecture. Minimum Wage Act art. 14(2) makes a decision effective 30 days after publication, so a 2026-10-18 start implies publication by 2026-09-18; confirm the Gazette before sealing. Sealed 2026-09-30 from 2026-10-18 as MHLW's quick table (saiteichingin.mhlw.go.jp/table/page_list_nationallist.php, read 2026-09-30) states it (令和8.10.18からは1,136円); the 官報 decision is still unconfirmed, so the row stays AWAITING-LAW — a different final determination is a new version, not an edit.",work_rules.wages.by_region.茨城県,,,
JP-RF10,JP,minimum_wage,"栃木県 regional minimum wage (令和7年度): JPY1,068/hour for work performed 2025-10-01 to 2026-09-30, selected by work date and worksite.","Minimum Wage Act arts. 4, 9, 14; MHLW H14–R8 regional revision workbook (https://www.mhlw.go.jp/content/11200000/001753407.xlsx); live quick table (https://saiteichingin.mhlw.go.jp/table/page_list_nationallist.php)",https://www.mhlw.go.jp/content/11200000/001753407.xlsx,2026-09-30,2025-10-01,2026-09-30,VERIFIED,"JP-REGION-09-1 (passed 2026-10-01) pins the worksite floor JPY1,068 × 170 hours replacing a 150,000/2,040 h contract (最低賃金法 §4(2)), keyed by the worksite prefecture, not the head office. Cross-cutting open branches stay with JP-MW-01 (in-period split), JP-MW03 (dispatch) and JP-MW02 (excluded classes).",work_rules.wages.by_region.栃木県,,JP-REGION-09-1,2026-10-01
JP-RF10-R8,JP,minimum_wage,"栃木県 regional minimum wage (令和8年度): JPY1,125/hour for work performed from 2026-10-01.",Minimum Wage Act arts. 10–14; MHLW 令和8年度地域別最低賃金全国一覧 (https://www.mhlw.go.jp/content/11200000/001753404.pdf),https://www.mhlw.go.jp/content/11200000/001753404.pdf,2026-09-30,2026-10-01,,AWAITING-LAW,"MHLW's 令和8年度 national list (re-read 2026-09-29) shows JPY1,125 as 答申された改定額 with 発効日 2026-10-01; MHLW's 3 September 2026 release says every successor was a council recommendation to be decided after objections. No issuer statement of the prefectural director's decision/官報公示 was confirmed for this prefecture. Minimum Wage Act art. 14(2) makes a decision effective 30 days after publication, so a 2026-10-01 start implies publication by 2026-09-01; confirm the Gazette before sealing. Sealed 2026-09-30 from 2026-10-01 as MHLW's quick table (saiteichingin.mhlw.go.jp/table/page_list_nationallist.php, read 2026-09-30) states it (令和8.10.01からは1,125円); the 官報 decision is still unconfirmed, so the row stays AWAITING-LAW — a different final determination is a new version, not an edit.",work_rules.wages.by_region.栃木県,,,
JP-RF11,JP,minimum_wage,"群馬県 regional minimum wage (令和7年度): JPY1,063/hour for work performed 2026-03-01 to 2026-10-02, selected by work date and worksite.","Minimum Wage Act arts. 4, 9, 14; MHLW H14–R8 regional revision workbook (https://www.mhlw.go.jp/content/11200000/001753407.xlsx); live quick table (https://saiteichingin.mhlw.go.jp/table/page_list_nationallist.php)",https://www.mhlw.go.jp/content/11200000/001753407.xlsx,2026-09-30,2026-03-01,2026-10-02,VERIFIED,"JP-REGION-10-1 (passed 2026-10-01) pins the worksite floor JPY1,063 × 170 hours replacing a 150,000/2,040 h contract (最低賃金法 §4(2)), keyed by the worksite prefecture, not the head office. Cross-cutting open branches stay with JP-MW-01 (in-period split), JP-MW03 (dispatch) and JP-MW02 (excluded classes).",work_rules.wages.by_region.群馬県,,JP-REGION-10-1,2026-10-01
JP-RF11-R8,JP,minimum_wage,"群馬県 regional minimum wage (令和8年度): JPY1,120/hour for work performed from 2026-10-03.",Minimum Wage Act arts. 10–14; MHLW 令和8年度地域別最低賃金全国一覧 (https://www.mhlw.go.jp/content/11200000/001753404.pdf),https://www.mhlw.go.jp/content/11200000/001753404.pdf,2026-09-30,2026-10-03,,AWAITING-LAW,"MHLW's 令和8年度 national list (re-read 2026-09-29) shows JPY1,120 as 答申された改定額 with 発効日 2026-10-03; MHLW's 3 September 2026 release says every successor was a council recommendation to be decided after objections. No issuer statement of the prefectural director's decision/官報公示 was confirmed for this prefecture. Minimum Wage Act art. 14(2) makes a decision effective 30 days after publication, so a 2026-10-03 start implies publication by 2026-09-03; confirm the Gazette before sealing. Sealed 2026-09-30 from 2026-10-03 as MHLW's quick table (saiteichingin.mhlw.go.jp/table/page_list_nationallist.php, read 2026-09-30) states it (令和8.10.03からは1,120円); the 官報 decision is still unconfirmed, so the row stays AWAITING-LAW — a different final determination is a new version, not an edit.",work_rules.wages.by_region.群馬県,,,
JP-RF12,JP,minimum_wage,"埼玉県 regional minimum wage (令和7年度): JPY1,141/hour for work performed 2025-11-01 to 2026-09-30, selected by work date and worksite.","Minimum Wage Act arts. 4, 9, 14; MHLW H14–R8 regional revision workbook (https://www.mhlw.go.jp/content/11200000/001753407.xlsx); live quick table (https://saiteichingin.mhlw.go.jp/table/page_list_nationallist.php)",https://www.mhlw.go.jp/content/11200000/001753407.xlsx,2026-09-30,2025-11-01,2026-09-30,VERIFIED,"JP-REGION-11-1 (passed 2026-10-01) pins the worksite floor JPY1,141 × 170 hours replacing a 150,000/2,040 h contract (最低賃金法 §4(2)), keyed by the worksite prefecture, not the head office. Cross-cutting open branches stay with JP-MW-01 (in-period split), JP-MW03 (dispatch) and JP-MW02 (excluded classes).",work_rules.wages.by_region.埼玉県,,JP-REGION-11-1,2026-10-01
JP-RF12-R8,JP,minimum_wage,"埼玉県 regional minimum wage (令和8年度): JPY1,196/hour for work performed from 2026-10-01.",Minimum Wage Act arts. 10–14; MHLW 令和8年度地域別最低賃金全国一覧 (https://www.mhlw.go.jp/content/11200000/001753404.pdf),https://www.mhlw.go.jp/content/11200000/001753404.pdf,2026-09-30,2026-10-01,,AWAITING-LAW,"MHLW's 令和8年度 national list (re-read 2026-09-29) shows JPY1,196 as 答申された改定額 with 発効日 2026-10-01; MHLW's 3 September 2026 release says every successor was a council recommendation to be decided after objections. No issuer statement of the prefectural director's decision/官報公示 was confirmed for this prefecture. Minimum Wage Act art. 14(2) makes a decision effective 30 days after publication, so a 2026-10-01 start implies publication by 2026-09-01; confirm the Gazette before sealing. Sealed 2026-09-30 from 2026-10-01 as MHLW's quick table (saiteichingin.mhlw.go.jp/table/page_list_nationallist.php, read 2026-09-30) states it (令和8.10.01からは1,196円); the 官報 decision is still unconfirmed, so the row stays AWAITING-LAW — a different final determination is a new version, not an edit.",work_rules.wages.by_region.埼玉県,,,
JP-RF13,JP,minimum_wage,"千葉県 regional minimum wage (令和7年度): JPY1,140/hour for work performed 2025-10-03 to 2026-09-30, selected by work date and worksite.","Minimum Wage Act arts. 4, 9, 14; MHLW H14–R8 regional revision workbook (https://www.mhlw.go.jp/content/11200000/001753407.xlsx); live quick table (https://saiteichingin.mhlw.go.jp/table/page_list_nationallist.php)",https://www.mhlw.go.jp/content/11200000/001753407.xlsx,2026-09-30,2025-10-03,2026-09-30,VERIFIED,"JP-REGION-12-1 (passed 2026-10-01) pins the worksite floor JPY1,140 × 170 hours replacing a 150,000/2,040 h contract (最低賃金法 §4(2)), keyed by the worksite prefecture, not the head office. Cross-cutting open branches stay with JP-MW-01 (in-period split), JP-MW03 (dispatch) and JP-MW02 (excluded classes).",work_rules.wages.by_region.千葉県,,JP-REGION-12-1,2026-10-01
JP-RF13-R8,JP,minimum_wage,"千葉県 regional minimum wage (令和8年度): JPY1,195/hour for work performed from 2026-10-01.",Minimum Wage Act arts. 10–14; MHLW 令和8年度地域別最低賃金全国一覧 (https://www.mhlw.go.jp/content/11200000/001753404.pdf),https://www.mhlw.go.jp/content/11200000/001753404.pdf,2026-09-30,2026-10-01,,AWAITING-LAW,"MHLW's 令和8年度 national list (re-read 2026-09-29) shows JPY1,195 as 答申された改定額 with 発効日 2026-10-01; MHLW's 3 September 2026 release says every successor was a council recommendation to be decided after objections. No issuer statement of the prefectural director's decision/官報公示 was confirmed for this prefecture. Minimum Wage Act art. 14(2) makes a decision effective 30 days after publication, so a 2026-10-01 start implies publication by 2026-09-01; confirm the Gazette before sealing. Sealed 2026-09-30 from 2026-10-01 as MHLW's quick table (saiteichingin.mhlw.go.jp/table/page_list_nationallist.php, read 2026-09-30) states it (令和8.10.01からは1,195円); the 官報 decision is still unconfirmed, so the row stays AWAITING-LAW — a different final determination is a new version, not an edit.",work_rules.wages.by_region.千葉県,,,
JP-RF14,JP,minimum_wage,"神奈川県 regional minimum wage (令和7年度): JPY1,225/hour for work performed 2025-10-04 to 2026-09-30, selected by work date and worksite.","Minimum Wage Act arts. 4, 9, 14; MHLW H14–R8 regional revision workbook (https://www.mhlw.go.jp/content/11200000/001753407.xlsx); live quick table (https://saiteichingin.mhlw.go.jp/table/page_list_nationallist.php)",https://www.mhlw.go.jp/content/11200000/001753407.xlsx,2026-09-30,2025-10-04,2026-09-30,VERIFIED,"JP-REGION-14-1 (passed 2026-10-01) pins the worksite floor JPY1,225 × 170 hours replacing a 150,000/2,040 h contract (最低賃金法 §4(2)), keyed by the worksite prefecture, not the head office. Cross-cutting open branches stay with JP-MW-01 (in-period split), JP-MW03 (dispatch) and JP-MW02 (excluded classes).",work_rules.wages.by_region.神奈川県,,JP-REGION-14-1,2026-10-01
JP-RF14-R8,JP,minimum_wage,"神奈川県 regional minimum wage (令和8年度): JPY1,279/hour for work performed from 2026-10-01.",Minimum Wage Act arts. 10–14; MHLW 令和8年度地域別最低賃金全国一覧 (https://www.mhlw.go.jp/content/11200000/001753404.pdf),https://jsite.mhlw.go.jp/kanagawa-roudoukyoku/home/houdou/20260827_00001.html,2026-09-30,2026-10-01,,VERIFIED,"JP-RF-R8-1 (passed 2026-10-01) pins the worksite floor JPY1,279 × 170 hours replacing a 150,000/2,040 h contract (最低賃金法 §4(2)), keyed by the worksite prefecture, not the head office. Cross-cutting open branches stay with JP-MW-01 (in-period split), JP-MW03 (dispatch) and JP-MW02 (excluded classes).",work_rules.wages.by_region.神奈川県,,JP-RF-R8-1,2026-10-01
JP-RF15,JP,minimum_wage,"新潟県 regional minimum wage (令和7年度): JPY1,050/hour for work performed 2025-10-02 to 2026-09-30, selected by work date and worksite.","Minimum Wage Act arts. 4, 9, 14; MHLW H14–R8 regional revision workbook (https://www.mhlw.go.jp/content/11200000/001753407.xlsx); live quick table (https://saiteichingin.mhlw.go.jp/table/page_list_nationallist.php)",https://www.mhlw.go.jp/content/11200000/001753407.xlsx,2026-09-30,2025-10-02,2026-09-30,VERIFIED,"JP-REGION-15-1 (passed 2026-10-01) pins the worksite floor JPY1,050 × 170 hours replacing a 150,000/2,040 h contract (最低賃金法 §4(2)), keyed by the worksite prefecture, not the head office. Cross-cutting open branches stay with JP-MW-01 (in-period split), JP-MW03 (dispatch) and JP-MW02 (excluded classes).",work_rules.wages.by_region.新潟県,,JP-REGION-15-1,2026-10-01
JP-RF15-R8,JP,minimum_wage,"新潟県 regional minimum wage (令和8年度): JPY1,108/hour for work performed from 2026-10-01.",Minimum Wage Act arts. 10–14; MHLW 令和8年度地域別最低賃金全国一覧 (https://www.mhlw.go.jp/content/11200000/001753404.pdf),https://www.mhlw.go.jp/content/11200000/001753404.pdf,2026-09-30,2026-10-01,,AWAITING-LAW,"MHLW's 令和8年度 national list (re-read 2026-09-29) shows JPY1,108 as 答申された改定額 with 発効日 2026-10-01; MHLW's 3 September 2026 release says every successor was a council recommendation to be decided after objections. No issuer statement of the prefectural director's decision/官報公示 was confirmed for this prefecture. Minimum Wage Act art. 14(2) makes a decision effective 30 days after publication, so a 2026-10-01 start implies publication by 2026-09-01; confirm the Gazette before sealing. Sealed 2026-09-30 from 2026-10-01 as MHLW's quick table (saiteichingin.mhlw.go.jp/table/page_list_nationallist.php, read 2026-09-30) states it (令和8.10.01からは1,108円); the 官報 decision is still unconfirmed, so the row stays AWAITING-LAW — a different final determination is a new version, not an edit.",work_rules.wages.by_region.新潟県,,,
JP-RF16,JP,minimum_wage,"富山県 regional minimum wage (令和7年度): JPY1,062/hour for work performed 2025-10-12 to 2026-09-30, selected by work date and worksite.","Minimum Wage Act arts. 4, 9, 14; MHLW H14–R8 regional revision workbook (https://www.mhlw.go.jp/content/11200000/001753407.xlsx); live quick table (https://saiteichingin.mhlw.go.jp/table/page_list_nationallist.php)",https://www.mhlw.go.jp/content/11200000/001753407.xlsx,2026-09-30,2025-10-12,2026-09-30,VERIFIED,"JP-REGION-16-1 (passed 2026-10-01) pins the worksite floor JPY1,062 × 170 hours replacing a 150,000/2,040 h contract (最低賃金法 §4(2)), keyed by the worksite prefecture, not the head office. Cross-cutting open branches stay with JP-MW-01 (in-period split), JP-MW03 (dispatch) and JP-MW02 (excluded classes).",work_rules.wages.by_region.富山県,,JP-REGION-16-1,2026-10-01
JP-RF16-R8,JP,minimum_wage,"富山県 regional minimum wage (令和8年度): JPY1,119/hour for work performed from 2026-10-01.",Minimum Wage Act arts. 10–14; MHLW 令和8年度地域別最低賃金全国一覧 (https://www.mhlw.go.jp/content/11200000/001753404.pdf),https://www.mhlw.go.jp/content/11200000/001753404.pdf,2026-09-30,2026-10-01,,AWAITING-LAW,"MHLW's 令和8年度 national list (re-read 2026-09-29) shows JPY1,119 as 答申された改定額 with 発効日 2026-10-01; MHLW's 3 September 2026 release says every successor was a council recommendation to be decided after objections. No issuer statement of the prefectural director's decision/官報公示 was confirmed for this prefecture. Minimum Wage Act art. 14(2) makes a decision effective 30 days after publication, so a 2026-10-01 start implies publication by 2026-09-01; confirm the Gazette before sealing. Sealed 2026-09-30 from 2026-10-01 as MHLW's quick table (saiteichingin.mhlw.go.jp/table/page_list_nationallist.php, read 2026-09-30) states it (令和8.10.01からは1,119円); the 官報 decision is still unconfirmed, so the row stays AWAITING-LAW — a different final determination is a new version, not an edit.",work_rules.wages.by_region.富山県,,,
JP-RF17,JP,minimum_wage,"石川県 regional minimum wage (令和7年度): JPY1,054/hour for work performed 2025-10-08 to 2026-10-02, selected by work date and worksite.","Minimum Wage Act arts. 4, 9, 14; MHLW H14–R8 regional revision workbook (https://www.mhlw.go.jp/content/11200000/001753407.xlsx); live quick table (https://saiteichingin.mhlw.go.jp/table/page_list_nationallist.php)",https://www.mhlw.go.jp/content/11200000/001753407.xlsx,2026-09-30,2025-10-08,2026-10-02,VERIFIED,"JP-REGION-17-1 (passed 2026-10-01) pins the worksite floor JPY1,054 × 170 hours replacing a 150,000/2,040 h contract (最低賃金法 §4(2)), keyed by the worksite prefecture, not the head office. Cross-cutting open branches stay with JP-MW-01 (in-period split), JP-MW03 (dispatch) and JP-MW02 (excluded classes).",work_rules.wages.by_region.石川県,,JP-REGION-17-1,2026-10-01
JP-RF17-R8,JP,minimum_wage,"石川県 regional minimum wage (令和8年度): JPY1,113/hour for work performed from 2026-10-03.",Minimum Wage Act arts. 10–14; MHLW 令和8年度地域別最低賃金全国一覧 (https://www.mhlw.go.jp/content/11200000/001753404.pdf),https://www.mhlw.go.jp/content/11200000/001753404.pdf,2026-09-30,2026-10-03,,AWAITING-LAW,"MHLW's 令和8年度 national list (re-read 2026-09-29) shows JPY1,113 as 答申された改定額 with 発効日 2026-10-03; MHLW's 3 September 2026 release says every successor was a council recommendation to be decided after objections. No issuer statement of the prefectural director's decision/官報公示 was confirmed for this prefecture. Minimum Wage Act art. 14(2) makes a decision effective 30 days after publication, so a 2026-10-03 start implies publication by 2026-09-03; confirm the Gazette before sealing. Sealed 2026-09-30 from 2026-10-03 as MHLW's quick table (saiteichingin.mhlw.go.jp/table/page_list_nationallist.php, read 2026-09-30) states it (令和8.10.03からは1,113円); the 官報 decision is still unconfirmed, so the row stays AWAITING-LAW — a different final determination is a new version, not an edit.",work_rules.wages.by_region.石川県,,,
JP-RF18,JP,minimum_wage,"福井県 regional minimum wage (令和7年度): JPY1,053/hour for work performed 2025-10-08 to 2026-10-03, selected by work date and worksite.","Minimum Wage Act arts. 4, 9, 14; MHLW H14–R8 regional revision workbook (https://www.mhlw.go.jp/content/11200000/001753407.xlsx); live quick table (https://saiteichingin.mhlw.go.jp/table/page_list_nationallist.php)",https://www.mhlw.go.jp/content/11200000/001753407.xlsx,2026-09-30,2025-10-08,2026-10-03,VERIFIED,"JP-REGION-18-1 (passed 2026-10-01) pins the worksite floor JPY1,053 × 170 hours replacing a 150,000/2,040 h contract (最低賃金法 §4(2)), keyed by the worksite prefecture, not the head office. Cross-cutting open branches stay with JP-MW-01 (in-period split), JP-MW03 (dispatch) and JP-MW02 (excluded classes).",work_rules.wages.by_region.福井県,,JP-REGION-18-1,2026-10-01
JP-RF18-R8,JP,minimum_wage,"福井県 regional minimum wage (令和8年度): JPY1,112/hour for work performed from 2026-10-04.",Minimum Wage Act arts. 10–14; MHLW 令和8年度地域別最低賃金全国一覧 (https://www.mhlw.go.jp/content/11200000/001753404.pdf),https://www.mhlw.go.jp/content/11200000/001753404.pdf,2026-09-30,2026-10-04,,AWAITING-LAW,"MHLW's 令和8年度 national list (re-read 2026-09-29) shows JPY1,112 as 答申された改定額 with 発効日 2026-10-04; MHLW's 3 September 2026 release says every successor was a council recommendation to be decided after objections. No issuer statement of the prefectural director's decision/官報公示 was confirmed for this prefecture. Minimum Wage Act art. 14(2) makes a decision effective 30 days after publication, so a 2026-10-04 start implies publication by 2026-09-04; confirm the Gazette before sealing. Sealed 2026-09-30 from 2026-10-04 as MHLW's quick table (saiteichingin.mhlw.go.jp/table/page_list_nationallist.php, read 2026-09-30) states it (令和8.10.04からは1,112円); the 官報 decision is still unconfirmed, so the row stays AWAITING-LAW — a different final determination is a new version, not an edit.",work_rules.wages.by_region.福井県,,,
JP-RF19,JP,minimum_wage,"山梨県 regional minimum wage (令和7年度): JPY1,052/hour for work performed 2025-12-01 to 2026-10-31, selected by work date and worksite.","Minimum Wage Act arts. 4, 9, 14; MHLW H14–R8 regional revision workbook (https://www.mhlw.go.jp/content/11200000/001753407.xlsx); live quick table (https://saiteichingin.mhlw.go.jp/table/page_list_nationallist.php)",https://www.mhlw.go.jp/content/11200000/001753407.xlsx,2026-09-30,2025-12-01,2026-10-31,VERIFIED,"JP-REGION-19-1 (passed 2026-10-01) pins the worksite floor JPY1,052 × 170 hours replacing a 150,000/2,040 h contract (最低賃金法 §4(2)), keyed by the worksite prefecture, not the head office. Cross-cutting open branches stay with JP-MW-01 (in-period split), JP-MW03 (dispatch) and JP-MW02 (excluded classes).",work_rules.wages.by_region.山梨県,,JP-REGION-19-1,2026-10-01
JP-RF19-R8,JP,minimum_wage,"山梨県 regional minimum wage (令和8年度): JPY1,113/hour for work performed from 2026-11-01.",Minimum Wage Act arts. 10–14; MHLW 令和8年度地域別最低賃金全国一覧 (https://www.mhlw.go.jp/content/11200000/001753404.pdf),https://www.mhlw.go.jp/content/11200000/001753404.pdf,2026-09-30,2026-11-01,,AWAITING-LAW,"MHLW's 令和8年度 national list (re-read 2026-09-29) shows JPY1,113 as 答申された改定額 with 発効日 2026-11-01; MHLW's 3 September 2026 release says every successor was a council recommendation to be decided after objections. No issuer statement of the prefectural director's decision/官報公示 was confirmed for this prefecture. Minimum Wage Act art. 14(2) makes a decision effective 30 days after publication, so a 2026-11-01 start implies publication by 2026-10-02; confirm the Gazette before sealing. Sealed 2026-09-30 from 2026-11-01 as MHLW's quick table (saiteichingin.mhlw.go.jp/table/page_list_nationallist.php, read 2026-09-30) states it (令和8.11.01からは1,113円); the 官報 decision is still unconfirmed, so the row stays AWAITING-LAW — a different final determination is a new version, not an edit.",work_rules.wages.by_region.山梨県,,,
JP-RF20,JP,minimum_wage,"長野県 regional minimum wage (令和7年度): JPY1,061/hour for work performed 2025-10-03 to 2026-10-01, selected by work date and worksite.","Minimum Wage Act arts. 4, 9, 14; MHLW H14–R8 regional revision workbook (https://www.mhlw.go.jp/content/11200000/001753407.xlsx); live quick table (https://saiteichingin.mhlw.go.jp/table/page_list_nationallist.php)",https://www.mhlw.go.jp/content/11200000/001753407.xlsx,2026-09-30,2025-10-03,2026-10-01,VERIFIED,"JP-REGION-20-1 (passed 2026-10-01) pins the worksite floor JPY1,061 × 170 hours replacing a 150,000/2,040 h contract (最低賃金法 §4(2)), keyed by the worksite prefecture, not the head office. Cross-cutting open branches stay with JP-MW-01 (in-period split), JP-MW03 (dispatch) and JP-MW02 (excluded classes).",work_rules.wages.by_region.長野県,,JP-REGION-20-1,2026-10-01
JP-RF20-R8,JP,minimum_wage,"長野県 regional minimum wage (令和8年度): JPY1,117/hour for work performed from 2026-10-02.",Minimum Wage Act arts. 10–14; MHLW 令和8年度地域別最低賃金全国一覧 (https://www.mhlw.go.jp/content/11200000/001753404.pdf),https://www.mhlw.go.jp/content/11200000/001753404.pdf,2026-09-30,2026-10-02,,AWAITING-LAW,"MHLW's 令和8年度 national list (re-read 2026-09-29) shows JPY1,117 as 答申された改定額 with 発効日 2026-10-02; MHLW's 3 September 2026 release says every successor was a council recommendation to be decided after objections. No issuer statement of the prefectural director's decision/官報公示 was confirmed for this prefecture. Minimum Wage Act art. 14(2) makes a decision effective 30 days after publication, so a 2026-10-02 start implies publication by 2026-09-02; confirm the Gazette before sealing. Sealed 2026-09-30 from 2026-10-02 as MHLW's quick table (saiteichingin.mhlw.go.jp/table/page_list_nationallist.php, read 2026-09-30) states it (令和8.10.02からは1,117円); the 官報 decision is still unconfirmed, so the row stays AWAITING-LAW — a different final determination is a new version, not an edit.",work_rules.wages.by_region.長野県,,,
JP-RF21,JP,minimum_wage,"岐阜県 regional minimum wage (令和7年度): JPY1,065/hour for work performed 2025-10-18 to 2026-09-30, selected by work date and worksite.","Minimum Wage Act arts. 4, 9, 14; MHLW H14–R8 regional revision workbook (https://www.mhlw.go.jp/content/11200000/001753407.xlsx); live quick table (https://saiteichingin.mhlw.go.jp/table/page_list_nationallist.php)",https://www.mhlw.go.jp/content/11200000/001753407.xlsx,2026-09-30,2025-10-18,2026-09-30,VERIFIED,"JP-REGION-21-1 (passed 2026-10-01) pins the worksite floor JPY1,065 × 170 hours replacing a 150,000/2,040 h contract (最低賃金法 §4(2)), keyed by the worksite prefecture, not the head office. Cross-cutting open branches stay with JP-MW-01 (in-period split), JP-MW03 (dispatch) and JP-MW02 (excluded classes).",work_rules.wages.by_region.岐阜県,,JP-REGION-21-1,2026-10-01
JP-RF21-R8,JP,minimum_wage,"岐阜県 regional minimum wage (令和8年度): JPY1,121/hour for work performed from 2026-10-01.",Minimum Wage Act arts. 10–14; MHLW 令和8年度地域別最低賃金全国一覧 (https://www.mhlw.go.jp/content/11200000/001753404.pdf),https://www.mhlw.go.jp/content/11200000/001753404.pdf,2026-09-30,2026-10-01,,AWAITING-LAW,"MHLW's 令和8年度 national list (re-read 2026-09-29) shows JPY1,121 as 答申された改定額 with 発効日 2026-10-01; MHLW's 3 September 2026 release says every successor was a council recommendation to be decided after objections. No issuer statement of the prefectural director's decision/官報公示 was confirmed for this prefecture. Minimum Wage Act art. 14(2) makes a decision effective 30 days after publication, so a 2026-10-01 start implies publication by 2026-09-01; confirm the Gazette before sealing. Sealed 2026-09-30 from 2026-10-01 as MHLW's quick table (saiteichingin.mhlw.go.jp/table/page_list_nationallist.php, read 2026-09-30) states it (令和8.10.01からは1,121円); the 官報 decision is still unconfirmed, so the row stays AWAITING-LAW — a different final determination is a new version, not an edit.",work_rules.wages.by_region.岐阜県,,,
JP-RF22,JP,minimum_wage,"静岡県 regional minimum wage (令和7年度): JPY1,097/hour for work performed 2025-11-01 to 2026-10-14, selected by work date and worksite.","Minimum Wage Act arts. 4, 9, 14; MHLW H14–R8 regional revision workbook (https://www.mhlw.go.jp/content/11200000/001753407.xlsx); live quick table (https://saiteichingin.mhlw.go.jp/table/page_list_nationallist.php)",https://www.mhlw.go.jp/content/11200000/001753407.xlsx,2026-09-30,2025-11-01,2026-10-14,VERIFIED,"JP-REGION-22-1 (passed 2026-10-01) pins the worksite floor JPY1,097 × 170 hours replacing a 150,000/2,040 h contract (最低賃金法 §4(2)), keyed by the worksite prefecture, not the head office. Cross-cutting open branches stay with JP-MW-01 (in-period split), JP-MW03 (dispatch) and JP-MW02 (excluded classes).",work_rules.wages.by_region.静岡県,,JP-REGION-22-1,2026-10-01
JP-RF22-R8,JP,minimum_wage,"静岡県 regional minimum wage (令和8年度): JPY1,154/hour for work performed from 2026-10-15.",Minimum Wage Act arts. 10–14; MHLW 令和8年度地域別最低賃金全国一覧 (https://www.mhlw.go.jp/content/11200000/001753404.pdf),https://www.mhlw.go.jp/content/11200000/001753404.pdf,2026-09-30,2026-10-15,,AWAITING-LAW,"MHLW's 令和8年度 national list (re-read 2026-09-29) shows JPY1,154 as 答申された改定額 with 発効日 2026-10-15; MHLW's 3 September 2026 release says every successor was a council recommendation to be decided after objections. No issuer statement of the prefectural director's decision/官報公示 was confirmed for this prefecture. Minimum Wage Act art. 14(2) makes a decision effective 30 days after publication, so a 2026-10-15 start implies publication by 2026-09-15; confirm the Gazette before sealing. Sealed 2026-09-30 from 2026-10-15 as MHLW's quick table (saiteichingin.mhlw.go.jp/table/page_list_nationallist.php, read 2026-09-30) states it (令和8.10.15からは1,154円); the 官報 decision is still unconfirmed, so the row stays AWAITING-LAW — a different final determination is a new version, not an edit.",work_rules.wages.by_region.静岡県,,,
JP-RF23,JP,minimum_wage,"愛知県 regional minimum wage (令和7年度): JPY1,140/hour for work performed 2025-10-18 to 2026-09-30, selected by work date and worksite.","Minimum Wage Act arts. 4, 9, 14; MHLW H14–R8 regional revision workbook (https://www.mhlw.go.jp/content/11200000/001753407.xlsx); live quick table (https://saiteichingin.mhlw.go.jp/table/page_list_nationallist.php)",https://www.mhlw.go.jp/content/11200000/001753407.xlsx,2026-09-30,2025-10-18,2026-09-30,VERIFIED,"JP-REGION-23-1 (passed 2026-10-01) pins the worksite floor JPY1,140 × 170 hours replacing a 150,000/2,040 h contract (最低賃金法 §4(2)), keyed by the worksite prefecture, not the head office. Cross-cutting open branches stay with JP-MW-01 (in-period split), JP-MW03 (dispatch) and JP-MW02 (excluded classes).",work_rules.wages.by_region.愛知県,,JP-REGION-23-1,2026-10-01
JP-RF23-R8,JP,minimum_wage,"愛知県 regional minimum wage (令和8年度): JPY1,195/hour for work performed from 2026-10-01.",Minimum Wage Act arts. 10–14; MHLW 令和8年度地域別最低賃金全国一覧 (https://www.mhlw.go.jp/content/11200000/001753404.pdf),https://www.mhlw.go.jp/content/11200000/001753404.pdf,2026-09-30,2026-10-01,,AWAITING-LAW,"MHLW's 令和8年度 national list (re-read 2026-09-29) shows JPY1,195 as 答申された改定額 with 発効日 2026-10-01; MHLW's 3 September 2026 release says every successor was a council recommendation to be decided after objections. No issuer statement of the prefectural director's decision/官報公示 was confirmed for this prefecture. Minimum Wage Act art. 14(2) makes a decision effective 30 days after publication, so a 2026-10-01 start implies publication by 2026-09-01; confirm the Gazette before sealing. Sealed 2026-09-30 from 2026-10-01 as MHLW's quick table (saiteichingin.mhlw.go.jp/table/page_list_nationallist.php, read 2026-09-30) states it (令和8.10.01からは1,195円); the 官報 decision is still unconfirmed, so the row stays AWAITING-LAW — a different final determination is a new version, not an edit.",work_rules.wages.by_region.愛知県,,,
JP-RF24,JP,minimum_wage,"京都府 regional minimum wage (令和7年度): JPY1,122/hour for work performed 2025-11-21 to 2026-11-15, selected by work date and worksite.","Minimum Wage Act arts. 4, 9, 14; MHLW H14–R8 regional revision workbook (https://www.mhlw.go.jp/content/11200000/001753407.xlsx); live quick table (https://saiteichingin.mhlw.go.jp/table/page_list_nationallist.php)",https://www.mhlw.go.jp/content/11200000/001753407.xlsx,2026-09-30,2025-11-21,2026-11-15,VERIFIED,"JP-REGION-26-1 (passed 2026-10-01) pins the worksite floor JPY1,122 × 170 hours replacing a 150,000/2,040 h contract (最低賃金法 §4(2)), keyed by the worksite prefecture, not the head office. Cross-cutting open branches stay with JP-MW-01 (in-period split), JP-MW03 (dispatch) and JP-MW02 (excluded classes).",work_rules.wages.by_region.京都府,,JP-REGION-26-1,2026-10-01
JP-RF24-R8,JP,minimum_wage,"京都府 regional minimum wage (令和8年度): JPY1,180/hour for work performed from 2026-11-16.",Minimum Wage Act arts. 10–14; MHLW 令和8年度地域別最低賃金全国一覧 (https://www.mhlw.go.jp/content/11200000/001753404.pdf),https://jsite.mhlw.go.jp/kyoto-roudoukyoku/news_topics/houdou/_00281.html,2026-09-30,2026-11-16,,VERIFIED,"JP-RF24-R8-1 (passed 2026-10-01) pins the worksite floor JPY1,180 × 170 hours replacing a 150,000/2,040 h contract (最低賃金法 §4(2)), keyed by the worksite prefecture, not the head office. Cross-cutting open branches stay with JP-MW-01 (in-period split), JP-MW03 (dispatch) and JP-MW02 (excluded classes).",work_rules.wages.by_region.京都府,,JP-RF24-R8-1,2026-10-01
JP-RF25,JP,minimum_wage,"大阪府 regional minimum wage (令和7年度): JPY1,177/hour for work performed 2025-10-16 to 2026-09-30, selected by work date and worksite.","Minimum Wage Act arts. 4, 9, 14; MHLW H14–R8 regional revision workbook (https://www.mhlw.go.jp/content/11200000/001753407.xlsx); live quick table (https://saiteichingin.mhlw.go.jp/table/page_list_nationallist.php)",https://www.mhlw.go.jp/content/11200000/001753407.xlsx,2026-09-30,2025-10-16,2026-09-30,VERIFIED,"JP-REGION-27-1 (passed 2026-10-01) pins the worksite floor JPY1,177 × 170 hours replacing a 150,000/2,040 h contract (最低賃金法 §4(2)), keyed by the worksite prefecture, not the head office. Cross-cutting open branches stay with JP-MW-01 (in-period split), JP-MW03 (dispatch) and JP-MW02 (excluded classes).",work_rules.wages.by_region.大阪府,,JP-REGION-27-1,2026-10-01
JP-RF25-R8,JP,minimum_wage,"大阪府 regional minimum wage (令和8年度): JPY1,231/hour for work performed from 2026-10-01.",Minimum Wage Act arts. 10–14; MHLW 令和8年度地域別最低賃金全国一覧 (https://www.mhlw.go.jp/content/11200000/001753404.pdf),https://jsite.mhlw.go.jp/osaka-roudoukyoku/saichin2026kaisei.html,2026-09-30,2026-10-01,,VERIFIED,"JP-RF-R8-1 (passed 2026-10-01) pins the worksite floor JPY1,231 × 170 hours replacing a 150,000/2,040 h contract (最低賃金法 §4(2)), keyed by the worksite prefecture, not the head office. Cross-cutting open branches stay with JP-MW-01 (in-period split), JP-MW03 (dispatch) and JP-MW02 (excluded classes).",work_rules.wages.by_region.大阪府,,JP-RF-R8-1,2026-10-01
JP-RF26,JP,minimum_wage,"三重県 regional minimum wage (令和7年度): JPY1,087/hour for work performed 2025-11-21 to 2026-09-30, selected by work date and worksite.","Minimum Wage Act arts. 4, 9, 14; MHLW H14–R8 regional revision workbook (https://www.mhlw.go.jp/content/11200000/001753407.xlsx); live quick table (https://saiteichingin.mhlw.go.jp/table/page_list_nationallist.php)",https://www.mhlw.go.jp/content/11200000/001753407.xlsx,2026-09-30,2025-11-21,2026-09-30,VERIFIED,"JP-REGION-24-1 (passed 2026-10-01) pins the worksite floor JPY1,087 × 170 hours replacing a 150,000/2,040 h contract (最低賃金法 §4(2)), keyed by the worksite prefecture, not the head office. Cross-cutting open branches stay with JP-MW-01 (in-period split), JP-MW03 (dispatch) and JP-MW02 (excluded classes).",work_rules.wages.by_region.三重県,,JP-REGION-24-1,2026-10-01
JP-RF26-R8,JP,minimum_wage,"三重県 regional minimum wage (令和8年度): JPY1,143/hour for work performed from 2026-10-01.",Minimum Wage Act arts. 10–14; MHLW 令和8年度地域別最低賃金全国一覧 (https://www.mhlw.go.jp/content/11200000/001753404.pdf),https://www.mhlw.go.jp/content/11200000/001753404.pdf,2026-09-30,2026-10-01,,AWAITING-LAW,"MHLW's 令和8年度 national list (re-read 2026-09-29) shows JPY1,143 as 答申された改定額 with 発効日 2026-10-01; MHLW's 3 September 2026 release says every successor was a council recommendation to be decided after objections. No issuer statement of the prefectural director's decision/官報公示 was confirmed for this prefecture. Minimum Wage Act art. 14(2) makes a decision effective 30 days after publication, so a 2026-10-01 start implies publication by 2026-09-01; confirm the Gazette before sealing. Sealed 2026-09-30 from 2026-10-01 as MHLW's quick table (saiteichingin.mhlw.go.jp/table/page_list_nationallist.php, read 2026-09-30) states it (令和8.10.01からは1,143円); the 官報 decision is still unconfirmed, so the row stays AWAITING-LAW — a different final determination is a new version, not an edit.",work_rules.wages.by_region.三重県,,,
JP-RF27,JP,minimum_wage,"滋賀県 regional minimum wage (令和7年度): JPY1,080/hour for work performed 2025-10-05 to 2026-10-02, selected by work date and worksite.","Minimum Wage Act arts. 4, 9, 14; MHLW H14–R8 regional revision workbook (https://www.mhlw.go.jp/content/11200000/001753407.xlsx); live quick table (https://saiteichingin.mhlw.go.jp/table/page_list_nationallist.php)",https://www.mhlw.go.jp/content/11200000/001753407.xlsx,2026-09-30,2025-10-05,2026-10-02,VERIFIED,"JP-REGION-25-1 (passed 2026-10-01) pins the worksite floor JPY1,080 × 170 hours replacing a 150,000/2,040 h contract (最低賃金法 §4(2)), keyed by the worksite prefecture, not the head office. Cross-cutting open branches stay with JP-MW-01 (in-period split), JP-MW03 (dispatch) and JP-MW02 (excluded classes).",work_rules.wages.by_region.滋賀県,,JP-REGION-25-1,2026-10-01
JP-RF27-R8,JP,minimum_wage,"滋賀県 regional minimum wage (令和8年度): JPY1,136/hour for work performed from 2026-10-03.",Minimum Wage Act arts. 10–14; MHLW 令和8年度地域別最低賃金全国一覧 (https://www.mhlw.go.jp/content/11200000/001753404.pdf),https://www.mhlw.go.jp/content/11200000/001753404.pdf,2026-09-30,2026-10-03,,AWAITING-LAW,"MHLW's 令和8年度 national list (re-read 2026-09-29) shows JPY1,136 as 答申された改定額 with 発効日 2026-10-03; MHLW's 3 September 2026 release says every successor was a council recommendation to be decided after objections. No issuer statement of the prefectural director's decision/官報公示 was confirmed for this prefecture. Minimum Wage Act art. 14(2) makes a decision effective 30 days after publication, so a 2026-10-03 start implies publication by 2026-09-03; confirm the Gazette before sealing. Sealed 2026-09-30 from 2026-10-03 as MHLW's quick table (saiteichingin.mhlw.go.jp/table/page_list_nationallist.php, read 2026-09-30) states it (令和8.10.03からは1,136円); the 官報 decision is still unconfirmed, so the row stays AWAITING-LAW — a different final determination is a new version, not an edit.",work_rules.wages.by_region.滋賀県,,,
JP-RF28,JP,minimum_wage,"兵庫県 regional minimum wage (令和7年度): JPY1,116/hour for work performed 2025-10-04 to 2026-09-30, selected by work date and worksite.","Minimum Wage Act arts. 4, 9, 14; MHLW H14–R8 regional revision workbook (https://www.mhlw.go.jp/content/11200000/001753407.xlsx); live quick table (https://saiteichingin.mhlw.go.jp/table/page_list_nationallist.php)",https://www.mhlw.go.jp/content/11200000/001753407.xlsx,2026-09-30,2025-10-04,2026-09-30,VERIFIED,"JP-REGION-28-1 (passed 2026-10-01) pins the worksite floor JPY1,116 × 170 hours replacing a 150,000/2,040 h contract (最低賃金法 §4(2)), keyed by the worksite prefecture, not the head office. Cross-cutting open branches stay with JP-MW-01 (in-period split), JP-MW03 (dispatch) and JP-MW02 (excluded classes).",work_rules.wages.by_region.兵庫県,,JP-REGION-28-1,2026-10-01
JP-RF28-R8,JP,minimum_wage,"兵庫県 regional minimum wage (令和8年度): JPY1,172/hour for work performed from 2026-10-01.",Minimum Wage Act arts. 10–14; MHLW 令和8年度地域別最低賃金全国一覧 (https://www.mhlw.go.jp/content/11200000/001753404.pdf),https://www.mhlw.go.jp/content/11200000/001753404.pdf,2026-09-30,2026-10-01,,AWAITING-LAW,"MHLW's 令和8年度 national list (re-read 2026-09-29) shows JPY1,172 as 答申された改定額 with 発効日 2026-10-01; MHLW's 3 September 2026 release says every successor was a council recommendation to be decided after objections. No issuer statement of the prefectural director's decision/官報公示 was confirmed for this prefecture. Minimum Wage Act art. 14(2) makes a decision effective 30 days after publication, so a 2026-10-01 start implies publication by 2026-09-01; confirm the Gazette before sealing. Sealed 2026-09-30 from 2026-10-01 as MHLW's quick table (saiteichingin.mhlw.go.jp/table/page_list_nationallist.php, read 2026-09-30) states it (令和8.10.01からは1,172円); the 官報 decision is still unconfirmed, so the row stays AWAITING-LAW — a different final determination is a new version, not an edit.",work_rules.wages.by_region.兵庫県,,,
JP-RF29,JP,minimum_wage,"奈良県 regional minimum wage (令和7年度): JPY1,051/hour for work performed 2025-11-16 to 2026-10-03, selected by work date and worksite.","Minimum Wage Act arts. 4, 9, 14; MHLW H14–R8 regional revision workbook (https://www.mhlw.go.jp/content/11200000/001753407.xlsx); live quick table (https://saiteichingin.mhlw.go.jp/table/page_list_nationallist.php)",https://www.mhlw.go.jp/content/11200000/001753407.xlsx,2026-09-30,2025-11-16,2026-10-03,VERIFIED,"JP-REGION-29-1 (passed 2026-10-01) pins the worksite floor JPY1,051 × 170 hours replacing a 150,000/2,040 h contract (最低賃金法 §4(2)), keyed by the worksite prefecture, not the head office. Cross-cutting open branches stay with JP-MW-01 (in-period split), JP-MW03 (dispatch) and JP-MW02 (excluded classes).",work_rules.wages.by_region.奈良県,,JP-REGION-29-1,2026-10-01
JP-RF29-R8,JP,minimum_wage,"奈良県 regional minimum wage (令和8年度): JPY1,107/hour for work performed from 2026-10-04.",Minimum Wage Act arts. 10–14; MHLW 令和8年度地域別最低賃金全国一覧 (https://www.mhlw.go.jp/content/11200000/001753404.pdf),https://jsite.mhlw.go.jp/nara-roudoukyoku/newpage_01186.html,2026-09-30,2026-10-04,,VERIFIED,"JP-RF29-R8-1 (passed 2026-10-01) pins the worksite floor JPY1,107 × 170 hours replacing a 150,000/2,040 h contract (最低賃金法 §4(2)), keyed by the worksite prefecture, not the head office. Cross-cutting open branches stay with JP-MW-01 (in-period split), JP-MW03 (dispatch) and JP-MW02 (excluded classes).",work_rules.wages.by_region.奈良県,,JP-RF29-R8-1,2026-10-01
JP-RF30,JP,minimum_wage,"和歌山県 regional minimum wage (令和7年度): JPY1,045/hour for work performed 2025-11-01 to 2026-10-02, selected by work date and worksite.","Minimum Wage Act arts. 4, 9, 14; MHLW H14–R8 regional revision workbook (https://www.mhlw.go.jp/content/11200000/001753407.xlsx); live quick table (https://saiteichingin.mhlw.go.jp/table/page_list_nationallist.php)",https://www.mhlw.go.jp/content/11200000/001753407.xlsx,2026-09-30,2025-11-01,2026-10-02,VERIFIED,"JP-REGION-30-1 (passed 2026-10-01) pins the worksite floor JPY1,045 × 170 hours replacing a 150,000/2,040 h contract (最低賃金法 §4(2)), keyed by the worksite prefecture, not the head office. Cross-cutting open branches stay with JP-MW-01 (in-period split), JP-MW03 (dispatch) and JP-MW02 (excluded classes).",work_rules.wages.by_region.和歌山県,,JP-REGION-30-1,2026-10-01
JP-RF30-R8,JP,minimum_wage,"和歌山県 regional minimum wage (令和8年度): JPY1,101/hour for work performed from 2026-10-03.",Minimum Wage Act arts. 10–14; MHLW 令和8年度地域別最低賃金全国一覧 (https://www.mhlw.go.jp/content/11200000/001753404.pdf),https://www.mhlw.go.jp/content/11200000/001753404.pdf,2026-09-30,2026-10-03,,AWAITING-LAW,"MHLW's 令和8年度 national list (re-read 2026-09-29) shows JPY1,101 as 答申された改定額 with 発効日 2026-10-03; MHLW's 3 September 2026 release says every successor was a council recommendation to be decided after objections. No issuer statement of the prefectural director's decision/官報公示 was confirmed for this prefecture. Minimum Wage Act art. 14(2) makes a decision effective 30 days after publication, so a 2026-10-03 start implies publication by 2026-09-03; confirm the Gazette before sealing. Sealed 2026-09-30 from 2026-10-03 as MHLW's quick table (saiteichingin.mhlw.go.jp/table/page_list_nationallist.php, read 2026-09-30) states it (令和8.10.03からは1,101円); the 官報 decision is still unconfirmed, so the row stays AWAITING-LAW — a different final determination is a new version, not an edit.",work_rules.wages.by_region.和歌山県,,,
JP-RF31,JP,minimum_wage,"鳥取県 regional minimum wage (令和7年度): JPY1,030/hour for work performed 2025-10-04 to 2026-10-02, selected by work date and worksite.","Minimum Wage Act arts. 4, 9, 14; MHLW H14–R8 regional revision workbook (https://www.mhlw.go.jp/content/11200000/001753407.xlsx); live quick table (https://saiteichingin.mhlw.go.jp/table/page_list_nationallist.php)",https://www.mhlw.go.jp/content/11200000/001753407.xlsx,2026-09-30,2025-10-04,2026-10-02,VERIFIED,"JP-REGION-31-1 (passed 2026-10-01) pins the worksite floor JPY1,030 × 170 hours replacing a 150,000/2,040 h contract (最低賃金法 §4(2)), keyed by the worksite prefecture, not the head office. Cross-cutting open branches stay with JP-MW-01 (in-period split), JP-MW03 (dispatch) and JP-MW02 (excluded classes).",work_rules.wages.by_region.鳥取県,,JP-REGION-31-1,2026-10-01
JP-RF31-R8,JP,minimum_wage,"鳥取県 regional minimum wage (令和8年度): JPY1,090/hour for work performed from 2026-10-03.",Minimum Wage Act arts. 10–14; MHLW 令和8年度地域別最低賃金全国一覧 (https://www.mhlw.go.jp/content/11200000/001753404.pdf),https://www.mhlw.go.jp/content/11200000/001753404.pdf,2026-09-30,2026-10-03,,AWAITING-LAW,"MHLW's 令和8年度 national list (re-read 2026-09-29) shows JPY1,090 as 答申された改定額 with 発効日 2026-10-03; MHLW's 3 September 2026 release says every successor was a council recommendation to be decided after objections. No issuer statement of the prefectural director's decision/官報公示 was confirmed for this prefecture. Minimum Wage Act art. 14(2) makes a decision effective 30 days after publication, so a 2026-10-03 start implies publication by 2026-09-03; confirm the Gazette before sealing. Sealed 2026-09-30 from 2026-10-03 as MHLW's quick table (saiteichingin.mhlw.go.jp/table/page_list_nationallist.php, read 2026-09-30) states it (令和8.10.03からは1,090円); the 官報 decision is still unconfirmed, so the row stays AWAITING-LAW — a different final determination is a new version, not an edit.",work_rules.wages.by_region.鳥取県,,,
JP-RF32,JP,minimum_wage,"島根県 regional minimum wage (令和7年度): JPY1,033/hour for work performed 2025-11-17 to 2026-10-09, selected by work date and worksite.","Minimum Wage Act arts. 4, 9, 14; MHLW H14–R8 regional revision workbook (https://www.mhlw.go.jp/content/11200000/001753407.xlsx); live quick table (https://saiteichingin.mhlw.go.jp/table/page_list_nationallist.php)",https://www.mhlw.go.jp/content/11200000/001753407.xlsx,2026-09-30,2025-11-17,2026-10-09,VERIFIED,"JP-REGION-32-1 (passed 2026-10-01) pins the worksite floor JPY1,033 × 170 hours replacing a 150,000/2,040 h contract (最低賃金法 §4(2)), keyed by the worksite prefecture, not the head office. Cross-cutting open branches stay with JP-MW-01 (in-period split), JP-MW03 (dispatch) and JP-MW02 (excluded classes).",work_rules.wages.by_region.島根県,,JP-REGION-32-1,2026-10-01
JP-RF32-R8,JP,minimum_wage,"島根県 regional minimum wage (令和8年度): JPY1,092/hour for work performed from 2026-10-10.",Minimum Wage Act arts. 10–14; MHLW 令和8年度地域別最低賃金全国一覧 (https://www.mhlw.go.jp/content/11200000/001753404.pdf),https://www.mhlw.go.jp/content/11200000/001753404.pdf,2026-09-30,2026-10-10,,AWAITING-LAW,"MHLW's 令和8年度 national list (re-read 2026-09-29) shows JPY1,092 as 答申された改定額 with 発効日 2026-10-10; MHLW's 3 September 2026 release says every successor was a council recommendation to be decided after objections. No issuer statement of the prefectural director's decision/官報公示 was confirmed for this prefecture. Minimum Wage Act art. 14(2) makes a decision effective 30 days after publication, so a 2026-10-10 start implies publication by 2026-09-10; confirm the Gazette before sealing. Sealed 2026-09-30 from 2026-10-10 as MHLW's quick table (saiteichingin.mhlw.go.jp/table/page_list_nationallist.php, read 2026-09-30) states it (令和8.10.10からは1,092円); the 官報 decision is still unconfirmed, so the row stays AWAITING-LAW — a different final determination is a new version, not an edit.",work_rules.wages.by_region.島根県,,,
JP-RF33,JP,minimum_wage,"岡山県 regional minimum wage (令和7年度): JPY1,047/hour for work performed 2025-12-01 to 2026-10-01, selected by work date and worksite.","Minimum Wage Act arts. 4, 9, 14; MHLW H14–R8 regional revision workbook (https://www.mhlw.go.jp/content/11200000/001753407.xlsx); live quick table (https://saiteichingin.mhlw.go.jp/table/page_list_nationallist.php)",https://www.mhlw.go.jp/content/11200000/001753407.xlsx,2026-09-30,2025-12-01,2026-10-01,VERIFIED,"JP-REGION-33-1 (passed 2026-10-01) pins the worksite floor JPY1,047 × 170 hours replacing a 150,000/2,040 h contract (最低賃金法 §4(2)), keyed by the worksite prefecture, not the head office. Cross-cutting open branches stay with JP-MW-01 (in-period split), JP-MW03 (dispatch) and JP-MW02 (excluded classes).",work_rules.wages.by_region.岡山県,,JP-REGION-33-1,2026-10-01
JP-RF33-R8,JP,minimum_wage,"岡山県 regional minimum wage (令和8年度): JPY1,104/hour for work performed from 2026-10-02.",Minimum Wage Act arts. 10–14; MHLW 令和8年度地域別最低賃金全国一覧 (https://www.mhlw.go.jp/content/11200000/001753404.pdf),https://www.mhlw.go.jp/content/11200000/001753404.pdf,2026-09-30,2026-10-02,,AWAITING-LAW,"MHLW's 令和8年度 national list (re-read 2026-09-29) shows JPY1,104 as 答申された改定額 with 発効日 2026-10-02; MHLW's 3 September 2026 release says every successor was a council recommendation to be decided after objections. No issuer statement of the prefectural director's decision/官報公示 was confirmed for this prefecture. Minimum Wage Act art. 14(2) makes a decision effective 30 days after publication, so a 2026-10-02 start implies publication by 2026-09-02; confirm the Gazette before sealing. Sealed 2026-09-30 from 2026-10-02 as MHLW's quick table (saiteichingin.mhlw.go.jp/table/page_list_nationallist.php, read 2026-09-30) states it (令和8.10.02からは1,104円); the 官報 decision is still unconfirmed, so the row stays AWAITING-LAW — a different final determination is a new version, not an edit.",work_rules.wages.by_region.岡山県,,,
JP-RF34,JP,minimum_wage,"広島県 regional minimum wage (令和7年度): JPY1,085/hour for work performed 2025-11-01 to 2026-10-10, selected by work date and worksite.","Minimum Wage Act arts. 4, 9, 14; MHLW H14–R8 regional revision workbook (https://www.mhlw.go.jp/content/11200000/001753407.xlsx); live quick table (https://saiteichingin.mhlw.go.jp/table/page_list_nationallist.php)",https://www.mhlw.go.jp/content/11200000/001753407.xlsx,2026-09-30,2025-11-01,2026-10-10,VERIFIED,"JP-REGION-34-1 (passed 2026-10-01) pins the worksite floor JPY1,085 × 170 hours replacing a 150,000/2,040 h contract (最低賃金法 §4(2)), keyed by the worksite prefecture, not the head office. Cross-cutting open branches stay with JP-MW-01 (in-period split), JP-MW03 (dispatch) and JP-MW02 (excluded classes).",work_rules.wages.by_region.広島県,,JP-REGION-34-1,2026-10-01
JP-RF34-R8,JP,minimum_wage,"広島県 regional minimum wage (令和8年度): JPY1,141/hour for work performed from 2026-10-11.",Minimum Wage Act arts. 10–14; MHLW 令和8年度地域別最低賃金全国一覧 (https://www.mhlw.go.jp/content/11200000/001753404.pdf),https://www.mhlw.go.jp/content/11200000/001753404.pdf,2026-09-30,2026-10-11,,AWAITING-LAW,"MHLW's 令和8年度 national list (re-read 2026-09-29) shows JPY1,141 as 答申された改定額 with 発効日 2026-10-11; MHLW's 3 September 2026 release says every successor was a council recommendation to be decided after objections. No issuer statement of the prefectural director's decision/官報公示 was confirmed for this prefecture. Minimum Wage Act art. 14(2) makes a decision effective 30 days after publication, so a 2026-10-11 start implies publication by 2026-09-11; confirm the Gazette before sealing. Sealed 2026-09-30 from 2026-10-11 as MHLW's quick table (saiteichingin.mhlw.go.jp/table/page_list_nationallist.php, read 2026-09-30) states it (令和8.10.11からは1,141円); the 官報 decision is still unconfirmed, so the row stays AWAITING-LAW — a different final determination is a new version, not an edit.",work_rules.wages.by_region.広島県,,,
JP-RF35,JP,minimum_wage,"山口県 regional minimum wage (令和7年度): JPY1,043/hour for work performed 2025-10-16 to 2026-10-07, selected by work date and worksite.","Minimum Wage Act arts. 4, 9, 14; MHLW H14–R8 regional revision workbook (https://www.mhlw.go.jp/content/11200000/001753407.xlsx); live quick table (https://saiteichingin.mhlw.go.jp/table/page_list_nationallist.php)",https://www.mhlw.go.jp/content/11200000/001753407.xlsx,2026-09-30,2025-10-16,2026-10-07,VERIFIED,"JP-REGION-35-1 (passed 2026-10-01) pins the worksite floor JPY1,043 × 170 hours replacing a 150,000/2,040 h contract (最低賃金法 §4(2)), keyed by the worksite prefecture, not the head office. Cross-cutting open branches stay with JP-MW-01 (in-period split), JP-MW03 (dispatch) and JP-MW02 (excluded classes).",work_rules.wages.by_region.山口県,,JP-REGION-35-1,2026-10-01
JP-RF35-R8,JP,minimum_wage,"山口県 regional minimum wage (令和8年度): JPY1,101/hour for work performed from 2026-10-08.",Minimum Wage Act arts. 10–14; MHLW 令和8年度地域別最低賃金全国一覧 (https://www.mhlw.go.jp/content/11200000/001753404.pdf),https://www.mhlw.go.jp/content/11200000/001753404.pdf,2026-09-30,2026-10-08,,AWAITING-LAW,"MHLW's 令和8年度 national list (re-read 2026-09-29) shows JPY1,101 as 答申された改定額 with 発効日 2026-10-08; MHLW's 3 September 2026 release says every successor was a council recommendation to be decided after objections. No issuer statement of the prefectural director's decision/官報公示 was confirmed for this prefecture. Minimum Wage Act art. 14(2) makes a decision effective 30 days after publication, so a 2026-10-08 start implies publication by 2026-09-08; confirm the Gazette before sealing. Sealed 2026-09-30 from 2026-10-08 as MHLW's quick table (saiteichingin.mhlw.go.jp/table/page_list_nationallist.php, read 2026-09-30) states it (令和8.10.08からは1,101円); the 官報 decision is still unconfirmed, so the row stays AWAITING-LAW — a different final determination is a new version, not an edit.",work_rules.wages.by_region.山口県,,,
JP-RF36,JP,minimum_wage,"徳島県 regional minimum wage (令和7年度): JPY1,046/hour for work performed 2026-01-01 to 2026-10-31, selected by work date and worksite.","Minimum Wage Act arts. 4, 9, 14; MHLW H14–R8 regional revision workbook (https://www.mhlw.go.jp/content/11200000/001753407.xlsx); live quick table (https://saiteichingin.mhlw.go.jp/table/page_list_nationallist.php)",https://www.mhlw.go.jp/content/11200000/001753407.xlsx,2026-09-30,2026-01-01,2026-10-31,VERIFIED,"JP-REGION-36-1 (passed 2026-10-01) pins the worksite floor JPY1,046 × 170 hours replacing a 150,000/2,040 h contract (最低賃金法 §4(2)), keyed by the worksite prefecture, not the head office. Cross-cutting open branches stay with JP-MW-01 (in-period split), JP-MW03 (dispatch) and JP-MW02 (excluded classes).",work_rules.wages.by_region.徳島県,,JP-REGION-36-1,2026-10-01
JP-RF36-R8,JP,minimum_wage,"徳島県 regional minimum wage (令和8年度): JPY1,103/hour for work performed from 2026-11-01.",Minimum Wage Act arts. 10–14; MHLW 令和8年度地域別最低賃金全国一覧 (https://www.mhlw.go.jp/content/11200000/001753404.pdf),https://www.mhlw.go.jp/content/11200000/001753404.pdf,2026-09-30,2026-11-01,,AWAITING-LAW,"MHLW's 令和8年度 national list (re-read 2026-09-29) shows JPY1,103 as 答申された改定額 with 発効日 2026-11-01; MHLW's 3 September 2026 release says every successor was a council recommendation to be decided after objections. No issuer statement of the prefectural director's decision/官報公示 was confirmed for this prefecture. Minimum Wage Act art. 14(2) makes a decision effective 30 days after publication, so a 2026-11-01 start implies publication by 2026-10-02; confirm the Gazette before sealing. Sealed 2026-09-30 from 2026-11-01 as MHLW's quick table (saiteichingin.mhlw.go.jp/table/page_list_nationallist.php, read 2026-09-30) states it (令和8.11.01からは1,103円); the 官報 decision is still unconfirmed, so the row stays AWAITING-LAW — a different final determination is a new version, not an edit.",work_rules.wages.by_region.徳島県,,,
JP-RF37,JP,minimum_wage,"香川県 regional minimum wage (令和7年度): JPY1,036/hour for work performed 2025-10-18 to 2026-09-30, selected by work date and worksite.","Minimum Wage Act arts. 4, 9, 14; MHLW H14–R8 regional revision workbook (https://www.mhlw.go.jp/content/11200000/001753407.xlsx); live quick table (https://saiteichingin.mhlw.go.jp/table/page_list_nationallist.php)",https://www.mhlw.go.jp/content/11200000/001753407.xlsx,2026-09-30,2025-10-18,2026-09-30,VERIFIED,"JP-REGION-37-1 (passed 2026-10-01) pins the worksite floor JPY1,036 × 170 hours replacing a 150,000/2,040 h contract (最低賃金法 §4(2)), keyed by the worksite prefecture, not the head office. Cross-cutting open branches stay with JP-MW-01 (in-period split), JP-MW03 (dispatch) and JP-MW02 (excluded classes).",work_rules.wages.by_region.香川県,,JP-REGION-37-1,2026-10-01
JP-RF37-R8,JP,minimum_wage,"香川県 regional minimum wage (令和8年度): JPY1,092/hour for work performed from 2026-10-01.",Minimum Wage Act arts. 10–14; MHLW 令和8年度地域別最低賃金全国一覧 (https://www.mhlw.go.jp/content/11200000/001753404.pdf),https://www.mhlw.go.jp/content/11200000/001753404.pdf,2026-09-30,2026-10-01,,AWAITING-LAW,"MHLW's 令和8年度 national list (re-read 2026-09-29) shows JPY1,092 as 答申された改定額 with 発効日 2026-10-01; MHLW's 3 September 2026 release says every successor was a council recommendation to be decided after objections. No issuer statement of the prefectural director's decision/官報公示 was confirmed for this prefecture. Minimum Wage Act art. 14(2) makes a decision effective 30 days after publication, so a 2026-10-01 start implies publication by 2026-09-01; confirm the Gazette before sealing. Sealed 2026-09-30 from 2026-10-01 as MHLW's quick table (saiteichingin.mhlw.go.jp/table/page_list_nationallist.php, read 2026-09-30) states it (令和8.10.01からは1,092円); the 官報 decision is still unconfirmed, so the row stays AWAITING-LAW — a different final determination is a new version, not an edit.",work_rules.wages.by_region.香川県,,,
JP-RF38,JP,minimum_wage,"愛媛県 regional minimum wage (令和7年度): JPY1,033/hour for work performed 2025-12-01 to 2026-10-31, selected by work date and worksite.","Minimum Wage Act arts. 4, 9, 14; MHLW H14–R8 regional revision workbook (https://www.mhlw.go.jp/content/11200000/001753407.xlsx); live quick table (https://saiteichingin.mhlw.go.jp/table/page_list_nationallist.php)",https://www.mhlw.go.jp/content/11200000/001753407.xlsx,2026-09-30,2025-12-01,2026-10-31,VERIFIED,"JP-REGION-38-1 (passed 2026-10-01) pins the worksite floor JPY1,033 × 170 hours replacing a 150,000/2,040 h contract (最低賃金法 §4(2)), keyed by the worksite prefecture, not the head office. Cross-cutting open branches stay with JP-MW-01 (in-period split), JP-MW03 (dispatch) and JP-MW02 (excluded classes).",work_rules.wages.by_region.愛媛県,,JP-REGION-38-1,2026-10-01
JP-RF38-R8,JP,minimum_wage,"愛媛県 regional minimum wage (令和8年度): JPY1,093/hour for work performed from 2026-11-01.",Minimum Wage Act arts. 10–14; MHLW 令和8年度地域別最低賃金全国一覧 (https://www.mhlw.go.jp/content/11200000/001753404.pdf),https://www.mhlw.go.jp/content/11200000/001753404.pdf,2026-09-30,2026-11-01,,AWAITING-LAW,"MHLW's 令和8年度 national list (re-read 2026-09-29) shows JPY1,093 as 答申された改定額 with 発効日 2026-11-01; MHLW's 3 September 2026 release says every successor was a council recommendation to be decided after objections. No issuer statement of the prefectural director's decision/官報公示 was confirmed for this prefecture. Minimum Wage Act art. 14(2) makes a decision effective 30 days after publication, so a 2026-11-01 start implies publication by 2026-10-02; confirm the Gazette before sealing. Sealed 2026-09-30 from 2026-11-01 as MHLW's quick table (saiteichingin.mhlw.go.jp/table/page_list_nationallist.php, read 2026-09-30) states it (令和8.11.01からは1,093円); the 官報 decision is still unconfirmed, so the row stays AWAITING-LAW — a different final determination is a new version, not an edit.",work_rules.wages.by_region.愛媛県,,,
JP-RF39,JP,minimum_wage,"高知県 regional minimum wage (令和7年度): JPY1,023/hour for work performed 2025-12-01 to 2026-10-28, selected by work date and worksite.","Minimum Wage Act arts. 4, 9, 14; MHLW H14–R8 regional revision workbook (https://www.mhlw.go.jp/content/11200000/001753407.xlsx); live quick table (https://saiteichingin.mhlw.go.jp/table/page_list_nationallist.php)",https://www.mhlw.go.jp/content/11200000/001753407.xlsx,2026-09-30,2025-12-01,2026-10-28,VERIFIED,"JP-REGION-39-1 (passed 2026-10-01) pins the worksite floor JPY1,023 × 170 hours replacing a 150,000/2,040 h contract (最低賃金法 §4(2)), keyed by the worksite prefecture, not the head office. Cross-cutting open branches stay with JP-MW-01 (in-period split), JP-MW03 (dispatch) and JP-MW02 (excluded classes).",work_rules.wages.by_region.高知県,,JP-REGION-39-1,2026-10-01
JP-RF39-R8,JP,minimum_wage,"高知県 regional minimum wage (令和8年度): JPY1,086/hour for work performed from 2026-10-29.",Minimum Wage Act arts. 10–14; MHLW 令和8年度地域別最低賃金全国一覧 (https://www.mhlw.go.jp/content/11200000/001753404.pdf),https://www.mhlw.go.jp/content/11200000/001753404.pdf,2026-09-30,2026-10-29,,AWAITING-LAW,"MHLW's 令和8年度 national list (re-read 2026-09-29) shows JPY1,086 as 答申された改定額 with 発効日 2026-10-29; MHLW's 3 September 2026 release says every successor was a council recommendation to be decided after objections. No issuer statement of the prefectural director's decision/官報公示 was confirmed for this prefecture. Minimum Wage Act art. 14(2) makes a decision effective 30 days after publication, so a 2026-10-29 start implies publication by 2026-09-29; confirm the Gazette before sealing. Sealed 2026-09-30 from 2026-10-29 as MHLW's quick table (saiteichingin.mhlw.go.jp/table/page_list_nationallist.php, read 2026-09-30) states it (令和8.10.29からは1,086円); the 官報 decision is still unconfirmed, so the row stays AWAITING-LAW — a different final determination is a new version, not an edit.",work_rules.wages.by_region.高知県,,,
JP-RF40,JP,minimum_wage,"福岡県 regional minimum wage (令和7年度): JPY1,057/hour for work performed 2025-11-16 to 2026-10-03, selected by work date and worksite.","Minimum Wage Act arts. 4, 9, 14; MHLW H14–R8 regional revision workbook (https://www.mhlw.go.jp/content/11200000/001753407.xlsx); live quick table (https://saiteichingin.mhlw.go.jp/table/page_list_nationallist.php)",https://www.mhlw.go.jp/content/11200000/001753407.xlsx,2026-09-30,2025-11-16,2026-10-03,VERIFIED,"JP-REGION-40-1 (passed 2026-10-01) pins the worksite floor JPY1,057 × 170 hours replacing a 150,000/2,040 h contract (最低賃金法 §4(2)), keyed by the worksite prefecture, not the head office. Cross-cutting open branches stay with JP-MW-01 (in-period split), JP-MW03 (dispatch) and JP-MW02 (excluded classes).",work_rules.wages.by_region.福岡県,,JP-REGION-40-1,2026-10-01
JP-RF40-R8,JP,minimum_wage,"福岡県 regional minimum wage (令和8年度): JPY1,114/hour for work performed from 2026-10-04.",Minimum Wage Act arts. 10–14; MHLW 令和8年度地域別最低賃金全国一覧 (https://www.mhlw.go.jp/content/11200000/001753404.pdf),https://www.mhlw.go.jp/content/11200000/001753404.pdf,2026-09-30,2026-10-04,,AWAITING-LAW,"MHLW's 令和8年度 national list (re-read 2026-09-29) shows JPY1,114 as 答申された改定額 with 発効日 2026-10-04; MHLW's 3 September 2026 release says every successor was a council recommendation to be decided after objections. No issuer statement of the prefectural director's decision/官報公示 was confirmed for this prefecture. Minimum Wage Act art. 14(2) makes a decision effective 30 days after publication, so a 2026-10-04 start implies publication by 2026-09-04; confirm the Gazette before sealing. Sealed 2026-09-30 from 2026-10-04 as MHLW's quick table (saiteichingin.mhlw.go.jp/table/page_list_nationallist.php, read 2026-09-30) states it (令和8.10.04からは1,114円); the 官報 decision is still unconfirmed, so the row stays AWAITING-LAW — a different final determination is a new version, not an edit.",work_rules.wages.by_region.福岡県,,,
JP-RF41,JP,minimum_wage,"佐賀県 regional minimum wage (令和7年度): JPY1,030/hour for work performed 2025-11-21 to 2026-11-14, selected by work date and worksite.","Minimum Wage Act arts. 4, 9, 14; MHLW H14–R8 regional revision workbook (https://www.mhlw.go.jp/content/11200000/001753407.xlsx); live quick table (https://saiteichingin.mhlw.go.jp/table/page_list_nationallist.php)",https://www.mhlw.go.jp/content/11200000/001753407.xlsx,2026-09-30,2025-11-21,2026-11-14,VERIFIED,"JP-REGION-41-1 (passed 2026-10-01) pins the worksite floor JPY1,030 × 170 hours replacing a 150,000/2,040 h contract (最低賃金法 §4(2)), keyed by the worksite prefecture, not the head office. Cross-cutting open branches stay with JP-MW-01 (in-period split), JP-MW03 (dispatch) and JP-MW02 (excluded classes).",work_rules.wages.by_region.佐賀県,,JP-REGION-41-1,2026-10-01
JP-RF41-R8,JP,minimum_wage,"佐賀県 regional minimum wage (令和8年度): JPY1,095/hour for work performed from 2026-11-15.",Minimum Wage Act arts. 10–14; MHLW 令和8年度地域別最低賃金全国一覧 (https://www.mhlw.go.jp/content/11200000/001753404.pdf),https://www.mhlw.go.jp/content/11200000/001753404.pdf,2026-09-30,2026-11-15,,AWAITING-LAW,"MHLW's 令和8年度 national list (re-read 2026-09-29) shows JPY1,095 as 答申された改定額 with 発効日 2026-11-15; MHLW's 3 September 2026 release says every successor was a council recommendation to be decided after objections. No issuer statement of the prefectural director's decision/官報公示 was confirmed for this prefecture. Minimum Wage Act art. 14(2) makes a decision effective 30 days after publication, so a 2026-11-15 start implies publication by 2026-10-16; confirm the Gazette before sealing. Sealed 2026-09-30 from 2026-11-15 as MHLW's quick table (saiteichingin.mhlw.go.jp/table/page_list_nationallist.php, read 2026-09-30) states it (令和8.11.15からは1,095円); the 官報 decision is still unconfirmed, so the row stays AWAITING-LAW — a different final determination is a new version, not an edit.",work_rules.wages.by_region.佐賀県,,,
JP-RF42,JP,minimum_wage,"長崎県 regional minimum wage (令和7年度): JPY1,031/hour for work performed 2025-12-01 to 2026-11-01, selected by work date and worksite.","Minimum Wage Act arts. 4, 9, 14; MHLW H14–R8 regional revision workbook (https://www.mhlw.go.jp/content/11200000/001753407.xlsx); live quick table (https://saiteichingin.mhlw.go.jp/table/page_list_nationallist.php)",https://www.mhlw.go.jp/content/11200000/001753407.xlsx,2026-09-30,2025-12-01,2026-11-01,VERIFIED,"JP-REGION-42-1 (passed 2026-10-01) pins the worksite floor JPY1,031 × 170 hours replacing a 150,000/2,040 h contract (最低賃金法 §4(2)), keyed by the worksite prefecture, not the head office. Cross-cutting open branches stay with JP-MW-01 (in-period split), JP-MW03 (dispatch) and JP-MW02 (excluded classes).",work_rules.wages.by_region.長崎県,,JP-REGION-42-1,2026-10-01
JP-RF42-R8,JP,minimum_wage,"長崎県 regional minimum wage (令和8年度): JPY1,087/hour for work performed from 2026-11-02.",Minimum Wage Act arts. 10–14; MHLW 令和8年度地域別最低賃金全国一覧 (https://www.mhlw.go.jp/content/11200000/001753404.pdf),https://www.mhlw.go.jp/content/11200000/001753404.pdf,2026-09-30,2026-11-02,,AWAITING-LAW,"MHLW's 令和8年度 national list (re-read 2026-09-29) shows JPY1,087 as 答申された改定額 with 発効日 2026-11-02; MHLW's 3 September 2026 release says every successor was a council recommendation to be decided after objections. No issuer statement of the prefectural director's decision/官報公示 was confirmed for this prefecture. Minimum Wage Act art. 14(2) makes a decision effective 30 days after publication, so a 2026-11-02 start implies publication by 2026-10-03; confirm the Gazette before sealing. Sealed 2026-09-30 from 2026-11-02 as MHLW's quick table (saiteichingin.mhlw.go.jp/table/page_list_nationallist.php, read 2026-09-30) states it (令和8.11.02からは1,087円); the 官報 decision is still unconfirmed, so the row stays AWAITING-LAW — a different final determination is a new version, not an edit.",work_rules.wages.by_region.長崎県,,,
JP-RF43,JP,minimum_wage,"大分県 regional minimum wage (令和7年度): JPY1,035/hour for work performed 2026-01-01 to 2026-10-31, selected by work date and worksite.","Minimum Wage Act arts. 4, 9, 14; MHLW H14–R8 regional revision workbook (https://www.mhlw.go.jp/content/11200000/001753407.xlsx); live quick table (https://saiteichingin.mhlw.go.jp/table/page_list_nationallist.php)",https://www.mhlw.go.jp/content/11200000/001753407.xlsx,2026-09-30,2026-01-01,2026-10-31,VERIFIED,"JP-REGION-44-1 (passed 2026-10-01) pins the worksite floor JPY1,035 × 170 hours replacing a 150,000/2,040 h contract (最低賃金法 §4(2)), keyed by the worksite prefecture, not the head office. Cross-cutting open branches stay with JP-MW-01 (in-period split), JP-MW03 (dispatch) and JP-MW02 (excluded classes).",work_rules.wages.by_region.大分県,,JP-REGION-44-1,2026-10-01
JP-RF43-R8,JP,minimum_wage,"大分県 regional minimum wage (令和8年度): JPY1,096/hour for work performed from 2026-11-01.",Minimum Wage Act arts. 10–14; MHLW 令和8年度地域別最低賃金全国一覧 (https://www.mhlw.go.jp/content/11200000/001753404.pdf),https://www.mhlw.go.jp/content/11200000/001753404.pdf,2026-09-30,2026-11-01,,AWAITING-LAW,"MHLW's 令和8年度 national list (re-read 2026-09-29) shows JPY1,096 as 答申された改定額 with 発効日 2026-11-01; MHLW's 3 September 2026 release says every successor was a council recommendation to be decided after objections. No issuer statement of the prefectural director's decision/官報公示 was confirmed for this prefecture. Minimum Wage Act art. 14(2) makes a decision effective 30 days after publication, so a 2026-11-01 start implies publication by 2026-10-02; confirm the Gazette before sealing. Sealed 2026-09-30 from 2026-11-01 as MHLW's quick table (saiteichingin.mhlw.go.jp/table/page_list_nationallist.php, read 2026-09-30) states it (令和8.11.01からは1,096円); the 官報 decision is still unconfirmed, so the row stays AWAITING-LAW — a different final determination is a new version, not an edit.",work_rules.wages.by_region.大分県,,,
JP-RF44,JP,minimum_wage,"熊本県 regional minimum wage (令和7年度): JPY1,034/hour for work performed 2026-01-01 to 2026-11-30, selected by work date and worksite.","Minimum Wage Act arts. 4, 9, 14; MHLW H14–R8 regional revision workbook (https://www.mhlw.go.jp/content/11200000/001753407.xlsx); live quick table (https://saiteichingin.mhlw.go.jp/table/page_list_nationallist.php)",https://www.mhlw.go.jp/content/11200000/001753407.xlsx,2026-09-30,2026-01-01,2026-11-30,VERIFIED,"JP-REGION-43-1 (passed 2026-10-01) pins the worksite floor JPY1,034 × 170 hours replacing a 150,000/2,040 h contract (最低賃金法 §4(2)), keyed by the worksite prefecture, not the head office. Cross-cutting open branches stay with JP-MW-01 (in-period split), JP-MW03 (dispatch) and JP-MW02 (excluded classes).",work_rules.wages.by_region.熊本県,,JP-REGION-43-1,2026-10-01
JP-RF44-R8,JP,minimum_wage,"熊本県 regional minimum wage (令和8年度): JPY1,092/hour for work performed from 2026-12-01.",Minimum Wage Act arts. 10–14; MHLW 令和8年度地域別最低賃金全国一覧 (https://www.mhlw.go.jp/content/11200000/001753404.pdf),https://www.mhlw.go.jp/content/11200000/001753404.pdf,2026-09-30,2026-12-01,,AWAITING-LAW,"MHLW's 令和8年度 national list (re-read 2026-09-29) shows JPY1,092 as 答申された改定額 with 発効日 2026-12-01; MHLW's 3 September 2026 release says every successor was a council recommendation to be decided after objections. No issuer statement of the prefectural director's decision/官報公示 was confirmed for this prefecture. Minimum Wage Act art. 14(2) makes a decision effective 30 days after publication, so a 2026-12-01 start implies publication by 2026-11-01; confirm the Gazette before sealing. Sealed 2026-09-30 from 2026-12-01 as MHLW's quick table (saiteichingin.mhlw.go.jp/table/page_list_nationallist.php, read 2026-09-30) states it (令和8.12.01からは1,092円); the 官報 decision is still unconfirmed, so the row stays AWAITING-LAW — a different final determination is a new version, not an edit.",work_rules.wages.by_region.熊本県,,,
JP-RF45,JP,minimum_wage,"宮崎県 regional minimum wage (令和7年度): JPY1,023/hour for work performed 2025-11-16 to 2026-10-23, selected by work date and worksite.","Minimum Wage Act arts. 4, 9, 14; MHLW H14–R8 regional revision workbook (https://www.mhlw.go.jp/content/11200000/001753407.xlsx); live quick table (https://saiteichingin.mhlw.go.jp/table/page_list_nationallist.php)",https://www.mhlw.go.jp/content/11200000/001753407.xlsx,2026-09-30,2025-11-16,2026-10-23,VERIFIED,"JP-REGION-45-1 (passed 2026-10-01) pins the worksite floor JPY1,023 × 170 hours replacing a 150,000/2,040 h contract (最低賃金法 §4(2)), keyed by the worksite prefecture, not the head office. Cross-cutting open branches stay with JP-MW-01 (in-period split), JP-MW03 (dispatch) and JP-MW02 (excluded classes).",work_rules.wages.by_region.宮崎県,,JP-REGION-45-1,2026-10-01
JP-RF45-R8,JP,minimum_wage,"宮崎県 regional minimum wage (令和8年度): JPY1,085/hour for work performed from 2026-10-24.",Minimum Wage Act arts. 10–14; MHLW 令和8年度地域別最低賃金全国一覧 (https://www.mhlw.go.jp/content/11200000/001753404.pdf),https://www.mhlw.go.jp/content/11200000/001753404.pdf,2026-09-30,2026-10-24,,AWAITING-LAW,"MHLW's 令和8年度 national list (re-read 2026-09-29) shows JPY1,085 as 答申された改定額 with 発効日 2026-10-24; MHLW's 3 September 2026 release says every successor was a council recommendation to be decided after objections. No issuer statement of the prefectural director's decision/官報公示 was confirmed for this prefecture. Minimum Wage Act art. 14(2) makes a decision effective 30 days after publication, so a 2026-10-24 start implies publication by 2026-09-24; confirm the Gazette before sealing. Sealed 2026-09-30 from 2026-10-24 as MHLW's quick table (saiteichingin.mhlw.go.jp/table/page_list_nationallist.php, read 2026-09-30) states it (令和8.10.24からは1,085円); the 官報 decision is still unconfirmed, so the row stays AWAITING-LAW — a different final determination is a new version, not an edit.",work_rules.wages.by_region.宮崎県,,,
JP-RF46,JP,minimum_wage,"鹿児島県 regional minimum wage (令和7年度): JPY1,026/hour for work performed 2025-11-01 to 2026-10-24, selected by work date and worksite.","Minimum Wage Act arts. 4, 9, 14; MHLW H14–R8 regional revision workbook (https://www.mhlw.go.jp/content/11200000/001753407.xlsx); live quick table (https://saiteichingin.mhlw.go.jp/table/page_list_nationallist.php)",https://www.mhlw.go.jp/content/11200000/001753407.xlsx,2026-09-30,2025-11-01,2026-10-24,VERIFIED,"JP-REGION-46-1 (passed 2026-10-01) pins the worksite floor JPY1,026 × 170 hours replacing a 150,000/2,040 h contract (最低賃金法 §4(2)), keyed by the worksite prefecture, not the head office. Cross-cutting open branches stay with JP-MW-01 (in-period split), JP-MW03 (dispatch) and JP-MW02 (excluded classes).",work_rules.wages.by_region.鹿児島県,,JP-REGION-46-1,2026-10-01
JP-RF46-R8,JP,minimum_wage,"鹿児島県 regional minimum wage (令和8年度): JPY1,090/hour for work performed from 2026-10-25.",Minimum Wage Act arts. 10–14; MHLW 令和8年度地域別最低賃金全国一覧 (https://www.mhlw.go.jp/content/11200000/001753404.pdf),https://www.mhlw.go.jp/content/11200000/001753404.pdf,2026-09-30,2026-10-25,,AWAITING-LAW,"MHLW's 令和8年度 national list (re-read 2026-09-29) shows JPY1,090 as 答申された改定額 with 発効日 2026-10-25; MHLW's 3 September 2026 release says every successor was a council recommendation to be decided after objections. No issuer statement of the prefectural director's decision/官報公示 was confirmed for this prefecture. Minimum Wage Act art. 14(2) makes a decision effective 30 days after publication, so a 2026-10-25 start implies publication by 2026-09-25; confirm the Gazette before sealing. Sealed 2026-09-30 from 2026-10-25 as MHLW's quick table (saiteichingin.mhlw.go.jp/table/page_list_nationallist.php, read 2026-09-30) states it (令和8.10.25からは1,090円); the 官報 decision is still unconfirmed, so the row stays AWAITING-LAW — a different final determination is a new version, not an edit.",work_rules.wages.by_region.鹿児島県,,,
JP-RF47,JP,minimum_wage,"沖縄県 regional minimum wage (令和7年度): JPY1,023/hour for work performed 2025-12-01 to 2026-12-01, selected by work date and worksite.","Minimum Wage Act arts. 4, 9, 14; MHLW H14–R8 regional revision workbook (https://www.mhlw.go.jp/content/11200000/001753407.xlsx); live quick table (https://saiteichingin.mhlw.go.jp/table/page_list_nationallist.php)",https://www.mhlw.go.jp/content/11200000/001753407.xlsx,2026-09-30,2025-12-01,2026-12-01,VERIFIED,"JP-REGION-47-1 (passed 2026-10-01) pins the worksite floor JPY1,023 × 170 hours replacing a 150,000/2,040 h contract (最低賃金法 §4(2)), keyed by the worksite prefecture, not the head office. Cross-cutting open branches stay with JP-MW-01 (in-period split), JP-MW03 (dispatch) and JP-MW02 (excluded classes).",work_rules.wages.by_region.沖縄県,,JP-REGION-47-1,2026-10-01
JP-RF47-R8,JP,minimum_wage,"沖縄県 regional minimum wage (令和8年度): JPY1,086/hour for work performed from 2026-12-02.",Minimum Wage Act arts. 10–14; MHLW 令和8年度地域別最低賃金全国一覧 (https://www.mhlw.go.jp/content/11200000/001753404.pdf),https://www.mhlw.go.jp/content/11200000/001753404.pdf,2026-09-30,2026-12-02,,AWAITING-LAW,"MHLW's 令和8年度 national list (re-read 2026-09-29) shows JPY1,086 as 答申された改定額 with 発効日 2026-12-02; MHLW's 3 September 2026 release says every successor was a council recommendation to be decided after objections. No issuer statement of the prefectural director's decision/官報公示 was confirmed for this prefecture. Minimum Wage Act art. 14(2) makes a decision effective 30 days after publication, so a 2026-12-02 start implies publication by 2026-11-02; confirm the Gazette before sealing. Sealed 2026-09-30 from 2026-12-02 as MHLW's quick table (saiteichingin.mhlw.go.jp/table/page_list_nationallist.php, read 2026-09-30) states it (令和8.12.02からは1,086円); the 官報 decision is still unconfirmed, so the row stays AWAITING-LAW — a different final determination is a new version, not an edit.",work_rules.wages.by_region.沖縄県,,,
JP-SF-T01,JP,minimum_wage,"Ishikawa metal products: JPY763/hour and JPY6,102/day, 26 December 1999","Minimum Wage Act arts. 15–19, 2007 amendment supplemental art. 5; MHLW live industry table (https://saiteichingin.mhlw.go.jp/table/page_indlist_nationallist.html)",https://saiteichingin.mhlw.go.jp/table/page_indlist_nationallist.html,2026-09-29,2025-12-01,,VERIFIED,"JP-SFMW-08 (September 2026, passed 2026-10-01) pins SF078 at 石川県: regional 1,054 binds over specific 763, gross 179,180. The legacy daily unit is a recorded default (the hourly amount the determination also states) and cannot decide a result while every regional floor exceeds it.",reference_rows:SPECIFIC_MW; reference_rows.code.SF078; work_rules.derived_lines.SPECIFIC_MINIMUM_WAGE; worksite_facts.specific_mw_industry; terms_facts.specific_mw_excluded,,JP-SFMW-08,2026-10-01
JP-SF-T02,JP,minimum_wage,"Mie iron castings/pipes: JPY739/hour and JPY5,907/day, 15 December 1998","Minimum Wage Act arts. 15–19, 2007 amendment supplemental art. 5; MHLW live industry table (https://saiteichingin.mhlw.go.jp/table/page_indlist_nationallist.html)",https://saiteichingin.mhlw.go.jp/table/page_indlist_nationallist.html,2026-09-29,2025-12-01,,VERIFIED,"JP-SFMW-13 (September 2026, passed 2026-10-01) pins SF125 at 三重県: regional 1,087 binds over specific 739, gross 184,790. The legacy daily unit is a recorded default (the hourly amount the determination also states) and cannot decide a result while every regional floor exceeds it.",reference_rows:SPECIFIC_MW; reference_rows.code.SF125; work_rules.derived_lines.SPECIFIC_MINIMUM_WAGE; worksite_facts.specific_mw_industry; terms_facts.specific_mw_excluded,,JP-SFMW-13,2026-10-01
JP-SF-T03,JP,minimum_wage,"Nara wood/furniture old-industry determination, amended 25 January 1989: ordinary covered workers JPY4,148/day (hourly-paid JPY519/hour); skilled workers with two years' qualifying task service JPY6,527/day (hourly-paid JPY816/hour). Excludes under-18, 65-plus, under-three-month trainees and mainly cleaning/tidying workers; attendance, commuting and family allowances are excluded from this order's wage base. Nara council's 2 March 2026 recommendation proposed abolition the day before its Gazette publication; Nara bureau expected 1 April publication, and the ministry's 1 April census plus current Nara industry list support cessation by 1 April 2026.","Minimum Wage Act arts. 15–19, 2007 amendment supplemental art. 5; MHLW live industry table (https://saiteichingin.mhlw.go.jp/table/page_indlist_nationallist.html); Nara council's 2 March 2026 recommendation (https://jsite.mhlw.go.jp/nara-roudoukyoku/content/contents/002629442.pdf); Nara bureau (https://jsite.mhlw.go.jp/nara-roudoukyoku/newpage_01053.html); ministry's 1 April census (https://www.mhlw.go.jp/content/11200000/001665408.pdf); current Nara industry list (https://jsite.mhlw.go.jp/nara-roudoukyoku/hourei_seido_tetsuzuki/tingin/hourei_seido/saiteitingin008.html)",https://saiteichingin.mhlw.go.jp/table/page_indlist_nationallist.html,2026-09-29,2025-12-01,2026-03-31,PARTIAL,"Configured 2026-10-01 (Phase 2): SPECIFIC_MW rows SF149 (skilled, JPY816) and SF149_ORDINARY (ordinary covered workers, JPY519), both in force to 2026-03-31 (recorded default: the abolition the council recommended by 1 April 2026; the final Gazette date is still unlinked). Both are below 奈良県’s regional JPY1,051, so the regional floor binds either way (probe JP-SFMW-NARA, March 2026, written, not yet run). Not configured: the skilled/ordinary choice is the worksite’s recorded code, not a per-worker selector (skilled service of two years), and the legacy daily units; the 7- vs 8-hour and trainee-month edges are not probed. Recorded defaults (owner rule 2026-09-28): the order covers workers 18 to under 65 (the SPECIFIC_MW row’s covered_from_age / covered_below_age) and its other exclusions — trainees within the stated period, the listed light tasks — are the employer’s terms_facts.specific_mw_excluded; the comparison wage is the basic plus the fixed allowances, as the regional floor’s. Still open: the Gazette order’s own scope and excluded wage classes are not transcribed; the 令和8年度 revision of this determination is not yet published (a new sealed version when it is); the top-up line does not raise the overtime premium base; a regional change inside one pay period is JP-MW-01’s and a dispatched worker’s client-site floor (最低賃金法 §18) JP-MW03’s.",reference_rows:SPECIFIC_MW; reference_rows.code.SF149; work_rules.derived_lines.SPECIFIC_MINIMUM_WAGE; worksite_facts.specific_mw_industry; terms_facts.specific_mw_excluded; reference_rows.code.SF149_ORDINARY,,JP-SFMW-NARA,
JP-SF-T04,JP,minimum_wage,"Nationwide nonmetallic mining: JPY5,772/day from 17 May 1989 for underground workers at establishments chiefly prospecting/mining the listed Mining Act minerals. Excludes age 65+, trainees within three months of hire, and workers mainly cleaning/tidying; attendance, commuting and family allowances are outside this determination's wage base.","Minimum Wage Act arts. 15–19, 2007 amendment supplemental art. 5; MHLW live industry table (https://saiteichingin.mhlw.go.jp/table/page_indlist_nationallist.html); Nationwide nonmetallic mining (https://www.mhlw.go.jp/stf/seisakunitsuite/bunya/koyou_roudou/roudoukijun/chingin/newpage_43846.html)",https://saiteichingin.mhlw.go.jp/table/page_indlist_nationallist.html,2026-09-29,2025-12-01,,GAP,"Not configured 2026-10-01 (Phase 2): the nationwide non-metallic-mining determination states only a daily JPY5,772 (JPY721.50 an hour on an 8-hour day), below every prefecture’s 令和7年度 regional floor, so the regional floor always binds today; the legacy daily-to-hourly comparison of the old regulation, the mineral/establishment and underground-duty facts and the nationwide key are not captured, so the row stays GAP until its Gazette text is reconciled.",work_rules.wages.jp_specific_by_industry.SF-T04,,,
JP-SF-T05,JP,minimum_wage,"Fukui textile/metalworking machinery: JPY933/hour. The live table says 24 December 2022, but the Fukui Labour Bureau, ministry's FY2025 PDF and formal bureau council minutes say 24 December 2023. The minutes additionally record Gazette publication on 22 November 2023 and a JPY18 rise to JPY933.","Minimum Wage Act arts. 15–19, 2007 amendment supplemental art. 5; MHLW live industry table (https://saiteichingin.mhlw.go.jp/table/page_indlist_nationallist.html); Fukui Labour Bureau (https://jsite.mhlw.go.jp/fukui-roudoukyoku/hourei_seido_tetsuzuki/_120606); ministry's FY2025 PDF (https://www.mhlw.go.jp/content/11200000/001638874.pdf); formal bureau council minutes (https://jsite.mhlw.go.jp/fukui-roudoukyoku/content/contents/001778070.pdf)",https://saiteichingin.mhlw.go.jp/table/page_indlist_nationallist.html,2026-09-29,2025-12-01,,VERIFIED,"JP-SFMW-09 (September 2026, passed 2026-10-01) pins SF084 at 福井県: regional 1,053 binds over specific 933, gross 179,010. The legacy daily unit is a recorded default (the hourly amount the determination also states) and cannot decide a result while every regional floor exceeds it.",reference_rows:SPECIFIC_MW; reference_rows.code.SF084; work_rules.derived_lines.SPECIFIC_MINIMUM_WAGE; worksite_facts.specific_mw_industry; terms_facts.specific_mw_excluded,,JP-SFMW-09,2026-10-01
JP-SF-T06,JP,minimum_wage,"Ibaraki JP-SF037 is JPY1,115/hour from 19 March 2026. The live table marks it ※, although the regional floor is JPY1,074 until 17 October 2026 and JPY1,136 from 18 October 2026.","Minimum Wage Act arts. 15–19, 2007 amendment supplemental art. 5; MHLW live industry table (https://saiteichingin.mhlw.go.jp/table/page_indlist_nationallist.html); Ibaraki Labour Bureau (https://jsite.mhlw.go.jp/ibaraki-roudoukyoku/roudoukyoku/gyoumu_naiyou/kijunbu/chingin/chingin01.html)",https://saiteichingin.mhlw.go.jp/table/page_indlist_nationallist.html,2026-09-29,2026-03-19,,VERIFIED,"JP-SFMW-04 (September 2026, passed 2026-10-01) pins SF037 at 茨城県: specific 1,115 binds over regional 1,074 (top-up 6,970), gross 189,550. The legacy daily unit is a recorded default (the hourly amount the determination also states) and cannot decide a result while every regional floor exceeds it.",reference_rows:SPECIFIC_MW; reference_rows.code.SF037; work_rules.derived_lines.SPECIFIC_MINIMUM_WAGE; worksite_facts.specific_mw_industry; terms_facts.specific_mw_excluded,,JP-SFMW-04,2026-10-01
JP-SF001,JP,minimum_wage,"北海道 specific (industry) minimum wage — 処理牛乳・乳飲料、乳製品、砂糖・でんぷん糖類製造業: 1113円/hour, effective 2025-12-01; MHLW marks it ※ — the higher regional floor applies instead.","Minimum Wage Act arts. 6, 15–19; MHLW live industry table (https://saiteichingin.mhlw.go.jp/table/page_indlist_nationallist.html)",https://saiteichingin.mhlw.go.jp/table/page_indlist_nationallist.html,2026-09-29,2025-12-01,,VERIFIED,"JP-SFMW-01 (September 2026, passed 2026-10-01) pins the 北海道 worksite recorded under SF001: specific 1,113 binds over regional 1,075: BASIC 182,750 + SPECIFIC_MINIMUM_WAGE 6,460 = 189,210, with 雇用保険, 労災 and 乙欄/non-resident tax on it. Cross-cutting branches stay with their own rows: each order’s Gazette scope and excluded classes (recorded defaults 18–<65 and specific_mw_excluded, JP-MW-02, probed in JP-SFMW-SCOPE), the replaced pre-効力発生日 amount where the order took effect after 2025-12-01 (not seeded), the 令和8年度 revision (unpublished), the top-up not raising the overtime base (JP-OT-06) and the in-period split (JP-MW-01).",reference_rows:SPECIFIC_MW; reference_rows.code.SF001; work_rules.derived_lines.SPECIFIC_MINIMUM_WAGE; worksite_facts.specific_mw_industry; terms_facts.specific_mw_excluded,,JP-SFMW-01,2026-10-01
JP-SF002,JP,minimum_wage,"北海道 specific (industry) minimum wage — 鉄鋼業: 1165円/hour, effective 2025-12-01.","Minimum Wage Act arts. 6, 15–19; MHLW live industry table (https://saiteichingin.mhlw.go.jp/table/page_indlist_nationallist.html)",https://saiteichingin.mhlw.go.jp/table/page_indlist_nationallist.html,2026-09-29,2025-12-01,,VERIFIED,"JP-SFMW-01 (September 2026, passed 2026-10-01) pins the 北海道 worksite recorded under SF002: specific 1,165 binds over regional 1,075: BASIC 182,750 + SPECIFIC_MINIMUM_WAGE 15,300 = 198,050, with 雇用保険, 労災 and 乙欄/non-resident tax on it. Cross-cutting branches stay with their own rows: each order’s Gazette scope and excluded classes (recorded defaults 18–<65 and specific_mw_excluded, JP-MW-02, probed in JP-SFMW-SCOPE), the replaced pre-効力発生日 amount where the order took effect after 2025-12-01 (not seeded), the 令和8年度 revision (unpublished), the top-up not raising the overtime base (JP-OT-06) and the in-period split (JP-MW-01).",reference_rows:SPECIFIC_MW; reference_rows.code.SF002; work_rules.derived_lines.SPECIFIC_MINIMUM_WAGE; worksite_facts.specific_mw_industry; terms_facts.specific_mw_excluded,,JP-SFMW-01,2026-10-01
JP-SF003,JP,minimum_wage,"北海道 specific (industry) minimum wage — 電子部品・デバイス・電子回路、電気機械器具、情報通信機械器具製造業: 1116円/hour, effective 2025-12-01; MHLW marks it ※ — the higher regional floor applies instead.","Minimum Wage Act arts. 6, 15–19; MHLW live industry table (https://saiteichingin.mhlw.go.jp/table/page_indlist_nationallist.html)",https://saiteichingin.mhlw.go.jp/table/page_indlist_nationallist.html,2026-09-29,2025-12-01,,VERIFIED,"JP-SFMW-01 (September 2026, passed 2026-10-01) pins the 北海道 worksite recorded under SF003: specific 1,116 binds over regional 1,075: BASIC 182,750 + SPECIFIC_MINIMUM_WAGE 6,970 = 189,720, with 雇用保険, 労災 and 乙欄/non-resident tax on it. Cross-cutting branches stay with their own rows: each order’s Gazette scope and excluded classes (recorded defaults 18–<65 and specific_mw_excluded, JP-MW-02, probed in JP-SFMW-SCOPE), the replaced pre-効力発生日 amount where the order took effect after 2025-12-01 (not seeded), the 令和8年度 revision (unpublished), the top-up not raising the overtime base (JP-OT-06) and the in-period split (JP-MW-01).",reference_rows:SPECIFIC_MW; reference_rows.code.SF003; work_rules.derived_lines.SPECIFIC_MINIMUM_WAGE; worksite_facts.specific_mw_industry; terms_facts.specific_mw_excluded,,JP-SFMW-01,2026-10-01
JP-SF004,JP,minimum_wage,"北海道 specific (industry) minimum wage — 船舶製造・修理業、船体ブロック製造業: 1105円/hour, effective 2025-12-01; MHLW marks it ※ — the higher regional floor applies instead.","Minimum Wage Act arts. 6, 15–19; MHLW live industry table (https://saiteichingin.mhlw.go.jp/table/page_indlist_nationallist.html)",https://saiteichingin.mhlw.go.jp/table/page_indlist_nationallist.html,2026-09-29,2025-12-01,,VERIFIED,"JP-SFMW-01 (September 2026, passed 2026-10-01) pins the 北海道 worksite recorded under SF004: specific 1,105 binds over regional 1,075: BASIC 182,750 + SPECIFIC_MINIMUM_WAGE 5,100 = 187,850, with 雇用保険, 労災 and 乙欄/non-resident tax on it. Cross-cutting branches stay with their own rows: each order’s Gazette scope and excluded classes (recorded defaults 18–<65 and specific_mw_excluded, JP-MW-02, probed in JP-SFMW-SCOPE), the replaced pre-効力発生日 amount where the order took effect after 2025-12-01 (not seeded), the 令和8年度 revision (unpublished), the top-up not raising the overtime base (JP-OT-06) and the in-period split (JP-MW-01).",reference_rows:SPECIFIC_MW; reference_rows.code.SF004; work_rules.derived_lines.SPECIFIC_MINIMUM_WAGE; worksite_facts.specific_mw_industry; terms_facts.specific_mw_excluded,,JP-SFMW-01,2026-10-01
JP-SF005,JP,minimum_wage,"青森県 specific (industry) minimum wage — 鉄鋼業: 1109円/hour, effective 2025-12-21.","Minimum Wage Act arts. 6, 15–19; MHLW live industry table (https://saiteichingin.mhlw.go.jp/table/page_indlist_nationallist.html)",https://saiteichingin.mhlw.go.jp/table/page_indlist_nationallist.html,2026-09-29,2025-12-21,,VERIFIED,"JP-SFMW-01 (September 2026, passed 2026-10-01) pins the 青森県 worksite recorded under SF005: specific 1,109 binds over regional 1,029: BASIC 174,930 + SPECIFIC_MINIMUM_WAGE 13,600 = 188,530, with 雇用保険, 労災 and 乙欄/non-resident tax on it. Cross-cutting branches stay with their own rows: each order’s Gazette scope and excluded classes (recorded defaults 18–<65 and specific_mw_excluded, JP-MW-02, probed in JP-SFMW-SCOPE), the replaced pre-効力発生日 amount where the order took effect after 2025-12-01 (not seeded), the 令和8年度 revision (unpublished), the top-up not raising the overtime base (JP-OT-06) and the in-period split (JP-MW-01).",reference_rows:SPECIFIC_MW; reference_rows.code.SF005; work_rules.derived_lines.SPECIFIC_MINIMUM_WAGE; worksite_facts.specific_mw_industry; terms_facts.specific_mw_excluded,,JP-SFMW-01,2026-10-01
JP-SF006,JP,minimum_wage,"青森県 specific (industry) minimum wage — 電子部品・デバイス・電子回路、電気機械器具、情報通信機械器具製造業: 1045円/hour, effective 2025-12-21; MHLW marks it ※ — the higher regional floor applies instead.","Minimum Wage Act arts. 6, 15–19; MHLW live industry table (https://saiteichingin.mhlw.go.jp/table/page_indlist_nationallist.html)",https://saiteichingin.mhlw.go.jp/table/page_indlist_nationallist.html,2026-09-29,2025-12-21,,VERIFIED,"JP-SFMW-01 (September 2026, passed 2026-10-01) pins the 青森県 worksite recorded under SF006: specific 1,045 binds over regional 1,029: BASIC 174,930 + SPECIFIC_MINIMUM_WAGE 2,720 = 177,650, with 雇用保険, 労災 and 乙欄/non-resident tax on it. Cross-cutting branches stay with their own rows: each order’s Gazette scope and excluded classes (recorded defaults 18–<65 and specific_mw_excluded, JP-MW-02, probed in JP-SFMW-SCOPE), the replaced pre-効力発生日 amount where the order took effect after 2025-12-01 (not seeded), the 令和8年度 revision (unpublished), the top-up not raising the overtime base (JP-OT-06) and the in-period split (JP-MW-01).",reference_rows:SPECIFIC_MW; reference_rows.code.SF006; work_rules.derived_lines.SPECIFIC_MINIMUM_WAGE; worksite_facts.specific_mw_industry; terms_facts.specific_mw_excluded,,JP-SFMW-01,2026-10-01
JP-SF007,JP,minimum_wage,"青森県 specific (industry) minimum wage — 百貨店、総合スーパーマーケット、その他の各種商品小売業: 956円/hour, effective 2024-12-21; MHLW marks it ※ — the higher regional floor applies instead.","Minimum Wage Act arts. 6, 15–19; MHLW live industry table (https://saiteichingin.mhlw.go.jp/table/page_indlist_nationallist.html)",https://saiteichingin.mhlw.go.jp/table/page_indlist_nationallist.html,2026-09-29,2024-12-21,,VERIFIED,"JP-SFMW-01 (September 2026, passed 2026-10-01) pins the 青森県 worksite recorded under SF007: regional 1,029 binds over specific 956: 174,930, with 雇用保険, 労災 and 乙欄/non-resident tax on it. Cross-cutting branches stay with their own rows: each order’s Gazette scope and excluded classes (recorded defaults 18–<65 and specific_mw_excluded, JP-MW-02, probed in JP-SFMW-SCOPE), the replaced pre-効力発生日 amount where the order took effect after 2025-12-01 (not seeded), the 令和8年度 revision (unpublished), the top-up not raising the overtime base (JP-OT-06) and the in-period split (JP-MW-01).",reference_rows:SPECIFIC_MW; reference_rows.code.SF007; work_rules.derived_lines.SPECIFIC_MINIMUM_WAGE; worksite_facts.specific_mw_industry; terms_facts.specific_mw_excluded,,JP-SFMW-01,2026-10-01
JP-SF008,JP,minimum_wage,"青森県 specific (industry) minimum wage — 自動車小売業: 963円/hour, effective 2024-12-21; MHLW marks it ※ — the higher regional floor applies instead.","Minimum Wage Act arts. 6, 15–19; MHLW live industry table (https://saiteichingin.mhlw.go.jp/table/page_indlist_nationallist.html)",https://saiteichingin.mhlw.go.jp/table/page_indlist_nationallist.html,2026-09-29,2024-12-21,,VERIFIED,"JP-SFMW-01 (September 2026, passed 2026-10-01) pins the 青森県 worksite recorded under SF008: regional 1,029 binds over specific 963: 174,930, with 雇用保険, 労災 and 乙欄/non-resident tax on it. Cross-cutting branches stay with their own rows: each order’s Gazette scope and excluded classes (recorded defaults 18–<65 and specific_mw_excluded, JP-MW-02, probed in JP-SFMW-SCOPE), the replaced pre-効力発生日 amount where the order took effect after 2025-12-01 (not seeded), the 令和8年度 revision (unpublished), the top-up not raising the overtime base (JP-OT-06) and the in-period split (JP-MW-01).",reference_rows:SPECIFIC_MW; reference_rows.code.SF008; work_rules.derived_lines.SPECIFIC_MINIMUM_WAGE; worksite_facts.specific_mw_industry; terms_facts.specific_mw_excluded,,JP-SFMW-01,2026-10-01
JP-SF009,JP,minimum_wage,"岩手県 specific (industry) minimum wage — 鉄鋼業、金属線製品、その他の金属製品製造業: 1072円/hour, effective 2026-01-15.","Minimum Wage Act arts. 6, 15–19; MHLW live industry table (https://saiteichingin.mhlw.go.jp/table/page_indlist_nationallist.html)",https://saiteichingin.mhlw.go.jp/table/page_indlist_nationallist.html,2026-09-29,2026-01-15,,VERIFIED,"JP-SFMW-01 (September 2026, passed 2026-10-01) pins the 岩手県 worksite recorded under SF009: specific 1,072 binds over regional 1,031: BASIC 175,270 + SPECIFIC_MINIMUM_WAGE 6,970 = 182,240, with 雇用保険, 労災 and 乙欄/non-resident tax on it. Cross-cutting branches stay with their own rows: each order’s Gazette scope and excluded classes (recorded defaults 18–<65 and specific_mw_excluded, JP-MW-02, probed in JP-SFMW-SCOPE), the replaced pre-効力発生日 amount where the order took effect after 2025-12-01 (not seeded), the 令和8年度 revision (unpublished), the top-up not raising the overtime base (JP-OT-06) and the in-period split (JP-MW-01).",reference_rows:SPECIFIC_MW; reference_rows.code.SF009; work_rules.derived_lines.SPECIFIC_MINIMUM_WAGE; worksite_facts.specific_mw_industry; terms_facts.specific_mw_excluded,,JP-SFMW-01,2026-10-01
JP-SF010,JP,minimum_wage,"岩手県 specific (industry) minimum wage — 電子部品・デバイス・電子回路、電気機械器具、情報通信機械器具製造業: 1039円/hour, effective 2026-01-15.","Minimum Wage Act arts. 6, 15–19; MHLW live industry table (https://saiteichingin.mhlw.go.jp/table/page_indlist_nationallist.html)",https://saiteichingin.mhlw.go.jp/table/page_indlist_nationallist.html,2026-09-29,2026-01-15,,VERIFIED,"JP-SFMW-01 (September 2026, passed 2026-10-01) pins the 岩手県 worksite recorded under SF010: specific 1,039 binds over regional 1,031: BASIC 175,270 + SPECIFIC_MINIMUM_WAGE 1,360 = 176,630, with 雇用保険, 労災 and 乙欄/non-resident tax on it. Cross-cutting branches stay with their own rows: each order’s Gazette scope and excluded classes (recorded defaults 18–<65 and specific_mw_excluded, JP-MW-02, probed in JP-SFMW-SCOPE), the replaced pre-効力発生日 amount where the order took effect after 2025-12-01 (not seeded), the 令和8年度 revision (unpublished), the top-up not raising the overtime base (JP-OT-06) and the in-period split (JP-MW-01).",reference_rows:SPECIFIC_MW; reference_rows.code.SF010; work_rules.derived_lines.SPECIFIC_MINIMUM_WAGE; worksite_facts.specific_mw_industry; terms_facts.specific_mw_excluded,,JP-SFMW-01,2026-10-01
JP-SF011,JP,minimum_wage,"岩手県 specific (industry) minimum wage — 光学器械器具・レンズ、時計・同部分品製造業: 1052円/hour, effective 2026-02-01.","Minimum Wage Act arts. 6, 15–19; MHLW live industry table (https://saiteichingin.mhlw.go.jp/table/page_indlist_nationallist.html)",https://saiteichingin.mhlw.go.jp/table/page_indlist_nationallist.html,2026-09-29,2026-02-01,,VERIFIED,"JP-SFMW-02 (September 2026, passed 2026-10-01) pins the 岩手県 worksite recorded under SF011: specific 1,052 binds over regional 1,031: BASIC 175,270 + SPECIFIC_MINIMUM_WAGE 3,570 = 178,840, with 雇用保険, 労災 and 乙欄/non-resident tax on it. Cross-cutting branches stay with their own rows: each order’s Gazette scope and excluded classes (recorded defaults 18–<65 and specific_mw_excluded, JP-MW-02, probed in JP-SFMW-SCOPE), the replaced pre-効力発生日 amount where the order took effect after 2025-12-01 (not seeded), the 令和8年度 revision (unpublished), the top-up not raising the overtime base (JP-OT-06) and the in-period split (JP-MW-01).",reference_rows:SPECIFIC_MW; reference_rows.code.SF011; work_rules.derived_lines.SPECIFIC_MINIMUM_WAGE; worksite_facts.specific_mw_industry; terms_facts.specific_mw_excluded,,JP-SFMW-02,2026-10-01
JP-SF012,JP,minimum_wage,"岩手県 specific (industry) minimum wage — 各種商品小売業: 767円/hour, effective 2016-12-11.","Minimum Wage Act arts. 6, 15–19; MHLW live industry table (https://saiteichingin.mhlw.go.jp/table/page_indlist_nationallist.html)",https://saiteichingin.mhlw.go.jp/table/page_indlist_nationallist.html,2026-09-29,2016-12-11,,VERIFIED,"JP-SFMW-02 (September 2026, passed 2026-10-01) pins the 岩手県 worksite recorded under SF012: regional 1,031 binds over specific 767: 175,270, with 雇用保険, 労災 and 乙欄/non-resident tax on it. Cross-cutting branches stay with their own rows: each order’s Gazette scope and excluded classes (recorded defaults 18–<65 and specific_mw_excluded, JP-MW-02, probed in JP-SFMW-SCOPE), the replaced pre-効力発生日 amount where the order took effect after 2025-12-01 (not seeded), the 令和8年度 revision (unpublished), the top-up not raising the overtime base (JP-OT-06) and the in-period split (JP-MW-01).",reference_rows:SPECIFIC_MW; reference_rows.code.SF012; work_rules.derived_lines.SPECIFIC_MINIMUM_WAGE; worksite_facts.specific_mw_industry; terms_facts.specific_mw_excluded,,JP-SFMW-02,2026-10-01
JP-SF013,JP,minimum_wage,"岩手県 specific (industry) minimum wage — 自動車小売業: 1068円/hour, effective 2026-01-15.","Minimum Wage Act arts. 6, 15–19; MHLW live industry table (https://saiteichingin.mhlw.go.jp/table/page_indlist_nationallist.html)",https://saiteichingin.mhlw.go.jp/table/page_indlist_nationallist.html,2026-09-29,2026-01-15,,VERIFIED,"JP-SFMW-02 (September 2026, passed 2026-10-01) pins the 岩手県 worksite recorded under SF013: specific 1,068 binds over regional 1,031: BASIC 175,270 + SPECIFIC_MINIMUM_WAGE 6,290 = 181,560, with 雇用保険, 労災 and 乙欄/non-resident tax on it. Cross-cutting branches stay with their own rows: each order’s Gazette scope and excluded classes (recorded defaults 18–<65 and specific_mw_excluded, JP-MW-02, probed in JP-SFMW-SCOPE), the replaced pre-効力発生日 amount where the order took effect after 2025-12-01 (not seeded), the 令和8年度 revision (unpublished), the top-up not raising the overtime base (JP-OT-06) and the in-period split (JP-MW-01).",reference_rows:SPECIFIC_MW; reference_rows.code.SF013; work_rules.derived_lines.SPECIFIC_MINIMUM_WAGE; worksite_facts.specific_mw_industry; terms_facts.specific_mw_excluded,,JP-SFMW-02,2026-10-01
JP-SF014,JP,minimum_wage,"岩手県 specific (industry) minimum wage — 百貨店,総合スーパー: 800円/hour, effective 2018-12-28.","Minimum Wage Act arts. 6, 15–19; MHLW live industry table (https://saiteichingin.mhlw.go.jp/table/page_indlist_nationallist.html)",https://saiteichingin.mhlw.go.jp/table/page_indlist_nationallist.html,2026-09-29,2018-12-28,,VERIFIED,"JP-SFMW-02 (September 2026, passed 2026-10-01) pins the 岩手県 worksite recorded under SF014: regional 1,031 binds over specific 800: 175,270, with 雇用保険, 労災 and 乙欄/non-resident tax on it. Cross-cutting branches stay with their own rows: each order’s Gazette scope and excluded classes (recorded defaults 18–<65 and specific_mw_excluded, JP-MW-02, probed in JP-SFMW-SCOPE), the replaced pre-効力発生日 amount where the order took effect after 2025-12-01 (not seeded), the 令和8年度 revision (unpublished), the top-up not raising the overtime base (JP-OT-06) and the in-period split (JP-MW-01).",reference_rows:SPECIFIC_MW; reference_rows.code.SF014; work_rules.derived_lines.SPECIFIC_MINIMUM_WAGE; worksite_facts.specific_mw_industry; terms_facts.specific_mw_excluded,,JP-SFMW-02,2026-10-01
JP-SF015,JP,minimum_wage,"宮城県 specific (industry) minimum wage — 鉄鋼業: 1125円/hour, effective 2025-12-15.","Minimum Wage Act arts. 6, 15–19; MHLW live industry table (https://saiteichingin.mhlw.go.jp/table/page_indlist_nationallist.html)",https://saiteichingin.mhlw.go.jp/table/page_indlist_nationallist.html,2026-09-29,2025-12-15,,VERIFIED,"JP-SFMW-02 (September 2026, passed 2026-10-01) pins the 宮城県 worksite recorded under SF015: specific 1,125 binds over regional 1,038: BASIC 176,460 + SPECIFIC_MINIMUM_WAGE 14,790 = 191,250, with 雇用保険, 労災 and 乙欄/non-resident tax on it. Cross-cutting branches stay with their own rows: each order’s Gazette scope and excluded classes (recorded defaults 18–<65 and specific_mw_excluded, JP-MW-02, probed in JP-SFMW-SCOPE), the replaced pre-効力発生日 amount where the order took effect after 2025-12-01 (not seeded), the 令和8年度 revision (unpublished), the top-up not raising the overtime base (JP-OT-06) and the in-period split (JP-MW-01).",reference_rows:SPECIFIC_MW; reference_rows.code.SF015; work_rules.derived_lines.SPECIFIC_MINIMUM_WAGE; worksite_facts.specific_mw_industry; terms_facts.specific_mw_excluded,,JP-SFMW-02,2026-10-01
JP-SF016,JP,minimum_wage,"宮城県 specific (industry) minimum wage — 電子部品・デバイス・電子回路、電気機械器具、情報通信機械器具製造業: 1077円/hour, effective 2025-12-15; MHLW marks it ※ — the higher regional floor applies instead.","Minimum Wage Act arts. 6, 15–19; MHLW live industry table (https://saiteichingin.mhlw.go.jp/table/page_indlist_nationallist.html)",https://saiteichingin.mhlw.go.jp/table/page_indlist_nationallist.html,2026-09-29,2025-12-15,,VERIFIED,"JP-SFMW-02 (September 2026, passed 2026-10-01) pins the 宮城県 worksite recorded under SF016: specific 1,077 binds over regional 1,038: BASIC 176,460 + SPECIFIC_MINIMUM_WAGE 6,630 = 183,090, with 雇用保険, 労災 and 乙欄/non-resident tax on it. Cross-cutting branches stay with their own rows: each order’s Gazette scope and excluded classes (recorded defaults 18–<65 and specific_mw_excluded, JP-MW-02, probed in JP-SFMW-SCOPE), the replaced pre-効力発生日 amount where the order took effect after 2025-12-01 (not seeded), the 令和8年度 revision (unpublished), the top-up not raising the overtime base (JP-OT-06) and the in-period split (JP-MW-01).",reference_rows:SPECIFIC_MW; reference_rows.code.SF016; work_rules.derived_lines.SPECIFIC_MINIMUM_WAGE; worksite_facts.specific_mw_industry; terms_facts.specific_mw_excluded,,JP-SFMW-02,2026-10-01
JP-SF017,JP,minimum_wage,"宮城県 specific (industry) minimum wage — 自動車小売業: 1101円/hour, effective 2025-12-15.","Minimum Wage Act arts. 6, 15–19; MHLW live industry table (https://saiteichingin.mhlw.go.jp/table/page_indlist_nationallist.html)",https://saiteichingin.mhlw.go.jp/table/page_indlist_nationallist.html,2026-09-29,2025-12-15,,VERIFIED,"JP-SFMW-02 (September 2026, passed 2026-10-01) pins the 宮城県 worksite recorded under SF017: specific 1,101 binds over regional 1,038: BASIC 176,460 + SPECIFIC_MINIMUM_WAGE 10,710 = 187,170, with 雇用保険, 労災 and 乙欄/non-resident tax on it. Cross-cutting branches stay with their own rows: each order’s Gazette scope and excluded classes (recorded defaults 18–<65 and specific_mw_excluded, JP-MW-02, probed in JP-SFMW-SCOPE), the replaced pre-効力発生日 amount where the order took effect after 2025-12-01 (not seeded), the 令和8年度 revision (unpublished), the top-up not raising the overtime base (JP-OT-06) and the in-period split (JP-MW-01).",reference_rows:SPECIFIC_MW; reference_rows.code.SF017; work_rules.derived_lines.SPECIFIC_MINIMUM_WAGE; worksite_facts.specific_mw_industry; terms_facts.specific_mw_excluded,,JP-SFMW-02,2026-10-01
JP-SF018,JP,minimum_wage,"秋田県 specific (industry) minimum wage — 非鉄金属精錬・精製業: 1091円/hour, effective 2025-12-25.","Minimum Wage Act arts. 6, 15–19; MHLW live industry table (https://saiteichingin.mhlw.go.jp/table/page_indlist_nationallist.html)",https://saiteichingin.mhlw.go.jp/table/page_indlist_nationallist.html,2026-09-29,2025-12-25,,VERIFIED,"JP-SFMW-02 (September 2026, passed 2026-10-01) pins the 秋田県 worksite recorded under SF018: specific 1,091 binds over regional 1,031: BASIC 175,270 + SPECIFIC_MINIMUM_WAGE 10,200 = 185,470, with 雇用保険, 労災 and 乙欄/non-resident tax on it. Cross-cutting branches stay with their own rows: each order’s Gazette scope and excluded classes (recorded defaults 18–<65 and specific_mw_excluded, JP-MW-02, probed in JP-SFMW-SCOPE), the replaced pre-効力発生日 amount where the order took effect after 2025-12-01 (not seeded), the 令和8年度 revision (unpublished), the top-up not raising the overtime base (JP-OT-06) and the in-period split (JP-MW-01).",reference_rows:SPECIFIC_MW; reference_rows.code.SF018; work_rules.derived_lines.SPECIFIC_MINIMUM_WAGE; worksite_facts.specific_mw_industry; terms_facts.specific_mw_excluded,,JP-SFMW-02,2026-10-01
JP-SF019,JP,minimum_wage,"秋田県 specific (industry) minimum wage — 電子部品・デバイス・電子回路、電池、電子応用装置、その他の電気機械器具、映像・音響機械器具、電子計算機・同附属装置製造業: 1032円/hour, effective 2026-03-31; MHLW marks it ※ — the higher regional floor applies instead.","Minimum Wage Act arts. 6, 15–19; MHLW live industry table (https://saiteichingin.mhlw.go.jp/table/page_indlist_nationallist.html)",https://saiteichingin.mhlw.go.jp/table/page_indlist_nationallist.html,2026-09-29,2026-03-31,,VERIFIED,"JP-SFMW-02 (September 2026, passed 2026-10-01) pins the 秋田県 worksite recorded under SF019: specific 1,032 binds over regional 1,031: BASIC 175,270 + SPECIFIC_MINIMUM_WAGE 170 = 175,440, with 雇用保険, 労災 and 乙欄/non-resident tax on it. Cross-cutting branches stay with their own rows: each order’s Gazette scope and excluded classes (recorded defaults 18–<65 and specific_mw_excluded, JP-MW-02, probed in JP-SFMW-SCOPE), the replaced pre-効力発生日 amount where the order took effect after 2025-12-01 (not seeded), the 令和8年度 revision (unpublished), the top-up not raising the overtime base (JP-OT-06) and the in-period split (JP-MW-01).",reference_rows:SPECIFIC_MW; reference_rows.code.SF019; work_rules.derived_lines.SPECIFIC_MINIMUM_WAGE; worksite_facts.specific_mw_industry; terms_facts.specific_mw_excluded,,JP-SFMW-02,2026-10-01
JP-SF020,JP,minimum_wage,"秋田県 specific (industry) minimum wage — 自動車・同附属品製造業: 1060円/hour, effective 2026-03-31; MHLW marks it ※ — the higher regional floor applies instead.","Minimum Wage Act arts. 6, 15–19; MHLW live industry table (https://saiteichingin.mhlw.go.jp/table/page_indlist_nationallist.html)",https://saiteichingin.mhlw.go.jp/table/page_indlist_nationallist.html,2026-09-29,2026-03-31,,VERIFIED,"JP-SFMW-02 (September 2026, passed 2026-10-01) pins the 秋田県 worksite recorded under SF020: specific 1,060 binds over regional 1,031: BASIC 175,270 + SPECIFIC_MINIMUM_WAGE 4,930 = 180,200, with 雇用保険, 労災 and 乙欄/non-resident tax on it. Cross-cutting branches stay with their own rows: each order’s Gazette scope and excluded classes (recorded defaults 18–<65 and specific_mw_excluded, JP-MW-02, probed in JP-SFMW-SCOPE), the replaced pre-効力発生日 amount where the order took effect after 2025-12-01 (not seeded), the 令和8年度 revision (unpublished), the top-up not raising the overtime base (JP-OT-06) and the in-period split (JP-MW-01).",reference_rows:SPECIFIC_MW; reference_rows.code.SF020; work_rules.derived_lines.SPECIFIC_MINIMUM_WAGE; worksite_facts.specific_mw_industry; terms_facts.specific_mw_excluded,,JP-SFMW-02,2026-10-01
JP-SF021,JP,minimum_wage,"秋田県 specific (industry) minimum wage — 自動車(新車)、自動車部分品・附属品小売業: 1032円/hour, effective 2026-03-31; MHLW marks it ※ — the higher regional floor applies instead.","Minimum Wage Act arts. 6, 15–19; MHLW live industry table (https://saiteichingin.mhlw.go.jp/table/page_indlist_nationallist.html)",https://saiteichingin.mhlw.go.jp/table/page_indlist_nationallist.html,2026-09-29,2026-03-31,,VERIFIED,"JP-SFMW-03 (September 2026, passed 2026-10-01) pins the 秋田県 worksite recorded under SF021: specific 1,032 binds over regional 1,031: BASIC 175,270 + SPECIFIC_MINIMUM_WAGE 170 = 175,440, with 雇用保険, 労災 and 乙欄/non-resident tax on it. Cross-cutting branches stay with their own rows: each order’s Gazette scope and excluded classes (recorded defaults 18–<65 and specific_mw_excluded, JP-MW-02, probed in JP-SFMW-SCOPE), the replaced pre-効力発生日 amount where the order took effect after 2025-12-01 (not seeded), the 令和8年度 revision (unpublished), the top-up not raising the overtime base (JP-OT-06) and the in-period split (JP-MW-01).",reference_rows:SPECIFIC_MW; reference_rows.code.SF021; work_rules.derived_lines.SPECIFIC_MINIMUM_WAGE; worksite_facts.specific_mw_industry; terms_facts.specific_mw_excluded,,JP-SFMW-03,2026-10-01
JP-SF022,JP,minimum_wage,"山形県 specific (industry) minimum wage — ポンプ・圧縮機器、一般産業用機械・装置、他に分類されないはん用機械・装置、化学機械・同装置、真空装置・真空機器製造業: 1070円/hour, effective 2025-12-23.","Minimum Wage Act arts. 6, 15–19; MHLW live industry table (https://saiteichingin.mhlw.go.jp/table/page_indlist_nationallist.html)",https://saiteichingin.mhlw.go.jp/table/page_indlist_nationallist.html,2026-09-29,2025-12-23,,VERIFIED,"JP-SFMW-03 (September 2026, passed 2026-10-01) pins the 山形県 worksite recorded under SF022: specific 1,070 binds over regional 1,032: BASIC 175,440 + SPECIFIC_MINIMUM_WAGE 6,460 = 181,900, with 雇用保険, 労災 and 乙欄/non-resident tax on it. Cross-cutting branches stay with their own rows: each order’s Gazette scope and excluded classes (recorded defaults 18–<65 and specific_mw_excluded, JP-MW-02, probed in JP-SFMW-SCOPE), the replaced pre-効力発生日 amount where the order took effect after 2025-12-01 (not seeded), the 令和8年度 revision (unpublished), the top-up not raising the overtime base (JP-OT-06) and the in-period split (JP-MW-01).",reference_rows:SPECIFIC_MW; reference_rows.code.SF022; work_rules.derived_lines.SPECIFIC_MINIMUM_WAGE; worksite_facts.specific_mw_industry; terms_facts.specific_mw_excluded,,JP-SFMW-03,2026-10-01
JP-SF023,JP,minimum_wage,"山形県 specific (industry) minimum wage — 電子部品・デバイス・電子回路、電気機械器具、情報通信機械器具製造業: 1055円/hour, effective 2025-12-23.","Minimum Wage Act arts. 6, 15–19; MHLW live industry table (https://saiteichingin.mhlw.go.jp/table/page_indlist_nationallist.html)",https://saiteichingin.mhlw.go.jp/table/page_indlist_nationallist.html,2026-09-29,2025-12-23,,VERIFIED,"JP-SFMW-03 (September 2026, passed 2026-10-01) pins the 山形県 worksite recorded under SF023: specific 1,055 binds over regional 1,032: BASIC 175,440 + SPECIFIC_MINIMUM_WAGE 3,910 = 179,350, with 雇用保険, 労災 and 乙欄/non-resident tax on it. Cross-cutting branches stay with their own rows: each order’s Gazette scope and excluded classes (recorded defaults 18–<65 and specific_mw_excluded, JP-MW-02, probed in JP-SFMW-SCOPE), the replaced pre-効力発生日 amount where the order took effect after 2025-12-01 (not seeded), the 令和8年度 revision (unpublished), the top-up not raising the overtime base (JP-OT-06) and the in-period split (JP-MW-01).",reference_rows:SPECIFIC_MW; reference_rows.code.SF023; work_rules.derived_lines.SPECIFIC_MINIMUM_WAGE; worksite_facts.specific_mw_industry; terms_facts.specific_mw_excluded,,JP-SFMW-03,2026-10-01
JP-SF024,JP,minimum_wage,"山形県 specific (industry) minimum wage — 自動車・同附属品製造業: 1070円/hour, effective 2025-12-23.","Minimum Wage Act arts. 6, 15–19; MHLW live industry table (https://saiteichingin.mhlw.go.jp/table/page_indlist_nationallist.html)",https://saiteichingin.mhlw.go.jp/table/page_indlist_nationallist.html,2026-09-29,2025-12-23,,VERIFIED,"JP-SFMW-03 (September 2026, passed 2026-10-01) pins the 山形県 worksite recorded under SF024: specific 1,070 binds over regional 1,032: BASIC 175,440 + SPECIFIC_MINIMUM_WAGE 6,460 = 181,900, with 雇用保険, 労災 and 乙欄/non-resident tax on it. Cross-cutting branches stay with their own rows: each order’s Gazette scope and excluded classes (recorded defaults 18–<65 and specific_mw_excluded, JP-MW-02, probed in JP-SFMW-SCOPE), the replaced pre-効力発生日 amount where the order took effect after 2025-12-01 (not seeded), the 令和8年度 revision (unpublished), the top-up not raising the overtime base (JP-OT-06) and the in-period split (JP-MW-01).",reference_rows:SPECIFIC_MW; reference_rows.code.SF024; work_rules.derived_lines.SPECIFIC_MINIMUM_WAGE; worksite_facts.specific_mw_industry; terms_facts.specific_mw_excluded,,JP-SFMW-03,2026-10-01
JP-SF025,JP,minimum_wage,"山形県 specific (industry) minimum wage — 自動車整備業: 1017円/hour, effective 2024-12-25.","Minimum Wage Act arts. 6, 15–19; MHLW live industry table (https://saiteichingin.mhlw.go.jp/table/page_indlist_nationallist.html)",https://saiteichingin.mhlw.go.jp/table/page_indlist_nationallist.html,2026-09-29,2024-12-25,,VERIFIED,"JP-SFMW-03 (September 2026, passed 2026-10-01) pins the 山形県 worksite recorded under SF025: regional 1,032 binds over specific 1,017: 175,440, with 雇用保険, 労災 and 乙欄/non-resident tax on it. Cross-cutting branches stay with their own rows: each order’s Gazette scope and excluded classes (recorded defaults 18–<65 and specific_mw_excluded, JP-MW-02, probed in JP-SFMW-SCOPE), the replaced pre-効力発生日 amount where the order took effect after 2025-12-01 (not seeded), the 令和8年度 revision (unpublished), the top-up not raising the overtime base (JP-OT-06) and the in-period split (JP-MW-01).",reference_rows:SPECIFIC_MW; reference_rows.code.SF025; work_rules.derived_lines.SPECIFIC_MINIMUM_WAGE; worksite_facts.specific_mw_industry; terms_facts.specific_mw_excluded,,JP-SFMW-03,2026-10-01
JP-SF026,JP,minimum_wage,"福島県 specific (industry) minimum wage — 非鉄金属製造業: 996円/hour, effective 2025-01-04; MHLW marks it ※ — the higher regional floor applies instead.","Minimum Wage Act arts. 6, 15–19; MHLW live industry table (https://saiteichingin.mhlw.go.jp/table/page_indlist_nationallist.html)",https://saiteichingin.mhlw.go.jp/table/page_indlist_nationallist.html,2026-09-29,2025-01-04,,VERIFIED,"JP-SFMW-03 (September 2026, passed 2026-10-01) pins the 福島県 worksite recorded under SF026: regional 1,033 binds over specific 996: 175,610, with 雇用保険, 労災 and 乙欄/non-resident tax on it. Cross-cutting branches stay with their own rows: each order’s Gazette scope and excluded classes (recorded defaults 18–<65 and specific_mw_excluded, JP-MW-02, probed in JP-SFMW-SCOPE), the replaced pre-効力発生日 amount where the order took effect after 2025-12-01 (not seeded), the 令和8年度 revision (unpublished), the top-up not raising the overtime base (JP-OT-06) and the in-period split (JP-MW-01).",reference_rows:SPECIFIC_MW; reference_rows.code.SF026; work_rules.derived_lines.SPECIFIC_MINIMUM_WAGE; worksite_facts.specific_mw_industry; terms_facts.specific_mw_excluded,,JP-SFMW-03,2026-10-01
JP-SF027,JP,minimum_wage,"福島県 specific (industry) minimum wage — 電子部品・デバイス・電子回路、電気機械器具、情報通信機械器具製造業: 880円/hour, effective 2022-12-30; MHLW marks it ※ — the higher regional floor applies instead.","Minimum Wage Act arts. 6, 15–19; MHLW live industry table (https://saiteichingin.mhlw.go.jp/table/page_indlist_nationallist.html)",https://saiteichingin.mhlw.go.jp/table/page_indlist_nationallist.html,2026-09-29,2022-12-30,,VERIFIED,"JP-SFMW-03 (September 2026, passed 2026-10-01) pins the 福島県 worksite recorded under SF027: regional 1,033 binds over specific 880: 175,610, with 雇用保険, 労災 and 乙欄/non-resident tax on it. Cross-cutting branches stay with their own rows: each order’s Gazette scope and excluded classes (recorded defaults 18–<65 and specific_mw_excluded, JP-MW-02, probed in JP-SFMW-SCOPE), the replaced pre-効力発生日 amount where the order took effect after 2025-12-01 (not seeded), the 令和8年度 revision (unpublished), the top-up not raising the overtime base (JP-OT-06) and the in-period split (JP-MW-01).",reference_rows:SPECIFIC_MW; reference_rows.code.SF027; work_rules.derived_lines.SPECIFIC_MINIMUM_WAGE; worksite_facts.specific_mw_industry; terms_facts.specific_mw_excluded,,JP-SFMW-03,2026-10-01
JP-SF028,JP,minimum_wage,"福島県 specific (industry) minimum wage — 輸送用機械器具製造業: 1005円/hour, effective 2024-12-21; MHLW marks it ※ — the higher regional floor applies instead.","Minimum Wage Act arts. 6, 15–19; MHLW live industry table (https://saiteichingin.mhlw.go.jp/table/page_indlist_nationallist.html)",https://saiteichingin.mhlw.go.jp/table/page_indlist_nationallist.html,2026-09-29,2024-12-21,,VERIFIED,"JP-SFMW-03 (September 2026, passed 2026-10-01) pins the 福島県 worksite recorded under SF028: regional 1,033 binds over specific 1,005: 175,610, with 雇用保険, 労災 and 乙欄/non-resident tax on it. Cross-cutting branches stay with their own rows: each order’s Gazette scope and excluded classes (recorded defaults 18–<65 and specific_mw_excluded, JP-MW-02, probed in JP-SFMW-SCOPE), the replaced pre-効力発生日 amount where the order took effect after 2025-12-01 (not seeded), the 令和8年度 revision (unpublished), the top-up not raising the overtime base (JP-OT-06) and the in-period split (JP-MW-01).",reference_rows:SPECIFIC_MW; reference_rows.code.SF028; work_rules.derived_lines.SPECIFIC_MINIMUM_WAGE; worksite_facts.specific_mw_industry; terms_facts.specific_mw_excluded,,JP-SFMW-03,2026-10-01
JP-SF029,JP,minimum_wage,"福島県 specific (industry) minimum wage — 計量器・測定器・分析機器・試験機・測量機械器具・理化学機械器具、時計・同部品、眼鏡製造業: 928円/hour, effective 2024-01-12; MHLW marks it ※ — the higher regional floor applies instead.","Minimum Wage Act arts. 6, 15–19; MHLW live industry table (https://saiteichingin.mhlw.go.jp/table/page_indlist_nationallist.html)",https://saiteichingin.mhlw.go.jp/table/page_indlist_nationallist.html,2026-09-29,2024-01-12,,VERIFIED,"JP-SFMW-03 (September 2026, passed 2026-10-01) pins the 福島県 worksite recorded under SF029: regional 1,033 binds over specific 928: 175,610, with 雇用保険, 労災 and 乙欄/non-resident tax on it. Cross-cutting branches stay with their own rows: each order’s Gazette scope and excluded classes (recorded defaults 18–<65 and specific_mw_excluded, JP-MW-02, probed in JP-SFMW-SCOPE), the replaced pre-効力発生日 amount where the order took effect after 2025-12-01 (not seeded), the 令和8年度 revision (unpublished), the top-up not raising the overtime base (JP-OT-06) and the in-period split (JP-MW-01).",reference_rows:SPECIFIC_MW; reference_rows.code.SF029; work_rules.derived_lines.SPECIFIC_MINIMUM_WAGE; worksite_facts.specific_mw_industry; terms_facts.specific_mw_excluded,,JP-SFMW-03,2026-10-01
JP-SF030,JP,minimum_wage,"福島県 specific (industry) minimum wage — 自動車小売業: 1098円/hour, effective 2026-01-08.","Minimum Wage Act arts. 6, 15–19; MHLW live industry table (https://saiteichingin.mhlw.go.jp/table/page_indlist_nationallist.html)",https://saiteichingin.mhlw.go.jp/table/page_indlist_nationallist.html,2026-09-29,2026-01-08,,VERIFIED,"JP-SFMW-03 (September 2026, passed 2026-10-01) pins the 福島県 worksite recorded under SF030: specific 1,098 binds over regional 1,033: BASIC 175,610 + SPECIFIC_MINIMUM_WAGE 11,050 = 186,660, with 雇用保険, 労災 and 乙欄/non-resident tax on it. Cross-cutting branches stay with their own rows: each order’s Gazette scope and excluded classes (recorded defaults 18–<65 and specific_mw_excluded, JP-MW-02, probed in JP-SFMW-SCOPE), the replaced pre-効力発生日 amount where the order took effect after 2025-12-01 (not seeded), the 令和8年度 revision (unpublished), the top-up not raising the overtime base (JP-OT-06) and the in-period split (JP-MW-01).",reference_rows:SPECIFIC_MW; reference_rows.code.SF030; work_rules.derived_lines.SPECIFIC_MINIMUM_WAGE; worksite_facts.specific_mw_industry; terms_facts.specific_mw_excluded,,JP-SFMW-03,2026-10-01
JP-SF031,JP,minimum_wage,"東京都 specific (industry) minimum wage — 鉄鋼業: 871円/hour, effective 2014-03-23; MHLW marks it ※ — the higher regional floor applies instead.","Minimum Wage Act arts. 6, 15–19; MHLW live industry table (https://saiteichingin.mhlw.go.jp/table/page_indlist_nationallist.html)",https://saiteichingin.mhlw.go.jp/table/page_indlist_nationallist.html,2026-09-29,2014-03-23,,VERIFIED,"JP-SFMW-04 (September 2026, passed 2026-10-01) pins the 東京都 worksite recorded under SF031: regional 1,226 binds over specific 871: 208,420, with 雇用保険, 労災 and 乙欄/non-resident tax on it. Cross-cutting branches stay with their own rows: each order’s Gazette scope and excluded classes (recorded defaults 18–<65 and specific_mw_excluded, JP-MW-02, probed in JP-SFMW-SCOPE), the replaced pre-効力発生日 amount where the order took effect after 2025-12-01 (not seeded), the 令和8年度 revision (unpublished), the top-up not raising the overtime base (JP-OT-06) and the in-period split (JP-MW-01).",reference_rows:SPECIFIC_MW; reference_rows.code.SF031; work_rules.derived_lines.SPECIFIC_MINIMUM_WAGE; worksite_facts.specific_mw_industry; terms_facts.specific_mw_excluded,,JP-SFMW-04,2026-10-01
JP-SF032,JP,minimum_wage,"東京都 specific (industry) minimum wage — はん用機械器具、生産用機械器具製造業: 832円/hour, effective 2010-12-31; MHLW marks it ※ — the higher regional floor applies instead.","Minimum Wage Act arts. 6, 15–19; MHLW live industry table (https://saiteichingin.mhlw.go.jp/table/page_indlist_nationallist.html)",https://saiteichingin.mhlw.go.jp/table/page_indlist_nationallist.html,2026-09-29,2010-12-31,,VERIFIED,"JP-SFMW-04 (September 2026, passed 2026-10-01) pins the 東京都 worksite recorded under SF032: regional 1,226 binds over specific 832: 208,420, with 雇用保険, 労災 and 乙欄/non-resident tax on it. Cross-cutting branches stay with their own rows: each order’s Gazette scope and excluded classes (recorded defaults 18–<65 and specific_mw_excluded, JP-MW-02, probed in JP-SFMW-SCOPE), the replaced pre-効力発生日 amount where the order took effect after 2025-12-01 (not seeded), the 令和8年度 revision (unpublished), the top-up not raising the overtime base (JP-OT-06) and the in-period split (JP-MW-01).",reference_rows:SPECIFIC_MW; reference_rows.code.SF032; work_rules.derived_lines.SPECIFIC_MINIMUM_WAGE; worksite_facts.specific_mw_industry; terms_facts.specific_mw_excluded,,JP-SFMW-04,2026-10-01
JP-SF033,JP,minimum_wage,"東京都 specific (industry) minimum wage — 業務用機械器具、電気機械器具、情報通信機械器具、時計・同部分品、眼鏡製造業: 829円/hour, effective 2010-12-31; MHLW marks it ※ — the higher regional floor applies instead.","Minimum Wage Act arts. 6, 15–19; MHLW live industry table (https://saiteichingin.mhlw.go.jp/table/page_indlist_nationallist.html)",https://saiteichingin.mhlw.go.jp/table/page_indlist_nationallist.html,2026-09-29,2010-12-31,,VERIFIED,"JP-SFMW-04 (September 2026, passed 2026-10-01) pins the 東京都 worksite recorded under SF033: regional 1,226 binds over specific 829: 208,420, with 雇用保険, 労災 and 乙欄/non-resident tax on it. Cross-cutting branches stay with their own rows: each order’s Gazette scope and excluded classes (recorded defaults 18–<65 and specific_mw_excluded, JP-MW-02, probed in JP-SFMW-SCOPE), the replaced pre-効力発生日 amount where the order took effect after 2025-12-01 (not seeded), the 令和8年度 revision (unpublished), the top-up not raising the overtime base (JP-OT-06) and the in-period split (JP-MW-01).",reference_rows:SPECIFIC_MW; reference_rows.code.SF033; work_rules.derived_lines.SPECIFIC_MINIMUM_WAGE; worksite_facts.specific_mw_industry; terms_facts.specific_mw_excluded,,JP-SFMW-04,2026-10-01
JP-SF034,JP,minimum_wage,"東京都 specific (industry) minimum wage — 自動車・同附属品製造業、船舶製造・修理業，舶用機関製造業、航空機・同附属品製造業: 838円/hour, effective 2012-02-18; MHLW marks it ※ — the higher regional floor applies instead.","Minimum Wage Act arts. 6, 15–19; MHLW live industry table (https://saiteichingin.mhlw.go.jp/table/page_indlist_nationallist.html)",https://saiteichingin.mhlw.go.jp/table/page_indlist_nationallist.html,2026-09-29,2012-02-18,,VERIFIED,"JP-SFMW-04 (September 2026, passed 2026-10-01) pins the 東京都 worksite recorded under SF034: regional 1,226 binds over specific 838: 208,420, with 雇用保険, 労災 and 乙欄/non-resident tax on it. Cross-cutting branches stay with their own rows: each order’s Gazette scope and excluded classes (recorded defaults 18–<65 and specific_mw_excluded, JP-MW-02, probed in JP-SFMW-SCOPE), the replaced pre-効力発生日 amount where the order took effect after 2025-12-01 (not seeded), the 令和8年度 revision (unpublished), the top-up not raising the overtime base (JP-OT-06) and the in-period split (JP-MW-01).",reference_rows:SPECIFIC_MW; reference_rows.code.SF034; work_rules.derived_lines.SPECIFIC_MINIMUM_WAGE; worksite_facts.specific_mw_industry; terms_facts.specific_mw_excluded,,JP-SFMW-04,2026-10-01
JP-SF035,JP,minimum_wage,"茨城県 specific (industry) minimum wage — 鉄鋼業: 1166円/hour, effective 2026-03-01.","Minimum Wage Act arts. 6, 15–19; MHLW live industry table (https://saiteichingin.mhlw.go.jp/table/page_indlist_nationallist.html)",https://saiteichingin.mhlw.go.jp/table/page_indlist_nationallist.html,2026-09-29,2026-03-01,,VERIFIED,"JP-SFMW-04 (September 2026, passed 2026-10-01) pins the 茨城県 worksite recorded under SF035: specific 1,166 binds over regional 1,074: BASIC 182,580 + SPECIFIC_MINIMUM_WAGE 15,640 = 198,220, with 雇用保険, 労災 and 乙欄/non-resident tax on it. Cross-cutting branches stay with their own rows: each order’s Gazette scope and excluded classes (recorded defaults 18–<65 and specific_mw_excluded, JP-MW-02, probed in JP-SFMW-SCOPE), the replaced pre-効力発生日 amount where the order took effect after 2025-12-01 (not seeded), the 令和8年度 revision (unpublished), the top-up not raising the overtime base (JP-OT-06) and the in-period split (JP-MW-01).",reference_rows:SPECIFIC_MW; reference_rows.code.SF035; work_rules.derived_lines.SPECIFIC_MINIMUM_WAGE; worksite_facts.specific_mw_industry; terms_facts.specific_mw_excluded,,JP-SFMW-04,2026-10-01
JP-SF036,JP,minimum_wage,"茨城県 specific (industry) minimum wage — はん用機械器具、生産用機械器具、業務用機械器具製造業: 1105円/hour, effective 2026-03-01; MHLW marks it ※ — the higher regional floor applies instead.","Minimum Wage Act arts. 6, 15–19; MHLW live industry table (https://saiteichingin.mhlw.go.jp/table/page_indlist_nationallist.html)",https://saiteichingin.mhlw.go.jp/table/page_indlist_nationallist.html,2026-09-29,2026-03-01,,VERIFIED,"JP-SFMW-04 (September 2026, passed 2026-10-01) pins the 茨城県 worksite recorded under SF036: specific 1,105 binds over regional 1,074: BASIC 182,580 + SPECIFIC_MINIMUM_WAGE 5,270 = 187,850, with 雇用保険, 労災 and 乙欄/non-resident tax on it. Cross-cutting branches stay with their own rows: each order’s Gazette scope and excluded classes (recorded defaults 18–<65 and specific_mw_excluded, JP-MW-02, probed in JP-SFMW-SCOPE), the replaced pre-効力発生日 amount where the order took effect after 2025-12-01 (not seeded), the 令和8年度 revision (unpublished), the top-up not raising the overtime base (JP-OT-06) and the in-period split (JP-MW-01).",reference_rows:SPECIFIC_MW; reference_rows.code.SF036; work_rules.derived_lines.SPECIFIC_MINIMUM_WAGE; worksite_facts.specific_mw_industry; terms_facts.specific_mw_excluded,,JP-SFMW-04,2026-10-01
JP-SF037,JP,minimum_wage,"茨城県 specific (industry) minimum wage — 計量器・測定器・分析機器・試験機・理化学機械器具、医療用機械器具・医療用品、光学機械器具・レンズ、電子部品･デバイス・電子回路、電気機械器具、情報通信機械器具、時計・同部分品製造業: 1115円/hour, effective 2026-03-19; MHLW marks it ※ — the higher regional floor applies instead.","Minimum Wage Act arts. 6, 15–19; MHLW live industry table (https://saiteichingin.mhlw.go.jp/table/page_indlist_nationallist.html)",https://saiteichingin.mhlw.go.jp/table/page_indlist_nationallist.html,2026-09-29,2026-03-19,,VERIFIED,"JP-SFMW-04 (September 2026, passed 2026-10-01) pins the 茨城県 worksite recorded under SF037: specific 1,115 binds over regional 1,074: BASIC 182,580 + SPECIFIC_MINIMUM_WAGE 6,970 = 189,550, with 雇用保険, 労災 and 乙欄/non-resident tax on it. Cross-cutting branches stay with their own rows: each order’s Gazette scope and excluded classes (recorded defaults 18–<65 and specific_mw_excluded, JP-MW-02, probed in JP-SFMW-SCOPE), the replaced pre-効力発生日 amount where the order took effect after 2025-12-01 (not seeded), the 令和8年度 revision (unpublished), the top-up not raising the overtime base (JP-OT-06) and the in-period split (JP-MW-01).",reference_rows:SPECIFIC_MW; reference_rows.code.SF037; work_rules.derived_lines.SPECIFIC_MINIMUM_WAGE; worksite_facts.specific_mw_industry; terms_facts.specific_mw_excluded,,JP-SFMW-04,2026-10-01
JP-SF038,JP,minimum_wage,"茨城県 specific (industry) minimum wage — 各種商品小売業: 881円/hour, effective 2021-12-31; MHLW marks it ※ — the higher regional floor applies instead.","Minimum Wage Act arts. 6, 15–19; MHLW live industry table (https://saiteichingin.mhlw.go.jp/table/page_indlist_nationallist.html)",https://saiteichingin.mhlw.go.jp/table/page_indlist_nationallist.html,2026-09-29,2021-12-31,,VERIFIED,"JP-SFMW-04 (September 2026, passed 2026-10-01) pins the 茨城県 worksite recorded under SF038: regional 1,074 binds over specific 881: 182,580, with 雇用保険, 労災 and 乙欄/non-resident tax on it. Cross-cutting branches stay with their own rows: each order’s Gazette scope and excluded classes (recorded defaults 18–<65 and specific_mw_excluded, JP-MW-02, probed in JP-SFMW-SCOPE), the replaced pre-効力発生日 amount where the order took effect after 2025-12-01 (not seeded), the 令和8年度 revision (unpublished), the top-up not raising the overtime base (JP-OT-06) and the in-period split (JP-MW-01).",reference_rows:SPECIFIC_MW; reference_rows.code.SF038; work_rules.derived_lines.SPECIFIC_MINIMUM_WAGE; worksite_facts.specific_mw_industry; terms_facts.specific_mw_excluded,,JP-SFMW-04,2026-10-01
JP-SF039,JP,minimum_wage,"栃木県 specific (industry) minimum wage — 塗料製造業: 1159円/hour, effective 2025-12-31.","Minimum Wage Act arts. 6, 15–19; MHLW live industry table (https://saiteichingin.mhlw.go.jp/table/page_indlist_nationallist.html)",https://saiteichingin.mhlw.go.jp/table/page_indlist_nationallist.html,2026-09-29,2025-12-31,,VERIFIED,"JP-SFMW-04 (September 2026, passed 2026-10-01) pins the 栃木県 worksite recorded under SF039: specific 1,159 binds over regional 1,068: BASIC 181,560 + SPECIFIC_MINIMUM_WAGE 15,470 = 197,030, with 雇用保険, 労災 and 乙欄/non-resident tax on it. Cross-cutting branches stay with their own rows: each order’s Gazette scope and excluded classes (recorded defaults 18–<65 and specific_mw_excluded, JP-MW-02, probed in JP-SFMW-SCOPE), the replaced pre-効力発生日 amount where the order took effect after 2025-12-01 (not seeded), the 令和8年度 revision (unpublished), the top-up not raising the overtime base (JP-OT-06) and the in-period split (JP-MW-01).",reference_rows:SPECIFIC_MW; reference_rows.code.SF039; work_rules.derived_lines.SPECIFIC_MINIMUM_WAGE; worksite_facts.specific_mw_industry; terms_facts.specific_mw_excluded,,JP-SFMW-04,2026-10-01
JP-SF040,JP,minimum_wage,"栃木県 specific (industry) minimum wage — はん用機械器具、生産用機械器具、業務用機械器具製造業: 1070円/hour, effective 2025-12-31; MHLW marks it ※ — the higher regional floor applies instead.","Minimum Wage Act arts. 6, 15–19; MHLW live industry table (https://saiteichingin.mhlw.go.jp/table/page_indlist_nationallist.html)",https://saiteichingin.mhlw.go.jp/table/page_indlist_nationallist.html,2026-09-29,2025-12-31,,VERIFIED,"JP-SFMW-04 (September 2026, passed 2026-10-01) pins the 栃木県 worksite recorded under SF040: specific 1,070 binds over regional 1,068: BASIC 181,560 + SPECIFIC_MINIMUM_WAGE 340 = 181,900, with 雇用保険, 労災 and 乙欄/non-resident tax on it. Cross-cutting branches stay with their own rows: each order’s Gazette scope and excluded classes (recorded defaults 18–<65 and specific_mw_excluded, JP-MW-02, probed in JP-SFMW-SCOPE), the replaced pre-効力発生日 amount where the order took effect after 2025-12-01 (not seeded), the 令和8年度 revision (unpublished), the top-up not raising the overtime base (JP-OT-06) and the in-period split (JP-MW-01).",reference_rows:SPECIFIC_MW; reference_rows.code.SF040; work_rules.derived_lines.SPECIFIC_MINIMUM_WAGE; worksite_facts.specific_mw_industry; terms_facts.specific_mw_excluded,,JP-SFMW-04,2026-10-01
JP-SF041,JP,minimum_wage,"栃木県 specific (industry) minimum wage — 電子部品・デバイス・電子回路、電気機械器具、情報通信機械器具製造業: 1105円/hour, effective 2025-12-31; MHLW marks it ※ — the higher regional floor applies instead.","Minimum Wage Act arts. 6, 15–19; MHLW live industry table (https://saiteichingin.mhlw.go.jp/table/page_indlist_nationallist.html)",https://saiteichingin.mhlw.go.jp/table/page_indlist_nationallist.html,2026-09-29,2025-12-31,,VERIFIED,"JP-SFMW-05 (September 2026, passed 2026-10-01) pins the 栃木県 worksite recorded under SF041: specific 1,105 binds over regional 1,068: BASIC 181,560 + SPECIFIC_MINIMUM_WAGE 6,290 = 187,850, with 雇用保険, 労災 and 乙欄/non-resident tax on it. Cross-cutting branches stay with their own rows: each order’s Gazette scope and excluded classes (recorded defaults 18–<65 and specific_mw_excluded, JP-MW-02, probed in JP-SFMW-SCOPE), the replaced pre-効力発生日 amount where the order took effect after 2025-12-01 (not seeded), the 令和8年度 revision (unpublished), the top-up not raising the overtime base (JP-OT-06) and the in-period split (JP-MW-01).",reference_rows:SPECIFIC_MW; reference_rows.code.SF041; work_rules.derived_lines.SPECIFIC_MINIMUM_WAGE; worksite_facts.specific_mw_industry; terms_facts.specific_mw_excluded,,JP-SFMW-05,2026-10-01
JP-SF042,JP,minimum_wage,"栃木県 specific (industry) minimum wage — 自動車・同附属品製造業: 1114円/hour, effective 2025-12-31; MHLW marks it ※ — the higher regional floor applies instead.","Minimum Wage Act arts. 6, 15–19; MHLW live industry table (https://saiteichingin.mhlw.go.jp/table/page_indlist_nationallist.html)",https://saiteichingin.mhlw.go.jp/table/page_indlist_nationallist.html,2026-09-29,2025-12-31,,VERIFIED,"JP-SFMW-05 (September 2026, passed 2026-10-01) pins the 栃木県 worksite recorded under SF042: specific 1,114 binds over regional 1,068: BASIC 181,560 + SPECIFIC_MINIMUM_WAGE 7,820 = 189,380, with 雇用保険, 労災 and 乙欄/non-resident tax on it. Cross-cutting branches stay with their own rows: each order’s Gazette scope and excluded classes (recorded defaults 18–<65 and specific_mw_excluded, JP-MW-02, probed in JP-SFMW-SCOPE), the replaced pre-効力発生日 amount where the order took effect after 2025-12-01 (not seeded), the 令和8年度 revision (unpublished), the top-up not raising the overtime base (JP-OT-06) and the in-period split (JP-MW-01).",reference_rows:SPECIFIC_MW; reference_rows.code.SF042; work_rules.derived_lines.SPECIFIC_MINIMUM_WAGE; worksite_facts.specific_mw_industry; terms_facts.specific_mw_excluded,,JP-SFMW-05,2026-10-01
JP-SF043,JP,minimum_wage,"栃木県 specific (industry) minimum wage — 計量器・測定器・分析機器・試験機・測量機械器具製造業、医療用機械器具・医療用品製造業、光学機械器具・レンズ製造業、医療用計測器製造業、時計・同部分品製造業: 1104円/hour, effective 2025-12-31; MHLW marks it ※ — the higher regional floor applies instead.","Minimum Wage Act arts. 6, 15–19; MHLW live industry table (https://saiteichingin.mhlw.go.jp/table/page_indlist_nationallist.html)",https://saiteichingin.mhlw.go.jp/table/page_indlist_nationallist.html,2026-09-29,2025-12-31,,VERIFIED,"JP-SFMW-05 (September 2026, passed 2026-10-01) pins the 栃木県 worksite recorded under SF043: specific 1,104 binds over regional 1,068: BASIC 181,560 + SPECIFIC_MINIMUM_WAGE 6,120 = 187,680, with 雇用保険, 労災 and 乙欄/non-resident tax on it. Cross-cutting branches stay with their own rows: each order’s Gazette scope and excluded classes (recorded defaults 18–<65 and specific_mw_excluded, JP-MW-02, probed in JP-SFMW-SCOPE), the replaced pre-効力発生日 amount where the order took effect after 2025-12-01 (not seeded), the 令和8年度 revision (unpublished), the top-up not raising the overtime base (JP-OT-06) and the in-period split (JP-MW-01).",reference_rows:SPECIFIC_MW; reference_rows.code.SF043; work_rules.derived_lines.SPECIFIC_MINIMUM_WAGE; worksite_facts.specific_mw_industry; terms_facts.specific_mw_excluded,,JP-SFMW-05,2026-10-01
JP-SF044,JP,minimum_wage,"栃木県 specific (industry) minimum wage — 各種商品小売業: 874円/hour, effective 2020-12-31; MHLW marks it ※ — the higher regional floor applies instead.","Minimum Wage Act arts. 6, 15–19; MHLW live industry table (https://saiteichingin.mhlw.go.jp/table/page_indlist_nationallist.html)",https://saiteichingin.mhlw.go.jp/table/page_indlist_nationallist.html,2026-09-29,2020-12-31,,VERIFIED,"JP-SFMW-05 (September 2026, passed 2026-10-01) pins the 栃木県 worksite recorded under SF044: regional 1,068 binds over specific 874: 181,560, with 雇用保険, 労災 and 乙欄/non-resident tax on it. Cross-cutting branches stay with their own rows: each order’s Gazette scope and excluded classes (recorded defaults 18–<65 and specific_mw_excluded, JP-MW-02, probed in JP-SFMW-SCOPE), the replaced pre-効力発生日 amount where the order took effect after 2025-12-01 (not seeded), the 令和8年度 revision (unpublished), the top-up not raising the overtime base (JP-OT-06) and the in-period split (JP-MW-01).",reference_rows:SPECIFIC_MW; reference_rows.code.SF044; work_rules.derived_lines.SPECIFIC_MINIMUM_WAGE; worksite_facts.specific_mw_industry; terms_facts.specific_mw_excluded,,JP-SFMW-05,2026-10-01
JP-SF045,JP,minimum_wage,"群馬県 specific (industry) minimum wage — 製鋼・製鋼圧延業、鉄素形材製造業: 1131円/hour, effective 2026-01-01.","Minimum Wage Act arts. 6, 15–19; MHLW live industry table (https://saiteichingin.mhlw.go.jp/table/page_indlist_nationallist.html)",https://saiteichingin.mhlw.go.jp/table/page_indlist_nationallist.html,2026-09-29,2026-01-01,,VERIFIED,"JP-SFMW-05 (September 2026, passed 2026-10-01) pins the 群馬県 worksite recorded under SF045: specific 1,131 binds over regional 1,063: BASIC 180,710 + SPECIFIC_MINIMUM_WAGE 11,560 = 192,270, with 雇用保険, 労災 and 乙欄/non-resident tax on it. Cross-cutting branches stay with their own rows: each order’s Gazette scope and excluded classes (recorded defaults 18–<65 and specific_mw_excluded, JP-MW-02, probed in JP-SFMW-SCOPE), the replaced pre-効力発生日 amount where the order took effect after 2025-12-01 (not seeded), the 令和8年度 revision (unpublished), the top-up not raising the overtime base (JP-OT-06) and the in-period split (JP-MW-01).",reference_rows:SPECIFIC_MW; reference_rows.code.SF045; work_rules.derived_lines.SPECIFIC_MINIMUM_WAGE; worksite_facts.specific_mw_industry; terms_facts.specific_mw_excluded,,JP-SFMW-05,2026-10-01
JP-SF046,JP,minimum_wage,"群馬県 specific (industry) minimum wage — ポンプ・圧縮機器、一般産業用機械・装置、その他のはん用機械・同部分品、金属加工機械、その他の生産用機械・同部分品、事務用機械器具、サービス用・娯楽用機械器具製造業: 1120円/hour, effective 2026-01-01.","Minimum Wage Act arts. 6, 15–19; MHLW live industry table (https://saiteichingin.mhlw.go.jp/table/page_indlist_nationallist.html)",https://saiteichingin.mhlw.go.jp/table/page_indlist_nationallist.html,2026-09-29,2026-01-01,,VERIFIED,"JP-SFMW-05 (September 2026, passed 2026-10-01) pins the 群馬県 worksite recorded under SF046: specific 1,120 binds over regional 1,063: BASIC 180,710 + SPECIFIC_MINIMUM_WAGE 9,690 = 190,400, with 雇用保険, 労災 and 乙欄/non-resident tax on it. Cross-cutting branches stay with their own rows: each order’s Gazette scope and excluded classes (recorded defaults 18–<65 and specific_mw_excluded, JP-MW-02, probed in JP-SFMW-SCOPE), the replaced pre-効力発生日 amount where the order took effect after 2025-12-01 (not seeded), the 令和8年度 revision (unpublished), the top-up not raising the overtime base (JP-OT-06) and the in-period split (JP-MW-01).",reference_rows:SPECIFIC_MW; reference_rows.code.SF046; work_rules.derived_lines.SPECIFIC_MINIMUM_WAGE; worksite_facts.specific_mw_industry; terms_facts.specific_mw_excluded,,JP-SFMW-05,2026-10-01
JP-SF047,JP,minimum_wage,"群馬県 specific (industry) minimum wage — 電子部品・デバイス・電子回路、電気機械器具、情報通信機械器具製造業: 1120円/hour, effective 2026-01-01.","Minimum Wage Act arts. 6, 15–19; MHLW live industry table (https://saiteichingin.mhlw.go.jp/table/page_indlist_nationallist.html)",https://saiteichingin.mhlw.go.jp/table/page_indlist_nationallist.html,2026-09-29,2026-01-01,,VERIFIED,"JP-SFMW-05 (September 2026, passed 2026-10-01) pins the 群馬県 worksite recorded under SF047: specific 1,120 binds over regional 1,063: BASIC 180,710 + SPECIFIC_MINIMUM_WAGE 9,690 = 190,400, with 雇用保険, 労災 and 乙欄/non-resident tax on it. Cross-cutting branches stay with their own rows: each order’s Gazette scope and excluded classes (recorded defaults 18–<65 and specific_mw_excluded, JP-MW-02, probed in JP-SFMW-SCOPE), the replaced pre-効力発生日 amount where the order took effect after 2025-12-01 (not seeded), the 令和8年度 revision (unpublished), the top-up not raising the overtime base (JP-OT-06) and the in-period split (JP-MW-01).",reference_rows:SPECIFIC_MW; reference_rows.code.SF047; work_rules.derived_lines.SPECIFIC_MINIMUM_WAGE; worksite_facts.specific_mw_industry; terms_facts.specific_mw_excluded,,JP-SFMW-05,2026-10-01
JP-SF048,JP,minimum_wage,"群馬県 specific (industry) minimum wage — 輸送用機械器具製造業: 1120円/hour, effective 2026-01-01.","Minimum Wage Act arts. 6, 15–19; MHLW live industry table (https://saiteichingin.mhlw.go.jp/table/page_indlist_nationallist.html)",https://saiteichingin.mhlw.go.jp/table/page_indlist_nationallist.html,2026-09-29,2026-01-01,,VERIFIED,"JP-SFMW-05 (September 2026, passed 2026-10-01) pins the 群馬県 worksite recorded under SF048: specific 1,120 binds over regional 1,063: BASIC 180,710 + SPECIFIC_MINIMUM_WAGE 9,690 = 190,400, with 雇用保険, 労災 and 乙欄/non-resident tax on it. Cross-cutting branches stay with their own rows: each order’s Gazette scope and excluded classes (recorded defaults 18–<65 and specific_mw_excluded, JP-MW-02, probed in JP-SFMW-SCOPE), the replaced pre-効力発生日 amount where the order took effect after 2025-12-01 (not seeded), the 令和8年度 revision (unpublished), the top-up not raising the overtime base (JP-OT-06) and the in-period split (JP-MW-01).",reference_rows:SPECIFIC_MW; reference_rows.code.SF048; work_rules.derived_lines.SPECIFIC_MINIMUM_WAGE; worksite_facts.specific_mw_industry; terms_facts.specific_mw_excluded,,JP-SFMW-05,2026-10-01
JP-SF049,JP,minimum_wage,"埼玉県 specific (industry) minimum wage — 非鉄金属製造業: 1161円/hour, effective 2025-12-01; MHLW marks it ※ — the higher regional floor applies instead.","Minimum Wage Act arts. 6, 15–19; MHLW live industry table (https://saiteichingin.mhlw.go.jp/table/page_indlist_nationallist.html)",https://saiteichingin.mhlw.go.jp/table/page_indlist_nationallist.html,2026-09-29,2025-12-01,,VERIFIED,"JP-SFMW-05 (September 2026, passed 2026-10-01) pins the 埼玉県 worksite recorded under SF049: specific 1,161 binds over regional 1,141: BASIC 193,970 + SPECIFIC_MINIMUM_WAGE 3,400 = 197,370, with 雇用保険, 労災 and 乙欄/non-resident tax on it. Cross-cutting branches stay with their own rows: each order’s Gazette scope and excluded classes (recorded defaults 18–<65 and specific_mw_excluded, JP-MW-02, probed in JP-SFMW-SCOPE), the replaced pre-効力発生日 amount where the order took effect after 2025-12-01 (not seeded), the 令和8年度 revision (unpublished), the top-up not raising the overtime base (JP-OT-06) and the in-period split (JP-MW-01).",reference_rows:SPECIFIC_MW; reference_rows.code.SF049; work_rules.derived_lines.SPECIFIC_MINIMUM_WAGE; worksite_facts.specific_mw_industry; terms_facts.specific_mw_excluded,,JP-SFMW-05,2026-10-01
JP-SF050,JP,minimum_wage,"埼玉県 specific (industry) minimum wage — 電子部品・デバイス・電子回路、電気機械器具、情報通信機械器具製造業: 1168円/hour, effective 2025-12-01; MHLW marks it ※ — the higher regional floor applies instead.","Minimum Wage Act arts. 6, 15–19; MHLW live industry table (https://saiteichingin.mhlw.go.jp/table/page_indlist_nationallist.html)",https://saiteichingin.mhlw.go.jp/table/page_indlist_nationallist.html,2026-09-29,2025-12-01,,VERIFIED,"JP-SFMW-05 (September 2026, passed 2026-10-01) pins the 埼玉県 worksite recorded under SF050: specific 1,168 binds over regional 1,141: BASIC 193,970 + SPECIFIC_MINIMUM_WAGE 4,590 = 198,560, with 雇用保険, 労災 and 乙欄/non-resident tax on it. Cross-cutting branches stay with their own rows: each order’s Gazette scope and excluded classes (recorded defaults 18–<65 and specific_mw_excluded, JP-MW-02, probed in JP-SFMW-SCOPE), the replaced pre-効力発生日 amount where the order took effect after 2025-12-01 (not seeded), the 令和8年度 revision (unpublished), the top-up not raising the overtime base (JP-OT-06) and the in-period split (JP-MW-01).",reference_rows:SPECIFIC_MW; reference_rows.code.SF050; work_rules.derived_lines.SPECIFIC_MINIMUM_WAGE; worksite_facts.specific_mw_industry; terms_facts.specific_mw_excluded,,JP-SFMW-05,2026-10-01
JP-SF051,JP,minimum_wage,"埼玉県 specific (industry) minimum wage — 輸送用機械器具製造業: 1165円/hour, effective 2025-12-01; MHLW marks it ※ — the higher regional floor applies instead.","Minimum Wage Act arts. 6, 15–19; MHLW live industry table (https://saiteichingin.mhlw.go.jp/table/page_indlist_nationallist.html)",https://saiteichingin.mhlw.go.jp/table/page_indlist_nationallist.html,2026-09-29,2025-12-01,,VERIFIED,"JP-SFMW-06 (September 2026, passed 2026-10-01) pins the 埼玉県 worksite recorded under SF051: specific 1,165 binds over regional 1,141: BASIC 193,970 + SPECIFIC_MINIMUM_WAGE 4,080 = 198,050, with 雇用保険, 労災 and 乙欄/non-resident tax on it. Cross-cutting branches stay with their own rows: each order’s Gazette scope and excluded classes (recorded defaults 18–<65 and specific_mw_excluded, JP-MW-02, probed in JP-SFMW-SCOPE), the replaced pre-効力発生日 amount where the order took effect after 2025-12-01 (not seeded), the 令和8年度 revision (unpublished), the top-up not raising the overtime base (JP-OT-06) and the in-period split (JP-MW-01).",reference_rows:SPECIFIC_MW; reference_rows.code.SF051; work_rules.derived_lines.SPECIFIC_MINIMUM_WAGE; worksite_facts.specific_mw_industry; terms_facts.specific_mw_excluded,,JP-SFMW-06,2026-10-01
JP-SF052,JP,minimum_wage,"埼玉県 specific (industry) minimum wage — 光学機械器具・レンズ、時計・同部分品製造業: 1177円/hour, effective 2025-12-01; MHLW marks it ※ — the higher regional floor applies instead.","Minimum Wage Act arts. 6, 15–19; MHLW live industry table (https://saiteichingin.mhlw.go.jp/table/page_indlist_nationallist.html)",https://saiteichingin.mhlw.go.jp/table/page_indlist_nationallist.html,2026-09-29,2025-12-01,,VERIFIED,"JP-SFMW-06 (September 2026, passed 2026-10-01) pins the 埼玉県 worksite recorded under SF052: specific 1,177 binds over regional 1,141: BASIC 193,970 + SPECIFIC_MINIMUM_WAGE 6,120 = 200,090, with 雇用保険, 労災 and 乙欄/non-resident tax on it. Cross-cutting branches stay with their own rows: each order’s Gazette scope and excluded classes (recorded defaults 18–<65 and specific_mw_excluded, JP-MW-02, probed in JP-SFMW-SCOPE), the replaced pre-効力発生日 amount where the order took effect after 2025-12-01 (not seeded), the 令和8年度 revision (unpublished), the top-up not raising the overtime base (JP-OT-06) and the in-period split (JP-MW-01).",reference_rows:SPECIFIC_MW; reference_rows.code.SF052; work_rules.derived_lines.SPECIFIC_MINIMUM_WAGE; worksite_facts.specific_mw_industry; terms_facts.specific_mw_excluded,,JP-SFMW-06,2026-10-01
JP-SF053,JP,minimum_wage,"埼玉県 specific (industry) minimum wage — 各種商品小売業: 849円/hour, effective 2016-12-01; MHLW marks it ※ — the higher regional floor applies instead.","Minimum Wage Act arts. 6, 15–19; MHLW live industry table (https://saiteichingin.mhlw.go.jp/table/page_indlist_nationallist.html)",https://saiteichingin.mhlw.go.jp/table/page_indlist_nationallist.html,2026-09-29,2016-12-01,,VERIFIED,"JP-SFMW-06 (September 2026, passed 2026-10-01) pins the 埼玉県 worksite recorded under SF053: regional 1,141 binds over specific 849: 193,970, with 雇用保険, 労災 and 乙欄/non-resident tax on it. Cross-cutting branches stay with their own rows: each order’s Gazette scope and excluded classes (recorded defaults 18–<65 and specific_mw_excluded, JP-MW-02, probed in JP-SFMW-SCOPE), the replaced pre-効力発生日 amount where the order took effect after 2025-12-01 (not seeded), the 令和8年度 revision (unpublished), the top-up not raising the overtime base (JP-OT-06) and the in-period split (JP-MW-01).",reference_rows:SPECIFIC_MW; reference_rows.code.SF053; work_rules.derived_lines.SPECIFIC_MINIMUM_WAGE; worksite_facts.specific_mw_industry; terms_facts.specific_mw_excluded,,JP-SFMW-06,2026-10-01
JP-SF054,JP,minimum_wage,"埼玉県 specific (industry) minimum wage — 自動車小売業: 1152円/hour, effective 2025-12-01; MHLW marks it ※ — the higher regional floor applies instead.","Minimum Wage Act arts. 6, 15–19; MHLW live industry table (https://saiteichingin.mhlw.go.jp/table/page_indlist_nationallist.html)",https://saiteichingin.mhlw.go.jp/table/page_indlist_nationallist.html,2026-09-29,2025-12-01,,VERIFIED,"JP-SFMW-06 (September 2026, passed 2026-10-01) pins the 埼玉県 worksite recorded under SF054: specific 1,152 binds over regional 1,141: BASIC 193,970 + SPECIFIC_MINIMUM_WAGE 1,870 = 195,840, with 雇用保険, 労災 and 乙欄/non-resident tax on it. Cross-cutting branches stay with their own rows: each order’s Gazette scope and excluded classes (recorded defaults 18–<65 and specific_mw_excluded, JP-MW-02, probed in JP-SFMW-SCOPE), the replaced pre-効力発生日 amount where the order took effect after 2025-12-01 (not seeded), the 令和8年度 revision (unpublished), the top-up not raising the overtime base (JP-OT-06) and the in-period split (JP-MW-01).",reference_rows:SPECIFIC_MW; reference_rows.code.SF054; work_rules.derived_lines.SPECIFIC_MINIMUM_WAGE; worksite_facts.specific_mw_industry; terms_facts.specific_mw_excluded,,JP-SFMW-06,2026-10-01
JP-SF055,JP,minimum_wage,"千葉県 specific (industry) minimum wage — 調味料製造業: 889円/hour, effective 2017-12-25; MHLW marks it ※ — the higher regional floor applies instead.","Minimum Wage Act arts. 6, 15–19; MHLW live industry table (https://saiteichingin.mhlw.go.jp/table/page_indlist_nationallist.html)",https://saiteichingin.mhlw.go.jp/table/page_indlist_nationallist.html,2026-09-29,2017-12-25,,VERIFIED,"JP-SFMW-06 (September 2026, passed 2026-10-01) pins the 千葉県 worksite recorded under SF055: regional 1,140 binds over specific 889: 193,800, with 雇用保険, 労災 and 乙欄/non-resident tax on it. Cross-cutting branches stay with their own rows: each order’s Gazette scope and excluded classes (recorded defaults 18–<65 and specific_mw_excluded, JP-MW-02, probed in JP-SFMW-SCOPE), the replaced pre-効力発生日 amount where the order took effect after 2025-12-01 (not seeded), the 令和8年度 revision (unpublished), the top-up not raising the overtime base (JP-OT-06) and the in-period split (JP-MW-01).",reference_rows:SPECIFIC_MW; reference_rows.code.SF055; work_rules.derived_lines.SPECIFIC_MINIMUM_WAGE; worksite_facts.specific_mw_industry; terms_facts.specific_mw_excluded,,JP-SFMW-06,2026-10-01
JP-SF056,JP,minimum_wage,"千葉県 specific (industry) minimum wage — 鉄鋼業: 1210円/hour, effective 2025-12-25.","Minimum Wage Act arts. 6, 15–19; MHLW live industry table (https://saiteichingin.mhlw.go.jp/table/page_indlist_nationallist.html)",https://saiteichingin.mhlw.go.jp/table/page_indlist_nationallist.html,2026-09-29,2025-12-25,,VERIFIED,"JP-SFMW-06 (September 2026, passed 2026-10-01) pins the 千葉県 worksite recorded under SF056: specific 1,210 binds over regional 1,140: BASIC 193,800 + SPECIFIC_MINIMUM_WAGE 11,900 = 205,700, with 雇用保険, 労災 and 乙欄/non-resident tax on it. Cross-cutting branches stay with their own rows: each order’s Gazette scope and excluded classes (recorded defaults 18–<65 and specific_mw_excluded, JP-MW-02, probed in JP-SFMW-SCOPE), the replaced pre-効力発生日 amount where the order took effect after 2025-12-01 (not seeded), the 令和8年度 revision (unpublished), the top-up not raising the overtime base (JP-OT-06) and the in-period split (JP-MW-01).",reference_rows:SPECIFIC_MW; reference_rows.code.SF056; work_rules.derived_lines.SPECIFIC_MINIMUM_WAGE; worksite_facts.specific_mw_industry; terms_facts.specific_mw_excluded,,JP-SFMW-06,2026-10-01
JP-SF057,JP,minimum_wage,"千葉県 specific (industry) minimum wage — はん用機械器具、生産用機械器具製造業: 922円/hour, effective 2018-12-25; MHLW marks it ※ — the higher regional floor applies instead.","Minimum Wage Act arts. 6, 15–19; MHLW live industry table (https://saiteichingin.mhlw.go.jp/table/page_indlist_nationallist.html)",https://saiteichingin.mhlw.go.jp/table/page_indlist_nationallist.html,2026-09-29,2018-12-25,,VERIFIED,"JP-SFMW-06 (September 2026, passed 2026-10-01) pins the 千葉県 worksite recorded under SF057: regional 1,140 binds over specific 922: 193,800, with 雇用保険, 労災 and 乙欄/non-resident tax on it. Cross-cutting branches stay with their own rows: each order’s Gazette scope and excluded classes (recorded defaults 18–<65 and specific_mw_excluded, JP-MW-02, probed in JP-SFMW-SCOPE), the replaced pre-効力発生日 amount where the order took effect after 2025-12-01 (not seeded), the 令和8年度 revision (unpublished), the top-up not raising the overtime base (JP-OT-06) and the in-period split (JP-MW-01).",reference_rows:SPECIFIC_MW; reference_rows.code.SF057; work_rules.derived_lines.SPECIFIC_MINIMUM_WAGE; worksite_facts.specific_mw_industry; terms_facts.specific_mw_excluded,,JP-SFMW-06,2026-10-01
JP-SF058,JP,minimum_wage,"千葉県 specific (industry) minimum wage — 電子部品・デバイス・電子回路、電気機械器具、情報通信機械器具製造業: 1169円/hour, effective 2025-12-25; MHLW marks it ※ — the higher regional floor applies instead.","Minimum Wage Act arts. 6, 15–19; MHLW live industry table (https://saiteichingin.mhlw.go.jp/table/page_indlist_nationallist.html)",https://saiteichingin.mhlw.go.jp/table/page_indlist_nationallist.html,2026-09-29,2025-12-25,,VERIFIED,"JP-SFMW-06 (September 2026, passed 2026-10-01) pins the 千葉県 worksite recorded under SF058: specific 1,169 binds over regional 1,140: BASIC 193,800 + SPECIFIC_MINIMUM_WAGE 4,930 = 198,730, with 雇用保険, 労災 and 乙欄/non-resident tax on it. Cross-cutting branches stay with their own rows: each order’s Gazette scope and excluded classes (recorded defaults 18–<65 and specific_mw_excluded, JP-MW-02, probed in JP-SFMW-SCOPE), the replaced pre-効力発生日 amount where the order took effect after 2025-12-01 (not seeded), the 令和8年度 revision (unpublished), the top-up not raising the overtime base (JP-OT-06) and the in-period split (JP-MW-01).",reference_rows:SPECIFIC_MW; reference_rows.code.SF058; work_rules.derived_lines.SPECIFIC_MINIMUM_WAGE; worksite_facts.specific_mw_industry; terms_facts.specific_mw_excluded,,JP-SFMW-06,2026-10-01
JP-SF059,JP,minimum_wage,"千葉県 specific (industry) minimum wage — 計量器・測定器・分析機器・試験機・測量機械器具・理化学機械器具製造業、医療用機械器具・医療用品製造業、光学機械器具・レンズ製造業、時計・同部分品製造業、眼鏡製造業: 887円/hour, effective 2017-12-25; MHLW marks it ※ — the higher regional floor applies instead.","Minimum Wage Act arts. 6, 15–19; MHLW live industry table (https://saiteichingin.mhlw.go.jp/table/page_indlist_nationallist.html)",https://saiteichingin.mhlw.go.jp/table/page_indlist_nationallist.html,2026-09-29,2017-12-25,,VERIFIED,"JP-SFMW-06 (September 2026, passed 2026-10-01) pins the 千葉県 worksite recorded under SF059: regional 1,140 binds over specific 887: 193,800, with 雇用保険, 労災 and 乙欄/non-resident tax on it. Cross-cutting branches stay with their own rows: each order’s Gazette scope and excluded classes (recorded defaults 18–<65 and specific_mw_excluded, JP-MW-02, probed in JP-SFMW-SCOPE), the replaced pre-効力発生日 amount where the order took effect after 2025-12-01 (not seeded), the 令和8年度 revision (unpublished), the top-up not raising the overtime base (JP-OT-06) and the in-period split (JP-MW-01).",reference_rows:SPECIFIC_MW; reference_rows.code.SF059; work_rules.derived_lines.SPECIFIC_MINIMUM_WAGE; worksite_facts.specific_mw_industry; terms_facts.specific_mw_excluded,,JP-SFMW-06,2026-10-01
JP-SF060,JP,minimum_wage,"千葉県 specific (industry) minimum wage — 各種商品小売業: 848円/hour, effective 2016-12-25; MHLW marks it ※ — the higher regional floor applies instead.","Minimum Wage Act arts. 6, 15–19; MHLW live industry table (https://saiteichingin.mhlw.go.jp/table/page_indlist_nationallist.html)",https://saiteichingin.mhlw.go.jp/table/page_indlist_nationallist.html,2026-09-29,2016-12-25,,VERIFIED,"JP-SFMW-06 (September 2026, passed 2026-10-01) pins the 千葉県 worksite recorded under SF060: regional 1,140 binds over specific 848: 193,800, with 雇用保険, 労災 and 乙欄/non-resident tax on it. Cross-cutting branches stay with their own rows: each order’s Gazette scope and excluded classes (recorded defaults 18–<65 and specific_mw_excluded, JP-MW-02, probed in JP-SFMW-SCOPE), the replaced pre-効力発生日 amount where the order took effect after 2025-12-01 (not seeded), the 令和8年度 revision (unpublished), the top-up not raising the overtime base (JP-OT-06) and the in-period split (JP-MW-01).",reference_rows:SPECIFIC_MW; reference_rows.code.SF060; work_rules.derived_lines.SPECIFIC_MINIMUM_WAGE; worksite_facts.specific_mw_industry; terms_facts.specific_mw_excluded,,JP-SFMW-06,2026-10-01
JP-SF061,JP,minimum_wage,"千葉県 specific (industry) minimum wage — 自動車(新車）小売業: 922円/hour, effective 2018-12-25; MHLW marks it ※ — the higher regional floor applies instead.","Minimum Wage Act arts. 6, 15–19; MHLW live industry table (https://saiteichingin.mhlw.go.jp/table/page_indlist_nationallist.html)",https://saiteichingin.mhlw.go.jp/table/page_indlist_nationallist.html,2026-09-29,2018-12-25,,VERIFIED,"JP-SFMW-07 (September 2026, passed 2026-10-01) pins the 千葉県 worksite recorded under SF061: regional 1,140 binds over specific 922: 193,800, with 雇用保険, 労災 and 乙欄/non-resident tax on it. Cross-cutting branches stay with their own rows: each order’s Gazette scope and excluded classes (recorded defaults 18–<65 and specific_mw_excluded, JP-MW-02, probed in JP-SFMW-SCOPE), the replaced pre-効力発生日 amount where the order took effect after 2025-12-01 (not seeded), the 令和8年度 revision (unpublished), the top-up not raising the overtime base (JP-OT-06) and the in-period split (JP-MW-01).",reference_rows:SPECIFIC_MW; reference_rows.code.SF061; work_rules.derived_lines.SPECIFIC_MINIMUM_WAGE; worksite_facts.specific_mw_industry; terms_facts.specific_mw_excluded,,JP-SFMW-07,2026-10-01
JP-SF062,JP,minimum_wage,"神奈川県 specific (industry) minimum wage — 塗料製造業: 894円/hour, effective 2015-03-01; MHLW marks it ※ — the higher regional floor applies instead.","Minimum Wage Act arts. 6, 15–19; MHLW live industry table (https://saiteichingin.mhlw.go.jp/table/page_indlist_nationallist.html)",https://saiteichingin.mhlw.go.jp/table/page_indlist_nationallist.html,2026-09-29,2015-03-01,,VERIFIED,"JP-SFMW-07 (September 2026, passed 2026-10-01) pins the 神奈川県 worksite recorded under SF062: regional 1,225 binds over specific 894: 208,250, with 雇用保険, 労災 and 乙欄/non-resident tax on it. Cross-cutting branches stay with their own rows: each order’s Gazette scope and excluded classes (recorded defaults 18–<65 and specific_mw_excluded, JP-MW-02, probed in JP-SFMW-SCOPE), the replaced pre-効力発生日 amount where the order took effect after 2025-12-01 (not seeded), the 令和8年度 revision (unpublished), the top-up not raising the overtime base (JP-OT-06) and the in-period split (JP-MW-01).",reference_rows:SPECIFIC_MW; reference_rows.code.SF062; work_rules.derived_lines.SPECIFIC_MINIMUM_WAGE; worksite_facts.specific_mw_industry; terms_facts.specific_mw_excluded,,JP-SFMW-07,2026-10-01
JP-SF063,JP,minimum_wage,"神奈川県 specific (industry) minimum wage — 鉄鋼業: 874円/hour, effective 2014-03-15; MHLW marks it ※ — the higher regional floor applies instead.","Minimum Wage Act arts. 6, 15–19; MHLW live industry table (https://saiteichingin.mhlw.go.jp/table/page_indlist_nationallist.html)",https://saiteichingin.mhlw.go.jp/table/page_indlist_nationallist.html,2026-09-29,2014-03-15,,VERIFIED,"JP-SFMW-07 (September 2026, passed 2026-10-01) pins the 神奈川県 worksite recorded under SF063: regional 1,225 binds over specific 874: 208,250, with 雇用保険, 労災 and 乙欄/non-resident tax on it. Cross-cutting branches stay with their own rows: each order’s Gazette scope and excluded classes (recorded defaults 18–<65 and specific_mw_excluded, JP-MW-02, probed in JP-SFMW-SCOPE), the replaced pre-効力発生日 amount where the order took effect after 2025-12-01 (not seeded), the 令和8年度 revision (unpublished), the top-up not raising the overtime base (JP-OT-06) and the in-period split (JP-MW-01).",reference_rows:SPECIFIC_MW; reference_rows.code.SF063; work_rules.derived_lines.SPECIFIC_MINIMUM_WAGE; worksite_facts.specific_mw_industry; terms_facts.specific_mw_excluded,,JP-SFMW-07,2026-10-01
JP-SF064,JP,minimum_wage,"神奈川県 specific (industry) minimum wage — 非鉄金属・同合金圧延業、電線・ケーブル製造業: 821円/hour, effective 2010-12-20; MHLW marks it ※ — the higher regional floor applies instead.","Minimum Wage Act arts. 6, 15–19; MHLW live industry table (https://saiteichingin.mhlw.go.jp/table/page_indlist_nationallist.html)",https://saiteichingin.mhlw.go.jp/table/page_indlist_nationallist.html,2026-09-29,2010-12-20,,VERIFIED,"JP-SFMW-07 (September 2026, passed 2026-10-01) pins the 神奈川県 worksite recorded under SF064: regional 1,225 binds over specific 821: 208,250, with 雇用保険, 労災 and 乙欄/non-resident tax on it. Cross-cutting branches stay with their own rows: each order’s Gazette scope and excluded classes (recorded defaults 18–<65 and specific_mw_excluded, JP-MW-02, probed in JP-SFMW-SCOPE), the replaced pre-効力発生日 amount where the order took effect after 2025-12-01 (not seeded), the 令和8年度 revision (unpublished), the top-up not raising the overtime base (JP-OT-06) and the in-period split (JP-MW-01).",reference_rows:SPECIFIC_MW; reference_rows.code.SF064; work_rules.derived_lines.SPECIFIC_MINIMUM_WAGE; worksite_facts.specific_mw_industry; terms_facts.specific_mw_excluded,,JP-SFMW-07,2026-10-01
JP-SF065,JP,minimum_wage,"神奈川県 specific (industry) minimum wage — ボイラ・原動機、ポンプ・圧縮機器、一般産業用機械・装置、建設機械・鉱山機械、金属加工機械製造業: 857円/hour, effective 2013-03-01; MHLW marks it ※ — the higher regional floor applies instead.","Minimum Wage Act arts. 6, 15–19; MHLW live industry table (https://saiteichingin.mhlw.go.jp/table/page_indlist_nationallist.html)",https://saiteichingin.mhlw.go.jp/table/page_indlist_nationallist.html,2026-09-29,2013-03-01,,VERIFIED,"JP-SFMW-07 (September 2026, passed 2026-10-01) pins the 神奈川県 worksite recorded under SF065: regional 1,225 binds over specific 857: 208,250, with 雇用保険, 労災 and 乙欄/non-resident tax on it. Cross-cutting branches stay with their own rows: each order’s Gazette scope and excluded classes (recorded defaults 18–<65 and specific_mw_excluded, JP-MW-02, probed in JP-SFMW-SCOPE), the replaced pre-効力発生日 amount where the order took effect after 2025-12-01 (not seeded), the 令和8年度 revision (unpublished), the top-up not raising the overtime base (JP-OT-06) and the in-period split (JP-MW-01).",reference_rows:SPECIFIC_MW; reference_rows.code.SF065; work_rules.derived_lines.SPECIFIC_MINIMUM_WAGE; worksite_facts.specific_mw_industry; terms_facts.specific_mw_excluded,,JP-SFMW-07,2026-10-01
JP-SF066,JP,minimum_wage,"神奈川県 specific (industry) minimum wage — 電子部品・デバイス・電子回路、電気機械器具、情報通信機械器具製造業: 890円/hour, effective 2015-03-01; MHLW marks it ※ — the higher regional floor applies instead.","Minimum Wage Act arts. 6, 15–19; MHLW live industry table (https://saiteichingin.mhlw.go.jp/table/page_indlist_nationallist.html)",https://saiteichingin.mhlw.go.jp/table/page_indlist_nationallist.html,2026-09-29,2015-03-01,,VERIFIED,"JP-SFMW-07 (September 2026, passed 2026-10-01) pins the 神奈川県 worksite recorded under SF066: regional 1,225 binds over specific 890: 208,250, with 雇用保険, 労災 and 乙欄/non-resident tax on it. Cross-cutting branches stay with their own rows: each order’s Gazette scope and excluded classes (recorded defaults 18–<65 and specific_mw_excluded, JP-MW-02, probed in JP-SFMW-SCOPE), the replaced pre-効力発生日 amount where the order took effect after 2025-12-01 (not seeded), the 令和8年度 revision (unpublished), the top-up not raising the overtime base (JP-OT-06) and the in-period split (JP-MW-01).",reference_rows:SPECIFIC_MW; reference_rows.code.SF066; work_rules.derived_lines.SPECIFIC_MINIMUM_WAGE; worksite_facts.specific_mw_industry; terms_facts.specific_mw_excluded,,JP-SFMW-07,2026-10-01
JP-SF067,JP,minimum_wage,"神奈川県 specific (industry) minimum wage — 輸送用機械器具製造業: 855円/hour, effective 2013-03-01; MHLW marks it ※ — the higher regional floor applies instead.","Minimum Wage Act arts. 6, 15–19; MHLW live industry table (https://saiteichingin.mhlw.go.jp/table/page_indlist_nationallist.html)",https://saiteichingin.mhlw.go.jp/table/page_indlist_nationallist.html,2026-09-29,2013-03-01,,VERIFIED,"JP-SFMW-07 (September 2026, passed 2026-10-01) pins the 神奈川県 worksite recorded under SF067: regional 1,225 binds over specific 855: 208,250, with 雇用保険, 労災 and 乙欄/non-resident tax on it. Cross-cutting branches stay with their own rows: each order’s Gazette scope and excluded classes (recorded defaults 18–<65 and specific_mw_excluded, JP-MW-02, probed in JP-SFMW-SCOPE), the replaced pre-効力発生日 amount where the order took effect after 2025-12-01 (not seeded), the 令和8年度 revision (unpublished), the top-up not raising the overtime base (JP-OT-06) and the in-period split (JP-MW-01).",reference_rows:SPECIFIC_MW; reference_rows.code.SF067; work_rules.derived_lines.SPECIFIC_MINIMUM_WAGE; worksite_facts.specific_mw_industry; terms_facts.specific_mw_excluded,,JP-SFMW-07,2026-10-01
JP-SF068,JP,minimum_wage,"神奈川県 specific (industry) minimum wage — 自動車小売業: 842円/hour, effective 2011-12-21; MHLW marks it ※ — the higher regional floor applies instead.","Minimum Wage Act arts. 6, 15–19; MHLW live industry table (https://saiteichingin.mhlw.go.jp/table/page_indlist_nationallist.html)",https://saiteichingin.mhlw.go.jp/table/page_indlist_nationallist.html,2026-09-29,2011-12-21,,VERIFIED,"JP-SFMW-07 (September 2026, passed 2026-10-01) pins the 神奈川県 worksite recorded under SF068: regional 1,225 binds over specific 842: 208,250, with 雇用保険, 労災 and 乙欄/non-resident tax on it. Cross-cutting branches stay with their own rows: each order’s Gazette scope and excluded classes (recorded defaults 18–<65 and specific_mw_excluded, JP-MW-02, probed in JP-SFMW-SCOPE), the replaced pre-効力発生日 amount where the order took effect after 2025-12-01 (not seeded), the 令和8年度 revision (unpublished), the top-up not raising the overtime base (JP-OT-06) and the in-period split (JP-MW-01).",reference_rows:SPECIFIC_MW; reference_rows.code.SF068; work_rules.derived_lines.SPECIFIC_MINIMUM_WAGE; worksite_facts.specific_mw_industry; terms_facts.specific_mw_excluded,,JP-SFMW-07,2026-10-01
JP-SF069,JP,minimum_wage,"新潟県 specific (industry) minimum wage — 電子部品・デバイス・電子回路、電気機械器具、情報通信機械器具製造業: 1005円/hour, effective 2023-12-27; MHLW marks it ※ — the higher regional floor applies instead.","Minimum Wage Act arts. 6, 15–19; MHLW live industry table (https://saiteichingin.mhlw.go.jp/table/page_indlist_nationallist.html)",https://saiteichingin.mhlw.go.jp/table/page_indlist_nationallist.html,2026-09-29,2023-12-27,,VERIFIED,"JP-SFMW-07 (September 2026, passed 2026-10-01) pins the 新潟県 worksite recorded under SF069: regional 1,050 binds over specific 1,005: 178,500, with 雇用保険, 労災 and 乙欄/non-resident tax on it. Cross-cutting branches stay with their own rows: each order’s Gazette scope and excluded classes (recorded defaults 18–<65 and specific_mw_excluded, JP-MW-02, probed in JP-SFMW-SCOPE), the replaced pre-効力発生日 amount where the order took effect after 2025-12-01 (not seeded), the 令和8年度 revision (unpublished), the top-up not raising the overtime base (JP-OT-06) and the in-period split (JP-MW-01).",reference_rows:SPECIFIC_MW; reference_rows.code.SF069; work_rules.derived_lines.SPECIFIC_MINIMUM_WAGE; worksite_facts.specific_mw_industry; terms_facts.specific_mw_excluded,,JP-SFMW-07,2026-10-01
JP-SF070,JP,minimum_wage,"新潟県 specific (industry) minimum wage — 各種商品小売業: 932円/hour, effective 2023-12-30; MHLW marks it ※ — the higher regional floor applies instead.","Minimum Wage Act arts. 6, 15–19; MHLW live industry table (https://saiteichingin.mhlw.go.jp/table/page_indlist_nationallist.html)",https://saiteichingin.mhlw.go.jp/table/page_indlist_nationallist.html,2026-09-29,2023-12-30,,VERIFIED,"JP-SFMW-07 (September 2026, passed 2026-10-01) pins the 新潟県 worksite recorded under SF070: regional 1,050 binds over specific 932: 178,500, with 雇用保険, 労災 and 乙欄/non-resident tax on it. Cross-cutting branches stay with their own rows: each order’s Gazette scope and excluded classes (recorded defaults 18–<65 and specific_mw_excluded, JP-MW-02, probed in JP-SFMW-SCOPE), the replaced pre-効力発生日 amount where the order took effect after 2025-12-01 (not seeded), the 令和8年度 revision (unpublished), the top-up not raising the overtime base (JP-OT-06) and the in-period split (JP-MW-01).",reference_rows:SPECIFIC_MW; reference_rows.code.SF070; work_rules.derived_lines.SPECIFIC_MINIMUM_WAGE; worksite_facts.specific_mw_industry; terms_facts.specific_mw_excluded,,JP-SFMW-07,2026-10-01
JP-SF071,JP,minimum_wage,"新潟県 specific (industry) minimum wage — 自動車(新車)、自動車部分品・附属品小売業: 1053円/hour, effective 2025-12-14; MHLW marks it ※ — the higher regional floor applies instead.","Minimum Wage Act arts. 6, 15–19; MHLW live industry table (https://saiteichingin.mhlw.go.jp/table/page_indlist_nationallist.html)",https://saiteichingin.mhlw.go.jp/table/page_indlist_nationallist.html,2026-09-29,2025-12-14,,VERIFIED,"JP-SFMW-08 (September 2026, passed 2026-10-01) pins the 新潟県 worksite recorded under SF071: specific 1,053 binds over regional 1,050: BASIC 178,500 + SPECIFIC_MINIMUM_WAGE 510 = 179,010, with 雇用保険, 労災 and 乙欄/non-resident tax on it. Cross-cutting branches stay with their own rows: each order’s Gazette scope and excluded classes (recorded defaults 18–<65 and specific_mw_excluded, JP-MW-02, probed in JP-SFMW-SCOPE), the replaced pre-効力発生日 amount where the order took effect after 2025-12-01 (not seeded), the 令和8年度 revision (unpublished), the top-up not raising the overtime base (JP-OT-06) and the in-period split (JP-MW-01).",reference_rows:SPECIFIC_MW; reference_rows.code.SF071; work_rules.derived_lines.SPECIFIC_MINIMUM_WAGE; worksite_facts.specific_mw_industry; terms_facts.specific_mw_excluded,,JP-SFMW-08,2026-10-01
JP-SF072,JP,minimum_wage,"富山県 specific (industry) minimum wage — アルミニウム第２次製錬・精製業、アルミニウム・同合金圧延業、アルミニウム・同合金鋳物、アルミニウム・同合金ダイカスト、金属製サッシ・ドア、建築用金属製品、アルミニウム・同合金プレス製品製造業: 781円/hour, effective 2015-12-26; MHLW marks it ※ — the higher regional floor applies instead.","Minimum Wage Act arts. 6, 15–19; MHLW live industry table (https://saiteichingin.mhlw.go.jp/table/page_indlist_nationallist.html)",https://saiteichingin.mhlw.go.jp/table/page_indlist_nationallist.html,2026-09-29,2015-12-26,,VERIFIED,"JP-SFMW-08 (September 2026, passed 2026-10-01) pins the 富山県 worksite recorded under SF072: regional 1,062 binds over specific 781: 180,540, with 雇用保険, 労災 and 乙欄/non-resident tax on it. Cross-cutting branches stay with their own rows: each order’s Gazette scope and excluded classes (recorded defaults 18–<65 and specific_mw_excluded, JP-MW-02, probed in JP-SFMW-SCOPE), the replaced pre-効力発生日 amount where the order took effect after 2025-12-01 (not seeded), the 令和8年度 revision (unpublished), the top-up not raising the overtime base (JP-OT-06) and the in-period split (JP-MW-01).",reference_rows:SPECIFIC_MW; reference_rows.code.SF072; work_rules.derived_lines.SPECIFIC_MINIMUM_WAGE; worksite_facts.specific_mw_industry; terms_facts.specific_mw_excluded,,JP-SFMW-08,2026-10-01
JP-SF073,JP,minimum_wage,"富山県 specific (industry) minimum wage — 玉軸受・ころ軸受、他に分類されないはん用機械・装置、トラクタ、金属工作機械、機械工具、ロボット、自動車・同附属品製造業: 1035円/hour, effective 2024-12-27; MHLW marks it ※ — the higher regional floor applies instead.","Minimum Wage Act arts. 6, 15–19; MHLW live industry table (https://saiteichingin.mhlw.go.jp/table/page_indlist_nationallist.html)",https://saiteichingin.mhlw.go.jp/table/page_indlist_nationallist.html,2026-09-29,2024-12-27,,VERIFIED,"JP-SFMW-08 (September 2026, passed 2026-10-01) pins the 富山県 worksite recorded under SF073: regional 1,062 binds over specific 1,035: 180,540, with 雇用保険, 労災 and 乙欄/non-resident tax on it. Cross-cutting branches stay with their own rows: each order’s Gazette scope and excluded classes (recorded defaults 18–<65 and specific_mw_excluded, JP-MW-02, probed in JP-SFMW-SCOPE), the replaced pre-効力発生日 amount where the order took effect after 2025-12-01 (not seeded), the 令和8年度 revision (unpublished), the top-up not raising the overtime base (JP-OT-06) and the in-period split (JP-MW-01).",reference_rows:SPECIFIC_MW; reference_rows.code.SF073; work_rules.derived_lines.SPECIFIC_MINIMUM_WAGE; worksite_facts.specific_mw_industry; terms_facts.specific_mw_excluded,,JP-SFMW-08,2026-10-01
JP-SF074,JP,minimum_wage,"富山県 specific (industry) minimum wage — 電子部品・デバイス・電子回路、電気機械器具、情報通信機械器具製造業: 1002円/hour, effective 2024-12-26; MHLW marks it ※ — the higher regional floor applies instead.","Minimum Wage Act arts. 6, 15–19; MHLW live industry table (https://saiteichingin.mhlw.go.jp/table/page_indlist_nationallist.html)",https://saiteichingin.mhlw.go.jp/table/page_indlist_nationallist.html,2026-09-29,2024-12-26,,VERIFIED,"JP-SFMW-08 (September 2026, passed 2026-10-01) pins the 富山県 worksite recorded under SF074: regional 1,062 binds over specific 1,002: 180,540, with 雇用保険, 労災 and 乙欄/non-resident tax on it. Cross-cutting branches stay with their own rows: each order’s Gazette scope and excluded classes (recorded defaults 18–<65 and specific_mw_excluded, JP-MW-02, probed in JP-SFMW-SCOPE), the replaced pre-効力発生日 amount where the order took effect after 2025-12-01 (not seeded), the 令和8年度 revision (unpublished), the top-up not raising the overtime base (JP-OT-06) and the in-period split (JP-MW-01).",reference_rows:SPECIFIC_MW; reference_rows.code.SF074; work_rules.derived_lines.SPECIFIC_MINIMUM_WAGE; worksite_facts.specific_mw_industry; terms_facts.specific_mw_excluded,,JP-SFMW-08,2026-10-01
JP-SF075,JP,minimum_wage,"富山県 specific (industry) minimum wage — 百貨店、総合スーパーマーケット: 1003円/hour, effective 2024-12-26; MHLW marks it ※ — the higher regional floor applies instead.","Minimum Wage Act arts. 6, 15–19; MHLW live industry table (https://saiteichingin.mhlw.go.jp/table/page_indlist_nationallist.html)",https://saiteichingin.mhlw.go.jp/table/page_indlist_nationallist.html,2026-09-29,2024-12-26,,VERIFIED,"JP-SFMW-08 (September 2026, passed 2026-10-01) pins the 富山県 worksite recorded under SF075: regional 1,062 binds over specific 1,003: 180,540, with 雇用保険, 労災 and 乙欄/non-resident tax on it. Cross-cutting branches stay with their own rows: each order’s Gazette scope and excluded classes (recorded defaults 18–<65 and specific_mw_excluded, JP-MW-02, probed in JP-SFMW-SCOPE), the replaced pre-効力発生日 amount where the order took effect after 2025-12-01 (not seeded), the 令和8年度 revision (unpublished), the top-up not raising the overtime base (JP-OT-06) and the in-period split (JP-MW-01).",reference_rows:SPECIFIC_MW; reference_rows.code.SF075; work_rules.derived_lines.SPECIFIC_MINIMUM_WAGE; worksite_facts.specific_mw_industry; terms_facts.specific_mw_excluded,,JP-SFMW-08,2026-10-01
JP-SF076,JP,minimum_wage,"富山県 specific (industry) minimum wage — 自動車(新車)小売業: 769円/hour, effective 2011-01-20; MHLW marks it ※ — the higher regional floor applies instead.","Minimum Wage Act arts. 6, 15–19; MHLW live industry table (https://saiteichingin.mhlw.go.jp/table/page_indlist_nationallist.html)",https://saiteichingin.mhlw.go.jp/table/page_indlist_nationallist.html,2026-09-29,2011-01-20,,VERIFIED,"JP-SFMW-08 (September 2026, passed 2026-10-01) pins the 富山県 worksite recorded under SF076: regional 1,062 binds over specific 769: 180,540, with 雇用保険, 労災 and 乙欄/non-resident tax on it. Cross-cutting branches stay with their own rows: each order’s Gazette scope and excluded classes (recorded defaults 18–<65 and specific_mw_excluded, JP-MW-02, probed in JP-SFMW-SCOPE), the replaced pre-効力発生日 amount where the order took effect after 2025-12-01 (not seeded), the 令和8年度 revision (unpublished), the top-up not raising the overtime base (JP-OT-06) and the in-period split (JP-MW-01).",reference_rows:SPECIFIC_MW; reference_rows.code.SF076; work_rules.derived_lines.SPECIFIC_MINIMUM_WAGE; worksite_facts.specific_mw_industry; terms_facts.specific_mw_excluded,,JP-SFMW-08,2026-10-01
JP-SF077,JP,minimum_wage,"石川県 specific (industry) minimum wage — 綿紡績、化学繊維紡績、毛紡績、その他の紡績、染色整理、綱、漁網、網地製造業: 782円/hour, effective 2017-12-31; MHLW marks it ※ — the higher regional floor applies instead.","Minimum Wage Act arts. 6, 15–19; MHLW live industry table (https://saiteichingin.mhlw.go.jp/table/page_indlist_nationallist.html)",https://saiteichingin.mhlw.go.jp/table/page_indlist_nationallist.html,2026-09-29,2017-12-31,,VERIFIED,"JP-SFMW-08 (September 2026, passed 2026-10-01) pins the 石川県 worksite recorded under SF077: regional 1,054 binds over specific 782: 179,180, with 雇用保険, 労災 and 乙欄/non-resident tax on it. Cross-cutting branches stay with their own rows: each order’s Gazette scope and excluded classes (recorded defaults 18–<65 and specific_mw_excluded, JP-MW-02, probed in JP-SFMW-SCOPE), the replaced pre-効力発生日 amount where the order took effect after 2025-12-01 (not seeded), the 令和8年度 revision (unpublished), the top-up not raising the overtime base (JP-OT-06) and the in-period split (JP-MW-01).",reference_rows:SPECIFIC_MW; reference_rows.code.SF077; work_rules.derived_lines.SPECIFIC_MINIMUM_WAGE; worksite_facts.specific_mw_industry; terms_facts.specific_mw_excluded,,JP-SFMW-08,2026-10-01
JP-SF078,JP,minimum_wage,"石川県 specific (industry) minimum wage — 洋食器・刃物・手道具・金物類、金属素形材製品、ボルト・ナット・リベット・小ねじ・木ねじ等、その他の金属製品製造業: 763円/hour, 6102円/day (legacy unit), effective 1999-12-26; MHLW marks it ※ — the higher regional floor applies instead.","Minimum Wage Act arts. 6, 15–19; MHLW live industry table (https://saiteichingin.mhlw.go.jp/table/page_indlist_nationallist.html)",https://saiteichingin.mhlw.go.jp/table/page_indlist_nationallist.html,2026-09-29,1999-12-26,,VERIFIED,"JP-SFMW-08 (September 2026, passed 2026-10-01) pins the 石川県 worksite recorded under SF078: regional 1,054 binds over specific 763: 179,180, with 雇用保険, 労災 and 乙欄/non-resident tax on it. Cross-cutting branches stay with their own rows: each order’s Gazette scope and excluded classes (recorded defaults 18–<65 and specific_mw_excluded, JP-MW-02, probed in JP-SFMW-SCOPE), the replaced pre-効力発生日 amount where the order took effect after 2025-12-01 (not seeded), the 令和8年度 revision (unpublished), the top-up not raising the overtime base (JP-OT-06) and the in-period split (JP-MW-01).",reference_rows:SPECIFIC_MW; reference_rows.code.SF078; work_rules.derived_lines.SPECIFIC_MINIMUM_WAGE; worksite_facts.specific_mw_industry; terms_facts.specific_mw_excluded,,JP-SFMW-08,2026-10-01
JP-SF079,JP,minimum_wage,"石川県 specific (industry) minimum wage — 金属素形材製品、ボルト・ナット・リベット・小ねじ・木ねじ等、その他の金属製品、はん用機械器具、生産用機械器具、発電用・送電用・配電用電気機械器具、産業用電気機械器具製造業: 1090円/hour, effective 2025-12-31; MHLW marks it ※ — the higher regional floor applies instead.","Minimum Wage Act arts. 6, 15–19; MHLW live industry table (https://saiteichingin.mhlw.go.jp/table/page_indlist_nationallist.html)",https://saiteichingin.mhlw.go.jp/table/page_indlist_nationallist.html,2026-09-29,2025-12-31,,VERIFIED,"JP-SFMW-08 (September 2026, passed 2026-10-01) pins the 石川県 worksite recorded under SF079: specific 1,090 binds over regional 1,054: BASIC 179,180 + SPECIFIC_MINIMUM_WAGE 6,120 = 185,300, with 雇用保険, 労災 and 乙欄/non-resident tax on it. Cross-cutting branches stay with their own rows: each order’s Gazette scope and excluded classes (recorded defaults 18–<65 and specific_mw_excluded, JP-MW-02, probed in JP-SFMW-SCOPE), the replaced pre-効力発生日 amount where the order took effect after 2025-12-01 (not seeded), the 令和8年度 revision (unpublished), the top-up not raising the overtime base (JP-OT-06) and the in-period split (JP-MW-01).",reference_rows:SPECIFIC_MW; reference_rows.code.SF079; work_rules.derived_lines.SPECIFIC_MINIMUM_WAGE; worksite_facts.specific_mw_industry; terms_facts.specific_mw_excluded,,JP-SFMW-08,2026-10-01
JP-SF080,JP,minimum_wage,"石川県 specific (industry) minimum wage — 電子部品・デバイス・電子回路、民生用電気機械器具、電子応用装置、情報通信機械器具製造業: 1064円/hour, effective 2025-12-31; MHLW marks it ※ — the higher regional floor applies instead.","Minimum Wage Act arts. 6, 15–19; MHLW live industry table (https://saiteichingin.mhlw.go.jp/table/page_indlist_nationallist.html)",https://saiteichingin.mhlw.go.jp/table/page_indlist_nationallist.html,2026-09-29,2025-12-31,,VERIFIED,"JP-SFMW-08 (September 2026, passed 2026-10-01) pins the 石川県 worksite recorded under SF080: specific 1,064 binds over regional 1,054: BASIC 179,180 + SPECIFIC_MINIMUM_WAGE 1,700 = 180,880, with 雇用保険, 労災 and 乙欄/non-resident tax on it. Cross-cutting branches stay with their own rows: each order’s Gazette scope and excluded classes (recorded defaults 18–<65 and specific_mw_excluded, JP-MW-02, probed in JP-SFMW-SCOPE), the replaced pre-効力発生日 amount where the order took effect after 2025-12-01 (not seeded), the 令和8年度 revision (unpublished), the top-up not raising the overtime base (JP-OT-06) and the in-period split (JP-MW-01).",reference_rows:SPECIFIC_MW; reference_rows.code.SF080; work_rules.derived_lines.SPECIFIC_MINIMUM_WAGE; worksite_facts.specific_mw_industry; terms_facts.specific_mw_excluded,,JP-SFMW-08,2026-10-01
JP-SF081,JP,minimum_wage,"石川県 specific (industry) minimum wage — 自動車・同附属品、自転車・同部分品製造業: 1090円/hour, effective 2025-12-31; MHLW marks it ※ — the higher regional floor applies instead.","Minimum Wage Act arts. 6, 15–19; MHLW live industry table (https://saiteichingin.mhlw.go.jp/table/page_indlist_nationallist.html)",https://saiteichingin.mhlw.go.jp/table/page_indlist_nationallist.html,2026-09-29,2025-12-31,,VERIFIED,"JP-SFMW-09 (September 2026, passed 2026-10-01) pins the 石川県 worksite recorded under SF081: specific 1,090 binds over regional 1,054: BASIC 179,180 + SPECIFIC_MINIMUM_WAGE 6,120 = 185,300, with 雇用保険, 労災 and 乙欄/non-resident tax on it. Cross-cutting branches stay with their own rows: each order’s Gazette scope and excluded classes (recorded defaults 18–<65 and specific_mw_excluded, JP-MW-02, probed in JP-SFMW-SCOPE), the replaced pre-効力発生日 amount where the order took effect after 2025-12-01 (not seeded), the 令和8年度 revision (unpublished), the top-up not raising the overtime base (JP-OT-06) and the in-period split (JP-MW-01).",reference_rows:SPECIFIC_MW; reference_rows.code.SF081; work_rules.derived_lines.SPECIFIC_MINIMUM_WAGE; worksite_facts.specific_mw_industry; terms_facts.specific_mw_excluded,,JP-SFMW-09,2026-10-01
JP-SF082,JP,minimum_wage,"石川県 specific (industry) minimum wage — 百貨店、総合スーパーマーケット: 1060円/hour, effective 2025-12-31; MHLW marks it ※ — the higher regional floor applies instead.","Minimum Wage Act arts. 6, 15–19; MHLW live industry table (https://saiteichingin.mhlw.go.jp/table/page_indlist_nationallist.html)",https://saiteichingin.mhlw.go.jp/table/page_indlist_nationallist.html,2026-09-29,2025-12-31,,VERIFIED,"JP-SFMW-09 (September 2026, passed 2026-10-01) pins the 石川県 worksite recorded under SF082: specific 1,060 binds over regional 1,054: BASIC 179,180 + SPECIFIC_MINIMUM_WAGE 1,020 = 180,200, with 雇用保険, 労災 and 乙欄/non-resident tax on it. Cross-cutting branches stay with their own rows: each order’s Gazette scope and excluded classes (recorded defaults 18–<65 and specific_mw_excluded, JP-MW-02, probed in JP-SFMW-SCOPE), the replaced pre-効力発生日 amount where the order took effect after 2025-12-01 (not seeded), the 令和8年度 revision (unpublished), the top-up not raising the overtime base (JP-OT-06) and the in-period split (JP-MW-01).",reference_rows:SPECIFIC_MW; reference_rows.code.SF082; work_rules.derived_lines.SPECIFIC_MINIMUM_WAGE; worksite_facts.specific_mw_industry; terms_facts.specific_mw_excluded,,JP-SFMW-09,2026-10-01
JP-SF083,JP,minimum_wage,"福井県 specific (industry) minimum wage — 紡績業，化学繊維、織物、染色整理業: 830円/hour, effective 2019-12-24; MHLW marks it ※ — the higher regional floor applies instead.","Minimum Wage Act arts. 6, 15–19; MHLW live industry table (https://saiteichingin.mhlw.go.jp/table/page_indlist_nationallist.html)",https://saiteichingin.mhlw.go.jp/table/page_indlist_nationallist.html,2026-09-29,2019-12-24,,VERIFIED,"JP-SFMW-09 (September 2026, passed 2026-10-01) pins the 福井県 worksite recorded under SF083: regional 1,053 binds over specific 830: 179,010, with 雇用保険, 労災 and 乙欄/non-resident tax on it. Cross-cutting branches stay with their own rows: each order’s Gazette scope and excluded classes (recorded defaults 18–<65 and specific_mw_excluded, JP-MW-02, probed in JP-SFMW-SCOPE), the replaced pre-効力発生日 amount where the order took effect after 2025-12-01 (not seeded), the 令和8年度 revision (unpublished), the top-up not raising the overtime base (JP-OT-06) and the in-period split (JP-MW-01).",reference_rows:SPECIFIC_MW; reference_rows.code.SF083; work_rules.derived_lines.SPECIFIC_MINIMUM_WAGE; worksite_facts.specific_mw_industry; terms_facts.specific_mw_excluded,,JP-SFMW-09,2026-10-01
JP-SF084,JP,minimum_wage,"福井県 specific (industry) minimum wage — 繊維機械、金属加工機械製造業: 933円/hour, effective 2022-12-24; MHLW marks it ※ — the higher regional floor applies instead.","Minimum Wage Act arts. 6, 15–19; MHLW live industry table (https://saiteichingin.mhlw.go.jp/table/page_indlist_nationallist.html)",https://saiteichingin.mhlw.go.jp/table/page_indlist_nationallist.html,2026-09-29,2022-12-24,,VERIFIED,"JP-SFMW-09 (September 2026, passed 2026-10-01) pins the 福井県 worksite recorded under SF084: regional 1,053 binds over specific 933: 179,010, with 雇用保険, 労災 and 乙欄/non-resident tax on it. Cross-cutting branches stay with their own rows: each order’s Gazette scope and excluded classes (recorded defaults 18–<65 and specific_mw_excluded, JP-MW-02, probed in JP-SFMW-SCOPE), the replaced pre-効力発生日 amount where the order took effect after 2025-12-01 (not seeded), the 令和8年度 revision (unpublished), the top-up not raising the overtime base (JP-OT-06) and the in-period split (JP-MW-01).",reference_rows:SPECIFIC_MW; reference_rows.code.SF084; work_rules.derived_lines.SPECIFIC_MINIMUM_WAGE; worksite_facts.specific_mw_industry; terms_facts.specific_mw_excluded,,JP-SFMW-09,2026-10-01
JP-SF085,JP,minimum_wage,"福井県 specific (industry) minimum wage — 電子デバイス、電子部品、記録メディア、電子回路、ユニット部品、その他の電子部品・デバイス・電子回路、発電用・送電用・配電用電気機械器具、産業用電気機械器具、電子応用装置、通信機械器具・同関連機械器具、映像・音響機械器具製造業: 857円/hour, effective 2019-12-24; MHLW marks it ※ — the higher regional floor applies instead.","Minimum Wage Act arts. 6, 15–19; MHLW live industry table (https://saiteichingin.mhlw.go.jp/table/page_indlist_nationallist.html)",https://saiteichingin.mhlw.go.jp/table/page_indlist_nationallist.html,2026-09-29,2019-12-24,,VERIFIED,"JP-SFMW-09 (September 2026, passed 2026-10-01) pins the 福井県 worksite recorded under SF085: regional 1,053 binds over specific 857: 179,010, with 雇用保険, 労災 and 乙欄/non-resident tax on it. Cross-cutting branches stay with their own rows: each order’s Gazette scope and excluded classes (recorded defaults 18–<65 and specific_mw_excluded, JP-MW-02, probed in JP-SFMW-SCOPE), the replaced pre-効力発生日 amount where the order took effect after 2025-12-01 (not seeded), the 令和8年度 revision (unpublished), the top-up not raising the overtime base (JP-OT-06) and the in-period split (JP-MW-01).",reference_rows:SPECIFIC_MW; reference_rows.code.SF085; work_rules.derived_lines.SPECIFIC_MINIMUM_WAGE; worksite_facts.specific_mw_industry; terms_facts.specific_mw_excluded,,JP-SFMW-09,2026-10-01
JP-SF086,JP,minimum_wage,"福井県 specific (industry) minimum wage — 百貨店，総合スーパー: 840円/hour, effective 2020-12-24; MHLW marks it ※ — the higher regional floor applies instead.","Minimum Wage Act arts. 6, 15–19; MHLW live industry table (https://saiteichingin.mhlw.go.jp/table/page_indlist_nationallist.html)",https://saiteichingin.mhlw.go.jp/table/page_indlist_nationallist.html,2026-09-29,2020-12-24,,VERIFIED,"JP-SFMW-09 (September 2026, passed 2026-10-01) pins the 福井県 worksite recorded under SF086: regional 1,053 binds over specific 840: 179,010, with 雇用保険, 労災 and 乙欄/non-resident tax on it. Cross-cutting branches stay with their own rows: each order’s Gazette scope and excluded classes (recorded defaults 18–<65 and specific_mw_excluded, JP-MW-02, probed in JP-SFMW-SCOPE), the replaced pre-効力発生日 amount where the order took effect after 2025-12-01 (not seeded), the 令和8年度 revision (unpublished), the top-up not raising the overtime base (JP-OT-06) and the in-period split (JP-MW-01).",reference_rows:SPECIFIC_MW; reference_rows.code.SF086; work_rules.derived_lines.SPECIFIC_MINIMUM_WAGE; worksite_facts.specific_mw_industry; terms_facts.specific_mw_excluded,,JP-SFMW-09,2026-10-01
JP-SF087,JP,minimum_wage,"山梨県 specific (industry) minimum wage — 電子部品・デバイス・電子回路、電気機械器具、情報通信機械器具製造業: 1100円/hour, effective 2026-02-15; MHLW marks it ※ — the higher regional floor applies instead.","Minimum Wage Act arts. 6, 15–19; MHLW live industry table (https://saiteichingin.mhlw.go.jp/table/page_indlist_nationallist.html)",https://saiteichingin.mhlw.go.jp/table/page_indlist_nationallist.html,2026-09-29,2026-02-15,,VERIFIED,"JP-SFMW-09 (September 2026, passed 2026-10-01) pins the 山梨県 worksite recorded under SF087: specific 1,100 binds over regional 1,052: BASIC 178,840 + SPECIFIC_MINIMUM_WAGE 8,160 = 187,000, with 雇用保険, 労災 and 乙欄/non-resident tax on it. Cross-cutting branches stay with their own rows: each order’s Gazette scope and excluded classes (recorded defaults 18–<65 and specific_mw_excluded, JP-MW-02, probed in JP-SFMW-SCOPE), the replaced pre-効力発生日 amount where the order took effect after 2025-12-01 (not seeded), the 令和8年度 revision (unpublished), the top-up not raising the overtime base (JP-OT-06) and the in-period split (JP-MW-01).",reference_rows:SPECIFIC_MW; reference_rows.code.SF087; work_rules.derived_lines.SPECIFIC_MINIMUM_WAGE; worksite_facts.specific_mw_industry; terms_facts.specific_mw_excluded,,JP-SFMW-09,2026-10-01
JP-SF088,JP,minimum_wage,"山梨県 specific (industry) minimum wage — 自動車・同附属品製造業: 1089円/hour, effective 2026-03-01; MHLW marks it ※ — the higher regional floor applies instead.","Minimum Wage Act arts. 6, 15–19; MHLW live industry table (https://saiteichingin.mhlw.go.jp/table/page_indlist_nationallist.html)",https://saiteichingin.mhlw.go.jp/table/page_indlist_nationallist.html,2026-09-29,2026-03-01,,VERIFIED,"JP-SFMW-09 (September 2026, passed 2026-10-01) pins the 山梨県 worksite recorded under SF088: specific 1,089 binds over regional 1,052: BASIC 178,840 + SPECIFIC_MINIMUM_WAGE 6,290 = 185,130, with 雇用保険, 労災 and 乙欄/non-resident tax on it. Cross-cutting branches stay with their own rows: each order’s Gazette scope and excluded classes (recorded defaults 18–<65 and specific_mw_excluded, JP-MW-02, probed in JP-SFMW-SCOPE), the replaced pre-効力発生日 amount where the order took effect after 2025-12-01 (not seeded), the 令和8年度 revision (unpublished), the top-up not raising the overtime base (JP-OT-06) and the in-period split (JP-MW-01).",reference_rows:SPECIFIC_MW; reference_rows.code.SF088; work_rules.derived_lines.SPECIFIC_MINIMUM_WAGE; worksite_facts.specific_mw_industry; terms_facts.specific_mw_excluded,,JP-SFMW-09,2026-10-01
JP-SF089,JP,minimum_wage,"長野県 specific (industry) minimum wage — 印刷、製版業: 850円/hour, effective 2019-12-31; MHLW marks it ※ — the higher regional floor applies instead.","Minimum Wage Act arts. 6, 15–19; MHLW live industry table (https://saiteichingin.mhlw.go.jp/table/page_indlist_nationallist.html)",https://saiteichingin.mhlw.go.jp/table/page_indlist_nationallist.html,2026-09-29,2019-12-31,,VERIFIED,"JP-SFMW-09 (September 2026, passed 2026-10-01) pins the 長野県 worksite recorded under SF089: regional 1,061 binds over specific 850: 180,370, with 雇用保険, 労災 and 乙欄/non-resident tax on it. Cross-cutting branches stay with their own rows: each order’s Gazette scope and excluded classes (recorded defaults 18–<65 and specific_mw_excluded, JP-MW-02, probed in JP-SFMW-SCOPE), the replaced pre-効力発生日 amount where the order took effect after 2025-12-01 (not seeded), the 令和8年度 revision (unpublished), the top-up not raising the overtime base (JP-OT-06) and the in-period split (JP-MW-01).",reference_rows:SPECIFIC_MW; reference_rows.code.SF089; work_rules.derived_lines.SPECIFIC_MINIMUM_WAGE; worksite_facts.specific_mw_industry; terms_facts.specific_mw_excluded,,JP-SFMW-09,2026-10-01
JP-SF090,JP,minimum_wage,"長野県 specific (industry) minimum wage — はん用機械器具、生産用機械器具、業務用機械器具、自動車・同附属品、船舶製造・修理業、舶用機関製造業: 1105円/hour, effective 2025-12-28; MHLW marks it ※ — the higher regional floor applies instead.","Minimum Wage Act arts. 6, 15–19; MHLW live industry table (https://saiteichingin.mhlw.go.jp/table/page_indlist_nationallist.html)",https://saiteichingin.mhlw.go.jp/table/page_indlist_nationallist.html,2026-09-29,2025-12-28,,VERIFIED,"JP-SFMW-09 (September 2026, passed 2026-10-01) pins the 長野県 worksite recorded under SF090: specific 1,105 binds over regional 1,061: BASIC 180,370 + SPECIFIC_MINIMUM_WAGE 7,480 = 187,850, with 雇用保険, 労災 and 乙欄/non-resident tax on it. Cross-cutting branches stay with their own rows: each order’s Gazette scope and excluded classes (recorded defaults 18–<65 and specific_mw_excluded, JP-MW-02, probed in JP-SFMW-SCOPE), the replaced pre-効力発生日 amount where the order took effect after 2025-12-01 (not seeded), the 令和8年度 revision (unpublished), the top-up not raising the overtime base (JP-OT-06) and the in-period split (JP-MW-01).",reference_rows:SPECIFIC_MW; reference_rows.code.SF090; work_rules.derived_lines.SPECIFIC_MINIMUM_WAGE; worksite_facts.specific_mw_industry; terms_facts.specific_mw_excluded,,JP-SFMW-09,2026-10-01
JP-SF091,JP,minimum_wage,"長野県 specific (industry) minimum wage — 計量器・測定器・分析機器・試験機、医療用機械器具・医療用品、光学機械器具・レンズ、電子部品・デバイス・電子回路、電気機械器具、情報通信機械器具、時計・同部分品、眼鏡製造業: 1095円/hour, effective 2026-01-01; MHLW marks it ※ — the higher regional floor applies instead.","Minimum Wage Act arts. 6, 15–19; MHLW live industry table (https://saiteichingin.mhlw.go.jp/table/page_indlist_nationallist.html)",https://saiteichingin.mhlw.go.jp/table/page_indlist_nationallist.html,2026-09-29,2026-01-01,,VERIFIED,"JP-SFMW-10 (September 2026, passed 2026-10-01) pins the 長野県 worksite recorded under SF091: specific 1,095 binds over regional 1,061: BASIC 180,370 + SPECIFIC_MINIMUM_WAGE 5,780 = 186,150, with 雇用保険, 労災 and 乙欄/non-resident tax on it. Cross-cutting branches stay with their own rows: each order’s Gazette scope and excluded classes (recorded defaults 18–<65 and specific_mw_excluded, JP-MW-02, probed in JP-SFMW-SCOPE), the replaced pre-効力発生日 amount where the order took effect after 2025-12-01 (not seeded), the 令和8年度 revision (unpublished), the top-up not raising the overtime base (JP-OT-06) and the in-period split (JP-MW-01).",reference_rows:SPECIFIC_MW; reference_rows.code.SF091; work_rules.derived_lines.SPECIFIC_MINIMUM_WAGE; worksite_facts.specific_mw_industry; terms_facts.specific_mw_excluded,,JP-SFMW-10,2026-10-01
JP-SF092,JP,minimum_wage,"長野県 specific (industry) minimum wage — 各種商品小売業: 950円/hour, effective 2023-12-31; MHLW marks it ※ — the higher regional floor applies instead.","Minimum Wage Act arts. 6, 15–19; MHLW live industry table (https://saiteichingin.mhlw.go.jp/table/page_indlist_nationallist.html)",https://saiteichingin.mhlw.go.jp/table/page_indlist_nationallist.html,2026-09-29,2023-12-31,,VERIFIED,"JP-SFMW-10 (September 2026, passed 2026-10-01) pins the 長野県 worksite recorded under SF092: regional 1,061 binds over specific 950: 180,370, with 雇用保険, 労災 and 乙欄/non-resident tax on it. Cross-cutting branches stay with their own rows: each order’s Gazette scope and excluded classes (recorded defaults 18–<65 and specific_mw_excluded, JP-MW-02, probed in JP-SFMW-SCOPE), the replaced pre-効力発生日 amount where the order took effect after 2025-12-01 (not seeded), the 令和8年度 revision (unpublished), the top-up not raising the overtime base (JP-OT-06) and the in-period split (JP-MW-01).",reference_rows:SPECIFIC_MW; reference_rows.code.SF092; work_rules.derived_lines.SPECIFIC_MINIMUM_WAGE; worksite_facts.specific_mw_industry; terms_facts.specific_mw_excluded,,JP-SFMW-10,2026-10-01
JP-SF093,JP,minimum_wage,"岐阜県 specific (industry) minimum wage — 電子部品・デバイス・電子回路、電気機械器具、情報通信機械器具製造業: 965円/hour, effective 2023-12-21; MHLW marks it ※ — the higher regional floor applies instead.","Minimum Wage Act arts. 6, 15–19; MHLW live industry table (https://saiteichingin.mhlw.go.jp/table/page_indlist_nationallist.html)",https://saiteichingin.mhlw.go.jp/table/page_indlist_nationallist.html,2026-09-29,2023-12-21,,VERIFIED,"JP-SFMW-10 (September 2026, passed 2026-10-01) pins the 岐阜県 worksite recorded under SF093: regional 1,065 binds over specific 965: 181,050, with 雇用保険, 労災 and 乙欄/non-resident tax on it. Cross-cutting branches stay with their own rows: each order’s Gazette scope and excluded classes (recorded defaults 18–<65 and specific_mw_excluded, JP-MW-02, probed in JP-SFMW-SCOPE), the replaced pre-効力発生日 amount where the order took effect after 2025-12-01 (not seeded), the 令和8年度 revision (unpublished), the top-up not raising the overtime base (JP-OT-06) and the in-period split (JP-MW-01).",reference_rows:SPECIFIC_MW; reference_rows.code.SF093; work_rules.derived_lines.SPECIFIC_MINIMUM_WAGE; worksite_facts.specific_mw_industry; terms_facts.specific_mw_excluded,,JP-SFMW-10,2026-10-01
JP-SF094,JP,minimum_wage,"岐阜県 specific (industry) minimum wage — 自動車・同附属品製造業: 1117円/hour, effective 2025-12-21; MHLW marks it ※ — the higher regional floor applies instead.","Minimum Wage Act arts. 6, 15–19; MHLW live industry table (https://saiteichingin.mhlw.go.jp/table/page_indlist_nationallist.html)",https://saiteichingin.mhlw.go.jp/table/page_indlist_nationallist.html,2026-09-29,2025-12-21,,VERIFIED,"JP-SFMW-10 (September 2026, passed 2026-10-01) pins the 岐阜県 worksite recorded under SF094: specific 1,117 binds over regional 1,065: BASIC 181,050 + SPECIFIC_MINIMUM_WAGE 8,840 = 189,890, with 雇用保険, 労災 and 乙欄/non-resident tax on it. Cross-cutting branches stay with their own rows: each order’s Gazette scope and excluded classes (recorded defaults 18–<65 and specific_mw_excluded, JP-MW-02, probed in JP-SFMW-SCOPE), the replaced pre-効力発生日 amount where the order took effect after 2025-12-01 (not seeded), the 令和8年度 revision (unpublished), the top-up not raising the overtime base (JP-OT-06) and the in-period split (JP-MW-01).",reference_rows:SPECIFIC_MW; reference_rows.code.SF094; work_rules.derived_lines.SPECIFIC_MINIMUM_WAGE; worksite_facts.specific_mw_industry; terms_facts.specific_mw_excluded,,JP-SFMW-10,2026-10-01
JP-SF095,JP,minimum_wage,"岐阜県 specific (industry) minimum wage — 航空機・同附属品製造業: 1049円/hour, effective 2024-12-21; MHLW marks it ※ — the higher regional floor applies instead.","Minimum Wage Act arts. 6, 15–19; MHLW live industry table (https://saiteichingin.mhlw.go.jp/table/page_indlist_nationallist.html)",https://saiteichingin.mhlw.go.jp/table/page_indlist_nationallist.html,2026-09-29,2024-12-21,,VERIFIED,"JP-SFMW-10 (September 2026, passed 2026-10-01) pins the 岐阜県 worksite recorded under SF095: regional 1,065 binds over specific 1,049: 181,050, with 雇用保険, 労災 and 乙欄/non-resident tax on it. Cross-cutting branches stay with their own rows: each order’s Gazette scope and excluded classes (recorded defaults 18–<65 and specific_mw_excluded, JP-MW-02, probed in JP-SFMW-SCOPE), the replaced pre-効力発生日 amount where the order took effect after 2025-12-01 (not seeded), the 令和8年度 revision (unpublished), the top-up not raising the overtime base (JP-OT-06) and the in-period split (JP-MW-01).",reference_rows:SPECIFIC_MW; reference_rows.code.SF095; work_rules.derived_lines.SPECIFIC_MINIMUM_WAGE; worksite_facts.specific_mw_industry; terms_facts.specific_mw_excluded,,JP-SFMW-10,2026-10-01
JP-SF096,JP,minimum_wage,"静岡県 specific (industry) minimum wage — パルプ・紙・加工紙製造業: 786円/hour, effective 2015-12-31; MHLW marks it ※ — the higher regional floor applies instead.","Minimum Wage Act arts. 6, 15–19; MHLW live industry table (https://saiteichingin.mhlw.go.jp/table/page_indlist_nationallist.html)",https://saiteichingin.mhlw.go.jp/table/page_indlist_nationallist.html,2026-09-29,2015-12-31,,VERIFIED,"JP-SFMW-10 (September 2026, passed 2026-10-01) pins the 静岡県 worksite recorded under SF096: regional 1,097 binds over specific 786: 186,490, with 雇用保険, 労災 and 乙欄/non-resident tax on it. Cross-cutting branches stay with their own rows: each order’s Gazette scope and excluded classes (recorded defaults 18–<65 and specific_mw_excluded, JP-MW-02, probed in JP-SFMW-SCOPE), the replaced pre-効力発生日 amount where the order took effect after 2025-12-01 (not seeded), the 令和8年度 revision (unpublished), the top-up not raising the overtime base (JP-OT-06) and the in-period split (JP-MW-01).",reference_rows:SPECIFIC_MW; reference_rows.code.SF096; work_rules.derived_lines.SPECIFIC_MINIMUM_WAGE; worksite_facts.specific_mw_industry; terms_facts.specific_mw_excluded,,JP-SFMW-10,2026-10-01
JP-SF097,JP,minimum_wage,"静岡県 specific (industry) minimum wage — タイヤ・チューブ、ゴムベルト・ゴムホース・工業用ゴム製品製造業: 915円/hour, effective 2021-12-20; MHLW marks it ※ — the higher regional floor applies instead.","Minimum Wage Act arts. 6, 15–19; MHLW live industry table (https://saiteichingin.mhlw.go.jp/table/page_indlist_nationallist.html)",https://saiteichingin.mhlw.go.jp/table/page_indlist_nationallist.html,2026-09-29,2021-12-20,,VERIFIED,"JP-SFMW-10 (September 2026, passed 2026-10-01) pins the 静岡県 worksite recorded under SF097: regional 1,097 binds over specific 915: 186,490, with 雇用保険, 労災 and 乙欄/non-resident tax on it. Cross-cutting branches stay with their own rows: each order’s Gazette scope and excluded classes (recorded defaults 18–<65 and specific_mw_excluded, JP-MW-02, probed in JP-SFMW-SCOPE), the replaced pre-効力発生日 amount where the order took effect after 2025-12-01 (not seeded), the 令和8年度 revision (unpublished), the top-up not raising the overtime base (JP-OT-06) and the in-period split (JP-MW-01).",reference_rows:SPECIFIC_MW; reference_rows.code.SF097; work_rules.derived_lines.SPECIFIC_MINIMUM_WAGE; worksite_facts.specific_mw_industry; terms_facts.specific_mw_excluded,,JP-SFMW-10,2026-10-01
JP-SF098,JP,minimum_wage,"静岡県 specific (industry) minimum wage — 鉄鋼、非鉄金属製造業: 1117円/hour, effective 2025-12-21; MHLW marks it ※ — the higher regional floor applies instead.","Minimum Wage Act arts. 6, 15–19; MHLW live industry table (https://saiteichingin.mhlw.go.jp/table/page_indlist_nationallist.html)",https://saiteichingin.mhlw.go.jp/table/page_indlist_nationallist.html,2026-09-29,2025-12-21,,VERIFIED,"JP-SFMW-10 (September 2026, passed 2026-10-01) pins the 静岡県 worksite recorded under SF098: specific 1,117 binds over regional 1,097: BASIC 186,490 + SPECIFIC_MINIMUM_WAGE 3,400 = 189,890, with 雇用保険, 労災 and 乙欄/non-resident tax on it. Cross-cutting branches stay with their own rows: each order’s Gazette scope and excluded classes (recorded defaults 18–<65 and specific_mw_excluded, JP-MW-02, probed in JP-SFMW-SCOPE), the replaced pre-効力発生日 amount where the order took effect after 2025-12-01 (not seeded), the 令和8年度 revision (unpublished), the top-up not raising the overtime base (JP-OT-06) and the in-period split (JP-MW-01).",reference_rows:SPECIFIC_MW; reference_rows.code.SF098; work_rules.derived_lines.SPECIFIC_MINIMUM_WAGE; worksite_facts.specific_mw_industry; terms_facts.specific_mw_excluded,,JP-SFMW-10,2026-10-01
JP-SF099,JP,minimum_wage,"静岡県 specific (industry) minimum wage — はん用機械器具、生産用機械器具、業務用機械器具、輸送用機械器具製造業: 1133円/hour, effective 2025-12-21; MHLW marks it ※ — the higher regional floor applies instead.","Minimum Wage Act arts. 6, 15–19; MHLW live industry table (https://saiteichingin.mhlw.go.jp/table/page_indlist_nationallist.html)",https://saiteichingin.mhlw.go.jp/table/page_indlist_nationallist.html,2026-09-29,2025-12-21,,VERIFIED,"JP-SFMW-10 (September 2026, passed 2026-10-01) pins the 静岡県 worksite recorded under SF099: specific 1,133 binds over regional 1,097: BASIC 186,490 + SPECIFIC_MINIMUM_WAGE 6,120 = 192,610, with 雇用保険, 労災 and 乙欄/non-resident tax on it. Cross-cutting branches stay with their own rows: each order’s Gazette scope and excluded classes (recorded defaults 18–<65 and specific_mw_excluded, JP-MW-02, probed in JP-SFMW-SCOPE), the replaced pre-効力発生日 amount where the order took effect after 2025-12-01 (not seeded), the 令和8年度 revision (unpublished), the top-up not raising the overtime base (JP-OT-06) and the in-period split (JP-MW-01).",reference_rows:SPECIFIC_MW; reference_rows.code.SF099; work_rules.derived_lines.SPECIFIC_MINIMUM_WAGE; worksite_facts.specific_mw_industry; terms_facts.specific_mw_excluded,,JP-SFMW-10,2026-10-01
JP-SF100,JP,minimum_wage,"静岡県 specific (industry) minimum wage — 電子部品・デバイス・電子回路、電気機械器具、情報通信機械器具製造業: 1042円/hour, effective 2024-12-21; MHLW marks it ※ — the higher regional floor applies instead.","Minimum Wage Act arts. 6, 15–19; MHLW live industry table (https://saiteichingin.mhlw.go.jp/table/page_indlist_nationallist.html)",https://saiteichingin.mhlw.go.jp/table/page_indlist_nationallist.html,2026-09-29,2024-12-21,,VERIFIED,"JP-SFMW-10 (September 2026, passed 2026-10-01) pins the 静岡県 worksite recorded under SF100: regional 1,097 binds over specific 1,042: 186,490, with 雇用保険, 労災 and 乙欄/non-resident tax on it. Cross-cutting branches stay with their own rows: each order’s Gazette scope and excluded classes (recorded defaults 18–<65 and specific_mw_excluded, JP-MW-02, probed in JP-SFMW-SCOPE), the replaced pre-効力発生日 amount where the order took effect after 2025-12-01 (not seeded), the 令和8年度 revision (unpublished), the top-up not raising the overtime base (JP-OT-06) and the in-period split (JP-MW-01).",reference_rows:SPECIFIC_MW; reference_rows.code.SF100; work_rules.derived_lines.SPECIFIC_MINIMUM_WAGE; worksite_facts.specific_mw_industry; terms_facts.specific_mw_excluded,,JP-SFMW-10,2026-10-01
JP-SF101,JP,minimum_wage,"静岡県 specific (industry) minimum wage — 各種商品小売業: 886円/hour, effective 2019-12-21; MHLW marks it ※ — the higher regional floor applies instead.","Minimum Wage Act arts. 6, 15–19; MHLW live industry table (https://saiteichingin.mhlw.go.jp/table/page_indlist_nationallist.html)",https://saiteichingin.mhlw.go.jp/table/page_indlist_nationallist.html,2026-09-29,2019-12-21,,VERIFIED,"JP-SFMW-11 (September 2026, passed 2026-10-01) pins the 静岡県 worksite recorded under SF101: regional 1,097 binds over specific 886: 186,490, with 雇用保険, 労災 and 乙欄/non-resident tax on it. Cross-cutting branches stay with their own rows: each order’s Gazette scope and excluded classes (recorded defaults 18–<65 and specific_mw_excluded, JP-MW-02, probed in JP-SFMW-SCOPE), the replaced pre-効力発生日 amount where the order took effect after 2025-12-01 (not seeded), the 令和8年度 revision (unpublished), the top-up not raising the overtime base (JP-OT-06) and the in-period split (JP-MW-01).",reference_rows:SPECIFIC_MW; reference_rows.code.SF101; work_rules.derived_lines.SPECIFIC_MINIMUM_WAGE; worksite_facts.specific_mw_industry; terms_facts.specific_mw_excluded,,JP-SFMW-11,2026-10-01
JP-SF102,JP,minimum_wage,"愛知県 specific (industry) minimum wage — 染色整理業: 732円/hour, effective 2008-12-16; MHLW marks it ※ — the higher regional floor applies instead.","Minimum Wage Act arts. 6, 15–19; MHLW live industry table (https://saiteichingin.mhlw.go.jp/table/page_indlist_nationallist.html)",https://saiteichingin.mhlw.go.jp/table/page_indlist_nationallist.html,2026-09-29,2008-12-16,,VERIFIED,"JP-SFMW-11 (September 2026, passed 2026-10-01) pins the 愛知県 worksite recorded under SF102: regional 1,140 binds over specific 732: 193,800, with 雇用保険, 労災 and 乙欄/non-resident tax on it. Cross-cutting branches stay with their own rows: each order’s Gazette scope and excluded classes (recorded defaults 18–<65 and specific_mw_excluded, JP-MW-02, probed in JP-SFMW-SCOPE), the replaced pre-効力発生日 amount where the order took effect after 2025-12-01 (not seeded), the 令和8年度 revision (unpublished), the top-up not raising the overtime base (JP-OT-06) and the in-period split (JP-MW-01).",reference_rows:SPECIFIC_MW; reference_rows.code.SF102; work_rules.derived_lines.SPECIFIC_MINIMUM_WAGE; worksite_facts.specific_mw_industry; terms_facts.specific_mw_excluded,,JP-SFMW-11,2026-10-01
JP-SF103,JP,minimum_wage,"愛知県 specific (industry) minimum wage — 製鉄業、製鋼・製鋼圧延業、鋼材製造業: 1175円/hour, effective 2025-12-16; MHLW marks it ※ — the higher regional floor applies instead.","Minimum Wage Act arts. 6, 15–19; MHLW live industry table (https://saiteichingin.mhlw.go.jp/table/page_indlist_nationallist.html)",https://saiteichingin.mhlw.go.jp/table/page_indlist_nationallist.html,2026-09-29,2025-12-16,,VERIFIED,"JP-SFMW-11 (September 2026, passed 2026-10-01) pins the 愛知県 worksite recorded under SF103: specific 1,175 binds over regional 1,140: BASIC 193,800 + SPECIFIC_MINIMUM_WAGE 5,950 = 199,750, with 雇用保険, 労災 and 乙欄/non-resident tax on it. Cross-cutting branches stay with their own rows: each order’s Gazette scope and excluded classes (recorded defaults 18–<65 and specific_mw_excluded, JP-MW-02, probed in JP-SFMW-SCOPE), the replaced pre-効力発生日 amount where the order took effect after 2025-12-01 (not seeded), the 令和8年度 revision (unpublished), the top-up not raising the overtime base (JP-OT-06) and the in-period split (JP-MW-01).",reference_rows:SPECIFIC_MW; reference_rows.code.SF103; work_rules.derived_lines.SPECIFIC_MINIMUM_WAGE; worksite_facts.specific_mw_industry; terms_facts.specific_mw_excluded,,JP-SFMW-11,2026-10-01
JP-SF104,JP,minimum_wage,"愛知県 specific (industry) minimum wage — はん用機械器具、生産用機械器具、業務用機械器具製造業: 968円/hour, effective 2021-12-16; MHLW marks it ※ — the higher regional floor applies instead.","Minimum Wage Act arts. 6, 15–19; MHLW live industry table (https://saiteichingin.mhlw.go.jp/table/page_indlist_nationallist.html)",https://saiteichingin.mhlw.go.jp/table/page_indlist_nationallist.html,2026-09-29,2021-12-16,,VERIFIED,"JP-SFMW-11 (September 2026, passed 2026-10-01) pins the 愛知県 worksite recorded under SF104: regional 1,140 binds over specific 968: 193,800, with 雇用保険, 労災 and 乙欄/non-resident tax on it. Cross-cutting branches stay with their own rows: each order’s Gazette scope and excluded classes (recorded defaults 18–<65 and specific_mw_excluded, JP-MW-02, probed in JP-SFMW-SCOPE), the replaced pre-効力発生日 amount where the order took effect after 2025-12-01 (not seeded), the 令和8年度 revision (unpublished), the top-up not raising the overtime base (JP-OT-06) and the in-period split (JP-MW-01).",reference_rows:SPECIFIC_MW; reference_rows.code.SF104; work_rules.derived_lines.SPECIFIC_MINIMUM_WAGE; worksite_facts.specific_mw_industry; terms_facts.specific_mw_excluded,,JP-SFMW-11,2026-10-01
JP-SF105,JP,minimum_wage,"愛知県 specific (industry) minimum wage — 電子部品・デバイス・電子回路、電気機械器具、情報通信機械器具製造業: 901円/hour, effective 2018-12-16; MHLW marks it ※ — the higher regional floor applies instead.","Minimum Wage Act arts. 6, 15–19; MHLW live industry table (https://saiteichingin.mhlw.go.jp/table/page_indlist_nationallist.html)",https://saiteichingin.mhlw.go.jp/table/page_indlist_nationallist.html,2026-09-29,2018-12-16,,VERIFIED,"JP-SFMW-11 (September 2026, passed 2026-10-01) pins the 愛知県 worksite recorded under SF105: regional 1,140 binds over specific 901: 193,800, with 雇用保険, 労災 and 乙欄/non-resident tax on it. Cross-cutting branches stay with their own rows: each order’s Gazette scope and excluded classes (recorded defaults 18–<65 and specific_mw_excluded, JP-MW-02, probed in JP-SFMW-SCOPE), the replaced pre-効力発生日 amount where the order took effect after 2025-12-01 (not seeded), the 令和8年度 revision (unpublished), the top-up not raising the overtime base (JP-OT-06) and the in-period split (JP-MW-01).",reference_rows:SPECIFIC_MW; reference_rows.code.SF105; work_rules.derived_lines.SPECIFIC_MINIMUM_WAGE; worksite_facts.specific_mw_industry; terms_facts.specific_mw_excluded,,JP-SFMW-11,2026-10-01
JP-SF106,JP,minimum_wage,"愛知県 specific (industry) minimum wage — 輸送用機械器具製造業: 1146円/hour, effective 2025-12-16; MHLW marks it ※ — the higher regional floor applies instead.","Minimum Wage Act arts. 6, 15–19; MHLW live industry table (https://saiteichingin.mhlw.go.jp/table/page_indlist_nationallist.html)",https://saiteichingin.mhlw.go.jp/table/page_indlist_nationallist.html,2026-09-29,2025-12-16,,VERIFIED,"JP-SFMW-11 (September 2026, passed 2026-10-01) pins the 愛知県 worksite recorded under SF106: specific 1,146 binds over regional 1,140: BASIC 193,800 + SPECIFIC_MINIMUM_WAGE 1,020 = 194,820, with 雇用保険, 労災 and 乙欄/non-resident tax on it. Cross-cutting branches stay with their own rows: each order’s Gazette scope and excluded classes (recorded defaults 18–<65 and specific_mw_excluded, JP-MW-02, probed in JP-SFMW-SCOPE), the replaced pre-効力発生日 amount where the order took effect after 2025-12-01 (not seeded), the 令和8年度 revision (unpublished), the top-up not raising the overtime base (JP-OT-06) and the in-period split (JP-MW-01).",reference_rows:SPECIFIC_MW; reference_rows.code.SF106; work_rules.derived_lines.SPECIFIC_MINIMUM_WAGE; worksite_facts.specific_mw_industry; terms_facts.specific_mw_excluded,,JP-SFMW-11,2026-10-01
JP-SF107,JP,minimum_wage,"愛知県 specific (industry) minimum wage — 計量器・測定器・分析機器・試験機、光学機械器具・レンズ、時計・同部分品製造業: 875円/hour, effective 2017-12-16; MHLW marks it ※ — the higher regional floor applies instead.","Minimum Wage Act arts. 6, 15–19; MHLW live industry table (https://saiteichingin.mhlw.go.jp/table/page_indlist_nationallist.html)",https://saiteichingin.mhlw.go.jp/table/page_indlist_nationallist.html,2026-09-29,2017-12-16,,VERIFIED,"JP-SFMW-11 (September 2026, passed 2026-10-01) pins the 愛知県 worksite recorded under SF107: regional 1,140 binds over specific 875: 193,800, with 雇用保険, 労災 and 乙欄/non-resident tax on it. Cross-cutting branches stay with their own rows: each order’s Gazette scope and excluded classes (recorded defaults 18–<65 and specific_mw_excluded, JP-MW-02, probed in JP-SFMW-SCOPE), the replaced pre-効力発生日 amount where the order took effect after 2025-12-01 (not seeded), the 令和8年度 revision (unpublished), the top-up not raising the overtime base (JP-OT-06) and the in-period split (JP-MW-01).",reference_rows:SPECIFIC_MW; reference_rows.code.SF107; work_rules.derived_lines.SPECIFIC_MINIMUM_WAGE; worksite_facts.specific_mw_industry; terms_facts.specific_mw_excluded,,JP-SFMW-11,2026-10-01
JP-SF108,JP,minimum_wage,"愛知県 specific (industry) minimum wage — 各種商品小売業: 847円/hour, effective 2016-12-16; MHLW marks it ※ — the higher regional floor applies instead.","Minimum Wage Act arts. 6, 15–19; MHLW live industry table (https://saiteichingin.mhlw.go.jp/table/page_indlist_nationallist.html)",https://saiteichingin.mhlw.go.jp/table/page_indlist_nationallist.html,2026-09-29,2016-12-16,,VERIFIED,"JP-SFMW-11 (September 2026, passed 2026-10-01) pins the 愛知県 worksite recorded under SF108: regional 1,140 binds over specific 847: 193,800, with 雇用保険, 労災 and 乙欄/non-resident tax on it. Cross-cutting branches stay with their own rows: each order’s Gazette scope and excluded classes (recorded defaults 18–<65 and specific_mw_excluded, JP-MW-02, probed in JP-SFMW-SCOPE), the replaced pre-効力発生日 amount where the order took effect after 2025-12-01 (not seeded), the 令和8年度 revision (unpublished), the top-up not raising the overtime base (JP-OT-06) and the in-period split (JP-MW-01).",reference_rows:SPECIFIC_MW; reference_rows.code.SF108; work_rules.derived_lines.SPECIFIC_MINIMUM_WAGE; worksite_facts.specific_mw_industry; terms_facts.specific_mw_excluded,,JP-SFMW-11,2026-10-01
JP-SF109,JP,minimum_wage,"愛知県 specific (industry) minimum wage — 自動車(新車)、自動車部分品・附属品小売業: 800円/hour, effective 2007-12-16; MHLW marks it ※ — the higher regional floor applies instead.","Minimum Wage Act arts. 6, 15–19; MHLW live industry table (https://saiteichingin.mhlw.go.jp/table/page_indlist_nationallist.html)",https://saiteichingin.mhlw.go.jp/table/page_indlist_nationallist.html,2026-09-29,2007-12-16,,VERIFIED,"JP-SFMW-11 (September 2026, passed 2026-10-01) pins the 愛知県 worksite recorded under SF109: regional 1,140 binds over specific 800: 193,800, with 雇用保険, 労災 and 乙欄/non-resident tax on it. Cross-cutting branches stay with their own rows: each order’s Gazette scope and excluded classes (recorded defaults 18–<65 and specific_mw_excluded, JP-MW-02, probed in JP-SFMW-SCOPE), the replaced pre-効力発生日 amount where the order took effect after 2025-12-01 (not seeded), the 令和8年度 revision (unpublished), the top-up not raising the overtime base (JP-OT-06) and the in-period split (JP-MW-01).",reference_rows:SPECIFIC_MW; reference_rows.code.SF109; work_rules.derived_lines.SPECIFIC_MINIMUM_WAGE; worksite_facts.specific_mw_industry; terms_facts.specific_mw_excluded,,JP-SFMW-11,2026-10-01
JP-SF110,JP,minimum_wage,"愛知県 specific (industry) minimum wage — 自動車(新車)小売業: 943円/hour, effective 2020-12-16; MHLW marks it ※ — the higher regional floor applies instead.","Minimum Wage Act arts. 6, 15–19; MHLW live industry table (https://saiteichingin.mhlw.go.jp/table/page_indlist_nationallist.html)",https://saiteichingin.mhlw.go.jp/table/page_indlist_nationallist.html,2026-09-29,2020-12-16,,VERIFIED,"JP-SFMW-11 (September 2026, passed 2026-10-01) pins the 愛知県 worksite recorded under SF110: regional 1,140 binds over specific 943: 193,800, with 雇用保険, 労災 and 乙欄/non-resident tax on it. Cross-cutting branches stay with their own rows: each order’s Gazette scope and excluded classes (recorded defaults 18–<65 and specific_mw_excluded, JP-MW-02, probed in JP-SFMW-SCOPE), the replaced pre-効力発生日 amount where the order took effect after 2025-12-01 (not seeded), the 令和8年度 revision (unpublished), the top-up not raising the overtime base (JP-OT-06) and the in-period split (JP-MW-01).",reference_rows:SPECIFIC_MW; reference_rows.code.SF110; work_rules.derived_lines.SPECIFIC_MINIMUM_WAGE; worksite_facts.specific_mw_industry; terms_facts.specific_mw_excluded,,JP-SFMW-11,2026-10-01
JP-SF111,JP,minimum_wage,"京都府 specific (industry) minimum wage — 金属素形材製品、ボルト・ナット・リベット・小ねじ・木ねじ等製造業: 933円/hour, effective 2019-12-22; MHLW marks it ※ — the higher regional floor applies instead.","Minimum Wage Act arts. 6, 15–19; MHLW live industry table (https://saiteichingin.mhlw.go.jp/table/page_indlist_nationallist.html)",https://saiteichingin.mhlw.go.jp/table/page_indlist_nationallist.html,2026-09-29,2019-12-22,,VERIFIED,"JP-SFMW-12 (September 2026, passed 2026-10-01) pins the 京都府 worksite recorded under SF111: regional 1,122 binds over specific 933: 190,740, with 雇用保険, 労災 and 乙欄/non-resident tax on it. Cross-cutting branches stay with their own rows: each order’s Gazette scope and excluded classes (recorded defaults 18–<65 and specific_mw_excluded, JP-MW-02, probed in JP-SFMW-SCOPE), the replaced pre-効力発生日 amount where the order took effect after 2025-12-01 (not seeded), the 令和8年度 revision (unpublished), the top-up not raising the overtime base (JP-OT-06) and the in-period split (JP-MW-01).",reference_rows:SPECIFIC_MW; reference_rows.code.SF111; work_rules.derived_lines.SPECIFIC_MINIMUM_WAGE; worksite_facts.specific_mw_industry; terms_facts.specific_mw_excluded,,JP-SFMW-12,2026-10-01
JP-SF112,JP,minimum_wage,"京都府 specific (industry) minimum wage — ポンプ・圧縮機器製造業、一般産業用機械・装置製造業、その他のはん用機械・同部分品製造業、繊維機械製造業、生活関連産業用機械製造業、基礎素材産業用機械製造業、金属加工機械製造業、半導体・フラットパネルディスプレイ製造装置製造業、その他の生産用機械・同部分品製造業、事務用機械器具製造業、サービス用・娯楽用機械器具製造業、建設機械・鉱山機械製造業: 822円/hour, effective 2008-12-21; MHLW marks it ※ — the higher regional floor applies instead.","Minimum Wage Act arts. 6, 15–19; MHLW live industry table (https://saiteichingin.mhlw.go.jp/table/page_indlist_nationallist.html)",https://saiteichingin.mhlw.go.jp/table/page_indlist_nationallist.html,2026-09-29,2008-12-21,,VERIFIED,"JP-SFMW-12 (September 2026, passed 2026-10-01) pins the 京都府 worksite recorded under SF112: regional 1,122 binds over specific 822: 190,740, with 雇用保険, 労災 and 乙欄/non-resident tax on it. Cross-cutting branches stay with their own rows: each order’s Gazette scope and excluded classes (recorded defaults 18–<65 and specific_mw_excluded, JP-MW-02, probed in JP-SFMW-SCOPE), the replaced pre-効力発生日 amount where the order took effect after 2025-12-01 (not seeded), the 令和8年度 revision (unpublished), the top-up not raising the overtime base (JP-OT-06) and the in-period split (JP-MW-01).",reference_rows:SPECIFIC_MW; reference_rows.code.SF112; work_rules.derived_lines.SPECIFIC_MINIMUM_WAGE; worksite_facts.specific_mw_industry; terms_facts.specific_mw_excluded,,JP-SFMW-12,2026-10-01
JP-SF113,JP,minimum_wage,"京都府 specific (industry) minimum wage — 電子部品・デバイス・電子回路、電気機械器具、情報通信機械器具製造業: 1136円/hour, effective 2026-01-24; MHLW marks it ※ — the higher regional floor applies instead.","Minimum Wage Act arts. 6, 15–19; MHLW live industry table (https://saiteichingin.mhlw.go.jp/table/page_indlist_nationallist.html)",https://saiteichingin.mhlw.go.jp/table/page_indlist_nationallist.html,2026-09-29,2026-01-24,,VERIFIED,"JP-SFMW-12 (September 2026, passed 2026-10-01) pins the 京都府 worksite recorded under SF113: specific 1,136 binds over regional 1,122: BASIC 190,740 + SPECIFIC_MINIMUM_WAGE 2,380 = 193,120, with 雇用保険, 労災 and 乙欄/non-resident tax on it. Cross-cutting branches stay with their own rows: each order’s Gazette scope and excluded classes (recorded defaults 18–<65 and specific_mw_excluded, JP-MW-02, probed in JP-SFMW-SCOPE), the replaced pre-効力発生日 amount where the order took effect after 2025-12-01 (not seeded), the 令和8年度 revision (unpublished), the top-up not raising the overtime base (JP-OT-06) and the in-period split (JP-MW-01).",reference_rows:SPECIFIC_MW; reference_rows.code.SF113; work_rules.derived_lines.SPECIFIC_MINIMUM_WAGE; worksite_facts.specific_mw_industry; terms_facts.specific_mw_excluded,,JP-SFMW-12,2026-10-01
JP-SF114,JP,minimum_wage,"京都府 specific (industry) minimum wage — 輸送用機械器具、建設機械・鉱山機械製造業: 1076円/hour, effective 2025-01-19; MHLW marks it ※ — the higher regional floor applies instead.","Minimum Wage Act arts. 6, 15–19; MHLW live industry table (https://saiteichingin.mhlw.go.jp/table/page_indlist_nationallist.html)",https://saiteichingin.mhlw.go.jp/table/page_indlist_nationallist.html,2026-09-29,2025-01-19,,VERIFIED,"JP-SFMW-12 (September 2026, passed 2026-10-01) pins the 京都府 worksite recorded under SF114: regional 1,122 binds over specific 1,076: 190,740, with 雇用保険, 労災 and 乙欄/non-resident tax on it. Cross-cutting branches stay with their own rows: each order’s Gazette scope and excluded classes (recorded defaults 18–<65 and specific_mw_excluded, JP-MW-02, probed in JP-SFMW-SCOPE), the replaced pre-効力発生日 amount where the order took effect after 2025-12-01 (not seeded), the 令和8年度 revision (unpublished), the top-up not raising the overtime base (JP-OT-06) and the in-period split (JP-MW-01).",reference_rows:SPECIFIC_MW; reference_rows.code.SF114; work_rules.derived_lines.SPECIFIC_MINIMUM_WAGE; worksite_facts.specific_mw_industry; terms_facts.specific_mw_excluded,,JP-SFMW-12,2026-10-01
JP-SF115,JP,minimum_wage,"京都府 specific (industry) minimum wage — 各種商品小売業: 938円/hour, effective 2022-01-26; MHLW marks it ※ — the higher regional floor applies instead.","Minimum Wage Act arts. 6, 15–19; MHLW live industry table (https://saiteichingin.mhlw.go.jp/table/page_indlist_nationallist.html)",https://saiteichingin.mhlw.go.jp/table/page_indlist_nationallist.html,2026-09-29,2022-01-26,,VERIFIED,"JP-SFMW-12 (September 2026, passed 2026-10-01) pins the 京都府 worksite recorded under SF115: regional 1,122 binds over specific 938: 190,740, with 雇用保険, 労災 and 乙欄/non-resident tax on it. Cross-cutting branches stay with their own rows: each order’s Gazette scope and excluded classes (recorded defaults 18–<65 and specific_mw_excluded, JP-MW-02, probed in JP-SFMW-SCOPE), the replaced pre-効力発生日 amount where the order took effect after 2025-12-01 (not seeded), the 令和8年度 revision (unpublished), the top-up not raising the overtime base (JP-OT-06) and the in-period split (JP-MW-01).",reference_rows:SPECIFIC_MW; reference_rows.code.SF115; work_rules.derived_lines.SPECIFIC_MINIMUM_WAGE; worksite_facts.specific_mw_industry; terms_facts.specific_mw_excluded,,JP-SFMW-12,2026-10-01
JP-SF116,JP,minimum_wage,"京都府 specific (industry) minimum wage — 自動車(新車)小売業: 939円/hour, effective 2022-01-26; MHLW marks it ※ — the higher regional floor applies instead.","Minimum Wage Act arts. 6, 15–19; MHLW live industry table (https://saiteichingin.mhlw.go.jp/table/page_indlist_nationallist.html)",https://saiteichingin.mhlw.go.jp/table/page_indlist_nationallist.html,2026-09-29,2022-01-26,,VERIFIED,"JP-SFMW-12 (September 2026, passed 2026-10-01) pins the 京都府 worksite recorded under SF116: regional 1,122 binds over specific 939: 190,740, with 雇用保険, 労災 and 乙欄/non-resident tax on it. Cross-cutting branches stay with their own rows: each order’s Gazette scope and excluded classes (recorded defaults 18–<65 and specific_mw_excluded, JP-MW-02, probed in JP-SFMW-SCOPE), the replaced pre-効力発生日 amount where the order took effect after 2025-12-01 (not seeded), the 令和8年度 revision (unpublished), the top-up not raising the overtime base (JP-OT-06) and the in-period split (JP-MW-01).",reference_rows:SPECIFIC_MW; reference_rows.code.SF116; work_rules.derived_lines.SPECIFIC_MINIMUM_WAGE; worksite_facts.specific_mw_industry; terms_facts.specific_mw_excluded,,JP-SFMW-12,2026-10-01
JP-SF117,JP,minimum_wage,"大阪府 specific (industry) minimum wage — 塗料製造業: 1191円/hour, effective 2025-12-04; MHLW marks it ※ — the higher regional floor applies instead.","Minimum Wage Act arts. 6, 15–19; MHLW live industry table (https://saiteichingin.mhlw.go.jp/table/page_indlist_nationallist.html)",https://saiteichingin.mhlw.go.jp/table/page_indlist_nationallist.html,2026-09-29,2025-12-04,,VERIFIED,"JP-SFMW-12 (September 2026, passed 2026-10-01) pins the 大阪府 worksite recorded under SF117: specific 1,191 binds over regional 1,177: BASIC 200,090 + SPECIFIC_MINIMUM_WAGE 2,380 = 202,470, with 雇用保険, 労災 and 乙欄/non-resident tax on it. Cross-cutting branches stay with their own rows: each order’s Gazette scope and excluded classes (recorded defaults 18–<65 and specific_mw_excluded, JP-MW-02, probed in JP-SFMW-SCOPE), the replaced pre-効力発生日 amount where the order took effect after 2025-12-01 (not seeded), the 令和8年度 revision (unpublished), the top-up not raising the overtime base (JP-OT-06) and the in-period split (JP-MW-01).",reference_rows:SPECIFIC_MW; reference_rows.code.SF117; work_rules.derived_lines.SPECIFIC_MINIMUM_WAGE; worksite_facts.specific_mw_industry; terms_facts.specific_mw_excluded,,JP-SFMW-12,2026-10-01
JP-SF118,JP,minimum_wage,"大阪府 specific (industry) minimum wage — 鉄鋼業: 1185円/hour, effective 2025-12-01; MHLW marks it ※ — the higher regional floor applies instead.","Minimum Wage Act arts. 6, 15–19; MHLW live industry table (https://saiteichingin.mhlw.go.jp/table/page_indlist_nationallist.html)",https://saiteichingin.mhlw.go.jp/table/page_indlist_nationallist.html,2026-09-29,2025-12-01,,VERIFIED,"JP-SFMW-12 (September 2026, passed 2026-10-01) pins the 大阪府 worksite recorded under SF118: specific 1,185 binds over regional 1,177: BASIC 200,090 + SPECIFIC_MINIMUM_WAGE 1,360 = 201,450, with 雇用保険, 労災 and 乙欄/non-resident tax on it. Cross-cutting branches stay with their own rows: each order’s Gazette scope and excluded classes (recorded defaults 18–<65 and specific_mw_excluded, JP-MW-02, probed in JP-SFMW-SCOPE), the replaced pre-効力発生日 amount where the order took effect after 2025-12-01 (not seeded), the 令和8年度 revision (unpublished), the top-up not raising the overtime base (JP-OT-06) and the in-period split (JP-MW-01).",reference_rows:SPECIFIC_MW; reference_rows.code.SF118; work_rules.derived_lines.SPECIFIC_MINIMUM_WAGE; worksite_facts.specific_mw_industry; terms_facts.specific_mw_excluded,,JP-SFMW-12,2026-10-01
JP-SF119,JP,minimum_wage,"大阪府 specific (industry) minimum wage — 非鉄金属・同合金圧延業、電線・ケーブル製造業: 1180円/hour, effective 2025-12-01; MHLW marks it ※ — the higher regional floor applies instead.","Minimum Wage Act arts. 6, 15–19; MHLW live industry table (https://saiteichingin.mhlw.go.jp/table/page_indlist_nationallist.html)",https://saiteichingin.mhlw.go.jp/table/page_indlist_nationallist.html,2026-09-29,2025-12-01,,VERIFIED,"JP-SFMW-12 (September 2026, passed 2026-10-01) pins the 大阪府 worksite recorded under SF119: specific 1,180 binds over regional 1,177: BASIC 200,090 + SPECIFIC_MINIMUM_WAGE 510 = 200,600, with 雇用保険, 労災 and 乙欄/non-resident tax on it. Cross-cutting branches stay with their own rows: each order’s Gazette scope and excluded classes (recorded defaults 18–<65 and specific_mw_excluded, JP-MW-02, probed in JP-SFMW-SCOPE), the replaced pre-効力発生日 amount where the order took effect after 2025-12-01 (not seeded), the 令和8年度 revision (unpublished), the top-up not raising the overtime base (JP-OT-06) and the in-period split (JP-MW-01).",reference_rows:SPECIFIC_MW; reference_rows.code.SF119; work_rules.derived_lines.SPECIFIC_MINIMUM_WAGE; worksite_facts.specific_mw_industry; terms_facts.specific_mw_excluded,,JP-SFMW-12,2026-10-01
JP-SF120,JP,minimum_wage,"大阪府 specific (industry) minimum wage — はん用機械器具製造業、生産用機械器具製造業、業務用機械器具製造業、暖房・調理等装置、配管工事用附属品、金属線製品製造業、船舶製造・修理業、舶用機関製造業: 1197円/hour, effective 2025-12-01; MHLW marks it ※ — the higher regional floor applies instead.","Minimum Wage Act arts. 6, 15–19; MHLW live industry table (https://saiteichingin.mhlw.go.jp/table/page_indlist_nationallist.html)",https://saiteichingin.mhlw.go.jp/table/page_indlist_nationallist.html,2026-09-29,2025-12-01,,VERIFIED,"JP-SFMW-12 (September 2026, passed 2026-10-01) pins the 大阪府 worksite recorded under SF120: specific 1,197 binds over regional 1,177: BASIC 200,090 + SPECIFIC_MINIMUM_WAGE 3,400 = 203,490, with 雇用保険, 労災 and 乙欄/non-resident tax on it. Cross-cutting branches stay with their own rows: each order’s Gazette scope and excluded classes (recorded defaults 18–<65 and specific_mw_excluded, JP-MW-02, probed in JP-SFMW-SCOPE), the replaced pre-効力発生日 amount where the order took effect after 2025-12-01 (not seeded), the 令和8年度 revision (unpublished), the top-up not raising the overtime base (JP-OT-06) and the in-period split (JP-MW-01).",reference_rows:SPECIFIC_MW; reference_rows.code.SF120; work_rules.derived_lines.SPECIFIC_MINIMUM_WAGE; worksite_facts.specific_mw_industry; terms_facts.specific_mw_excluded,,JP-SFMW-12,2026-10-01
JP-SF121,JP,minimum_wage,"大阪府 specific (industry) minimum wage — 電子部品・デバイス・電子回路、電気機械器具、情報通信機械器具製造業: 1197円/hour, effective 2025-12-04; MHLW marks it ※ — the higher regional floor applies instead.","Minimum Wage Act arts. 6, 15–19; MHLW live industry table (https://saiteichingin.mhlw.go.jp/table/page_indlist_nationallist.html)",https://saiteichingin.mhlw.go.jp/table/page_indlist_nationallist.html,2026-09-29,2025-12-04,,VERIFIED,"JP-SFMW-13 (September 2026, passed 2026-10-01) pins the 大阪府 worksite recorded under SF121: specific 1,197 binds over regional 1,177: BASIC 200,090 + SPECIFIC_MINIMUM_WAGE 3,400 = 203,490, with 雇用保険, 労災 and 乙欄/non-resident tax on it. Cross-cutting branches stay with their own rows: each order’s Gazette scope and excluded classes (recorded defaults 18–<65 and specific_mw_excluded, JP-MW-02, probed in JP-SFMW-SCOPE), the replaced pre-効力発生日 amount where the order took effect after 2025-12-01 (not seeded), the 令和8年度 revision (unpublished), the top-up not raising the overtime base (JP-OT-06) and the in-period split (JP-MW-01).",reference_rows:SPECIFIC_MW; reference_rows.code.SF121; work_rules.derived_lines.SPECIFIC_MINIMUM_WAGE; worksite_facts.specific_mw_industry; terms_facts.specific_mw_excluded,,JP-SFMW-13,2026-10-01
JP-SF122,JP,minimum_wage,"大阪府 specific (industry) minimum wage — 自動車・同附属品製造業: 1194円/hour, effective 2025-12-01; MHLW marks it ※ — the higher regional floor applies instead.","Minimum Wage Act arts. 6, 15–19; MHLW live industry table (https://saiteichingin.mhlw.go.jp/table/page_indlist_nationallist.html)",https://saiteichingin.mhlw.go.jp/table/page_indlist_nationallist.html,2026-09-29,2025-12-01,,VERIFIED,"JP-SFMW-13 (September 2026, passed 2026-10-01) pins the 大阪府 worksite recorded under SF122: specific 1,194 binds over regional 1,177: BASIC 200,090 + SPECIFIC_MINIMUM_WAGE 2,890 = 202,980, with 雇用保険, 労災 and 乙欄/non-resident tax on it. Cross-cutting branches stay with their own rows: each order’s Gazette scope and excluded classes (recorded defaults 18–<65 and specific_mw_excluded, JP-MW-02, probed in JP-SFMW-SCOPE), the replaced pre-効力発生日 amount where the order took effect after 2025-12-01 (not seeded), the 令和8年度 revision (unpublished), the top-up not raising the overtime base (JP-OT-06) and the in-period split (JP-MW-01).",reference_rows:SPECIFIC_MW; reference_rows.code.SF122; work_rules.derived_lines.SPECIFIC_MINIMUM_WAGE; worksite_facts.specific_mw_industry; terms_facts.specific_mw_excluded,,JP-SFMW-13,2026-10-01
JP-SF123,JP,minimum_wage,"大阪府 specific (industry) minimum wage — 自動車小売業: 993円/hour, effective 2021-12-01; MHLW marks it ※ — the higher regional floor applies instead.","Minimum Wage Act arts. 6, 15–19; MHLW live industry table (https://saiteichingin.mhlw.go.jp/table/page_indlist_nationallist.html)",https://saiteichingin.mhlw.go.jp/table/page_indlist_nationallist.html,2026-09-29,2021-12-01,,VERIFIED,"JP-SFMW-13 (September 2026, passed 2026-10-01) pins the 大阪府 worksite recorded under SF123: regional 1,177 binds over specific 993: 200,090, with 雇用保険, 労災 and 乙欄/non-resident tax on it. Cross-cutting branches stay with their own rows: each order’s Gazette scope and excluded classes (recorded defaults 18–<65 and specific_mw_excluded, JP-MW-02, probed in JP-SFMW-SCOPE), the replaced pre-効力発生日 amount where the order took effect after 2025-12-01 (not seeded), the 令和8年度 revision (unpublished), the top-up not raising the overtime base (JP-OT-06) and the in-period split (JP-MW-01).",reference_rows:SPECIFIC_MW; reference_rows.code.SF123; work_rules.derived_lines.SPECIFIC_MINIMUM_WAGE; worksite_facts.specific_mw_industry; terms_facts.specific_mw_excluded,,JP-SFMW-13,2026-10-01
JP-SF124,JP,minimum_wage,"三重県 specific (industry) minimum wage — ガラス・同製品製造業: 923円/hour, effective 2021-12-21; MHLW marks it ※ — the higher regional floor applies instead.","Minimum Wage Act arts. 6, 15–19; MHLW live industry table (https://saiteichingin.mhlw.go.jp/table/page_indlist_nationallist.html)",https://saiteichingin.mhlw.go.jp/table/page_indlist_nationallist.html,2026-09-29,2021-12-21,,VERIFIED,"JP-SFMW-13 (September 2026, passed 2026-10-01) pins the 三重県 worksite recorded under SF124: regional 1,087 binds over specific 923: 184,790, with 雇用保険, 労災 and 乙欄/non-resident tax on it. Cross-cutting branches stay with their own rows: each order’s Gazette scope and excluded classes (recorded defaults 18–<65 and specific_mw_excluded, JP-MW-02, probed in JP-SFMW-SCOPE), the replaced pre-効力発生日 amount where the order took effect after 2025-12-01 (not seeded), the 令和8年度 revision (unpublished), the top-up not raising the overtime base (JP-OT-06) and the in-period split (JP-MW-01).",reference_rows:SPECIFIC_MW; reference_rows.code.SF124; work_rules.derived_lines.SPECIFIC_MINIMUM_WAGE; worksite_facts.specific_mw_industry; terms_facts.specific_mw_excluded,,JP-SFMW-13,2026-10-01
JP-SF125,JP,minimum_wage,"三重県 specific (industry) minimum wage — 銑鉄鋳物、可鍛鋳鉄、鋳鉄管製造業: 739円/hour, 5907円/day (legacy unit), effective 1998-12-15; MHLW marks it ※ — the higher regional floor applies instead.","Minimum Wage Act arts. 6, 15–19; MHLW live industry table (https://saiteichingin.mhlw.go.jp/table/page_indlist_nationallist.html)",https://saiteichingin.mhlw.go.jp/table/page_indlist_nationallist.html,2026-09-29,1998-12-15,,VERIFIED,"JP-SFMW-13 (September 2026, passed 2026-10-01) pins the 三重県 worksite recorded under SF125: regional 1,087 binds over specific 739: 184,790, with 雇用保険, 労災 and 乙欄/non-resident tax on it. Cross-cutting branches stay with their own rows: each order’s Gazette scope and excluded classes (recorded defaults 18–<65 and specific_mw_excluded, JP-MW-02, probed in JP-SFMW-SCOPE), the replaced pre-効力発生日 amount where the order took effect after 2025-12-01 (not seeded), the 令和8年度 revision (unpublished), the top-up not raising the overtime base (JP-OT-06) and the in-period split (JP-MW-01).",reference_rows:SPECIFIC_MW; reference_rows.code.SF125; work_rules.derived_lines.SPECIFIC_MINIMUM_WAGE; worksite_facts.specific_mw_industry; terms_facts.specific_mw_excluded,,JP-SFMW-13,2026-10-01
JP-SF126,JP,minimum_wage,"三重県 specific (industry) minimum wage — 電線・ケーブル製造業: 1097円/hour, effective 2025-12-21; MHLW marks it ※ — the higher regional floor applies instead.","Minimum Wage Act arts. 6, 15–19; MHLW live industry table (https://saiteichingin.mhlw.go.jp/table/page_indlist_nationallist.html)",https://saiteichingin.mhlw.go.jp/table/page_indlist_nationallist.html,2026-09-29,2025-12-21,,VERIFIED,"JP-SFMW-13 (September 2026, passed 2026-10-01) pins the 三重県 worksite recorded under SF126: specific 1,097 binds over regional 1,087: BASIC 184,790 + SPECIFIC_MINIMUM_WAGE 1,700 = 186,490, with 雇用保険, 労災 and 乙欄/non-resident tax on it. Cross-cutting branches stay with their own rows: each order’s Gazette scope and excluded classes (recorded defaults 18–<65 and specific_mw_excluded, JP-MW-02, probed in JP-SFMW-SCOPE), the replaced pre-効力発生日 amount where the order took effect after 2025-12-01 (not seeded), the 令和8年度 revision (unpublished), the top-up not raising the overtime base (JP-OT-06) and the in-period split (JP-MW-01).",reference_rows:SPECIFIC_MW; reference_rows.code.SF126; work_rules.derived_lines.SPECIFIC_MINIMUM_WAGE; worksite_facts.specific_mw_industry; terms_facts.specific_mw_excluded,,JP-SFMW-13,2026-10-01
JP-SF127,JP,minimum_wage,"三重県 specific (industry) minimum wage — 洋食器・刃物・手道具・金物類製造業: 843円/hour, effective 2015-12-20; MHLW marks it ※ — the higher regional floor applies instead.","Minimum Wage Act arts. 6, 15–19; MHLW live industry table (https://saiteichingin.mhlw.go.jp/table/page_indlist_nationallist.html)",https://saiteichingin.mhlw.go.jp/table/page_indlist_nationallist.html,2026-09-29,2015-12-20,,VERIFIED,"JP-SFMW-13 (September 2026, passed 2026-10-01) pins the 三重県 worksite recorded under SF127: regional 1,087 binds over specific 843: 184,790, with 雇用保険, 労災 and 乙欄/non-resident tax on it. Cross-cutting branches stay with their own rows: each order’s Gazette scope and excluded classes (recorded defaults 18–<65 and specific_mw_excluded, JP-MW-02, probed in JP-SFMW-SCOPE), the replaced pre-効力発生日 amount where the order took effect after 2025-12-01 (not seeded), the 令和8年度 revision (unpublished), the top-up not raising the overtime base (JP-OT-06) and the in-period split (JP-MW-01).",reference_rows:SPECIFIC_MW; reference_rows.code.SF127; work_rules.derived_lines.SPECIFIC_MINIMUM_WAGE; worksite_facts.specific_mw_industry; terms_facts.specific_mw_excluded,,JP-SFMW-13,2026-10-01
JP-SF128,JP,minimum_wage,"三重県 specific (industry) minimum wage — 一般機械器具製造業: 762円/hour, effective 2003-12-15; MHLW marks it ※ — the higher regional floor applies instead.","Minimum Wage Act arts. 6, 15–19; MHLW live industry table (https://saiteichingin.mhlw.go.jp/table/page_indlist_nationallist.html)",https://saiteichingin.mhlw.go.jp/table/page_indlist_nationallist.html,2026-09-29,2003-12-15,,VERIFIED,"JP-SFMW-13 (September 2026, passed 2026-10-01) pins the 三重県 worksite recorded under SF128: regional 1,087 binds over specific 762: 184,790, with 雇用保険, 労災 and 乙欄/non-resident tax on it. Cross-cutting branches stay with their own rows: each order’s Gazette scope and excluded classes (recorded defaults 18–<65 and specific_mw_excluded, JP-MW-02, probed in JP-SFMW-SCOPE), the replaced pre-効力発生日 amount where the order took effect after 2025-12-01 (not seeded), the 令和8年度 revision (unpublished), the top-up not raising the overtime base (JP-OT-06) and the in-period split (JP-MW-01).",reference_rows:SPECIFIC_MW; reference_rows.code.SF128; work_rules.derived_lines.SPECIFIC_MINIMUM_WAGE; worksite_facts.specific_mw_industry; terms_facts.specific_mw_excluded,,JP-SFMW-13,2026-10-01
JP-SF129,JP,minimum_wage,"三重県 specific (industry) minimum wage — 電子部品・デバイス・電子回路、電気機械器具、情報通信機械器具製造業: 1031円/hour, effective 2024-12-21; MHLW marks it ※ — the higher regional floor applies instead.","Minimum Wage Act arts. 6, 15–19; MHLW live industry table (https://saiteichingin.mhlw.go.jp/table/page_indlist_nationallist.html)",https://saiteichingin.mhlw.go.jp/table/page_indlist_nationallist.html,2026-09-29,2024-12-21,,VERIFIED,"JP-SFMW-13 (September 2026, passed 2026-10-01) pins the 三重県 worksite recorded under SF129: regional 1,087 binds over specific 1,031: 184,790, with 雇用保険, 労災 and 乙欄/non-resident tax on it. Cross-cutting branches stay with their own rows: each order’s Gazette scope and excluded classes (recorded defaults 18–<65 and specific_mw_excluded, JP-MW-02, probed in JP-SFMW-SCOPE), the replaced pre-効力発生日 amount where the order took effect after 2025-12-01 (not seeded), the 令和8年度 revision (unpublished), the top-up not raising the overtime base (JP-OT-06) and the in-period split (JP-MW-01).",reference_rows:SPECIFIC_MW; reference_rows.code.SF129; work_rules.derived_lines.SPECIFIC_MINIMUM_WAGE; worksite_facts.specific_mw_industry; terms_facts.specific_mw_excluded,,JP-SFMW-13,2026-10-01
JP-SF130,JP,minimum_wage,"三重県 specific (industry) minimum wage — 建設機械・鉱山機械製造業、自動車・同附属品製造業、船舶製造・修理業、舶用機関製造業、産業用運搬車両・同部分品・附属品製造業、その他の輸送用機械器具製造業: 1111円/hour, effective 2025-12-21; MHLW marks it ※ — the higher regional floor applies instead.","Minimum Wage Act arts. 6, 15–19; MHLW live industry table (https://saiteichingin.mhlw.go.jp/table/page_indlist_nationallist.html)",https://saiteichingin.mhlw.go.jp/table/page_indlist_nationallist.html,2026-09-29,2025-12-21,,VERIFIED,"JP-SFMW-13 (September 2026, passed 2026-10-01) pins the 三重県 worksite recorded under SF130: specific 1,111 binds over regional 1,087: BASIC 184,790 + SPECIFIC_MINIMUM_WAGE 4,080 = 188,870, with 雇用保険, 労災 and 乙欄/non-resident tax on it. Cross-cutting branches stay with their own rows: each order’s Gazette scope and excluded classes (recorded defaults 18–<65 and specific_mw_excluded, JP-MW-02, probed in JP-SFMW-SCOPE), the replaced pre-効力発生日 amount where the order took effect after 2025-12-01 (not seeded), the 令和8年度 revision (unpublished), the top-up not raising the overtime base (JP-OT-06) and the in-period split (JP-MW-01).",reference_rows:SPECIFIC_MW; reference_rows.code.SF130; work_rules.derived_lines.SPECIFIC_MINIMUM_WAGE; worksite_facts.specific_mw_industry; terms_facts.specific_mw_excluded,,JP-SFMW-13,2026-10-01
JP-SF131,JP,minimum_wage,"滋賀県 specific (industry) minimum wage — 紡績業，化学繊維製造業、その他の織物業、染色整理業、繊維粗製品製造業、その他の繊維製品製造業: 789円/hour, effective 2016-12-30; MHLW marks it ※ — the higher regional floor applies instead.","Minimum Wage Act arts. 6, 15–19; MHLW live industry table (https://saiteichingin.mhlw.go.jp/table/page_indlist_nationallist.html)",https://saiteichingin.mhlw.go.jp/table/page_indlist_nationallist.html,2026-09-29,2016-12-30,,VERIFIED,"JP-SFMW-14 (September 2026, passed 2026-10-01) pins the 滋賀県 worksite recorded under SF131: regional 1,080 binds over specific 789: 183,600, with 雇用保険, 労災 and 乙欄/non-resident tax on it. Cross-cutting branches stay with their own rows: each order’s Gazette scope and excluded classes (recorded defaults 18–<65 and specific_mw_excluded, JP-MW-02, probed in JP-SFMW-SCOPE), the replaced pre-効力発生日 amount where the order took effect after 2025-12-01 (not seeded), the 令和8年度 revision (unpublished), the top-up not raising the overtime base (JP-OT-06) and the in-period split (JP-MW-01).",reference_rows:SPECIFIC_MW; reference_rows.code.SF131; work_rules.derived_lines.SPECIFIC_MINIMUM_WAGE; worksite_facts.specific_mw_industry; terms_facts.specific_mw_excluded,,JP-SFMW-14,2026-10-01
JP-SF132,JP,minimum_wage,"滋賀県 specific (industry) minimum wage — ガラス・同製品、セメント・同製品、衛生陶器、炭素・黒鉛製品、炭素繊維製造業: 1099円/hour, effective 2025-12-28; MHLW marks it ※ — the higher regional floor applies instead.","Minimum Wage Act arts. 6, 15–19; MHLW live industry table (https://saiteichingin.mhlw.go.jp/table/page_indlist_nationallist.html)",https://saiteichingin.mhlw.go.jp/table/page_indlist_nationallist.html,2026-09-29,2025-12-28,,VERIFIED,"JP-SFMW-14 (September 2026, passed 2026-10-01) pins the 滋賀県 worksite recorded under SF132: specific 1,099 binds over regional 1,080: BASIC 183,600 + SPECIFIC_MINIMUM_WAGE 3,230 = 186,830, with 雇用保険, 労災 and 乙欄/non-resident tax on it. Cross-cutting branches stay with their own rows: each order’s Gazette scope and excluded classes (recorded defaults 18–<65 and specific_mw_excluded, JP-MW-02, probed in JP-SFMW-SCOPE), the replaced pre-効力発生日 amount where the order took effect after 2025-12-01 (not seeded), the 令和8年度 revision (unpublished), the top-up not raising the overtime base (JP-OT-06) and the in-period split (JP-MW-01).",reference_rows:SPECIFIC_MW; reference_rows.code.SF132; work_rules.derived_lines.SPECIFIC_MINIMUM_WAGE; worksite_facts.specific_mw_industry; terms_facts.specific_mw_excluded,,JP-SFMW-14,2026-10-01
JP-SF133,JP,minimum_wage,"滋賀県 specific (industry) minimum wage — はん用機械器具、生産用機械器具、業務用機械器具製造業: 1114円/hour, effective 2025-12-28; MHLW marks it ※ — the higher regional floor applies instead.","Minimum Wage Act arts. 6, 15–19; MHLW live industry table (https://saiteichingin.mhlw.go.jp/table/page_indlist_nationallist.html)",https://saiteichingin.mhlw.go.jp/table/page_indlist_nationallist.html,2026-09-29,2025-12-28,,VERIFIED,"JP-SFMW-14 (September 2026, passed 2026-10-01) pins the 滋賀県 worksite recorded under SF133: specific 1,114 binds over regional 1,080: BASIC 183,600 + SPECIFIC_MINIMUM_WAGE 5,780 = 189,380, with 雇用保険, 労災 and 乙欄/non-resident tax on it. Cross-cutting branches stay with their own rows: each order’s Gazette scope and excluded classes (recorded defaults 18–<65 and specific_mw_excluded, JP-MW-02, probed in JP-SFMW-SCOPE), the replaced pre-効力発生日 amount where the order took effect after 2025-12-01 (not seeded), the 令和8年度 revision (unpublished), the top-up not raising the overtime base (JP-OT-06) and the in-period split (JP-MW-01).",reference_rows:SPECIFIC_MW; reference_rows.code.SF133; work_rules.derived_lines.SPECIFIC_MINIMUM_WAGE; worksite_facts.specific_mw_industry; terms_facts.specific_mw_excluded,,JP-SFMW-14,2026-10-01
JP-SF134,JP,minimum_wage,"滋賀県 specific (industry) minimum wage — 計量器・測定器・分析機器・試験機、光学機械器具・レンズ、電子部品・デバイス・電子回路、電気機械器具、情報通信機械器具製造業: 1105円/hour, effective 2025-12-28; MHLW marks it ※ — the higher regional floor applies instead.","Minimum Wage Act arts. 6, 15–19; MHLW live industry table (https://saiteichingin.mhlw.go.jp/table/page_indlist_nationallist.html)",https://saiteichingin.mhlw.go.jp/table/page_indlist_nationallist.html,2026-09-29,2025-12-28,,VERIFIED,"JP-SFMW-14 (September 2026, passed 2026-10-01) pins the 滋賀県 worksite recorded under SF134: specific 1,105 binds over regional 1,080: BASIC 183,600 + SPECIFIC_MINIMUM_WAGE 4,250 = 187,850, with 雇用保険, 労災 and 乙欄/non-resident tax on it. Cross-cutting branches stay with their own rows: each order’s Gazette scope and excluded classes (recorded defaults 18–<65 and specific_mw_excluded, JP-MW-02, probed in JP-SFMW-SCOPE), the replaced pre-効力発生日 amount where the order took effect after 2025-12-01 (not seeded), the 令和8年度 revision (unpublished), the top-up not raising the overtime base (JP-OT-06) and the in-period split (JP-MW-01).",reference_rows:SPECIFIC_MW; reference_rows.code.SF134; work_rules.derived_lines.SPECIFIC_MINIMUM_WAGE; worksite_facts.specific_mw_industry; terms_facts.specific_mw_excluded,,JP-SFMW-14,2026-10-01
JP-SF135,JP,minimum_wage,"滋賀県 specific (industry) minimum wage — 自動車・同附属品製造業: 1115円/hour, effective 2025-12-28; MHLW marks it ※ — the higher regional floor applies instead.","Minimum Wage Act arts. 6, 15–19; MHLW live industry table (https://saiteichingin.mhlw.go.jp/table/page_indlist_nationallist.html)",https://saiteichingin.mhlw.go.jp/table/page_indlist_nationallist.html,2026-09-29,2025-12-28,,VERIFIED,"JP-SFMW-14 (September 2026, passed 2026-10-01) pins the 滋賀県 worksite recorded under SF135: specific 1,115 binds over regional 1,080: BASIC 183,600 + SPECIFIC_MINIMUM_WAGE 5,950 = 189,550, with 雇用保険, 労災 and 乙欄/non-resident tax on it. Cross-cutting branches stay with their own rows: each order’s Gazette scope and excluded classes (recorded defaults 18–<65 and specific_mw_excluded, JP-MW-02, probed in JP-SFMW-SCOPE), the replaced pre-効力発生日 amount where the order took effect after 2025-12-01 (not seeded), the 令和8年度 revision (unpublished), the top-up not raising the overtime base (JP-OT-06) and the in-period split (JP-MW-01).",reference_rows:SPECIFIC_MW; reference_rows.code.SF135; work_rules.derived_lines.SPECIFIC_MINIMUM_WAGE; worksite_facts.specific_mw_industry; terms_facts.specific_mw_excluded,,JP-SFMW-14,2026-10-01
JP-SF136,JP,minimum_wage,"滋賀県 specific (industry) minimum wage — 各種商品小売業: 840円/hour, effective 2018-12-29; MHLW marks it ※ — the higher regional floor applies instead.","Minimum Wage Act arts. 6, 15–19; MHLW live industry table (https://saiteichingin.mhlw.go.jp/table/page_indlist_nationallist.html)",https://saiteichingin.mhlw.go.jp/table/page_indlist_nationallist.html,2026-09-29,2018-12-29,,VERIFIED,"JP-SFMW-14 (September 2026, passed 2026-10-01) pins the 滋賀県 worksite recorded under SF136: regional 1,080 binds over specific 840: 183,600, with 雇用保険, 労災 and 乙欄/non-resident tax on it. Cross-cutting branches stay with their own rows: each order’s Gazette scope and excluded classes (recorded defaults 18–<65 and specific_mw_excluded, JP-MW-02, probed in JP-SFMW-SCOPE), the replaced pre-効力発生日 amount where the order took effect after 2025-12-01 (not seeded), the 令和8年度 revision (unpublished), the top-up not raising the overtime base (JP-OT-06) and the in-period split (JP-MW-01).",reference_rows:SPECIFIC_MW; reference_rows.code.SF136; work_rules.derived_lines.SPECIFIC_MINIMUM_WAGE; worksite_facts.specific_mw_industry; terms_facts.specific_mw_excluded,,JP-SFMW-14,2026-10-01
JP-SF137,JP,minimum_wage,"兵庫県 specific (industry) minimum wage — 繊維工業: 800円/hour, effective 2016-03-01; MHLW marks it ※ — the higher regional floor applies instead.","Minimum Wage Act arts. 6, 15–19; MHLW live industry table (https://saiteichingin.mhlw.go.jp/table/page_indlist_nationallist.html)",https://saiteichingin.mhlw.go.jp/table/page_indlist_nationallist.html,2026-09-29,2016-03-01,,VERIFIED,"JP-SFMW-14 (September 2026, passed 2026-10-01) pins the 兵庫県 worksite recorded under SF137: regional 1,116 binds over specific 800: 189,720, with 雇用保険, 労災 and 乙欄/non-resident tax on it. Cross-cutting branches stay with their own rows: each order’s Gazette scope and excluded classes (recorded defaults 18–<65 and specific_mw_excluded, JP-MW-02, probed in JP-SFMW-SCOPE), the replaced pre-効力発生日 amount where the order took effect after 2025-12-01 (not seeded), the 令和8年度 revision (unpublished), the top-up not raising the overtime base (JP-OT-06) and the in-period split (JP-MW-01).",reference_rows:SPECIFIC_MW; reference_rows.code.SF137; work_rules.derived_lines.SPECIFIC_MINIMUM_WAGE; worksite_facts.specific_mw_industry; terms_facts.specific_mw_excluded,,JP-SFMW-14,2026-10-01
JP-SF138,JP,minimum_wage,"兵庫県 specific (industry) minimum wage — 塗料製造業: 1158円/hour, effective 2025-12-01; MHLW marks it ※ — the higher regional floor applies instead.","Minimum Wage Act arts. 6, 15–19; MHLW live industry table (https://saiteichingin.mhlw.go.jp/table/page_indlist_nationallist.html)",https://saiteichingin.mhlw.go.jp/table/page_indlist_nationallist.html,2026-09-29,2025-12-01,,VERIFIED,"JP-SFMW-14 (September 2026, passed 2026-10-01) pins the 兵庫県 worksite recorded under SF138: specific 1,158 binds over regional 1,116: BASIC 189,720 + SPECIFIC_MINIMUM_WAGE 7,140 = 196,860, with 雇用保険, 労災 and 乙欄/non-resident tax on it. Cross-cutting branches stay with their own rows: each order’s Gazette scope and excluded classes (recorded defaults 18–<65 and specific_mw_excluded, JP-MW-02, probed in JP-SFMW-SCOPE), the replaced pre-効力発生日 amount where the order took effect after 2025-12-01 (not seeded), the 令和8年度 revision (unpublished), the top-up not raising the overtime base (JP-OT-06) and the in-period split (JP-MW-01).",reference_rows:SPECIFIC_MW; reference_rows.code.SF138; work_rules.derived_lines.SPECIFIC_MINIMUM_WAGE; worksite_facts.specific_mw_industry; terms_facts.specific_mw_excluded,,JP-SFMW-14,2026-10-01
JP-SF139,JP,minimum_wage,"兵庫県 specific (industry) minimum wage — 鉄鋼業: 1180円/hour, effective 2025-12-01.","Minimum Wage Act arts. 6, 15–19; MHLW live industry table (https://saiteichingin.mhlw.go.jp/table/page_indlist_nationallist.html)",https://saiteichingin.mhlw.go.jp/table/page_indlist_nationallist.html,2026-09-29,2025-12-01,,VERIFIED,"JP-SFMW-14 (September 2026, passed 2026-10-01) pins the 兵庫県 worksite recorded under SF139: specific 1,180 binds over regional 1,116: BASIC 189,720 + SPECIFIC_MINIMUM_WAGE 10,880 = 200,600, with 雇用保険, 労災 and 乙欄/non-resident tax on it. Cross-cutting branches stay with their own rows: each order’s Gazette scope and excluded classes (recorded defaults 18–<65 and specific_mw_excluded, JP-MW-02, probed in JP-SFMW-SCOPE), the replaced pre-効力発生日 amount where the order took effect after 2025-12-01 (not seeded), the 令和8年度 revision (unpublished), the top-up not raising the overtime base (JP-OT-06) and the in-period split (JP-MW-01).",reference_rows:SPECIFIC_MW; reference_rows.code.SF139; work_rules.derived_lines.SPECIFIC_MINIMUM_WAGE; worksite_facts.specific_mw_industry; terms_facts.specific_mw_excluded,,JP-SFMW-14,2026-10-01
JP-SF140,JP,minimum_wage,"兵庫県 specific (industry) minimum wage — はん用機械器具製造業、生産用機械器具製造業、業務用機械器具製造業: 1150円/hour, effective 2025-12-01; MHLW marks it ※ — the higher regional floor applies instead.","Minimum Wage Act arts. 6, 15–19; MHLW live industry table (https://saiteichingin.mhlw.go.jp/table/page_indlist_nationallist.html)",https://saiteichingin.mhlw.go.jp/table/page_indlist_nationallist.html,2026-09-29,2025-12-01,,VERIFIED,"JP-SFMW-14 (September 2026, passed 2026-10-01) pins the 兵庫県 worksite recorded under SF140: specific 1,150 binds over regional 1,116: BASIC 189,720 + SPECIFIC_MINIMUM_WAGE 5,780 = 195,500, with 雇用保険, 労災 and 乙欄/non-resident tax on it. Cross-cutting branches stay with their own rows: each order’s Gazette scope and excluded classes (recorded defaults 18–<65 and specific_mw_excluded, JP-MW-02, probed in JP-SFMW-SCOPE), the replaced pre-効力発生日 amount where the order took effect after 2025-12-01 (not seeded), the 令和8年度 revision (unpublished), the top-up not raising the overtime base (JP-OT-06) and the in-period split (JP-MW-01).",reference_rows:SPECIFIC_MW; reference_rows.code.SF140; work_rules.derived_lines.SPECIFIC_MINIMUM_WAGE; worksite_facts.specific_mw_industry; terms_facts.specific_mw_excluded,,JP-SFMW-14,2026-10-01
JP-SF141,JP,minimum_wage,"兵庫県 specific (industry) minimum wage — 電子部品・デバイス・電子回路製造業、電気機械器具製造業、情報通信機械器具製造業: 1117円/hour, effective 2025-12-01; MHLW marks it ※ — the higher regional floor applies instead.","Minimum Wage Act arts. 6, 15–19; MHLW live industry table (https://saiteichingin.mhlw.go.jp/table/page_indlist_nationallist.html)",https://saiteichingin.mhlw.go.jp/table/page_indlist_nationallist.html,2026-09-29,2025-12-01,,VERIFIED,"JP-SFMW-15 (September 2026, passed 2026-10-01) pins the 兵庫県 worksite recorded under SF141: specific 1,117 binds over regional 1,116: BASIC 189,720 + SPECIFIC_MINIMUM_WAGE 170 = 189,890, with 雇用保険, 労災 and 乙欄/non-resident tax on it. Cross-cutting branches stay with their own rows: each order’s Gazette scope and excluded classes (recorded defaults 18–<65 and specific_mw_excluded, JP-MW-02, probed in JP-SFMW-SCOPE), the replaced pre-効力発生日 amount where the order took effect after 2025-12-01 (not seeded), the 令和8年度 revision (unpublished), the top-up not raising the overtime base (JP-OT-06) and the in-period split (JP-MW-01).",reference_rows:SPECIFIC_MW; reference_rows.code.SF141; work_rules.derived_lines.SPECIFIC_MINIMUM_WAGE; worksite_facts.specific_mw_industry; terms_facts.specific_mw_excluded,,JP-SFMW-15,2026-10-01
JP-SF142,JP,minimum_wage,"兵庫県 specific (industry) minimum wage — 輸送用機械器具製造業: 1188円/hour, effective 2025-12-01.","Minimum Wage Act arts. 6, 15–19; MHLW live industry table (https://saiteichingin.mhlw.go.jp/table/page_indlist_nationallist.html)",https://saiteichingin.mhlw.go.jp/table/page_indlist_nationallist.html,2026-09-29,2025-12-01,,VERIFIED,"JP-SFMW-15 (September 2026, passed 2026-10-01) pins the 兵庫県 worksite recorded under SF142: specific 1,188 binds over regional 1,116: BASIC 189,720 + SPECIFIC_MINIMUM_WAGE 12,240 = 201,960, with 雇用保険, 労災 and 乙欄/non-resident tax on it. Cross-cutting branches stay with their own rows: each order’s Gazette scope and excluded classes (recorded defaults 18–<65 and specific_mw_excluded, JP-MW-02, probed in JP-SFMW-SCOPE), the replaced pre-効力発生日 amount where the order took effect after 2025-12-01 (not seeded), the 令和8年度 revision (unpublished), the top-up not raising the overtime base (JP-OT-06) and the in-period split (JP-MW-01).",reference_rows:SPECIFIC_MW; reference_rows.code.SF142; work_rules.derived_lines.SPECIFIC_MINIMUM_WAGE; worksite_facts.specific_mw_industry; terms_facts.specific_mw_excluded,,JP-SFMW-15,2026-10-01
JP-SF143,JP,minimum_wage,"兵庫県 specific (industry) minimum wage — 計量器・測定器・分析機器・試験機・測量機械器具製造業: 1117円/hour, effective 2025-12-01; MHLW marks it ※ — the higher regional floor applies instead.","Minimum Wage Act arts. 6, 15–19; MHLW live industry table (https://saiteichingin.mhlw.go.jp/table/page_indlist_nationallist.html)",https://saiteichingin.mhlw.go.jp/table/page_indlist_nationallist.html,2026-09-29,2025-12-01,,VERIFIED,"JP-SFMW-15 (September 2026, passed 2026-10-01) pins the 兵庫県 worksite recorded under SF143: specific 1,117 binds over regional 1,116: BASIC 189,720 + SPECIFIC_MINIMUM_WAGE 170 = 189,890, with 雇用保険, 労災 and 乙欄/non-resident tax on it. Cross-cutting branches stay with their own rows: each order’s Gazette scope and excluded classes (recorded defaults 18–<65 and specific_mw_excluded, JP-MW-02, probed in JP-SFMW-SCOPE), the replaced pre-効力発生日 amount where the order took effect after 2025-12-01 (not seeded), the 令和8年度 revision (unpublished), the top-up not raising the overtime base (JP-OT-06) and the in-period split (JP-MW-01).",reference_rows:SPECIFIC_MW; reference_rows.code.SF143; work_rules.derived_lines.SPECIFIC_MINIMUM_WAGE; worksite_facts.specific_mw_industry; terms_facts.specific_mw_excluded,,JP-SFMW-15,2026-10-01
JP-SF144,JP,minimum_wage,"兵庫県 specific (industry) minimum wage — 各種商品小売業: 797円/hour, effective 2016-02-01; MHLW marks it ※ — the higher regional floor applies instead.","Minimum Wage Act arts. 6, 15–19; MHLW live industry table (https://saiteichingin.mhlw.go.jp/table/page_indlist_nationallist.html)",https://saiteichingin.mhlw.go.jp/table/page_indlist_nationallist.html,2026-09-29,2016-02-01,,VERIFIED,"JP-SFMW-15 (September 2026, passed 2026-10-01) pins the 兵庫県 worksite recorded under SF144: regional 1,116 binds over specific 797: 189,720, with 雇用保険, 労災 and 乙欄/non-resident tax on it. Cross-cutting branches stay with their own rows: each order’s Gazette scope and excluded classes (recorded defaults 18–<65 and specific_mw_excluded, JP-MW-02, probed in JP-SFMW-SCOPE), the replaced pre-効力発生日 amount where the order took effect after 2025-12-01 (not seeded), the 令和8年度 revision (unpublished), the top-up not raising the overtime base (JP-OT-06) and the in-period split (JP-MW-01).",reference_rows:SPECIFIC_MW; reference_rows.code.SF144; work_rules.derived_lines.SPECIFIC_MINIMUM_WAGE; worksite_facts.specific_mw_industry; terms_facts.specific_mw_excluded,,JP-SFMW-15,2026-10-01
JP-SF145,JP,minimum_wage,"兵庫県 specific (industry) minimum wage — 自動車小売業: 963円/hour, effective 2022-12-01; MHLW marks it ※ — the higher regional floor applies instead.","Minimum Wage Act arts. 6, 15–19; MHLW live industry table (https://saiteichingin.mhlw.go.jp/table/page_indlist_nationallist.html)",https://saiteichingin.mhlw.go.jp/table/page_indlist_nationallist.html,2026-09-29,2022-12-01,,VERIFIED,"JP-SFMW-15 (September 2026, passed 2026-10-01) pins the 兵庫県 worksite recorded under SF145: regional 1,116 binds over specific 963: 189,720, with 雇用保険, 労災 and 乙欄/non-resident tax on it. Cross-cutting branches stay with their own rows: each order’s Gazette scope and excluded classes (recorded defaults 18–<65 and specific_mw_excluded, JP-MW-02, probed in JP-SFMW-SCOPE), the replaced pre-効力発生日 amount where the order took effect after 2025-12-01 (not seeded), the 令和8年度 revision (unpublished), the top-up not raising the overtime base (JP-OT-06) and the in-period split (JP-MW-01).",reference_rows:SPECIFIC_MW; reference_rows.code.SF145; work_rules.derived_lines.SPECIFIC_MINIMUM_WAGE; worksite_facts.specific_mw_industry; terms_facts.specific_mw_excluded,,JP-SFMW-15,2026-10-01
JP-SF146,JP,minimum_wage,"奈良県 specific (industry) minimum wage — はん用機械器具、生産用機械器具、業務用機械器具製造業: 905円/hour, effective 2021-12-29; MHLW marks it ※ — the higher regional floor applies instead.","Minimum Wage Act arts. 6, 15–19; MHLW live industry table (https://saiteichingin.mhlw.go.jp/table/page_indlist_nationallist.html)",https://saiteichingin.mhlw.go.jp/table/page_indlist_nationallist.html,2026-09-29,2021-12-29,,VERIFIED,"JP-SFMW-15 (September 2026, passed 2026-10-01) pins the 奈良県 worksite recorded under SF146: regional 1,051 binds over specific 905: 178,670, with 雇用保険, 労災 and 乙欄/non-resident tax on it. Cross-cutting branches stay with their own rows: each order’s Gazette scope and excluded classes (recorded defaults 18–<65 and specific_mw_excluded, JP-MW-02, probed in JP-SFMW-SCOPE), the replaced pre-効力発生日 amount where the order took effect after 2025-12-01 (not seeded), the 令和8年度 revision (unpublished), the top-up not raising the overtime base (JP-OT-06) and the in-period split (JP-MW-01).",reference_rows:SPECIFIC_MW; reference_rows.code.SF146; work_rules.derived_lines.SPECIFIC_MINIMUM_WAGE; worksite_facts.specific_mw_industry; terms_facts.specific_mw_excluded,,JP-SFMW-15,2026-10-01
JP-SF147,JP,minimum_wage,"奈良県 specific (industry) minimum wage — 電子部品・デバイス・電子回路、発電用・送電用・配電用電気機械器具、産業用電気機械器具、民生用電気機械器具製造業: 891円/hour, effective 2021-12-29; MHLW marks it ※ — the higher regional floor applies instead.","Minimum Wage Act arts. 6, 15–19; MHLW live industry table (https://saiteichingin.mhlw.go.jp/table/page_indlist_nationallist.html)",https://saiteichingin.mhlw.go.jp/table/page_indlist_nationallist.html,2026-09-29,2021-12-29,,VERIFIED,"JP-SFMW-15 (September 2026, passed 2026-10-01) pins the 奈良県 worksite recorded under SF147: regional 1,051 binds over specific 891: 178,670, with 雇用保険, 労災 and 乙欄/non-resident tax on it. Cross-cutting branches stay with their own rows: each order’s Gazette scope and excluded classes (recorded defaults 18–<65 and specific_mw_excluded, JP-MW-02, probed in JP-SFMW-SCOPE), the replaced pre-効力発生日 amount where the order took effect after 2025-12-01 (not seeded), the 令和8年度 revision (unpublished), the top-up not raising the overtime base (JP-OT-06) and the in-period split (JP-MW-01).",reference_rows:SPECIFIC_MW; reference_rows.code.SF147; work_rules.derived_lines.SPECIFIC_MINIMUM_WAGE; worksite_facts.specific_mw_industry; terms_facts.specific_mw_excluded,,JP-SFMW-15,2026-10-01
JP-SF148,JP,minimum_wage,"奈良県 specific (industry) minimum wage — 自動車小売業: 892円/hour, effective 2021-12-29; MHLW marks it ※ — the higher regional floor applies instead.","Minimum Wage Act arts. 6, 15–19; MHLW live industry table (https://saiteichingin.mhlw.go.jp/table/page_indlist_nationallist.html)",https://saiteichingin.mhlw.go.jp/table/page_indlist_nationallist.html,2026-09-29,2021-12-29,,VERIFIED,"JP-SFMW-15 (September 2026, passed 2026-10-01) pins the 奈良県 worksite recorded under SF148: regional 1,051 binds over specific 892: 178,670, with 雇用保険, 労災 and 乙欄/non-resident tax on it. Cross-cutting branches stay with their own rows: each order’s Gazette scope and excluded classes (recorded defaults 18–<65 and specific_mw_excluded, JP-MW-02, probed in JP-SFMW-SCOPE), the replaced pre-効力発生日 amount where the order took effect after 2025-12-01 (not seeded), the 令和8年度 revision (unpublished), the top-up not raising the overtime base (JP-OT-06) and the in-period split (JP-MW-01).",reference_rows:SPECIFIC_MW; reference_rows.code.SF148; work_rules.derived_lines.SPECIFIC_MINIMUM_WAGE; worksite_facts.specific_mw_industry; terms_facts.specific_mw_excluded,,JP-SFMW-15,2026-10-01
JP-SF149,JP,minimum_wage,"奈良県 specific (industry) minimum wage — 木材・木製品・家具・装備品製造業: 816円/hour, 6527円/day (legacy unit), effective 1989-01-25; MHLW marks it ※ — the higher regional floor applies instead.","Minimum Wage Act arts. 6, 15–19; MHLW live industry table (https://saiteichingin.mhlw.go.jp/table/page_indlist_nationallist.html)",https://saiteichingin.mhlw.go.jp/table/page_indlist_nationallist.html,2026-09-29,1989-01-25,2026-03-31,VERIFIED,"JP-SFMW-NARA (March 2026, passed 2026-10-01) pins SF149 (816) and SF149_ORDINARY (519) both below 奈良県’s regional 1,051: 1,051 × 170 = 178,670. The abolition date 2026-03-31 is the recorded default (JP-SF-T03).",reference_rows:SPECIFIC_MW; reference_rows.code.SF149; work_rules.derived_lines.SPECIFIC_MINIMUM_WAGE; worksite_facts.specific_mw_industry; terms_facts.specific_mw_excluded,,JP-SFMW-NARA,2026-10-01
JP-SF150,JP,minimum_wage,"和歌山県 specific (industry) minimum wage — 鉄鋼業: 1170円/hour, effective 2025-12-30.","Minimum Wage Act arts. 6, 15–19; MHLW live industry table (https://saiteichingin.mhlw.go.jp/table/page_indlist_nationallist.html)",https://saiteichingin.mhlw.go.jp/table/page_indlist_nationallist.html,2026-09-29,2025-12-30,,VERIFIED,"JP-SFMW-15 (September 2026, passed 2026-10-01) pins the 和歌山県 worksite recorded under SF150: specific 1,170 binds over regional 1,045: BASIC 177,650 + SPECIFIC_MINIMUM_WAGE 21,250 = 198,900, with 雇用保険, 労災 and 乙欄/non-resident tax on it. Cross-cutting branches stay with their own rows: each order’s Gazette scope and excluded classes (recorded defaults 18–<65 and specific_mw_excluded, JP-MW-02, probed in JP-SFMW-SCOPE), the replaced pre-効力発生日 amount where the order took effect after 2025-12-01 (not seeded), the 令和8年度 revision (unpublished), the top-up not raising the overtime base (JP-OT-06) and the in-period split (JP-MW-01).",reference_rows:SPECIFIC_MW; reference_rows.code.SF150; work_rules.derived_lines.SPECIFIC_MINIMUM_WAGE; worksite_facts.specific_mw_industry; terms_facts.specific_mw_excluded,,JP-SFMW-15,2026-10-01
JP-SF151,JP,minimum_wage,"和歌山県 specific (industry) minimum wage — 百貨店,総合スーパー: 869円/hour, effective 2021-12-30; MHLW marks it ※ — the higher regional floor applies instead.","Minimum Wage Act arts. 6, 15–19; MHLW live industry table (https://saiteichingin.mhlw.go.jp/table/page_indlist_nationallist.html)",https://saiteichingin.mhlw.go.jp/table/page_indlist_nationallist.html,2026-09-29,2021-12-30,,VERIFIED,"JP-SFMW-15 (September 2026, passed 2026-10-01) pins the 和歌山県 worksite recorded under SF151: regional 1,045 binds over specific 869: 177,650, with 雇用保険, 労災 and 乙欄/non-resident tax on it. Cross-cutting branches stay with their own rows: each order’s Gazette scope and excluded classes (recorded defaults 18–<65 and specific_mw_excluded, JP-MW-02, probed in JP-SFMW-SCOPE), the replaced pre-効力発生日 amount where the order took effect after 2025-12-01 (not seeded), the 令和8年度 revision (unpublished), the top-up not raising the overtime base (JP-OT-06) and the in-period split (JP-MW-01).",reference_rows:SPECIFIC_MW; reference_rows.code.SF151; work_rules.derived_lines.SPECIFIC_MINIMUM_WAGE; worksite_facts.specific_mw_industry; terms_facts.specific_mw_excluded,,JP-SFMW-15,2026-10-01
JP-SF152,JP,minimum_wage,"鳥取県 specific (industry) minimum wage — 電子部品・デバイス・電子回路、電気機械器具、情報通信機械器具製造業: 963円/hour, effective 2024-12-19; MHLW marks it ※ — the higher regional floor applies instead.","Minimum Wage Act arts. 6, 15–19; MHLW live industry table (https://saiteichingin.mhlw.go.jp/table/page_indlist_nationallist.html)",https://saiteichingin.mhlw.go.jp/table/page_indlist_nationallist.html,2026-09-29,2024-12-19,,VERIFIED,"JP-SFMW-16 (September 2026, passed 2026-10-01) pins the 鳥取県 worksite recorded under SF152: regional 1,030 binds over specific 963: 175,100, with 雇用保険, 労災 and 乙欄/non-resident tax on it. Cross-cutting branches stay with their own rows: each order’s Gazette scope and excluded classes (recorded defaults 18–<65 and specific_mw_excluded, JP-MW-02, probed in JP-SFMW-SCOPE), the replaced pre-効力発生日 amount where the order took effect after 2025-12-01 (not seeded), the 令和8年度 revision (unpublished), the top-up not raising the overtime base (JP-OT-06) and the in-period split (JP-MW-01).",reference_rows:SPECIFIC_MW; reference_rows.code.SF152; work_rules.derived_lines.SPECIFIC_MINIMUM_WAGE; worksite_facts.specific_mw_industry; terms_facts.specific_mw_excluded,,JP-SFMW-16,2026-10-01
JP-SF153,JP,minimum_wage,"鳥取県 specific (industry) minimum wage — 各種商品小売業: 902円/hour, effective 2023-12-15; MHLW marks it ※ — the higher regional floor applies instead.","Minimum Wage Act arts. 6, 15–19; MHLW live industry table (https://saiteichingin.mhlw.go.jp/table/page_indlist_nationallist.html)",https://saiteichingin.mhlw.go.jp/table/page_indlist_nationallist.html,2026-09-29,2023-12-15,,VERIFIED,"JP-SFMW-16 (September 2026, passed 2026-10-01) pins the 鳥取県 worksite recorded under SF153: regional 1,030 binds over specific 902: 175,100, with 雇用保険, 労災 and 乙欄/non-resident tax on it. Cross-cutting branches stay with their own rows: each order’s Gazette scope and excluded classes (recorded defaults 18–<65 and specific_mw_excluded, JP-MW-02, probed in JP-SFMW-SCOPE), the replaced pre-効力発生日 amount where the order took effect after 2025-12-01 (not seeded), the 令和8年度 revision (unpublished), the top-up not raising the overtime base (JP-OT-06) and the in-period split (JP-MW-01).",reference_rows:SPECIFIC_MW; reference_rows.code.SF153; work_rules.derived_lines.SPECIFIC_MINIMUM_WAGE; worksite_facts.specific_mw_industry; terms_facts.specific_mw_excluded,,JP-SFMW-16,2026-10-01
JP-SF154,JP,minimum_wage,"島根県 specific (industry) minimum wage — 製鋼・製鋼圧延業、鉄素形材製造業: 1163円/hour, effective 2025-12-13.","Minimum Wage Act arts. 6, 15–19; MHLW live industry table (https://saiteichingin.mhlw.go.jp/table/page_indlist_nationallist.html)",https://saiteichingin.mhlw.go.jp/table/page_indlist_nationallist.html,2026-09-29,2025-12-13,,VERIFIED,"JP-SFMW-16 (September 2026, passed 2026-10-01) pins the 島根県 worksite recorded under SF154: specific 1,163 binds over regional 1,033: BASIC 175,610 + SPECIFIC_MINIMUM_WAGE 22,100 = 197,710, with 雇用保険, 労災 and 乙欄/non-resident tax on it. Cross-cutting branches stay with their own rows: each order’s Gazette scope and excluded classes (recorded defaults 18–<65 and specific_mw_excluded, JP-MW-02, probed in JP-SFMW-SCOPE), the replaced pre-効力発生日 amount where the order took effect after 2025-12-01 (not seeded), the 令和8年度 revision (unpublished), the top-up not raising the overtime base (JP-OT-06) and the in-period split (JP-MW-01).",reference_rows:SPECIFIC_MW; reference_rows.code.SF154; work_rules.derived_lines.SPECIFIC_MINIMUM_WAGE; worksite_facts.specific_mw_industry; terms_facts.specific_mw_excluded,,JP-SFMW-16,2026-10-01
JP-SF155,JP,minimum_wage,"島根県 specific (industry) minimum wage — はん用機械器具、生産用機械器具、業務用機械器具製造業: 1134円/hour, effective 2025-12-19.","Minimum Wage Act arts. 6, 15–19; MHLW live industry table (https://saiteichingin.mhlw.go.jp/table/page_indlist_nationallist.html)",https://saiteichingin.mhlw.go.jp/table/page_indlist_nationallist.html,2026-09-29,2025-12-19,,VERIFIED,"JP-SFMW-16 (September 2026, passed 2026-10-01) pins the 島根県 worksite recorded under SF155: specific 1,134 binds over regional 1,033: BASIC 175,610 + SPECIFIC_MINIMUM_WAGE 17,170 = 192,780, with 雇用保険, 労災 and 乙欄/non-resident tax on it. Cross-cutting branches stay with their own rows: each order’s Gazette scope and excluded classes (recorded defaults 18–<65 and specific_mw_excluded, JP-MW-02, probed in JP-SFMW-SCOPE), the replaced pre-効力発生日 amount where the order took effect after 2025-12-01 (not seeded), the 令和8年度 revision (unpublished), the top-up not raising the overtime base (JP-OT-06) and the in-period split (JP-MW-01).",reference_rows:SPECIFIC_MW; reference_rows.code.SF155; work_rules.derived_lines.SPECIFIC_MINIMUM_WAGE; worksite_facts.specific_mw_industry; terms_facts.specific_mw_excluded,,JP-SFMW-16,2026-10-01
JP-SF156,JP,minimum_wage,"島根県 specific (industry) minimum wage — 電子部品・デバイス・電子回路、電気機械器具、情報通信機械器具製造業: 1058円/hour, effective 2025-12-14; MHLW marks it ※ — the higher regional floor applies instead.","Minimum Wage Act arts. 6, 15–19; MHLW live industry table (https://saiteichingin.mhlw.go.jp/table/page_indlist_nationallist.html)",https://saiteichingin.mhlw.go.jp/table/page_indlist_nationallist.html,2026-09-29,2025-12-14,,VERIFIED,"JP-SFMW-16 (September 2026, passed 2026-10-01) pins the 島根県 worksite recorded under SF156: specific 1,058 binds over regional 1,033: BASIC 175,610 + SPECIFIC_MINIMUM_WAGE 4,250 = 179,860, with 雇用保険, 労災 and 乙欄/non-resident tax on it. Cross-cutting branches stay with their own rows: each order’s Gazette scope and excluded classes (recorded defaults 18–<65 and specific_mw_excluded, JP-MW-02, probed in JP-SFMW-SCOPE), the replaced pre-効力発生日 amount where the order took effect after 2025-12-01 (not seeded), the 令和8年度 revision (unpublished), the top-up not raising the overtime base (JP-OT-06) and the in-period split (JP-MW-01).",reference_rows:SPECIFIC_MW; reference_rows.code.SF156; work_rules.derived_lines.SPECIFIC_MINIMUM_WAGE; worksite_facts.specific_mw_industry; terms_facts.specific_mw_excluded,,JP-SFMW-16,2026-10-01
JP-SF157,JP,minimum_wage,"島根県 specific (industry) minimum wage — 自動車・同附属品製造業: 1094円/hour, effective 2025-12-28.","Minimum Wage Act arts. 6, 15–19; MHLW live industry table (https://saiteichingin.mhlw.go.jp/table/page_indlist_nationallist.html)",https://saiteichingin.mhlw.go.jp/table/page_indlist_nationallist.html,2026-09-29,2025-12-28,,VERIFIED,"JP-SFMW-16 (September 2026, passed 2026-10-01) pins the 島根県 worksite recorded under SF157: specific 1,094 binds over regional 1,033: BASIC 175,610 + SPECIFIC_MINIMUM_WAGE 10,370 = 185,980, with 雇用保険, 労災 and 乙欄/non-resident tax on it. Cross-cutting branches stay with their own rows: each order’s Gazette scope and excluded classes (recorded defaults 18–<65 and specific_mw_excluded, JP-MW-02, probed in JP-SFMW-SCOPE), the replaced pre-効力発生日 amount where the order took effect after 2025-12-01 (not seeded), the 令和8年度 revision (unpublished), the top-up not raising the overtime base (JP-OT-06) and the in-period split (JP-MW-01).",reference_rows:SPECIFIC_MW; reference_rows.code.SF157; work_rules.derived_lines.SPECIFIC_MINIMUM_WAGE; worksite_facts.specific_mw_industry; terms_facts.specific_mw_excluded,,JP-SFMW-16,2026-10-01
JP-SF158,JP,minimum_wage,"島根県 specific (industry) minimum wage — 百貨店,総合スーパー: 905円/hour, effective 2023-12-28; MHLW marks it ※ — the higher regional floor applies instead.","Minimum Wage Act arts. 6, 15–19; MHLW live industry table (https://saiteichingin.mhlw.go.jp/table/page_indlist_nationallist.html)",https://saiteichingin.mhlw.go.jp/table/page_indlist_nationallist.html,2026-09-29,2023-12-28,,VERIFIED,"JP-SFMW-16 (September 2026, passed 2026-10-01) pins the 島根県 worksite recorded under SF158: regional 1,033 binds over specific 905: 175,610, with 雇用保険, 労災 and 乙欄/non-resident tax on it. Cross-cutting branches stay with their own rows: each order’s Gazette scope and excluded classes (recorded defaults 18–<65 and specific_mw_excluded, JP-MW-02, probed in JP-SFMW-SCOPE), the replaced pre-効力発生日 amount where the order took effect after 2025-12-01 (not seeded), the 令和8年度 revision (unpublished), the top-up not raising the overtime base (JP-OT-06) and the in-period split (JP-MW-01).",reference_rows:SPECIFIC_MW; reference_rows.code.SF158; work_rules.derived_lines.SPECIFIC_MINIMUM_WAGE; worksite_facts.specific_mw_industry; terms_facts.specific_mw_excluded,,JP-SFMW-16,2026-10-01
JP-SF159,JP,minimum_wage,"島根県 specific (industry) minimum wage — 自動車(新車)小売業: 1069円/hour, effective 2025-11-26; MHLW marks it ※ — the higher regional floor applies instead.","Minimum Wage Act arts. 6, 15–19; MHLW live industry table (https://saiteichingin.mhlw.go.jp/table/page_indlist_nationallist.html)",https://saiteichingin.mhlw.go.jp/table/page_indlist_nationallist.html,2026-09-29,2025-11-26,,VERIFIED,"JP-SFMW-16 (September 2026, passed 2026-10-01) pins the 島根県 worksite recorded under SF159: specific 1,069 binds over regional 1,033: BASIC 175,610 + SPECIFIC_MINIMUM_WAGE 6,120 = 181,730, with 雇用保険, 労災 and 乙欄/non-resident tax on it. Cross-cutting branches stay with their own rows: each order’s Gazette scope and excluded classes (recorded defaults 18–<65 and specific_mw_excluded, JP-MW-02, probed in JP-SFMW-SCOPE), the replaced pre-効力発生日 amount where the order took effect after 2025-12-01 (not seeded), the 令和8年度 revision (unpublished), the top-up not raising the overtime base (JP-OT-06) and the in-period split (JP-MW-01).",reference_rows:SPECIFIC_MW; reference_rows.code.SF159; work_rules.derived_lines.SPECIFIC_MINIMUM_WAGE; worksite_facts.specific_mw_industry; terms_facts.specific_mw_excluded,,JP-SFMW-16,2026-10-01
JP-SF160,JP,minimum_wage,"岡山県 specific (industry) minimum wage — 耐火物製造業: 1074円/hour, effective 2026-02-04; MHLW marks it ※ — the higher regional floor applies instead.","Minimum Wage Act arts. 6, 15–19; MHLW live industry table (https://saiteichingin.mhlw.go.jp/table/page_indlist_nationallist.html)",https://saiteichingin.mhlw.go.jp/table/page_indlist_nationallist.html,2026-09-29,2026-02-04,,VERIFIED,"JP-SFMW-16 (September 2026, passed 2026-10-01) pins the 岡山県 worksite recorded under SF160: specific 1,074 binds over regional 1,047: BASIC 177,990 + SPECIFIC_MINIMUM_WAGE 4,590 = 182,580, with 雇用保険, 労災 and 乙欄/non-resident tax on it. Cross-cutting branches stay with their own rows: each order’s Gazette scope and excluded classes (recorded defaults 18–<65 and specific_mw_excluded, JP-MW-02, probed in JP-SFMW-SCOPE), the replaced pre-効力発生日 amount where the order took effect after 2025-12-01 (not seeded), the 令和8年度 revision (unpublished), the top-up not raising the overtime base (JP-OT-06) and the in-period split (JP-MW-01).",reference_rows:SPECIFIC_MW; reference_rows.code.SF160; work_rules.derived_lines.SPECIFIC_MINIMUM_WAGE; worksite_facts.specific_mw_industry; terms_facts.specific_mw_excluded,,JP-SFMW-16,2026-10-01
JP-SF161,JP,minimum_wage,"岡山県 specific (industry) minimum wage — 鉄鋼業: 1166円/hour, effective 2025-12-27.","Minimum Wage Act arts. 6, 15–19; MHLW live industry table (https://saiteichingin.mhlw.go.jp/table/page_indlist_nationallist.html)",https://saiteichingin.mhlw.go.jp/table/page_indlist_nationallist.html,2026-09-29,2025-12-27,,VERIFIED,"JP-SFMW-16 (September 2026, passed 2026-10-01) pins the 岡山県 worksite recorded under SF161: specific 1,166 binds over regional 1,047: BASIC 177,990 + SPECIFIC_MINIMUM_WAGE 20,230 = 198,220, with 雇用保険, 労災 and 乙欄/non-resident tax on it. Cross-cutting branches stay with their own rows: each order’s Gazette scope and excluded classes (recorded defaults 18–<65 and specific_mw_excluded, JP-MW-02, probed in JP-SFMW-SCOPE), the replaced pre-効力発生日 amount where the order took effect after 2025-12-01 (not seeded), the 令和8年度 revision (unpublished), the top-up not raising the overtime base (JP-OT-06) and the in-period split (JP-MW-01).",reference_rows:SPECIFIC_MW; reference_rows.code.SF161; work_rules.derived_lines.SPECIFIC_MINIMUM_WAGE; worksite_facts.specific_mw_industry; terms_facts.specific_mw_excluded,,JP-SFMW-16,2026-10-01
JP-SF162,JP,minimum_wage,"岡山県 specific (industry) minimum wage — 空気圧縮機・ガス圧縮機・送風機、家庭用エレベータ、冷凍機・温湿調整装置、玉軸受・ころ軸受、農業用機械、縫製機械、生活関連産業用機械、基礎素材産業用機械、半導体・フラットパネルディスプレイ製造装置、真空装置・真空機器、他に分類されない生産用機械・同部分品、事務用機械器具、サービス用・娯楽用機械器具製造業: 1103円/hour, effective 2026-01-17; MHLW marks it ※ — the higher regional floor applies instead.","Minimum Wage Act arts. 6, 15–19; MHLW live industry table (https://saiteichingin.mhlw.go.jp/table/page_indlist_nationallist.html)",https://saiteichingin.mhlw.go.jp/table/page_indlist_nationallist.html,2026-09-29,2026-01-17,,VERIFIED,"JP-SFMW-17 (September 2026, passed 2026-10-01) pins the 岡山県 worksite recorded under SF162: specific 1,103 binds over regional 1,047: BASIC 177,990 + SPECIFIC_MINIMUM_WAGE 9,520 = 187,510, with 雇用保険, 労災 and 乙欄/non-resident tax on it. Cross-cutting branches stay with their own rows: each order’s Gazette scope and excluded classes (recorded defaults 18–<65 and specific_mw_excluded, JP-MW-02, probed in JP-SFMW-SCOPE), the replaced pre-効力発生日 amount where the order took effect after 2025-12-01 (not seeded), the 令和8年度 revision (unpublished), the top-up not raising the overtime base (JP-OT-06) and the in-period split (JP-MW-01).",reference_rows:SPECIFIC_MW; reference_rows.code.SF162; work_rules.derived_lines.SPECIFIC_MINIMUM_WAGE; worksite_facts.specific_mw_industry; terms_facts.specific_mw_excluded,,JP-SFMW-17,2026-10-01
JP-SF163,JP,minimum_wage,"岡山県 specific (industry) minimum wage — 電子部品・デバイス・電子回路、電気機械器具、情報通信機械器具製造業: 1090円/hour, effective 2026-01-04; MHLW marks it ※ — the higher regional floor applies instead.","Minimum Wage Act arts. 6, 15–19; MHLW live industry table (https://saiteichingin.mhlw.go.jp/table/page_indlist_nationallist.html)",https://saiteichingin.mhlw.go.jp/table/page_indlist_nationallist.html,2026-09-29,2026-01-04,,VERIFIED,"JP-SFMW-17 (September 2026, passed 2026-10-01) pins the 岡山県 worksite recorded under SF163: specific 1,090 binds over regional 1,047: BASIC 177,990 + SPECIFIC_MINIMUM_WAGE 7,310 = 185,300, with 雇用保険, 労災 and 乙欄/non-resident tax on it. Cross-cutting branches stay with their own rows: each order’s Gazette scope and excluded classes (recorded defaults 18–<65 and specific_mw_excluded, JP-MW-02, probed in JP-SFMW-SCOPE), the replaced pre-効力発生日 amount where the order took effect after 2025-12-01 (not seeded), the 令和8年度 revision (unpublished), the top-up not raising the overtime base (JP-OT-06) and the in-period split (JP-MW-01).",reference_rows:SPECIFIC_MW; reference_rows.code.SF163; work_rules.derived_lines.SPECIFIC_MINIMUM_WAGE; worksite_facts.specific_mw_industry; terms_facts.specific_mw_excluded,,JP-SFMW-17,2026-10-01
JP-SF164,JP,minimum_wage,"岡山県 specific (industry) minimum wage — 自動車・同附属品製造業: 1083円/hour, effective 2026-01-21; MHLW marks it ※ — the higher regional floor applies instead.","Minimum Wage Act arts. 6, 15–19; MHLW live industry table (https://saiteichingin.mhlw.go.jp/table/page_indlist_nationallist.html)",https://saiteichingin.mhlw.go.jp/table/page_indlist_nationallist.html,2026-09-29,2026-01-21,,VERIFIED,"JP-SFMW-17 (September 2026, passed 2026-10-01) pins the 岡山県 worksite recorded under SF164: specific 1,083 binds over regional 1,047: BASIC 177,990 + SPECIFIC_MINIMUM_WAGE 6,120 = 184,110, with 雇用保険, 労災 and 乙欄/non-resident tax on it. Cross-cutting branches stay with their own rows: each order’s Gazette scope and excluded classes (recorded defaults 18–<65 and specific_mw_excluded, JP-MW-02, probed in JP-SFMW-SCOPE), the replaced pre-効力発生日 amount where the order took effect after 2025-12-01 (not seeded), the 令和8年度 revision (unpublished), the top-up not raising the overtime base (JP-OT-06) and the in-period split (JP-MW-01).",reference_rows:SPECIFIC_MW; reference_rows.code.SF164; work_rules.derived_lines.SPECIFIC_MINIMUM_WAGE; worksite_facts.specific_mw_industry; terms_facts.specific_mw_excluded,,JP-SFMW-17,2026-10-01
JP-SF165,JP,minimum_wage,"岡山県 specific (industry) minimum wage — 船舶製造・修理業、舶用機関製造業: 1159円/hour, effective 2026-01-01.","Minimum Wage Act arts. 6, 15–19; MHLW live industry table (https://saiteichingin.mhlw.go.jp/table/page_indlist_nationallist.html)",https://saiteichingin.mhlw.go.jp/table/page_indlist_nationallist.html,2026-09-29,2026-01-01,,VERIFIED,"JP-SFMW-17 (September 2026, passed 2026-10-01) pins the 岡山県 worksite recorded under SF165: specific 1,159 binds over regional 1,047: BASIC 177,990 + SPECIFIC_MINIMUM_WAGE 19,040 = 197,030, with 雇用保険, 労災 and 乙欄/non-resident tax on it. Cross-cutting branches stay with their own rows: each order’s Gazette scope and excluded classes (recorded defaults 18–<65 and specific_mw_excluded, JP-MW-02, probed in JP-SFMW-SCOPE), the replaced pre-効力発生日 amount where the order took effect after 2025-12-01 (not seeded), the 令和8年度 revision (unpublished), the top-up not raising the overtime base (JP-OT-06) and the in-period split (JP-MW-01).",reference_rows:SPECIFIC_MW; reference_rows.code.SF165; work_rules.derived_lines.SPECIFIC_MINIMUM_WAGE; worksite_facts.specific_mw_industry; terms_facts.specific_mw_excluded,,JP-SFMW-17,2026-10-01
JP-SF166,JP,minimum_wage,"岡山県 specific (industry) minimum wage — 各種商品小売業: 933円/hour, effective 2024-01-10; MHLW marks it ※ — the higher regional floor applies instead.","Minimum Wage Act arts. 6, 15–19; MHLW live industry table (https://saiteichingin.mhlw.go.jp/table/page_indlist_nationallist.html)",https://saiteichingin.mhlw.go.jp/table/page_indlist_nationallist.html,2026-09-29,2024-01-10,,VERIFIED,"JP-SFMW-17 (September 2026, passed 2026-10-01) pins the 岡山県 worksite recorded under SF166: regional 1,047 binds over specific 933: 177,990, with 雇用保険, 労災 and 乙欄/non-resident tax on it. Cross-cutting branches stay with their own rows: each order’s Gazette scope and excluded classes (recorded defaults 18–<65 and specific_mw_excluded, JP-MW-02, probed in JP-SFMW-SCOPE), the replaced pre-効力発生日 amount where the order took effect after 2025-12-01 (not seeded), the 令和8年度 revision (unpublished), the top-up not raising the overtime base (JP-OT-06) and the in-period split (JP-MW-01).",reference_rows:SPECIFIC_MW; reference_rows.code.SF166; work_rules.derived_lines.SPECIFIC_MINIMUM_WAGE; worksite_facts.specific_mw_industry; terms_facts.specific_mw_excluded,,JP-SFMW-17,2026-10-01
JP-SF167,JP,minimum_wage,"広島県 specific (industry) minimum wage — 製鉄業、鋼材、銑鉄鋳物、可鍛鋳鉄製造業、その他鉄鋼業: 1179円/hour, effective 2025-12-31.","Minimum Wage Act arts. 6, 15–19; MHLW live industry table (https://saiteichingin.mhlw.go.jp/table/page_indlist_nationallist.html)",https://saiteichingin.mhlw.go.jp/table/page_indlist_nationallist.html,2026-09-29,2025-12-31,,VERIFIED,"JP-SFMW-17 (September 2026, passed 2026-10-01) pins the 広島県 worksite recorded under SF167: specific 1,179 binds over regional 1,085: BASIC 184,450 + SPECIFIC_MINIMUM_WAGE 15,980 = 200,430, with 雇用保険, 労災 and 乙欄/non-resident tax on it. Cross-cutting branches stay with their own rows: each order’s Gazette scope and excluded classes (recorded defaults 18–<65 and specific_mw_excluded, JP-MW-02, probed in JP-SFMW-SCOPE), the replaced pre-効力発生日 amount where the order took effect after 2025-12-01 (not seeded), the 令和8年度 revision (unpublished), the top-up not raising the overtime base (JP-OT-06) and the in-period split (JP-MW-01).",reference_rows:SPECIFIC_MW; reference_rows.code.SF167; work_rules.derived_lines.SPECIFIC_MINIMUM_WAGE; worksite_facts.specific_mw_industry; terms_facts.specific_mw_excluded,,JP-SFMW-17,2026-10-01
JP-SF168,JP,minimum_wage,"広島県 specific (industry) minimum wage — 建設用・建築用金属製品、その他の金属製品製造業: 1052円/hour, effective 2025-02-21; MHLW marks it ※ — the higher regional floor applies instead.","Minimum Wage Act arts. 6, 15–19; MHLW live industry table (https://saiteichingin.mhlw.go.jp/table/page_indlist_nationallist.html)",https://saiteichingin.mhlw.go.jp/table/page_indlist_nationallist.html,2026-09-29,2025-02-21,,VERIFIED,"JP-SFMW-17 (September 2026, passed 2026-10-01) pins the 広島県 worksite recorded under SF168: regional 1,085 binds over specific 1,052: 184,450, with 雇用保険, 労災 and 乙欄/non-resident tax on it. Cross-cutting branches stay with their own rows: each order’s Gazette scope and excluded classes (recorded defaults 18–<65 and specific_mw_excluded, JP-MW-02, probed in JP-SFMW-SCOPE), the replaced pre-効力発生日 amount where the order took effect after 2025-12-01 (not seeded), the 令和8年度 revision (unpublished), the top-up not raising the overtime base (JP-OT-06) and the in-period split (JP-MW-01).",reference_rows:SPECIFIC_MW; reference_rows.code.SF168; work_rules.derived_lines.SPECIFIC_MINIMUM_WAGE; worksite_facts.specific_mw_industry; terms_facts.specific_mw_excluded,,JP-SFMW-17,2026-10-01
JP-SF169,JP,minimum_wage,"広島県 specific (industry) minimum wage — はん用機械器具、生産用機械器具、業務用機械器具製造業: 1070円/hour, effective 2024-12-31; MHLW marks it ※ — the higher regional floor applies instead.","Minimum Wage Act arts. 6, 15–19; MHLW live industry table (https://saiteichingin.mhlw.go.jp/table/page_indlist_nationallist.html)",https://saiteichingin.mhlw.go.jp/table/page_indlist_nationallist.html,2026-09-29,2024-12-31,,VERIFIED,"JP-SFMW-17 (September 2026, passed 2026-10-01) pins the 広島県 worksite recorded under SF169: regional 1,085 binds over specific 1,070: 184,450, with 雇用保険, 労災 and 乙欄/non-resident tax on it. Cross-cutting branches stay with their own rows: each order’s Gazette scope and excluded classes (recorded defaults 18–<65 and specific_mw_excluded, JP-MW-02, probed in JP-SFMW-SCOPE), the replaced pre-効力発生日 amount where the order took effect after 2025-12-01 (not seeded), the 令和8年度 revision (unpublished), the top-up not raising the overtime base (JP-OT-06) and the in-period split (JP-MW-01).",reference_rows:SPECIFIC_MW; reference_rows.code.SF169; work_rules.derived_lines.SPECIFIC_MINIMUM_WAGE; worksite_facts.specific_mw_industry; terms_facts.specific_mw_excluded,,JP-SFMW-17,2026-10-01
JP-SF170,JP,minimum_wage,"広島県 specific (industry) minimum wage — 電子部品・デバイス・電子回路、電気機械器具、情報通信機械器具製造業: 1110円/hour, effective 2025-12-31; MHLW marks it ※ — the higher regional floor applies instead.","Minimum Wage Act arts. 6, 15–19; MHLW live industry table (https://saiteichingin.mhlw.go.jp/table/page_indlist_nationallist.html)",https://saiteichingin.mhlw.go.jp/table/page_indlist_nationallist.html,2026-09-29,2025-12-31,,VERIFIED,"JP-SFMW-17 (September 2026, passed 2026-10-01) pins the 広島県 worksite recorded under SF170: specific 1,110 binds over regional 1,085: BASIC 184,450 + SPECIFIC_MINIMUM_WAGE 4,250 = 188,700, with 雇用保険, 労災 and 乙欄/non-resident tax on it. Cross-cutting branches stay with their own rows: each order’s Gazette scope and excluded classes (recorded defaults 18–<65 and specific_mw_excluded, JP-MW-02, probed in JP-SFMW-SCOPE), the replaced pre-効力発生日 amount where the order took effect after 2025-12-01 (not seeded), the 令和8年度 revision (unpublished), the top-up not raising the overtime base (JP-OT-06) and the in-period split (JP-MW-01).",reference_rows:SPECIFIC_MW; reference_rows.code.SF170; work_rules.derived_lines.SPECIFIC_MINIMUM_WAGE; worksite_facts.specific_mw_industry; terms_facts.specific_mw_excluded,,JP-SFMW-17,2026-10-01
JP-SF171,JP,minimum_wage,"広島県 specific (industry) minimum wage — 自動車・同附属品製造業: 1105円/hour, effective 2025-12-31; MHLW marks it ※ — the higher regional floor applies instead.","Minimum Wage Act arts. 6, 15–19; MHLW live industry table (https://saiteichingin.mhlw.go.jp/table/page_indlist_nationallist.html)",https://saiteichingin.mhlw.go.jp/table/page_indlist_nationallist.html,2026-09-29,2025-12-31,,VERIFIED,"JP-SFMW-17 (September 2026, passed 2026-10-01) pins the 広島県 worksite recorded under SF171: specific 1,105 binds over regional 1,085: BASIC 184,450 + SPECIFIC_MINIMUM_WAGE 3,400 = 187,850, with 雇用保険, 労災 and 乙欄/non-resident tax on it. Cross-cutting branches stay with their own rows: each order’s Gazette scope and excluded classes (recorded defaults 18–<65 and specific_mw_excluded, JP-MW-02, probed in JP-SFMW-SCOPE), the replaced pre-効力発生日 amount where the order took effect after 2025-12-01 (not seeded), the 令和8年度 revision (unpublished), the top-up not raising the overtime base (JP-OT-06) and the in-period split (JP-MW-01).",reference_rows:SPECIFIC_MW; reference_rows.code.SF171; work_rules.derived_lines.SPECIFIC_MINIMUM_WAGE; worksite_facts.specific_mw_industry; terms_facts.specific_mw_excluded,,JP-SFMW-17,2026-10-01
JP-SF172,JP,minimum_wage,"広島県 specific (industry) minimum wage — 船舶製造・修理業、舶用機関製造業: 1080円/hour, effective 2025-02-21; MHLW marks it ※ — the higher regional floor applies instead.","Minimum Wage Act arts. 6, 15–19; MHLW live industry table (https://saiteichingin.mhlw.go.jp/table/page_indlist_nationallist.html)",https://saiteichingin.mhlw.go.jp/table/page_indlist_nationallist.html,2026-09-29,2025-02-21,,VERIFIED,"JP-SFMW-18 (September 2026, passed 2026-10-01) pins the 広島県 worksite recorded under SF172: regional 1,085 binds over specific 1,080: 184,450, with 雇用保険, 労災 and 乙欄/non-resident tax on it. Cross-cutting branches stay with their own rows: each order’s Gazette scope and excluded classes (recorded defaults 18–<65 and specific_mw_excluded, JP-MW-02, probed in JP-SFMW-SCOPE), the replaced pre-効力発生日 amount where the order took effect after 2025-12-01 (not seeded), the 令和8年度 revision (unpublished), the top-up not raising the overtime base (JP-OT-06) and the in-period split (JP-MW-01).",reference_rows:SPECIFIC_MW; reference_rows.code.SF172; work_rules.derived_lines.SPECIFIC_MINIMUM_WAGE; worksite_facts.specific_mw_industry; terms_facts.specific_mw_excluded,,JP-SFMW-18,2026-10-01
JP-SF173,JP,minimum_wage,"広島県 specific (industry) minimum wage — 各種商品小売業: 903円/hour, effective 2021-12-31; MHLW marks it ※ — the higher regional floor applies instead.","Minimum Wage Act arts. 6, 15–19; MHLW live industry table (https://saiteichingin.mhlw.go.jp/table/page_indlist_nationallist.html)",https://saiteichingin.mhlw.go.jp/table/page_indlist_nationallist.html,2026-09-29,2021-12-31,,VERIFIED,"JP-SFMW-18 (September 2026, passed 2026-10-01) pins the 広島県 worksite recorded under SF173: regional 1,085 binds over specific 903: 184,450, with 雇用保険, 労災 and 乙欄/non-resident tax on it. Cross-cutting branches stay with their own rows: each order’s Gazette scope and excluded classes (recorded defaults 18–<65 and specific_mw_excluded, JP-MW-02, probed in JP-SFMW-SCOPE), the replaced pre-効力発生日 amount where the order took effect after 2025-12-01 (not seeded), the 令和8年度 revision (unpublished), the top-up not raising the overtime base (JP-OT-06) and the in-period split (JP-MW-01).",reference_rows:SPECIFIC_MW; reference_rows.code.SF173; work_rules.derived_lines.SPECIFIC_MINIMUM_WAGE; worksite_facts.specific_mw_industry; terms_facts.specific_mw_excluded,,JP-SFMW-18,2026-10-01
JP-SF174,JP,minimum_wage,"広島県 specific (industry) minimum wage — 自動車小売業: 1038円/hour, effective 2025-02-21; MHLW marks it ※ — the higher regional floor applies instead.","Minimum Wage Act arts. 6, 15–19; MHLW live industry table (https://saiteichingin.mhlw.go.jp/table/page_indlist_nationallist.html)",https://saiteichingin.mhlw.go.jp/table/page_indlist_nationallist.html,2026-09-29,2025-02-21,,VERIFIED,"JP-SFMW-18 (September 2026, passed 2026-10-01) pins the 広島県 worksite recorded under SF174: regional 1,085 binds over specific 1,038: 184,450, with 雇用保険, 労災 and 乙欄/non-resident tax on it. Cross-cutting branches stay with their own rows: each order’s Gazette scope and excluded classes (recorded defaults 18–<65 and specific_mw_excluded, JP-MW-02, probed in JP-SFMW-SCOPE), the replaced pre-効力発生日 amount where the order took effect after 2025-12-01 (not seeded), the 令和8年度 revision (unpublished), the top-up not raising the overtime base (JP-OT-06) and the in-period split (JP-MW-01).",reference_rows:SPECIFIC_MW; reference_rows.code.SF174; work_rules.derived_lines.SPECIFIC_MINIMUM_WAGE; worksite_facts.specific_mw_industry; terms_facts.specific_mw_excluded,,JP-SFMW-18,2026-10-01
JP-SF175,JP,minimum_wage,"山口県 specific (industry) minimum wage — 鉄鋼業、非鉄金属製錬・精製業、非鉄金属・同合金圧延業、非鉄金属素形材製造業: 1180円/hour, effective 2025-12-15.","Minimum Wage Act arts. 6, 15–19; MHLW live industry table (https://saiteichingin.mhlw.go.jp/table/page_indlist_nationallist.html)",https://saiteichingin.mhlw.go.jp/table/page_indlist_nationallist.html,2026-09-29,2025-12-15,,VERIFIED,"JP-SFMW-18 (September 2026, passed 2026-10-01) pins the 山口県 worksite recorded under SF175: specific 1,180 binds over regional 1,043: BASIC 177,310 + SPECIFIC_MINIMUM_WAGE 23,290 = 200,600, with 雇用保険, 労災 and 乙欄/non-resident tax on it. Cross-cutting branches stay with their own rows: each order’s Gazette scope and excluded classes (recorded defaults 18–<65 and specific_mw_excluded, JP-MW-02, probed in JP-SFMW-SCOPE), the replaced pre-効力発生日 amount where the order took effect after 2025-12-01 (not seeded), the 令和8年度 revision (unpublished), the top-up not raising the overtime base (JP-OT-06) and the in-period split (JP-MW-01).",reference_rows:SPECIFIC_MW; reference_rows.code.SF175; work_rules.derived_lines.SPECIFIC_MINIMUM_WAGE; worksite_facts.specific_mw_industry; terms_facts.specific_mw_excluded,,JP-SFMW-18,2026-10-01
JP-SF176,JP,minimum_wage,"山口県 specific (industry) minimum wage — 電子部品・デバイス・電子回路、電気機械器具、情報通信機械器具製造業: 1032円/hour, effective 2024-12-15; MHLW marks it ※ — the higher regional floor applies instead.","Minimum Wage Act arts. 6, 15–19; MHLW live industry table (https://saiteichingin.mhlw.go.jp/table/page_indlist_nationallist.html)",https://saiteichingin.mhlw.go.jp/table/page_indlist_nationallist.html,2026-09-29,2024-12-15,,VERIFIED,"JP-SFMW-18 (September 2026, passed 2026-10-01) pins the 山口県 worksite recorded under SF176: regional 1,043 binds over specific 1,032: 177,310, with 雇用保険, 労災 and 乙欄/non-resident tax on it. Cross-cutting branches stay with their own rows: each order’s Gazette scope and excluded classes (recorded defaults 18–<65 and specific_mw_excluded, JP-MW-02, probed in JP-SFMW-SCOPE), the replaced pre-効力発生日 amount where the order took effect after 2025-12-01 (not seeded), the 令和8年度 revision (unpublished), the top-up not raising the overtime base (JP-OT-06) and the in-period split (JP-MW-01).",reference_rows:SPECIFIC_MW; reference_rows.code.SF176; work_rules.derived_lines.SPECIFIC_MINIMUM_WAGE; worksite_facts.specific_mw_industry; terms_facts.specific_mw_excluded,,JP-SFMW-18,2026-10-01
JP-SF177,JP,minimum_wage,"山口県 specific (industry) minimum wage — 輸送用機械器具製造業: 1141円/hour, effective 2025-12-15.","Minimum Wage Act arts. 6, 15–19; MHLW live industry table (https://saiteichingin.mhlw.go.jp/table/page_indlist_nationallist.html)",https://saiteichingin.mhlw.go.jp/table/page_indlist_nationallist.html,2026-09-29,2025-12-15,,VERIFIED,"JP-SFMW-18 (September 2026, passed 2026-10-01) pins the 山口県 worksite recorded under SF177: specific 1,141 binds over regional 1,043: BASIC 177,310 + SPECIFIC_MINIMUM_WAGE 16,660 = 193,970, with 雇用保険, 労災 and 乙欄/non-resident tax on it. Cross-cutting branches stay with their own rows: each order’s Gazette scope and excluded classes (recorded defaults 18–<65 and specific_mw_excluded, JP-MW-02, probed in JP-SFMW-SCOPE), the replaced pre-効力発生日 amount where the order took effect after 2025-12-01 (not seeded), the 令和8年度 revision (unpublished), the top-up not raising the overtime base (JP-OT-06) and the in-period split (JP-MW-01).",reference_rows:SPECIFIC_MW; reference_rows.code.SF177; work_rules.derived_lines.SPECIFIC_MINIMUM_WAGE; worksite_facts.specific_mw_industry; terms_facts.specific_mw_excluded,,JP-SFMW-18,2026-10-01
JP-SF178,JP,minimum_wage,"山口県 specific (industry) minimum wage — 百貨店、総合スーパーマーケット: 1000円/hour, effective 2024-12-15; MHLW marks it ※ — the higher regional floor applies instead.","Minimum Wage Act arts. 6, 15–19; MHLW live industry table (https://saiteichingin.mhlw.go.jp/table/page_indlist_nationallist.html)",https://saiteichingin.mhlw.go.jp/table/page_indlist_nationallist.html,2026-09-29,2024-12-15,,VERIFIED,"JP-SFMW-18 (September 2026, passed 2026-10-01) pins the 山口県 worksite recorded under SF178: regional 1,043 binds over specific 1,000: 177,310, with 雇用保険, 労災 and 乙欄/non-resident tax on it. Cross-cutting branches stay with their own rows: each order’s Gazette scope and excluded classes (recorded defaults 18–<65 and specific_mw_excluded, JP-MW-02, probed in JP-SFMW-SCOPE), the replaced pre-効力発生日 amount where the order took effect after 2025-12-01 (not seeded), the 令和8年度 revision (unpublished), the top-up not raising the overtime base (JP-OT-06) and the in-period split (JP-MW-01).",reference_rows:SPECIFIC_MW; reference_rows.code.SF178; work_rules.derived_lines.SPECIFIC_MINIMUM_WAGE; worksite_facts.specific_mw_industry; terms_facts.specific_mw_excluded,,JP-SFMW-18,2026-10-01
JP-SF179,JP,minimum_wage,"徳島県 specific (industry) minimum wage — 造作材・合板・建築用組立材料製造業: 876円/hour, effective 2021-12-21; MHLW marks it ※ — the higher regional floor applies instead.","Minimum Wage Act arts. 6, 15–19; MHLW live industry table (https://saiteichingin.mhlw.go.jp/table/page_indlist_nationallist.html)",https://saiteichingin.mhlw.go.jp/table/page_indlist_nationallist.html,2026-09-29,2021-12-21,,VERIFIED,"JP-SFMW-18 (September 2026, passed 2026-10-01) pins the 徳島県 worksite recorded under SF179: regional 1,046 binds over specific 876: 177,820, with 雇用保険, 労災 and 乙欄/non-resident tax on it. Cross-cutting branches stay with their own rows: each order’s Gazette scope and excluded classes (recorded defaults 18–<65 and specific_mw_excluded, JP-MW-02, probed in JP-SFMW-SCOPE), the replaced pre-効力発生日 amount where the order took effect after 2025-12-01 (not seeded), the 令和8年度 revision (unpublished), the top-up not raising the overtime base (JP-OT-06) and the in-period split (JP-MW-01).",reference_rows:SPECIFIC_MW; reference_rows.code.SF179; work_rules.derived_lines.SPECIFIC_MINIMUM_WAGE; worksite_facts.specific_mw_industry; terms_facts.specific_mw_excluded,,JP-SFMW-18,2026-10-01
JP-SF180,JP,minimum_wage,"徳島県 specific (industry) minimum wage — はん用機械器具、生産用機械器具、業務用機械器具製造業: 1134円/hour, effective 2026-01-01.","Minimum Wage Act arts. 6, 15–19; MHLW live industry table (https://saiteichingin.mhlw.go.jp/table/page_indlist_nationallist.html)",https://saiteichingin.mhlw.go.jp/table/page_indlist_nationallist.html,2026-09-29,2026-01-01,,VERIFIED,"JP-SFMW-18 (September 2026, passed 2026-10-01) pins the 徳島県 worksite recorded under SF180: specific 1,134 binds over regional 1,046: BASIC 177,820 + SPECIFIC_MINIMUM_WAGE 14,960 = 192,780, with 雇用保険, 労災 and 乙欄/non-resident tax on it. Cross-cutting branches stay with their own rows: each order’s Gazette scope and excluded classes (recorded defaults 18–<65 and specific_mw_excluded, JP-MW-02, probed in JP-SFMW-SCOPE), the replaced pre-効力発生日 amount where the order took effect after 2025-12-01 (not seeded), the 令和8年度 revision (unpublished), the top-up not raising the overtime base (JP-OT-06) and the in-period split (JP-MW-01).",reference_rows:SPECIFIC_MW; reference_rows.code.SF180; work_rules.derived_lines.SPECIFIC_MINIMUM_WAGE; worksite_facts.specific_mw_industry; terms_facts.specific_mw_excluded,,JP-SFMW-18,2026-10-01
JP-SF181,JP,minimum_wage,"徳島県 specific (industry) minimum wage — 電子部品・デバイス・電子回路、電気機械器具、情報通信機械器具製造業: 1105円/hour, effective 2026-01-01.","Minimum Wage Act arts. 6, 15–19; MHLW live industry table (https://saiteichingin.mhlw.go.jp/table/page_indlist_nationallist.html)",https://saiteichingin.mhlw.go.jp/table/page_indlist_nationallist.html,2026-09-29,2026-01-01,,VERIFIED,"JP-SFMW-18 (September 2026, passed 2026-10-01) pins the 徳島県 worksite recorded under SF181: specific 1,105 binds over regional 1,046: BASIC 177,820 + SPECIFIC_MINIMUM_WAGE 10,030 = 187,850, with 雇用保険, 労災 and 乙欄/non-resident tax on it. Cross-cutting branches stay with their own rows: each order’s Gazette scope and excluded classes (recorded defaults 18–<65 and specific_mw_excluded, JP-MW-02, probed in JP-SFMW-SCOPE), the replaced pre-効力発生日 amount where the order took effect after 2025-12-01 (not seeded), the 令和8年度 revision (unpublished), the top-up not raising the overtime base (JP-OT-06) and the in-period split (JP-MW-01).",reference_rows:SPECIFIC_MW; reference_rows.code.SF181; work_rules.derived_lines.SPECIFIC_MINIMUM_WAGE; worksite_facts.specific_mw_industry; terms_facts.specific_mw_excluded,,JP-SFMW-18,2026-10-01
JP-SF182,JP,minimum_wage,"香川県 specific (industry) minimum wage — 冷凍調理食品製造業: 849円/hour, effective 2021-12-15; MHLW marks it ※ — the higher regional floor applies instead.","Minimum Wage Act arts. 6, 15–19; MHLW live industry table (https://saiteichingin.mhlw.go.jp/table/page_indlist_nationallist.html)",https://saiteichingin.mhlw.go.jp/table/page_indlist_nationallist.html,2026-09-29,2021-12-15,,VERIFIED,"JP-SFMW-19 (September 2026, passed 2026-10-01) pins the 香川県 worksite recorded under SF182: regional 1,036 binds over specific 849: 176,120, with 雇用保険, 労災 and 乙欄/non-resident tax on it. Cross-cutting branches stay with their own rows: each order’s Gazette scope and excluded classes (recorded defaults 18–<65 and specific_mw_excluded, JP-MW-02, probed in JP-SFMW-SCOPE), the replaced pre-効力発生日 amount where the order took effect after 2025-12-01 (not seeded), the 令和8年度 revision (unpublished), the top-up not raising the overtime base (JP-OT-06) and the in-period split (JP-MW-01).",reference_rows:SPECIFIC_MW; reference_rows.code.SF182; work_rules.derived_lines.SPECIFIC_MINIMUM_WAGE; worksite_facts.specific_mw_industry; terms_facts.specific_mw_excluded,,JP-SFMW-19,2026-10-01
JP-SF183,JP,minimum_wage,"香川県 specific (industry) minimum wage — はん用機械器具、生産用機械器具、業務用機械器具製造業: 1158円/hour, effective 2025-12-15.","Minimum Wage Act arts. 6, 15–19; MHLW live industry table (https://saiteichingin.mhlw.go.jp/table/page_indlist_nationallist.html)",https://saiteichingin.mhlw.go.jp/table/page_indlist_nationallist.html,2026-09-29,2025-12-15,,VERIFIED,"JP-SFMW-19 (September 2026, passed 2026-10-01) pins the 香川県 worksite recorded under SF183: specific 1,158 binds over regional 1,036: BASIC 176,120 + SPECIFIC_MINIMUM_WAGE 20,740 = 196,860, with 雇用保険, 労災 and 乙欄/non-resident tax on it. Cross-cutting branches stay with their own rows: each order’s Gazette scope and excluded classes (recorded defaults 18–<65 and specific_mw_excluded, JP-MW-02, probed in JP-SFMW-SCOPE), the replaced pre-効力発生日 amount where the order took effect after 2025-12-01 (not seeded), the 令和8年度 revision (unpublished), the top-up not raising the overtime base (JP-OT-06) and the in-period split (JP-MW-01).",reference_rows:SPECIFIC_MW; reference_rows.code.SF183; work_rules.derived_lines.SPECIFIC_MINIMUM_WAGE; worksite_facts.specific_mw_industry; terms_facts.specific_mw_excluded,,JP-SFMW-19,2026-10-01
JP-SF184,JP,minimum_wage,"香川県 specific (industry) minimum wage — 電子部品・デバイス・電子回路、電気機械器具、情報通信機械器具製造業: 1090円/hour, effective 2025-12-28; MHLW marks it ※ — the higher regional floor applies instead.","Minimum Wage Act arts. 6, 15–19; MHLW live industry table (https://saiteichingin.mhlw.go.jp/table/page_indlist_nationallist.html)",https://saiteichingin.mhlw.go.jp/table/page_indlist_nationallist.html,2026-09-29,2025-12-28,,VERIFIED,"JP-SFMW-19 (September 2026, passed 2026-10-01) pins the 香川県 worksite recorded under SF184: specific 1,090 binds over regional 1,036: BASIC 176,120 + SPECIFIC_MINIMUM_WAGE 9,180 = 185,300, with 雇用保険, 労災 and 乙欄/non-resident tax on it. Cross-cutting branches stay with their own rows: each order’s Gazette scope and excluded classes (recorded defaults 18–<65 and specific_mw_excluded, JP-MW-02, probed in JP-SFMW-SCOPE), the replaced pre-効力発生日 amount where the order took effect after 2025-12-01 (not seeded), the 令和8年度 revision (unpublished), the top-up not raising the overtime base (JP-OT-06) and the in-period split (JP-MW-01).",reference_rows:SPECIFIC_MW; reference_rows.code.SF184; work_rules.derived_lines.SPECIFIC_MINIMUM_WAGE; worksite_facts.specific_mw_industry; terms_facts.specific_mw_excluded,,JP-SFMW-19,2026-10-01
JP-SF185,JP,minimum_wage,"香川県 specific (industry) minimum wage — 船舶製造・修理業、舶用機関製造業: 1159円/hour, effective 2025-12-28.","Minimum Wage Act arts. 6, 15–19; MHLW live industry table (https://saiteichingin.mhlw.go.jp/table/page_indlist_nationallist.html)",https://saiteichingin.mhlw.go.jp/table/page_indlist_nationallist.html,2026-09-29,2025-12-28,,VERIFIED,"JP-SFMW-19 (September 2026, passed 2026-10-01) pins the 香川県 worksite recorded under SF185: specific 1,159 binds over regional 1,036: BASIC 176,120 + SPECIFIC_MINIMUM_WAGE 20,910 = 197,030, with 雇用保険, 労災 and 乙欄/non-resident tax on it. Cross-cutting branches stay with their own rows: each order’s Gazette scope and excluded classes (recorded defaults 18–<65 and specific_mw_excluded, JP-MW-02, probed in JP-SFMW-SCOPE), the replaced pre-効力発生日 amount where the order took effect after 2025-12-01 (not seeded), the 令和8年度 revision (unpublished), the top-up not raising the overtime base (JP-OT-06) and the in-period split (JP-MW-01).",reference_rows:SPECIFIC_MW; reference_rows.code.SF185; work_rules.derived_lines.SPECIFIC_MINIMUM_WAGE; worksite_facts.specific_mw_industry; terms_facts.specific_mw_excluded,,JP-SFMW-19,2026-10-01
JP-SF186,JP,minimum_wage,"愛媛県 specific (industry) minimum wage — パルプ、紙製造業: 1113円/hour, effective 2025-12-25.","Minimum Wage Act arts. 6, 15–19; MHLW live industry table (https://saiteichingin.mhlw.go.jp/table/page_indlist_nationallist.html)",https://saiteichingin.mhlw.go.jp/table/page_indlist_nationallist.html,2026-09-29,2025-12-25,,VERIFIED,"JP-SFMW-19 (September 2026, passed 2026-10-01) pins the 愛媛県 worksite recorded under SF186: specific 1,113 binds over regional 1,033: BASIC 175,610 + SPECIFIC_MINIMUM_WAGE 13,600 = 189,210, with 雇用保険, 労災 and 乙欄/non-resident tax on it. Cross-cutting branches stay with their own rows: each order’s Gazette scope and excluded classes (recorded defaults 18–<65 and specific_mw_excluded, JP-MW-02, probed in JP-SFMW-SCOPE), the replaced pre-効力発生日 amount where the order took effect after 2025-12-01 (not seeded), the 令和8年度 revision (unpublished), the top-up not raising the overtime base (JP-OT-06) and the in-period split (JP-MW-01).",reference_rows:SPECIFIC_MW; reference_rows.code.SF186; work_rules.derived_lines.SPECIFIC_MINIMUM_WAGE; worksite_facts.specific_mw_industry; terms_facts.specific_mw_excluded,,JP-SFMW-19,2026-10-01
JP-SF187,JP,minimum_wage,"愛媛県 specific (industry) minimum wage — はん用機械器具、生産用機械器具、業務用機械器具製造業: 1114円/hour, effective 2025-12-25.","Minimum Wage Act arts. 6, 15–19; MHLW live industry table (https://saiteichingin.mhlw.go.jp/table/page_indlist_nationallist.html)",https://saiteichingin.mhlw.go.jp/table/page_indlist_nationallist.html,2026-09-29,2025-12-25,,VERIFIED,"JP-SFMW-19 (September 2026, passed 2026-10-01) pins the 愛媛県 worksite recorded under SF187: specific 1,114 binds over regional 1,033: BASIC 175,610 + SPECIFIC_MINIMUM_WAGE 13,770 = 189,380, with 雇用保険, 労災 and 乙欄/non-resident tax on it. Cross-cutting branches stay with their own rows: each order’s Gazette scope and excluded classes (recorded defaults 18–<65 and specific_mw_excluded, JP-MW-02, probed in JP-SFMW-SCOPE), the replaced pre-効力発生日 amount where the order took effect after 2025-12-01 (not seeded), the 令和8年度 revision (unpublished), the top-up not raising the overtime base (JP-OT-06) and the in-period split (JP-MW-01).",reference_rows:SPECIFIC_MW; reference_rows.code.SF187; work_rules.derived_lines.SPECIFIC_MINIMUM_WAGE; worksite_facts.specific_mw_industry; terms_facts.specific_mw_excluded,,JP-SFMW-19,2026-10-01
JP-SF188,JP,minimum_wage,"愛媛県 specific (industry) minimum wage — 電子部品・デバイス・電子回路、電気機械器具、情報通信機械器具製造業: 1107円/hour, effective 2025-12-25.","Minimum Wage Act arts. 6, 15–19; MHLW live industry table (https://saiteichingin.mhlw.go.jp/table/page_indlist_nationallist.html)",https://saiteichingin.mhlw.go.jp/table/page_indlist_nationallist.html,2026-09-29,2025-12-25,,VERIFIED,"JP-SFMW-19 (September 2026, passed 2026-10-01) pins the 愛媛県 worksite recorded under SF188: specific 1,107 binds over regional 1,033: BASIC 175,610 + SPECIFIC_MINIMUM_WAGE 12,580 = 188,190, with 雇用保険, 労災 and 乙欄/non-resident tax on it. Cross-cutting branches stay with their own rows: each order’s Gazette scope and excluded classes (recorded defaults 18–<65 and specific_mw_excluded, JP-MW-02, probed in JP-SFMW-SCOPE), the replaced pre-効力発生日 amount where the order took effect after 2025-12-01 (not seeded), the 令和8年度 revision (unpublished), the top-up not raising the overtime base (JP-OT-06) and the in-period split (JP-MW-01).",reference_rows:SPECIFIC_MW; reference_rows.code.SF188; work_rules.derived_lines.SPECIFIC_MINIMUM_WAGE; worksite_facts.specific_mw_industry; terms_facts.specific_mw_excluded,,JP-SFMW-19,2026-10-01
JP-SF189,JP,minimum_wage,"愛媛県 specific (industry) minimum wage — 船舶製造・修理業、舶用機関製造業: 1136円/hour, effective 2025-12-25.","Minimum Wage Act arts. 6, 15–19; MHLW live industry table (https://saiteichingin.mhlw.go.jp/table/page_indlist_nationallist.html)",https://saiteichingin.mhlw.go.jp/table/page_indlist_nationallist.html,2026-09-29,2025-12-25,,VERIFIED,"JP-SFMW-19 (September 2026, passed 2026-10-01) pins the 愛媛県 worksite recorded under SF189: specific 1,136 binds over regional 1,033: BASIC 175,610 + SPECIFIC_MINIMUM_WAGE 17,510 = 193,120, with 雇用保険, 労災 and 乙欄/non-resident tax on it. Cross-cutting branches stay with their own rows: each order’s Gazette scope and excluded classes (recorded defaults 18–<65 and specific_mw_excluded, JP-MW-02, probed in JP-SFMW-SCOPE), the replaced pre-効力発生日 amount where the order took effect after 2025-12-01 (not seeded), the 令和8年度 revision (unpublished), the top-up not raising the overtime base (JP-OT-06) and the in-period split (JP-MW-01).",reference_rows:SPECIFIC_MW; reference_rows.code.SF189; work_rules.derived_lines.SPECIFIC_MINIMUM_WAGE; worksite_facts.specific_mw_industry; terms_facts.specific_mw_excluded,,JP-SFMW-19,2026-10-01
JP-SF190,JP,minimum_wage,"愛媛県 specific (industry) minimum wage — 各種商品小売業: 854円/hour, effective 2022-12-25; MHLW marks it ※ — the higher regional floor applies instead.","Minimum Wage Act arts. 6, 15–19; MHLW live industry table (https://saiteichingin.mhlw.go.jp/table/page_indlist_nationallist.html)",https://saiteichingin.mhlw.go.jp/table/page_indlist_nationallist.html,2026-09-29,2022-12-25,,VERIFIED,"JP-SFMW-19 (September 2026, passed 2026-10-01) pins the 愛媛県 worksite recorded under SF190: regional 1,033 binds over specific 854: 175,610, with 雇用保険, 労災 and 乙欄/non-resident tax on it. Cross-cutting branches stay with their own rows: each order’s Gazette scope and excluded classes (recorded defaults 18–<65 and specific_mw_excluded, JP-MW-02, probed in JP-SFMW-SCOPE), the replaced pre-効力発生日 amount where the order took effect after 2025-12-01 (not seeded), the 令和8年度 revision (unpublished), the top-up not raising the overtime base (JP-OT-06) and the in-period split (JP-MW-01).",reference_rows:SPECIFIC_MW; reference_rows.code.SF190; work_rules.derived_lines.SPECIFIC_MINIMUM_WAGE; worksite_facts.specific_mw_industry; terms_facts.specific_mw_excluded,,JP-SFMW-19,2026-10-01
JP-SF191,JP,minimum_wage,"高知県 specific (industry) minimum wage — 電子部品・デバイス・電子回路、電子応用装置、映像・音響機械器具製造業: 793円/hour, effective 2019-12-29; MHLW marks it ※ — the higher regional floor applies instead.","Minimum Wage Act arts. 6, 15–19; MHLW live industry table (https://saiteichingin.mhlw.go.jp/table/page_indlist_nationallist.html)",https://saiteichingin.mhlw.go.jp/table/page_indlist_nationallist.html,2026-09-29,2019-12-29,,VERIFIED,"JP-SFMW-19 (September 2026, passed 2026-10-01) pins the 高知県 worksite recorded under SF191: regional 1,023 binds over specific 793: 173,910, with 雇用保険, 労災 and 乙欄/non-resident tax on it. Cross-cutting branches stay with their own rows: each order’s Gazette scope and excluded classes (recorded defaults 18–<65 and specific_mw_excluded, JP-MW-02, probed in JP-SFMW-SCOPE), the replaced pre-効力発生日 amount where the order took effect after 2025-12-01 (not seeded), the 令和8年度 revision (unpublished), the top-up not raising the overtime base (JP-OT-06) and the in-period split (JP-MW-01).",reference_rows:SPECIFIC_MW; reference_rows.code.SF191; work_rules.derived_lines.SPECIFIC_MINIMUM_WAGE; worksite_facts.specific_mw_industry; terms_facts.specific_mw_excluded,,JP-SFMW-19,2026-10-01
JP-SF192,JP,minimum_wage,"高知県 specific (industry) minimum wage — 一般貨物自動車運送業: 910円/hour, effective 2007-06-02; MHLW marks it ※ — the higher regional floor applies instead.","Minimum Wage Act arts. 6, 15–19; MHLW live industry table (https://saiteichingin.mhlw.go.jp/table/page_indlist_nationallist.html)",https://saiteichingin.mhlw.go.jp/table/page_indlist_nationallist.html,2026-09-29,2007-06-02,,VERIFIED,"JP-SFMW-20 (September 2026, passed 2026-10-01) pins the 高知県 worksite recorded under SF192: regional 1,023 binds over specific 910: 173,910, with 雇用保険, 労災 and 乙欄/non-resident tax on it. Cross-cutting branches stay with their own rows: each order’s Gazette scope and excluded classes (recorded defaults 18–<65 and specific_mw_excluded, JP-MW-02, probed in JP-SFMW-SCOPE), the replaced pre-効力発生日 amount where the order took effect after 2025-12-01 (not seeded), the 令和8年度 revision (unpublished), the top-up not raising the overtime base (JP-OT-06) and the in-period split (JP-MW-01).",reference_rows:SPECIFIC_MW; reference_rows.code.SF192; work_rules.derived_lines.SPECIFIC_MINIMUM_WAGE; worksite_facts.specific_mw_industry; terms_facts.specific_mw_excluded,,JP-SFMW-20,2026-10-01
JP-SF193,JP,minimum_wage,"福岡県 specific (industry) minimum wage — 製鉄業、製鋼・製鋼圧延業、鋼材製造業: 1176円/hour, effective 2025-12-10.","Minimum Wage Act arts. 6, 15–19; MHLW live industry table (https://saiteichingin.mhlw.go.jp/table/page_indlist_nationallist.html)",https://saiteichingin.mhlw.go.jp/table/page_indlist_nationallist.html,2026-09-29,2025-12-10,,VERIFIED,"JP-SFMW-20 (September 2026, passed 2026-10-01) pins the 福岡県 worksite recorded under SF193: specific 1,176 binds over regional 1,057: BASIC 179,690 + SPECIFIC_MINIMUM_WAGE 20,230 = 199,920, with 雇用保険, 労災 and 乙欄/non-resident tax on it. Cross-cutting branches stay with their own rows: each order’s Gazette scope and excluded classes (recorded defaults 18–<65 and specific_mw_excluded, JP-MW-02, probed in JP-SFMW-SCOPE), the replaced pre-効力発生日 amount where the order took effect after 2025-12-01 (not seeded), the 令和8年度 revision (unpublished), the top-up not raising the overtime base (JP-OT-06) and the in-period split (JP-MW-01).",reference_rows:SPECIFIC_MW; reference_rows.code.SF193; work_rules.derived_lines.SPECIFIC_MINIMUM_WAGE; worksite_facts.specific_mw_industry; terms_facts.specific_mw_excluded,,JP-SFMW-20,2026-10-01
JP-SF194,JP,minimum_wage,"福岡県 specific (industry) minimum wage — 電子部品・デバイス・電子回路、電気機械器具、情報通信機械器具製造業: 1137円/hour, effective 2025-12-10.","Minimum Wage Act arts. 6, 15–19; MHLW live industry table (https://saiteichingin.mhlw.go.jp/table/page_indlist_nationallist.html)",https://saiteichingin.mhlw.go.jp/table/page_indlist_nationallist.html,2026-09-29,2025-12-10,,VERIFIED,"JP-SFMW-20 (September 2026, passed 2026-10-01) pins the 福岡県 worksite recorded under SF194: specific 1,137 binds over regional 1,057: BASIC 179,690 + SPECIFIC_MINIMUM_WAGE 13,600 = 193,290, with 雇用保険, 労災 and 乙欄/non-resident tax on it. Cross-cutting branches stay with their own rows: each order’s Gazette scope and excluded classes (recorded defaults 18–<65 and specific_mw_excluded, JP-MW-02, probed in JP-SFMW-SCOPE), the replaced pre-効力発生日 amount where the order took effect after 2025-12-01 (not seeded), the 令和8年度 revision (unpublished), the top-up not raising the overtime base (JP-OT-06) and the in-period split (JP-MW-01).",reference_rows:SPECIFIC_MW; reference_rows.code.SF194; work_rules.derived_lines.SPECIFIC_MINIMUM_WAGE; worksite_facts.specific_mw_industry; terms_facts.specific_mw_excluded,,JP-SFMW-20,2026-10-01
JP-SF195,JP,minimum_wage,"福岡県 specific (industry) minimum wage — 輸送用機械器具製造業: 1147円/hour, effective 2025-12-10.","Minimum Wage Act arts. 6, 15–19; MHLW live industry table (https://saiteichingin.mhlw.go.jp/table/page_indlist_nationallist.html)",https://saiteichingin.mhlw.go.jp/table/page_indlist_nationallist.html,2026-09-29,2025-12-10,,VERIFIED,"JP-SFMW-20 (September 2026, passed 2026-10-01) pins the 福岡県 worksite recorded under SF195: specific 1,147 binds over regional 1,057: BASIC 179,690 + SPECIFIC_MINIMUM_WAGE 15,300 = 194,990, with 雇用保険, 労災 and 乙欄/non-resident tax on it. Cross-cutting branches stay with their own rows: each order’s Gazette scope and excluded classes (recorded defaults 18–<65 and specific_mw_excluded, JP-MW-02, probed in JP-SFMW-SCOPE), the replaced pre-効力発生日 amount where the order took effect after 2025-12-01 (not seeded), the 令和8年度 revision (unpublished), the top-up not raising the overtime base (JP-OT-06) and the in-period split (JP-MW-01).",reference_rows:SPECIFIC_MW; reference_rows.code.SF195; work_rules.derived_lines.SPECIFIC_MINIMUM_WAGE; worksite_facts.specific_mw_industry; terms_facts.specific_mw_excluded,,JP-SFMW-20,2026-10-01
JP-SF196,JP,minimum_wage,"福岡県 specific (industry) minimum wage — 百貨店、総合スーパーマーケット: 1065円/hour, effective 2026-02-01; MHLW marks it ※ — the higher regional floor applies instead.","Minimum Wage Act arts. 6, 15–19; MHLW live industry table (https://saiteichingin.mhlw.go.jp/table/page_indlist_nationallist.html)",https://saiteichingin.mhlw.go.jp/table/page_indlist_nationallist.html,2026-09-29,2026-02-01,,VERIFIED,"JP-SFMW-20 (September 2026, passed 2026-10-01) pins the 福岡県 worksite recorded under SF196: specific 1,065 binds over regional 1,057: BASIC 179,690 + SPECIFIC_MINIMUM_WAGE 1,360 = 181,050, with 雇用保険, 労災 and 乙欄/non-resident tax on it. Cross-cutting branches stay with their own rows: each order’s Gazette scope and excluded classes (recorded defaults 18–<65 and specific_mw_excluded, JP-MW-02, probed in JP-SFMW-SCOPE), the replaced pre-効力発生日 amount where the order took effect after 2025-12-01 (not seeded), the 令和8年度 revision (unpublished), the top-up not raising the overtime base (JP-OT-06) and the in-period split (JP-MW-01).",reference_rows:SPECIFIC_MW; reference_rows.code.SF196; work_rules.derived_lines.SPECIFIC_MINIMUM_WAGE; worksite_facts.specific_mw_industry; terms_facts.specific_mw_excluded,,JP-SFMW-20,2026-10-01
JP-SF197,JP,minimum_wage,"福岡県 specific (industry) minimum wage — 自動車(新車)小売業: 1131円/hour, effective 2025-12-10.","Minimum Wage Act arts. 6, 15–19; MHLW live industry table (https://saiteichingin.mhlw.go.jp/table/page_indlist_nationallist.html)",https://saiteichingin.mhlw.go.jp/table/page_indlist_nationallist.html,2026-09-29,2025-12-10,,VERIFIED,"JP-SFMW-20 (September 2026, passed 2026-10-01) pins the 福岡県 worksite recorded under SF197: specific 1,131 binds over regional 1,057: BASIC 179,690 + SPECIFIC_MINIMUM_WAGE 12,580 = 192,270, with 雇用保険, 労災 and 乙欄/non-resident tax on it. Cross-cutting branches stay with their own rows: each order’s Gazette scope and excluded classes (recorded defaults 18–<65 and specific_mw_excluded, JP-MW-02, probed in JP-SFMW-SCOPE), the replaced pre-効力発生日 amount where the order took effect after 2025-12-01 (not seeded), the 令和8年度 revision (unpublished), the top-up not raising the overtime base (JP-OT-06) and the in-period split (JP-MW-01).",reference_rows:SPECIFIC_MW; reference_rows.code.SF197; work_rules.derived_lines.SPECIFIC_MINIMUM_WAGE; worksite_facts.specific_mw_industry; terms_facts.specific_mw_excluded,,JP-SFMW-20,2026-10-01
JP-SF198,JP,minimum_wage,"佐賀県 specific (industry) minimum wage — 陶磁器・同関連製品製造業: 957円/hour, effective 2024-12-21.","Minimum Wage Act arts. 6, 15–19; MHLW live industry table (https://saiteichingin.mhlw.go.jp/table/page_indlist_nationallist.html)",https://saiteichingin.mhlw.go.jp/table/page_indlist_nationallist.html,2026-09-29,2024-12-21,,VERIFIED,"JP-SFMW-20 (September 2026, passed 2026-10-01) pins the 佐賀県 worksite recorded under SF198: regional 1,030 binds over specific 957: 175,100, with 雇用保険, 労災 and 乙欄/non-resident tax on it. Cross-cutting branches stay with their own rows: each order’s Gazette scope and excluded classes (recorded defaults 18–<65 and specific_mw_excluded, JP-MW-02, probed in JP-SFMW-SCOPE), the replaced pre-効力発生日 amount where the order took effect after 2025-12-01 (not seeded), the 令和8年度 revision (unpublished), the top-up not raising the overtime base (JP-OT-06) and the in-period split (JP-MW-01).",reference_rows:SPECIFIC_MW; reference_rows.code.SF198; work_rules.derived_lines.SPECIFIC_MINIMUM_WAGE; worksite_facts.specific_mw_industry; terms_facts.specific_mw_excluded,,JP-SFMW-20,2026-10-01
JP-SF199,JP,minimum_wage,"佐賀県 specific (industry) minimum wage — ポンプ・圧縮機器、一般産業用機械・装置、その他のはん用機械・同部分品、農業用機械、建設機械・鉱山機械、生活関連産業用機械、基礎素材産業用機械、金属加工機械、半導体・フラットパネルディスプレイ製造装置、その他の生産用機械・同部分品製造業: 1010円/hour, effective 2024-12-20.","Minimum Wage Act arts. 6, 15–19; MHLW live industry table (https://saiteichingin.mhlw.go.jp/table/page_indlist_nationallist.html)",https://saiteichingin.mhlw.go.jp/table/page_indlist_nationallist.html,2026-09-29,2024-12-20,,VERIFIED,"JP-SFMW-20 (September 2026, passed 2026-10-01) pins the 佐賀県 worksite recorded under SF199: regional 1,030 binds over specific 1,010: 175,100, with 雇用保険, 労災 and 乙欄/non-resident tax on it. Cross-cutting branches stay with their own rows: each order’s Gazette scope and excluded classes (recorded defaults 18–<65 and specific_mw_excluded, JP-MW-02, probed in JP-SFMW-SCOPE), the replaced pre-効力発生日 amount where the order took effect after 2025-12-01 (not seeded), the 令和8年度 revision (unpublished), the top-up not raising the overtime base (JP-OT-06) and the in-period split (JP-MW-01).",reference_rows:SPECIFIC_MW; reference_rows.code.SF199; work_rules.derived_lines.SPECIFIC_MINIMUM_WAGE; worksite_facts.specific_mw_industry; terms_facts.specific_mw_excluded,,JP-SFMW-20,2026-10-01
JP-SF200,JP,minimum_wage,"佐賀県 specific (industry) minimum wage — 発電用・送電用・配電用電気機械器具、産業用電気機械器具、電球・電気照明器具、電池、その他の電気機械器具、通信機械器具・同関連機械器具、電子計算機・同付属装置、電子デバイス、電子部品、記録メディア、電子回路、ユニット部品、その他の電子部品・デバイス・電子回路製造業: 996円/hour, effective 2024-12-19.","Minimum Wage Act arts. 6, 15–19; MHLW live industry table (https://saiteichingin.mhlw.go.jp/table/page_indlist_nationallist.html)",https://saiteichingin.mhlw.go.jp/table/page_indlist_nationallist.html,2026-09-29,2024-12-19,,VERIFIED,"JP-SFMW-20 (September 2026, passed 2026-10-01) pins the 佐賀県 worksite recorded under SF200: regional 1,030 binds over specific 996: 175,100, with 雇用保険, 労災 and 乙欄/non-resident tax on it. Cross-cutting branches stay with their own rows: each order’s Gazette scope and excluded classes (recorded defaults 18–<65 and specific_mw_excluded, JP-MW-02, probed in JP-SFMW-SCOPE), the replaced pre-効力発生日 amount where the order took effect after 2025-12-01 (not seeded), the 令和8年度 revision (unpublished), the top-up not raising the overtime base (JP-OT-06) and the in-period split (JP-MW-01).",reference_rows:SPECIFIC_MW; reference_rows.code.SF200; work_rules.derived_lines.SPECIFIC_MINIMUM_WAGE; worksite_facts.specific_mw_industry; terms_facts.specific_mw_excluded,,JP-SFMW-20,2026-10-01
JP-SF201,JP,minimum_wage,"長崎県 specific (industry) minimum wage — はん用機械器具、生産用機械器具製造業: 875円/hour, effective 2019-12-07; MHLW marks it ※ — the higher regional floor applies instead.","Minimum Wage Act arts. 6, 15–19; MHLW live industry table (https://saiteichingin.mhlw.go.jp/table/page_indlist_nationallist.html)",https://saiteichingin.mhlw.go.jp/table/page_indlist_nationallist.html,2026-09-29,2019-12-07,,VERIFIED,"JP-SFMW-20 (September 2026, passed 2026-10-01) pins the 長崎県 worksite recorded under SF201: regional 1,031 binds over specific 875: 175,270, with 雇用保険, 労災 and 乙欄/non-resident tax on it. Cross-cutting branches stay with their own rows: each order’s Gazette scope and excluded classes (recorded defaults 18–<65 and specific_mw_excluded, JP-MW-02, probed in JP-SFMW-SCOPE), the replaced pre-効力発生日 amount where the order took effect after 2025-12-01 (not seeded), the 令和8年度 revision (unpublished), the top-up not raising the overtime base (JP-OT-06) and the in-period split (JP-MW-01).",reference_rows:SPECIFIC_MW; reference_rows.code.SF201; work_rules.derived_lines.SPECIFIC_MINIMUM_WAGE; worksite_facts.specific_mw_industry; terms_facts.specific_mw_excluded,,JP-SFMW-20,2026-10-01
JP-SF202,JP,minimum_wage,"長崎県 specific (industry) minimum wage — 電子部品・デバイス・電子回路、電気機械器具、情報通信機械器具製造業: 864円/hour, effective 2021-12-29; MHLW marks it ※ — the higher regional floor applies instead.","Minimum Wage Act arts. 6, 15–19; MHLW live industry table (https://saiteichingin.mhlw.go.jp/table/page_indlist_nationallist.html)",https://saiteichingin.mhlw.go.jp/table/page_indlist_nationallist.html,2026-09-29,2021-12-29,,VERIFIED,"JP-SFMW-21 (September 2026, passed 2026-10-01) pins the 長崎県 worksite recorded under SF202: regional 1,031 binds over specific 864: 175,270, with 雇用保険, 労災 and 乙欄/non-resident tax on it. Cross-cutting branches stay with their own rows: each order’s Gazette scope and excluded classes (recorded defaults 18–<65 and specific_mw_excluded, JP-MW-02, probed in JP-SFMW-SCOPE), the replaced pre-効力発生日 amount where the order took effect after 2025-12-01 (not seeded), the 令和8年度 revision (unpublished), the top-up not raising the overtime base (JP-OT-06) and the in-period split (JP-MW-01).",reference_rows:SPECIFIC_MW; reference_rows.code.SF202; work_rules.derived_lines.SPECIFIC_MINIMUM_WAGE; worksite_facts.specific_mw_industry; terms_facts.specific_mw_excluded,,JP-SFMW-21,2026-10-01
JP-SF203,JP,minimum_wage,"長崎県 specific (industry) minimum wage — 船舶製造・修理業,舶用機関製造業: 875円/hour, effective 2019-11-29; MHLW marks it ※ — the higher regional floor applies instead.","Minimum Wage Act arts. 6, 15–19; MHLW live industry table (https://saiteichingin.mhlw.go.jp/table/page_indlist_nationallist.html)",https://saiteichingin.mhlw.go.jp/table/page_indlist_nationallist.html,2026-09-29,2019-11-29,,VERIFIED,"JP-SFMW-21 (September 2026, passed 2026-10-01) pins the 長崎県 worksite recorded under SF203: regional 1,031 binds over specific 875: 175,270, with 雇用保険, 労災 and 乙欄/non-resident tax on it. Cross-cutting branches stay with their own rows: each order’s Gazette scope and excluded classes (recorded defaults 18–<65 and specific_mw_excluded, JP-MW-02, probed in JP-SFMW-SCOPE), the replaced pre-効力発生日 amount where the order took effect after 2025-12-01 (not seeded), the 令和8年度 revision (unpublished), the top-up not raising the overtime base (JP-OT-06) and the in-period split (JP-MW-01).",reference_rows:SPECIFIC_MW; reference_rows.code.SF203; work_rules.derived_lines.SPECIFIC_MINIMUM_WAGE; worksite_facts.specific_mw_industry; terms_facts.specific_mw_excluded,,JP-SFMW-21,2026-10-01
JP-SF204,JP,minimum_wage,"大分県 specific (industry) minimum wage — 鉄鋼業: 1176円/hour, effective 2025-12-25.","Minimum Wage Act arts. 6, 15–19; MHLW live industry table (https://saiteichingin.mhlw.go.jp/table/page_indlist_nationallist.html)",https://saiteichingin.mhlw.go.jp/table/page_indlist_nationallist.html,2026-09-29,2025-12-25,,VERIFIED,"JP-SFMW-21 (September 2026, passed 2026-10-01) pins the 大分県 worksite recorded under SF204: specific 1,176 binds over regional 1,035: BASIC 175,950 + SPECIFIC_MINIMUM_WAGE 23,970 = 199,920, with 雇用保険, 労災 and 乙欄/non-resident tax on it. Cross-cutting branches stay with their own rows: each order’s Gazette scope and excluded classes (recorded defaults 18–<65 and specific_mw_excluded, JP-MW-02, probed in JP-SFMW-SCOPE), the replaced pre-効力発生日 amount where the order took effect after 2025-12-01 (not seeded), the 令和8年度 revision (unpublished), the top-up not raising the overtime base (JP-OT-06) and the in-period split (JP-MW-01).",reference_rows:SPECIFIC_MW; reference_rows.code.SF204; work_rules.derived_lines.SPECIFIC_MINIMUM_WAGE; worksite_facts.specific_mw_industry; terms_facts.specific_mw_excluded,,JP-SFMW-21,2026-10-01
JP-SF205,JP,minimum_wage,"大分県 specific (industry) minimum wage — 非鉄金属製造業: 1116円/hour, effective 2025-12-25.","Minimum Wage Act arts. 6, 15–19; MHLW live industry table (https://saiteichingin.mhlw.go.jp/table/page_indlist_nationallist.html)",https://saiteichingin.mhlw.go.jp/table/page_indlist_nationallist.html,2026-09-29,2025-12-25,,VERIFIED,"JP-SFMW-21 (September 2026, passed 2026-10-01) pins the 大分県 worksite recorded under SF205: specific 1,116 binds over regional 1,035: BASIC 175,950 + SPECIFIC_MINIMUM_WAGE 13,770 = 189,720, with 雇用保険, 労災 and 乙欄/non-resident tax on it. Cross-cutting branches stay with their own rows: each order’s Gazette scope and excluded classes (recorded defaults 18–<65 and specific_mw_excluded, JP-MW-02, probed in JP-SFMW-SCOPE), the replaced pre-効力発生日 amount where the order took effect after 2025-12-01 (not seeded), the 令和8年度 revision (unpublished), the top-up not raising the overtime base (JP-OT-06) and the in-period split (JP-MW-01).",reference_rows:SPECIFIC_MW; reference_rows.code.SF205; work_rules.derived_lines.SPECIFIC_MINIMUM_WAGE; worksite_facts.specific_mw_industry; terms_facts.specific_mw_excluded,,JP-SFMW-21,2026-10-01
JP-SF206,JP,minimum_wage,"大分県 specific (industry) minimum wage — 電子部品・デバイス・電子回路、電気機械器具、情報通信機械器具製造業: 1066円/hour, effective 2025-12-25; MHLW marks it ※ — the higher regional floor applies instead.","Minimum Wage Act arts. 6, 15–19; MHLW live industry table (https://saiteichingin.mhlw.go.jp/table/page_indlist_nationallist.html)",https://saiteichingin.mhlw.go.jp/table/page_indlist_nationallist.html,2026-09-29,2025-12-25,,VERIFIED,"JP-SFMW-21 (September 2026, passed 2026-10-01) pins the 大分県 worksite recorded under SF206: specific 1,066 binds over regional 1,035: BASIC 175,950 + SPECIFIC_MINIMUM_WAGE 5,270 = 181,220, with 雇用保険, 労災 and 乙欄/non-resident tax on it. Cross-cutting branches stay with their own rows: each order’s Gazette scope and excluded classes (recorded defaults 18–<65 and specific_mw_excluded, JP-MW-02, probed in JP-SFMW-SCOPE), the replaced pre-効力発生日 amount where the order took effect after 2025-12-01 (not seeded), the 令和8年度 revision (unpublished), the top-up not raising the overtime base (JP-OT-06) and the in-period split (JP-MW-01).",reference_rows:SPECIFIC_MW; reference_rows.code.SF206; work_rules.derived_lines.SPECIFIC_MINIMUM_WAGE; worksite_facts.specific_mw_industry; terms_facts.specific_mw_excluded,,JP-SFMW-21,2026-10-01
JP-SF207,JP,minimum_wage,"大分県 specific (industry) minimum wage — 自動車・同附属品製造業、船舶製造・修理業、舶用機関製造業: 1055円/hour, effective 2025-12-25; MHLW marks it ※ — the higher regional floor applies instead.","Minimum Wage Act arts. 6, 15–19; MHLW live industry table (https://saiteichingin.mhlw.go.jp/table/page_indlist_nationallist.html)",https://saiteichingin.mhlw.go.jp/table/page_indlist_nationallist.html,2026-09-29,2025-12-25,,VERIFIED,"JP-SFMW-21 (September 2026, passed 2026-10-01) pins the 大分県 worksite recorded under SF207: specific 1,055 binds over regional 1,035: BASIC 175,950 + SPECIFIC_MINIMUM_WAGE 3,400 = 179,350, with 雇用保険, 労災 and 乙欄/non-resident tax on it. Cross-cutting branches stay with their own rows: each order’s Gazette scope and excluded classes (recorded defaults 18–<65 and specific_mw_excluded, JP-MW-02, probed in JP-SFMW-SCOPE), the replaced pre-効力発生日 amount where the order took effect after 2025-12-01 (not seeded), the 令和8年度 revision (unpublished), the top-up not raising the overtime base (JP-OT-06) and the in-period split (JP-MW-01).",reference_rows:SPECIFIC_MW; reference_rows.code.SF207; work_rules.derived_lines.SPECIFIC_MINIMUM_WAGE; worksite_facts.specific_mw_industry; terms_facts.specific_mw_excluded,,JP-SFMW-21,2026-10-01
JP-SF208,JP,minimum_wage,"大分県 specific (industry) minimum wage — 各種商品小売業: 716円/hour, effective 2016-12-25; MHLW marks it ※ — the higher regional floor applies instead.","Minimum Wage Act arts. 6, 15–19; MHLW live industry table (https://saiteichingin.mhlw.go.jp/table/page_indlist_nationallist.html)",https://saiteichingin.mhlw.go.jp/table/page_indlist_nationallist.html,2026-09-29,2016-12-25,,VERIFIED,"JP-SFMW-21 (September 2026, passed 2026-10-01) pins the 大分県 worksite recorded under SF208: regional 1,035 binds over specific 716: 175,950, with 雇用保険, 労災 and 乙欄/non-resident tax on it. Cross-cutting branches stay with their own rows: each order’s Gazette scope and excluded classes (recorded defaults 18–<65 and specific_mw_excluded, JP-MW-02, probed in JP-SFMW-SCOPE), the replaced pre-効力発生日 amount where the order took effect after 2025-12-01 (not seeded), the 令和8年度 revision (unpublished), the top-up not raising the overtime base (JP-OT-06) and the in-period split (JP-MW-01).",reference_rows:SPECIFIC_MW; reference_rows.code.SF208; work_rules.derived_lines.SPECIFIC_MINIMUM_WAGE; worksite_facts.specific_mw_industry; terms_facts.specific_mw_excluded,,JP-SFMW-21,2026-10-01
JP-SF209,JP,minimum_wage,"大分県 specific (industry) minimum wage — 自動車(新車)小売業: 1061円/hour, effective 2025-12-25; MHLW marks it ※ — the higher regional floor applies instead.","Minimum Wage Act arts. 6, 15–19; MHLW live industry table (https://saiteichingin.mhlw.go.jp/table/page_indlist_nationallist.html)",https://saiteichingin.mhlw.go.jp/table/page_indlist_nationallist.html,2026-09-29,2025-12-25,,VERIFIED,"JP-SFMW-21 (September 2026, passed 2026-10-01) pins the 大分県 worksite recorded under SF209: specific 1,061 binds over regional 1,035: BASIC 175,950 + SPECIFIC_MINIMUM_WAGE 4,420 = 180,370, with 雇用保険, 労災 and 乙欄/non-resident tax on it. Cross-cutting branches stay with their own rows: each order’s Gazette scope and excluded classes (recorded defaults 18–<65 and specific_mw_excluded, JP-MW-02, probed in JP-SFMW-SCOPE), the replaced pre-効力発生日 amount where the order took effect after 2025-12-01 (not seeded), the 令和8年度 revision (unpublished), the top-up not raising the overtime base (JP-OT-06) and the in-period split (JP-MW-01).",reference_rows:SPECIFIC_MW; reference_rows.code.SF209; work_rules.derived_lines.SPECIFIC_MINIMUM_WAGE; worksite_facts.specific_mw_industry; terms_facts.specific_mw_excluded,,JP-SFMW-21,2026-10-01
JP-SF210,JP,minimum_wage,"熊本県 specific (industry) minimum wage — 電子部品・デバイス・電子回路、電気機械器具、情報通信機械器具製造業: 1063円/hour, effective 2026-01-01.","Minimum Wage Act arts. 6, 15–19; MHLW live industry table (https://saiteichingin.mhlw.go.jp/table/page_indlist_nationallist.html)",https://saiteichingin.mhlw.go.jp/table/page_indlist_nationallist.html,2026-09-29,2026-01-01,,VERIFIED,"JP-SFMW-21 (September 2026, passed 2026-10-01) pins the 熊本県 worksite recorded under SF210: specific 1,063 binds over regional 1,034: BASIC 175,780 + SPECIFIC_MINIMUM_WAGE 4,930 = 180,710, with 雇用保険, 労災 and 乙欄/non-resident tax on it. Cross-cutting branches stay with their own rows: each order’s Gazette scope and excluded classes (recorded defaults 18–<65 and specific_mw_excluded, JP-MW-02, probed in JP-SFMW-SCOPE), the replaced pre-効力発生日 amount where the order took effect after 2025-12-01 (not seeded), the 令和8年度 revision (unpublished), the top-up not raising the overtime base (JP-OT-06) and the in-period split (JP-MW-01).",reference_rows:SPECIFIC_MW; reference_rows.code.SF210; work_rules.derived_lines.SPECIFIC_MINIMUM_WAGE; worksite_facts.specific_mw_industry; terms_facts.specific_mw_excluded,,JP-SFMW-21,2026-10-01
JP-SF211,JP,minimum_wage,"熊本県 specific (industry) minimum wage — 自動車・同附属品製造業、船舶製造・修理業,舶用機関製造業: 1074円/hour, effective 2026-01-01.","Minimum Wage Act arts. 6, 15–19; MHLW live industry table (https://saiteichingin.mhlw.go.jp/table/page_indlist_nationallist.html)",https://saiteichingin.mhlw.go.jp/table/page_indlist_nationallist.html,2026-09-29,2026-01-01,,VERIFIED,"JP-SFMW-21 (September 2026, passed 2026-10-01) pins the 熊本県 worksite recorded under SF211: specific 1,074 binds over regional 1,034: BASIC 175,780 + SPECIFIC_MINIMUM_WAGE 6,800 = 182,580, with 雇用保険, 労災 and 乙欄/non-resident tax on it. Cross-cutting branches stay with their own rows: each order’s Gazette scope and excluded classes (recorded defaults 18–<65 and specific_mw_excluded, JP-MW-02, probed in JP-SFMW-SCOPE), the replaced pre-効力発生日 amount where the order took effect after 2025-12-01 (not seeded), the 令和8年度 revision (unpublished), the top-up not raising the overtime base (JP-OT-06) and the in-period split (JP-MW-01).",reference_rows:SPECIFIC_MW; reference_rows.code.SF211; work_rules.derived_lines.SPECIFIC_MINIMUM_WAGE; worksite_facts.specific_mw_industry; terms_facts.specific_mw_excluded,,JP-SFMW-21,2026-10-01
JP-SF212,JP,minimum_wage,"熊本県 specific (industry) minimum wage — 百貨店,総合スーパー: 855円/hour, effective 2022-12-15.","Minimum Wage Act arts. 6, 15–19; MHLW live industry table (https://saiteichingin.mhlw.go.jp/table/page_indlist_nationallist.html)",https://saiteichingin.mhlw.go.jp/table/page_indlist_nationallist.html,2026-09-29,2022-12-15,,VERIFIED,"JP-SFMW-22 (September 2026, passed 2026-10-01) pins the 熊本県 worksite recorded under SF212: regional 1,034 binds over specific 855: 175,780, with 雇用保険, 労災 and 乙欄/non-resident tax on it. Cross-cutting branches stay with their own rows: each order’s Gazette scope and excluded classes (recorded defaults 18–<65 and specific_mw_excluded, JP-MW-02, probed in JP-SFMW-SCOPE), the replaced pre-効力発生日 amount where the order took effect after 2025-12-01 (not seeded), the 令和8年度 revision (unpublished), the top-up not raising the overtime base (JP-OT-06) and the in-period split (JP-MW-01).",reference_rows:SPECIFIC_MW; reference_rows.code.SF212; work_rules.derived_lines.SPECIFIC_MINIMUM_WAGE; worksite_facts.specific_mw_industry; terms_facts.specific_mw_excluded,,JP-SFMW-22,2026-10-01
JP-SF213,JP,minimum_wage,"宮崎県 specific (industry) minimum wage — 部分肉・冷凍肉、肉加工品、処理牛乳・乳飲料、乳製品製造業: 678円/hour, effective 2014-12-26; MHLW marks it ※ — the higher regional floor applies instead.","Minimum Wage Act arts. 6, 15–19; MHLW live industry table (https://saiteichingin.mhlw.go.jp/table/page_indlist_nationallist.html)",https://saiteichingin.mhlw.go.jp/table/page_indlist_nationallist.html,2026-09-29,2014-12-26,,VERIFIED,"JP-SFMW-22 (September 2026, passed 2026-10-01) pins the 宮崎県 worksite recorded under SF213: regional 1,023 binds over specific 678: 173,910, with 雇用保険, 労災 and 乙欄/non-resident tax on it. Cross-cutting branches stay with their own rows: each order’s Gazette scope and excluded classes (recorded defaults 18–<65 and specific_mw_excluded, JP-MW-02, probed in JP-SFMW-SCOPE), the replaced pre-効力発生日 amount where the order took effect after 2025-12-01 (not seeded), the 令和8年度 revision (unpublished), the top-up not raising the overtime base (JP-OT-06) and the in-period split (JP-MW-01).",reference_rows:SPECIFIC_MW; reference_rows.code.SF213; work_rules.derived_lines.SPECIFIC_MINIMUM_WAGE; worksite_facts.specific_mw_industry; terms_facts.specific_mw_excluded,,JP-SFMW-22,2026-10-01
JP-SF214,JP,minimum_wage,"宮崎県 specific (industry) minimum wage — 電子部品・デバイス・電子回路、電気機械器具、情報通信機械器具製造業: 831円/hour, effective 2021-12-24; MHLW marks it ※ — the higher regional floor applies instead.","Minimum Wage Act arts. 6, 15–19; MHLW live industry table (https://saiteichingin.mhlw.go.jp/table/page_indlist_nationallist.html)",https://saiteichingin.mhlw.go.jp/table/page_indlist_nationallist.html,2026-09-29,2021-12-24,,VERIFIED,"JP-SFMW-22 (September 2026, passed 2026-10-01) pins the 宮崎県 worksite recorded under SF214: regional 1,023 binds over specific 831: 173,910, with 雇用保険, 労災 and 乙欄/non-resident tax on it. Cross-cutting branches stay with their own rows: each order’s Gazette scope and excluded classes (recorded defaults 18–<65 and specific_mw_excluded, JP-MW-02, probed in JP-SFMW-SCOPE), the replaced pre-効力発生日 amount where the order took effect after 2025-12-01 (not seeded), the 令和8年度 revision (unpublished), the top-up not raising the overtime base (JP-OT-06) and the in-period split (JP-MW-01).",reference_rows:SPECIFIC_MW; reference_rows.code.SF214; work_rules.derived_lines.SPECIFIC_MINIMUM_WAGE; worksite_facts.specific_mw_industry; terms_facts.specific_mw_excluded,,JP-SFMW-22,2026-10-01
JP-SF215,JP,minimum_wage,"宮崎県 specific (industry) minimum wage — 各種商品小売業: 705円/hour, effective 2015-12-24; MHLW marks it ※ — the higher regional floor applies instead.","Minimum Wage Act arts. 6, 15–19; MHLW live industry table (https://saiteichingin.mhlw.go.jp/table/page_indlist_nationallist.html)",https://saiteichingin.mhlw.go.jp/table/page_indlist_nationallist.html,2026-09-29,2015-12-24,,VERIFIED,"JP-SFMW-22 (September 2026, passed 2026-10-01) pins the 宮崎県 worksite recorded under SF215: regional 1,023 binds over specific 705: 173,910, with 雇用保険, 労災 and 乙欄/non-resident tax on it. Cross-cutting branches stay with their own rows: each order’s Gazette scope and excluded classes (recorded defaults 18–<65 and specific_mw_excluded, JP-MW-02, probed in JP-SFMW-SCOPE), the replaced pre-効力発生日 amount where the order took effect after 2025-12-01 (not seeded), the 令和8年度 revision (unpublished), the top-up not raising the overtime base (JP-OT-06) and the in-period split (JP-MW-01).",reference_rows:SPECIFIC_MW; reference_rows.code.SF215; work_rules.derived_lines.SPECIFIC_MINIMUM_WAGE; worksite_facts.specific_mw_industry; terms_facts.specific_mw_excluded,,JP-SFMW-22,2026-10-01
JP-SF216,JP,minimum_wage,"宮崎県 specific (industry) minimum wage — 自動車(新車)小売業: 927円/hour, effective 2023-12-20; MHLW marks it ※ — the higher regional floor applies instead.","Minimum Wage Act arts. 6, 15–19; MHLW live industry table (https://saiteichingin.mhlw.go.jp/table/page_indlist_nationallist.html)",https://saiteichingin.mhlw.go.jp/table/page_indlist_nationallist.html,2026-09-29,2023-12-20,,VERIFIED,"JP-SFMW-22 (September 2026, passed 2026-10-01) pins the 宮崎県 worksite recorded under SF216: regional 1,023 binds over specific 927: 173,910, with 雇用保険, 労災 and 乙欄/non-resident tax on it. Cross-cutting branches stay with their own rows: each order’s Gazette scope and excluded classes (recorded defaults 18–<65 and specific_mw_excluded, JP-MW-02, probed in JP-SFMW-SCOPE), the replaced pre-効力発生日 amount where the order took effect after 2025-12-01 (not seeded), the 令和8年度 revision (unpublished), the top-up not raising the overtime base (JP-OT-06) and the in-period split (JP-MW-01).",reference_rows:SPECIFIC_MW; reference_rows.code.SF216; work_rules.derived_lines.SPECIFIC_MINIMUM_WAGE; worksite_facts.specific_mw_industry; terms_facts.specific_mw_excluded,,JP-SFMW-22,2026-10-01
JP-SF217,JP,minimum_wage,"鹿児島県 specific (industry) minimum wage — 電子部品・デバイス・電子回路、電気機械器具、情報通信機械器具製造業: 842円/hour, effective 2021-12-17; MHLW marks it ※ — the higher regional floor applies instead.","Minimum Wage Act arts. 6, 15–19; MHLW live industry table (https://saiteichingin.mhlw.go.jp/table/page_indlist_nationallist.html)",https://saiteichingin.mhlw.go.jp/table/page_indlist_nationallist.html,2026-09-29,2021-12-17,,VERIFIED,"JP-SFMW-22 (September 2026, passed 2026-10-01) pins the 鹿児島県 worksite recorded under SF217: regional 1,026 binds over specific 842: 174,420, with 雇用保険, 労災 and 乙欄/non-resident tax on it. Cross-cutting branches stay with their own rows: each order’s Gazette scope and excluded classes (recorded defaults 18–<65 and specific_mw_excluded, JP-MW-02, probed in JP-SFMW-SCOPE), the replaced pre-効力発生日 amount where the order took effect after 2025-12-01 (not seeded), the 令和8年度 revision (unpublished), the top-up not raising the overtime base (JP-OT-06) and the in-period split (JP-MW-01).",reference_rows:SPECIFIC_MW; reference_rows.code.SF217; work_rules.derived_lines.SPECIFIC_MINIMUM_WAGE; worksite_facts.specific_mw_industry; terms_facts.specific_mw_excluded,,JP-SFMW-22,2026-10-01
JP-SF218,JP,minimum_wage,"鹿児島県 specific (industry) minimum wage — 百貨店,総合スーパー: 693円/hour, effective 2014-12-26; MHLW marks it ※ — the higher regional floor applies instead.","Minimum Wage Act arts. 6, 15–19; MHLW live industry table (https://saiteichingin.mhlw.go.jp/table/page_indlist_nationallist.html)",https://saiteichingin.mhlw.go.jp/table/page_indlist_nationallist.html,2026-09-29,2014-12-26,,VERIFIED,"JP-SFMW-22 (September 2026, passed 2026-10-01) pins the 鹿児島県 worksite recorded under SF218: regional 1,026 binds over specific 693: 174,420, with 雇用保険, 労災 and 乙欄/non-resident tax on it. Cross-cutting branches stay with their own rows: each order’s Gazette scope and excluded classes (recorded defaults 18–<65 and specific_mw_excluded, JP-MW-02, probed in JP-SFMW-SCOPE), the replaced pre-効力発生日 amount where the order took effect after 2025-12-01 (not seeded), the 令和8年度 revision (unpublished), the top-up not raising the overtime base (JP-OT-06) and the in-period split (JP-MW-01).",reference_rows:SPECIFIC_MW; reference_rows.code.SF218; work_rules.derived_lines.SPECIFIC_MINIMUM_WAGE; worksite_facts.specific_mw_industry; terms_facts.specific_mw_excluded,,JP-SFMW-22,2026-10-01
JP-SF219,JP,minimum_wage,"鹿児島県 specific (industry) minimum wage — 自動車(新車)小売業: 1048円/hour, effective 2025-12-28; MHLW marks it ※ — the higher regional floor applies instead.","Minimum Wage Act arts. 6, 15–19; MHLW live industry table (https://saiteichingin.mhlw.go.jp/table/page_indlist_nationallist.html)",https://saiteichingin.mhlw.go.jp/table/page_indlist_nationallist.html,2026-09-29,2025-12-28,,VERIFIED,"JP-SFMW-22 (September 2026, passed 2026-10-01) pins the 鹿児島県 worksite recorded under SF219: specific 1,048 binds over regional 1,026: BASIC 174,420 + SPECIFIC_MINIMUM_WAGE 3,740 = 178,160, with 雇用保険, 労災 and 乙欄/non-resident tax on it. Cross-cutting branches stay with their own rows: each order’s Gazette scope and excluded classes (recorded defaults 18–<65 and specific_mw_excluded, JP-MW-02, probed in JP-SFMW-SCOPE), the replaced pre-効力発生日 amount where the order took effect after 2025-12-01 (not seeded), the 令和8年度 revision (unpublished), the top-up not raising the overtime base (JP-OT-06) and the in-period split (JP-MW-01).",reference_rows:SPECIFIC_MW; reference_rows.code.SF219; work_rules.derived_lines.SPECIFIC_MINIMUM_WAGE; worksite_facts.specific_mw_industry; terms_facts.specific_mw_excluded,,JP-SFMW-22,2026-10-01
JP-SF220,JP,minimum_wage,"沖縄県 specific (industry) minimum wage — 糖類製造業: 769円/hour, effective 2018-11-25.","Minimum Wage Act arts. 6, 15–19; MHLW live industry table (https://saiteichingin.mhlw.go.jp/table/page_indlist_nationallist.html)",https://saiteichingin.mhlw.go.jp/table/page_indlist_nationallist.html,2026-09-29,2018-11-25,,VERIFIED,"JP-SFMW-22 (September 2026, passed 2026-10-01) pins the 沖縄県 worksite recorded under SF220: regional 1,023 binds over specific 769: 173,910, with 雇用保険, 労災 and 乙欄/non-resident tax on it. Cross-cutting branches stay with their own rows: each order’s Gazette scope and excluded classes (recorded defaults 18–<65 and specific_mw_excluded, JP-MW-02, probed in JP-SFMW-SCOPE), the replaced pre-効力発生日 amount where the order took effect after 2025-12-01 (not seeded), the 令和8年度 revision (unpublished), the top-up not raising the overtime base (JP-OT-06) and the in-period split (JP-MW-01).",reference_rows:SPECIFIC_MW; reference_rows.code.SF220; work_rules.derived_lines.SPECIFIC_MINIMUM_WAGE; worksite_facts.specific_mw_industry; terms_facts.specific_mw_excluded,,JP-SFMW-22,2026-10-01
JP-SF221,JP,minimum_wage,"沖縄県 specific (industry) minimum wage — 新聞業: 879円/hour, effective 2022-11-17.","Minimum Wage Act arts. 6, 15–19; MHLW live industry table (https://saiteichingin.mhlw.go.jp/table/page_indlist_nationallist.html)",https://saiteichingin.mhlw.go.jp/table/page_indlist_nationallist.html,2026-09-29,2022-11-17,,VERIFIED,"JP-SFMW-22 (September 2026, passed 2026-10-01) pins the 沖縄県 worksite recorded under SF221: regional 1,023 binds over specific 879: 173,910, with 雇用保険, 労災 and 乙欄/non-resident tax on it. Cross-cutting branches stay with their own rows: each order’s Gazette scope and excluded classes (recorded defaults 18–<65 and specific_mw_excluded, JP-MW-02, probed in JP-SFMW-SCOPE), the replaced pre-効力発生日 amount where the order took effect after 2025-12-01 (not seeded), the 令和8年度 revision (unpublished), the top-up not raising the overtime base (JP-OT-06) and the in-period split (JP-MW-01).",reference_rows:SPECIFIC_MW; reference_rows.code.SF221; work_rules.derived_lines.SPECIFIC_MINIMUM_WAGE; worksite_facts.specific_mw_industry; terms_facts.specific_mw_excluded,,JP-SFMW-22,2026-10-01
JP-SF222,JP,minimum_wage,"沖縄県 specific (industry) minimum wage — 各種商品小売業: 770円/hour, effective 2018-11-23.","Minimum Wage Act arts. 6, 15–19; MHLW live industry table (https://saiteichingin.mhlw.go.jp/table/page_indlist_nationallist.html)",https://saiteichingin.mhlw.go.jp/table/page_indlist_nationallist.html,2026-09-29,2018-11-23,,VERIFIED,"JP-SFMW-23 (September 2026, passed 2026-10-01) pins the 沖縄県 worksite recorded under SF222: regional 1,023 binds over specific 770: 173,910, with 雇用保険, 労災 and 乙欄/non-resident tax on it. Cross-cutting branches stay with their own rows: each order’s Gazette scope and excluded classes (recorded defaults 18–<65 and specific_mw_excluded, JP-MW-02, probed in JP-SFMW-SCOPE), the replaced pre-効力発生日 amount where the order took effect after 2025-12-01 (not seeded), the 令和8年度 revision (unpublished), the top-up not raising the overtime base (JP-OT-06) and the in-period split (JP-MW-01).",reference_rows:SPECIFIC_MW; reference_rows.code.SF222; work_rules.derived_lines.SPECIFIC_MINIMUM_WAGE; worksite_facts.specific_mw_industry; terms_facts.specific_mw_excluded,,JP-SFMW-23,2026-10-01
JP-SF223,JP,minimum_wage,"沖縄県 specific (industry) minimum wage — 自動車(新車)小売業: 770円/hour, effective 2018-11-18.","Minimum Wage Act arts. 6, 15–19; MHLW live industry table (https://saiteichingin.mhlw.go.jp/table/page_indlist_nationallist.html)",https://saiteichingin.mhlw.go.jp/table/page_indlist_nationallist.html,2026-09-29,2018-11-18,,VERIFIED,"JP-SFMW-23 (September 2026, passed 2026-10-01) pins the 沖縄県 worksite recorded under SF223: regional 1,023 binds over specific 770: 173,910, with 雇用保険, 労災 and 乙欄/non-resident tax on it. Cross-cutting branches stay with their own rows: each order’s Gazette scope and excluded classes (recorded defaults 18–<65 and specific_mw_excluded, JP-MW-02, probed in JP-SFMW-SCOPE), the replaced pre-効力発生日 amount where the order took effect after 2025-12-01 (not seeded), the 令和8年度 revision (unpublished), the top-up not raising the overtime base (JP-OT-06) and the in-period split (JP-MW-01).",reference_rows:SPECIFIC_MW; reference_rows.code.SF223; work_rules.derived_lines.SPECIFIC_MINIMUM_WAGE; worksite_facts.specific_mw_industry; terms_facts.specific_mw_excluded,,JP-SFMW-23,2026-10-01
JP-LS01,JP,wages,"Scope and average wage: Arts. 9–12 define worker, employer, wage and the prior-three-month average wage. Art. 12 uses a calendar-day denominator, a worked-day minimum for time/piece rates, wage-cutoff anchoring, excluded periods and wage types, and a short-service branch.",Labour Standards Act Arts. 9–12 (https://laws.e-gov.go.jp/law/322AC0000000049),https://laws.e-gov.go.jp/law/322AC0000000049,2026-09-30,2025-12-01,,PARTIAL,"Average wage configured 2026-09-30 (JP-WG-01): calendar-day denominator, leave-period exclusions by code, bonus/one-off pay outside the wage total, override fact for the rest. Not configured: the 60% floor, closing-day anchoring, trial/injury/shutdown exclusions. Probes JP-WG-02-1 and JP-WG-03-1 registered, not yet run.",adhoc_catalogue:SHUTDOWN_ALLOWANCE; adhoc_catalogue:DISMISSAL_NOTICE_PAY,,JP-WG-02-1; JP-WG-03-1,
JP-LS02,JP,notice,"Notice and exit settlement: Arts. 19–23 distinguish dismissal restrictions, 30 days' notice or average-wage substitute, shortened notice after paid days, and worker categories whose exemption ends after specified continued service. Requested certificates and payment/return of earned wages and property within seven days of a qualifying request after death or exit are separate; disputed sums do not defer the undisputed portion.",Labour Standards Act Arts. 19–23 (https://laws.e-gov.go.jp/law/322AC0000000049),https://laws.e-gov.go.jp/law/322AC0000000049,2026-09-30,2025-12-01,,PARTIAL,"§20 notice pay proven: JP-WG-03-1 (10 days’ notice → 20 days of 平均賃金, passed 2026-10-01). Configured, unprobed: the §23 seven-day warning on exit_facts.final_wages_requested. Missing: §19 dismissal restrictions and §21 category exemptions (input), §22 certificate (records).",adhoc_catalogue:DISMISSAL_NOTICE_PAY; payroll.final_pay_deadlines; exit_facts.final_wages_requested,,JP-WG-03-1,
JP-LS03,JP,wages,"Ordinary wage payment and lawful deductions: Art. 24 requires full direct payment in money at least once each month on a fixed date, with statutory/collective exceptions and a majority-worker written agreement for other deductions; irregular wages and bonuses have the stated timing exception.",Labour Standards Act Art. 24 (https://laws.e-gov.go.jp/law/322AC0000000049),https://laws.e-gov.go.jp/law/322AC0000000049,2026-09-29,2025-12-01,,GAP,"JP lineage not yet seeded. Source exceptions and required inputs remain open; no JP sealed rule or production probe. Closure case: Select the actual legal deduction basis and agreement, due date and payment method; refuse an unsupported recovery. Verify paid status, not only a computed payslip. (Register status 2026-09-29: No [IN-SYSTEM 2026-09-29].)",work_rules.jp.lsa_03,,,
JP-LS04,JP,wages,"Emergency, shutdown and piecework wages: Arts. 25–28 require early payment of already-earned wages on a qualifying emergency request, at least 60% of Art. 12 average wage for employer-caused closure, and a work-time-based wage guarantee for piece/task work. Art. 28 refers minimum-wage amounts to the Minimum Wage Act.",Labour Standards Act Arts. 25–28 (https://laws.e-gov.go.jp/law/322AC0000000049),https://laws.e-gov.go.jp/law/322AC0000000049,2026-09-29,2025-12-01,,PARTIAL,"Art. 26 configured 2026-09-30 (lineage step leave-allowances) in all 34 JP versions as SHUTDOWN_ALLOWANCE (JP-WG-02): 60% of the 平均賃金 per shutdown day, less wages paid for hours worked on those days. Not configured: the art. 25 emergency early payment of earned wages (a pay-date duty outside the calculation), the art. 27 piecework guarantee (no piece-rate input) and the employer-responsibility finding (HR raises the request). Probe JP-WG-02-1 registered, not yet run.",adhoc_catalogue:SHUTDOWN_ALLOWANCE; work_rules.jp.lsa_04,,JP-WG-02-1,
JP-LS05,JP,hours,"Hours, rest and agreement limits: Arts. 32–36, 40 set normal weekly/daily hours, variable-hour/flexible schedules, rest and weekly/four-week holiday rules, and filed agreements for overtime or holiday work. Art. 36 includes ordinary monthly/yearly limits and conditional special limits with rolling averages; Arts. 33 and 40 have emergency/sector routes.","Labour Standards Act Arts. 32–36, 40 (https://laws.e-gov.go.jp/law/322AC0000000049)",https://laws.e-gov.go.jp/law/322AC0000000049,2026-09-30,2025-12-01,,PARTIAL,"Proven: daily normal hours and the statutory weekly rest day (JP-OT-02-1, JP-OT-03-1, passed 2026-10-01). Configured, unproven: the 36-agreement limits as reported ceilings and the JP_36_AGREEMENT obligation. Missing (engine): weekly 40 count, variable/flex schedules, four-week holiday system, rolling 2–6-month averages, emergency/sector routes (§33, §40).",work_rules.normal_hours; work_rules.limits; obligations:JP_36_AGREEMENT,,JP-OT-02-1; JP-OT-03-1,
JP-LS06,JP,overtime,"Premium pay and deemed hours: Arts. 37–38-4 price overtime, statutory-holiday and ordinarily 22:00–05:00 night work from an eligible wage base, with an above-60-hours monthly tier and a conditional paid-leave substitution. The later articles govern aggregation and specified deemed-hour arrangements.",Labour Standards Act Arts. 37–38-4 (https://laws.e-gov.go.jp/law/322AC0000000049),https://laws.e-gov.go.jp/law/322AC0000000049,2026-09-30,2025-12-01,,PARTIAL,"Proven: 25% overtime, 35% statutory holiday, additive 25% night, monthly-wage base (JP-OT-02-1, JP-OT-03-1, passed 2026-10-01). Missing: >60 h 50% tier and 代替休暇 (engine), excluded allowances (seed), deemed-hours arrangements §38-2–§38-4 (input).",work_rules.bands; work_rules.night_premium,,JP-OT-02-1; JP-OT-03-1,
JP-LS07,JP,leave,"Paid annual leave: Art. 39 requires six months' service and 80% attendance for initial leave, service-based increments, a short-week/annual-days table, a conditional five-day hourly allotment, worker-requested timing and employer-set five-day usage where entitlement reaches ten days. Leave pay follows the workplace's lawful average/ordinary/insured-grade method; specified absence counts as attendance.",Labour Standards Act Art. 39 (https://laws.e-gov.go.jp/law/322AC0000000049),https://laws.e-gov.go.jp/law/322AC0000000049,2026-09-30,2025-12-01,,PARTIAL,"Configured 2026-09-30 as ANNUAL_LEAVE (JP-AL-01–05). Not configured: 80% attendance and deemed attendance, hourly allotment, planned-leave agreement, 平均賃金/標準報酬 pay methods; grants given six months early (recorded default). Probe JP-AL-04-1 registered, not yet run.",leave_catalogue:ANNUAL_LEAVE; obligations:JP_ANNUAL_LEAVE_FIVE_DAYS,,JP-AL-04-1,
JP-LS08,JP,hours,"Hour and premium exclusions: Arts. 40–41-2 condition exceptions for certain sectors, managers/confidential staff, authorised intermittent work and consenting high-level professionals. The exemption's actual terms and approvals matter; a job title alone does not switch off wage law.",Labour Standards Act Arts. 40–41-2 (https://laws.e-gov.go.jp/law/322AC0000000049),https://laws.e-gov.go.jp/law/322AC0000000049,2026-09-30,2025-12-01,,GAP,"JP lineage seeded 2026-09-30; only config_path is sealed for this row. Source exceptions and required inputs remain open; no JP sealed rule or production probe. Closure case: Capture category, agency permission or committee decision, written consent and conditions; verify which hours, rest, holiday or night-premium rules remain. (Register status 2026-09-29: No [IN-SYSTEM 2026-09-29].)",work_rules.overtime_when; payroll.vocabularies.work_classification,,,
JP-LS09,JP,leave,"Protected leave and work limits: Arts. 65–68 cover prenatal request, postnatal work ban/limited return, requested pregnancy restrictions, nursing time and requested menstrual leave. These provisions do not themselves establish that every such hour is paid.",Labour Standards Act Arts. 65–68 (https://laws.e-gov.go.jp/law/322AC0000000049),https://laws.e-gov.go.jp/law/322AC0000000049,2026-09-30,2025-12-01,,PARTIAL,"Configured 2026-09-30: MATERNITY_LEAVE per event, 98 calendar days (154 multiple), paid_by FUND. Not configured: the later-than-expected birth extending the prenatal part (fixed count), lighter-duty transfer, nursing time (§67), menstrual leave (§68). Probe JP-LS09-1 registered, not yet run.",leave_catalogue:MATERNITY_LEAVE,,JP-LS09-1,
JP-LS10,JP,wages,"Workplace injury compensation: Arts. 75–83 cover medical expense, 60%-of-average-wage absence compensation and later adjustments, disability/death and other remedies. Insurer payments/coverage require separate reconciliation before offsetting the employer's duty.",Labour Standards Act Arts. 75–83 (https://laws.e-gov.go.jp/law/322AC0000000049),https://laws.e-gov.go.jp/law/322AC0000000049,2026-09-29,2025-12-01,,GAP,"JP lineage not yet seeded. Source exceptions and required inputs remain open; no JP sealed rule or production probe. Closure case: Capture injury classification, certified absence, average-wage history, assessment and insurer determination; distinguish employer payable from insurer benefit. (Register status 2026-09-29: No [IN-SYSTEM 2026-09-29].)",work_rules.jp.lsa_10,,,
JP-LS11,JP,records,"Work rules and records: Arts. 89–92, 106–109, 143 require a filed work-rules instrument for establishments with at least ten regular workers, including wage, hours, leave and termination terms; communication, worker register, wage ledger entries at each payment and record retention. Art. 143 presently substitutes three years for Art. 109's printed five-year period.","Labour Standards Act Arts. 89–92, 106–109, 143 (https://laws.e-gov.go.jp/law/322AC0000000049)",https://laws.e-gov.go.jp/law/322AC0000000049,2026-09-29,2025-12-01,,GAP,"JP lineage not yet seeded. Source exceptions and required inputs remain open; no JP sealed rule or production probe. Closure case: Capture establishment headcount, filed/effective work-rules version, communication evidence, payment-by-payment ledger fields and retention start. Reconcile the Enforcement Ordinance and the Art. 143 transition before an export or deletion policy is certified. (Register status 2026-09-29: No [IN-SYSTEM 2026-09-29].)",work_rules.jp.lsa_11,,,
JP-LS12,JP,other,"Statutory scope exclusions and remedies: Arts. 114–116, 143 cover court-ordered additional payment, claim limitation and exclusions including seafarers, family-only businesses and domestic servants. Art. 143 also modifies the stated limitation periods during its transition.","Labour Standards Act Arts. 114–116, 143 (https://laws.e-gov.go.jp/law/322AC0000000049)",https://laws.e-gov.go.jp/law/322AC0000000049,2026-09-29,2025-12-01,,GAP,JP lineage not yet seeded. Source exceptions and required inputs remain open; no JP sealed rule or production probe. Closure case: Classify the actual worker/employer and preserve claim/notice/order evidence; do not treat a court remedy as routine payroll or a job label as an exclusion. (Register status 2026-09-29: No [IN-SYSTEM 2026-09-29].),work_rules.jp.lsa_12,,,
JP-MW01,JP,minimum_wage,Worker scope and rate unit: Arts. 2–4 define the covered worker and ordinarily an hourly minimum. The 2007 amendment's transitional Art. 5(2) can preserve a pre-2008 specific determination in another unit until its first effective amendment/abolition. A below-floor contract term is ineffective and replaced by the minimum. Family-only businesses and domestic servants are outside the Act's worker definition.,Minimum Wage Act Arts. 2–4 (https://laws.e-gov.go.jp/law/334AC0000000137),https://laws.e-gov.go.jp/law/334AC0000000137,2026-09-30,2025-12-01,,PARTIAL,"Hourly unit and §4(2) substitution proven (JP-MW-01-2 1,280 × 172 = 220,160; JP-REGION cases), passed 2026-10-01. Missing: a terms classification for family-only businesses and domestic servants (input), legacy daily determinations (JP-SF-T04, seed), piece-rate workers (input: hours actually worked).",work_rules.wages.substitutes_below; work_rules.wages.applies_when,,JP-MW-01-2; JP-RF-R8-1,
JP-MW02,JP,minimum_wage,"Eligible wage basis: Arts. 4(3)–(4), 5 exclude specified nonmonthly and nonordinary pay and require proper valuation of in-kind pay or employer-supplied items; an authorised nonwork period is not automatically an hourly floor shortfall. MHLW's wage guide lists bonuses, overtime/holiday/night premiums and commuting/family/attendance allowances outside the comparison.","Minimum Wage Act Arts. 4(3)–(4), 5 (https://laws.e-gov.go.jp/law/334AC0000000137)",https://laws.e-gov.go.jp/law/334AC0000000137,2026-09-29,2025-12-01,,GAP,"JP lineage not yet seeded. Source exceptions and required inputs remain open; no JP sealed rule or production probe. Closure case: Classify each pay line, normal hours and permitted unpaid hours; do not let a bonus or overtime cure deficient base pay. Verify any in-kind valuation under the delegated rule. (Register status 2026-09-29: No [IN-SYSTEM 2026-09-29].)",work_rules.wages.jp_mwa_02,,,
JP-MW03,JP,minimum_wage,"Multiple floors and location: Arts. 6, 9–19 require the highest applicable regional/specific floor; Art. 13 takes a dispatched worker's regional floor from the client workplace, and Art. 18 applies the client's relevant specific floor. The promulgated rate's effective date governs; a proposed rate is not law.","Minimum Wage Act Arts. 6, 9–19 (https://laws.e-gov.go.jp/law/334AC0000000137)",https://laws.e-gov.go.jp/law/334AC0000000137,2026-09-29,2025-12-01,,PARTIAL,"Configured 2026-10-01 (Phase 2): the higher of the worksite prefecture’s regional and specific floor binds, by worksite (JP-SFMW-SCOPE: a 青森県 worksite recorded under a 北海道 determination takes 青森県’s regional floor only) and by the date in force (JP-SFMW-R8); probes written, not yet run. Not configured: a dispatched worker’s client-workplace floors (§13, §18 — the terms name the dispatching agency’s worksite) and the work-date split inside one pay period (JP-MW-01).",work_rules.derived_lines.SPECIFIC_MINIMUM_WAGE; worksite_facts.specific_mw_industry; work_rules.wages.workplace_keyed,,JP-SFMW-SCOPE; JP-SFMW-R8; JP-RF-R8-1,
JP-MW04,JP,minimum_wage,"Individual reduction permission: Art. 7 permits a reduced floor for listed worker categories only after prefectural labour-bureau permission and a determined reduction; probation, disability, training or light work alone is insufficient.",Minimum Wage Act Art. 7 (https://laws.e-gov.go.jp/law/334AC0000000137),https://laws.e-gov.go.jp/law/334AC0000000137,2026-09-29,2025-12-01,,GAP,"JP lineage not yet seeded. Source exceptions and required inputs remain open; no JP sealed rule or production probe. Closure case: Preserve individual permit, covered floor, approved percentage, effective period and category. Probe the same probationer with and without a valid permit. (Register status 2026-09-29: No [IN-SYSTEM 2026-09-29].)",work_rules.wages.jp_mwa_04,,,
JP-MW05,JP,records,"Notice and enforcement evidence: Art. 8 requires employers to make the applicable floor known at the workplace. Arts. 27–42 include official inspection, reporting and penalty provisions; Arts. 10–12 and 15–26 contain actor-specific determination and council procedures, while the resulting rates still govern payroll.",Minimum Wage Act Art. 8 (https://laws.e-gov.go.jp/law/334AC0000000137),https://laws.e-gov.go.jp/law/334AC0000000137,2026-09-29,2025-12-01,,EXTERNAL,"JP lineage not yet seeded. Source exceptions and required inputs remain open; no JP sealed rule or production probe. Closure case: Keep current workplace notice, source determination and inspection/response evidence; separate a wage shortfall payable to the worker from an employer penalty. Reconcile each administrative article before marking it out of payroll scope. (Register status 2026-09-29: No [IN-SYSTEM 2026-09-29].)",work_rules.wages.jp_mwa_05,,,
JP-MWA-01,JP,minimum_wage,"Art. 1: statutory purpose; interpretive scope, no direct payroll amount.",Minimum Wage Act Art. 1 (https://laws.e-gov.go.jp/law/334AC0000000137),https://laws.e-gov.go.jp/law/334AC0000000137,2026-09-29,2025-12-01,,NOT-APPLICABLE,"Directs the government, council or inspector; no employer payroll or HR duty arises from this article. The resulting dated determinations are the JP-RF and JP-SF rows. Open check: confirm amendment history. (Register status 2026-09-29: No [IN-SYSTEM 2026-09-29].)",,,,
JP-MWA-02,JP,minimum_wage,"Art. 2: worker, employer and wage definitions; classify family-only work and domestic service before floor selection.",Minimum Wage Act Art. 2 (https://laws.e-gov.go.jp/law/334AC0000000137),https://laws.e-gov.go.jp/law/334AC0000000137,2026-09-29,2025-12-01,,GAP,JP lineage not yet seeded. Provision and delegated-rule disposition remains open; no certified JP mechanism or probe. Open: linked Labour Standards Act definitions. (Register status 2026-09-29: No [IN-SYSTEM 2026-09-29].),work_rules.wages.jp_mwa.art_2,,,
JP-MWA-03,JP,minimum_wage,"Art. 3: new determinations use an hourly floor; Art. 35 modifies the unit for seafarers, and the 2007 amendment's supplemental Art. 5(2) preserves certain older nonhourly specific determinations until their first effective amendment/abolition.",Minimum Wage Act Art. 3 (https://laws.e-gov.go.jp/law/334AC0000000137),https://laws.e-gov.go.jp/law/334AC0000000137,2026-09-29,2025-12-01,,GAP,JP lineage not yet seeded. Provision and delegated-rule disposition remains open; no certified JP mechanism or probe. Open: unit conversion and transitional scope. (Register status 2026-09-29: No [IN-SYSTEM 2026-09-29].),work_rules.wages.jp_mwa.art_3,,,
JP-MWA-04,JP,minimum_wage,"Art. 4(1)–(4): pay at least the floor, substitute an invalid lower contract term, exclude specified wage classes, and treat permitted nonwork separately.",Minimum Wage Act Art. 4(1)–(4) (https://laws.e-gov.go.jp/law/334AC0000000137),https://laws.e-gov.go.jp/law/334AC0000000137,2026-09-29,2025-12-01,,PARTIAL,"§4(1)–(2) proven: a contract wage below the floor is replaced by it (JP-MW-01-2, JP-REGION cases, passed 2026-10-01). Missing: the §4(3) excluded wage classes (JP-MWR-01: the comparison takes basic plus every fixed allowance, floor_includes_fixed_allowances) and §4(4) permitted non-work time.",work_rules.wages.substitutes_below; work_rules.wages.floor_includes_fixed_allowances,,JP-MW-01-2,
JP-MWA-05,JP,minimum_wage,Art. 5: value in-kind wages and employer-supplied items properly.,Minimum Wage Act Art. 5 (https://laws.e-gov.go.jp/law/334AC0000000137),https://laws.e-gov.go.jp/law/334AC0000000137,2026-09-29,2025-12-01,,GAP,JP lineage not yet seeded. Provision and delegated-rule disposition remains open; no certified JP mechanism or probe. Open: valuation rule and evidence. (Register status 2026-09-29: No [IN-SYSTEM 2026-09-29].),work_rules.wages.jp_mwa.art_5,,,
JP-MWA-06,JP,minimum_wage,Art. 6(1)–(2): select the highest concurrent floor while retaining the regional floor's separate Art. 4/40 enforcement.,Minimum Wage Act Art. 6(1)–(2) (https://laws.e-gov.go.jp/law/334AC0000000137),https://laws.e-gov.go.jp/law/334AC0000000137,2026-09-29,2025-12-01,,VERIFIED,"JP-SFMW-R8 (passed 2026-10-01): after 北海道’s 令和8年度 regional 1,131, SF001 (1,113) yields to the regional floor while SF002 (1,165) still binds by a 5,780 top-up; the SFMW cases pin the higher floor binding either way. The separate penal enforcement (§4, §40) is outside payroll.",work_rules.derived_lines.SPECIFIC_MINIMUM_WAGE; work_rules.wages.by_region; work_rules.wages.substitutes_below,,JP-SFMW-R8; JP-SFMW-01; JP-SFMW-SCOPE,2026-10-01
JP-MWA-07,JP,minimum_wage,Art. 7 items 1–4: reduce only on the individual's prefectural labour-bureau permit and the prescribed rate.,Minimum Wage Act Art. 7 items 1–4 (https://laws.e-gov.go.jp/law/334AC0000000137),https://laws.e-gov.go.jp/law/334AC0000000137,2026-09-29,2025-12-01,,GAP,"JP lineage not yet seeded. Provision and delegated-rule disposition remains open; no certified JP mechanism or probe. Open: each category, calculation and permit dates. (Register status 2026-09-29: No [IN-SYSTEM 2026-09-29].)",work_rules.wages.jp_mwa.art_7,,,
JP-MWA-08,JP,records,Art. 8: make the applicable floor known to workers in the prescribed way.,Minimum Wage Act Art. 8 (https://laws.e-gov.go.jp/law/334AC0000000137),https://laws.e-gov.go.jp/law/334AC0000000137,2026-09-29,2025-12-01,,EXTERNAL,"JP lineage not yet seeded. Employer duty outside the calculator (notice, report, inspection response or non-retaliation). Open: workplace notice evidence. (Register status 2026-09-29: No [IN-SYSTEM 2026-09-29].)",obligations:JP_MWA_ART_8,,,
JP-MWA-09,JP,minimum_wage,Art. 9: authority must set regional floors nationwide using stated criteria.,Minimum Wage Act Art. 9 (https://laws.e-gov.go.jp/law/334AC0000000137),https://laws.e-gov.go.jp/law/334AC0000000137,2026-09-29,2025-12-01,,GAP,JP lineage not yet seeded. Provision and delegated-rule disposition remains open; no certified JP mechanism or probe. Open: reconcile each resulting dated prefectural instrument. (Register status 2026-09-29: No [IN-SYSTEM 2026-09-29].),work_rules.wages.jp_mwa.art_9,,,
JP-MWA-10,JP,minimum_wage,Art. 10: authority/council route for regional determination and reconsideration.,Minimum Wage Act Art. 10 (https://laws.e-gov.go.jp/law/334AC0000000137),https://laws.e-gov.go.jp/law/334AC0000000137,2026-09-29,2025-12-01,,NOT-APPLICABLE,"Directs the government, council or inspector; no employer payroll or HR duty arises from this article. The resulting dated determinations are the JP-RF and JP-SF rows. Open check: decision-versus-recommendation source control. (Register status 2026-09-29: No [IN-SYSTEM 2026-09-29].)",,,,
JP-MWA-11,JP,minimum_wage,Art. 11: publish council opinion and allow worker/employer objections before decision.,Minimum Wage Act Art. 11 (https://laws.e-gov.go.jp/law/334AC0000000137),https://laws.e-gov.go.jp/law/334AC0000000137,2026-09-29,2025-12-01,,GAP,JP lineage not yet seeded. Provision and delegated-rule disposition remains open; no certified JP mechanism or probe. Open: do not load a mere opinion as effective law. (Register status 2026-09-29: No [IN-SYSTEM 2026-09-29].),work_rules.wages.jp_mwa.art_11,,,
JP-MWA-12,JP,minimum_wage,Art. 12: authority may amend or abolish a regional determination.,Minimum Wage Act Art. 12 (https://laws.e-gov.go.jp/law/334AC0000000137),https://laws.e-gov.go.jp/law/334AC0000000137,2026-09-29,2025-12-01,,GAP,JP lineage not yet seeded. Provision and delegated-rule disposition remains open; no certified JP mechanism or probe. Open: supersession and gaps in effective periods. (Register status 2026-09-29: No [IN-SYSTEM 2026-09-29].),work_rules.wages.jp_mwa.art_12,,,
JP-MWA-13,JP,minimum_wage,Art. 13: dispatched worker's regional floor follows the client workplace.,Minimum Wage Act Art. 13 (https://laws.e-gov.go.jp/law/334AC0000000137),https://laws.e-gov.go.jp/law/334AC0000000137,2026-09-29,2025-12-01,,GAP,JP lineage not yet seeded. Provision and delegated-rule disposition remains open; no certified JP mechanism or probe. Open: client-location input and case. (Register status 2026-09-29: No [IN-SYSTEM 2026-09-29].),work_rules.wages.jp_mwa.art_13,,,
JP-MWA-14,JP,minimum_wage,Art. 14: publish regional decision; new or revised floor normally commences 30 days after publication unless a later date is set.,Minimum Wage Act Art. 14 (https://laws.e-gov.go.jp/law/334AC0000000137),https://laws.e-gov.go.jp/law/334AC0000000137,2026-09-29,2025-12-01,,GAP,JP lineage not yet seeded. Provision and delegated-rule disposition remains open; no certified JP mechanism or probe. Open: promulgation/effective-date ledger. (Register status 2026-09-29: No [IN-SYSTEM 2026-09-29].),work_rules.wages.jp_mwa.art_14,,,
JP-MWA-15,JP,minimum_wage,Art. 15: industry/occupation floor request and decision; paragraph 4 can defer coverage for a specified business for a limited time or set a different amount after objection.,Minimum Wage Act Art. 15 (https://laws.e-gov.go.jp/law/334AC0000000137),https://laws.e-gov.go.jp/law/334AC0000000137,2026-09-29,2025-12-01,,GAP,"JP lineage not yet seeded. Provision and delegated-rule disposition remains open; no certified JP mechanism or probe. Open: actual determination, exception scope and expiry. (Register status 2026-09-29: No [IN-SYSTEM 2026-09-29].)",work_rules.wages.jp_mwa.art_15,,,
JP-MWA-16,JP,minimum_wage,Art. 16: a newly decided or revised specific floor must exceed the regional floor.,Minimum Wage Act Art. 16 (https://laws.e-gov.go.jp/law/334AC0000000137),https://laws.e-gov.go.jp/law/334AC0000000137,2026-09-29,2025-12-01,,GAP,JP lineage not yet seeded. Provision and delegated-rule disposition remains open; no certified JP mechanism or probe. Open: instrument validity and concurrency. (Register status 2026-09-29: No [IN-SYSTEM 2026-09-29].),work_rules.wages.jp_mwa.art_16,,,
JP-MWA-17,JP,minimum_wage,Art. 17: authority can abolish a seriously unsuitable specific floor.,Minimum Wage Act Art. 17 (https://laws.e-gov.go.jp/law/334AC0000000137),https://laws.e-gov.go.jp/law/334AC0000000137,2026-09-29,2025-12-01,,GAP,JP lineage not yet seeded. Provision and delegated-rule disposition remains open; no certified JP mechanism or probe. Open: dated revocation. (Register status 2026-09-29: No [IN-SYSTEM 2026-09-29].),work_rules.wages.jp_mwa.art_17,,,
JP-MWA-18,JP,minimum_wage,Art. 18: dispatched worker takes the client's applicable industry/occupation floor.,Minimum Wage Act Art. 18 (https://laws.e-gov.go.jp/law/334AC0000000137),https://laws.e-gov.go.jp/law/334AC0000000137,2026-09-29,2025-12-01,,GAP,JP lineage not yet seeded. Provision and delegated-rule disposition remains open; no certified JP mechanism or probe. Open: client-sector/occupation input. (Register status 2026-09-29: No [IN-SYSTEM 2026-09-29].),work_rules.wages.jp_mwa.art_18,,,
JP-MWA-19,JP,minimum_wage,Art. 19: publish specific-floor decision; new or revised floor normally commences 30 days after publication unless later specified.,Minimum Wage Act Art. 19 (https://laws.e-gov.go.jp/law/334AC0000000137),https://laws.e-gov.go.jp/law/334AC0000000137,2026-09-29,2025-12-01,,GAP,JP lineage not yet seeded. Provision and delegated-rule disposition remains open; no certified JP mechanism or probe. Open: dated sector register. (Register status 2026-09-29: No [IN-SYSTEM 2026-09-29].),work_rules.wages.jp_mwa.art_19,,,
JP-MWA-20,JP,minimum_wage,Art. 20: establishes central and prefectural minimum-wage councils.,Minimum Wage Act Art. 20 (https://laws.e-gov.go.jp/law/334AC0000000137),https://laws.e-gov.go.jp/law/334AC0000000137,2026-09-29,2025-12-01,,NOT-APPLICABLE,"Directs the government, council or inspector; no employer payroll or HR duty arises from this article. The resulting dated determinations are the JP-RF and JP-SF rows. Open check: authority/source provenance, no direct payroll amount. (Register status 2026-09-29: No [IN-SYSTEM 2026-09-29].)",,,,
JP-MWA-21,JP,minimum_wage,Art. 21: council powers and prefectural advice.,Minimum Wage Act Art. 21 (https://laws.e-gov.go.jp/law/334AC0000000137),https://laws.e-gov.go.jp/law/334AC0000000137,2026-09-29,2025-12-01,,NOT-APPLICABLE,"Directs the government, council or inspector; no employer payroll or HR duty arises from this article. The resulting dated determinations are the JP-RF and JP-SF rows. Open check: distinguish advice from a binding rate. (Register status 2026-09-29: No [IN-SYSTEM 2026-09-29].)",,,,
JP-MWA-22,JP,minimum_wage,Art. 22: council composition is delegated to Cabinet order.,Minimum Wage Act Art. 22 (https://laws.e-gov.go.jp/law/334AC0000000137),https://laws.e-gov.go.jp/law/334AC0000000137,2026-09-29,2025-12-01,,NOT-APPLICABLE,"Directs the government, council or inspector; no employer payroll or HR duty arises from this article. The resulting dated determinations are the JP-RF and JP-SF rows. Open check: authority procedure, not an employer payment. (Register status 2026-09-29: No [IN-SYSTEM 2026-09-29].)",,,,
JP-MWA-23,JP,minimum_wage,Art. 23: council appointment and term.,Minimum Wage Act Art. 23 (https://laws.e-gov.go.jp/law/334AC0000000137),https://laws.e-gov.go.jp/law/334AC0000000137,2026-09-29,2025-12-01,,NOT-APPLICABLE,"Directs the government, council or inspector; no employer payroll or HR duty arises from this article. The resulting dated determinations are the JP-RF and JP-SF rows. Open check: authority procedure, not an employer payment. (Register status 2026-09-29: No [IN-SYSTEM 2026-09-29].)",,,,
JP-MWA-24,JP,minimum_wage,Art. 24: council chair and deputy.,Minimum Wage Act Art. 24 (https://laws.e-gov.go.jp/law/334AC0000000137),https://laws.e-gov.go.jp/law/334AC0000000137,2026-09-29,2025-12-01,,NOT-APPLICABLE,"Directs the government, council or inspector; no employer payroll or HR duty arises from this article. The resulting dated determinations are the JP-RF and JP-SF rows. Open check: authority procedure, not an employer payment. (Register status 2026-09-29: No [IN-SYSTEM 2026-09-29].)",,,,
JP-MWA-25,JP,minimum_wage,Art. 25: expert panel and hearing of affected workers/employers.,Minimum Wage Act Art. 25 (https://laws.e-gov.go.jp/law/334AC0000000137),https://laws.e-gov.go.jp/law/334AC0000000137,2026-09-29,2025-12-01,,NOT-APPLICABLE,"Directs the government, council or inspector; no employer payroll or HR duty arises from this article. The resulting dated determinations are the JP-RF and JP-SF rows. Open check: procedural cross-reference; no rate before final decision. (Register status 2026-09-29: No [IN-SYSTEM 2026-09-29].)",,,,
JP-MWA-26,JP,minimum_wage,Art. 26: Cabinet order governs remaining council details.,Minimum Wage Act Art. 26 (https://laws.e-gov.go.jp/law/334AC0000000137),https://laws.e-gov.go.jp/law/334AC0000000137,2026-09-29,2025-12-01,,NOT-APPLICABLE,"Directs the government, council or inspector; no employer payroll or HR duty arises from this article. The resulting dated determinations are the JP-RF and JP-SF rows. Open check: delegated-rule reconciliation. (Register status 2026-09-29: No [IN-SYSTEM 2026-09-29].)",,,,
JP-MWA-27,JP,minimum_wage,Art. 27: government assistance to workers and employers.,Minimum Wage Act Art. 27 (https://laws.e-gov.go.jp/law/334AC0000000137),https://laws.e-gov.go.jp/law/334AC0000000137,2026-09-29,2025-12-01,,NOT-APPLICABLE,"Directs the government, council or inspector; no employer payroll or HR duty arises from this article. The resulting dated determinations are the JP-RF and JP-SF rows. Open check: government-facing provision; no direct payroll amount. (Register status 2026-09-29: No [IN-SYSTEM 2026-09-29].)",,,,
JP-MWA-28,JP,minimum_wage,Art. 28: ministerial wage investigation.,Minimum Wage Act Art. 28 (https://laws.e-gov.go.jp/law/334AC0000000137),https://laws.e-gov.go.jp/law/334AC0000000137,2026-09-29,2025-12-01,,NOT-APPLICABLE,"Directs the government, council or inspector; no employer payroll or HR duty arises from this article. The resulting dated determinations are the JP-RF and JP-SF rows. Open check: government-facing provision; no direct payroll amount. (Register status 2026-09-29: No [IN-SYSTEM 2026-09-29].)",,,,
JP-MWA-29,JP,records,Art. 29: authority may require a wage report from an employer or worker.,Minimum Wage Act Art. 29 (https://laws.e-gov.go.jp/law/334AC0000000137),https://laws.e-gov.go.jp/law/334AC0000000137,2026-09-29,2025-12-01,,EXTERNAL,"JP lineage not yet seeded. Employer duty outside the calculator (notice, report, inspection response or non-retaliation). Open: demand-triggered response and evidence. (Register status 2026-09-29: No [IN-SYSTEM 2026-09-29].)",obligations:JP_MWA_ART_29,,,
JP-MWA-30,JP,minimum_wage,Art. 30: allocates decision powers between minister and prefectural bureau.,Minimum Wage Act Art. 30 (https://laws.e-gov.go.jp/law/334AC0000000137),https://laws.e-gov.go.jp/law/334AC0000000137,2026-09-29,2025-12-01,,NOT-APPLICABLE,"Directs the government, council or inspector; no employer payroll or HR duty arises from this article. The resulting dated determinations are the JP-RF and JP-SF rows. Open check: source authority for multi-prefecture/specified determinations. (Register status 2026-09-29: No [IN-SYSTEM 2026-09-29].)",,,,
JP-MWA-31,JP,minimum_wage,Art. 31: assigns implementation work to labour standards offices/inspectors.,Minimum Wage Act Art. 31 (https://laws.e-gov.go.jp/law/334AC0000000137),https://laws.e-gov.go.jp/law/334AC0000000137,2026-09-29,2025-12-01,,NOT-APPLICABLE,"Directs the government, council or inspector; no employer payroll or HR duty arises from this article. The resulting dated determinations are the JP-RF and JP-SF rows. Open check: authority classification. (Register status 2026-09-29: No [IN-SYSTEM 2026-09-29].)",,,,
JP-MWA-32,JP,records,"Art. 32: inspector may enter, inspect records and question relevant persons within statutory limits.",Minimum Wage Act Art. 32 (https://laws.e-gov.go.jp/law/334AC0000000137),https://laws.e-gov.go.jp/law/334AC0000000137,2026-09-29,2025-12-01,,EXTERNAL,"JP lineage not yet seeded. Employer duty outside the calculator (notice, report, inspection response or non-retaliation). Open: inspection-response and record evidence. (Register status 2026-09-29: No [IN-SYSTEM 2026-09-29].)",obligations:JP_MWA_ART_32,,,
JP-MWA-33,JP,minimum_wage,Art. 33: inspector's judicial-police role for offences.,Minimum Wage Act Art. 33 (https://laws.e-gov.go.jp/law/334AC0000000137),https://laws.e-gov.go.jp/law/334AC0000000137,2026-09-29,2025-12-01,,NOT-APPLICABLE,"Directs the government, council or inspector; no employer payroll or HR duty arises from this article. The resulting dated determinations are the JP-RF and JP-SF rows. Open check: enforcement classification, no routine payroll amount. (Register status 2026-09-29: No [IN-SYSTEM 2026-09-29].)",,,,
JP-MWA-34,JP,records,Art. 34(1)–(2): worker may report a violation and seek correction; employer may not dismiss or disadvantage the worker for doing so.,Minimum Wage Act Art. 34(1)–(2) (https://laws.e-gov.go.jp/law/334AC0000000137),https://laws.e-gov.go.jp/law/334AC0000000137,2026-09-29,2025-12-01,,EXTERNAL,"JP lineage not yet seeded. Employer duty outside the calculator (notice, report, inspection response or non-retaliation). Open: report/retaliation evidence path separate from wage calculation. (Register status 2026-09-29: No [IN-SYSTEM 2026-09-29].)",obligations:JP_MWA_ART_34,,,
JP-MWA-35,JP,minimum_wage,"Art. 35: seafarers have a distinct minimum-wage regime, including possible hourly/daily/weekly/monthly units and sector/dispatch selection.",Minimum Wage Act Art. 35 (https://laws.e-gov.go.jp/law/334AC0000000137),https://laws.e-gov.go.jp/law/334AC0000000137,2026-09-29,2025-12-01,,GAP,"JP lineage not yet seeded. Provision and delegated-rule disposition remains open; no certified JP mechanism or probe. Open: worker classification, transport-ministry instruments and all eight paragraphs; a blanket seafarer exclusion would be wrong. (Register status 2026-09-29: No [IN-SYSTEM 2026-09-29].)",work_rules.wages.jp_mwa.art_35,,,
JP-MWA-36,JP,minimum_wage,Art. 36: transport-policy council assumes minimum-wage council role for seafarers.,Minimum Wage Act Art. 36 (https://laws.e-gov.go.jp/law/334AC0000000137),https://laws.e-gov.go.jp/law/334AC0000000137,2026-09-29,2025-12-01,,NOT-APPLICABLE,"Directs the government, council or inspector; no employer payroll or HR duty arises from this article. The resulting dated determinations are the JP-RF and JP-SF rows. Open check: special authority source. (Register status 2026-09-29: No [IN-SYSTEM 2026-09-29].)",,,,
JP-MWA-37,JP,minimum_wage,Art. 37: seafarer minimum-wage expert-panel procedure.,Minimum Wage Act Art. 37 (https://laws.e-gov.go.jp/law/334AC0000000137),https://laws.e-gov.go.jp/law/334AC0000000137,2026-09-29,2025-12-01,,NOT-APPLICABLE,"Directs the government, council or inspector; no employer payroll or HR duty arises from this article. The resulting dated determinations are the JP-RF and JP-SF rows. Open check: special authority source. (Register status 2026-09-29: No [IN-SYSTEM 2026-09-29].)",,,,
JP-MWA-38,JP,minimum_wage,Art. 38: delegates implementation details to ministerial ordinance.,Minimum Wage Act Art. 38 (https://laws.e-gov.go.jp/law/334AC0000000137),https://laws.e-gov.go.jp/law/334AC0000000137,2026-09-29,2025-12-01,,NOT-APPLICABLE,Delegation only; the operative content is the Enforcement Regulation rows JP-MWR-01–18. Open check: read the ordinance and every payroll-relevant cross-reference. (Register status 2026-09-29: No [IN-SYSTEM 2026-09-29].),,,,
JP-MWA-39,JP,other,Art. 39: criminal penalty for Art. 34(2) retaliation.,Minimum Wage Act Art. 39 (https://laws.e-gov.go.jp/law/334AC0000000137),https://laws.e-gov.go.jp/law/334AC0000000137,2026-09-29,2025-12-01,,NOT-APPLICABLE,"Criminal penalty; no payroll or HR computation. Compliance is carried by JP-MWA-34. Open check: employer compliance consequence, not a routine wage line. (Register status 2026-09-29: No [IN-SYSTEM 2026-09-29].)",,,,
JP-MWA-40,JP,other,Art. 40: criminal penalty for specified Art. 4(1) floor breaches.,Minimum Wage Act Art. 40 (https://laws.e-gov.go.jp/law/334AC0000000137),https://laws.e-gov.go.jp/law/334AC0000000137,2026-09-29,2025-12-01,,NOT-APPLICABLE,Criminal penalty; no payroll amount. The worker shortfall itself is JP-MWA-04/06. Open check: distinguish worker wage shortfall from state fine. (Register status 2026-09-29: No [IN-SYSTEM 2026-09-29].),,,,
JP-MWA-41,JP,other,"Art. 41: penalties for specified Art. 8 notice, Art. 29 report and Art. 32 inspection breaches.",Minimum Wage Act Art. 41 (https://laws.e-gov.go.jp/law/334AC0000000137),https://laws.e-gov.go.jp/law/334AC0000000137,2026-09-29,2025-12-01,,NOT-APPLICABLE,"Criminal penalty; compliance is carried by JP-MWA-08, -29 and -32. Open check: employer evidence obligations. (Register status 2026-09-29: No [IN-SYSTEM 2026-09-29].)",,,,
JP-MWA-42,JP,other,Art. 42: corporate/person liability alongside individual offender for the preceding three articles.,Minimum Wage Act Art. 42 (https://laws.e-gov.go.jp/law/334AC0000000137),https://laws.e-gov.go.jp/law/334AC0000000137,2026-09-29,2025-12-01,,NOT-APPLICABLE,"Dual-liability penalty clause; no payroll or HR computation. Open check: enforcement classification, no routine payroll amount. (Register status 2026-09-29: No [IN-SYSTEM 2026-09-29].)",,,,
JP-MWR-01,JP,minimum_wage,"Art. 1: exclude temporary pay, pay at intervals over a month, overtime, nonscheduled-day pay and the premium portion of night pay; the night ordinary-rate portion is not excluded on that ground.",Minimum Wage Act Enforcement Regulation Art. 1 (https://www.mhlw.go.jp/web/t_doc?dataId=73054000&dataType=0&pageNo=1),https://laws.e-gov.go.jp/law/334M50002000016,2026-09-29,2025-12-01,,GAP,JP lineage not yet seeded. Provision and delegated-rule disposition remains open; no certified JP mechanism or probe. Open: component taxonomy and Art. 4(3) determinations. (Register status 2026-09-29: No [IN-SYSTEM 2026-09-29].),work_rules.wages.jp_mwr.art_1,,,
JP-MWR-02,JP,minimum_wage,"Art. 2(1) items 1–5: convert daily pay by daily scheduled hours (or weekly average where days differ), weekly pay by weekly hours (or four-week average where weeks differ), monthly pay by monthly hours (or annual average monthly hours where months differ), other periods analogously, and piece/task pay by actual hours in its wage calculation period. Paragraph 2 treats other nonhourly allowances as monthly pay; paragraph 3 substitutes health-management time for certain high-level professionals.",Minimum Wage Act Enforcement Regulation Art. 2(1) items 1–5 (https://www.mhlw.go.jp/web/t_doc?dataId=73054000&dataType=0&pageNo=1),https://laws.e-gov.go.jp/law/334M50002000016,2026-09-30,2025-12-01,,PARTIAL,"Monthly branch proven: monthly wage ÷ (annual scheduled hours ÷ 12) — JP-MW-01-1 (220,000 ÷ 172 = 1,279.07), JP-MW-01-2, JP-REGION cases (150,000 ÷ 170), passed 2026-10-01. Unproven/missing: daily and weekly pay (rate_conversions configured, no minimum-wage probe), days/weeks of differing hours (engine), piece/task pay over hours actually worked (input), ¶2–¶3.",work_rules.wages.scale; terms_facts.annual_scheduled_hours,,JP-MW-01-1; JP-MW-01-2,
JP-MWR-03,JP,minimum_wage,Art. 3: narrows the authorised vocational-training group and adds particularly light/intermittent work to the permit categories.,Minimum Wage Act Enforcement Regulation Art. 3 (https://www.mhlw.go.jp/web/t_doc?dataId=73054000&dataType=0&pageNo=1),https://laws.e-gov.go.jp/law/334M50002000016,2026-09-29,2025-12-01,,GAP,JP lineage not yet seeded. Provision and delegated-rule disposition remains open; no certified JP mechanism or probe. Open: occupational facts and exclusions. (Register status 2026-09-29: No [IN-SYSTEM 2026-09-29].),work_rules.wages.jp_mwr.art_3,,,
JP-MWR-04,JP,records,"Art. 4: employer submits an individual reduction application through the local labour standards office to the prefectural bureau, using the relevant category form; electronic/representative submission has further conditions.",Minimum Wage Act Enforcement Regulation Art. 4 (https://www.mhlw.go.jp/web/t_doc?dataId=73054000&dataType=0&pageNo=1),https://laws.e-gov.go.jp/law/334M50002000016,2026-09-29,2025-12-01,,EXTERNAL,JP lineage not yet seeded. Employer submission or notice outside the calculator. Open: permit evidence and date. (Register status 2026-09-29: No [IN-SYSTEM 2026-09-29].),obligations:JP_MWR_ART_4,,,
JP-MWR-05,JP,minimum_wage,"Art. 5: category-specific maximum reduction rates; probation is capped at 20%, while disability, qualifying training, light work and intermittent work use their distinct prescribed comparisons/formulas.",Minimum Wage Act Enforcement Regulation Art. 5 (https://www.mhlw.go.jp/web/t_doc?dataId=73054000&dataType=0&pageNo=1),https://laws.e-gov.go.jp/law/334M50002000016,2026-09-29,2025-12-01,,GAP,"JP lineage not yet seeded. Provision and delegated-rule disposition remains open; no certified JP mechanism or probe. Open: approved rate must be read from the actual permit, not guessed from category. (Register status 2026-09-29: No [IN-SYSTEM 2026-09-29].)",work_rules.wages.jp_mwr.art_5,,,
JP-MWR-06,JP,records,"Art. 6: the worker notice must state covered worker range, floor, excluded wages specified by the determination, and effective date.",Minimum Wage Act Enforcement Regulation Art. 6 (https://www.mhlw.go.jp/web/t_doc?dataId=73054000&dataType=0&pageNo=1),https://laws.e-gov.go.jp/law/334M50002000016,2026-09-29,2025-12-01,,EXTERNAL,JP lineage not yet seeded. Employer submission or notice outside the calculator. Open: workplace evidence. (Register status 2026-09-29: No [IN-SYSTEM 2026-09-29].),obligations:JP_MWR_ART_6,,,
JP-MWR-07,JP,minimum_wage,Art. 7: publish a council opinion by the applicable Gazette/bureau-website route; this is not final publication of a rate.,Minimum Wage Act Enforcement Regulation Art. 7 (https://www.mhlw.go.jp/web/t_doc?dataId=73054000&dataType=0&pageNo=1),https://laws.e-gov.go.jp/law/334M50002000016,2026-09-29,2025-12-01,,NOT-APPLICABLE,Directs the authority or council; no employer payroll or HR duty. Open check: source-state distinction. (Register status 2026-09-29: No [IN-SYSTEM 2026-09-29].),,,,
JP-MWR-08,JP,records,Art. 8: method for lodging an objection to a council opinion.,Minimum Wage Act Enforcement Regulation Art. 8 (https://www.mhlw.go.jp/web/t_doc?dataId=73054000&dataType=0&pageNo=1),https://laws.e-gov.go.jp/law/334M50002000016,2026-09-29,2025-12-01,,EXTERNAL,"JP lineage not yet seeded. Employer submission or notice outside the calculator. Open: optional employer/worker procedure, not a routine payroll deduction. (Register status 2026-09-29: No [IN-SYSTEM 2026-09-29].)",obligations:JP_MWR_ART_8,,,
JP-MWR-09,JP,minimum_wage,Art. 9: final regional or specific minimum-wage decision is published in the Official Gazette.,Minimum Wage Act Enforcement Regulation Art. 9 (https://www.mhlw.go.jp/web/t_doc?dataId=73054000&dataType=0&pageNo=1),https://laws.e-gov.go.jp/law/334M50002000016,2026-09-29,2025-12-01,,GAP,JP lineage not yet seeded. Provision and delegated-rule disposition remains open; no certified JP mechanism or probe. Open: verify Gazette/determination before sealing each dated rate. (Register status 2026-09-29: No [IN-SYSTEM 2026-09-29].),work_rules.wages.jp_mwr.art_9,,,
JP-MWR-10,JP,records,"Art. 10: specific-floor request details, representative proof and competent authority.",Minimum Wage Act Enforcement Regulation Art. 10 (https://www.mhlw.go.jp/web/t_doc?dataId=73054000&dataType=0&pageNo=1),https://laws.e-gov.go.jp/law/334M50002000016,2026-09-29,2025-12-01,,EXTERNAL,JP lineage not yet seeded. Employer submission or notice outside the calculator. Open: optional rate-making procedure. (Register status 2026-09-29: No [IN-SYSTEM 2026-09-29].),obligations:JP_MWR_ART_10,,,
JP-MWR-11,JP,minimum_wage,Art. 11: public notice and hearing of affected workers/employers for council deliberations.,Minimum Wage Act Enforcement Regulation Art. 11 (https://www.mhlw.go.jp/web/t_doc?dataId=73054000&dataType=0&pageNo=1),https://laws.e-gov.go.jp/law/334M50002000016,2026-09-29,2025-12-01,,NOT-APPLICABLE,Directs the authority or council; no employer payroll or HR duty. Open check: proposed-versus-final status. (Register status 2026-09-29: No [IN-SYSTEM 2026-09-29].),,,,
JP-MWR-12,JP,records,Art. 12: employer or worker must report requested minimum-wage matters to the authority.,Minimum Wage Act Enforcement Regulation Art. 12 (https://www.mhlw.go.jp/web/t_doc?dataId=73054000&dataType=0&pageNo=1),https://laws.e-gov.go.jp/law/334M50002000016,2026-09-29,2025-12-01,,EXTERNAL,JP lineage not yet seeded. Employer submission or notice outside the calculator. Open: demand-triggered response evidence. (Register status 2026-09-29: No [IN-SYSTEM 2026-09-29].),obligations:JP_MWR_ART_12,,,
JP-MWR-13,JP,minimum_wage,Art. 13: transfers nationally significant cases between prefectural bureau and minister.,Minimum Wage Act Enforcement Regulation Art. 13 (https://www.mhlw.go.jp/web/t_doc?dataId=73054000&dataType=0&pageNo=1),https://laws.e-gov.go.jp/law/334M50002000016,2026-09-29,2025-12-01,,NOT-APPLICABLE,Directs the authority or council; no employer payroll or HR duty. Open check: competent authority for determinations. (Register status 2026-09-29: No [IN-SYSTEM 2026-09-29].),,,,
JP-MWR-14,JP,minimum_wage,Art. 14: assigns implementation duties to labour standards officers and inspectors.,Minimum Wage Act Enforcement Regulation Art. 14 (https://www.mhlw.go.jp/web/t_doc?dataId=73054000&dataType=0&pageNo=1),https://laws.e-gov.go.jp/law/334M50002000016,2026-09-29,2025-12-01,,NOT-APPLICABLE,Directs the authority or council; no employer payroll or HR duty. Open check: authority classification. (Register status 2026-09-29: No [IN-SYSTEM 2026-09-29].),,,,
JP-MWR-15,JP,minimum_wage,Art. 15: inspector's identification form.,Minimum Wage Act Enforcement Regulation Art. 15 (https://www.mhlw.go.jp/web/t_doc?dataId=73054000&dataType=0&pageNo=1),https://laws.e-gov.go.jp/law/334M50002000016,2026-09-29,2025-12-01,,NOT-APPLICABLE,Directs the authority or council; no employer payroll or HR duty. Open check: inspection evidence. (Register status 2026-09-29: No [IN-SYSTEM 2026-09-29].),,,,
JP-MWR-16,JP,minimum_wage,Art. 16: authority endeavours to publicise published decisions.,Minimum Wage Act Enforcement Regulation Art. 16 (https://www.mhlw.go.jp/web/t_doc?dataId=73054000&dataType=0&pageNo=1),https://laws.e-gov.go.jp/law/334M50002000016,2026-09-29,2025-12-01,,NOT-APPLICABLE,"Directs the authority or council; no employer payroll or HR duty. Open check: authority duty, not an employer wage line. (Register status 2026-09-29: No [IN-SYSTEM 2026-09-29].)",,,,
JP-MWR-17,JP,records,"Art. 17: two copies for the specified permit, objection and specific-floor request applications.",Minimum Wage Act Enforcement Regulation Art. 17 (https://www.mhlw.go.jp/web/t_doc?dataId=73054000&dataType=0&pageNo=1),https://laws.e-gov.go.jp/law/334M50002000016,2026-09-29,2025-12-01,,EXTERNAL,JP lineage not yet seeded. Employer submission or notice outside the calculator. Open: conditional submission procedure. (Register status 2026-09-29: No [IN-SYSTEM 2026-09-29].),obligations:JP_MWR_ART_17,,,
JP-MWR-18,JP,records,Art. 18: prescribed application forms set minimum content and do not bar other forms.,Minimum Wage Act Enforcement Regulation Art. 18 (https://www.mhlw.go.jp/web/t_doc?dataId=73054000&dataType=0&pageNo=1),https://laws.e-gov.go.jp/law/334M50002000016,2026-09-29,2025-12-01,,EXTERNAL,JP lineage not yet seeded. Employer submission or notice outside the calculator. Open: conditional submission procedure. (Register status 2026-09-29: No [IN-SYSTEM 2026-09-29].),obligations:JP_MWR_ART_18,,,
JP-MWA-T01,JP,minimum_wage,2007 Amendment Act supplemental Art. 5(1)–(2) deems an older industry/occupation determination to be a specific minimum wage and suspends the new hourly-only Art. 3 until that determination's first effective amendment or abolition.,2007 Amendment Act supplemental Art. 5(1)–(2) (https://www.shugiin.go.jp/internet/itdb_housei.nsf/html/housei/16820071205129.htm),https://www.shugiin.go.jp/internet/itdb_housei.nsf/html/housei/16820071205129.htm,2026-09-29,2025-12-01,,PARTIAL,"Configured 2026-10-01 (Phase 2): the three surviving pre-2008 determinations (JP-SF078 石川, JP-SF125 三重, JP-SF149 奈良 to 2026-03-31) are SPECIFIC_MW rows at the hourly amounts they also state; each is below its regional floor, which binds. The nationwide mining determination (JP-SF-T04, daily only) and the old daily-unit comparison are not configured.",reference_rows.code.SF078; reference_rows.code.SF125; reference_rows.code.SF149,,JP-SFMW-08; JP-SFMW-13; JP-SFMW-NARA,
JP-MWR-T01,JP,minimum_wage,2008 Regulation amendment supplemental Arts. 3–4 keep the former wage-conversion rule for those legacy determinations and alter intermittent-work permit scope during the transition.,2008 Regulation amendment supplemental Arts. 3–4 (https://www.mhlw.go.jp/web/t_doc?dataId=73054000&dataType=0&pageNo=1),https://www.mhlw.go.jp/web/t_doc?dataId=73054000&dataType=0&pageNo=1,2026-09-29,2025-12-01,,GAP,JP lineage not yet seeded. Provision and delegated-rule disposition remains open; no certified JP mechanism or probe. Open: retrieve and apply the former Art. 3 text and identify surviving instruments. (Register status 2026-09-29: No [IN-SYSTEM 2026-09-29].),work_rules.wages.jp_legacy_mwr_t01,,,
JP-EI01,JP,contribution,"Insured-worker enrolment: MHLW enrolment guidance requires both an expected continuous employment of at least 31 days and contracted work of at least 20 hours/week for the ordinary insured-worker branch. The employer files the acquisition notice by the tenth of the month after insured status starts; later renewability can make an initially shorter contract covered from that later decision. The enacted 2024 amendment explained by MHLW lowers the weekly-hours threshold to 10 hours from 1 October 2028. Student, day-worker, seasonal, officer and multi-employer exceptions need their separate statutory dispositions.",MHLW enrolment guidance (https://www.mhlw.go.jp/stf/seisakunitsuite/bunya/0000147331.html); enacted 2024 amendment explained by MHLW (https://www.mhlw.go.jp/content/11601000/001266437.pdf),https://www.mhlw.go.jp/stf/seisakunitsuite/bunya/0000147331.html,2026-09-30,2025-12-01,,PARTIAL,"Seeded 2026-09-30 (seed/jurisdiction/JP, lineage step employment-insurance) in all 34 JP versions; probes written, not yet run on the production path. Registration drives the premium (unrecorded refuses); the §6(i) hours test refuses a REGISTERED GENERAL worker under 20 contracted hours, under 10 in versions from 1 October 2028 (令和6年法律第26号 as MHLW explains; e-Gov still shows 20 in force). Open: the 31-day expectation and renewal, students/seasonal/day-worker/officer exceptions, acquisition-proof capture and the 19.99/20, 30/31 and 9.99/10 probes.",statutory_contributions:EMPLOYMENT_INSURANCE (registration; rule on terms.ordinary_hours_per_week),,JP-EI-01-1,
JP-EI02,JP,contribution,"Per-payment premium and rounding: MHLW's 2025 and 2026 tables set worker/employer rates per 1,000: general 5.5/9 → 5/8.5; agriculture/forestry/fishery and sake 6.5/10 → 6/9.5; construction 6.5/11 → 6/10.5, effective 1 April 2026 for the latter values. The tables name sector exceptions that instead use the general rate. MHLW's collection guidance assesses the worker part on wages at each payment, including bonuses; its wage-withheld rounding drops a fraction of exactly JPY0.50, while direct cash collection rounds that fraction up, subject to an established different labour-management practice. Kanagawa Labour Bureau includes commuting and other taxable/non-taxable labour remuneration in the gross wage base before tax and social deductions.",MHLW's 2025 (https://www.mhlw.go.jp/content/001401966.pdf); 2026 (https://www.mhlw.go.jp/content/001692566.pdf); MHLW's collection guidance (https://www.mhlw.go.jp/www2/topics/seido/daijin/hoken/980916_3.htm); Kanagawa Labour Bureau (https://jsite.mhlw.go.jp/kanagawa-roudoukyoku/hourei_seido_tetsuzuki/roudou_hoken/hourei_seido/2024_00001.html),https://www.mhlw.go.jp/content/001401966.pdf,2026-09-30,2025-12-01,,PARTIAL,"Per-payment premium and wage-deduction rounding proven (JP-EI-03-1 1,500.5 → 1,500, 1,500.51 → 1,501; JP-KK27-1/-2, JP-EIR-02-1, JP-EIR-03-1, JP-SI-04-1; passed 2026-10-01). Unproven/not configured: cash-collection rounding (0.50 up), in-kind wages in the base, an evidenced different rounding practice.",statutory_contributions:EMPLOYMENT_INSURANCE; jurisdiction_settings.facts:employment_insurance_class,,JP-KK27-1; JP-KK27-2; JP-EIR-02-1; JP-EIR-03-1; JP-EI-03-1; JP-SI-04-1,
JP-EI03,JP,filing,"Annual labour-insurance declaration: MHLW's labour-insurance collection rules require prior-year actual wage totals and premiums to be reconciled with current-year estimated premiums. The 2026 annual renewal notice gives 1 June–10 July 2026 for filing/payment: settle 2025 at 2025 rates and estimate 2026 at 2026 rates. Workers' compensation is employer-only and has its own industry rate; MHLW confirms 2026 industry rates are unchanged from 2025, which does not determine a given employer's class.",MHLW's labour-insurance collection rules (https://www.mhlw.go.jp/stf/seisakunitsuite/bunya/koyou_roudou/roudoukijun/hoken/index.html); annual renewal notice (https://jsite.mhlw.go.jp/tochigi-roudoukyoku/newpage_01670.html); MHLW confirms 2026 industry rates are unchanged from 2025 (https://www.mhlw.go.jp/stf/seisakunitsuite/bunya/koyou_roudou/roudoukijun/rousai/rousaihoken06/rousai_hokenritsu_kaitei.html),https://www.mhlw.go.jp/stf/seisakunitsuite/bunya/koyou_roudou/roudoukijun/hoken/index.html,2026-09-29,2025-12-01,,EXTERNAL-RECORDED,"Declared 2026-10-01: a yearly duty due 10 July (40 days from 1 June) records the declaration and payment. The confirmed and estimated premiums are not computed onto it. Raised by the daily obligation_calendar sweep on obligation_instances (due_on, amount_due, filed_on/reference evidence); no probe: the probe harness reads saved rows before it starts an automation, so an instance is not yet a production-path oracle. Due days are the statutory day; the move to the next business day where it falls on a holiday (国税通則法 §10(2), 地方税法 §20-5(2)) is not applied.",duty_types:LABOUR_INSURANCE_ANNUAL_RETURN,,,
JP-LT01,JP,filing,"Prior-year salary report: Local Tax Act s.317-6 and Osaka's filing guidance require a salary payment report for current employees, including part-timers and low-paid staff, to the municipality of 1 January residence. Prior-year leavers are reported to the retirement-date municipality, but a leaver whose pay in the exit year was JPY300,000 or less may be omitted. Osaka's 2025-income notice gives 2 February 2026 as that year's filing deadline. This is distinct from the national withholding slip. For an employer that submitted at least 100 national withholding slips in the second preceding year, Osaka identifies compulsory eLTAX or optical-disk submission.",Local Tax Act s.317-6 (https://laws.e-gov.go.jp/law/325AC0000000226); Osaka's filing guidance (https://www.city.osaka.lg.jp/zaisei/page/0000098160.html); 2025-income notice (https://www.city.osaka.lg.jp/zaisei/page/0000380781.html),https://laws.e-gov.go.jp/law/325AC0000000226,2026-09-29,2025-12-01,,EXTERNAL-RECORDED,"Declared 2026-10-01: a yearly duty due 31 January (Osaka’s 2 February 2026 is the weekend roll, not applied) records the filing. The report itself is not generated, and the JPY300,000 leaver omission and the electronic threshold are not evaluated. Raised by the daily obligation_calendar sweep on obligation_instances (due_on, amount_due, filed_on/reference evidence); no probe: the probe harness reads saved rows before it starts an automation, so an instance is not yet a production-path oracle. Due days are the statutory day; the move to the next business day where it falls on a holiday (国税通則法 §10(2), 地方税法 §20-5(2)) is not applied.",duty_types:SALARY_PAYMENT_REPORT,,,
JP-LT02,JP,tax,"Notified monthly resident tax: Local Tax Act ss.321-3–321-5 and Shinjuku's collection guidance require the designated employer to withhold the municipality-notified installment from June through the following May and remit the month's collection by the following month's tenth, adjusted to the next open day where applicable. A changed or late notice changes the schedule; an employer must not recalculate the employee's annual municipal tax from current gross salary or assume an even twelve-way split. Shinjuku's approved small-employer exception has distinct December/June remittance deadlines.",Local Tax Act ss.321-3–321-5 (https://laws.e-gov.go.jp/law/325AC0000000226); Shinjuku's collection guidance (https://www.city.shinjuku.lg.jp/hoken/file04_04_00001.html); Shinjuku's approved small-employer exception (https://www.city.shinjuku.lg.jp/hoken/file04_00007.html),https://laws.e-gov.go.jp/law/325AC0000000226,2026-09-30,2025-12-01,,PARTIAL,"As JP-RES-01 (seeded 2026-09-30, probe written, not run): §321-5(1) installments June–May from the notice; a late notice spreads over the months after it (resident_tax_first_month). Remittance by the next month’s tenth stays EXTERNAL (JP-RES-03).",statutory_contributions:RESIDENT_TAX; terms_facts.resident_tax_collection; terms_facts.resident_tax_fiscal_year; terms_facts.resident_tax_june_amount; terms_facts.resident_tax_monthly_amount; terms_facts.resident_tax_first_month; terms_facts.resident_tax_notice_reference,,JP-RES-01-1; JP-RES-01-2,
JP-LT03,JP,tax,"Change of employer or employment: Local Tax Act s.321-5 and Osaka's procedure require an employee-change report by the tenth of the month after retirement, leave or transfer. For a June–December exit, remaining tax may be collected in one amount on the employee's request; for a January–April exit, the remaining amount is collected from salary or retirement pay payable by 31 May where sufficient. A new employer may continue special collection after the transfer filing. The May and insufficient-pay cases need their exact statutory/municipal disposition.",Local Tax Act s.321-5 (https://laws.e-gov.go.jp/law/325AC0000000226); Osaka's procedure (https://www.city.osaka.lg.jp/zaisei/page/0000098571.html),https://laws.e-gov.go.jp/law/325AC0000000226,2026-09-30,2025-12-01,,PARTIAL,"As JP-RES-04 (seeded 2026-09-30, probe written, not run). The employee-change report by the tenth of the next month is an external filing. 2026-10-01: an exit raises the 給与所得者異動届出書 duty due the 10th of the month after the last day (duty_types:RESIDENT_TAX_MOVEMENT_NOTICE, evidence filed_on/reference; no probe, the sweep is not reached by the harness).",statutory_contributions:RESIDENT_TAX; exit_facts.resident_tax_exit_collection; duty_types:RESIDENT_TAX_MOVEMENT_NOTICE,,JP-RES-04-1,
JP-LT04,JP,tax,"Retirement-income resident tax: Local Tax Act s.328 and Shinjuku's retirement-tax procedure treat qualifying retirement pay separately: the payer calculates, withholds, declares and remits local tax to the municipality of the worker's 1 January residence in the payment-due year, by the tenth of the following month. This is different from settling unpaid monthly notice installments under JP-LT03.",Local Tax Act s.328 (https://laws.e-gov.go.jp/law/325AC0000000226); Shinjuku's retirement-tax procedure (https://www.city.shinjuku.lg.jp/hoken/file04_00005.html),https://laws.e-gov.go.jp/law/325AC0000000226,2026-09-30,2025-12-01,,PARTIAL,"As JP-RES-02: 退職所得割 proven by JP-TAX-25-1, JP-TAX-25-2, JP-TAX-26-1, JP-TAX-28-1 (passed 2026-10-01); the NON_RESIDENT and no-1-January-domicile branches unprobed; declaration/remittance external.",statutory_contributions:RESIDENT_TAX_RETIREMENT; adhoc_catalogue:RETIREMENT_ALLOWANCE; exit_facts.resident_tax_january_domicile,,JP-TAX-25-1; JP-TAX-25-2; JP-TAX-26-1; JP-TAX-28-1,
JP-LT05,JP,tax,"Special-collection designation: Osaka's salary-report guidance says employer special collection is the default and lists documented ordinary-collection switches for a prior-year leaver or expected leaver by 31 May, insufficient wage, irregular wage payments, or withholding through another payer. The municipality's required reason code and evidence must accompany the report; employee or employer preference alone is not a switch. Other municipalities' accepted codes and the national statutory scope need reconciliation.",Osaka's salary-report guidance (https://www.city.osaka.lg.jp/zaisei/page/0000098160.html),https://www.city.osaka.lg.jp/zaisei/page/0000098160.html,2026-09-29,2025-12-01,,GAP,"JP lineage not yet seeded. Source exceptions and required inputs remain open; no JP sealed rule or production probe. Closure case: Preserve the worker's payer, pay cadence, exit date and exemption reason; route the report to ordinary or special collection and capture the municipality's designation. Probe each Osaka reason, a current low-paid worker with enough versus insufficient wage, and an employee with two employers. Do not start or stop monthly deductions on a local label without a notice or valid transfer instruction. (Register status 2026-09-29: No [IN-SYSTEM 2026-09-29].)",facts.jp.resident_tax_collection_mode,,,
JP-OT-01,JP,hours,"Overtime/holiday work needs a filed 36 agreement; ordinary limits 45 h/month and 360 h/year (42/320 under a >3-month variable schedule); a special clause allows more only for unforeseeable peaks: overtime ≤720 h/year, overtime + holiday work <100 h in any month and ≤80 h average over every 2–6 month window, >45 h in at most six months a year; hazardous work ≤2 h/day overtime. New R&D work is exempt from the caps.","Labour Standards Act art. 36(1)–(6), (11) (https://laws.e-gov.go.jp/law/322AC0000000049)",https://laws.e-gov.go.jp/law/322AC0000000049,2026-09-30,2025-12-01,,GAP,"Sealed 2026-09-30 in the JP lineage (seed/jurisdiction/JP/jurisdiction_settings.json). The 45 h/month and 360 h/year 限度時間 and the 720 h/year and 100 h/month (overtime plus statutory holiday work) absolute limits are reported ceilings: planned hours beyond one are kept as INCENTIVE at the same band, never refused. Open: the < 100 bound is inclusive in the ceiling report, the 80-hour 2–6 month rolling average, the six-month count of months over 45, the 42/320 variable-schedule limits, hazardous-work 2 h/day and sector transitions — none is expressible without a rolling-window limit measure. [Diff r9 2026-10-01] §36(5): `monthly_ot` (45 h) and `yearly_ot` (360 h) apply only without a 特別条項 (`when` on the company fact `overtime_special_clause`, declared in every version's `facts`, default false); the absolute limits bind either way. Not modelled: the six-months-a-year count.",work_rules.limits.monthly_ot; work_rules.limits.yearly_ot; work_rules.limits.yearly_ot_absolute; work_rules.limits.monthly_ot_holiday_absolute; obligations:JP_36_AGREEMENT; facts.overtime_special_clause,,,
JP-OT-02,JP,overtime,Statutory overtime (beyond 8 h/day or 40 h/week under art. 32 or an art. 33/36 extension) is paid at least 25% above the ordinary hourly wage.,Labour Standards Act art. 37(1); Cabinet Order on minimum premium rates (平成6年政令第5号) (https://laws.e-gov.go.jp/law/406CO0000000005),https://laws.e-gov.go.jp/law/406CO0000000005,2026-09-30,2025-12-01,,PARTIAL,"Daily branch proven: JP-OT-02-1 five hours past 8 at 125% (12,500), JP-OT-03-1 a 所定休日 at 125%; passed 2026-10-01. Missing (engine): the 40-hour weekly branch on days each within 8 needs a running-week count in the band context; the 8.0/8.1 h and 40/41 h boundary probes.",work_rules.bands; work_rules.normal_hours,,JP-OT-02-1; JP-OT-03-1,
JP-OT-03,JP,overtime,"Work on the statutory weekly rest day (法定休日, art. 35) is paid at least 35% above the ordinary wage; hours on it are holiday work, not overtime, and do not enter the 60-hour count.","Labour Standards Act arts. 35, 37(1); Cabinet Order 平成6年政令第5号 (https://laws.e-gov.go.jp/law/406CO0000000005)",https://laws.e-gov.go.jp/law/406CO0000000005,2026-09-30,2025-12-01,,VERIFIED,"JP-OT-03-1 (passed 2026-10-01): the Sunday 法定休日 8 h at 135% = 21,600, the Saturday 所定休日 at 125%. The 60-hour count it must not enter is not built (JP-OT-05). config_path corrected: the band is labelled HOLIDAY-1.35X, which the resolver cannot address by label.",work_rules.bands; work_rules.holiday_rest_precedence,,JP-OT-03-1,2026-10-01
JP-OT-04,JP,overtime,"Night work 22:00–05:00 is paid at least 25% extra, additive to overtime (≥50%), statutory holiday work (≥60%) and overtime beyond 60 h/month (≥75%); managers excluded from hours rules under art. 41 still receive the night premium.","Labour Standards Act arts. 37(4), 41 (https://laws.e-gov.go.jp/law/322AC0000000049)",https://laws.e-gov.go.jp/law/322AC0000000049,2026-09-30,2025-12-01,,PARTIAL,"Night premium additive on overtime proven (JP-OT-02-1: 22:00–23:00 at +25%, passed 2026-10-01). Unproven: night on a 法定休日 (≥60%) and beyond 60 h (≥75%, needs JP-OT-05); the 21:59/22:01 and 04:59/05:01 boundaries. Defect (engine): a 管理監督者 outside overtime_when loses the §37(4) night premium on hours past the normal day — night eligibility needs its own predicate.",work_rules.night_premium,,JP-OT-02-1,
JP-OT-05,JP,overtime,"Statutory overtime beyond 60 hours in a month is paid at least 50% (all employers, including SMEs since 1 April 2023); a written agreement may substitute paid substitute leave (代替休暇) for the extra 25% portion when the worker takes it.",Labour Standards Act art. 37(1) proviso and (3) (https://laws.e-gov.go.jp/law/322AC0000000049),https://laws.e-gov.go.jp/law/322AC0000000049,2026-09-30,2025-12-01,,GAP,"JP lineage seeded 2026-09-30 without the tier: a band sees one day, and the work-day context has no count of the month's statutory overtime already worked, so hours beyond 60 are priced at 125%, not 150%. Needs a generic cumulative-limit primitive in the band context (hours counted toward a named limit before this day); then a 1.5 band taking the hours past `limits.monthly_60`. Substitute leave (代替休暇) not modelled.",work_rules.bands,,,
JP-OT-06,JP,overtime,"The premium base is the ordinary hourly wage: hourly as is; daily ÷ daily scheduled hours; weekly ÷ weekly hours; monthly ÷ monthly scheduled hours (annual average where months differ); piece rate ÷ total hours worked in the period; mixed pay summed. Family, commuting, separate-living, children's education and housing allowances, temporary pay and pay at intervals over one month are excluded.","Labour Standards Act art. 37(5); Enforcement Regulation arts. 19, 21 (https://laws.e-gov.go.jp/law/322M40000100023)",https://laws.e-gov.go.jp/law/322M40000100023,2026-09-30,2025-12-01,,PARTIAL,"Monthly-wage base proven: JP-OT-02-1 340,000 ÷ (2,040 ÷ 12) = 2,000 an hour, passed 2026-10-01. Missing: the excluded allowance classes (family, commuting, separate-living, education, housing, temporary, >1-month) — no wage_excluded_allowances seed and the SPECIFIC_MINIMUM_WAGE top-up not entering the base; varying daily hours; piece rates.",work_rules.ordinary_divisor_days; terms_facts.annual_scheduled_hours; work_rules.rate_conversions,,JP-OT-02-1,
JP-RND-03,JP,rounding,"Wage-time and premium rounding tolerated by MHLW: monthly totals of overtime, holiday and night hours may round <30 min down and ≥30 min up; hourly wage, premium amounts and each monthly premium total may round <50 sen down and ≥50 sen up. Daily rounding of worked time is not permitted.","MHLW circular 昭和63年3月14日 基発第150号, as restated by Yamaguchi Labour Bureau (https://jsite.mhlw.go.jp/yamaguchi-roudoukyoku/content/contents/001988747.pdf)",https://jsite.mhlw.go.jp/yamaguchi-roudoukyoku/content/contents/001988747.pdf,2026-09-30,2025-12-01,,GAP,"Sealed 2026-09-30 in the JP lineage (seed/jurisdiction/JP/jurisdiction_settings.json). The hourly base is rounded to the yen half-up (round(…, 1, 'HALF_UP')) and each yen line half-up at JPY's minor unit. Open: the recorded default rounds each month's premium total once; the engine rounds each day's band amount, so a month of fractional days can differ by under a yen a day (needs a per-line monthly rounding step).","work_rules.bands (round(ordinary_hour, 1, 'HALF_UP'))",,,
JP-AL-01,JP,leave,"Annual paid leave: after 6 months' continuous service with ≥80% attendance, 10 days; then +1, +2, +4, +6, +8, +10 days at 1.5, 2.5, 3.5, 4.5, 5.5 and 6.5+ years (11, 12, 14, 16, 18, 20 days); a year below 80% attendance earns no grant for the next year. Work-injury leave, childcare/care leave and maternity leave count as attendance.","Labour Standards Act art. 39(1)–(2), (10) (https://laws.e-gov.go.jp/law/322AC0000000049)",https://laws.e-gov.go.jp/law/322AC0000000049,2026-09-30,2025-12-01,,PARTIAL,"Configured 2026-09-30 (lineage step leave-allowances) in all 34 JP versions. ANNUAL_LEAVE full-time ladder 10/11/12/14/16/18/20. Recorded default (owner rule 2026-09-28; the engine has no six-month-offset leave year and no attendance-ratio input): §39(7) ただし書 / 施行規則 §24-5 前倒し — each grant given six months early (hire day, then each hire anniversary), so no grant is later, smaller or shorter-lived than the statute; the 80% attendance test is never applied (a lawful over-grant). Probe 6-month/6.5-year grants once the engine can anchor the statutory base date.",leave_catalogue:ANNUAL_LEAVE.entitlement.bands,,,
JP-AL-02,JP,leave,"Proportional grant for workers under 30 h/week and ≤4 days/week (or ≤216 days/year): 4 days (169–216/yr) 7,8,9,10,12,13,15; 3 days (121–168) 5,6,6,8,9,10,11; 2 days (73–120) 3,4,4,5,6,6,7; 1 day (48–72) 1,2,2,2,3,3,3 — at 0.5, 1.5 … 6.5+ years.",Labour Standards Act art. 39(3); Enforcement Regulation art. 24-3 (https://laws.e-gov.go.jp/law/322M40000100023),https://laws.e-gov.go.jp/law/322M40000100023,2026-09-30,2025-12-01,,TESTED,"The leave golden pins §24-3 ladders on every sealed version: 4/3/2/1-day weeks 7/9/13, 5/6/10, 3/4/6, 1/2/3 at the hire day, 30 and 70 months (前倒し), and a 5-day week under 30 h takes the full ladder. Recorded defaults: a fractional weekly average takes the next row up; annual-days schedules read the roster average.",leave_catalogue:ANNUAL_LEAVE.entitlement.bands,JP — 労働基準法 §39 and 育児・介護休業法 leaves on every sealed version,,
JP-AL-03,JP,leave,"Where a worker's grant is 10 days or more, the employer must designate the timing of 5 days within one year of the grant date, after hearing the worker, less days the worker took or planned-leave days; the employer keeps a per-worker leave register (時季・日数・基準日) for 5 years (3 years during the transition).",Labour Standards Act art. 39(7)–(8); Enforcement Regulation arts. 24-5–24-7 (https://laws.e-gov.go.jp/law/322AC0000000049),https://laws.e-gov.go.jp/law/322AC0000000049,2026-09-30,2025-12-01,,PARTIAL,"Configured 2026-09-30 (lineage step leave-allowances) in all 34 JP versions. Employer duty recorded as obligation JP_ANNUAL_LEAVE_FIVE_DAYS (status PARTIAL); the grant date is the hire day/anniversary (前倒し first base date, 施行規則 §24-5(1)). No run warning: the engine has no generic minimum-use rule on a leave grant (warn when fewer than N days of a grant of at least M days are taken, designated or planned within its year) — engine feature reported 2026-09-30.",obligations:JP_ANNUAL_LEAVE_FIVE_DAYS; leave_catalogue:ANNUAL_LEAVE,,,
JP-AL-04,JP,leave,"Paid leave is paid, per the work rules, at the average wage (art. 12), the ordinary wage for scheduled hours, or (under a written agreement) the health-insurance standard monthly remuneration ÷ 30; hourly leave (≤5 days/year by agreement) is paid pro rata.","Labour Standards Act art. 39(4), (9) (https://laws.e-gov.go.jp/law/322AC0000000049)",https://laws.e-gov.go.jp/law/322AC0000000049,2026-09-30,2025-12-01,,VERIFIED,"JP-AL-04-1 (passed 2026-10-01): two 年次有給休暇 days on 340,000 paid as the ordinary wage — the month whole. The 平均賃金 and 標準報酬 ÷ 30 methods and hourly leave are employer options the recorded default does not take (施行規則 §25).",leave_catalogue:ANNUAL_LEAVE.pay_fraction; work_rules.ordinary_divisor_days,,JP-AL-04-1,2026-10-01
JP-AL-05,JP,leave,Unused annual leave expires two years after it could first be taken; the Act does not require payment for unused leave on exit.,Labour Standards Act art. 115 (https://laws.e-gov.go.jp/law/322AC0000000049),https://laws.e-gov.go.jp/law/322AC0000000049,2026-09-30,2025-12-01,,IMPLEMENTED,"Configured 2026-09-30: ANNUAL_LEAVE auto_carry_one_year — a grant year’s unused days carry one service year and lapse at its end (two years from the grant, art.115); can_encash and encash_on_exit false (no statutory buy-out). No probe.",leave_catalogue:ANNUAL_LEAVE.entitlement.auto_carry_one_year; leave_catalogue:ANNUAL_LEAVE.encash_on_exit,,,
JP-WG-01,JP,wages,"Average wage (平均賃金): wages paid in the 3 calendar months before the triggering day (from the last closing date) ÷ calendar days, excluding injury, maternity, employer-caused shutdown, childcare/care leave and probation periods and their pay, and excluding temporary pay, pay at intervals over 3 months and non-qualifying in-kind pay; floor for daily/hourly/piece pay = 60% of wages ÷ days worked (plus any monthly part ÷ calendar days); under 3 months' service uses the period since hire.",Labour Standards Act art. 12 (https://laws.e-gov.go.jp/law/322AC0000000049); Kanagawa Labour Bureau worked method (https://jsite.mhlw.go.jp/kanagawa-roudoukyoku/hourei_seido_tetsuzuki/saiteichingin_chinginseido/heikinchi.html),https://laws.e-gov.go.jp/law/322AC0000000049,2026-09-30,2025-12-01,,PARTIAL,"Configured 2026-09-30 in SHUTDOWN_ALLOWANCE and DISMISSAL_NOTICE_PAY: employment.average_daily_wage over the three calendar months before the event month, maternity/childcare/family-care leave spans and their wages left out, truncated below one sen (Kanagawa method); the request’s average_wage fact overrides where payslips cannot state it. Not configured: the §12(1) 60% floor for day/hour/piece pay, work-injury, earlier shutdown and trial periods, a non-month-end closing day, the event day itself (all via the override). Probes JP-WG-02-1 and JP-WG-03-1 use the override; the payslip-read average is unprobed.",adhoc_catalogue:SHUTDOWN_ALLOWANCE; adhoc_catalogue:DISMISSAL_NOTICE_PAY; request_facts.average_wage,,JP-WG-02-1; JP-WG-03-1,
JP-WG-02,JP,wages,"Shutdown allowance: for a shutdown attributable to the employer, at least 60% of the average wage for each scheduled working day of the shutdown.",Labour Standards Act art. 26 (https://laws.e-gov.go.jp/law/322AC0000000049),https://laws.e-gov.go.jp/law/322AC0000000049,2026-09-30,2025-12-01,,VERIFIED,"JP-WG-02-1 (passed 2026-10-01): two shutdown days off the wage and 休業手当 60% × 平均賃金 (900,000 ÷ 92) × 2. The 平均賃金 is the recorded override; its payslip derivation is JP-WG-01’s.",adhoc_catalogue:SHUTDOWN_ALLOWANCE,,JP-WG-02-1,2026-10-01
JP-WG-03,JP,notice,"Dismissal needs 30 days' notice or 30 days' average wage in lieu, reducible day-for-day by paid days; exempt for disaster-caused impossibility or the worker's fault only with labour-inspector certification; not applicable to day hires (≤1 month), ≤2-month fixed terms, ≤4-month seasonal work and probationers within 14 days, beyond which the protection applies.",Labour Standards Act arts. 19–21 (https://laws.e-gov.go.jp/law/322AC0000000049),https://laws.e-gov.go.jp/law/322AC0000000049,2026-09-30,2025-12-01,,PARTIAL,"Configured 2026-09-30: DISMISSAL_NOTICE_PAY = round(平均賃金 × (30 − notice_days_given), 1, 'HALF_UP') on a DISMISSAL/REDUNDANCY/RETRENCHMENT exit; not 賃金 for labour insurance, a 退職手当等 for income tax (所得税基本通達 30-5). Exemptions (inspector certificate, art.21 categories) are HR not raising the request. Probe JP-WG-03-1 registered, not yet run.",adhoc_catalogue:DISMISSAL_NOTICE_PAY,,JP-WG-03-1,
JP-SI-18,JP,contribution,"Child and childcare contribution (子ども・子育て拠出金): employer-only 0.36% of each insured person's employees'-pension standard monthly remuneration and standard bonus (bonus capped at JPY1.5m/month), collected with employees' pension; 0.36% for 令和7 and 令和8.",Child and Child-Rearing Support Act art. 69; JPS premium table notes (https://www.nenkin.go.jp/service/kounen/hokenryo/ryogaku/ryogakuhyo/20200825.html),https://www.nenkin.go.jp/service/kounen/hokenryo/ryogaku/ryogakuhyo/20200825.html,2026-09-29,2025-12-01,,VERIFIED,"0.36% employer-only on the pension grade proven monthly in 令和7年度 (JP-OT-02-1 1,224) and 令和8年度 (JP-SI-02-1, every JP-REGION case), on the pension standard bonus (JP-SI-04-1 4,442) and at its 1.5m cap (JP-SI-04-2); none in an exempt month (JP-SI-07-1); passed 2026-10-01. The office-total rounding of the notice is JP-SI-05’s open branch.",statutory_contributions:CHILD_CONTRIBUTION,,JP-OT-02-1; JP-SI-02-1; JP-SI-04-1; JP-SI-04-2; JP-SI-07-1,2026-10-01
JP-SI-19,JP,contribution,"Employees' pension premium 18.3% of the standard monthly remuneration and standard bonus, shared equally (9.15% each); 32 grades from JPY88,000 (pay <93,000) to JPY650,000 (pay ≥635,000).","Employees' Pension Insurance Act arts. 20, 81(4), 82; JPS 令和8年度 premium table (https://www.nenkin.go.jp/service/kounen/hokenryo/ryogaku/ryogakuhyo/20200825.html)",https://www.nenkin.go.jp/service/kounen/hokenryo/ryogaku/ryogakuhyo/20200825.html,2026-09-29,2025-12-01,,PARTIAL,"18.3% half each proven on monthly grades (JP-SI-02-1, JP-SI-24-1, JP-OT-02-1, JP-REGION cases) and the pension standard bonus with its 1.5m cap (JP-SI-04-2), passed 2026-10-01. Unproven: the monthly grade bounds — no probe records a health grade below 88,000 or above 650,000 (pension grades 1 and 32).",statutory_contributions:PENSION; statutory_contributions:PENSION_BONUS,,JP-SI-02-1; JP-SI-24-1; JP-SI-04-2,
JP-SI-20,JP,contribution,"Health-insurance standard monthly remuneration has 50 grades from JPY58,000 (pay <63,000) to JPY1,390,000 (pay ≥1,355,000); pension grades 1–32 map to health grades 4–35.",Health Insurance Act art. 40; Kyokai 令和8年度 premium tables (https://www.kyoukaikenpo.or.jp/about/business/insurance_rate/premium_prefectures/r08/),https://www.kyoukaikenpo.or.jp/about/business/insurance_rate/premium_prefectures/r08/,2026-09-29,2025-12-01,,IMPLEMENTED,"Seeded 2026-09-30; the probe is registered but not yet run. The 50 grades JPY58,000–1,390,000 are the election options; re-read 2026-09-30 in r7ippan3.xlsx and r8ippan3.xlsx (identical). The 報酬月額 bands are not applied: the grade is recorded as decided.",statutory_contributions:HEALTH.elections.standard_monthly_remuneration,,JP-SI-02-1,
JP-SI-21,JP,contribution,"Care-insurance premium for insured persons aged 40–64 (介護保険第2号被保険者): Kyokai national rate 1.62% from the March 2026 insurance month (1.59% before), added to the health rate and shared equally; it applies from the month containing the day before the 40th birthday and stops from the month containing the day before the 65th birthday.",Health Insurance Act art. 156; Kyokai 令和8年度 rate page (https://www.kyoukaikenpo.or.jp/about/business/insurance_rate/rate_prefectures/r08/),https://www.kyoukaikenpo.or.jp/about/business/insurance_rate/rate_prefectures/r08/,2026-09-29,2025-12-01,,PARTIAL,"1.62% (令和8年度, from the March 2026 insurance month) proven by JP-SI-02-1 (April 2026 pay, 46-year-old), JP-SI-02-2 and the 40th-birthday month boundary by JP-SI-21-1, passed 2026-10-01. Unproven: the 1.59% for insurance months to February 2026 — every probe of a 令和7年度 month is a worker under 40.",statutory_contributions:HEALTH.rules; statutory_contributions:HEALTH_BONUS.rules,,JP-SI-21-1; JP-SI-02-1; JP-SI-02-2,
JP-SI-22,JP,contribution,"Employees' pension top grade rises from JPY650,000 to JPY680,000 (September 2027), JPY710,000 (September 2028) and JPY750,000 (September 2029) under the 2025 pension reform Act.",Act partially amending the National Pension Act etc. for strengthening the pension system (enacted 13 June 2025); MHLW explanation (https://www.mhlw.go.jp/stf/seisakunitsuite/bunya/0000147284_00024.html),https://www.mhlw.go.jp/stf/seisakunitsuite/bunya/0000147284_00024.html,2026-09-30,2027-09-01,,IMPLEMENTED,"Seeded 2026-09-30 as dated versions: top grade JPY680,000/710,000/750,000 for the September 2027/2028/2029 insurance months (a month-end leaver's current month and bonuses that month; collected from October pay); the same bound applies to 子ども・子育て拠出金. MHLW page re-read 2026-09-30 (2027年９月に68万円、2028年９月に71万円、2029年９月に75万円). No probe; the amended art. 20 table on e-Gov not yet re-read.","statutory_contributions:PENSION; statutory_contributions:CHILD_CONTRIBUTION (versions from 2027-09-01, 2027-10-01, 2028-09-01, 2028-10-01, 2029-09-01, 2029-10-01)",,,
JP-SI-23,JP,contribution,"Maternity-leave premium exemption: on the employer's application, health (incl. care and child-support levy) and pension premiums are not collected for months from the month the statutory maternity leave (産前6週・産後8週) starts to the month before the month containing the day after it ends, for both monthly and bonus premiums.",Health Insurance Act art. 159-3; Employees' Pension Insurance Act art. 81-2-2 (https://laws.e-gov.go.jp/law/211AC0000000070),https://laws.e-gov.go.jp/law/211AC0000000070,2026-09-29,2025-12-01,,PARTIAL,"Seeded 2026-09-30; the probe is registered but not yet run. MATERNITY is a recorded exemption like CHILDCARE (JP-SI-07); leave dates, the application and maternity precedence are not computed.",statutory_contributions:HEALTH.elections.premium_exemption,,JP-SI-07-1,
JP-SI-24,JP,contribution,"Premium month and deduction timing: health and pension premiums accrue for each month from the month of acquisition to the month before loss (loss = day after exit, so a month-end leaver owes that month); the employer may deduct from pay only the previous month's premium, and at exit the previous and current months; bonus premiums are deducted from the bonus; a deduction statement must be given.","Health Insurance Act arts. 156(3), 167; Employees' Pension Insurance Act arts. 19, 81(2), 84 (https://laws.e-gov.go.jp/law/329AC0000000115)",https://laws.e-gov.go.jp/law/329AC0000000115,2026-09-29,2025-12-01,,VERIFIED,"JP-SI-24-1 (30 June leaver owes May and June from June pay; 29 June leaver May only) and JP-PRO-01-1 (a 16 March joiner: no premium on the joining month’s pay) passed 2026-10-01; same-month acquisition and loss is JP-SI-12’s, the revised-grade date a recorded default (JP-SI-03).",statutory_contributions:HEALTH.rules; statutory_contributions:PENSION.rules; statutory_contributions:CHILD_SUPPORT.rules; statutory_contributions:CHILD_CONTRIBUTION.rules,,JP-PRO-01-1; JP-SI-24-1,2026-10-01
JP-RND-01,JP,rounding,"Social-insurance employee share: when deducted from pay, a fraction of 50 sen or less is dropped and over 50 sen rounds up to JPY1; when the worker pays cash, under 50 sen is dropped and 50 sen or more rounds up; a specific agreement may override. The office notice total is the sum of unrounded personal amounts with the sub-yen fraction dropped; the employer share is the residual.",Act on Currency Units and Issuance of Coins art. 3 (https://laws.e-gov.go.jp/law/362AC0000000042); Kyokai/JPS 令和8年度 premium table notes (https://www.nenkin.go.jp/service/kounen/hokenryo/ryogaku/ryogakuhyo/20200825.html),https://laws.e-gov.go.jp/law/362AC0000000042,2026-09-29,2025-12-01,,PARTIAL,"Wage-deduction route proven: 50 sen and under dropped, over 50 sen up — JP-SI-02-1 (23,513.5 → 23,513), JP-SI-14-1 (471.5 → 471), JP-EI-03-1 (1,500.5 → 1,500, 1,500.51 → 1,501), passed 2026-10-01. Not configured: the cash-settlement route (under 50 sen dropped, 50 sen and over up) for a worker paying the share in cash.",statutory_contributions:HEALTH.rules; statutory_contributions:CHILD_SUPPORT.rules; statutory_contributions:PENSION.rules; statutory_contributions:EMPLOYMENT_INSURANCE.rules,,JP-SI-02-1; JP-SI-14-1; JP-EI-03-1,
JP-RND-02,JP,rounding,"Income-tax rounding follows the tables: monthly/daily table amounts are read directly; the electronic-calculation formula rounds tax to the nearest JPY10 (half-up) and rounds the salary-income deduction up to the yen; bonus tax = (bonus − social insurance) × rate truncated to the yen; year-end taxable income floored to JPY1,000 and annual tax (×102.1%) to JPY100; retirement tax truncated to the yen.","Ministry of Finance Notice No.116 of 2012 (as amended 30 April 2025), NTA 令和8年分 tables pp.15–18 (https://www.nta.go.jp/publication/pamph/gensen/zeigakuhyo2026/01.htm)",https://www.nta.go.jp/publication/pamph/gensen/zeigakuhyo2026/01.htm,2026-09-29,2025-12-01,,VERIFIED,"Every branch pinned by a probe passed 2026-10-01: 月額表 read directly (JP-TAX-18-1 3,090), 日額表 丙欄 (JP-TAX-20-1), 電算機計算 rounded to JPY10 (JP-TAX-23-1 3,100), bonus tax truncated to the yen (JP-SI-04-1 INCOME_TAX_BONUS 215,081), year-end taxable floored to JPY1,000 and tax to JPY100 (JP-TAX-15-1 refund 13,200), retirement tax truncated (JP-TAX-25-1 135,282.5 → 135,282).",statutory_contributions:INCOME_TAX.rules; statutory_contributions:INCOME_TAX_BONUS.rules; statutory_contributions:RETIREMENT_INCOME_TAX.rules; facts.gensen_electronic_calculation,,JP-TAX-18-1; JP-TAX-20-1; JP-TAX-23-1; JP-SI-04-1; JP-TAX-15-1; JP-TAX-25-1,2026-10-01
JP-RND-04,JP,rounding,"Legal tender rounding for any cash settlement (e.g. final pay): under 50 sen dropped, 50 sen to under JPY1 rounds up, unless otherwise agreed.",Act on Currency Units and Issuance of Coins art. 3 (https://laws.e-gov.go.jp/law/362AC0000000042),https://laws.e-gov.go.jp/law/362AC0000000042,2026-09-30,2025-12-01,,VERIFIED,"Half-up to the yen pinned by JP-PRO-01-1 (340,000 × 12 ÷ 22 = 185,454.5 → 185,455) and JP-SI-24-1, passed 2026-10-01.",payroll.currency,,JP-PRO-01-1; JP-SI-24-1,2026-10-01
JP-PRO-01,JP,proration,"Joiner and leaver proration of a monthly salary is contractual: the Act requires full payment for work done (art. 24) and at least the minimum wage per hour worked, but prescribes no daily-rate method.",Labour Standards Act art. 24 (https://laws.e-gov.go.jp/law/322AC0000000049); Minimum Wage Act art. 4 (https://laws.e-gov.go.jp/law/334AC0000000137),https://laws.e-gov.go.jp/law/322AC0000000049,2026-09-30,2025-12-01,,PARTIAL,"Recorded default WORKING_DAYS proven for a joiner (JP-PRO-01-1, 12 of 22 days) and leavers (JP-SI-24-1), passed 2026-10-01. Unproven: the proration_contractual bases (calendar days, fixed divisor) a terms row may state.",work_rules.proration; work_rules.proration_contractual,,JP-PRO-01-1; JP-SI-24-1,
JP-TAX-18,JP,tax,"甲欄 monthly withholding: for a worker who filed the dependants declaration (扶養控除等申告書), take pay after social insurance and read the 月額表 甲欄 by the number of dependants; 令和8年分 table: nil below JPY105,000; from JPY740,000 the table gives a base amount plus a percentage (20.42% … 45.945%) of the excess; for more than 7 dependants subtract JPY1,610 per extra dependant. Add one dependant per disability/widow/single-parent/working-student entry.","Income Tax Act arts. 185, 194; NTA 令和8年分 源泉徴収税額表 (https://www.nta.go.jp/publication/pamph/gensen/zeigakuhyo2026/01.htm)",https://www.nta.go.jp/publication/pamph/gensen/zeigakuhyo2026/01.htm,2026-09-30,2025-12-01,,PARTIAL,"令和8年分 月額表 甲欄 proven at two dependants (JP-TAX-18-1 255,930 → 3,090) and nil dependants (JP-TAX-15-1), passed 2026-10-01. Unproven: the 令和7年分 甲欄 (December 2025 pay), more than seven dependants (−1,610 each), 毎半月 pay, the ≥740,000 formula rows.",statutory_contributions:INCOME_TAX; terms_facts.withholding_dependants,,JP-TAX-18-1,
JP-TAX-19,JP,tax,"乙欄: a worker without a declaration with this payer (second job) is withheld under the 乙欄 column — 3.063% of pay after social insurance below JPY105,000 (令和8年分), higher amounts above; no year-end adjustment by this payer.",Income Tax Act art. 185(1)(ii); NTA 令和8年分 源泉徴収税額表 (https://www.nta.go.jp/publication/pamph/gensen/zeigakuhyo2026/01.htm),https://www.nta.go.jp/publication/pamph/gensen/zeigakuhyo2026/01.htm,2026-09-30,2025-12-01,,PARTIAL,"乙欄 configured 2026-09-30 in INCOME_TAX (月額表, 3.063% below JPY105,000 in 令和8年分 / JPY88,000 in 令和7年分) and INCOME_TAX_BONUS (乙 rate column); OTSU is the terms default where no 扶養控除等申告書 is recorded. Not configured: the 従たる給与についての扶養控除等申告書 reduction (JPY1,610 per declared dependant). Probes not yet run.",statutory_contributions:INCOME_TAX; statutory_contributions:INCOME_TAX_BONUS; terms_facts.withholding_column,,JP-TAX-18-1; JP-OT-02-1,
JP-TAX-20,JP,tax,日額表 and 丙欄: daily or weekly pay uses the 日額表 (甲/乙); 丙欄 applies to day-hires paid daily whose continuous employment with the payer does not exceed two months.,Income Tax Act art. 185(1)(iii); NTA No.2511 (https://www.nta.go.jp/taxes/shiraberu/taxanswer/gensen/2511.htm),https://www.nta.go.jp/taxes/shiraberu/taxanswer/gensen/2511.htm,2026-09-30,2025-12-01,,PARTIAL,"丙欄 configured 2026-09-30 (withholding_column HEI): the period’s pay after insurance over its paid days (working days less unpaid days) read on the 日額表 丙欄 and multiplied by those days — exact for equal daily pay (recorded default; per-day pay needs dated daily payments). Not configured: 日額表 甲/乙 for weekly or daily-paid (日割額) pay, which is refused; the two-month continuity test is the declared column, not derived from the contract. Probe JP-TAX-20-1 (June 2026, 1,430) written 2026-09-30 against the 令和8年分 日額表 丙欄 (data/08-14.xls; every 丙欄 row re-checked against the seeded band), not yet run.",statutory_contributions:INCOME_TAX; terms_facts.withholding_column,,JP-TAX-20-1,
JP-TAX-21,JP,bonus,"Bonus withholding: (bonus − social insurance on it) × the rate from the 賞与算出率の表 read by previous month's pay after social insurance and dependants (甲) or the 乙 column; if there was no prior-month pay or the bonus exceeds 10× prior-month pay, compute through the monthly table on prior-month pay plus 1/6 of the bonus (1/12 where the bonus period exceeds six months), multiplying the difference by 6 (or 12).",Income Tax Act art. 186; NTA 令和8年分 賞与に対する源泉徴収税額の算出率の表 pp.15–16 (https://www.nta.go.jp/publication/pamph/gensen/zeigakuhyo2026/01.htm),https://www.nta.go.jp/publication/pamph/gensen/zeigakuhyo2026/01.htm,2026-09-30,2025-12-01,,PARTIAL,"Configured 2026-09-30 as INCOME_TAX_BONUS (BONUS counts toward it): bonus after its 健康保険・厚生年金・支援金 standard-bonus shares and its pro-rata 雇用保険 share × the 算出率表 rate read on the previous month’s pay after insurance (甲 by dependants, 7+ one column; 乙 for OTSU and HEI); no previous-month pay or a bonus over ten times it uses (月額表 on bonus/6 + previous pay − 月額表 on previous pay) × 6 (§186(1)(i)ロ, (2)). The previous-month pay is the declared election prior_month_net_pay, refused when unrecorded, because the scheme site cannot read an earlier payslip (engine feature reported). Not configured: a computation period over six months (1/12 × 12) and the §186(3) December-bonus settlement option.",statutory_contributions:INCOME_TAX_BONUS; adhoc_catalogue:BONUS,,JP-SI-04-1; JP-SI-04-2; JP-SI-15-1,
JP-TAX-22,JP,tax,"Reconstruction surtax is 2.1% of income tax (tables and formulas embed ×102.1%) through 2026; for income from 1 January 2027 a 1% defense surtax is added and reconstruction falls to 1.1% (combined 2.1%), reported separately.","Special Reconstruction Funding Act arts. 13, 28; 令和8年度税制改正; NTA 防衛特別所得税及び復興特別所得税（源泉徴収関係）Q&A (May 2026) (https://www.nta.go.jp/publication/pamph/pdf/0026005-024_03.pdf)",https://www.nta.go.jp/publication/pamph/pdf/0026005-024_03.pdf,2026-09-30,2025-12-01,,PARTIAL,"The 2.1% 復興特別所得税 is folded into the sealed 令和7年分・令和8年分 tables, the 20.42% non-resident rate and the ×102.1% year-end step (configured 2026-09-30). Pay due from 1 January 2027 is refused in INCOME_TAX and INCOME_TAX_BONUS until the 令和9年分 tables (防衛特別所得税, zeigakuhyo2027) are sealed; separate reporting of the two surtaxes is not modelled.",statutory_contributions:INCOME_TAX; statutory_contributions:INCOME_TAX_BONUS,,JP-TAX-11-1; JP-TAX-25-1; JP-TAX-15-1,
JP-TAX-23,JP,tax,"Electronic-calculation special rule (電算機計算の特例) for 甲欄 monthly pay: A = pay after social insurance; subtract the formula salary deduction (e.g. JPY54,167 up to 158,333; 30%+6,667 …; cap 162,500), basic deduction (JPY48,334 up to 2,120,833, then 40,000/26,667/13,334/0) and JPY31,667 per spouse/dependant; tax on B at 5.105% … 45.945% less fixed amounts, rounded to JPY10.","Ministry of Finance Notice No.116 of 2012 as amended by No.123 of 30 April 2025 (令和8年分), NTA p.18 (https://www.nta.go.jp/publication/pamph/gensen/zeigakuhyo2026/data/18.pdf)",https://www.nta.go.jp/publication/pamph/gensen/zeigakuhyo2026/data/18.pdf,2026-09-30,2025-12-01,,PARTIAL,"令和8年分 formula proven: JP-TAX-23-1 3,100 on 255,930 (passed 2026-10-01). Unproven: the 令和7年分 別表 for December 2025 pay.",statutory_contributions:INCOME_TAX; facts.gensen_electronic_calculation,,JP-TAX-23-1,
JP-TAX-24,JP,tax,Fixed-amount tax reduction (定額減税): applied only to 令和6年分 (2024) income tax through June 2024 onward withholding and the 2024 year-end adjustment; no reduction applies to 2025 or 2026 payroll.,Act on Special Measures Concerning Taxation art. 41-3-3 et seq. (令和6年度税制改正); NTA 定額減税特設サイト (https://www.nta.go.jp/users/gensen/teigakugenzei/index.htm),https://www.nta.go.jp/users/gensen/teigakugenzei/index.htm,2026-09-29,2024-06-01,2024-12-31,NOT-APPLICABLE,Re-read 2026-09-29: the NTA site describes 令和6年分 only; nothing for 令和7/8年分. Resident-tax reductions arrive as municipal notices (JP-RES-01).,,,,
JP-TAX-25,JP,severance,"Retirement income deduction (退職所得控除): JPY400,000 × years of service up to 20 years, then JPY8m + 700,000 × years over 20; minimum JPY800,000; +JPY1m for retirement caused by disability; part-years count as a full year; overlapping prior retirement payments reduce it.","Income Tax Act art. 30(3), (6); NTA 令和8年分 退職所得控除額の表 p.17 (https://laws.e-gov.go.jp/law/340AC0000000033)",https://laws.e-gov.go.jp/law/340AC0000000033,2026-09-30,2025-12-01,,VERIFIED,"Every branch pinned (passed 2026-10-01): part year counted whole and 400,000 × years (JP-TAX-25-1, 16½ → 17 years), over 20 years 8m + 700,000 × excess and the 1,000,000 disability addition (JP-TAX-25-2), the overlap reduction and 800,000 floor (JP-TAX-28-1).",statutory_contributions:RETIREMENT_INCOME_TAX; statutory_contributions:RESIDENT_TAX_RETIREMENT; exit_facts.retirement_service_years; exit_facts.retirement_deduction_reduction_years; exit_facts.retirement_disability,,JP-TAX-25-1; JP-TAX-25-2; JP-TAX-28-1,2026-10-01
JP-TAX-26,JP,severance,"Taxable retirement income: general = (payment − deduction) × 1/2; specified-officer payments (officer service ≤5 years) = full excess; short-term payments (non-officer service ≤5 years) = 1/2 of the excess up to JPY3m plus the full excess above JPY3m (i.e. JPY1.5m + (payment − (3m + deduction))); floored to JPY1,000; tax = rate table (5%–45% less fixed amounts) × 102.1%, truncated to the yen.","Income Tax Act arts. 30(2), (4)–(5), 201; NTA 令和8年分 課税退職所得金額の算式の表・速算表 pp.17–18 (https://laws.e-gov.go.jp/law/340AC0000000033)",https://laws.e-gov.go.jp/law/340AC0000000033,2026-09-30,2025-12-01,,PARTIAL,"Seeded 2026-09-30 (lineage step resident-tax-retirement) in all 34 JP versions; probe written, not yet run on the production path. General (payment − deduction) × 1/2; 特定役員退職手当等 (retirement_officer_service_years ≥ the service years and ≤ 5) the whole excess; 短期退職手当等 (no officer years, service ≤ 5) half of the excess to 3m plus the rest whole; each to the JPY1,000 below (§201(1)(i)). An already-paid same-year allowance of the same kind is combined and its tax deducted (§201(1)(ii)イ–ハ). Not configured (refused): mixed officer and employee service with a five-year part (施行令 §71-2). Probes: JP-TAX-26-1 特定役員 (whole excess), JP-TAX-26-2 the mixed-service refusal, JP-TAX-28-1 the same-year combination (registered 2026-09-30, not yet run).",statutory_contributions:RETIREMENT_INCOME_TAX; statutory_contributions:RESIDENT_TAX_RETIREMENT; exit_facts.retirement_officer_service_years; exit_facts.retirement_prior_same_year_amount; exit_facts.retirement_prior_same_year_income_tax; exit_facts.retirement_prior_same_year_kind,,JP-TAX-25-1; JP-TAX-26-1; JP-TAX-26-2; JP-TAX-28-1,
JP-TAX-27,JP,severance,"Without the worker's 退職所得の受給に関する申告書, the payer withholds 20.42% of the whole retirement payment (no deduction); the worker settles by return.",Income Tax Act art. 201(3); NTA No.2732 (https://www.nta.go.jp/taxes/shiraberu/taxanswer/gensen/2732.htm),https://www.nta.go.jp/taxes/shiraberu/taxanswer/gensen/2732.htm,2026-09-30,2025-12-01,,VERIFIED,"JP-TAX-25-1 (passed 2026-10-01): Ito without the declaration is withheld 5,000,000 × 20.42% = 1,021,000, and 退職所得割 still applies the full computation (230,000).",statutory_contributions:RETIREMENT_INCOME_TAX; exit_facts.retirement_income_declaration,,JP-TAX-25-1,2026-10-01
JP-TAX-28,JP,severance,"Overlapping-service adjustment: for retirement payments received from 1 January 2026, a prior retirement payment received in the previous 9 years (4 years for payments before 2026) and a DC lump sum received from 2026 in the previous 9 years reduce the deduction for the overlapping service; DC lump sums keep the 19-year look-back.",Income Tax Act art. 30(6)(i) and Order art. 70 as amended by 令和7年度税制改正; NTA No.2732 (https://www.nta.go.jp/taxes/shiraberu/taxanswer/gensen/2732.htm),https://www.nta.go.jp/taxes/shiraberu/taxanswer/gensen/2732.htm,2026-09-30,2026-01-01,,PARTIAL,"Seeded 2026-09-30 (lineage step resident-tax-retirement) in all 34 JP versions; probe written, not yet run on the production path. The overlap reduction is a declared input: exit fact retirement_deduction_reduction_years — the years 施行令 §70(1) counts (an earlier allowance’s service folded in, or the overlap with an allowance received within four years, nine for one from 1 January 2026 where a DC lump sum from 2026 was received within nine, nineteen for a DC lump sum this year), fraction dropped (§70(3)), shortened by §70(2) — as the declaration states; the scheme subtracts their 退職所得控除 and applies the 800,000 floor. Not configured: deriving those years from recorded prior allowances and DC lump sums (no history of prior retirement payments is captured). Probe JP-TAX-28-1 (3 and 12 declared years, the second hitting the 800,000 floor) registered 2026-09-30, not yet run.",statutory_contributions:RETIREMENT_INCOME_TAX; statutory_contributions:RESIDENT_TAX_RETIREMENT; exit_facts.retirement_deduction_reduction_years,,JP-TAX-28-1,
JP-TAX-29,JP,tax,"令和7年分 (2025) year-end deductions: resident basic deduction JPY950,000 (total income ≤1.32m), 880,000 (≤3.36m), 680,000 (≤4.89m), 630,000 (≤6.55m), 580,000 (≤23.5m), then 480k/320k/160k/0; salary-income deduction minimum JPY650,000 (to JPY1.9m); new specified-relative special deduction for 19–22-year-olds; dependant income limit JPY580,000. Monthly withholding uses the revised tables from pay due January 2026.","Income Tax Act arts. 28, 86, 84-2; Act on Special Measures Concerning Taxation art. 41-16-2; NTA No.1199 and No.1410 (https://www.nta.go.jp/taxes/shiraberu/taxanswer/shotoku/1199.htm)",https://www.nta.go.jp/taxes/shiraberu/taxanswer/shotoku/1199.htm,2026-09-30,2025-12-01,2025-12-31,PARTIAL,"令和7年分 rules configured 2026-09-30 in the December 2025 versions (pay due in 2025): 別表第五 as of 2025-12-01 (e-Gov; JPY651,000–1.9m less 650,000, 1.9m–6.6m on the pay floored to JPY4,000, every row checked), 90% − 1.1m, − 1.95m; 基礎控除 95/88/68/63/58万 to 1.32/3.36/4.89/6.55/23.5m then 48/32/16万; 特定親族特別控除 and the JPY580,000 dependant income limit enter through the declared SPECIFIED_RELATIVE claim and dependant counts. No probe (the lineage’s December 2025 has no history before it).",statutory_contributions:INCOME_TAX,,,
JP-TAX-30,JP,tax,"Unpaid and retroactive wages: ordinary unpaid wages are withheld when actually paid (a partial payment withholds the proportional share of the full tax); retroactive wage differences take the payment date fixed in the wage agreement, or its effective date if none, and may be withheld by the ordinary-wage or bonus method; year-end adjustment includes unpaid wages due in the year.",NTA No.2526 (https://www.nta.go.jp/taxes/shiraberu/taxanswer/gensen/2526.htm); NTA No.2529 (https://www.nta.go.jp/taxes/shiraberu/taxanswer/gensen/2529.htm),https://www.nta.go.jp/taxes/shiraberu/taxanswer/gensen/2526.htm,2026-09-29,2025-12-01,,GAP,"Carried from the register's unpaid/retroactive-wage finding. JP lineage not yet seeded. The run's single optional pay_due_date and mark_paid's derived pay_date cannot represent actual payment dates/amounts, unpaid balances or distinct entitlement dates. Probe a fully unpaid wage paid later, two partial payments and a retroactive difference with/without an agreed date.",payroll.jp.wage_events,,,
JP-HR-19,JP,leave,"Childcare leave: until the child is 1 (up to two splits), extendable to 1.5 and 2 years where childcare is unavailable; both parents taking leave extends to 1 year 2 months (パパ・ママ育休プラス). The employer need not pay; EI benefits apply (JP-EI-04) and premiums are exempt (JP-SI-07).",Childcare and Family Care Leave Act arts. 5–9 (https://laws.e-gov.go.jp/law/403AC0000000076),https://laws.e-gov.go.jp/law/403AC0000000076,2026-09-30,2025-12-01,,PARTIAL,"Configured 2026-09-30: CHILDCARE_LEAVE unmetered (UNLIMITED), calendar days, paid_by FUND (EI 育児休業給付 outside payroll). Not configured: the age-1/1.5/2 and パパ・ママ育休プラス bounds and the two-part limit — the engine has no child-age window. No probe.",leave_catalogue:CHILDCARE_LEAVE,,,
JP-HR-20,JP,leave,"Postnatal paternity leave (産後パパ育休, 出生時育児休業): up to 4 weeks (28 days) within 8 weeks of birth, in up to two splits, requested normally 2 weeks ahead; work during it only by agreement within limits.",Childcare and Family Care Leave Act arts. 9-2–9-5 (https://laws.e-gov.go.jp/law/403AC0000000076),https://laws.e-gov.go.jp/law/403AC0000000076,2026-09-30,2025-12-01,,PARTIAL,"Configured 2026-09-30: POSTNATAL_CHILDCARE_LEAVE per event (BIRTH, MULTIPLE_BIRTH, ADOPTION), 28 calendar days, paid_by FUND. Not configured: the eight-weeks-from-birth window and the two-part limit. No probe.",leave_catalogue:POSTNATAL_CHILDCARE_LEAVE,,,
JP-HR-21,JP,leave,"Family-care leave up to 93 days per family member in up to three splits; family-care days off (介護休暇) 5 days per fiscal year (10 for two or more members), hourly allowed; unpaid unless the work rules say otherwise.","Childcare and Family Care Leave Act arts. 11–15, 16-5–16-6 (https://laws.e-gov.go.jp/law/403AC0000000076)",https://laws.e-gov.go.jp/law/403AC0000000076,2026-09-30,2025-12-01,,PARTIAL,"Configured 2026-09-30: FAMILY_CARE_LEAVE per FAMILY_CARE event 93 calendar days, paid_by FUND; FAMILY_CARE_DAYS 5/10 days a year from April by terms fact care_family_members, unpaid (is_npl, recorded default). Not configured: the 93 days and three parts across several entries for one family member; hourly days off. Probe JP-HR-21-1 registered, not yet run.",leave_catalogue:FAMILY_CARE_LEAVE; leave_catalogue:FAMILY_CARE_DAYS; terms_facts.care_family_members,,JP-HR-21-1,
JP-HR-22,JP,leave,"Child-nursing etc. leave (子の看護等休暇): 5 days per fiscal year for one child to the end of grade 3 (10 for two or more), hourly allowed; unpaid unless the work rules say otherwise (April 2025 scope expansion is JP-CC01).",Childcare and Family Care Leave Act arts. 16-2–16-4 (https://laws.e-gov.go.jp/law/403AC0000000076),https://laws.e-gov.go.jp/law/403AC0000000076,2026-09-30,2025-12-01,,PARTIAL,"Day branch proven: golden (5/10 days by child count, a child of 10 counts none) and JP-HR-22-1 (two unpaid days of 22, passed 2026-10-01). Not configured: hourly use, which 育児・介護休業法 §16-2(2) entitles the worker to.",leave_catalogue:CHILD_NURSING_LEAVE,JP — 労働基準法 §39 and 育児・介護休業法 leaves on every sealed version,JP-HR-22-1,
JP-FIL-01,JP,filing,算定基礎届: report April–June remuneration for every insured person by 10 July for the regular (September) grade decision.,Health Insurance Act art. 41; Employees' Pension Insurance Act art. 21; JPS regular decision (https://www.nenkin.go.jp/service/kounen/hokenryo/hoshu/20121017.html),https://www.nenkin.go.jp/service/kounen/hokenryo/hoshu/20121017.html,2026-09-29,2025-12-01,,EXTERNAL-RECORDED,"Declared 2026-10-01: a yearly duty due 10 July records the 算定基礎届 filing. The April–June remuneration and base days it reports are not generated (JP-SI-03). Raised by the daily obligation_calendar sweep on obligation_instances (due_on, amount_due, filed_on/reference evidence); no probe: the probe harness reads saved rows before it starts an automation, so an instance is not yet a production-path oracle. Due days are the statutory day; the move to the next business day where it falls on a holiday (国税通則法 §10(2), 地方税法 §20-5(2)) is not applied.",duty_types:STANDARD_REMUNERATION_REPORT,,,
JP-FIL-02,JP,filing,月額変更届: file promptly when a fixed-pay change and three months' remuneration meet the midyear revision test.,Health Insurance Act art. 43; Employees' Pension Insurance Act art. 23; JPS midyear revision (https://www.nenkin.go.jp/service/kounen/hokenryo/hoshu/20150515-02.html),https://www.nenkin.go.jp/service/kounen/hokenryo/hoshu/20150515-02.html,2026-09-29,2025-12-01,,EXTERNAL,New row 2026-09-29 (coverage pass). JP lineage not yet seeded. Employer filing; the product must detect the trigger (JP-SI-03).,obligations:JP_GEPPEN,,,
JP-FIL-03,JP,filing,賞与支払届: file within 5 days of each bonus payment (and a no-payment report for a registered bonus month).,Health Insurance Act art. 45; Employees' Pension Insurance Act art. 24-4; JPS bonus guidance (https://www.nenkin.go.jp/service/kounen/hokenryo/hoshu/20141203.html),https://www.nenkin.go.jp/service/kounen/hokenryo/hoshu/20141203.html,2026-09-29,2025-12-01,,EXTERNAL-RECORDED,"Declared 2026-10-01: a finalised run carrying HEALTH_BONUS or PENSION_BONUS raises the 賞与支払届 due five days after its pay date. The no-payment report for a registered bonus month is not declared. Raised by the daily obligation_calendar sweep on obligation_instances (due_on, amount_due, filed_on/reference evidence); no probe: the probe harness reads saved rows before it starts an automation, so an instance is not yet a production-path oracle. Due days are the statutory day; the move to the next business day where it falls on a holiday (国税通則法 §10(2), 地方税法 §20-5(2)) is not applied.",duty_types:BONUS_PAYMENT_REPORT,,,
JP-FIL-04,JP,filing,Health/pension acquisition and loss notifications (資格取得届・喪失届) within 5 days of the event; 70-plus and 75-plus transitions as in JP-SI-12.,Health Insurance Act art. 48; Employees' Pension Insurance Act art. 27; JPS acquisition (https://www.nenkin.go.jp/service/kounen/hokenryo/hoshu/20120330.html),https://www.nenkin.go.jp/service/kounen/hokenryo/hoshu/20120330.html,2026-09-29,2025-12-01,,EXTERNAL-RECORDED,"Declared 2026-10-01: a hire raises the 資格取得届 due five days after it; an exit raises the 資格喪失届 due five days after the loss day (the last day plus six). The 70- and 75-year transitions (JP-SI-12) are not declared. Raised by the daily obligation_calendar sweep on obligation_instances (due_on, amount_due, filed_on/reference evidence); no probe: the probe harness reads saved rows before it starts an automation, so an instance is not yet a production-path oracle. Due days are the statutory day; the move to the next business day where it falls on a holiday (国税通則法 §10(2), 地方税法 §20-5(2)) is not applied.",duty_types:SOCIAL_INSURANCE_ACQUISITION; duty_types:SOCIAL_INSURANCE_LOSS,,,
JP-FIL-05,JP,filing,"The 36 agreement must be filed with the labour standards office before overtime or holiday work is lawful, renewed at least annually.",Labour Standards Act art. 36(1); Enforcement Regulation art. 16–17 (https://laws.e-gov.go.jp/law/322M40000100023),https://laws.e-gov.go.jp/law/322M40000100023,2026-09-30,2025-12-01,,EXTERNAL,New row 2026-09-29 (coverage pass). JP lineage seeded 2026-09-30; only config_path is sealed for this row. Employer filing; the product must hold the filed period and limits to apply JP-OT-01.,obligations:JP_36_AGREEMENT,,,
