id,profile,area,provision,citation,url,source_checked,effective_from,effective_to,status,reason,config_path,golden,probe,verified_at
TH-WAGE-01,TH,minimum_wage,Select the geographic daily floor for each worked day across 77 provinces.,"Minimum Wage Notice 14 and Ministry's printed table (https://www.mol.go.th/wp-content/uploads/sites/2/2025/07/%E0%B8%9B%E0%B8%A3%E0%B8%B0%E0%B8%81%E0%B8%B2%E0%B8%A8-%E0%B8%84%E0%B8%88.%E0%B8%82%E0%B8%B1%E0%B9%89%E0%B8%99%E0%B8%95%E0%B9%88%E0%B8%B3-%E0%B8%8914-%E0%B8%A3%E0%B8%A7%E0%B8%A1.pdf), cls.2–18; 1 July 2025 commencement.",https://www.mol.go.th/wp-content/uploads/sites/2/2025/07/%E0%B8%9B%E0%B8%A3%E0%B8%B0%E0%B8%81%E0%B8%B2%E0%B8%A8-%E0%B8%84%E0%B8%88.%E0%B8%82%E0%B8%B1%E0%B9%89%E0%B8%99%E0%B8%95%E0%B9%88%E0%B8%B3-%E0%B8%8914-%E0%B8%A3%E0%B8%A7%E0%B8%A1.pdf,2026-09-29,2025-07-01,,VERIFIED,"Every branch the row named is now probed and passed 1179/1179 on 2026-10-01: cl.20 block on a monthly day (TH-WAGE-01-4), all 16 base-rate groups (-3), mid-period transfer by a new terms row (-5), semi-monthly and weekly comparators (-6, -7), per-work-day worksite (TH-WAGE-02-3). The 30 June/1 July 2025 cutover lies before the first version and the 1 Dec 2025 scope. Golden passes.",work_rules.wages.daily_by_worksite; work_rules.wages.authority; work_rules.ordinary_divisor_days,TH-WAGE-01 — every Notice 14 base-rate group blocks one satang below the day and pays the day,TH-WAGE-01-1; TH-WAGE-01-2; TH-WAGE-01-3; TH-WAGE-01-4; TH-WAGE-01-5; TH-WAGE-01-6; TH-WAGE-01-7; TH-WAGE-02-3,2026-10-01
TH-WAGE-02,TH,minimum_wage,"Apply Ko Samui, Mueang Chiang Mai and Hat Yai district overrides by actual establishment location, without changing the rest of Surat Thani, Chiang Mai or Songkhla.","Notice 14 and Ministry's printed table (https://www.mol.go.th/wp-content/uploads/sites/2/2025/07/%E0%B8%9B%E0%B8%A3%E0%B8%B0%E0%B8%81%E0%B8%B2%E0%B8%A8-%E0%B8%84%E0%B8%88.%E0%B8%82%E0%B8%B1%E0%B9%89%E0%B8%99%E0%B8%95%E0%B9%88%E0%B8%B3-%E0%B8%8914-%E0%B8%A3%E0%B8%A7%E0%B8%A1.pdf), cls.2–4.",https://www.mol.go.th/wp-content/uploads/sites/2/2025/07/%E0%B8%9B%E0%B8%A3%E0%B8%B0%E0%B8%81%E0%B8%B2%E0%B8%A8-%E0%B8%84%E0%B8%88.%E0%B8%82%E0%B8%B1%E0%B9%89%E0%B8%99%E0%B8%95%E0%B9%88%E0%B8%B3-%E0%B8%8914-%E0%B8%A3%E0%B8%A7%E0%B8%A1.pdf,2026-09-27,2025-07-01,,VERIFIED,"Province remainders (TH-WAGE-02-2), the work-day district crossing (-3) and the bare-province refusal (-4) now probed and passed 2026-10-01; harness asserts refusals (payroll-probe.ts `refused`). Golden passes.",work_rules.wages.daily_by_worksite,"TH-WAGE-02 — Songkhla/Hat Yai THB380 overrides the Songkhla remainder, and a bare province with a district refuses",TH-WAGE-02-1; TH-WAGE-02-2; TH-WAGE-02-3; TH-WAGE-02-4,2026-10-01
TH-WAGE-03,TH,minimum_wage,"Select nationwide THB400 for a hotel legally classified as type 2, 3 or 4; a type 1 hotel receives its applicable geographic rate unless another override applies.","Notice 14 cl.2 and Ministry explanation items 7, 12 (https://www.mol.go.th/wp-content/uploads/sites/2/2025/07/%E0%B8%9B%E0%B8%A3%E0%B8%B0%E0%B8%81%E0%B8%B2%E0%B8%A8-%E0%B8%84%E0%B8%88.%E0%B8%82%E0%B8%B1%E0%B9%89%E0%B8%99%E0%B8%95%E0%B9%88%E0%B8%B3-%E0%B8%8914-%E0%B8%A3%E0%B8%A7%E0%B8%A1.pdf); hotel-type regulation B.E.2566.",https://www.mol.go.th/wp-content/uploads/sites/2/2025/07/%E0%B8%9B%E0%B8%A3%E0%B8%B0%E0%B8%81%E0%B8%B2%E0%B8%A8-%E0%B8%84%E0%B8%88.%E0%B8%82%E0%B8%B1%E0%B9%89%E0%B8%99%E0%B8%95%E0%B9%88%E0%B8%B3-%E0%B8%8914-%E0%B8%A3%E0%B8%A7%E0%B8%A1.pdf,2026-09-27,2025-07-01,,VERIFIED,"Types 3/4 and type 1 keeping the geographic rate (TH-WAGE-03-2), the type-2 block (-3) and the unknown-sector refusal (-4) probed and passed 2026-10-01. Hotel type is the declared licence class (`worksite_sector`), an input. Golden passes.","work_rules.wages.daily_by_sector:HOTEL_TYPE_2,HOTEL_TYPE_3,HOTEL_TYPE_4","TH-WAGE-03 — hotel type 3, type 4 and a service establishment owe THB400 in Yala; a type 1 hotel keeps the geographic rate",TH-WAGE-03-1; TH-WAGE-03-2; TH-WAGE-03-3; TH-WAGE-03-4,2026-10-01
TH-WAGE-04,TH,minimum_wage,Enforce a full normal-day wage even where fewer hours worked; hazardous normal day can be seven hours.,Notice 14 cl.19 and explanation.,https://www.mol.go.th/wp-content/uploads/sites/2/2025/07/%E0%B8%9B%E0%B8%A3%E0%B8%B0%E0%B8%81%E0%B8%B2%E0%B8%A8-%E0%B8%84%E0%B8%88.%E0%B8%82%E0%B8%B1%E0%B9%89%E0%B8%99%E0%B8%95%E0%B9%88%E0%B8%B3-%E0%B8%8914-%E0%B8%A3%E0%B8%A7%E0%B8%A1.pdf,2026-09-27,2025-07-01,,PARTIAL,"Normal-day daily minimum and hazardous limits exist. Remaining implementation/source boundary: Actual hazardous normal-day divisor and hourly short-day full-normal-day qualification need scoped review; retained source alone does not close every pay-frequency branch. Required original inputs: Actual contractual normal day, attendance and hazardous classification. ",work_rules.wages.daily_by_worksite; work_rules.limits:hazardous_normal_week,"Thailand — Notice 14 daily minimum wage by province, district and sector on each worked day (TH-WAGE-01–04)",TH-WAGE-04-1; TH-WAGE-04-2; TH-WAGE-04-3; TH-WAGE-04-4; TH-WAGE-04-5; TH-WAGE-04-6,2026-09-29
TH-WAGE-05,TH,minimum_wage,"Route central, provincial and local government employment outside Notice 14's ordinary-employer schedule; a private contractor working for government is not automatically a government employer.",Ministry's Notice 14 explanation item 9 (https://www.mol.go.th/wp-content/uploads/sites/2/2025/07/%E0%B8%9B%E0%B8%A3%E0%B8%B0%E0%B8%81%E0%B8%B2%E0%B8%A8-%E0%B8%84%E0%B8%88.%E0%B8%82%E0%B8%B1%E0%B9%89%E0%B8%99%E0%B8%95%E0%B9%88%E0%B8%B3-%E0%B8%8914-%E0%B8%A3%E0%B8%A7%E0%B8%A1.pdf); Labour Protection Act (https://searchlaw.ocs.go.th/council-of-state/#/public/doc/ZGN3NXk0eENvNjBSdjRnT2NsdjFTQT09) (Council of State consolidation through Act No.9 B.E.2568).,https://www.mol.go.th/wp-content/uploads/sites/2/2025/07/%E0%B8%9B%E0%B8%A3%E0%B8%B0%E0%B8%81%E0%B8%B2%E0%B8%A8-%E0%B8%84%E0%B8%88.%E0%B8%82%E0%B8%B1%E0%B9%89%E0%B8%99%E0%B8%95%E0%B9%88%E0%B8%B3-%E0%B8%8914-%E0%B8%A3%E0%B8%A7%E0%B8%A1.pdf,2026-10-03,2025-07-01,,IMPLEMENTED,"Full stated ordinary-Notice14 scope routing integrated: actual owned original employer-class proof required at terms admission/payroll, matches saved company; central/provincial/local government refuses ordinary-LPA pricing, PRIVATE contractor remains ordinary despite government client/premises. Separate positive public s4/1 remuneration remains ADMIN03, not this exclusion-only row. Source implementation unverified; no tests.","seed/jurisdiction/TH/jurisdiction_settings.json:terms_facts.original_employer_legal_class,checks.ORIGINAL_EMPLOYER_SCOPE_TERMS_CHANGE,checks.ORIGINAL_EMPLOYER_SCOPE_PAYSLIP,checks.PUBLIC_EMPLOYER_OUTSIDE_LPA; reference_rows:EMPLOYER_LEGAL_CLASS; src/lib/person-facts.ts; src/data/collection/employment_terms/+collection.ts; src/lib/payroll/run/gather.ts",,TH-WAGE-05-1; TH-WAGE-05-2,
TH-WAGE-06,TH,records,Post every effective geographic and skill-standard wage notice visibly at each covered workplace throughout its effective period.,Labour Protection Act s.90 (https://searchlaw.ocs.go.th/council-of-state/#/public/doc/ZGN3NXk0eENvNjBSdjRnT2NsdjFTQT09) (Council of State consolidation through Act No.9 B.E.2568).,https://searchlaw.ocs.go.th/council-of-state/#/public/doc/ZGN3NXk0eENvNjBSdjRnT2NsdjFTQT09,2026-09-27,2025-07-01,,EXTERNAL,"No location-specific statutory-notice display/version evidence; human organisational duty. State: Open/External: correct Notice 14 and Notices 13–15 by effective date, worksite and activity; posting receipt/photo and removal on supersession. Former register state: No [EXTERNAL 2026-09-29]. Inputs → output: Dated workplace, inspector delivery/receipt of applicable notice/version, display start/end and evidence → posted-notice compliance. Profile: workplace/notice-effective interval; from 1 Dec 2025.",,,,
TH-WAGE-07,TH,minimum_wage,"Select nationwide THB400 for a covered commercial service establishment under the Service Establishment Act, separately from hotel classification or a generic food, drink, entertainment or wellness industry label.","Notice 14 cl.2 and Ministry explanation items 7, 13 (https://www.mol.go.th/wp-content/uploads/sites/2/2025/07/%E0%B8%9B%E0%B8%A3%E0%B8%B0%E0%B8%81%E0%B8%B2%E0%B8%A8-%E0%B8%84%E0%B8%88.%E0%B8%82%E0%B8%B1%E0%B9%89%E0%B8%99%E0%B8%95%E0%B9%88%E0%B8%B3-%E0%B8%8914-%E0%B8%A3%E0%B8%A7%E0%B8%A1.pdf); Service Establishment Act as amended B.E.2546.",https://www.mol.go.th/wp-content/uploads/sites/2/2025/07/%E0%B8%9B%E0%B8%A3%E0%B8%B0%E0%B8%81%E0%B8%B2%E0%B8%A8-%E0%B8%84%E0%B8%88.%E0%B8%82%E0%B8%B1%E0%B9%89%E0%B8%99%E0%B8%95%E0%B9%88%E0%B8%B3-%E0%B8%8914-%E0%B8%A3%E0%B8%A7%E0%B8%A1.pdf,2026-10-03,2025-07-01,,IMPLEMENTED,"Nationwide400 floor selects SERVICE_ESTABLISHMENT independently of hotel classification. Actual owned original Service Establishment Act commercial-business assessment, exact worksite and dated scope required at terms/payroll; contradictory generic-sector or out-of-window source refuses. Hotel/food/drink/wellness label alone neither proves nor removes this floor. Existing regional/skill higher-floor composition retained. Full stated source scope implemented, unverified; no tests.","seed/jurisdiction/TH/jurisdiction_settings.json:work_rules.wages.daily_by_sector.SERVICE_ESTABLISHMENT,terms_facts.service_establishment_covered,service_establishment_worksite,service_establishment_assessed_from,service_establishment_assessed_through; checks.SERVICE_ESTABLISHMENT_ORIGINAL_SCOPE_TERMS_CHANGE,checks.SERVICE_ESTABLISHMENT_ORIGINAL_SCOPE_PAYSLIP; src/data/collection/employment_terms/+collection.ts; src/lib/payroll/contribution.ts","TH-WAGE-03 — hotel type 3, type 4 and a service establishment owe THB400 in Yala; a type 1 hotel keeps the geographic rate",TH-WAGE-07-1; TH-WAGE-07-2,2026-09-29
TH-WAGE-08,TH,minimum_wage,Route employees of a state enterprise governed by the State Enterprise Labour Relations Act separately from government workers and private Notice 14 employers.,Ministry's Notice 14 explanation item 9 (https://www.mol.go.th/wp-content/uploads/sites/2/2025/07/%E0%B8%9B%E0%B8%A3%E0%B8%B0%E0%B8%81%E0%B8%B2%E0%B8%A8-%E0%B8%84%E0%B8%88.%E0%B8%82%E0%B8%B1%E0%B9%89%E0%B8%99%E0%B8%95%E0%B9%88%E0%B8%B3-%E0%B8%8914-%E0%B8%A3%E0%B8%A7%E0%B8%A1.pdf).,https://www.mol.go.th/wp-content/uploads/sites/2/2025/07/%E0%B8%9B%E0%B8%A3%E0%B8%B0%E0%B8%81%E0%B8%B2%E0%B8%A8-%E0%B8%84%E0%B8%88.%E0%B8%82%E0%B8%B1%E0%B9%89%E0%B8%99%E0%B8%95%E0%B9%88%E0%B8%B3-%E0%B8%8914-%E0%B8%A3%E0%B8%A7%E0%B8%A1.pdf,2026-10-03,2025-07-01,,IMPLEMENTED,"Full stated state-enterprise versus government/private routing integrated: distinct STATE_ENTERPRISE source code, original owned legal-class/instrument proof at terms/payroll and saved-company identity match; State Enterprise Labour Relations Act employer refuses ordinary Notice14 pricing independently of government classification. Does not claim a state-enterprise remuneration instrument. Source implementation unverified; no tests.","seed/jurisdiction/TH/jurisdiction_settings.json:terms_facts.original_employer_legal_class,checks.ORIGINAL_EMPLOYER_SCOPE_TERMS_CHANGE,checks.ORIGINAL_EMPLOYER_SCOPE_PAYSLIP,checks.PUBLIC_EMPLOYER_OUTSIDE_LPA; reference_rows:EMPLOYER_LEGAL_CLASS.STATE_ENTERPRISE; src/data/collection/employment_terms/+collection.ts",,TH-WAGE-08-1; TH-WAGE-05-2,
TH-WAGE-09,TH,minimum_wage,Assess the specific work's economic-profit purpose for the explanation's exclusion; tax-exempt or charitable incorporation alone does not determine whether its work seeks economic profit.,Ministry's Notice 14 explanation item 9 (https://www.mol.go.th/wp-content/uploads/sites/2/2025/07/%E0%B8%9B%E0%B8%A3%E0%B8%B0%E0%B8%81%E0%B8%B2%E0%B8%A8-%E0%B8%84%E0%B8%88.%E0%B8%82%E0%B8%B1%E0%B9%89%E0%B8%99%E0%B8%95%E0%B9%88%E0%B8%B3-%E0%B8%8914-%E0%B8%A3%E0%B8%A7%E0%B8%A1.pdf).,https://www.mol.go.th/wp-content/uploads/sites/2/2025/07/%E0%B8%9B%E0%B8%A3%E0%B8%B0%E0%B8%81%E0%B8%B2%E0%B8%A8-%E0%B8%84%E0%B8%88.%E0%B8%82%E0%B8%B1%E0%B9%89%E0%B8%99%E0%B8%95%E0%B9%88%E0%B8%B3-%E0%B8%8914-%E0%B8%A3%E0%B8%A7%E0%B8%A1.pdf,2026-09-27,2025-07-01,,IMPLEMENTED,Actual work_economic_profit classification selects Notice14 scope independently of charitable incorporation; skill floor stays applicable. Full literal source scope implemented; financial/workflow verification has not run. Required original inputs: Actual dated work-purpose/legal classification. ,terms_facts:wage_route; reference_rows:WAGE_ROUTE; checks:WAGE_ROUTE_SPECIAL_RULE,,TH-WAGE-09-1,
TH-WAGE-10,TH,minimum_wage,Route actual maritime-vessel cargo loading/unloading through its special wage rules; ordinary warehouse or port logistics work is not enough for the Notice 14 explanation's exclusion.,Ministry's Notice 14 explanation item 9 (https://www.mol.go.th/wp-content/uploads/sites/2/2025/07/%E0%B8%9B%E0%B8%A3%E0%B8%B0%E0%B8%81%E0%B8%B2%E0%B8%A8-%E0%B8%84%E0%B8%88.%E0%B8%82%E0%B8%B1%E0%B9%89%E0%B8%99%E0%B8%95%E0%B9%88%E0%B8%B3-%E0%B8%8914-%E0%B8%A3%E0%B8%A7%E0%B8%A1.pdf); Labour Protection Act s.22 (https://searchlaw.ocs.go.th/council-of-state/#/public/doc/ZGN3NXk0eENvNjBSdjRnT2NsdjFTQT09) (Council of State consolidation through Act No.9 B.E.2568).,https://www.mol.go.th/wp-content/uploads/sites/2/2025/07/%E0%B8%9B%E0%B8%A3%E0%B8%B0%E0%B8%81%E0%B8%B2%E0%B8%A8-%E0%B8%84%E0%B8%88.%E0%B8%82%E0%B8%B1%E0%B9%89%E0%B8%99%E0%B8%95%E0%B9%88%E0%B8%B3-%E0%B8%8914-%E0%B8%A3%E0%B8%A7%E0%B8%A1.pdf,2026-09-27,2025-07-01,,PARTIAL,SHIP_CARGO wage_route and special-rule warning exist. Remaining implementation/source boundary: Maritime cargo-handler task qualification and signed specialist rate instrument lack an operative wage consumer. Required original inputs: Actual vessel cargo-loading task and specialist instrument. ,terms_facts:wage_route; reference_rows:WAGE_ROUTE; checks:WAGE_ROUTE_SPECIAL_RULE,,TH-WAGE-10-1,
TH-WAGE-11,TH,minimum_wage,Route a genuine commissioned home worker to the Home Workers Protection Act while retaining Notice 14 assessment for an employee merely working remotely under an ordinary employment contract.,"Ministry's Notice 14 explanation item 9 (https://www.mol.go.th/wp-content/uploads/sites/2/2025/07/%E0%B8%9B%E0%B8%A3%E0%B8%B0%E0%B8%81%E0%B8%B2%E0%B8%A8-%E0%B8%84%E0%B8%88.%E0%B8%82%E0%B8%B1%E0%B9%89%E0%B8%99%E0%B8%95%E0%B9%88%E0%B8%B3-%E0%B8%8914-%E0%B8%A3%E0%B8%A7%E0%B8%A1.pdf); Home Workers Protection Act, Ministry index (https://www.mol.go.th/laws/%E0%B8%9E%E0%B8%A3%E0%B8%B0%E0%B8%A3%E0%B8%B2%E0%B8%8A%E0%B8%9A%E0%B8%B1%E0%B8%8D%E0%B8%8D%E0%B8%B1%E0%B8%95%E0%B8%B4-%E0%B8%84%E0%B8%B8%E0%B9%89%E0%B8%A1%E0%B8%84%E0%B8%A3%E0%B8%AD%E0%B8%87%E0%B8%9C).",https://www.mol.go.th/wp-content/uploads/sites/2/2025/07/%E0%B8%9B%E0%B8%A3%E0%B8%B0%E0%B8%81%E0%B8%B2%E0%B8%A8-%E0%B8%84%E0%B8%88.%E0%B8%82%E0%B8%B1%E0%B9%89%E0%B8%99%E0%B8%95%E0%B9%88%E0%B8%B3-%E0%B8%8914-%E0%B8%A3%E0%B8%A7%E0%B8%A1.pdf,2026-09-27,2025-07-01,,VERIFIED,"Both branches probed and passed 2026-10-01: HOME_WORK route refused by SPECIAL_STATUTE_WORK (TH-WAGE-11-1, generated case) and a remote NOTICE_14 employee paid ordinarily (-2). config_path resolves (WAGE_ROUTE table, SPECIAL_STATUTE_WORK check in seed). HWPA duties are TH-HR-21 (EXTERNAL); the home-worker relation is a declared input.",terms_facts:wage_route; reference_rows:WAGE_ROUTE; checks:SPECIAL_STATUTE_WORK,,TH-WAGE-11-1; TH-WAGE-11-2,2026-10-01
TH-WAGE-12,TH,minimum_wage,Apply the explanation's agriculture exclusion only where the work is not hired year-round and is not continuous industrial work following agriculture; ordinary Notice 14 must not be dropped solely because the employer farms.,"Ministry's Notice 14 explanation item 9 and agriculture examples (https://www.mol.go.th/wp-content/uploads/sites/2/2025/07/%E0%B8%9B%E0%B8%A3%E0%B8%B0%E0%B8%81%E0%B8%B2%E0%B8%A8-%E0%B8%84%E0%B8%88.%E0%B8%82%E0%B8%B1%E0%B9%89%E0%B8%99%E0%B8%95%E0%B9%88%E0%B8%B3-%E0%B8%8914-%E0%B8%A3%E0%B8%A7%E0%B8%A1.pdf); 2014 agriculture regulation, Ministry index (https://www.mol.go.th/laws/%E0%B8%81%E0%B8%8E%E0%B8%81%E0%B8%A3%E0%B8%B0%E0%B8%97%E0%B8%A3%E0%B8%A7%E0%B8%87-%E0%B8%84%E0%B8%B8%E0%B9%89%E0%B8%A1%E0%B8%84%E0%B8%A3%E0%B8%AD%E0%B8%87%E0%B9%81%E0%B8%A3%E0%B8%87%E0%B8%87-2).",https://www.mol.go.th/wp-content/uploads/sites/2/2025/07/%E0%B8%9B%E0%B8%A3%E0%B8%B0%E0%B8%81%E0%B8%B2%E0%B8%A8-%E0%B8%84%E0%B8%88.%E0%B8%82%E0%B8%B1%E0%B9%89%E0%B8%99%E0%B8%95%E0%B9%88%E0%B8%B3-%E0%B8%8914-%E0%B8%A3%E0%B8%A7%E0%B8%A1.pdf,2026-10-03,2025-07-01,,IMPLEMENTED,"Full stated wage-route qualification integrated: actual owned proof of defined agriculture, worker not hired year-round and no continuous industrial follow-on required at terms/payroll. Contradictory/unknown seasonal selection refuses; year-round/industrial agriculture remains ordinary Notice14/LPA, company farming label gives no exclusion. Signed2014MRclauses2–4; broader special welfare remains HR18. Unverified, no tests.","seed/jurisdiction/TH/jurisdiction_settings.json:terms_facts.agriculture_scope_verified,agriculture_scope_reference,agriculture_within_defined_work,agriculture_employed_year_round,agriculture_continuous_industrial_work; checks.AGRICULTURE_ORIGINAL_SCOPE_TERMS_CHANGE,checks.AGRICULTURE_ORIGINAL_SCOPE_PAYSLIP; work_rules wage_route; src/data/collection/employment_terms/+collection.ts",,TH-WAGE-12-1,
TH-SKILL-01,TH,minimum_wage,"Select the applicable skill-standard occupation/grade daily floor, in addition to geographic floor.","Wage Committee skill-standard Notice13 official Ministry PDF, signed cls4–7 and129occupation/261grade summary (https://www.mol.go.th/wp-content/uploads/sites/2/2024/01/ประกาศอัตราค่าจ้างตามมาตรฐานฝีมือ-ฉบับที่-13-และคำชี้แจงประกาศ-ฯ-2.pdf); Notice14 Gazette142 special225Ngor20June2025 pp20–21 cls3–6 (https://ratchakitcha.soc.go.th/documents/73261.pdf), independently reconciled official PRD summary and12new+MICEgrade2 classification (https://saraburi.prd.go.th/th/content/category/detail/id/516/iid/391118); Notice15 Gazette117083 cls3–6 (https://ratchakitcha.soc.go.th/documents/117083.pdf). Read3October2026.",https://www.mol.go.th/%E0%B8%AD%E0%B8%B1%E0%B8%95%E0%B8%A3%E0%B8%B2%E0%B8%84%E0%B9%88%E0%B8%B2%E0%B8%88%E0%B9%89%E0%B8%B2%E0%B8%87%E0%B8%82%E0%B8%B1%E0%B9%89%E0%B8%99%E0%B8%95%E0%B9%88%E0%B8%B3,2026-10-03,2025-12-01,,PARTIAL,"Notices13–14 occupation/grade tables integrated across all8 effective settings: Notice13 signed clauses4(1)–(129) reconcile261 numeric-summary grade rates; Notice14 Gazette clauses3(1)–(13) adds14 grade rates for12 new occupations and grade2 MICE electrician, preserving Notice13 grade1. Notice15 six rates retain14September2026 commencement. Actual typed occupation/grade selector, original certificate dossier, whole/partial qualifying duties, employer-receipt start and dated higher geographic/sector/skill floor are integrated. Actual statutory skill-floor scope excludes household, seasonal-agriculture, vessel and other excluded routes; selecting a skill code no longer overrides actual non-profit-purpose exclusion. Remaining: simultaneous qualifying certified standards require a highest-applicable multi-standard selector. Unverified.","seed/jurisdiction/TH/reference_rows.json:SKILL_STANDARD Notice13(261×8),Notice14(14×8),Notice15; jurisdiction_settings.json:tables,terms_facts,work_rules.wages.daily_floor; src/lib/payroll/contribution.ts dated floor; src/data/collection/fact_evidence/+collection.ts original owned certificate",,,
TH-SKILL-02,TH,minimum_wage,"Pay Notice 15's welder, solar-installer and robot-maintenance rates, including partial-duty coverage and certificate-receipt start.","Gazette Notice 15 (https://ratchakitcha.soc.go.th/documents/117083.pdf), cls.3–6. Re-read: Gazette Notice 15 (https://ratchakitcha.soc.go.th/documents/117083.pdf) (Wage Committee, vol.143 special part 150 Ngor pp.17–18, published 16 June 2026, signed 29 January 2026; LPA ss.79(4), 88), cls.1, 3–6; read 29 September 2026.",https://ratchakitcha.soc.go.th/documents/117083.pdf,2026-09-29,2026-09-14,,IMPLEMENTED,"Notice15 six occupation/grade rates are dated from14September2026 in all five applicable effective settings; earlier settings precede this notice. Actual skill table selection, all/part qualifying duties, original certificate evidence and employer receipt-effective terms are required. Live dated payroll daily-floor consumer combines the selected skill floor with regional/sector floor and checks actual pay, including hourly required-day quantities. Native fact_evidence verifies owned hash/positive bytes/approval/observed time and protects consumed identities. Other Notices13–14 remain TH-SKILL-01 scope. Unverified.","reference_rows:SKILL_STANDARD (six rates×five applicable settings); terms_facts:skill_standard,skill_certificate_received_on,skill_qualifying_duties; checks:SKILL_ORIGINAL_SOURCE_TERMS_CHANGE,SKILL_ORIGINAL_SOURCE_PAYSLIP; work_rules.wages.daily_floor; src/lib/payroll/contribution.ts dated floor consumer; src/data/collection/fact_evidence/+collection.ts; src/lib/owned-source-files.ts",,TH-SKILL-02-1; TH-SKILL-02-2; TH-SKILL-02-3; TH-SKILL-02-4; TH-SKILL-02-5,
TH-SKILL-03,TH,minimum_wage,Classify student hourly-wage notice without treating its THB40 advice as a blanket exemption.,"Signed student Notice 2 (https://infocenter.oic.go.th/FILEWEB/CABINFOCENTER3/DRAWER052/GENERAL/DATA0000/00000536.PDF), cls.3–5; Notice 14.",https://infocenter.oic.go.th/FILEWEB/CABINFOCENTER3/DRAWER052/GENERAL/DATA0000/00000536.PDF,2026-09-27,2025-12-01,,VERIFIED,"Owner rule 2026-10-01 (no student rate; employed student held to Notice 14) probed and passed 2026-10-01: THB40/hour four-hour student refused below Bangkok 400 (TH-SKILL-03-1). Genuine course placement is not employment, outside payroll.",work_rules.wages.daily_by_worksite,,TH-SKILL-03-1,2026-10-01
TH-WORK-02,TH,overtime,"Price ordinary, holiday and overtime wages at statutory minimum multiples and preserve separate holiday pay.",Labour Protection Act ss.61–64.,https://searchlaw.ocs.go.th/council-of-state/#/public/doc/ZGN3NXk0eENvNjBSdjRnT2NsdjFTQT09,2026-09-27,2025-12-01,,VERIFIED,,work_rules.bands,"Thailand — s.61 1.5×, s.62(1) +1× holiday work, s.63 3× holiday overtime at monthly ÷ 30 ÷ 8 (s.68)",TH-WORK-02-1; TH-WORK-06-1; TH-WORK-08-1,2026-09-30
TH-WORK-03,TH,overtime,"Apply 2009 guard compensation before 24 April 2026 and the replacement 1.25×/2.5× overtime from then; allow an agreed normal day over eight hours inside a 48-hour week, with distinct extra compensation for a non-monthly guard.","2025 Gazette regulation, effective 2026 (https://ratchakitcha.soc.go.th/documents/68372.pdf); 2009 regulation, official MoL copy (https://www.mol.go.th/wp-content/uploads/sites/2/2018/07/181.pdf).",https://ratchakitcha.soc.go.th/documents/68372.pdf,2026-09-30,2026-04-24,,PARTIAL,"Dated old/new guard premium bands, extra normal/holiday compensation and actual redistribution sources exist. Remaining implementation/source boundary: Full irregular/long normal-day source qualification and actual piece/retained-cash distinctions require separate source review; guard holiday compensation is not proof of the whole row. Required original inputs: Actual guard classification, normal-day agreement and approved quantities. ","work_rules.bands; work_rules.bands:GUARD_NORMAL_SUPPLEMENT; work_rules.shift_day_hours; work_rules.redistributed_hours; work_rules.day_rules:redistribution_agreement, redistribution_supplement; work_rules.limits:ordinary_normal_week.enforced_at_payroll; work_day_facts:normal_hours_redistribution_agreed_at; work_rules.overtime_unit_hours; work_rules.bands:GUARD_HOLIDAY_NORMAL_COMPENSATION",Thailand — weekly normal overtime uses worked hours: ${missingHours} absent on ${missingDate} (TH-WORK-03),TH-WORK-03-1; TH-WORK-03-2; TH-WORK-03-3; TH-WORK-03-4; TH-WORK-03-5,2026-09-29
TH-WORK-04,TH,wages,"Classify each pay component against the LPA s.5 wage definition (money for normal working time by period or output, including holiday and leave pay due under the Act); record the sourced exclusion that the Act contains no bonus or 13th-month duty.","Labour Protection Act s.5 (https://searchlaw.ocs.go.th/council-of-state/#/public/doc/ZGN3NXk0eENvNjBSdjRnT2NsdjFTQT09) (Council of State consolidation through Act No.9 B.E.2568) (definitions of ค่าจ้าง, ค่าล่วงเวลา, ค่าทำงานในวันหยุด).",https://searchlaw.ocs.go.th/council-of-state/#/public/doc/ZGN3NXk0eENvNjBSdjRnT2NsdjFTQT09,2026-09-27,2025-12-01,,PARTIAL,"Actual CONTRACTUAL_NORMAL_WAGE monthly catalogue, owned class-qualified dossier and monthly s68 premium axis are adopted; BONUS/reimbursement distinctions remain. Remaining implementation/source boundary: Daily/hourly/weekly mixed fixed-allowance rate conversion and every component statutory-axis classification are not implemented by the monthly-only source. Required original inputs: Actual signed monthly amount, normal-time classification and original owned documents. ",adhoc_catalogue:BONUS.counts_toward; statutory_contributions:SSO,,TH-SS-13-1; TH-SS-13-2; TH-SS-13-3; TH-PIT-03-1,
TH-WORK-05,TH,overtime,"Derive the hourly rate of a monthly-paid employee as monthly wage ÷ (30 × average normal daily hours) for OT, holiday work and holiday OT.",Labour Protection Act s.68 (https://searchlaw.ocs.go.th/council-of-state/#/public/doc/ZGN3NXk0eENvNjBSdjRnT2NsdjFTQT09) (Council of State consolidation through Act No.9 B.E.2568).,https://searchlaw.ocs.go.th/council-of-state/#/public/doc/ZGN3NXk0eENvNjBSdjRnT2NsdjFTQT09,2026-09-29,2025-12-01,,VERIFIED,"Eight-hour (TH-WORK-05-1) and seven-hour (TH-WORK-05-2) divisors both probed and passed 2026-10-01; golden passes. Weekly/daily/hourly month conversions are `work_rules.rate_conversions`, a separate recorded default.",work_rules.ordinary_divisor_days; work_rules.proration.by; work_rules.rate_conversions,"TH-WORK-05 — THB18,000 a month is THB75 an hour: one planned overtime hour is THB112.50 (LPA s.68, s.61)",TH-WORK-05-1; TH-WORK-05-2,2026-10-01
TH-WORK-06,TH,overtime,"Apply working-day OT ≥1.5× (piece rate 1.5× per unit); holiday work +≥1× for staff paid for holidays, ≥2× for staff not paid; holiday OT ≥3×; pay s.62/63 rates where holidays are not given (s.64). Exclude s.65 classes from OT/holiday OT: (1) authority over hiring, rewards or dismissal; (2) commission sales; (3) railway train operations; (4) water gates; (5) water-level reading; (6) firefighting/public-danger prevention; (7) outside work with no fixable hours; (8) watchman outside normal duties; (9) others by MR — classes (3)–(9) get the hourly rate per hour worked; s.66 removes only class (1) from s.62. s.72: no s.61/63 OT while travelling to another locality unless agreed; holiday travel paid at a working-day wage to staff not paid for holidays.","Labour Protection Act ss.61–66, 72 (https://searchlaw.ocs.go.th/council-of-state/#/public/doc/ZGN3NXk0eENvNjBSdjRnT2NsdjFTQT09) (Council of State consolidation through Act No.9 B.E.2568).",https://searchlaw.ocs.go.th/council-of-state/#/public/doc/ZGN3NXk0eENvNjBSdjRnT2NsdjFTQT09,2026-09-30,2025-12-01,,PARTIAL,"Statutory premium bands, piece output, s65/s66 contractual awards, s72 split travel awards and actual denied-holiday remedies are present. Remaining implementation/source boundary: Full enumerated s65 duty/source classification and actual piece/special-route composition remain scoped implementation/source review; denied-holiday source capture does not certify every premium path. Required original inputs: Actual eligible duties, approved time/output, journey/contract and retained original cash. ","work_rules.bands; work_rules.bands:S65-OT-HOURLY-1.0X, S65-OT-EXCLUDED; payroll.vocabularies.work_classification:COMMISSION_SALES, OVERTIME_AT_HOURLY_RATE","Thailand — overtime is withheld as an occasional payment (P.96/2543 cl.1(5)), and s.65(1) managers earn no overtime",TH-WORK-06-1; TH-WORK-06-2; TH-WORK-08-1; TH-WORK-06-3; TH-WORK-06-4,2026-09-29
TH-WORK-07,TH,hours,"Enforce normal hours ≤8/day (redistributed days ≤9/day) and ≤48/week, hazardous ≤7/day and ≤42/week, with no overtime or holiday work in hazardous work (s.31); OT and holiday work need consent each time except continuous/emergency work and s.25 listed businesses (hotels, entertainment, transport, food/drink shops, clubs, associations, health facilities, MR); weekly OT + holiday-work cap per MR; ≥1h break after ≤5 hours, breaks over 2h/day count as working time. Pregnant employees: no 22:00–06:00, OT or holiday work, except working-day OT with consent in executive, academic, administrative or finance roles (s.39/1). Under-18s: a continuous one-hour rest after at most four hours of work (s.46), no 22:00–06:00 without written Director-General permission (s.47), and no OT or holiday work (s.48).","Labour Protection Act ss.23–27, 31, 39/1, 46–48 (https://searchlaw.ocs.go.th/council-of-state/#/public/doc/ZGN3NXk0eENvNjBSdjRnT2NsdjFTQT09) (Council of State consolidation through Act No.9 B.E.2568); Ministerial Regulation No.3 (B.E.2541).",https://searchlaw.ocs.go.th/council-of-state/#/public/doc/ZGN3NXk0eENvNjBSdjRnT2NsdjFTQT09,2026-10-03,2025-12-01,,PARTIAL,"Actual ordinary-LPA overtime/holiday occasion consent and original evidenced exceptions are source-configured in all8 settings. Listed holiday-business exception now applies only to actual holiday work at or below normal hours; beyond-normal holiday work requires prior consent unless separately evidenced continuous-damage/emergency ground. Adult s27 continuous-work+consent/urgent rest exception consumes actual dated original day facts in payroll, native import and scheduling; independent under18 s46 rest remains intact; s27 pre-overtime20minute rest now triggers strictly above2hours, preserving the lawful exact2hour boundary. Remaining: adult_rest_over_two_hours currently declares the s27 paid-excess-rest requirement as a day-rule finding; an actual priced normal-hours/cash producer for recorded rest exceeding120minutes is not identified. Normal48/42hour ceilings now explicitly count emergency-marked normal hours;36hour exclusion requires original s24/25 emergency/continuous-damage evidence. Actual occasion_excluded_when now excludes original qualified continuous-damage/emergency hours independently of a global emergency flag across native caps and scheduling headroom;36hour threshold unchanged. A warning alone does not satisfy paid excess-rest wage treatment. Unverified. Actual source normal_paid_rest now prices timed original shift-gap excess above120minutes for non-output ordinary-LPA wages and includes normal/weekly total counters; physical worked time remains separate. Household/seasonal retained-section exclusions applied. Remaining output-paid actual hourly normal-wage valuation and planned native cap transport; WORK07 stays PARTIAL.","seed/jurisdiction/TH/jurisdiction_settings.json:work_rules.overtime_consent.exception_when,breaks,work_day_facts; src/lib/payroll/work.ts actual exception consumer; src/lib/scheduling/rest-break.ts; src/lib/payroll/run/overtime.ts; src/data/collection/work_days/lib/import-month.ts; work_rules.normal_paid_rest; src/lib/payroll/work.ts; src/lib/payroll/work-bands.ts","Thailand — overtime and holiday work together cannot exceed 36 hours in a week (LPA s.26, MR No.3)",TH-WORK-07-1; TH-WORK-07-2; TH-WORK-07-3; TH-WORK-07-4; TH-WORK-07-5; TH-WORK-07-6; TH-WAGE-04-5; TH-WORK-03-4; TH-WORK-07-7; TH-WORK-07-8; TH-WORK-07-9; TH-WORK-07-10; TH-WORK-07-11; TH-WORK-07-12; TH-WORK-07-13; TH-WORK-07-14; TH-WORK-07-15; TH-WORK-07-16; TH-WORK-07-17; TH-WORK-07-18,2026-09-29
TH-WORK-08,TH,rest_holiday,"Give ≥1 weekly holiday no more than 6 days apart (accumulate/postpone within 4 consecutive weeks by agreement for hotel, transport, forest, remote and MR work); announce ≥13 traditional holidays including National Labour Day, moving one that falls on a weekly holiday to the next working day (substitute day or holiday pay for MR-listed work); weekly-holiday pay not owed to daily, hourly or piece-rate staff, but traditional holidays and annual leave are paid to all.","Labour Protection Act ss.28, 29, 56 (https://searchlaw.ocs.go.th/council-of-state/#/public/doc/ZGN3NXk0eENvNjBSdjRnT2NsdjFTQT09) (Council of State consolidation through Act No.9 B.E.2568).",https://searchlaw.ocs.go.th/council-of-state/#/public/doc/ZGN3NXk0eENvNjBSdjRnT2NsdjFTQT09,2026-09-27,2025-12-01,,PARTIAL,"Weekly-rest postponement/cycle consumer, actual holiday calendar/substitution policy, paid holiday bands and denied-holiday remedy exist. Remaining implementation/source boundary: Complete source-qualified calendar announcement/minimum census, MR-listed substitution-or-pay workflow and special-route composition remain broad source/workflow scope. Required original inputs: Actual approved employer holiday calendar, eligible postponement agreement and denied-holiday sources. ",work_rules.limits:weekly_holiday.enforced_at_payroll; work_rules.bands,Thailand — a daily-paid employee working the weekly holiday is paid 2× (s.62(2)),TH-WORK-08-1; TH-WORK-02-1,2026-09-29
TH-LEAVE-01,TH,leave,"Maternity duration and employer pay, including 7 December 2025 change to 120 days/60 paid days and any decree variation.","Act No. 9 (https://ratchakitcha.soc.go.th/documents/89818.pdf), ss.4–5, 7; amended Act ss.41, 59–59/2 (Council of State consolidation).",https://ratchakitcha.soc.go.th/documents/89818.pdf,2026-09-30,2025-12-07,,PARTIAL,"Integrated dated98/45 and120/60 maternity grants and source-qualified piece calendar payment (unpaid days skip wage-source reads): exact preceding actual RECEIVED payment period, working days and immutable source ID, existing paid-day cap. Remaining: cross-effective pregnancy-event disposition. Original pregnancy/received-period evidence required; unverified.",leave_catalogue:MATERNITY_LEAVE; leave_catalogue:MATERNITY_LEAVE.entitlement.transition_review_on; work_rules.wages.results_pay.piece_calendar_leave_refused; work_rules.ordinary_rate_reference; results_pay.piece_calendar_leave_from_received_period; leave_catalogue.MATERNITY_LEAVE.time_off_amount; src/lib/payroll/work.ts; src/lib/leave/payroll.ts,"Thailand — s.41/s.59 as amended by No.9: 120 days of maternity leave, the first 60 paid (TH-LEAVE-01)",TH-LEAVE-01-1; TH-LEAVE-01-2; TH-LEAVE-01-3,2026-09-29
TH-LEAVE-02,TH,leave,Up to 15 days of 50%-paid child-care leave after maternity for specified illness/complication/disability with medical certificate.,"Act No. 9 ss.4, 8 (https://ratchakitcha.soc.go.th/documents/89818.pdf) (amended Act ss.41 para.4, 59/1).",https://ratchakitcha.soc.go.th/documents/89818.pdf,2026-09-30,2025-12-07,,IMPLEMENTED,"Integrated15day half-paid female child-care grant with actual qualifying medical proof, same-birth approved/unreversed maternity interval and immediate next-day continuation. Native REQUIRED certificate admission resolves actual owned sys_file SHA/positive safe bytes/approval and real observation; nested event proof is available to admission. Piece targets use original preceding RECEIVED wages with IDs; unknown evidence refuses. Source-only, unverified.",leave_catalogue:CHILD_CARE_LEAVE; leave_catalogue.CHILD_CARE_LEAVE.time_off_amount; work_rules.ordinary_rate_reference; entitlement.linked_leave_source contiguous/identity_facts; src/lib/leave/event-pool.ts; src/lib/leave/activity.ts; src/lib/leave/payroll.ts; src/lib/leave/plan-batch.ts; src/data/collection/leave_entries/+collection.ts; src/lib/owned-source-files.ts; leave_entries original certificate admission/eventFactEvidence,"Thailand — the Labour Protection Act leaves, across the Act No.9 cutover",TH-LEAVE-02-1; TH-LEAVE-02-2,
TH-LEAVE-03,TH,leave,"Up to15 days of fully paid leave to assist a spouse who has given birth; exercise the right before or on the leave date within90 days from birth (LPA ss41/1,59/2).","Act No. 9 ss.6, 8 (https://ratchakitcha.soc.go.th/documents/89818.pdf) (amended Act ss.41/1, 59/2). Re-read: Act No. 9 ss.6, 8 (https://ratchakitcha.soc.go.th/documents/89818.pdf) (vol.142 part 74 Kor pp.41–44, 7 November 2025; amended Act ss.41/1, 59/2), read 29 September 2026.",https://ratchakitcha.soc.go.th/documents/89818.pdf,2026-10-03,2025-12-07,,PARTIAL,"Actual spouse/birth90day window and15-day full-pay entitlement integrated. Statutory original exercise receipt is typed, owned-source evidenced and enforced before/on actual first requested day in both admission and payroll; no inferred approval/submission timestamp. Original signed s41/1 does not create prebirth leave. Remaining: explicit consecutive-calendar-day versus fragmented-day counting source configuration review; current grant lacks calendar_days. Seasonal contract rights remain independently captured. Unverified.",leave_catalogue:CHILD_BIRTH_LEAVE; checks:SPOUSE_BIRTH_LEAVE_WINDOW; leave_catalogue[CHILD_BIRTH_LEAVE].entitlement.notice; src/lib/leave/event-pool.ts; src/lib/leave/activity.ts; src/lib/leave/payroll.ts,"Thailand — s.41/1 spouse-birth leave: 15 days within 90 days counted from the birth, as the Gazette reads (TH-LEAVE-03)",TH-LEAVE-03-1; TH-LEAVE-03-2; TH-LEAVE-03-3; TH-LEAVE-03-4,2026-09-29
TH-LEAVE-05,TH,leave,Annual leave: ≥6 working days after 1 year of continuous service; employer schedules it; carry-forward by agreement; pro-rata under 1 year optional.,"Labour Protection Act ss.30, 56, 67 (https://searchlaw.ocs.go.th/council-of-state/#/public/doc/ZGN3NXk0eENvNjBSdjRnT2NsdjFTQT09) (Council of State consolidation through Act No.9 B.E.2568).",https://searchlaw.ocs.go.th/council-of-state/#/public/doc/ZGN3NXk0eENvNjBSdjRnT2NsdjFTQT09,2026-10-02,2025-12-01,,PARTIAL,"Integrated six-day annual entitlement, actual inherited service/usage source and audited opening conservation via entitlement.service_continuity_fact=original_service_preserved in all8 versions. Remaining: complete actual employer scheduling/carry agreement and original transferred cash valuation. Original grant/use/reservation/expiry and approved carry required; source-only, unverified.",leave_catalogue:ANNUAL_LEAVE; src/lib/leave/transferred-opening-admission.ts; seed/jurisdiction/TH/leave_catalogue.json,"Thailand — the Labour Protection Act leaves, across the Act No.9 cutover; TH ${annual.settings_id} — the six-day annual grant survives exit proration on ${exitDate}; TH s.67 — exact September fraction, carry ${carried}, taken ${taken}",TH-LEAVE-05-1; TH-LEAVE-05-2,2026-09-29
TH-LEAVE-06,TH,leave,"Sick leave as actually ill, paid up to 30 working days a year; certificate may be required at 3 or more working days; work-injury and maternity leave are not sick leave.","Labour Protection Act ss.32, 57 (https://searchlaw.ocs.go.th/council-of-state/#/public/doc/ZGN3NXk0eENvNjBSdjRnT2NsdjFTQT09) (Council of State consolidation through Act No.9 B.E.2568).",https://searchlaw.ocs.go.th/council-of-state/#/public/doc/ZGN3NXk0eENvNjBSdjRnT2NsdjFTQT09,2026-09-30,2025-12-01,,IMPLEMENTED,"Integrated actual illness,30paid working-day cap, separate maternity/work-injury routes and qualified certificate OR actual explanation only for an employer-requested3workingday certificate. fact_evidence native admission binds actual owned original hash/positive safe bytes/approval/receipt/real observation; consumed subject/fact identity is protected. Piece targets use original preceding RECEIVED wages; unpaid days skip source reads. Source-only, unverified.","leave_catalogue:SICK_LEAVE; leave_catalogue.SICK_LEAVE.time_off_amount; work_rules.ordinary_rate_reference; checks:SICK_ACTUAL_CLASSIFICATION,SICK_REQUESTED_CERTIFICATE_OR_EXPLANATION; SICK_LEAVE.event_facts; time_off_rate_required_when; src/data/collection/fact_evidence/+collection.ts; src/lib/owned-source-files.ts",Thailand — s.32: a medical certificate may be asked for from the third working day of sick leave (TH-LEAVE-06),TH-LEAVE-06-1; TH-LEAVE-06-2; TH-LEAVE-06-3,2026-09-29
TH-LEAVE-07,TH,leave,"Personal-business leave ≥3 days (s.34, paid up to 3 by s.57/1); sterilisation leave as certified, paid (ss.33, 57); military leave paid up to 60 days a year (ss.35, 58); training leave per MR (s.36, no statutory pay provision); under-18 leave paid up to 30 days a year (s.52).","Labour Protection Act ss.33–36, 52, 57, 57/1, 58 (https://searchlaw.ocs.go.th/council-of-state/#/public/doc/ZGN3NXk0eENvNjBSdjRnT2NsdjFTQT09) (Council of State consolidation through Act No.9 B.E.2568).",https://searchlaw.ocs.go.th/council-of-state/#/public/doc/ZGN3NXk0eENvNjBSdjRnT2NsdjFTQT09,2026-09-30,2025-12-01,,PARTIAL,"Integrated separate statutory grants/caps, actual timed-course or official-exam notice/refusal sources and young educational-institution/DG organiser proof with advance notice. Ordinary piece s60 leave uses original RECEIVED-period wages; s52 young training instead has actual documented original normal-day wage target/reference/owned file, unchanged30day cap, and conditional basis read (no invented outputs or automatic s60 average). Remaining: complete special-instrument contractual-grant composition; native source-qualified target already credits actual retained WAGES. Unverified. Statutory sterilisation now requires original qualified physician source and actual certified interval; requests outside it refuse.","leave_catalogue:PERSONAL_BUSINESS_LEAVE,STERILISATION_LEAVE,MILITARY_LEAVE,TRAINING_LEAVE,YOUNG_WORKER_TRAINING_LEAVE; leave_catalogue.TRAINING_LEAVE.event_facts; checks:TRAINING_PROGRAMME_NOTICE_SOURCE,TRAINING_ACTUAL_REFUSAL; checks:YOUNG_TRAINING_ORGANISER_NOTICE_SOURCE; YOUNG_WORKER_TRAINING_LEAVE.event_facts; work_rules.ordinary_rate_reference; YOUNG_WORKER_TRAINING_LEAVE.event_facts:young_training_normal_day_wage,young_training_wage_reference; time_off_amount/time_off_rate_required_when documentary s52 target; STERILISATION_LEAVE.event_facts original physician/interval; checks:STERILISATION_ORIGINAL_CERTIFIED_PERIOD","Thailand — the Labour Protection Act leaves, across the Act No.9 cutover",TH-LEAVE-07-1; TH-LEAVE-07-2; TH-LEAVE-07-3; TH-LEAVE-07-4; TH-LEAVE-07-5; TH-LEAVE-07-6; TH-LEAVE-07-7,2026-09-29
TH-SS-01,TH,contribution,Register eligible s.33 workers and remit each month's employee/employer contribution at the in-force base and rate.,"Social Security Act (https://www.mol.go.th/wp-content/uploads/sites/2/2021/02/1-%E0%B8%9E%E0%B8%A3%E0%B8%9A.%E0%B8%9B%E0%B8%A3%E0%B8%B0%E0%B8%81%E0%B8%B1%E0%B8%99%E0%B8%AA%E0%B8%B1%E0%B8%87%E0%B8%84%E0%B8%A1-update.pdf); 2026 base regulation (https://ratchakitcha.soc.go.th/documents/98728.pdf). 2565 contribution-rate regulation (https://infocenter.oic.go.th/FILEWEB/CABINFOCENTER2/DRAWER056/GENERAL/DATA0000/00000773.PDF), Schedule B; SSO mirror of the consolidated Act (through No.4 B.E.2558): SSO PDF (https://searchlaw.ocs.go.th/council-of-state/#/public/doc/alJWY29wVXFRUUo0WkF2MTEwSndpQT09). SSO copy of the 2026 base regulation (https://www.sso.go.th/wpr/download/download_by_pool_file/47755), cl.3.",https://www.mol.go.th/wp-content/uploads/sites/2/2021/02/1-%E0%B8%9E%E0%B8%A3%E0%B8%9A.%E0%B8%9B%E0%B8%A3%E0%B8%B0%E0%B8%81%E0%B8%B1%E0%B8%99%E0%B8%AA%E0%B8%B1%E0%B8%87%E0%B8%84%E0%B8%A1-update.pdf,2026-09-30,2025-12-01,,VERIFIED,"All named branches probed and passed 2026-10-01: Dec 2025 THB15,000 ceiling (TH-SS-01-3), 2029/2032 steps (-4, -5), NOT_REGISTERED assessed with warning (-6), SSO_REGISTRATION and SSO_MONTHLY_REMITTANCE duty instances via the default obligation_calendar sweep (-7). Golden passes.","statutory_contributions:SSO; obligations:SSO_REGISTRATION,SSO_MONTHLY_REMITTANCE; duty_types:SSO_REGISTRATION; duty_types:SSO_MONTHLY_REMITTANCE","Thailand — s.33 contributions at the THB1,650 floor, the 15,000 / 17,500 ceilings and s.46 rounding",TH-SS-01-1; TH-SS-01-2; TH-SS-11-1; TH-SS-01-3; TH-SS-01-4; TH-SS-01-5; TH-SS-01-6; TH-SS-01-7,2026-10-01
TH-SS-02,TH,contribution,"Retroactively select the 3% southern-flood rate for Dec 2025–May 2026, including registered s.39 flat charge and refund.","8 January 2026 notice (https://ratchakitcha.soc.go.th/documents/100888.pdf). Re-read: Ministry of Labour notice, 8 January 2026 (https://ratchakitcha.soc.go.th/documents/100888.pdf) (SSA s.46/1 (https://searchlaw.ocs.go.th/council-of-state/#/public/doc/alJWY29wVXFRUUo0WkF2MTEwSndpQT09) para.1; Gazette vol.143 special part 6 Ngor p.7; signed 7 January 2026), cls.1–3; read 29 September 2026.",https://ratchakitcha.soc.go.th/documents/100888.pdf,2026-09-29,2025-12-01,2026-05-31,PARTIAL,"Dated southern-flood s33 percentage and wage ceilings are configured. Remaining implementation/source boundary: Nonpayroll s39 flat charge plus actual retroactive differential/refund completion are not closed by s33 pricing. Required original inputs: Actual registered flood-area/month scope, prior remittance and refund receipts. ",statutory_contributions:SSO; facts:sso_flood_relief_area,"Thailand — the flood-relief notice as read from the Gazette: cl.1 3% each side, December 2025–May 2026 (TH-SS-02)",TH-SS-02-1; TH-SS-02-2; TH-SS-02-3,2026-09-29
TH-SS-03,TH,contribution,"Maternity fund benefit: five insured months in the previous fifteen, highest three contribution-wage months/90, then 50% for ninety days, separate from employer leave pay.","Social Security Act ss.57, 65, 67.",https://searchlaw.ocs.go.th/council-of-state/#/public/doc/alJWY29wVXFRUUo0WkF2MTEwSndpQT09,2026-09-27,2025-12-01,,EXTERNAL,"TH insured-class/rate history and contribution probe absent. State: Open: 4/5 months and old gross versus insured wage; insurer payment evidence external. Former register state: No [IN-SYSTEM 2026-09-29]. Inputs → output: Member-wide dated contribution bases, other-employer proof, birth and prior claims → eligibility/fund amount. Profile: insured class/registered province/month; from 1 Dec 2025.
[Other R49 branch detail retained for certification] Insured maternity history (`TH-SS-03`). The Ministry's updated Social Security Act (https://www.mol.go.th/wp-content/uploads/sites/2/2021/02/1-%E0%B8%9E%E0%B8%A3%E0%B8%9A.%E0%B8%9B%E0%B8%A3%E0%B8%B0%E0%B8%81%E0%B8%B1%E0%B8%99%E0%B8%AA%E0%B8%B1%E0%B8%87%E0%B8%84%E0%B8%A1-update.pdf), ss.57, 65, 67, requires five of prior fifteen insured contribution months, selects the highest three insured wage bases, divides by 90 and pays 50% for ninety days, at most twice. The older e-Labour page (https://lb.mol.go.th/en/maternity) says seven months and is stale against the amended statute. Earlier employers' gross salaries cannot substitute for member-wide insured bases. Implemented? No. Why? No TH member-history path or production benefit probe. Probe five documented months across two employers with Oct–Dec 2025 bases THB10,000/12,000/15,000 and Jan–Feb 2026 THB17,500 each, versus only four months.",,,,
TH-SS-04,TH,contribution,"Sickness and non-occupational-injury fund benefits, separate from employer-paid sick leave.",Social Security Act (https://www.mol.go.th/wp-content/uploads/sites/2/2021/02/1-%E0%B8%9E%E0%B8%A3%E0%B8%9A.%E0%B8%9B%E0%B8%A3%E0%B8%B0%E0%B8%81%E0%B8%B1%E0%B8%99%E0%B8%AA%E0%B8%B1%E0%B8%87%E0%B8%84%E0%B8%A1-update.pdf); SSO's seven-benefit catalogue (https://catalog.sso.go.th/dataset/sso-benefits-section-33-39). SSO mirror: consolidated Act (https://searchlaw.ocs.go.th/council-of-state/#/public/doc/alJWY29wVXFRUUo0WkF2MTEwSndpQT09).,https://www.mol.go.th/wp-content/uploads/sites/2/2021/02/1-%E0%B8%9E%E0%B8%A3%E0%B8%9A.%E0%B8%9B%E0%B8%A3%E0%B8%B0%E0%B8%81%E0%B8%B1%E0%B8%99%E0%B8%AA%E0%B8%B1%E0%B8%87%E0%B8%84%E0%B8%A1-update.pdf,2026-09-27,2025-12-01,,EXTERNAL,"TH insured-class/rate history and contribution probe absent. State: Open: current implementing formula, eligibility and payer; no employer deduction is inferred from a fund benefit. Former register state: No [IN-SYSTEM 2026-09-29]. Inputs → output: Membership, prior insured contributions, medical and absence facts → insurer entitlement and employer-pay offset if authorised. Profile: insured class/registered province/month; from 1 Dec 2025.",,,,
TH-SS-05,TH,contribution,"Invalidity fund benefit, including member-wide prior insured history.",Social Security Act; SSO seven-benefit catalogue.,https://searchlaw.ocs.go.th/council-of-state/#/public/doc/alJWY29wVXFRUUo0WkF2MTEwSndpQT09,2026-09-27,2025-12-01,,EXTERNAL,"TH insured-class/rate history and contribution probe absent. State: Open: eligibility, amount, notice and payment lifecycle. Former register state: No [IN-SYSTEM 2026-09-29]. Inputs → output: Disability determination, contribution months and bases → insurer benefit, not ordinary wage. Profile: insured class/registered province/month; from 1 Dec 2025.",,,,
TH-SS-06,TH,contribution,Death/funeral and survivor fund benefits.,Social Security Act; SSO seven-benefit catalogue.,https://searchlaw.ocs.go.th/council-of-state/#/public/doc/alJWY29wVXFRUUo0WkF2MTEwSndpQT09,2026-09-27,2025-12-01,,EXTERNAL,"TH insured-class/rate history and contribution probe absent. State: Open: beneficiary and amount branches. Former register state: No [IN-SYSTEM 2026-09-29]. Inputs → output: Death, beneficiaries, contribution history and claim → insurer benefit/claim evidence. Profile: insured class/registered province/month; from 1 Dec 2025.",,,,
TH-SS-07,TH,contribution,"Child-support fund benefit, distinct from employer-paid child-care leave.",Social Security Act; SSO seven-benefit catalogue.,https://searchlaw.ocs.go.th/council-of-state/#/public/doc/alJWY29wVXFRUUo0WkF2MTEwSndpQT09,2026-09-27,2025-12-01,,EXTERNAL,"TH insured-class/rate history and contribution probe absent. State: Open: current payment and eligibility instruments. Former register state: No [IN-SYSTEM 2026-09-29]. Inputs → output: Covered parent, child age/status, history and claim → insurer benefit. Profile: insured class/registered province/month; from 1 Dec 2025.",,,,
TH-SS-08,TH,contribution,Old-age lump sum/pension fund benefit and continuing contribution status.,Social Security Act; SSO seven-benefit catalogue.,https://searchlaw.ocs.go.th/council-of-state/#/public/doc/alJWY29wVXFRUUo0WkF2MTEwSndpQT09,2026-09-27,2025-12-01,,EXTERNAL,"TH insured-class/rate history and contribution probe absent. State: Open: membership transitions and employer final-pay separation. Former register state: No [IN-SYSTEM 2026-09-29]. Inputs → output: Age, retirement, complete insured history and election → insurer entitlement/registration change. Profile: insured class/registered province/month; from 1 Dec 2025.",,,,
TH-SS-09,TH,contribution,"Determine s.33 employee, s.39 voluntary and s.40 self-employed routes and eligibility/exclusions without treating every class as employer payroll.",Social Security Act and implementing regulations.,https://searchlaw.ocs.go.th/council-of-state/#/public/doc/alJWY29wVXFRUUo0WkF2MTEwSndpQT09,2026-10-03,2025-12-01,,PARTIAL,"Actual s4 exclusion/effective-window source now requires original approved owned/hash/bytes/scalar-bound code/reference/start/end proof for every positive exclusion; NONE/absence retains ordinary legal default, REGISTERED does not establish insured status. s39/s40 excluded from employer payroll. Remaining operative Royal-Decree class/amendment census and midwindow separately captured covered earnings. Actual original employment classification/instrument required; unverified.","seed/jurisdiction/TH/statutory_contributions.json:SSO.elections.sso_statutory_exclusion,sso_exclusion_reference,sso_exclusion_valid_from,sso_exclusion_valid_through; src/lib/payroll/run/statutory-facts.ts; src/automation/+obligation_calendar.automation.ts",,TH-SS-12-1; TH-SS-12-2; TH-SS-12-3,
TH-SS-10,TH,contribution,"Route an insured person's non-work-related dental claim by contracted public hospital, other public hospital or private provider and the procedure-specific 2026 schedule, separately from employer wages and sick pay.","Gazette Medical Committee dental-benefit amendment, cls.1–2 and schedule (https://ratchakitcha.soc.go.th/documents/110491.pdf), published 21 April 2026.",https://ratchakitcha.soc.go.th/documents/110491.pdf,2026-09-28,2026-05-01,,EXTERNAL,"Dental-benefit schedule, insurer claim record and source-amendment reconciliation absent; no TH probe. State: Open/External: 30 April/1 May cutover, full procedure/rate transcription, provider route and claim proof. The signed April text cites a purported 28 September 2026 prior amendment, a chronological inconsistency requiring SSO/Gazette clarification. Former register state: No [EXTERNAL 2026-09-29]. Inputs → output: Insured eligibility, treatment and provider/date, procedure and bill → SSO-paid amount, claimant/provider receipt and no unsupported payroll deduction. Profile: insured claimant/procedure/provider; from 1 May 2026.
[26 September 2026 instrument-index check] SSO dental. The Medical Committee's 21 April 2026 Gazette notice (https://ratchakitcha.soc.go.th/documents/110491.pdf) replaces the dental-benefit schedule effective 1 May, creating TH-SS-10's provider/procedure route. Its recital visibly names an amendment dated 28 September 2026, later than the signed publication. Treat that as an unresolved source-history anomaly requiring SSO/Gazette correction or clarification; do not infer an unseen September amendment or erase the operative May cutover.",,,,
TH-SS-11,TH,rounding,"Round each person's contribution: a fraction of 50 satang or more counts as THB1, less is dropped; compute an insured person's contributions separately on the wages from each employer, so each employer applies its own THB1,650/THB17,500 base and rounding; every employer is liable under ss.46–47 (s.48).","Social Security Act ss.46 (as substituted by No.3 B.E.2542), 48 (https://searchlaw.ocs.go.th/council-of-state/#/public/doc/alJWY29wVXFRUUo0WkF2MTEwSndpQT09).",https://searchlaw.ocs.go.th/council-of-state/#/public/doc/alJWY29wVXFRUUo0WkF2MTEwSndpQT09,2026-09-30,2025-12-01,,VERIFIED,"Two concurrent employers, each on its own base (TH-SS-11-2), now probed and passed 2026-10-01 beside every s.46 seam (TH-SS-11-1). Golden passes.",statutory_contributions:SSO,"Thailand — SSO law is read from the current consolidation: s.46 para.5 and s.47 para.1 as amended (TH-SS-11, -12)",TH-SS-11-1; TH-SS-11-2,2026-10-01
TH-SS-12,TH,contribution,"Hold s.33 insured status while aged 15–60 (s.33 para.1 is a status test: a worker hired under 15 becomes insured on reaching 15; an insured person stays insured after 60 while employed; a new hire over 60 does not enter; s.38 ends it on death or leaving employment); file the insured list within 30 days; report changed facts by the 15th of the next month; deduct the employee share at every wage payment and remit both shares with the return by the 15th of the month after deduction, even when wages were not paid on time; the insured is deemed to have paid from the wage due date (s.47 para.1); 2% a month on late or short remittance from the day after the due date, at most the contribution owed (s.49 para.1 as amended by No.4 B.E.2558 — the old part-month-of-15-days rounding is repealed); an employer that fails to deduct bears the employee share.","Social Security Act ss.33, 34, 44, 47, 49 (https://searchlaw.ocs.go.th/council-of-state/#/public/doc/alJWY29wVXFRUUo0WkF2MTEwSndpQT09) (Council of State current consolidation, read 28 September 2026; replaces the SSO copy (https://www.sso.go.th/wpr/download/download_by_pool_file/14626), whose header lists amendments only through No.3 B.E.2542).",https://searchlaw.ocs.go.th/council-of-state/#/public/doc/alJWY29wVXFRUUo0WkF2MTEwSndpQT09,2026-09-29,2025-12-01,,PARTIAL,"s33 age/status and registration/exit duty sources exist; employer payroll calculates contribution. Remaining implementation/source boundary: Changed-fact report, wage-due deeming, every-payment deduction/remittance chronology and complete late/failed-deduction liability lifecycle are not fully implemented by existing duty reminders. Required original inputs: Actual insured registration/leaving, deduction due dates and real remittances. ","statutory_contributions:SSO; obligations:SSO_REGISTRATION,SSO_MONTHLY_REMITTANCE; duty_types:SSO_REGISTRATION; duty_types:SSO_EXIT_NOTICE",Thailand — s.33 para.1 is a status test: a worker hired under 15 is insured once 15 (TH-SS-12),TH-SS-12-1; TH-SS-12-2; TH-SS-12-3; TH-SS-01-7; TH-EXIT-01-2,2026-09-29
TH-SS-13,TH,contribution,"Select the Social Security contributory wage: money for work on normal working days and hours, by time or output, plus pay for holidays and leave days not worked, whatever it is called; overtime and holiday overtime are outside it.",Social Security Act s.5 (https://searchlaw.ocs.go.th/council-of-state/#/public/doc/alJWY29wVXFRUUo0WkF2MTEwSndpQT09) (ค่าจ้าง).,https://searchlaw.ocs.go.th/council-of-state/#/public/doc/alJWY29wVXFRUUo0WkF2MTEwSndpQT09,2026-09-27,2025-12-01,,PARTIAL,Normal basic/paid leave/holiday membership and output cash source memberships exist; new normal monthly allowance countsSSO. Remaining implementation/source boundary: All class-qualified piece/holiday overtime and mixed fixed-allowance source attributions require full scoped review. Required original inputs: Actual legal normal-wage component and earning source classification. ,statutory_contributions:SSO,"TH-SS-13 — the s.5 contributory wage is the salary: 15,000 of salary plus 4,000 of overtime is a 15,000 SSO base",TH-SS-13-1; TH-SS-13-2; TH-SS-13-3; TH-WORK-02-1,2026-09-29
TH-UNEMP-01,TH,contribution,"Apply the 60%-daily-wage, up-to-180-days dismissal benefit from 28 June 2025 while distinguishing resignation, exclusions and prior insured history.",2025 Gazette amendment (https://ratchakitcha.soc.go.th/documents/75954.pdf) and Social Security Act.,https://ratchakitcha.soc.go.th/documents/75954.pdf,2026-09-27,2025-06-28,,EXTERNAL,"insurer entitlement and historical insured-base proof absent. State: Open: administrative eligibility and daily-base rules; probe dismissal/resignation, 180/181 days. Force-majeure unemployment is a separate branch (TH-UNEMP-02). Former register state: No [EXTERNAL 2026-09-29]. Inputs → output: Exit cause, registration, contribution and insured wage history → insurer entitlement, not employer wage. Profile: insured history/exit; from 1 Dec 2025.
[Other R49 branch detail retained for certification] Unemployment (`TH-UNEMP-01`). The 27 June 2025 Gazette amendment (https://ratchakitcha.soc.go.th/documents/75954.pdf) starts 28 June and raises eligible dismissal benefit to 60% of statutory daily wage for up to 180 days per occurrence. Government PRD guidance (https://www.prd.go.th/th/content/category/detail/id/39/iid/406186) describes six contributions in fifteen, an eight-day wait, registration within thirty days, monthly reporting and exclusions; those administrative details and annual aggregate wording still require enacted-rule reconciliation. This is insurer-paid and distinct from employer severance. Implemented? No. Why? No TH insured-history entitlement or agency claim path. Probe dismissal/resignation, five/six insured months, 180/181 days and prior-employer bases.",,,,
TH-UNEMP-02,TH,contribution,Force-majeure unemployment: an insured person whose work stops because of a natural disaster (2017 regulation) or border fighting (2026 regulation) may claim an insurer-paid benefit; the employer certifies the stoppage. Keep it distinct from employer-paid s.75 business-suspension pay (TH-HR-08).,"Ministerial Regulation on unemployment benefit due to force majeure from fighting in border areas B.E.2569, dated 11 February 2026 in the SSO regulation index (https://infocenter.oic.go.th/%E0%B8%AA%E0%B8%B3%E0%B8%99%E0%B8%B1%E0%B8%81%E0%B8%87%E0%B8%B2%E0%B8%99%E0%B8%9B%E0%B8%A3%E0%B8%B0%E0%B8%81%E0%B8%B1%E0%B8%99%E0%B8%AA%E0%B8%B1%E0%B8%87%E0%B8%84%E0%B8%A1/topic.php?gid=8151&mid=1017); 2017 force-majeure (natural disaster) regulation. Background only: Cabinet summary, 21 October 2025 (https://www.thaigov.go.th/th/news/101411).",https://infocenter.oic.go.th/%E0%B8%AA%E0%B8%B3%E0%B8%99%E0%B8%B1%E0%B8%81%E0%B8%87%E0%B8%B2%E0%B8%99%E0%B8%9B%E0%B8%A3%E0%B8%B0%E0%B8%81%E0%B8%B1%E0%B8%99%E0%B8%AA%E0%B8%B1%E0%B8%87%E0%B8%84%E0%B8%A1/topic.php?gid=8151&mid=1017,2026-09-27,2025-07-24,,EXTERNAL,"Signed text unread (Gazette 403; the SSO index links to Google Drive).
Signed text unread; no stoppage-certification record or insurer claim path. State: Open/External: only existence and date verified; the 24 July 2025 retroactive start, benefit rate and area-designation mechanism must come from the signed text (Gazette 403; index links to Google Drive). Former register state: No [SOURCE 2026-09-29]. Inputs → output: Work-stoppage cause, dates, designated area, insured status → employer certification; insurer benefit. Profile: insured/stoppage period; from 24 Jul 2025 (retroactive, unverified).",,,,
TH-EWF-01,TH,contribution,Determine covered employee membership and lawful alternate-fund exemption when employer has at least ten workers.,Labour Protection Act ss.130–131 (https://searchlaw.ocs.go.th/council-of-state/#/public/doc/ZGN3NXk0eENvNjBSdjRnT2NsdjFTQT09) (Council of State consolidation through Act No.9 B.E.2568); alternative-welfare regulation (https://www.ocs.go.th/searchlaw/law-index/item/13230).,https://searchlaw.ocs.go.th/council-of-state/#/public/doc/ZGN3NXk0eENvNjBSdjRnT2NsdjFTQT09,2026-09-28,2026-10-01,,IMPLEMENTED,"Headcount/membership and actual referenced alternative exit/death welfare arrangement exemption are integrated. Full literal source scope implemented; financial/workflow verification has not run. Required original inputs: Actual headcount, individual qualifying arrangement coverage and original references. ",statutory_contributions:EWF,Thailand — EWF voluntary membership below ten workers and provident-fund exclusion need dated evidence,TH-EWF-01-1; TH-EWF-01-2; TH-EWF-01-3,2026-09-29
TH-EWF-02,TH,contribution,"Deduct and match 0.25% from 1 October 2026 and 0.50% from 1 October 2031, with no invented wage cap.","Commencement decree (https://ratchakitcha.soc.go.th/documents/84794.pdf); rate regulation B.E.2568 (https://www.ocs.go.th/searchlaw/power_link/download/eyJ1dWlkIjoiNDNjMTc4OTgtODFiMS00MmVhLWIwNmYtMjQ4YzM1NzlmMzFhIiwiZmlsZW5hbWUiOiLguIQwMDc3IOC4geC4juC4geC4o-C4sOC4l-C4o-C4p-C4hyAyNTY4LTYw4LiBLTMucGRmIn0.CH4M5nGGlUmG48thQPthO-j_qpRZ-5GpRKA0pnN9pw8) (Council of State PDF ‘ค0077 กฎกระทรวง 2568-60ก-3.pdf’ — Gazette facsimile; its law-index page (https://www.ocs.go.th/searchlaw/law-index/item/13221) has no text — of Gazette vol.142 part 60 Kor pp.3–4, 15 September 2025, signed 9 September 2025; the Gazette PDF (https://ratchakitcha.soc.go.th/documents/86102.pdf) is 403).",https://ratchakitcha.soc.go.th/documents/84794.pdf,2026-09-28,2026-10-01,,VERIFIED,0.50% step from Oct 2031 (TH-EWF-02-3) and fractional-satang share 75.0075 → 75.01 (-4) probed and passed 2026-10-01. Golden passes.,statutory_contributions:EWF,Thailand — the Employee Welfare Fund steps to 0.50% each side on 1 October 2031 (rate regulation B.E.2568 cl.3),TH-EWF-02-1; TH-EWF-02-2; TH-EWF-02-3; TH-EWF-02-4,2026-10-01
TH-EWF-03,TH,filing,"Register, remit by next-month 15th, correct missed deductions, late additions and refunds.","Remittance regulation (https://ratchakitcha.soc.go.th/documents/51462.pdf), cls.4–10.",https://ratchakitcha.soc.go.th/documents/51462.pdf,2026-09-27,2026-10-01,,EXTERNAL-RECORDED,"member-level fund selector and filing evidence absent. State: External. Settled 30 Sep 2026: the commencement decree B.E.2568 (Gazette vol.142 part 59 Kor pp.4–5, https://ratchakitcha.soc.go.th/documents/84794.pdf) s.3 repeals the B.E.2567 commencement decree and s.4 starts collection on 1 October 2026, so the remittance regulation's printed 2025 start is superseded. Former register state: No [IN-SYSTEM 2026-09-29]. Inputs → output: Wage payment, list, receipt, missed/late amount → filing/deadline/liability. Profile: employer/member/pay date; from 1 Oct 2026. [Phase 2 2026-10-01] Duty type EWF_REMITTANCE (versions from 1 October 2026): each finalised run of an employer of ten or more raises the remittance due the 15th of the following month, with its reference. Not configured: late additions, refunds and the correction of missed deductions. No probe (ten employees needed; the sweep caveat of TH-SS-01 applies).",duty_types:EWF_REMITTANCE,,,
TH-WCF-01,TH,contribution,Determine covered employer/worker and activity risk class.,"Amended Workmen's Compensation Act (https://www.mol.go.th/wp-content/uploads/sites/2/2021/02/1-%E0%B8%9E.%E0%B8%A3.%E0%B8%9A.%E0%B9%80%E0%B8%87%E0%B8%B4%E0%B8%99%E0%B8%97%E0%B8%94%E0%B9%81%E0%B8%97%E0%B8%99-%E0%B8%9E.%E0%B8%A8.-2537-%E0%B8%89%E0%B8%9A%E0%B8%B1%E0%B8%9A-update.pdf), ss.4, 44; 2019 assessment notice (https://www.mol.go.th/wp-content/uploads/sites/2/2021/02/6-%E0%B8%9B%E0%B8%A3%E0%B8%B0%E0%B8%81%E0%B8%B2%E0%B8%A8%E0%B8%81%E0%B8%A3%E0%B8%B0%E0%B8%97%E0%B8%A3%E0%B8%A7%E0%B8%87%E0%B9%81%E0%B8%A3%E0%B8%87%E0%B8%87%E0%B8%B2%E0%B8%99-%E0%B9%80%E0%B8%A3%E0%B8%B7%E0%B9%88%E0%B8%AD%E0%B8%87-%E0%B8%9B%E0%B8%A3%E0%B8%B0%E0%B9%80%E0%B8%A0%E0%B8%97-%E0%B8%82%E0%B8%99%E0%B8%B2%E0%B8%94%E0%B8%82%E0%B8%AD%E0%B8%87%E0%B8%81%E0%B8%B4%E0%B8%88%E0%B8%81%E0%B8%B2%E0%B8%A3-%E0%B8%97%E0%B9%89%E0%B8%AD%E0%B8%87%E0%B8%97%E0%B8%B5%E0%B9%88%E0%B8%97%E0%B8%B5%E0%B9%88%E0%B9%83%E0%B8%AB%E0%B9%89%E0%B8%99%E0%B8%B2%E0%B8%A2%E0%B8%88%E0%B9%89%E0%B8%B2%E0%B8%87%E0%B8%88%E0%B9%88%E0%B8%B2%E0%B8%A2%E0%B9%80%E0%B8%87%E0%B8%B4%E0%B8%99%E0%B8%AA%E0%B8%A1%E0%B8%97%E0%B8%9A%E0%B8%AF.pdf).",https://www.mol.go.th/wp-content/uploads/sites/2/2021/02/1-%E0%B8%9E.%E0%B8%A3.%E0%B8%9A.%E0%B9%80%E0%B8%87%E0%B8%B4%E0%B8%99%E0%B8%97%E0%B8%94%E0%B9%81%E0%B8%97%E0%B8%99-%E0%B8%9E.%E0%B8%A8.-2537-%E0%B8%89%E0%B8%9A%E0%B8%B1%E0%B8%9A-update.pdf,2026-09-27,2025-12-01,,PARTIAL,WCF_ANNUAL source policy maps1091 activity rates with actual coverage/activity input. Remaining implementation/source boundary: Later-amendment rate/coverage census remains source qualification; source-coded policy alone does not establish every activity assigned by the Office. Required original inputs: Actual covered employer/worker and Office-assigned activity. ,,,,
TH-WCF-02,TH,contribution,"Compute annual employer-only assessment on capped worker-year wages, experience adjustment, estimate, true-up and refund.","2019 assessment notice cls.1–20, Tables 1–2.",https://www.mol.go.th/wp-content/uploads/sites/2/2021/02/1-%E0%B8%9E.%E0%B8%A3.%E0%B8%9A.%E0%B9%80%E0%B8%87%E0%B8%B4%E0%B8%99%E0%B8%97%E0%B8%94%E0%B9%81%E0%B8%97%E0%B8%99-%E0%B8%9E.%E0%B8%A8.-2537-%E0%B8%89%E0%B8%9A%E0%B8%B1%E0%B8%9A-update.pdf,2026-09-27,2025-12-01,,PARTIAL,"Capped wage/experience/estimate/actual/correction policy and real assessment event ledger exist; deposit/late policies also configured. Remaining implementation/source boundary: Current table amendments/fractional ratio precision and full25%deposit native dependency adoption must be checked; real instalment/due/refund sources are required, not inferred. Required original inputs: Actual experience history, assessed notices, permissions, payments, credit/refund/deposit receipts. ",,,,
TH-WCF-03,TH,filing,"Register/notify activity changes, pay assessment and late additions under amended 2%-monthly rule, capped at unpaid amount.",Amended Workmen's Compensation Act ss.44–46.,https://www.mol.go.th/wp-content/uploads/sites/2/2021/02/1-%E0%B8%9E.%E0%B8%A3.%E0%B8%9A.%E0%B9%80%E0%B8%87%E0%B8%B4%E0%B8%99%E0%B8%97%E0%B8%94%E0%B9%81%E0%B8%97%E0%B8%99-%E0%B8%9E.%E0%B8%A8.-2537-%E0%B8%89%E0%B8%9A%E0%B8%B1%E0%B8%9A-update.pdf,2026-09-27,2025-12-01,,EXTERNAL,"annual assessment or incident/claim lifecycle absent; no TH probe. State: Open/External: distinguish obsolete 3% text and pre-amendment arrears. Former register state: No [IN-SYSTEM 2026-09-29]. Inputs → output: Notice and payment dates, arrears, dated relief notice → deadline/late amount. Profile: employer/activity/worker-year; from 1 Dec 2025.
[Workmen's Compensation Fund branch detail and R49 evidence migration] `TH-WCF02` → TH-WCF-03: Amended s.44: register and pay within 30 days of liability, report changed facts by the 15th next month; SSO forms notice (https://infocenter.oic.go.th/FILEWEB/CABINFOCENTER66/DRAWER004/GENERAL/DATA0000/00000169.PDF) prescribes สปส.1-01 and สปส.6-15 and office/electronic routes. The old 30-day change instruction is superseded.; No; Registration/change event and receipt evidence absent.
[Workmen's Compensation Fund branch detail and R49 evidence migration] `TH-WCF06` → TH-WCF-03: Amended s.46: late/incomplete charge 2% monthly, capped at unpaid contribution; locality relief notices can reduce it. Amending s.31 preserves the former 3% only for arrears already overdue before the 2018 commencement.; No; Arrears history, partial-month interpretation, local relief and late-charge path absent.",,,,
TH-WCF-04,TH,filing,Provide immediate treatment and report occupational injury/illness/disappearance within fifteen days of knowledge.,"Amended Act ss.13, 48; SSO forms notice (https://infocenter.oic.go.th/FILEWEB/CABINFOCENTER66/DRAWER004/GENERAL/DATA0000/00000170.PDF).",https://infocenter.oic.go.th/FILEWEB/CABINFOCENTER66/DRAWER004/GENERAL/DATA0000/00000170.PDF,2026-09-27,2025-12-01,,EXTERNAL,"annual assessment or incident/claim lifecycle absent; no TH probe. State: Open/External: incident lifecycle model missing. Former register state: No [IN-SYSTEM 2026-09-29]. Inputs → output: Incident, knowledge date, medical proof, กท.16 filing → duty and evidence. Profile: employer/activity/worker-year; from 1 Dec 2025.
[Workmen's Compensation Fund branch detail and R49 evidence migration] `TH-WCF07` → TH-WCF-04, TH-SAFE-03: Amended ss.13, 18–19, 48: immediate treatment, SSO report within 15 days of knowledge on กท.16, and distinct compensation outcomes, including 70% of defined monthly wages for specified incapacity/death/disappearance subject to duration/minima/maxima. SSO incident forms (https://infocenter.oic.go.th/FILEWEB/CABINFOCENTER66/DRAWER004/GENERAL/DATA0000/00000170.PDF) permit office/post/electronic filing. Old 60%/three-day-wait guidance is superseded. The separate OSH s.34 safety-inspector report remains due.; No; Incident, treatment, insurer-benefit order and both filing receipts absent; current implementing benefit limits open.
[Shared implementation handoff, in dependency order] 4. Incident and external-duty records. Capture occupational incident, knowledge date, treatment, claim/order and payer facts where they affect in-product classification, payroll or warnings. When the product reports a filing or remittance as complete, retain the authority receipt and correction history; otherwise show the employer-facing legal boundary without claiming that the external act was performed.",,,,
TH-WCF-05,TH,other,"Handle compensation claims, changed orders, 180-day/two-year claim routes, seven-day payment and thirty-day appeal.","Amended Act ss.18–19, 49–52; SSO forms notice.",https://www.mol.go.th/wp-content/uploads/sites/2/2021/02/1-%E0%B8%9E.%E0%B8%A3.%E0%B8%9A.%E0%B9%80%E0%B8%87%E0%B8%B4%E0%B8%99%E0%B8%97%E0%B8%94%E0%B9%81%E0%B8%97%E0%B8%99-%E0%B8%9E.%E0%B8%A8.-2537-%E0%B8%89%E0%B8%9A%E0%B8%B1%E0%B8%9A-update.pdf,2026-09-27,2025-12-01,,EXTERNAL,"annual assessment or incident/claim lifecycle absent; no TH probe. State: Open/External: not a normal expense claim or wage. Former register state: No [IN-SYSTEM 2026-09-29]. Inputs → output: Injury/discovery, employment end, claim, order notice, payer → deadlines/amount. Profile: employer/activity/worker-year; from 1 Dec 2025.
[Workmen's Compensation Fund branch detail and R49 evidence migration] `TH-WCF08` → TH-WCF-05: Act ss.49–52: normally 180-day claim; post-employment occupational illness has two years from discovery; SSO order specifies amount/period and employer payment within seven days of notice; changed condition/facts may create a later order; written appeal normally within 30 days, except s.47 order; s.25 has a fund-on-behalf payer route. Forms กท.16 or กท.16/1 and medical proof are different evidence paths.; No; Claim/order/appeal and claimant/beneficiary lifecycle absent.",,,,
TH-PIT-01,TH,tax,"Tax employment income, benefits, bonuses and covered exit payments using dated expense, relief and progressive band law.","Revenue Department 2025 return instructions (https://www.rd.go.th/fileadmin/tax_pdf/pit/2568/Ins91_241268.pdf), Revenue Code ss.40, 48, 50.",https://www.rd.go.th/fileadmin/tax_pdf/pit/2568/Ins91_241268.pdf,2026-09-27,2025-12-01,,PARTIAL,"Integrated ordinary employment PIT, housing/bonus/normal allowances and scoped exit memberships; actual employment wage/suspension interest follows Revenue Department0706/1202, and employment s9 additional money follows general Revenue Code40(1). Related interest is not exempt severance principal and SSO normal-work classification remains separate. Remaining: full benefits/reliefs/profile and closing scope in PIT06/08/11/13/15. Actual taxable source and dated relief declarations required; unverified.","statutory_contributions:PIT; adhoc_catalogue:LATE_WAGE_INTEREST,SUSPENSION_CLEARANCE_INTEREST,LATE_WAGE_SURCHARGE","Thailand — s.50(1) withholding on the P.96/2543 annualised method, resident and non-resident alike",TH-PIT-01-1; TH-PIT-01-2; TH-PIT-01-3; TH-PIT-01-4,2026-09-29
TH-PIT-02,TH,tax,"Annualise regular monthly, semimonthly or weekly wages, using actual remaining pay occasions for midyear starters; rerun when wage or relief changes.","Order P.96/2543 (https://www.rd.go.th/3558.html), cl.1(1)–(4); Order P.16/2530 (https://www.rd.go.th/3613.html).",https://www.rd.go.th/3558.html,2026-09-28,2025-12-01,,PARTIAL,"Regular annualisation and optional actual December closing are present. Remaining implementation/source boundary: Actual mixed regular-extra history/final-leaver cl3 and complete irregular pay-occasion/native history treatment remain engineering. Required original inputs: Actual pay occasions, start date and complete paid income/withholding history. ",statutory_contributions:PIT,Thailand — a mid-year joiner annualises over the payments actually due that year (P.96/2543 cl.1(1)); the part month on calendar days,TH-PIT-02-1; TH-PIT-02-2; TH-PIT-02-3; TH-PIT-02-4; TH-PIT-02-5; TH-PIT-02-6,2026-09-29
TH-PIT-03,TH,tax,"Add occasional bonus/overtime tax as an incremental annual-tax difference; handle irregular pay cumulatively, employer-borne tax and December/final-employment reconciliation.","Order P.96/2543 cl.1(5)–(8), cls.2–3.",https://www.rd.go.th/3558.html,2026-09-27,2025-12-01,,PARTIAL,"Occasional incremental tax, pure irregular cumulative and December actual closing exist. Remaining implementation/source boundary: Mixed ordinary-plus-irregular accumulator, employer-borne fixed/full tax and final-exit cl3 adjustment remain absent. Required original inputs: Actual complete paid tax/income ledger and employer tax undertaking. ",statutory_contributions:PIT,Thailand — a bonus is withheld whole in its month as the annual-tax difference (P.96/2543 cl.1(5)); it is outside the SSO wage,TH-PIT-03-1; TH-PIT-03-2; TH-PIT-03-3,2026-09-29
TH-PIT-04,TH,filing,"Submit monthly electronic ภ.ง.ด.1, annual ภ.ง.ด.1ก and corrections with period-specific due dates.","Revenue Department filing service (https://www.rd.go.th/62977.html). Revenue Code ss.52, 58; MOF internet-filing Notice No.7 as amended by Nos.8–9 (https://www.rd.go.th/fileadmin/user_upload/kormor/newlaw/mofexpandfornet7A.pdf), cls.1.3–1.4.",https://www.rd.go.th/62977.html,2026-09-27,2025-12-01,,EXTERNAL-RECORDED,"TH withholding/filing rules and saved-output probe absent. State: Open/External: due-date and holiday-extension census; amount alone is insufficient. Due dates: ภ.ง.ด.1 within 7 days after the payment month, 15 days if e-filed, for filings due 1 Feb 2024–31 Jan 2027 (cl.1.3; re-check before Feb 2027); ภ.ง.ด.1ก within February of the next year, 8 March if e-filed (cl.1.4, added by Notice No.9, in force 17 Dec 2025). s.27 1.5%/month surcharge and s.54 joint liability not re-read. Former register state: No [IN-SYSTEM 2026-09-29]. Inputs → output: Saved pay/tax facts, identity, filing channel and acknowledgement → submission record. Profile: tax resident/income class/pay date; from 1 Dec 2025. [Phase 2 2026-10-01] Duty types PND1_MONTHLY_FILING (RUN_FINALISED, the 7th of the month after the pay date; the 15-day e-filing extension not modelled) and PND1K_ANNUAL_FILING (CALENDAR YEAR, the last day of the next February) record the due day and the filing reference. Owner rule 2026-09-30: raised for every finalised run, a nil month waived with that reason. The generated ภ.ง.ด.1 file is not declared (no RD layout transcribed). Duty instances are raised only by the obligation_calendar sweep; the probe harness reads `saved` after the event run and never starts that automation, so these saved-instance probes cannot pass until the harness runs the sweep first.",duty_types:PND1_MONTHLY_FILING; duty_types:PND1K_ANNUAL_FILING,,TH-SS-01-7,
TH-PIT-05,TH,tax,Classify involuntary statutory severance for its distinct exemption and any five-year separate-tax election; retirement and contract expiry are not automatically eligible.,"Revenue Department 2025 ภ.ง.ด.91 instructions (https://www.rd.go.th/fileadmin/tax_pdf/pit/2568/Ins91_241268.pdf), pp.2–3; Revenue Code. Revenue Code s.50(1) para.3, s.48(5) (https://www.rd.go.th/5937.html); DG Notification No.45 cls.1(ค), 2(ก), 3–4 (https://www.rd.go.th/3213.html) as amended by No.252 (https://www.rd.go.th/49994.html); MR No.126 cl.2(51) as amended by No.394 B.E.2567 (https://www.rd.go.th/2502.html) (income from 1 Jan 2023).",https://www.rd.go.th/fileadmin/tax_pdf/pit/2568/Ins91_241268.pdf,2026-09-28,2025-12-01,,PARTIAL,"Severance exemption/election and actual s119/retirement/project source gates exist. Remaining implementation/source boundary: Transferred tax-service qualification and exact original predecessor piece/service source plus separate-tax history election completeness remain unclosed. Required original inputs: Actual involuntary cause, service-tax election and original prior sources. ",statutory_contributions:SEVERANCE_TAX; statutory_contributions:PIT,"Thailand — severance is withheld under s.50(1) para.3 on s.48(5), after the MR No.126 cl.2(51) exemption",TH-PIT-05-1; TH-PIT-05-2; TH-EXIT-03-2; TH-PIT-05-3,2026-09-29
TH-PIT-06,TH,tax,"Apply evidence-based personal/family/insurance/fund/donation relief, aged-or-disabled income exemptions and cumulative caps; do not import historic examples as current parameters.","Revenue Department 2025 ภ.ง.ด.91 instructions (https://www.rd.go.th/fileadmin/tax_pdf/pit/2568/Ins91_241268.pdf), pp.2–12; Order P.96/2543 (https://www.rd.go.th/3558.html), cl.1(2). RD new-law list (https://www.rd.go.th/21221.html): Royal Decree No.805 B.E.2569 (https://www.rd.go.th/fileadmin/user_upload/kormor/newlaw/dc805.pdf) (Solar Rooftop, TH-PIT-21) and Ministerial Regulation No.401 B.E.2568 (https://www.rd.go.th/fileadmin/user_upload/kormor/newlaw/mr401A.pdf) (domestic tourism, TH-PIT-22).",https://www.rd.go.th/fileadmin/tax_pdf/pit/2568/Ins91_241268.pdf,2026-10-03,2025-12-01,,PARTIAL,"Family, political donation, funds, health/parent-health/mortgage and complete-presence relief sources integrated. Own aged/disabled190000 is annual-return-only, not an employer withholding deduction (RD0702/3649; DG150cl5 retained byDG231); explicit PIT authority excludes it from LY01. Remaining: general/doubled donation source families and actual annual-return exemption allocation/filing workflow; no whole-relief closure. Actual claimant, receipt and cross-income allocation required. Unverified.",statutory_contributions:PIT (election ly01_deductions),Thailand — the ล.ย.01 allowances an employee declares reduce the annualised tax from January (P.96/2543 cl.1(2)),TH-PIT-06-1,2026-09-29
TH-PIT-07,TH,tax,"Value employer-provided rent-free accommodation as taxable employment benefit: employer-owned home normally 20% of annual salary/wage and regular additions excluding annual bonus; employer-rented home uses actual rent paid; shared homes require the prescribed allocation, and employer-paid utilities/household expenses can also be benefits.","Revenue Code s.40(1) (https://www.rd.go.th/5937.html); Revenue Department Order P.23/2533, cls.1–2 (https://www.rd.go.th/3611.html).",https://www.rd.go.th/5937.html,2026-09-27,2025-12-01,,IMPLEMENTED,"Owned20% salary/regular additions, actual rent/shared allocation/utilities and sourced assessed override DISPLAY benefits enterPIT without invented cash. Full literal source scope implemented; financial/workflow verification has not run. Required original inputs: Actual occupancy/rent, regular pay, allocation and independent assessment/evidence. ",,,,
TH-PIT-08,TH,tax,"Classify a payment arising from employment under s.40(1) separately from a fee, commission or other service/office payment under s.40(2), including Thai-source and residence facts; apply the appropriate withholding and filing bucket without treating every payee as an employee.","Revenue Code ss.40(1)–(2), 41 and 50(1) (https://www.rd.go.th/5937.html); Revenue Department withholding form guidance (https://www.rd.go.th/fileadmin/user_upload/SMEs/infographic/guidelines_SME_190765.pdf).",https://www.rd.go.th/5937.html,2026-09-27,2025-12-01,,PARTIAL,Employment-bound resident/nonresident office-fee classes and real nonemployment recipient event workflow exist. Remaining implementation/source boundary: Standalone resident regular/occasional40(2) combined expense/annualisation and actual Thai reporting emission remain missing; no fake employment fallback. Required original inputs: Actual office/service versus employment source and tax residence/receipt year. ,,,,
TH-PIT-09,TH,filing,"Issue the statutory two-copy withholding certificate after s.50(1) payroll withholding by 15 February of the next tax year, or within one month after a midyear departure; reconcile it to monthly and annual filings.",Revenue Code s.50 bis(2) (https://www.rd.go.th/5937.html).,https://www.rd.go.th/5937.html,2026-09-27,2025-12-01,,EXTERNAL-RECORDED,"Certificate generation/delivery and saved-filing reconciliation absent. State: Open/External: 15 February and one-month departure boundaries, corrections and delivery receipt. Former register state: No [IN-SYSTEM 2026-09-29]. Inputs → output: Payee identity, calendar-year income/withheld tax, exit date and issued copies → certificate and delivery evidence. Profile: payee/tax year/exit date; from 1 Dec 2025. [Phase 2 2026-10-01] Duty types WITHHOLDING_CERTIFICATE_YEAR (15 February of the next year) and WITHHOLDING_CERTIFICATE_EXIT (one month after the exit) record the issue and its reference; the certificate itself is not generated. Duty instances are raised only by the obligation_calendar sweep; the probe harness reads `saved` after the event run and never starts that automation, so these saved-instance probes cannot pass until the harness runs the sweep first.",duty_types:WITHHOLDING_CERTIFICATE_YEAR; duty_types:WITHHOLDING_CERTIFICATE_EXIT,,TH-EXIT-01-2,
TH-PIT-10,TH,tax,"Apply the 2026–29 carryover from an eligible 2025 LTF-to-Thai-ESGX conversion, distinct from a new 2025 ESGX purchase and an ordinary 2026 Thai ESG purchase; only the conversion amount above THB300,000 through THB500,000 is spread equally over four later tax years, subject to holding/evidence conditions.","Revenue Department 2025 ภ.ง.ด.94 instructions, Thai ESGX item 18 (https://www.rd.go.th/fileadmin/tax_pdf/pit/2568/Ins94_050668.pdf); ministerial regulation No.126 consolidation (https://www.rd.go.th/2502.html).",https://www.rd.go.th/fileadmin/tax_pdf/pit/2568/Ins94_050668.pdf,2026-09-27,2026-01-01,2029-12-31,PARTIAL,Actual2025LTF conversion excess four-year carryover source election is integrated separately from new purchases. Remaining implementation/source boundary: Failed-holding correction/amended-return/additional-charge/FIFO lifecycle remains absent. Required original inputs: Actual qualifying conversion/holding evidence and annual prior relief. ,,,,
TH-PIT-11,TH,tax,"Apply the EEC 17% section-40(1) withholding branch only to an eligible executive, expert or researcher working under contract at a promoted targeted-industry establishment in Chachoengsao, Chonburi or Rayong, with qualifying target-industry contract income at least THB200,000/month; mixed activity qualifies only its separately stated target-industry income. If ordinary section-50(1) withholding is below 17%, the worker may instead elect 17% for final treatment; an annual eligibility failure withdraws that year's relief.",Royal Decree 641 ss.3–7 (https://www.rd.go.th/fileadmin/user_upload/kormor/newlaw/dc641.pdf); Revenue Department Notification 306 cls.1–2 as amended by 335 (https://www.rd.go.th/fileadmin/user_upload/kormor/newlaw/dg306.pdf).,https://www.rd.go.th/fileadmin/user_upload/kormor/newlaw/dc641.pdf,2026-09-27,2025-12-01,,PARTIAL,"EEC17% source qualification/election and mixed qualifying-income split are present. Remaining implementation/source boundary: Actual annual qualification-failure correction/reconciliation path is not fully composed. Required original inputs: Actual promotion/list/work permission, residence, income and election sources. ",,,,
TH-PIT-12,TH,filing,"Notify the Revenue Department of each EEC worker before the first employment payment; relief starts on the Department's receipt date, with foreign-work-experience certification and worker/BOI contract evidence retained. Report eligible 17%-withheld income in the annual preferential-tax return without refund/credit if electing final treatment.",Royal Decree 641 ss.5–6 (https://www.rd.go.th/fileadmin/user_upload/kormor/newlaw/dc641.pdf); Notification 306 cl.3 and annex (https://www.rd.go.th/fileadmin/user_upload/kormor/newlaw/dg306.pdf); 2025 ภ.ง.ด.95 form (https://www.rd.go.th/fileadmin/tax_pdf/pit/2568/241268PIT95.pdf).,https://www.rd.go.th/fileadmin/user_upload/kormor/newlaw/dc641.pdf,2026-09-27,2025-12-01,,EXTERNAL,"Employer notification/receipt, 95 return and final-tax evidence path absent. State: Open/External: payment before versus after office receipt, missing experience letter and 2025/2026 annual form/reconciliation. Former register state: No [EXTERNAL 2026-09-29]. Inputs → output: Employer/worker tax IDs, promotion card, prior-employer experience certificate, contract and first-payment date, office receipt, annual election → effective relief date, filing and receipt evidence. Profile: EEC notification/pay date and tax year; operative before 1 Dec 2025.",,,,
TH-PIT-13,TH,tax,"Apply the IBC 15% section-40(1) withholding branch only to an eligible foreign permanent employee of an approved international business centre; ordinary section-50(1) liability above 15% is reduced, while a worker whose ordinary withholding is lower can elect 15% for final treatment. Qualifying IBC employment income must average at least THB200,000 per month present in Thailand, with the prescribed residence, skilled-work authorisation, listed-worker and eligible-business tests.","Royal Decree 674 ss.3–6, 10–13 (https://www.rd.go.th/fileadmin/user_upload/kormor/newlaw/dc674.pdf); Revenue Department general Notification 13 cl.2 (https://www.rd.go.th/fileadmin/user_upload/kormor/newlaw/dgg13.pdf).",https://www.rd.go.th/fileadmin/user_upload/kormor/newlaw/dc674.pdf,2026-09-27,2025-12-01,,PARTIAL,"IBC15% source qualification/election and qualifying-income split are present. Remaining implementation/source boundary: Annual qualification-failure correction/source-history reconciliation remains incomplete. Required original inputs: Actual approved IBC/listed worker, averageincome, residence and legal election. ",,,,
TH-PIT-14,TH,filing,"Obtain/maintain IBC approval and notify changes, including added or removed foreign employees, through ศ.ก.ร.1/1.1; an added worker's preferential entitlement starts in the tax year of the change filing. Record section-40(1) final-tax election and preferential ภ.ง.ด.95 return without claiming withholding refund/credit.","Royal Decree 674 ss.5, 10–13 (https://www.rd.go.th/fileadmin/user_upload/kormor/newlaw/dc674.pdf); Notification 13 cls.3, 8–10 (https://www.rd.go.th/fileadmin/user_upload/kormor/newlaw/dgg13.pdf); 2025 ภ.ง.ด.95 (https://www.rd.go.th/fileadmin/tax_pdf/pit/2568/241268PIT95.pdf).",https://www.rd.go.th/fileadmin/user_upload/kormor/newlaw/dc674.pdf,2026-09-27,2025-12-01,,EXTERNAL,"IBC approval/change receipts, annual return and invalidation path absent. State: Open/External: approval boundary, added-worker filing year, cancelled approval, denied final-tax election and return reconciliation. Former register state: No [EXTERNAL 2026-09-29]. Inputs → output: RD approval and cessation dates, signed applications and office acknowledgements, changed worker list, pay history, annual return/election → eligibility interval and filing evidence. Profile: IBC employer/worker change and tax year; operative before 1 Dec 2025.",,,,
TH-PIT-15,TH,tax,"Apply the LTR highly-skilled professional 17% section-40(1) withholding branch only where the foreign worker has the qualifying LTR visa and is employed by a company or juristic partnership operating a legally targeted industry. Ordinary section-50(1) liability above 17% is reduced; if it is lower, 17% requires worker acceptance for final treatment. An LTR visa alone, or work for a nonqualifying body, does not confer the rate.","Royal Decree 743 ss.3–4, 6–7 (https://www.rd.go.th/fileadmin/user_upload/kormor/newlaw/dc743.pdf); Revenue Department Notification 427 cls.1–3 (https://www.rd.go.th/fileadmin/user_upload/kormor/newlaw/dg427KA.pdf); RD ruling 0702/637 (https://www.rd.go.th/67605.html).",https://www.rd.go.th/fileadmin/user_upload/kormor/newlaw/dc743.pdf,2026-09-27,2025-12-01,,PARTIAL,"LTR17% actual visa/permit/receipt-date admission, target-income split and accepted election are present. Remaining implementation/source boundary: Annual eligibility withdrawal/whole-income closing interaction requires documented correction composition; no complete failed-year recovery workflow. Required original inputs: Actual BOI/visa/permit, target activity, receipt and worker acceptance. ",,,,
TH-PIT-16,TH,filing,File the LTR HSP employer's named-worker notification by the last day of the first tax year of relief; only pay received from the district Revenue office's receipt date can use it. The employee files ภ.ง.ด.95 for each elected year and cannot refund/credit 17% withheld income excluded from the annual calculation.,Notification 427 cl.3 and annex (https://www.rd.go.th/fileadmin/user_upload/kormor/newlaw/dg427KA.pdf); Royal Decree 743 s.4 (https://www.rd.go.th/fileadmin/user_upload/kormor/newlaw/dc743.pdf); 2025 ภ.ง.ด.95 (https://www.rd.go.th/fileadmin/tax_pdf/pit/2568/241268PIT95.pdf).,https://www.rd.go.th/fileadmin/user_upload/kormor/newlaw/dg427KA.pdf,2026-09-27,2025-12-01,,EXTERNAL,"Filing/receipt cutoff, PND95 reconciliation and election evidence absent. State: Open/External: notification arriving after a pay date, first-tax-year deadline, missing visa/permit, refund/credit and corrected annual filing. Former register state: No [EXTERNAL 2026-09-29]. Inputs → output: Employer and worker tax IDs, visa/permit and employment evidence, notification content/date/office receipt, pay dates and annual election → relief commencement, preferential return and audit evidence. Profile: LTR HSP notification/pay date and tax year; operative before 1 Dec 2025.",,,,
TH-PIT-17,TH,tax,"Exclude a genuine occasional duty-travel per diem or transport reimbursement only to the extent actually and necessarily spent for work; a per diem no higher than the applicable maximum government travel rate is deemed spent without expense receipts, but employer approval must identify task and travel period. Unproved excess remains taxable.",Revenue Code s.42(1)–(2) (https://www.rd.go.th/5937.html); Revenue Department Order P.59/2538 cls.1–2 (https://www.rd.go.th/3588.html).,https://www.rd.go.th/5937.html,2026-09-27,2025-12-01,,PARTIAL,"Integrated actual approved duty travel/task/period, necessary spend or dated official deemed per-diem ceiling, taxable excess and distinct transport rule. Original complete request-bound dossier now has exact native employment/catalogue/event/reference/hash/owned file/observation admission; deemed spend needs no expense receipt. Remaining: actual aggregate exclusion-budget conservation across multiple requests using the same travel approval/receipt/period ceiling; current dossier identity alone does not consume earlier exemptions. Actual official applicable maximum/category/effective dates remain required source inputs, not invented rates. Unverified.","adhoc_catalogue:DUTY_TRAVEL_PER_DIEM,DUTY_TRAVEL_TRANSPORT; request_requirements.fact_dossier; request_facts original approval/expense/dated official ceiling; src/lib/fact-dossier.ts; src/data/collection/adhoc_requests/+collection.ts; src/lib/owned-source-files.ts",,,
TH-PIT-18,TH,tax,"Exclude employer-paid travel for a worker's first move from another locality to take the job or necessary return home after employment ends, limited to the amount actually spent; the return-and-rehire-with-same-employer within 365 days exception prevents the exclusion.",Revenue Code s.42(3) (https://www.rd.go.th/5937.html).,https://www.rd.go.th/5937.html,2026-09-27,2025-12-01,,PARTIAL,"Actual join/exit locality travel class with necessary-spend and same-employer365day qualification is present. Remaining implementation/source boundary: Later known rehire correction is a documented manual path, not automated prospective history reversal; complete native disposition remains review scope. Required original inputs: Actual relocation/return spend, prior employment and later real rehire. ",,,,
TH-PIT-19,TH,tax,Determine tax residence: a person present in Thailand for 180 days or more in aggregate in a tax year is resident.,Revenue Code s.41 para.3 (https://www.rd.go.th/5937.html).,https://www.rd.go.th/5937.html,2026-09-27,2025-12-01,,IMPLEMENTED,Complete actual tax-year presence count at179/180 controls residence; partial-year count cannot manufacture final nonresidence. Full literal source scope implemented; financial/workflow verification has not run. Required original inputs: Actual complete-year presence records and reconciled declaration; foreign-income return is outside this row. ,statutory_contributions:PIT,"Thailand — s.50(1) withholding on the P.96/2543 annualised method, resident and non-resident alike",TH-PIT-19-1,2026-09-29
TH-PIT-20,TH,tax,"Apply payroll-linked fund reliefs: Social Security contributions actually paid, and provident-fund employee contributions (deduction, exemption and combined cap).",Revenue Code s.47(1); Ministerial Regulation No.126 cl.2; RD 2025 ภ.ง.ด.91 instructions (https://www.rd.go.th/fileadmin/tax_pdf/pit/2568/Ins91_241268.pdf).,https://www.rd.go.th/fileadmin/tax_pdf/pit/2568/Ins91_241268.pdf,2026-09-27,2025-01-01,2026-12-31,PARTIAL,Actual fund receipts/caps and SSO paid-history closing relief are present. Remaining implementation/source boundary: Full relief plus irregular/final/December composition and actual late SSO payment attribution need scoped review. Required original inputs: Actual eligible fund/holding/paid SSO and complete prior elections. ,statutory_contributions:PIT,"Thailand — s.33 insures an entrant aged 15–60; a hire over 60 does not enter, an insured person ageing past 60 stays (TH-SS-12)",TH-PIT-20-1; TH-SS-02-1; TH-SS-02-3,2026-09-29
TH-PIT-21,TH,tax,"Royal Decree No.805 (Solar Rooftop): individual income-tax exemption for home solar installation, a year-end relief item unless declared for withholding.","Royal Decree No.805 B.E.2569 (https://www.rd.go.th/fileadmin/user_upload/kormor/newlaw/dc805.pdf), Gazette vol.143 part 17 Kor, 2 March 2026; listed on the RD new-law list (https://www.rd.go.th/21221.html) 4 March 2026.",https://www.rd.go.th/fileadmin/user_upload/kormor/newlaw/dc805.pdf,2026-09-27,2026-03-03,2028-12-31,SOURCE-BLOCKED,"Tried: the RD PDF (dc805.pdf) text layer is garbled; signed clauses unread, figures only from secondary summaries.
Signed clauses unread; relief not modelled. State: Open: PDF text layer garbled; the THB200,000 cap, 3 Mar 2026–31 Dec 2028 window and effective date are from secondary summaries and unverified. Former register state: No [SOURCE 2026-09-29]. Inputs → output: ล.ย.01 declaration, receipt, payment date → annual relief. Profile: tax resident/tax year; from Mar 2026 (unverified).",,,,
TH-PIT-22,TH,tax,"Ministerial Regulation No.401 (domestic tourism exemption) for tax year 2025, possibly affecting the December 2025 reconciliation (TH-PIT-03/06).","Ministerial Regulation No.401 B.E.2568 (https://www.rd.go.th/fileadmin/user_upload/kormor/newlaw/mr401A.pdf), dated 20 November 2025 on the RD new-law list (https://www.rd.go.th/21221.html).",https://www.rd.go.th/fileadmin/user_upload/kormor/newlaw/mr401A.pdf,2026-09-27,2025-01-01,2025-12-31,IMPLEMENTED,MR401/dg463 source election handles actual2025closing eligible first10000/e-tax excess/secondary-tourism uplift without duplicateLY01. Full literal source scope implemented; financial/workflow verification has not run. Required original inputs: Actual licensed provider/geography/e-tax/service receipts and annual declaration; external return/refund is separate. ,,,,
TH-EXIT-01,TH,final_pay,"Determine notice, termination, severance, retirement and final-payment liabilities by cause/service and protected class.","Labour Protection Act ss.17, 118–120 and amendments.",https://searchlaw.ocs.go.th/council-of-state/#/public/doc/ZGN3NXk0eENvNjBSdjRnT2NsdjFTQT09,2026-09-27,2025-12-01,,PARTIAL,"Integrated final-pay duty, cause/service/retirement/notice/severance source classes and original transferred piece-workday wages. Remaining: accrued-leave cash liability, nonmonthly notice counterfactual, relocation proceedings and technology notice delivery (EXIT02/04/06/07). Actual original sources required; source-only, unverified.",obligations:FINAL_PAY_AND_SEVERANCE; duty_types:FINAL_PAY_DUE,"Thailand — a retrenched leaver: part month, s.67 leave pay, s.118 severance and the final withholding",TH-EXIT-01-1; TH-EXIT-04-5; TH-EXIT-01-2,2026-09-29
TH-EXIT-02,TH,final_pay,Pay annual leave on exit: employer termination other than for s.119 cause pays current-year leave pro rata to the s.30 entitlement; resignation or any dismissal pays accumulated carried-forward leave; the payment is wage within the s.70 three-day window.,Labour Protection Act s.67 (as amended No.2 B.E.2551) (https://searchlaw.ocs.go.th/council-of-state/#/public/doc/ZGN3NXk0eENvNjBSdjRnT2NsdjFTQT09) (Council of State consolidation through Act No.9 B.E.2568).,https://searchlaw.ocs.go.th/council-of-state/#/public/doc/ZGN3NXk0eENvNjBSdjRnT2NsdjFTQT09,2026-10-02,2025-12-01,,PARTIAL,"Integrated cause-qualified current/carried annual cash-out, three-day final-pay duty and TH inherited service/audited opening conservation. Encashment selects actual statutory PIECE_RATE category and documented piece_normal_day_wage; s60 received-period average explicitly excluded from s67 conversion. Remaining: complete original transferred cash valuation/disposition; unverified.",work_rules.encashment; leave_catalogue:ANNUAL_LEAVE; src/lib/leave/transferred-opening-admission.ts; seed/jurisdiction/TH/leave_catalogue.json; work_rules.ordinary_rate_reference.use_for_encashment; work_rules.encashment.day_amount,"Thailand — s.67 pays the year’s annual leave on exit only for an employer termination not for a s.119 cause; TH ${annual.settings_id} — the six-day annual grant survives exit proration on ${exitDate}; TH s.67 — exact September fraction, carry ${carried}, taken ${taken}",TH-EXIT-02-1; TH-EXIT-01-1,2026-09-29
TH-EXIT-03,TH,severance,"Severance by service: ≥120 days to <1 year 30 days' last wage; 1–<3 years 90; 3–<6 years 180; 6–<10 years 240; 10–<20 years 300; ≥20 years 400 (No.7); piece-rate staff get the last N working days' wages; exemption only for a written fixed-term contract for a special project outside normal business, or occasional or seasonal work, finished within 2 years. Retirement is termination (s.118/1, No.6 B.E.2560): with no agreed age or one over 60, an employee aged 60 or more may declare retirement effective 30 days later, with severance owed.","Labour Protection Act ss.118, 118/1 (No.6 B.E.2560, No.7 B.E.2562) (https://searchlaw.ocs.go.th/council-of-state/#/public/doc/ZGN3NXk0eENvNjBSdjRnT2NsdjFTQT09) (Council of State consolidation through Act No.9 B.E.2568).",https://searchlaw.ocs.go.th/council-of-state/#/public/doc/ZGN3NXk0eENvNjBSdjRnT2NsdjFTQT09,2026-10-03,2025-12-01,,IMPLEMENTED,"Integrated severance tiers, fixed-project qualification, retirement declaration and last-N piece-workday wages across source-qualified transferred service. Original workday dates/cash, owned approved source files and consumed predecessor IDs are bound at admission and pricing; missing evidence refuses. Source-only integration; verification pending.","adhoc_catalogue:SEVERANCE_PAY; exit_facts:fixed_term_project_exempt,s118_fixed_work_class,s118_fixed_contract_reference; checks:S118_FIXED_PROJECT_ADMISSION,RETIREMENT_SOURCE_ADMISSION; work_rules.wages.results_pay; employment_wage_periods.earned_workdays; src/lib/piece-workday-history.ts; src/lib/payroll/money.ts; src/lib/payroll/world.ts; seed/jurisdiction/TH/adhoc_catalogue.json","Thailand — s.118 severance by service band, and none for a resignation or under 120 days",TH-EXIT-03-1; TH-EXIT-03-2; TH-EXIT-03-3; TH-PIT-05-2,2026-09-29
TH-EXIT-04,TH,notice,"Notice: given at or before a payday to take effect on the next payday, need not exceed 3 months; probation counts as indefinite employment (no statutory probation length); pay in lieu is due on the removal day; notice does not apply to s.119 dismissals or Civil and Commercial Code s.583.","Labour Protection Act ss.17, 17/1 (https://searchlaw.ocs.go.th/council-of-state/#/public/doc/ZGN3NXk0eENvNjBSdjRnT2NsdjFTQT09) (Council of State consolidation through Act No.9 B.E.2568).",https://searchlaw.ocs.go.th/council-of-state/#/public/doc/ZGN3NXk0eENvNjBSdjRnT2NsdjFTQT09,2026-10-03,2025-12-01,,PARTIAL,"Payday notice, probation, s119 and independent CCC583 cause admission are configured. Remaining implementation/source boundary: Actual daily/hourly/weekly notice counterfactual amount remains manual/source-input; no fully source-derived nonmonthly notice basis. Required original inputs: Actual notice/removal dates, paydays and legal summary cause. ",adhoc_catalogue:NOTICE_IN_LIEU; exit_facts:notice_given_on; jurisdiction_settings.exit_facts/checks CCC583_NOTICE_ADMISSION; adhoc NOTICE_IN_LIEU ordinary branches,Thailand — s.17/1 pay in lieu of notice runs to the payday after the next payday (TH-EXIT-04),TH-EXIT-04-1; TH-EXIT-01-1; TH-EXIT-04-2; TH-EXIT-04-3; TH-EXIT-04-4; TH-EXIT-04-5,2026-09-29
TH-EXIT-05,TH,severance,"No-severance causes (s.119): (1) dishonesty or intentional crime against the employer; (2) wilful damage; (3) negligence causing serious damage; (4) breach of lawful rules after a written warning valid 1 year from the offence, unless serious; (5) 3 consecutive working days' absence without reason, whether or not holidays intervene; (6) final imprisonment, where a negligent or petty offence must have caused damage. The cause must be stated in the notice or cannot be raised later.",Labour Protection Act s.119 (https://searchlaw.ocs.go.th/council-of-state/#/public/doc/ZGN3NXk0eENvNjBSdjRnT2NsdjFTQT09) (Council of State consolidation through Act No.9 B.E.2568).; s.119 original factual cause can also be informed at termination (official MOL consolidation https://www.mol.go.th/wp-content/uploads/sites/2/1998/01/Labour_Protection_Act_BE2541.pdf).,https://searchlaw.ocs.go.th/council-of-state/#/public/doc/ZGN3NXk0eENvNjBSdjRnT2NsdjFTQT09,2026-10-03,2025-12-01,,IMPLEMENTED,"All6s119 causes/material conditions, offence-based warning chronology/year scope, consecutive working-day absence, final imprisonment and notice OR actual informed-at-termination admission exist. Full literal source scope implemented; financial/workflow verification has not run. Required original inputs: Actual legal cause findings, warning/offence/repeat and termination communication; no inferred guilt. ","exit_facts:dismissed_for_cause; checks:S119_CAUSE_ADMISSION; exit_facts:s119_cause,s119_communication_method,s119_cause_reference",Thailand — s.119 cause and the s.118 para.3–4 fixed-term exemption remove severance; a dismissal without cause and a plain expiry pay it,TH-EXIT-05-1; TH-EXIT-04-5,
TH-EXIT-06,TH,severance,"Relocation (s.120): 30 days' posted notice, otherwise special severance in lieu of 30 days' wage; an objecting employee notifies within 30 days and gets special severance of at least s.118 rates.","Labour Protection Act ss.120, 120/1 (https://searchlaw.ocs.go.th/council-of-state/#/public/doc/ZGN3NXk0eENvNjBSdjRnT2NsdjFTQT09) (Council of State consolidation through Act No.9 B.E.2568).",https://searchlaw.ocs.go.th/council-of-state/#/public/doc/ZGN3NXk0eENvNjBSdjRnT2NsdjFTQT09,2026-09-30,2025-12-01,,PARTIAL,"Relocation notice/objection flags and special monetary bands exist. Remaining implementation/source boundary: Written objection deadline,7day payment clock and Committee petition/appeal lifecycle remain incomplete. Required original inputs: Actual posted notice, significant-effect objection and proceedings/payment receipts. ","adhoc_catalogue:SEVERANCE_PAY; adhoc_catalogue:NOTICE_IN_LIEU; exit_facts:relocation_objection,relocation_notice_posted","Thailand — special severance: s.120 relocation objection, s.121 60 days in lieu of notice, s.122 15 days a year to 360",TH-EXIT-06-1,2026-09-29
TH-EXIT-07,TH,severance,"Restructuring for machinery or technology (s.121): 60 days' notice to the inspector and employees, or 60 days' special severance in lieu; s.122: service over 6 years adds 15 days per full year, the s.122 amount alone capped at 360 days.","Labour Protection Act ss.121, 122 (https://searchlaw.ocs.go.th/council-of-state/#/public/doc/ZGN3NXk0eENvNjBSdjRnT2NsdjFTQT09) (Council of State consolidation through Act No.9 B.E.2568).",https://searchlaw.ocs.go.th/council-of-state/#/public/doc/ZGN3NXk0eENvNjBSdjRnT2NsdjFTQT09,2026-09-30,2025-12-01,,PARTIAL,"Integrated technology60day special notice, >6year additional compensation and exact original last60/15 piece-working-day source across transferred service. Remaining: inspector/employee notice evidence and delivery workflow. Actual technology, service, wage and notice sources required; verification pending.","adhoc_catalogue:SEVERANCE_PAY,NOTICE_IN_LIEU; exit_facts:technology_restructuring,technology_notice_60_days; employment_wage_periods.earned_workdays; src/lib/piece-workday-history.ts; src/lib/payroll/money.ts; src/lib/payroll/world.ts; seed/jurisdiction/TH/adhoc_catalogue.json",Thailand — s.122 needs more than six years’ service; its 180-day rule counts only toward the amount (TH-EXIT-07),TH-EXIT-07-1; TH-EXIT-07-2; TH-EXIT-07-3,2026-09-29
TH-DEDUCT-01,TH,wages,Permit only lawful wage deductions and respect consent/percentage limits. Student Loan Fund deduction is TH-DEDUCT-02.,Labour Protection Act ss.76–77 and implementing law. s.76 as amended No.2 B.E.2551 (https://searchlaw.ocs.go.th/council-of-state/#/public/doc/ZGN3NXk0eENvNjBSdjRnT2NsdjFTQT09) (Council of State consolidation through Act No.9 B.E.2568).; ss.76–77 read in the MoL English text (https://www.mol.go.th/wp-content/uploads/sites/2/1998/01/Labour_Protection_Act_BE2541.pdf) 30 Sep 2026,https://searchlaw.ocs.go.th/council-of-state/#/public/doc/ZGN3NXk0eENvNjBSdjRnT2NsdjFTQT09; https://www.mol.go.th/wp-content/uploads/sites/2/2018/03/303.pdf,2026-10-03,2025-12-01,,PARTIAL,"Native original-authorisation policies integrated across8versions for cooperative/employee-only welfare debts, actual wilful/gross-negligence damage, union-member/regulation dues and lawful s76(2)–(5) percentage-excess deductions. Actual owned source/permission documents, effective prior consent, original face/explicit cap and booked/paid source budget are required; union dues do not invent individual consent, and ordinary consent cannot waive percentage caps. Existing10%/20% source ceilings preserved. Remaining: distinct s10 permitted-job/security-deposit maximum, original custody/interest/return route and full fund-remittance/source disposition; SECURITY_DEPOSIT is no longer admitted through ambiguous damage or excess-consent classes. Unverified. Governing2008security notification cl4–11 requires7permittedjobcategories, actual60-times-average-daily-wage combined cash/property/guarantor ceiling, actualindividualbankcustody/7dayaccountnotice, permittedproperty/ownership and3-copyguarantor source. Repealed1998cash-only rule is not substituted; multimedium budget/custody/return consumer remains absent. Actual household/seasonal s76-but-not77 source variants now preserve genuine prior oral permission with original documentary corroboration, instead of inventing signed consent; same10/20%groups include bothvariants and excess still needs actual specific excess permission.","payroll.deduction_ceiling; adhoc_catalogue:UNION_DUES,COOPERATIVE_DEDUCTION,DAMAGE_COMPENSATION,CONSENTED_DEDUCTION; adhoc_catalogue[DAMAGE_COMPENSATION,COOPERATIVE_DEDUCTION].request_requirements.deduction_authorization; src/lib/deduction-authorization.ts; adhoc_catalogue[UNION_DUES,CONSENTED_DEDUCTION].request_requirements.deduction_authorization; adhoc_catalogue[*_SPECIAL_S76]; jurisdiction_settings.payroll.deduction_ceiling",,TH-DEDUCT-01-1; TH-DEDUCT-01-2; TH-DEDUCT-01-3; TH-DEDUCT-01-4; TH-DEDUCT-01-5; TH-DEDUCT-02-1,
TH-DEDUCT-02,TH,wages,"Deduct the Student Loan Fund (กยศ.) amount the Fund notifies from each s.40(1) payment and remit it to the Revenue Department within the withholding-tax deadline; a payer that fails to deduct or remit, remits short or late is liable for the amount plus 2% a month from the day after the due date. Order: after withholding tax and deductions required by the GPF, Provident Fund, Labour Protection and Social Security laws.","Student Loan Fund Act B.E.2560 s.51 (https://www.rd.go.th/fileadmin/user_upload/kormor/newlaw/prbkys.pdf) (Gazette 134/12 Kor); RD deduction service (https://www.rd.go.th/62015.html).; s.51 para.1 as replaced by Act No.2 B.E.2566 s.23, para.6 added by s.24 (https://www.studentloan.or.th/en/system/files/files/knowledge/140A020N0000000001400.pdf)",https://www.rd.go.th/fileadmin/user_upload/kormor/newlaw/prbkys.pdf,2026-09-30,2025-12-01,,PARTIAL,"SLF_DEDUCTION, source remittance duty and2% monthly employer late-liability assessment are integrated. Remaining implementation/source boundary: Electronic extension/actual deferral and fractional/changed-principal source intervals remain documentary boundaries; complete automatic remittance timeline not claimed. Required original inputs: Actual Fund notification, charged month, rule/waiver source and real transfer. ",adhoc_catalogue:SLF_DEDUCTION,,TH-DEDUCT-02-1,
TH-DEDUCT-03,TH,wages,"On an enforcement officer's seizure (อายัด) order, deduct the seized part of wages and remit it to the Legal Execution Department; wages up to THB20,000 a month in total, and บำเหน็จ/ค่าชดเชย (severance) up to THB300,000, or the amount the officer sets, are not seizable.","Civil Procedure Code s.302(3)–(4) (https://jla.coj.go.th/th/file/get/file/20260602f59cc9d00473a5dfbed07a09e96c11ad145632.pdf) as amended by Amendment No.30 B.E.2560 (Council of State consolidation served by the Court of Justice Judicial Training Institute, updated 2 June 2026, read 29 September 2026); LPA s.76(1) (https://searchlaw.ocs.go.th/council-of-state/#/public/doc/ZGN3NXk0eENvNjBSdjRnT2NsdjFTQT09) (money the law requires; the (2)–(5) caps do not apply); LED summary (https://live.led.go.th/ebook/manual/66/files/basic-html/page5.html) (secondary).",https://jla.coj.go.th/th/file/get/file/20260602f59cc9d00473a5dfbed07a09e96c11ad145632.pdf,2026-09-29,2025-12-01,,IMPLEMENTED,"Actual order policy supports local receipt-month paid history, protected regular/severance cash and original officer-directed recovery; native frozen order receipts adopted. Full literal source scope implemented; financial/workflow verification has not run. Required original inputs: Actual served officer order/classifications, actual other-payer paid cash, officer override and real authority remittance. ",loan_catalogue:SEIZURE_ORDER; checks:SEIZURE_PROTECTED_WAGE; payroll.deduction_ceiling.exempt_codes,,TH-DEDUCT-03-1; TH-DEDUCT-03-2,
TH-ADMIN-02,TH,filing,File the January labour-condition report where the employer has at least ten employees from 7 December 2025.,"Act No. 9 (https://ratchakitcha.soc.go.th/documents/89818.pdf), s.9 replacing amended Act s.115/1 para.1.",https://ratchakitcha.soc.go.th/documents/89818.pdf,2026-09-27,2025-12-07,,EXTERNAL-RECORDED,"submission/record evidence and current implementing-rule review absent. State: Open/External: 9/10 threshold and January deadline. Former register state: No [EXTERNAL 2026-09-29]. Inputs → output: Dated headcount and report contents → submission/receipt. Profile: employer/headcount/due date; 7 Dec 2025. [Phase 2 2026-10-01] Duty type LABOUR_CONDITION_REPORT (versions from 7 December 2025): CALENDAR YEAR, raised where the entity has ten or more employments on 1 January, due 31 January, with the submission reference (LPA s.115/1). No probe: the calendar occurrence depends on the sweep’s day.",duty_types:LABOUR_CONDITION_REPORT,,,
TH-ADMIN-03,TH,other,"From 7 December 2025, a covered central/provincial/local government body, state enterprise, public organisation or statutory state agency that directly engages and supervises a natural person under a service-hire or equivalent arrangement must ensure remuneration, weekly/traditional/annual holidays, sick/maternity leave, hours and breaks no less favourable than Labour Protection Act standards, subject to the delegated regulation; the contract label alone does not remove this floor.","Act No. 9 (https://ratchakitcha.soc.go.th/documents/89818.pdf), s.3 adding amended Act s.4/1.",https://ratchakitcha.soc.go.th/documents/89818.pdf,2026-09-27,2025-12-07,,GAP,Government legal-class refusal is present. Remaining implementation/source boundary: No s4/1 direct natural-person service-hire qualification/delegated floor/calendar/leave/hour/remuneration consumer; blanket public refusal does not implement this provision. Required original inputs: Actual public-body contract and delegated operative regulation. ,facts:employer_legal_class; reference_rows:EMPLOYER_LEGAL_CLASS; checks:PUBLIC_EMPLOYER_OUTSIDE_LPA,,TH-WAGE-05-1,
TH-HR-01,TH,other,"Establish employment status, employer identity and applicable ordinary/special worker law; an `INTERN`, student or contractor label is insufficient.","Labour Protection Act (https://www.mol.go.th/wp-content/uploads/sites/2/1998/01/Labour_Protection_Act_BE2541.pdf), ss.5, 11/1, 14/1, 22; Ministry labour-law index (https://www.mol.go.th/laws).",https://www.mol.go.th/wp-content/uploads/sites/2/1998/01/Labour_Protection_Act_BE2541.pdf,2026-10-03,2025-12-01,,PARTIAL,"Actual original worker status and legal-employer assessment now required at terms admission and employee payroll in all8 settings; intern/student/contractor labels cannot replace work-for-wages substance, and oral/implied employment is accepted with actual corroborating source. Genuine independent/course-only capture cannot enter employee payroll. Existing real employment/company identity and nonemployee recipient routes retained. Remaining: full applicable special-worker/public-service instrument qualification and positive remuneration/rights consumers; s11/1 multiple-party responsibility allocation beyond the original legal-employer assessment. Required actual original contract/supervision/remuneration evidence, not invented employment. Unverified.","seed/jurisdiction/TH/jurisdiction_settings.json:terms_facts.worker_legal_status,worker_status_original_reference,legal_employer_matches_company; checks.ACTUAL_WORKER_EMPLOYER_STATUS_TERMS_CHANGE/PAYSLIP; src/data/collection/fact_evidence/+collection.ts; src/data/collection/income_recipients/+collection.ts; src/data/collection/recipient_income_events/+collection.ts",,,
TH-HR-02,TH,other,Record agreed employment conditions and decide fixed-term expiration versus terminable indefinite employment; protect the more favourable term.,"Labour Protection Act ss.14/1, 17, 23, 108–115; Ministry work-rules guidance (https://lb.mol.go.th/en/preparation-of-work-regulations).",https://lb.mol.go.th/en/preparation-of-work-regulations,2026-10-03,2025-12-01,,PARTIAL,"Actual continued-after-expiry employer-knowledge/unrebutted source prevents false fixed-term expiry. Remaining implementation/source boundary: Broader more-favourable contract precedence, task completion and amendments are not a complete native contract-rights workflow. Required original inputs: Actual original contract, continuation/knowledge and amendment sources. ",; jurisdiction_settings.exit_facts/checks CONTINUED_FIXED_TERM_ADMISSION,,,
TH-HR-03,TH,other,Apply equal treatment and harassment protections to employment decisions.,Labour Protection Act ss.15–16.,https://searchlaw.ocs.go.th/council-of-state/#/public/doc/ZGN3NXk0eENvNjBSdjRnT2NsdjFTQT09,2026-09-27,2025-12-01,,EXTERNAL,"dated HR procedure/evidence and current subsidiary-law review absent. State: Open/External: later amendment and implementing-rule census; no automated decision may infer a pay differential solely from sex. Former register state: No [EXTERNAL 2026-09-29]. Inputs → output: Role, sex, actual work and decision record → exception/review evidence. Profile: employer/worker/dated event; from 1 Dec 2025.",,,,
TH-HR-04,TH,records,"Publish Thai-language work rules once headcount reaches ten, covering schedule, holidays, premiums, payment, leave, discipline, grievances and termination; announce amendments.",Labour Protection Act ss.108–111; current Ministry guidance (https://lb.mol.go.th/en/preparation-of-work-regulations).,https://lb.mol.go.th/en/preparation-of-work-regulations,2026-09-27,2025-12-01,,EXTERNAL,"dated HR procedure/evidence and current subsidiary-law review absent. State: Open/External: 9/10, 15-day initial publication and seven-day amendment; do not impose the older translation's superseded copy-submission step. Former register state: No [EXTERNAL 2026-09-29]. Inputs → output: Dated headcount, rules/version, announcement and access proof → compliance receipt. Profile: employer/worker/dated event; from 1 Dec 2025.
[Employment, working conditions and non-payroll compliance branches] The Ministry's Labour Protection Act text (https://www.mol.go.th/wp-content/uploads/sites/2/1998/01/Labour_Protection_Act_BE2541.pdf) is an annotated English consolidation through earlier amendments, not proof that each provision is current in 2025–26. Its operative Thai amendments, ministerial regulations and sector exceptions must be checked before sealing these rows. Labour Protection Act No. 9 (https://ratchakitcha.soc.go.th/documents/89818.pdf) is a later signed amendment already separated above. The Ministry's current work-rules explanation (https://lb.mol.go.th/en/preparation-of-work-regulations) explicitly says amended s.108 no longer requires sending the rules to the Director-General, despite that instruction in the older English PDF.",,,,
TH-HR-07,TH,hours,"Protect pregnancy, women and young workers through prohibited-duty, age, hour and notification rules.",Labour Protection Act ss.38–52; Ministry rights guidance (https://www.mol.go.th/employee/%E0%B8%AA%E0%B8%B4%E0%B8%97%E0%B8%98%E0%B8%B4%E0%B8%95%E0%B8%B2%E0%B8%A1%E0%B8%81%E0%B8%8E%E0%B8%AB%E0%B8%A1%E0%B8%B2%E0%B8%A2%E0%B9%81%E0%B8%A3%E0%B8%87%E0%B8%87%E0%B8%B2%E0%B8%99).,https://www.mol.go.th/employee/%E0%B8%AA%E0%B8%B4%E0%B8%97%E0%B8%98%E0%B8%B4%E0%B8%95%E0%B8%B2%E0%B8%A1%E0%B8%81%E0%B8%8E%E0%B8%AB%E0%B8%A1%E0%B8%B2%E0%B8%A2%E0%B9%81%E0%B8%A3%E0%B8%87%E0%B8%87%E0%B8%B2%E0%B8%99,2026-10-03,2025-12-01,,PARTIAL,"Integrated age/pregnancy/hour restrictions and source-qualified ordinary-LPA female/pregnancy prohibited duties plus under18 ss49–50/MR6 assignments. Native terms admission requires original owned duty/condition evidence and refuses prohibited/unknown classifications; harmfulness exceptions need original actual assessment. Remaining: special-instrument duty applicability, special-worker young notice applicability. No inferred permission; unverified. Actual s47 performer exception now requires original dated film/theatre/similar assignment and actual timed s46 rest; all independent prohibited-duty/OT/holiday guards remain. Ordinary-LPA s45 hire15day/termination7day prescribed notices and changed-condition retained register now source duty types across8versions, bound actual approved employment→employee DOB and original owned filing/register evidence; no recipient-age substitute. Special-instrument scope remains partial. Signed household MR15 excludes45(2) only: actual household15dayhire/7dayexit notifications now included; householdcondition-register and seasonal45notices remain excluded by actual source.","terms_facts:young_prohibited_assignment,young_assignment_source_reference; checks:YOUNG_PROHIBITED_ASSIGNMENT_SOURCE; existing pregnancy/young work_rules; src/data/collection/fact_evidence/+collection.ts; terms_facts:women_prohibited_assignment,pregnancy_prohibited_assignment; checks:WOMEN_PROHIBITED_ASSIGNMENT_SOURCE,PREGNANCY_PROHIBITED_ASSIGNMENT_SOURCE; jurisdiction_settings.duty_types[YOUNG_EMPLOYMENT_NOTICE,YOUNG_TERMINATION_NOTICE,YOUNG_CONDITIONS_RECORD]; src/automation/+obligation_calendar.automation.ts; src/lib/obligations/materialise.ts",Thailand — under-18 night work requires prior written Director-General permission (LPA s.47),TH-HR-07-1; TH-HR-07-2; TH-HR-07-3; TH-HR-07-4; TH-HR-07-5; TH-HR-07-6; TH-HR-07-7; TH-HR-07-8; TH-HR-07-9,2026-09-29
TH-HR-08,TH,wages,"Pay wages and premiums at lawful cadence and on termination; handle business suspension, lawful security deposits, late wages and statutory interest.","Labour Protection Act ss.9–10, 70, 75; annotated Act (https://www.mol.go.th/wp-content/uploads/sites/2/1998/01/Labour_Protection_Act_BE2541.pdf).",https://www.mol.go.th/wp-content/uploads/sites/2/1998/01/Labour_Protection_Act_BE2541.pdf; https://www.mol.go.th/wp-content/uploads/sites/2/2018/03/303.pdf,2026-10-03,2025-12-01,,PARTIAL,"Cadence/finalpay and suspension/security/deduction sources exist; interest and surcharge classes now exist. Remaining implementation/source boundary: Broad original balance/security-return/timeline and segmented changed-principal interest remain incomplete; cannot describe interest as wholly absent. Required original inputs: Actual debts, due/paid dates, security and legal findings. Governing2008security notification cl4–11 requires7permittedjobcategories, actual60-times-average-daily-wage combined cash/property/guarantor ceiling, actualindividualbankcustody/7dayaccountnotice, permittedproperty/ownership and3-copyguarantor source. Repealed1998cash-only rule is not substituted; multimedium budget/custody/return consumer remains absent.",,,,
TH-HR-29,TH,final_pay,"Add 15% a year interest on late wages, OT, holiday pay, s.75 pay, s.10 deposits, s.17/1 pay in lieu and ss.118–122 severance; where non-payment is wilful and without reasonable cause, add 15% of the outstanding amount for each 7-day period after 7 days past due; depositing the money with the Director-General stops both.",Labour Protection Act s.9 (as amended No.7 B.E.2562) (https://searchlaw.ocs.go.th/council-of-state/#/public/doc/ZGN3NXk0eENvNjBSdjRnT2NsdjFTQT09) (Council of State consolidation through Act No.9 B.E.2568).,https://searchlaw.ocs.go.th/council-of-state/#/public/doc/ZGN3NXk0eENvNjBSdjRnT2NsdjFTQT09,2026-09-30,2025-12-01,,PARTIAL,"Integrated actual assessed 15% annual interest, full-covered Director-General deposit stop and evidenced wilful seven-day surcharge. Employment interest PIT follows Revenue Department ruling0706/1202; employment surcharge PIT applies general Revenue Code40(1), without claiming a surcharge-specific ruling; SSO exclusion preserved. Remaining: executable changed-principal/partial-deposit segmentation and conservation against prior awards. Required original principal, payment/deposit and intent/assessment evidence; no inferred findings. Unverified.","adhoc_catalogue:LATE_WAGE_INTEREST,LATE_WAGE_SURCHARGE; Revenue Department https://www.rd.go.th/30644.html; Revenue Code https://www.rd.go.th/5937.html; src/lib/wage-debts.ts",,TH-HR-29-1,
TH-HR-30,TH,final_pay,"Pay in Thai currency unless the employee consents to a bill of exchange or foreign currency (s.54); at the workplace, another place or method such as bank transfer needing written consent (ss.55, 77); monthly, daily, hourly and piece wages at least once a month unless more favourable, OT and holiday pay at least monthly, termination amounts within 3 days (s.70).","Labour Protection Act ss.54, 55, 70, 77 (https://searchlaw.ocs.go.th/council-of-state/#/public/doc/ZGN3NXk0eENvNjBSdjRnT2NsdjFTQT09) (Council of State consolidation through Act No.9 B.E.2568).",https://searchlaw.ocs.go.th/council-of-state/#/public/doc/ZGN3NXk0eENvNjBSdjRnT2NsdjFTQT09,2026-09-28,2025-12-01,,PARTIAL,"Actual currency/bill/place/method and original specific signed consent sources plus finalpay deadline duty are present. Remaining implementation/source boundary: Complete actual disbursement/cadence/OT-remittance timeline and any FX/payment consumer are not provided by source WARNs. Required original inputs: Actual signed consent, governing cadence and real bank/payment receipts. ",payroll.final_pay_deadlines; duty_types:FINAL_PAY_DUE,"Thailand — s.70: a resignation is paid on the agreed payday, an employer termination within three days (TH-HR-30)",TH-HR-30-1; TH-EXIT-04-5,2026-09-29
TH-HR-09,TH,wages,"Distinguish temporary disciplinary suspension from unpaid absence, including written order, permissible period, interim pay and restoration if innocent.",Labour Protection Act ss.116–117.,https://searchlaw.ocs.go.th/council-of-state/#/public/doc/ZGN3NXk0eENvNjBSdjRnT2NsdjFTQT09,2026-09-27,2025-12-01,,PARTIAL,"Integrated actual permissible written order/prior daily wage,50% interim/full cleared target and15% actual difference interest, now native employment PIT under Revenue Code40(1)/RD0706/1202; SSO excluded. Same-entry continuation retains actual prior money. Remaining: separate later clearance entry must bind original paid interim capture IDs/dates/amounts and credit them; current retainedCash key is leaveEntryId/date and does not automatically credit another entry. No whole-row no-doublepayment claim; original order/finding/receipts required. Unverified.",adhoc_catalogue:SUSPENSION_CLEARANCE_INTEREST; checks suspension order/duration; Revenue Code https://www.rd.go.th/5937.html; Revenue Department https://www.rd.go.th/30644.html; src/lib/payroll/families.ts continuedMoney keyed original leaveEntryId/date (separate clearance binder missing),,,
TH-HR-10,TH,other,Preserve labour-management and collective employment terms where applicable.,"Ministry labour-law index (https://www.mol.go.th/en/labour-law), Labour Relations Act B.E.2518.",https://www.mol.go.th/en/labour-law,2026-09-27,2025-12-01,,EXTERNAL,"dated HR procedure/evidence and current subsidiary-law review absent. State: Open/External: signed Act/amendments, filing, union and dispute branches; no assumption that individual contract overrides a collective condition. Former register state: No [IN-SYSTEM 2026-09-29]. Inputs → output: Recognised employee representatives, collective agreement, expiry and covered workers → more favourable or binding condition. Profile: employer/worker/dated event; from 1 Dec 2025.",,,,
TH-HR-12,TH,records,"Keep Thai-language employee, attendance, piecework and wage-payment records, proof of bank transfer or signed receipt, and litigation holds.",Labour Protection Act ss.112–115.,https://searchlaw.ocs.go.th/council-of-state/#/public/doc/ZGN3NXk0eENvNjBSdjRnT2NsdjFTQT09,2026-09-27,2025-12-01,,EXTERNAL,"dated HR procedure/evidence and current subsidiary-law review absent. State: Open/External: ten-worker threshold, 15-day new/change entries, at least two-year retention after termination/payment and longer dispute hold; verify later amendments. Former register state: No [EXTERNAL 2026-09-29]. Inputs → output: Headcount, employment/record changes, payment, dispute and retention dates → inspectable record. Profile: employer/worker/dated event; from 1 Dec 2025.
[Merged TH-ADMIN-01] Maintain wage/working-time/leave records and produce payslip or statutory wage evidence. Citation: Labour Protection Act ss.108–115 and implementing regulations. submission/record evidence and current implementing-rule review absent. State: Open: record contents, retention and deadline census. Former register state: No [EXTERNAL 2026-09-29]. Inputs → output: Saved contract, attendance, earnings/deductions, payment proof → auditable records. Profile: employer/headcount/due date; from 1 Dec 2025.",,,,
TH-HR-13,TH,other,"Check work-permit/work-location conditions and commencement, transfer or cessation notification for foreign workers.",Ministry employer obligations (https://www.mol.go.th/employer/obligation_employers); Ministry law index (https://www.mol.go.th/laws).,https://www.mol.go.th/employer/obligation_employers,2026-09-27,2025-12-01,,EXTERNAL,"dated HR procedure/evidence and current subsidiary-law review absent. State: Open/External: current Emergency Decree and amendment/forms must establish exact worker classes and filing clock; old Ministry page states 15 days, which is not sealed without current text. Former register state: No [EXTERNAL 2026-09-29]. Inputs → output: Nationality, permit and restriction, worksite/role, arrival/exit → permitted work and notification receipt. Profile: employer/worker/dated event; from 1 Dec 2025.",,,,
TH-HR-14,TH,other,"Apply genuine pre-employment skill-training rules, written trainee agreement, allowance/protection and separate status from an employee.","Skill Development Promotion Act (https://www.mol.go.th/employer/act_skill_development), ss.8–21.",https://www.mol.go.th/employer/act_skill_development,2026-10-03,2025-12-01,,PARTIAL,"Real nonemployee programme/allowance/injury, certificate/report/cessation, operator duties and fee-principal refund paths are adopted. Remaining implementation/source boundary: Crossoperator actual rights/cash projection and registrar/programme authenticity workflow remain incomplete. Required original inputs: Actual approved programme/age/agreement, attendance, findings, original collected fee/prior refunds and tax assessment. ",; payroll.income_event_types:PREEMPLOYMENT_TRAINING_ALLOWANCE/PREEMPLOYMENT_TRAINING_INJURY_COMPENSATION; duty_types:PREEMPLOYMENT_TRAINING_*; original_source/native_event_source; recipient_income_events/obligation_instances,,,
TH-HR-15,TH,levy,Determine Skill Development Fund training ratio and employer contribution/annual สท.2 filing for covered establishments.,"Skill Development Promotion Act (https://www.mol.go.th/employer/act_skill_development), ss.29–31; Department of Skill Development employer notice (https://www.dsd.go.th/DSD/Activity/ShowDetails/119432?category_id=1).",https://www.mol.go.th/employer/act_skill_development,2026-09-27,2025-12-01,,EXTERNAL,"dated HR procedure/evidence and current subsidiary-law review absent. State: Open/External: DSD states 100 employees and 50% development threshold and 31 March filing/payment; authenticate current rate, wage base, headcount/ratio method and 2025–26 amendments before a formula is sealed. This is distinct from EWF and WCF. Former register state: No [EXTERNAL 2026-09-29]. Inputs → output: Dated headcount, qualifying training/testing/certification, prior-year wages and approval → annual fund assessment or evidence of relief. Profile: employer/worker/dated event; from 1 Dec 2025.",,,,
TH-SAFE-01,TH,other,"Maintain occupational safety management, qualified personnel, risk assessment, protective equipment and required reports by activity/size.","Occupational Safety, Health and Environment Act (https://www.mol.go.th/wp-content/uploads/sites/2/2011/01/safety54eng.pdf), ss.8, 13–18, 22, 32. The English file is a 2011 translation and corroboration only; the controlling Thai consolidated or Gazette text is not yet located (the Council of State search app yields no static document link).",https://www.mol.go.th/wp-content/uploads/sites/2/2011/01/safety54eng.pdf,2026-09-27,2025-12-01,,EXTERNAL,"workplace safety control/report evidence and regulation review absent. State: Open/External: current Thai Act and sector-specific regulations/declarations; hazardous-site and shared-premises branches. Former register state: No [EXTERNAL 2026-09-29]. Inputs → output: Activity, workplace hazards, headcount, officer credentials, assessments, PPE and training → controls/inspection records. Profile: workplace/activity/incident date; from 1 Dec 2025.
[26 September 2026 instrument-index check] OSH sector-regulation census. The DLPW downloads index (https://osh.labour.go.th/downloads/) separately indexes work at height, worker medical examinations/reporting, heat/light/noise, machines/cranes/boilers, construction, ionising radiation, dangerous chemicals, electricity, confined spaces, hazard assessment and fire prevention. TH-SAFE-09–11 now expose three distinct branches of the operative 2021 machinery regulation (https://osh.labour.go.th/wp-content/uploads/2026/02/machine-2564.pdf), and TH-SAFE-12 exposes the 2025 Act-scope exclusions (https://osh.labour.go.th/wp-content/uploads/2026/02/49135.pdf). Each remaining index category and its delegated notices need signed-text, amendment and applicability reconciliation before the TH HR denominator can close. DLPW's 2026 electricity-review meeting (https://osh.labour.go.th/%E0%B8%81%E0%B8%AD%E0%B8%87%E0%B8%84%E0%B8%A7%E0%B8%B2%E0%B8%A1%E0%B8%9B%E0%B8%A5%E0%B8%AD%E0%B8%94%E0%B8%A0%E0%B8%B1%E0%B8%A2%E0%B9%81%E0%B8%A3%E0%B8%87%E0%B8%87%E0%B8%B2%E0%B8%99-%E0%B8%88-4/) and chemical/dust drafting meeting (https://osh.labour.go.th/%E0%B8%81%E0%B8%AD%E0%B8%87%E0%B8%84%E0%B8%A7%E0%B8%B2%E0%B8%A1%E0%B8%9B%E0%B8%A5%E0%B8%AD%E0%B8%94%E0%B8%A0%E0%B8%B1%E0%B8%A2%E0%B9%81%E0%B8%A3%E0%B8%87%E0%B8%87%E0%B8%B2%E0%B8%99-%E0%B8%88-53/) discuss drafts; neither establishes a new operative rule.
[Source and coverage review — 2026-09-28] Corroboration added. The Ministry's unofficial English translation of Notice 14 (Notice 14 section). TH-SAFE-01's only statute link is a 2011 English translation; the controlling Thai text is still to be located.",,,,
TH-SAFE-02,TH,other,Train workers before hazardous work/change of worksite or equipment and provide hazard information/manual.,"Occupational Safety Act ss.14, 16.",https://www.mol.go.th/wp-content/uploads/sites/2/2011/01/safety54eng.pdf,2026-09-27,2025-12-01,,EXTERNAL,"workplace safety control/report evidence and regulation review absent. State: Open/External: work-start versus later training, changed machine and contractor workplace; current delegated curricula. Former register state: No [EXTERNAL 2026-09-29]. Inputs → output: Assignment/change dates, hazard class, manual, attendance and trainer evidence → pre-work clearance. Profile: workplace/activity/incident date; from 1 Dec 2025.",,,,
TH-SAFE-03,TH,other,Report fatal/severe workplace incidents to safety inspector and send the WCF report copy through the separate OSH route.,Occupational Safety Act s.34; Workmen's Compensation Act s.48.,https://www.mol.go.th/wp-content/uploads/sites/2/2011/01/safety54eng.pdf,2026-09-27,2025-12-01,,EXTERNAL,"workplace safety control/report evidence and regulation review absent. State: Open/External: immediate death/severe-event report, seven-day written report, WCF-copy seven-day route versus WCF's 15-day SSO route; exact current forms and amendments. Former register state: No [EXTERNAL 2026-09-29]. Inputs → output: Incident type, awareness/death date, immediate report, written report and WCF filing → distinct receipts/deadlines. Profile: workplace/activity/incident date; from 1 Dec 2025.",,,,
TH-SAFE-04,TH,other,"Where a person acts as a licensed occupational-safety expert under the 2024 licensing regulation, maintain at least six weighted hours of relevant additional training or knowledge development per year; the schedule gives different credits for courses, teaching, meetings and authored work. This is an expert-licence condition, not a blanket six-hour course for every worker.","Gazette DLPW training-credit notice, cls.1–2 and schedule (https://ratchakitcha.soc.go.th/documents/113533.pdf), published 1 May 2026 under the 2024 expert-licensing regulation cl.20 (https://osh.labour.go.th/wp-content/uploads/2026/02/50775.pdf).",https://ratchakitcha.soc.go.th/documents/113533.pdf,2026-09-27,2026-05-02,,EXTERNAL,"Expert-licence and weighted continuing-development record absent; no TH probe. State: Open/External: 5.5/6 credited hours, mixed activity types, first/renewal year and evidence; confirm original licensing regulation's transitional cases. Former register state: No [EXTERNAL 2026-09-29]. Inputs → output: Expert licence, year, activity type, hours, weighting and proof → credited annual total and renewal evidence. Profile: licensed safety expert/year; from 2 May 2026.
[26 September 2026 instrument-index check] Gazette OSH. Three distinct notices and one licensing-training notice published 1 May 2026 take effect the next day: continuing-development credit (https://ratchakitcha.soc.go.th/documents/113533.pdf), expert work schedule/report forms (https://ratchakitcha.soc.go.th/documents/113532.pdf), licence forms (https://ratchakitcha.soc.go.th/documents/113530.pdf) and initial training/testing (https://ratchakitcha.soc.go.th/documents/113531.pdf). TH-SAFE-04/06 separate the licensed expert's duties from the employer's evidence of qualified engagement. The underlying 2024 licensing regulation and other sector OSH instruments still require a full applicability census.",,,,
TH-SAFE-05,TH,other,"A licensed safety expert must use the designated work-schedule notice, naming each establishment and expert, and the designated summary-of-work and evidence forms. The schedule form calls for advance notice of at least seven days before the stated work date.","Gazette DLPW schedule and work-report forms notice, cls.1–3 and annexes (https://ratchakitcha.soc.go.th/documents/113532.pdf), published 1 May 2026 under the 2024 licensing regulation cl.19(2) (https://osh.labour.go.th/wp-content/uploads/2026/02/50775.pdf).",https://ratchakitcha.soc.go.th/documents/113532.pdf,2026-09-27,2026-05-02,,EXTERNAL,"Expert schedule/report/receipt workflow absent; no TH probe. State: Open/External: seven-day lead, changed schedule, work report and establishment attribution; distinguish licensed expert's filing from an employer's engagement evidence. Former register state: No [EXTERNAL 2026-09-29]. Inputs → output: Licence, establishment list, expert assignment, planned/actual visit dates, findings and evidence → schedule/report forms and submission receipt. Profile: licensed safety expert/establishment/date; from 2 May 2026.",,,,
TH-SAFE-06,TH,other,"Require a valid occupational-safety expert licence before a person provides the regulated expert advice/certification; assess applicant qualifications, experience, licence validity, renewal and any suspension or revocation. This is distinct from an employer's general safety-officer role.","2024 expert-licensing regulation, cls.1, 5–6 and 19–20 (https://osh.labour.go.th/wp-content/uploads/2026/02/50775.pdf), Gazette 20 November 2024; cl.1 commences after 180 days.",https://osh.labour.go.th/wp-content/uploads/2026/02/50775.pdf,2026-09-27,2025-12-01,,EXTERNAL,"Expert-qualification/licence validation and dated engagement evidence absent; no TH probe. State: Open/External: applicant/renewal and invalid licence branches; reconcile full qualification, transition and revocation terms; no unlicensed expert may be treated as certified. Former register state: No [EXTERNAL 2026-09-29]. Inputs → output: Person's credentials, experience, training, application, issued licence and validity dates → licensed/unlicensed expert decision and evidence. Profile: expert and engaging establishment; operative by 1 Dec 2025.",,,,
TH-SAFE-07,TH,other,"Use the prescribed 2026 initial, renewal and replacement application/receipt/licence forms for expert licences.","Gazette DLPW licence-forms notice, cls.1–5 (https://ratchakitcha.soc.go.th/documents/113530.pdf), published 1 May 2026 under the 2024 regulation cl.4 (https://osh.labour.go.th/wp-content/uploads/2026/02/50775.pdf).",https://ratchakitcha.soc.go.th/documents/113530.pdf,2026-09-27,2026-05-02,,EXTERNAL,"Expert form/receipt workflow and pre-cutover version review absent; no TH probe. State: Open/External: application, renewal and replacement boundaries and authority receipt; older form route before 2 May remains to establish. Former register state: No [EXTERNAL 2026-09-29]. Inputs → output: Application type and date, identity, licence, attachments and authority receipt → designated form and issued evidence. Profile: expert application/renewal; from 2 May 2026.",,,,
TH-SAFE-08,TH,other,"A new occupational-safety expert licence applicant must complete the prescribed expert course and pass the DLPW knowledge test, subject to the 2024 regulation's qualification routes.","Gazette DLPW expert-course/trainer/testing notice, cls.1–3 (https://ratchakitcha.soc.go.th/documents/113531.pdf), published 1 May 2026; 2024 regulation cls.5–7 (https://osh.labour.go.th/wp-content/uploads/2026/02/50775.pdf).",https://ratchakitcha.soc.go.th/documents/113531.pdf,2026-09-27,2026-05-02,,EXTERNAL,"Training/test evidence and eligibility selector absent; no TH probe. State: Open/External: qualifying provider/course/test result and pre-2 May transition; full curriculum and pass threshold transcription pending. Former register state: No [EXTERNAL 2026-09-29]. Inputs → output: Qualification class, approved provider, course attendance, test result and date → licence eligibility evidence. Profile: expert applicant/training event; from 2 May 2026.",,,,
TH-SAFE-09,TH,other,"Before assigning crane work, train the operator, signaler, slinger and crane-use supervisor for the relevant crane type, and provide the prescribed refresher training. A signaler must be present throughout a lift when the operator cannot see the lift/movement point.","Machinery, Cranes and Boilers Safety Regulation B.E.2564, cls.71–72 (https://osh.labour.go.th/wp-content/uploads/2026/02/machine-2564.pdf), Gazette 6 August 2021; DLPW's 2025 legal-answer collection (https://osh.labour.go.th/wp-content/uploads/2026/03/book-raw-2025.pdf) identifies the 3 September 2024 delegated crane-course notice.",https://osh.labour.go.th/wp-content/uploads/2026/02/machine-2564.pdf,2026-09-27,2025-12-01,,EXTERNAL,"No crane-role/type training ledger, signaler assignment, course-version evidence or production probe; delegated curriculum review incomplete. State: Open/External: retrieve the signed 2024 course notice and transcribe role/type, duration, transition and refresher branches; probe trained operator but untrained slinger, obscured lift without signaler, and current/expired refresher. Former register state: No [EXTERNAL 2026-09-29]. Inputs → output: Work role, crane type, visibility, original/refresher course, instructor and completion dates → safe assignment, signaler coverage and certificates. Profile: crane role, type and lift date; operative by 1 Dec 2025.",,,,
TH-SAFE-10,TH,other,"Permit a worker to drive each forklift type only after the training prescribed for that type; retain theory, practical and assessment evidence before ordinary assignment, subject to the delegated notice's documented transitional path.","Machinery, Cranes and Boilers Safety Regulation B.E.2564, cl.40 (https://osh.labour.go.th/wp-content/uploads/2026/02/machine-2564.pdf); DLPW 2025 legal-answer collection, pp. on the 23 December 2024 forklift-course notice (https://osh.labour.go.th/wp-content/uploads/2026/03/book-raw-2025.pdf).",https://osh.labour.go.th/wp-content/uploads/2026/02/machine-2564.pdf,2026-09-27,2025-12-01,,EXTERNAL,"No forklift-type training and assessment ledger; delegated curriculum/transition not fully transcribed; no TH probe. State: Open/External: retrieve signed course notice, its 12-hour and assessment terms, prior-course credit and transitional scope; probe matching versus different forklift type, complete course versus 6-hour legacy evidence and later supplementation. Former register state: No [EXTERNAL 2026-09-29]. Inputs → output: Worker, forklift type, prior certificate and hours, trainer, theory/practical results and assignment date → training eligibility and evidence. Profile: forklift driver/type/assignment; operative by 1 Dec 2025.",,,,
TH-SAFE-11,TH,other,"Inspect machinery before use and perform annual inspection of specified lifting/conveying, earth/road, concrete, foundation, tunnelling and demolition machinery; keep the inspection record available to safety inspectors.","Machinery, Cranes and Boilers Safety Regulation B.E.2564, cls.8–13 (https://osh.labour.go.th/wp-content/uploads/2026/02/machine-2564.pdf), especially cl.9's six listed groups and any later director-general designation.",https://osh.labour.go.th/wp-content/uploads/2026/02/machine-2564.pdf,2026-09-27,2025-12-01,,EXTERNAL,"Equipment inventory, inspection/defect control and inspector-ready evidence absent; full delegated machine list review incomplete. State: Open/External: full machine-class transcription and later designation review; probe forklift inspection on annual boundary and a nonlisted machine; reconcile machine-specific crane/boiler testing separately. Former register state: No [EXTERNAL 2026-09-29]. Inputs → output: Machine class, location, use and inspection dates, inspector and defect/remedy record → use clearance and annual evidence. Profile: establishment/machine/use date; operative by 1 Dec 2025.",,,,
TH-SAFE-12,TH,other,"Select the Occupational Safety Act's statutory scope by employer legal class and actual activity; do not apply private-employer duties blindly to bodies excluded by the 2025 ministerial regulation, or treat exclusion from this Act as exclusion from other employment law.","2025 Ministerial Regulation on Other Activities Outside the Occupational Safety Act (https://osh.labour.go.th/wp-content/uploads/2026/02/49135.pdf), Gazette 7 February 2025, cls.1–2 and annex; Occupational Safety Act s.3 (https://osh.labour.go.th/%E0%B8%81%E0%B8%8E%E0%B8%AB%E0%B8%A1%E0%B8%B2%E0%B8%A2%E0%B8%84%E0%B8%A7%E0%B8%B2%E0%B8%A1%E0%B8%9B%E0%B8%A5%E0%B8%AD%E0%B8%94%E0%B8%A0%E0%B8%B1%E0%B8%A2%E0%B8%AF/).",https://osh.labour.go.th/wp-content/uploads/2026/02/49135.pdf,2026-09-27,2025-12-01,,EXTERNAL,"No Act-specific entity/activity applicability selector or authenticated annex census; no TH probe. State: Open: transcribe all annexed public-body/institution categories and any later amendments; probe ordinary private company versus listed public organisation and mixed activities. Former register state: No [EXTERNAL 2026-09-29]. Inputs → output: Entity status, statutory establishment class and activity/date → OSH-Act covered/excluded decision with controlling citation. Profile: employer/OSH activity; operative by 1 Dec 2025.",,,,
TH-SAFE-13,TH,other,Appoint qualified safety officers by the establishment's actual Schedule 1/2/3 activity class and headcount: supervisory and management-level officers at two workers for Schedules 1/2 or 20 for Schedule 3; a dedicated professional officer for Schedule 1 at two or Schedule 2 at 100; Schedule 2 also requires at least one technical officer at 20–49 and advanced technical officer at 50–99.,"2022 Safety Personnel Regulation, cls.4–8, 10–11, 14, 17, 20–21 and annex schedules (https://osh.labour.go.th/wp-content/uploads/2026/02/3368.pdf), Gazette 17 June 2022.",https://osh.labour.go.th/wp-content/uploads/2026/02/3368.pdf,2026-09-27,2025-12-01,,EXTERNAL,"No statutory activity-schedule classification, officer roster/credentials, appointment clocks or inspection evidence; no TH probe. State: Open/External: transcribe all Schedule 1/2/3 activities and qualification/transitional branches; probe Schedule 1 at 1/2 workers, Schedule 2 at 19/20/49/50/99/100, Schedule 3 at 19/20, appointment before/after deadline. Former register state: No [EXTERNAL 2026-09-29]. Inputs → output: Establishment activity schedule, dated headcount, every supervisor/manager and officer qualification, appointment/training dates → required roles, statutory 120/180-day appointment deadlines and evidence. Profile: establishment/activity/headcount/day; operative by 1 Dec 2025.",,,,
TH-SAFE-14,TH,other,"At 50 employees, establish an occupational-safety committee within 30 days, separately from the Labour Protection Act welfare committee. It has at least 5/7/11 members at 50–99/100–499/500+, equal supervisory-employer and elected employee representation, prescribed training within 60 days, monthly meetings, incident-response meetings and posting/records.","2022 Safety Personnel Regulation, cls.25–35 (https://osh.labour.go.th/wp-content/uploads/2026/02/3368.pdf), Gazette 17 June 2022.",https://osh.labour.go.th/wp-content/uploads/2026/02/3368.pdf,2026-09-27,2025-12-01,,EXTERNAL,"No safety-committee membership, election/training, monthly meeting, posting or retention evidence; physical/organisational duty. State: Open/External: 49/50/99/100/499/500 thresholds, 30-day formation, 60-day training, monthly meeting, serious incident, 15-day name posting, seven-day changed member/resolution posting and two-year minutes retention; reconcile all delegated training notices. Former register state: No [EXTERNAL 2026-09-29]. Inputs → output: Establishment headcount, elected/appointed roles, training, meeting notices/minutes, serious incident, postings and retention → valid committee and inspector-ready evidence. Profile: establishment/headcount/incident/meeting; operative by 1 Dec 2025.",,,,
TH-SAFE-15,TH,other,"Maintain annual additional safety training or knowledge development of at least 12 hours for technical, advanced-technical and professional safety officers; notify the authority within 30 days of completion, and replace an officer who leaves within 90 days. These officers are distinct from the separately licensed expert in TH-SAFE-04.","2022 Safety Personnel Regulation, cls.23–24 (https://osh.labour.go.th/wp-content/uploads/2026/02/3368.pdf); DLPW delegated-notice index (https://osh.labour.go.th/%E0%B8%81%E0%B8%8E%E0%B8%81%E0%B8%A3%E0%B8%B0%E0%B8%97%E0%B8%A3%E0%B8%A7%E0%B8%87-%E0%B8%88%E0%B8%9B-2565/).",https://osh.labour.go.th/wp-content/uploads/2026/02/3368.pdf,2026-09-27,2025-12-01,,EXTERNAL,"No role-specific training ledger, authority receipt or vacancy replacement clock; no TH probe. State: Open/External: 11/12 hours, multiple course credits, 30-day completion notice and 90-day replacement; transcribe the signed delegated course notice and any exception. Former register state: No [EXTERNAL 2026-09-29]. Inputs → output: Officer role and exit, completed hours/course, authority notice/receipt and replacement appointment → training and continuity compliance. Profile: safety officer/year/exit date; operative by 1 Dec 2025.",,,,
TH-SAFE-16,TH,other,"Train at least 40% of workers in each unit in initial firefighting through an authorised trainer; run a coordinated firefighting and evacuation drill for all workers at least annually, with the prescribed plan approval and result reporting.","2012 Fire Prevention and Suppression Regulation, cls.27, 30 (https://osh.labour.go.th/%E0%B8%81%E0%B8%8F%E0%B8%81%E0%B8%A3%E0%B8%B0%E0%B8%97%E0%B8%A3%E0%B8%A7%E0%B8%87-%E0%B8%AD%E0%B8%B1%E0%B8%84%E0%B8%84%E0%B8%B5%E0%B8%A0%E0%B8%B1%E0%B8%A2-2555/); DLPW legal answer on cl.27's 40% (https://osh.labour.go.th/wp-content/uploads/2026/03/law-0071.pdf); DLPW FAQ on annual joint drill (https://osh.labour.go.th/%E0%B8%84%E0%B8%B3%E0%B8%96%E0%B8%B2%E0%B8%A1%E0%B8%96%E0%B8%B2%E0%B8%A1%E0%B8%9A%E0%B9%88%E0%B8%AD%E0%B8%A2/).",https://osh.labour.go.th/%E0%B8%81%E0%B8%8F%E0%B8%81%E0%B8%A3%E0%B8%B0%E0%B8%97%E0%B8%A3%E0%B8%A7%E0%B8%87-%E0%B8%AD%E0%B8%B1%E0%B8%84%E0%B8%84%E0%B8%B5%E0%B8%A0%E0%B8%B1%E0%B8%A2-2555/,2026-09-27,2025-12-01,,EXTERNAL,"No unit training denominator, certified trainer, joint-drill/approval or authority reporting evidence; no TH probe. State: Open/External: 39/40% by unit, day/night shift and multiple employers in same building, annual deadline, approved plan/provider route and post-drill report; reconcile the 2018 amendment and signed report-form notice. Former register state: No [EXTERNAL 2026-09-29]. Inputs → output: Unit and shared-building employers, worker rosters/shifts, authorised trainer, training certificates, drill plan/approval, attendance/date and report receipt → training percentage and annual drill/filing compliance. Profile: workplace/unit/year; operative by 1 Dec 2025.",,,,
TH-HR-16,TH,hours,"Preserve remote-work agreement, schedule, equipment/expense and right-to-disconnect terms while offsite employees keep equal statutory rights.","Labour Protection Act No.8 (https://ratchakitcha.soc.go.th/documents/140A020N0000000005600.pdf), s.3 adding s.23/1.",https://ratchakitcha.soc.go.th/documents/140A020N0000000005600.pdf,2026-09-27,2025-12-01,,PARTIAL,"Accessible written agreement/equipment-expense references and actual after-hours contact/priorconsent/refusal facts are integrated without discounting wages. Remaining implementation/source boundary: Actual expense allocation/receipt settlement source is not a complete source-specific consumer; communication compliance remains an external real act. Required original inputs: Actual agreement, expense source and contact/consent chronology. ",,,,
TH-HR-17,TH,other,"Apply special domestic-worker hours, leave, pay and protections; no blanket exemption from the whole Labour Protection Act.",Ministry explanation of Regulation No.15 B.E.2567 (https://www.mol.go.th/news/%E0%B8%84%E0%B8%99%E0%B8%97%E0%B8%B3%E0%B8%87%E0%B8%B2%E0%B8%99%E0%B8%9A%E0%B9%89%E0%B8%B2%E0%B8%99%E0%B9%80%E0%B8%AE-%E0%B8%9E%E0%B8%B4%E0%B8%9E%E0%B8%B1%E0%B8%92%E0%B8%99%E0%B9%8C-%E0%B8%94%E0%B8%B1%E0%B8%99%E0%B8%81%E0%B8%8E%E0%B8%81%E0%B8%A3%E0%B8%B0%E0%B8%97%E0%B8%A3%E0%B8%A7%E0%B8%87%E0%B9%81%E0%B8%A3%E0%B8%87%E0%B8%87%E0%B8%B2%E0%B8%99%E0%B8%AA%E0%B8%B3%E0%B9%80%E0%B8%A3%E0%B9%87%E0%B8%88-%E0%B9%84%E0%B8%94%E0%B9%89%E0%B8%AA%E0%B8%B4%E0%B8%97%E0%B8%98%E0%B8%B4%E0%B8%A5%E0%B8%B2%E0%B8%84%E0%B8%A5%E0%B8%AD%E0%B8%94-98-%E0%B8%A7%E0%B8%B1%E0%B8%99-%E0%B8%A1%E0%B8%B5%E0%B8%9C%E0%B8%A5%E0%B8%9A%E0%B8%B1%E0%B8%87%E0%B8%84%E0%B8%B1%E0%B8%9A%E0%B9%83%E0%B8%8A%E0%B9%89%E0%B9%81%E0%B8%A5%E0%B9%89%E0%B8%A7%E0%B9%80%E0%B8%A1%E0%B8%B7%E0%B9%88%E0%B8%AD-30-%E0%B9%80%E0%B8%A1-%E0%B8%A2-%E0%B8%97%E0%B8%B5%E0%B9%88%E0%B8%9C%E0%B9%88%E0%B8%B2%E0%B8%99%E0%B8%A1%E0%B8%B2); official regulation summary (https://khonkaen.mol.go.th/wp-content/uploads/sites/59/2024/07/4%E0%B8%AA%E0%B8%A3%E0%B8%B8%E0%B8%9B%E0%B8%AA%E0%B8%B2%E0%B8%A3%E0%B8%B0%E0%B8%AA%E0%B8%B3%E0%B8%84%E0%B8%B1%E0%B8%8D-%E0%B8%81%E0%B8%8E%E0%B8%81%E0%B8%A3%E0%B8%B0%E0%B8%97%E0%B8%A3%E0%B8%A7%E0%B8%87-%E0%B8%89%E0%B8%9A%E0%B8%B1%E0%B8%9A%E0%B8%97%E0%B8%B5%E0%B9%88-15-%E0%B8%9E.%E0%B8%A8.-2567.pdf).,https://www.mol.go.th/news/%E0%B8%84%E0%B8%99%E0%B8%97%E0%B8%B3%E0%B8%87%E0%B8%B2%E0%B8%99%E0%B8%9A%E0%B9%89%E0%B8%B2%E0%B8%99%E0%B9%80%E0%B8%AE-%E0%B8%9E%E0%B8%B4%E0%B8%9E%E0%B8%B1%E0%B8%92%E0%B8%99%E0%B9%8C-%E0%B8%94%E0%B8%B1%E0%B8%99%E0%B8%81%E0%B8%8E%E0%B8%81%E0%B8%A3%E0%B8%B0%E0%B8%97%E0%B8%A3%E0%B8%A7%E0%B8%87%E0%B9%81%E0%B8%A3%E0%B8%87%E0%B8%87%E0%B8%B2%E0%B8%99%E0%B8%AA%E0%B8%B3%E0%B9%80%E0%B8%A3%E0%B9%87%E0%B8%88-%E0%B9%84%E0%B8%94%E0%B9%89%E0%B8%AA%E0%B8%B4%E0%B8%97%E0%B8%98%E0%B8%B4%E0%B8%A5%E0%B8%B2%E0%B8%84%E0%B8%A5%E0%B8%AD%E0%B8%94-98-%E0%B8%A7%E0%B8%B1%E0%B8%99-%E0%B8%A1%E0%B8%B5%E0%B8%9C%E0%B8%A5%E0%B8%9A%E0%B8%B1%E0%B8%87%E0%B8%84%E0%B8%B1%E0%B8%9A%E0%B9%83%E0%B8%8A%E0%B9%89%E0%B9%81%E0%B8%A5%E0%B9%89%E0%B8%A7%E0%B9%80%E0%B8%A1%E0%B8%B7%E0%B9%88%E0%B8%AD-30-%E0%B9%80%E0%B8%A1-%E0%B8%A2-%E0%B8%97%E0%B8%B5%E0%B9%88%E0%B8%9C%E0%B9%88%E0%B8%B2%E0%B8%99%E0%B8%A1%E0%B8%B2,2026-09-27,2025-12-01,,PARTIAL,"SignedMR15 household retained/excluded sections, split-rest contract capture, notice split and piece-holiday awards are integrated. Remaining implementation/source boundary: Later maternity hierarchy/complete special contractual excluded-duty awards and source-rate interaction remain review boundaries; no whole special-regime closure. Required original inputs: Actual nonbusiness household duties, signed agreements and source-qualified grants. ",,,,
TH-HR-18,TH,other,Apply special seasonal/non-industrial agricultural-worker rules rather than a total exclusion.,Ministry index of 2014 agriculture regulation (https://www.mol.go.th/laws/%E0%B8%81%E0%B8%8E%E0%B8%81%E0%B8%A3%E0%B8%B0%E0%B8%97%E0%B8%A3%E0%B8%A7%E0%B8%87-%E0%B8%84%E0%B8%B8%E0%B9%89%E0%B8%A1%E0%B8%84%E0%B8%A3%E0%B8%AD%E0%B8%87%E0%B9%81%E0%B8%A3%E0%B8%87%E0%B8%87-2); Notice 14 explanation.,https://www.mol.go.th/laws/%E0%B8%81%E0%B8%8E%E0%B8%81%E0%B8%A3%E0%B8%B0%E0%B8%97%E0%B8%A3%E0%B8%A7%E0%B8%87-%E0%B8%84%E0%B8%B8%E0%B9%89%E0%B8%A1%E0%B8%84%E0%B8%A3%E0%B8%AD%E0%B8%87%E0%B9%81%E0%B8%A3%E0%B8%87%E0%B8%87-2,2026-09-27,2025-12-01,,PARTIAL,"Actual seasonal scope, rest/sick normal-day valuation, contract quantities, excluded statutory mappings and exit route are integrated. Remaining implementation/source boundary: Complete current source interpretation/special welfare and nonmonthly notice/source scope remain unclosed. Required original inputs: Actual season/industrial continuity, normal-day value and actual more-favourable contract. ",terms_facts:wage_route; checks:WAGE_ROUTE_SPECIAL_RULE,,TH-WAGE-12-1,
TH-HR-19,TH,other,"Apply fishing-vessel worker conditions, age, contract, wages, welfare and reporting under the distinct statute and current sea-fishing regulation.",Fishing Labour Protection Act B.E.2562 (https://ccpl.mol.go.th/ccpl_law/%E0%B8%9E-%E0%B8%A3-%E0%B8%9A-%E0%B8%84%E0%B8%B8%E0%B9%89%E0%B8%A1%E0%B8%84%E0%B8%A3%E0%B8%AD%E0%B8%87%E0%B9%81%E0%B8%A3%E0%B8%87%E0%B8%87%E0%B8%B2%E0%B8%99%E0%B9%83%E0%B8%99%E0%B8%87%E0%B8%B2%E0%B8%99%E0%B8%9B%E0%B8%A3%E0%B8%B0%E0%B8%A1%E0%B8%87-%E0%B8%9E-%E0%B8%A8-2562); 2022 sea-fishing regulation (https://ccpl.mol.go.th/ccpl_law/%E0%B8%81%E0%B8%8E%E0%B8%81%E0%B8%A3%E0%B8%B0%E0%B8%97%E0%B8%A3%E0%B8%A7%E0%B8%87%E0%B8%84%E0%B8%B8%E0%B9%89%E0%B8%A1%E0%B8%84%E0%B8%A3%E0%B8%AD%E0%B8%87%E0%B9%81%E0%B8%A3%E0%B8%87%E0%B8%87%E0%B8%B2%E0%B8%99%E0%B9%83%E0%B8%99%E0%B8%87%E0%B8%B2%E0%B8%99%E0%B8%9B%E0%B8%A3%E0%B8%B0%E0%B8%A1%E0%B8%87%E0%B8%97%E0%B8%B0%E0%B9%80%E0%B8%A5-%E0%B8%9E-%E0%B8%A8-2565).,https://ccpl.mol.go.th/ccpl_law/%E0%B8%9E-%E0%B8%A3-%E0%B8%9A-%E0%B8%84%E0%B8%B8%E0%B9%89%E0%B8%A1%E0%B8%84%E0%B8%A3%E0%B8%AD%E0%B8%87%E0%B9%81%E0%B8%A3%E0%B8%87%E0%B8%87%E0%B8%B2%E0%B8%99%E0%B9%83%E0%B8%99%E0%B8%87%E0%B8%B2%E0%B8%99%E0%B8%9B%E0%B8%A3%E0%B8%B0%E0%B8%A1%E0%B8%87-%E0%B8%9E-%E0%B8%A8-2562,2026-09-27,2025-12-01,,PARTIAL,"Actual vessel/fishing voyage/contract and rolling-rest documentary checks exist. Remaining implementation/source boundary: SPECIAL_STATUTE_WORK still refuses monetary route; distinct fishing wages/benefits/rest aggregation/reporting/delivery remain incomplete. Required original inputs: Actual vessel/flag/voyage, approved contract, rolling intervals and stranding evidence. ",terms_facts:wage_route; checks:SPECIAL_STATUTE_WORK,,TH-HR-19-1,
TH-HR-20,TH,other,"Apply maritime seafarer terms, wages, rest, repatriation and protection according to vessel/flag scope.","Marine Labour Act B.E.2558, Ministry index (https://www.mol.go.th/laws/%E0%B8%9E%E0%B8%A3%E0%B8%B0%E0%B8%A3%E0%B8%B2%E0%B8%8A%E0%B8%9A%E0%B8%B1%E0%B8%8D%E0%B8%8D%E0%B8%B1%E0%B8%95%E0%B8%B4-%E0%B9%81%E0%B8%A3%E0%B8%87%E0%B8%87%E0%B8%B2%E0%B8%99%E0%B8%97%E0%B8%B2%E0%B8%87).",https://www.mol.go.th/laws/%E0%B8%9E%E0%B8%A3%E0%B8%B0%E0%B8%A3%E0%B8%B2%E0%B8%8A%E0%B8%9A%E0%B8%B1%E0%B8%8D%E0%B8%8D%E0%B8%B1%E0%B8%95%E0%B8%B4-%E0%B9%81%E0%B8%A3%E0%B8%87%E0%B8%87%E0%B8%B2%E0%B8%99%E0%B8%97%E0%B8%B2%E0%B8%87,2026-09-27,2025-12-01,,PARTIAL,"Actual seafarer scope, rolling-rest/working-limit checks, maternity and award catalogues are configured. Remaining implementation/source boundary: Distinct monetary admission remains refused; normal wage/leave, automatic complete rolling intervals and repatriation/stranding transport incomplete. Required original inputs: Actual flag/agreement, original intervals/wages and repatriation source. ",terms_facts:wage_route; checks:SPECIAL_STATUTE_WORK,,TH-HR-20-1,
TH-HR-21,TH,other,"Apply Home Workers Protection Act to commissioned home work, distinct from an offsite employee under s.23/1.","Home Workers Protection Act B.E.2553, Ministry index (https://www.mol.go.th/laws/%E0%B8%9E%E0%B8%A3%E0%B8%B0%E0%B8%A3%E0%B8%B2%E0%B8%8A%E0%B8%9A%E0%B8%B1%E0%B8%8D%E0%B8%8D%E0%B8%B1%E0%B8%95%E0%B8%B4-%E0%B8%84%E0%B8%B8%E0%B9%89%E0%B8%A1%E0%B8%84%E0%B8%A3%E0%B8%AD%E0%B8%87%E0%B8%9C); unofficial Ministry-hosted translation (https://www.mol.go.th/wp-content/uploads/sites/2/2010/01/%E0%B8%9E%E0%B8%A3%E0%B8%9A-%E0%B8%A3%E0%B8%B1%E0%B8%9A%E0%B8%87%E0%B8%B2%E0%B8%99.pdf).",https://www.mol.go.th/laws/%E0%B8%9E%E0%B8%A3%E0%B8%B0%E0%B8%A3%E0%B8%B2%E0%B8%8A%E0%B8%9A%E0%B8%B1%E0%B8%8D%E0%B8%8D%E0%B8%B1%E0%B8%95%E0%B8%B4-%E0%B8%84%E0%B8%B8%E0%B9%89%E0%B8%A1%E0%B8%84%E0%B8%A3%E0%B8%AD%E0%B8%87%E0%B8%9C,2026-09-27,2025-12-01,,EXTERNAL,"Distinct relation selector and full law review absent. State: Open: genuine home worker versus remote employee, signed amendments, remuneration and paperwork. Former register state: No [IN-SYSTEM 2026-09-29]. Inputs → output: Commissioning relation, assignment, quantity, place, consideration and delivery → agreement/pay/safety evidence. Profile: Commissioned home worker; from 1 Dec 2025. [Phase 2 2026-10-01] A commissioned home worker is not an employee: payroll refuses the route (terms fact `wage_route` HOME_WORK, check SPECIAL_STATUTE_WORK, probe TH-WAGE-11-1); the Home Workers Protection Act agreement, remuneration and safety duties are the hirer’s, outside payroll.",terms_facts:wage_route; checks:SPECIAL_STATUTE_WORK,,TH-WAGE-11-1,
TH-HR-22,TH,other,"Preserve each worker's consent and accrued rights when legal employer changes, including transfer or merger.","Labour Protection Act No.7 (https://ratchakitcha.soc.go.th/documents/17076199.pdf), s.4 replacing s.13.",https://ratchakitcha.soc.go.th/documents/17076199.pdf,2026-10-03,2025-12-01,,PARTIAL,"Integrated worker-consented employer transfer, source-pinned service, original predecessor piece-workday wages and TH annual service/opening activation with native AVAILABLE/reservation conservation. Remaining: complete original accrued cash liability valuation and disposition. Actual consent, contracts and original accrued sources required; source-only, unverified.",history_kinds.TH_LEGAL_EMPLOYER_TRANSFER; adhoc/leave conditional employment.service_scope; employment_wage_periods.earned_workdays; src/lib/piece-workday-history.ts; src/lib/payroll/money.ts; src/lib/payroll/world.ts; seed/jurisdiction/TH/adhoc_catalogue.json; src/lib/leave/transferred-opening-admission.ts; src/lib/leave/transferred-opening.ts; seed/jurisdiction/TH/leave_catalogue.json,,,
TH-HR-23,TH,records,"Protect payroll and HR personal data, including health, disability and union facts, under the data-protection statute and controller/processor rules.",Personal Data Protection Act B.E.2562 (https://ratchakitcha.soc.go.th/documents/17082307.pdf); PDPC processor-record notice (https://ratchakitcha.soc.go.th/documents/17211325.pdf).,https://ratchakitcha.soc.go.th/documents/17082307.pdf,2026-09-27,2025-12-01,,EXTERNAL,"Purpose-specific legal basis, notices and processing/incident evidence not audited. State: Open: current commencement/delegated instrument census, lawful processing ground for mandatory payroll filings versus optional data, sensitive-data safeguards and retention interaction with labour records. Former register state: No [EXTERNAL 2026-09-29]. Inputs → output: Data purpose, legal basis, notice, sensitive class, access, retention, transfer and incident → rights/security/notification evidence. Profile: HR data/controller or processor; from 1 Dec 2025.",,,,
TH-HR-28,TH,other,"Treat a properly issued temporary foreign-work permit Form บต.62 as evidence of an already-granted registrar permission while the ordinary permit is pending; a pending application or screen status alone does not create permission. Constrain work to its named employer, position and place.","Ministry of Labour announcement of the Department of Employment's fourth forms notice (https://www.mol.go.th/news/%E0%B8%88%E0%B8%B8%E0%B8%A5%E0%B8%9E%E0%B8%B1%E0%B8%99%E0%B8%98%E0%B9%8C-%E0%B9%80%E0%B8%94%E0%B8%B4%E0%B8%99%E0%B8%AB%E0%B8%99%E0%B9%89%E0%B8%B2%E0%B8%A2%E0%B8%81%E0%B8%A3%E0%B8%B0%E0%B8%94%E0%B8%B1%E0%B8%9A%E0%B8%9A%E0%B8%A3%E0%B8%B4%E0%B8%81%E0%B8%B2%E0%B8%A3%E0%B8%A0%E0%B8%B2%E0%B8%84%E0%B8%A3%E0%B8%B1%E0%B8%90-%E0%B8%AD%E0%B8%AD%E0%B8%81%E0%B9%83%E0%B8%9A%E0%B8%AD%E0%B8%99%E0%B8%B8%E0%B8%8D%E0%B8%B2%E0%B8%95%E0%B8%97%E0%B8%B3%E0%B8%87%E0%B8%B2%E0%B8%99%E0%B8%9B%E0%B8%A3%E0%B8%B0%E0%B9%80%E0%B8%A0%E0%B8%97%E0%B8%8A%E0%B8%B1%E0%B9%88%E0%B8%A7%E0%B8%84%E0%B8%A3%E0%B8%B2%E0%B8%A7-%E0%B8%AD%E0%B8%B3%E0%B8%99%E0%B8%A7%E0%B8%A2%E0%B8%84%E0%B8%A7%E0%B8%B2%E0%B8%A1%E0%B8%AA%E0%B8%B0%E0%B8%94%E0%B8%A7%E0%B8%81%E0%B9%81%E0%B8%A3%E0%B8%87%E0%B8%87%E0%B8%B2%E0%B8%99%E0%B8%95%E0%B9%88%E0%B8%B2%E0%B8%87%E0%B8%94%E0%B9%89%E0%B8%B2%E0%B8%A7%E0%B9%81%E0%B8%A5%E0%B8%B0%E0%B8%99%E0%B8%B2%E0%B8%A2%E0%B8%88%E0%B9%89%E0%B8%B2%E0%B8%87), 10 July 2026, reporting Gazette publication 9 July and a stated 1 July effective date.",https://www.mol.go.th/news/%E0%B8%88%E0%B8%B8%E0%B8%A5%E0%B8%9E%E0%B8%B1%E0%B8%99%E0%B8%98%E0%B9%8C-%E0%B9%80%E0%B8%94%E0%B8%B4%E0%B8%99%E0%B8%AB%E0%B8%99%E0%B9%89%E0%B8%B2%E0%B8%A2%E0%B8%81%E0%B8%A3%E0%B8%B0%E0%B8%94%E0%B8%B1%E0%B8%9A%E0%B8%9A%E0%B8%A3%E0%B8%B4%E0%B8%81%E0%B8%B2%E0%B8%A3%E0%B8%A0%E0%B8%B2%E0%B8%84%E0%B8%A3%E0%B8%B1%E0%B8%90-%E0%B8%AD%E0%B8%AD%E0%B8%81%E0%B9%83%E0%B8%9A%E0%B8%AD%E0%B8%99%E0%B8%B8%E0%B8%8D%E0%B8%B2%E0%B8%95%E0%B8%97%E0%B8%B3%E0%B8%87%E0%B8%B2%E0%B8%99%E0%B8%9B%E0%B8%A3%E0%B8%B0%E0%B9%80%E0%B8%A0%E0%B8%97%E0%B8%8A%E0%B8%B1%E0%B9%88%E0%B8%A7%E0%B8%84%E0%B8%A3%E0%B8%B2%E0%B8%A7-%E0%B8%AD%E0%B8%B3%E0%B8%99%E0%B8%A7%E0%B8%A2%E0%B8%84%E0%B8%A7%E0%B8%B2%E0%B8%A1%E0%B8%AA%E0%B8%B0%E0%B8%94%E0%B8%A7%E0%B8%81%E0%B9%81%E0%B8%A3%E0%B8%87%E0%B8%87%E0%B8%B2%E0%B8%99%E0%B8%95%E0%B9%88%E0%B8%B2%E0%B8%87%E0%B8%94%E0%B9%89%E0%B8%B2%E0%B8%A7%E0%B9%81%E0%B8%A5%E0%B8%B0%E0%B8%99%E0%B8%B2%E0%B8%A2%E0%B8%88%E0%B9%89%E0%B8%B2%E0%B8%87,2026-09-27,2026-07-01,,PARTIAL,"Actual issuedBT62/registrar decision, employer/job/site match and permission/document date warnings are integrated; pending application creates no permission. Remaining implementation/source boundary: Every historic workday/right-window source-qualified admission is not enforced by current terms-date WARNs. Required original inputs: Actual authentic issued form, registrar approval and named scope/validity. ",,,,
TH-HR-24,TH,other,"At an establishment with at least 50 employees, establish a welfare committee with at least five elected employee representatives, unless an existing labour-relations employee committee performs the role; consult it at least once every three months and on a justified majority/union request, and post mandatory or agreed welfare provisions.","Labour Protection Act (https://searchlaw.ocs.go.th/council-of-state/#/public/doc/ZGN3NXk0eENvNjBSdjRnT2NsdjFTQT09) (Council of State consolidation through Act No.9 B.E.2568), ss.95–99; Ministry welfare guidance (https://www.mol.go.th/employee/%E0%B8%AA%E0%B8%A7%E0%B8%B1%E0%B8%AA%E0%B8%94%E0%B8%B4%E0%B8%81%E0%B8%B2%E0%B8%A3%E0%B9%81%E0%B8%A3%E0%B8%87%E0%B8%87%E0%B8%B2%E0%B8%99).",https://searchlaw.ocs.go.th/council-of-state/#/public/doc/ZGN3NXk0eENvNjBSdjRnT2NsdjFTQT09,2026-09-27,2025-12-01,,EXTERNAL,"No establishment welfare-committee election, meeting/request or posting evidence; human organisational duty. State: Open/External: 49/50 workers, elected versus existing representative body, quarterly meetings, triggered request and applicable s.95 welfare regulations; reconcile current election notice. Former register state: No [EXTERNAL 2026-09-29]. Inputs → output: Establishment-specific dated headcount, election or existing committee record, terms, meetings, requests, welfare rules and notices → valid committee, consultation and displayed welfare evidence. Profile: establishment/headcount/meeting date; from 1 Dec 2025.",,,,
TH-HR-25,TH,other,"Provide potable drinking water at each workplace at not less than one point per up to 40 workers, adding a point for each further 40 with a remainder over 20 rounded up; maintain sanitary male/female-separated toilets and a separate accessible toilet where a disabled worker is present.","2005 workplace-welfare regulation (https://www.mol.go.th/wp-content/uploads/sites/2/2018/07/180.pdf), cl.1.",https://www.mol.go.th/wp-content/uploads/sites/2/2018/07/180.pdf,2026-09-27,2025-12-01,,EXTERNAL,"No facility inventory, headcount trigger, sanitary inspection or accessible-toilet evidence; physical employer duty. State: Open/External: 40/60/61 worker water-point edges, facility and current building-code quantities, disability access and regulatory amendment census. Former register state: No. Inputs → output: Workplace, concurrent workers by sex, disability-access need, water points, sanitary facilities and inspection → required facilities and inspection evidence. Profile: workplace/concurrent headcount/day; operative in scope from 1 Dec 2025.",,,,
TH-HR-26,TH,other,"At a workplace with at least ten employees, keep the prescribed sufficient first-aid supplies and medicines at the workplace.","2005 workplace-welfare regulation (https://www.mol.go.th/wp-content/uploads/sites/2/2018/07/180.pdf), cl.2(1).",https://www.mol.go.th/wp-content/uploads/sites/2/2018/07/180.pdf,2026-09-27,2025-12-01,,EXTERNAL,"No first-aid inventory, stock inspection or threshold evidence; physical employer duty. State: Open/External: 9/10 workers, every listed supply, inventory and expiry; reconcile any current pharmacy/medicine restrictions. Former register state: No. Inputs → output: Concurrent workplace headcount, complete cl.2(1) item list, stock/expiry checks → compliant first-aid inventory and evidence. Profile: workplace/headcount/day; operative in scope from 1 Dec 2025.",,,,
TH-HR-27,TH,other,"At 200 simultaneous workers, provide at least one sickbed, one technical nurse throughout working time and a physician at least twice/six hours weekly; at 1,000, provide two beds, two nurses, physician at least three times/twelve hours weekly and an immediate transport vehicle. A nearby 24-hour hospital agreement substitutes only for the physician requirement, with Director-General approval.","2005 workplace-welfare regulation (https://www.mol.go.th/wp-content/uploads/sites/2/2018/07/180.pdf), cls.2(2)–(3), 3.",https://www.mol.go.th/wp-content/uploads/sites/2/2018/07/180.pdf,2026-09-27,2025-12-01,,EXTERNAL,"No workplace medical-roster, facility/vehicle or approved hospital-substitution evidence; physical employer duty. State: Open/External: 199/200/999/1,000 simultaneous workers, doctor-hour schedule, substitute hospital approved/not approved; validate applicable amendments. Former register state: No. Inputs → output: Maximum concurrent worker count, beds/supplies, nurse/physician rosters, hospital contract, approval and vehicle → required medical staffing/facilities or authorised substitution. Profile: workplace/concurrent headcount/week; operative in scope from 1 Dec 2025.",,,,
TH-DIS-01,TH,levy,"For an establishment with at least 100 employees, meet the disability-employment ratio: one worker with a disability for each 100 workers without disabilities, plus one for a remainder greater than 50; count employees on 1 October and aggregate branches within the same province.","2011 disability-employment regulation (https://ratchakitcha.soc.go.th/documents/1877099.pdf), cl.3.",https://ratchakitcha.soc.go.th/documents/1877099.pdf,2026-09-27,2025-12-01,,EXTERNAL,"No employer-wide disability status/headcount evidence, annual ratio assessment or verified hiring record. State: Open/External: 99/100 total-worker threshold; 150/151 non-disabled count, cross-province and same-province branches; 1 October 2025/2026 censuses. Former register state: No [EXTERNAL 2026-09-29]. Inputs → output: Legal employer, branch/province, 1 October employee count, qualifying worker evidence and hires → required positions and filled/unfilled count. Profile: employer/province/1 October annual census; Dec 2025 uses 2024 census, 2026 uses 2025 census.",,,,
TH-DIS-02,TH,levy,"For unfilled required positions, choose and prove an approved s.35 work/concession/support arrangement or pay the annual s.34 disability fund charge; absence of applicants is not itself a waiver.","2011 regulation (https://ratchakitcha.soc.go.th/documents/1877099.pdf), cl.5; DEP employer guidance (https://dfund.dep.go.th/%E0%B8%96%E0%B8%B2%E0%B8%A1-%E0%B8%95%E0%B8%AD%E0%B8%9A-%E0%B8%88%E0%B9%89%E0%B8%B2%E0%B8%87%E0%B8%87%E0%B8%B2%E0%B8%99%E0%B8%84%E0%B8%99%E0%B8%9E%E0%B8%B4%E0%B8%81%E0%B8%B2%E0%B8%A3/), Q24 and Q49.",https://ratchakitcha.soc.go.th/documents/1877099.pdf,2026-09-27,2025-12-01,,EXTERNAL,"No s.35 approval/evidence path or employer fund assessment, payment and receipt. State: Open/External: 2026 prior-year rate under Notice 14, choice/mix of s.33/34/35, s.35 approval/valuation and yearly payment by 31 March. Former register state: No [EXTERNAL 2026-09-29]. Inputs → output: Required/filled count, approved s.35 contract and value or alternative, lowest nationwide minimum daily wage last in force in previous year → s.34 debt of that rate × 365 × unfilled positions and s.35 evidence. Profile: employer/annual assessment; from 1 Dec 2025.",,,,
TH-DIS-03,TH,levy,"If a counted disability hire or s.35 arrangement ceases, cure within 45 days or pay for the uncovered days; a compliant later hire can support a capped refund of an already paid annual fund charge.","2017 amending regulation (https://www.mol.go.th/wp-content/uploads/sites/2/2018/02/313.pdf), cls.6–7; DEP guidance (https://dfund.dep.go.th/%E0%B8%96%E0%B8%B2%E0%B8%A1-%E0%B8%95%E0%B8%AD%E0%B8%9A-%E0%B8%88%E0%B9%89%E0%B8%B2%E0%B8%87%E0%B8%87%E0%B8%B2%E0%B8%99%E0%B8%84%E0%B8%99%E0%B8%9E%E0%B8%B4%E0%B8%81%E0%B8%B2%E0%B8%A3/), Q25–28.",https://www.mol.go.th/wp-content/uploads/sites/2/2018/02/313.pdf,2026-09-27,2025-12-01,,EXTERNAL,"No vacancy/cure ledger, authority-approved alternative, annual fund correction/refund or remittance receipt. State: Open/External: day 45/46 replacement, late payment and refund after later hiring; interest date resolved separately in TH-DIS-05 from signed deadline and DEP manual. Former register state: No [EXTERNAL 2026-09-29]. Inputs → output: Cessation/cure dates, replacement hire or s.35 approval, paid fund amount and actual wages → daily shortfall, refund claim and evidence; assess statutory late interest separately. Profile: employer/daily shortfall and annual correction; from 1 Dec 2025.",,,,
TH-DIS-04,TH,other,"Do not impose a rule, pay decision, recruitment or workplace practice that unfairly discriminates against a worker with a disability, including an apparently neutral rule that removes a disability-related benefit; review permitted objective grounds and feasible remedial support.","Disability Empowerment Act, as amended (https://dfund.dep.go.th/wp-content/uploads/2023/02/1.%E0%B8%9E%E0%B8%A3%E0%B8%B0%E0%B8%A3%E0%B8%B2%E0%B8%8A%E0%B8%9A%E0%B8%B1%E0%B8%8D%E0%B8%8D%E0%B8%B1%E0%B8%95%E0%B8%B4%E0%B8%AA%E0%B9%88%E0%B8%87%E0%B9%80%E0%B8%AA%E0%B8%A3%E0%B8%B4%E0%B8%A1%E0%B9%81%E0%B8%A5%E0%B8%B0%E0%B8%9E%E0%B8%B1%E0%B8%92%E0%B8%99%E0%B8%B2%E0%B8%84%E0%B8%B8%E0%B8%93%E0%B8%A0%E0%B8%B2%E0%B8%9E%E0%B8%8A%E0%B8%B5%E0%B8%A7%E0%B8%B4%E0%B8%95%E0%B8%84%E0%B8%99%E0%B8%9E%E0%B8%B4%E0%B8%81%E0%B8%B2%E0%B8%A3-%E0%B8%9E.%E0%B8%A8.-2550-%E0%B9%81%E0%B8%A5%E0%B8%B0%E0%B9%81%E0%B8%81%E0%B9%89%E0%B9%84%E0%B8%82%E0%B9%80%E0%B8%9E%E0%B8%B4%E0%B9%88%E0%B8%A1%E0%B9%80%E0%B8%95%E0%B8%B4%E0%B8%A1%E0%B8%89%E0%B8%9A%E0%B8%B1%E0%B8%9A%E0%B8%97%E0%B8%B5%E0%B9%88-2-%E0%B8%9E.%E0%B8%A8.-2556.pdf), ss.15–16.",https://dfund.dep.go.th/wp-content/uploads/2023/02/1.%E0%B8%9E%E0%B8%A3%E0%B8%B0%E0%B8%A3%E0%B8%B2%E0%B8%8A%E0%B8%9A%E0%B8%B1%E0%B8%8D%E0%B8%8D%E0%B8%B1%E0%B8%95%E0%B8%B4%E0%B8%AA%E0%B9%88%E0%B8%87%E0%B9%80%E0%B8%AA%E0%B8%A3%E0%B8%B4%E0%B8%A1%E0%B9%81%E0%B8%A5%E0%B8%B0%E0%B8%9E%E0%B8%B1%E0%B8%92%E0%B8%99%E0%B8%B2%E0%B8%84%E0%B8%B8%E0%B8%93%E0%B8%A0%E0%B8%B2%E0%B8%9E%E0%B8%8A%E0%B8%B5%E0%B8%A7%E0%B8%B4%E0%B8%95%E0%B8%84%E0%B8%99%E0%B8%9E%E0%B8%B4%E0%B8%81%E0%B8%B2%E0%B8%A3-%E0%B8%9E.%E0%B8%A8.-2550-%E0%B9%81%E0%B8%A5%E0%B8%B0%E0%B9%81%E0%B8%81%E0%B9%89%E0%B9%84%E0%B8%82%E0%B9%80%E0%B8%9E%E0%B8%B4%E0%B9%88%E0%B8%A1%E0%B9%80%E0%B8%95%E0%B8%B4%E0%B8%A1%E0%B8%89%E0%B8%9A%E0%B8%B1%E0%B8%9A%E0%B8%97%E0%B8%B5%E0%B9%88-2-%E0%B8%9E.%E0%B8%A8.-2556.pdf,2026-09-27,2025-12-01,,EXTERNAL,"No evidence-backed disability discrimination review, decision control or remedy record; human duty. State: Open/External: direct and indirect discrimination, objectively justified exception and feasible remediation; review current subsidiary accessibility rules by workplace type. Former register state: No. Inputs → output: Job requirements, decision criteria, disability-related request, workplace access, comparators and response → documented fair decision or corrective action. Profile: recruitment, employment and pay decisions; from 1 Dec 2025.",,,,
TH-DIS-05,TH,levy,"Assess 7.5% annual interest on unpaid disability-fund debt from the legally late date: 1 April after the 31 March annual s.34 deadline, or for an uncured midyear vacancy from the vacancy date if later than 1 April; the 45-day replacement window does not erase shortfall days if missed.","Disability Empowerment Act s.34 para.2 (https://dfund.dep.go.th/wp-content/uploads/2023/02/1.%E0%B8%9E%E0%B8%A3%E0%B8%B0%E0%B8%A3%E0%B8%B2%E0%B8%8A%E0%B8%9A%E0%B8%B1%E0%B8%8D%E0%B8%8D%E0%B8%B1%E0%B8%95%E0%B8%B4%E0%B8%AA%E0%B9%88%E0%B8%87%E0%B9%80%E0%B8%AA%E0%B8%A3%E0%B8%B4%E0%B8%A1%E0%B9%81%E0%B8%A5%E0%B8%B0%E0%B8%9E%E0%B8%B1%E0%B8%92%E0%B8%99%E0%B8%B2%E0%B8%84%E0%B8%B8%E0%B8%93%E0%B8%A0%E0%B8%B2%E0%B8%9E%E0%B8%8A%E0%B8%B5%E0%B8%A7%E0%B8%B4%E0%B8%95%E0%B8%84%E0%B8%99%E0%B8%9E%E0%B8%B4%E0%B8%81%E0%B8%B2%E0%B8%A3-%E0%B8%9E.%E0%B8%A8.-2550-%E0%B9%81%E0%B8%A5%E0%B8%B0%E0%B9%81%E0%B8%81%E0%B9%89%E0%B9%84%E0%B8%82%E0%B9%80%E0%B8%9E%E0%B8%B4%E0%B9%88%E0%B8%A1%E0%B9%80%E0%B8%95%E0%B8%B4%E0%B8%A1%E0%B8%89%E0%B8%9A%E0%B8%B1%E0%B8%9A%E0%B8%97%E0%B8%B5%E0%B9%88-2-%E0%B8%9E.%E0%B8%A8.-2556.pdf); 2017 regulation cl.5 (https://www.mol.go.th/wp-content/uploads/sites/2/2018/02/313.pdf); DEP employer manual (https://dfund.dep.go.th/wp-content/uploads/2023/12/%E0%B8%84%E0%B8%B9%E0%B9%88%E0%B8%A1%E0%B8%B7%E0%B8%AD%E0%B8%88%E0%B9%89%E0%B8%B2%E0%B8%87%E0%B8%87%E0%B8%B2%E0%B8%99-%E0%B9%80%E0%B8%AD%E0%B8%81%E0%B8%8A%E0%B8%99.pdf), pp. on interest.",https://dfund.dep.go.th/wp-content/uploads/2023/02/1.%E0%B8%9E%E0%B8%A3%E0%B8%B0%E0%B8%A3%E0%B8%B2%E0%B8%8A%E0%B8%9A%E0%B8%B1%E0%B8%8D%E0%B8%8D%E0%B8%B1%E0%B8%95%E0%B8%B4%E0%B8%AA%E0%B9%88%E0%B8%87%E0%B9%80%E0%B8%AA%E0%B8%A3%E0%B8%B4%E0%B8%A1%E0%B9%81%E0%B8%A5%E0%B8%B0%E0%B8%9E%E0%B8%B1%E0%B8%92%E0%B8%99%E0%B8%B2%E0%B8%84%E0%B8%B8%E0%B8%93%E0%B8%A0%E0%B8%B2%E0%B8%9E%E0%B8%8A%E0%B8%B5%E0%B8%A7%E0%B8%B4%E0%B8%95%E0%B8%84%E0%B8%99%E0%B8%9E%E0%B8%B4%E0%B8%81%E0%B8%B2%E0%B8%A3-%E0%B8%9E.%E0%B8%A8.-2550-%E0%B9%81%E0%B8%A5%E0%B8%B0%E0%B9%81%E0%B8%81%E0%B9%89%E0%B9%84%E0%B8%82%E0%B9%80%E0%B8%9E%E0%B8%B4%E0%B9%88%E0%B8%A1%E0%B9%80%E0%B8%95%E0%B8%B4%E0%B8%A1%E0%B8%89%E0%B8%9A%E0%B8%B1%E0%B8%9A%E0%B8%97%E0%B8%B5%E0%B9%88-2-%E0%B8%9E.%E0%B8%A8.-2556.pdf,2026-09-27,2025-12-01,,EXTERNAL,"No annual/daily shortfall ledger, interest assessment, payment/reversal or authority receipt. State: Open/External: March 31/April 1 payment, April 20 vacancy replaced on day 45/46, partial payment and refund; DEP FAQ Q25 says 1 March contrary to its Q29, the signed 31 March due date and DEP manual, so Q25 is a guidance error, not an earlier statutory interest start. Former register state: No. Inputs → output: Annual due/paid dates, vacancy and replacement dates, uncovered daily amount and payment history → separately itemised interest and receipt. Profile: employer/debt/payment date; from 1 Dec 2025.",,,,
TH-PEND-01,TH,other,"Cabinet-approved draft measures for seafarers, home workers and state-enterprise spouses are announced only; they have no operative date or rate until Gazette publication, so TH-HR-19–21 keep their enacted-law branches.","Ministry of Labour announcement, 18 August 2026",https://minister.mol.go.th/news/%E0%B8%88%E0%B8%B8%E0%B8%A5%E0%B8%9E%E0%B8%B1%E0%B8%99%E0%B8%98%E0%B9%8C-%E0%B9%80%E0%B8%9C%E0%B8%A2-%E0%B8%84%E0%B8%A3%E0%B8%A1-%E0%B9%84%E0%B8%9F%E0%B9%80%E0%B8%82%E0%B8%B5%E0%B8%A2%E0%B8%A7%E0%B8%81%E0%B8%8E%E0%B8%AB%E0%B8%A1%E0%B8%B2%E0%B8%A2%E0%B9%81%E0%B8%A3%E0%B8%87%E0%B8%87%E0%B8%B2%E0%B8%99-4-%E0%B8%89%E0%B8%9A%E0%B8%B1%E0%B8%9A-%E0%B8%A2%E0%B8%81%E0%B8%A3%E0%B8%B0%E0%B8%94%E0%B8%B1%E0%B8%9A%E0%B8%AA%E0%B8%A7%E0%B8%B1%E0%B8%AA%E0%B8%94%E0%B8%B4%E0%B8%81%E0%B8%B2%E0%B8%A3-%E0%B8%84%E0%B8%99%E0%B8%9B%E0%B8%A3%E0%B8%B0%E0%B8%88%E0%B8%B3%E0%B9%80%E0%B8%A3%E0%B8%B7%E0%B8%AD-%E0%B8%9C%E0%B8%B9%E0%B9%89%E0%B8%A3%E0%B8%B1%E0%B8%9A%E0%B8%87%E0%B8%B2%E0%B8%99%E0%B9%84%E0%B8%9B%E0%B8%97%E0%B8%B3%E0%B8%97%E0%B8%B5%E0%B9%88%E0%B8%9A%E0%B9%89%E0%B8%B2%E0%B8%99-%E0%B8%A5%E0%B8%B9%E0%B8%81%E0%B8%88%E0%B9%89%E0%B8%B2%E0%B8%87%E0%B8%A3%E0%B8%B1%E0%B8%90%E0%B8%A7%E0%B8%B4%E0%B8%AA%E0%B8%B2%E0%B8%AB%E0%B8%81%E0%B8%B4%E0%B8%88%E0%B8%81%E0%B8%A5%E0%B8%B8%E0%B9%88%E0%B8%A1%E0%B8%AA%E0%B8%A1%E0%B8%A3%E0%B8%AA%E0%B9%80%E0%B8%97%E0%B9%88%E0%B8%B2%E0%B9%80%E0%B8%97%E0%B8%B5%E0%B8%A2%E0%B8%A1,2026-09-27,,,AWAITING-LAW,"[Thailand payroll obligations — independent inventory] An 18 August 2026 Ministry announcement (https://minister.mol.go.th/news/%E0%B8%88%E0%B8%B8%E0%B8%A5%E0%B8%9E%E0%B8%B1%E0%B8%99%E0%B8%98%E0%B9%8C-%E0%B9%80%E0%B8%9C%E0%B8%A2-%E0%B8%84%E0%B8%A3%E0%B8%A1-%E0%B9%84%E0%B8%9F%E0%B9%80%E0%B8%82%E0%B8%B5%E0%B8%A2%E0%B8%A7%E0%B8%81%E0%B8%8E%E0%B8%AB%E0%B8%A1%E0%B8%B2%E0%B8%A2%E0%B9%81%E0%B8%A3%E0%B8%87%E0%B8%87%E0%B8%B2%E0%B8%99-4-%E0%B8%89%E0%B8%9A%E0%B8%B1%E0%B8%9A-%E0%B8%A2%E0%B8%81%E0%B8%A3%E0%B8%B0%E0%B8%94%E0%B8%B1%E0%B8%9A%E0%B8%AA%E0%B8%A7%E0%B8%B1%E0%B8%AA%E0%B8%94%E0%B8%B4%E0%B8%81%E0%B8%B2%E0%B8%A3-%E0%B8%84%E0%B8%99%E0%B8%9B%E0%B8%A3%E0%B8%B0%E0%B8%88%E0%B8%B3%E0%B9%80%E0%B8%A3%E0%B8%B7%E0%B8%AD-%E0%B8%9C%E0%B8%B9%E0%B9%89%E0%B8%A3%E0%B8%B1%E0%B8%9A%E0%B8%87%E0%B8%B2%E0%B8%99%E0%B9%84%E0%B8%9B%E0%B8%97%E0%B8%B3%E0%B8%97%E0%B8%B5%E0%B9%88%E0%B8%9A%E0%B9%89%E0%B8%B2%E0%B8%99-%E0%B8%A5%E0%B8%B9%E0%B8%81%E0%B8%88%E0%B9%89%E0%B8%B2%E0%B8%87%E0%B8%A3%E0%B8%B1%E0%B8%90%E0%B8%A7%E0%B8%B4%E0%B8%AA%E0%B8%B2%E0%B8%AB%E0%B8%81%E0%B8%B4%E0%B8%88%E0%B8%81%E0%B8%A5%E0%B8%B8%E0%B9%88%E0%B8%A1%E0%B8%AA%E0%B8%A1%E0%B8%A3%E0%B8%AA%E0%B9%80%E0%B8%97%E0%B9%88%E0%B8%B2%E0%B9%80%E0%B8%97%E0%B8%B5%E0%B8%A2%E0%B8%A1) describes Cabinet-approved draft measures for seafarers, home workers and state-enterprise spouses. It supplies no operative replacement date or rate; TH-HR-19–21 retain their enacted-law branches pending Gazette publication.",,,,
TH-PEND-02,TH,contribution,The CARE social-security pension measure is a Cabinet draft in principle (14 July 2026) still in the legal process; it does not replace the operative TH-SS-08 old-age rule.,"Ministry of Labour CARE announcement, 11 September 2026",https://www.mol.go.th/news/%E0%B8%88%E0%B8%B8%E0%B8%A5%E0%B8%9E%E0%B8%B1%E0%B8%99%E0%B8%98%E0%B9%8C-%E0%B8%A3%E0%B8%A1%E0%B8%A7-%E0%B9%81%E0%B8%A3%E0%B8%87%E0%B8%87%E0%B8%B2%E0%B8%99-%E0%B9%80%E0%B8%9B%E0%B8%B4%E0%B8%94%E0%B8%81%E0%B8%B4%E0%B8%88%E0%B8%81%E0%B8%A3%E0%B8%A3%E0%B8%A1-run-for-care-%E0%B8%8A%E0%B8%A7%E0%B8%99%E0%B8%AD%E0%B8%AD%E0%B8%81%E0%B8%81%E0%B8%B3%E0%B8%A5%E0%B8%B1%E0%B8%87%E0%B8%81%E0%B8%B2%E0%B8%A2%E0%B8%A7%E0%B8%B1%E0%B8%99%E0%B8%99%E0%B8%B5%E0%B9%89-%E0%B9%80%E0%B8%9E%E0%B8%B7%E0%B9%88%E0%B8%AD%E0%B8%9A%E0%B8%B3%E0%B8%99%E0%B8%B2%E0%B8%8D%E0%B8%97%E0%B8%B5%E0%B9%88%E0%B8%A1%E0%B8%B1%E0%B9%88%E0%B8%99%E0%B8%84%E0%B8%87%E0%B9%83%E0%B8%99%E0%B8%A7%E0%B8%B1%E0%B8%99%E0%B8%AB%E0%B8%99%E0%B9%89%E0%B8%B2-%E0%B8%AA%E0%B8%A3%E0%B9%89%E0%B8%B2%E0%B8%87%E0%B8%81%E0%B8%B2%E0%B8%A3%E0%B8%A3%E0%B8%B1%E0%B8%9A%E0%B8%A3%E0%B8%B9%E0%B9%89-%E0%B8%9A%E0%B8%B3%E0%B8%99%E0%B8%B2%E0%B8%8D%E0%B8%8A%E0%B8%A3%E0%B8%B2%E0%B8%A0%E0%B8%B2%E0%B8%9E%E0%B8%AA%E0%B8%B9%E0%B8%95%E0%B8%A3-care,2026-09-26,,,AWAITING-LAW,[26 September 2026 instrument-index check] Social Security. The Ministry's 11 September 2026 CARE announcement (https://www.mol.go.th/news/%E0%B8%88%E0%B8%B8%E0%B8%A5%E0%B8%9E%E0%B8%B1%E0%B8%99%E0%B8%98%E0%B9%8C-%E0%B8%A3%E0%B8%A1%E0%B8%A7-%E0%B9%81%E0%B8%A3%E0%B8%87%E0%B8%87%E0%B8%B2%E0%B8%99-%E0%B9%80%E0%B8%9B%E0%B8%B4%E0%B8%94%E0%B8%81%E0%B8%B4%E0%B8%88%E0%B8%81%E0%B8%A3%E0%B8%A3%E0%B8%A1-run-for-care-%E0%B8%8A%E0%B8%A7%E0%B8%99%E0%B8%AD%E0%B8%AD%E0%B8%81%E0%B8%81%E0%B8%B3%E0%B8%A5%E0%B8%B1%E0%B8%87%E0%B8%81%E0%B8%B2%E0%B8%A2%E0%B8%A7%E0%B8%B1%E0%B8%99%E0%B8%99%E0%B8%B5%E0%B9%89-%E0%B9%80%E0%B8%9E%E0%B8%B7%E0%B9%88%E0%B8%AD%E0%B8%9A%E0%B8%B3%E0%B8%99%E0%B8%B2%E0%B8%8D%E0%B8%97%E0%B8%B5%E0%B9%88%E0%B8%A1%E0%B8%B1%E0%B9%88%E0%B8%99%E0%B8%84%E0%B8%87%E0%B9%83%E0%B8%99%E0%B8%A7%E0%B8%B1%E0%B8%99%E0%B8%AB%E0%B8%99%E0%B9%89%E0%B8%B2-%E0%B8%AA%E0%B8%A3%E0%B9%89%E0%B8%B2%E0%B8%87%E0%B8%81%E0%B8%B2%E0%B8%A3%E0%B8%A3%E0%B8%B1%E0%B8%9A%E0%B8%A3%E0%B8%B9%E0%B9%89-%E0%B8%9A%E0%B8%B3%E0%B8%99%E0%B8%B2%E0%B8%8D%E0%B8%8A%E0%B8%A3%E0%B8%B2%E0%B8%A0%E0%B8%B2%E0%B8%9E%E0%B8%AA%E0%B8%B9%E0%B8%95%E0%B8%A3-care) explicitly says Cabinet approved only a draft in principle on 14 July and that it remained in the legal process. Do not substitute CARE for TH-SS-08's operative pension rule. Complete SSO/Gazette amendment review remains open.,,,,
TH-PEND-03,TH,contribution,"A draft Workmen's Compensation Fund assessment amendment (July 2026 report, September consultation) is not a published new rate; the 2019 assessment notice stays the rate source.","Ministry of Labour report, July 2026; September 2026 consultation",https://www.mol.go.th/news/611420,2026-09-27,,,AWAITING-LAW,"[Workmen's Compensation Fund branch detail and R49 evidence migration] The old English Act (https://www.mol.go.th/wp-content/uploads/sites/2/2021/02/Compensation-Act-B.E.2537.pdf), undated Ministry Ratchaburi page (https://www.mol.go.th/en/%E0%B8%81%E0%B8%AD%E0%B8%87%E0%B8%97%E0%B8%B8%E0%B8%99%E0%B9%80%E0%B8%87%E0%B8%B4%E0%B8%99%E0%B8%97%E0%B8%94%E0%B9%81%E0%B8%97%E0%B8%99-2) and Ministry brochure (https://www.mol.go.th/wp-content/uploads/sites/2/2021/02/1-%E0%B9%81%E0%B8%9C%E0%B9%88%E0%B8%99%E0%B8%9E%E0%B8%B1%E0%B8%9A%E0%B8%81%E0%B8%AD%E0%B8%87%E0%B8%97%E0%B8%B8%E0%B8%99%E0%B9%80%E0%B8%87%E0%B8%B4%E0%B8%99%E0%B8%97%E0%B8%94%E0%B9%81%E0%B8%97%E0%B8%99-TH.pdf) are corroboration or superseded explanations, not the rate source. A July 2026 Ministry report (https://www.mol.go.th/news/611420) described a draft assessment amendment and a September consultation (https://www.mol.go.th/news/%E0%B8%A3%E0%B8%AD%E0%B8%87%E0%B8%9B%E0%B8%A5%E0%B8%B1%E0%B8%94%E0%B8%AF-%E0%B9%81%E0%B8%A3%E0%B8%87%E0%B8%87%E0%B8%B2%E0%B8%99-%E0%B8%A3%E0%B9%88%E0%B8%A7%E0%B8%A1%E0%B9%80%E0%B8%9B%E0%B8%B4%E0%B8%94%E0%B9%80%E0%B8%A7%E0%B8%97%E0%B8%B5%E0%B8%A3%E0%B8%B1%E0%B8%9A%E0%B8%9F%E0%B8%B1%E0%B8%87%E0%B8%84%E0%B8%A7%E0%B8%B2%E0%B8%A1%E0%B8%84%E0%B8%B4%E0%B8%94%E0%B9%80%E0%B8%AB%E0%B9%87%E0%B8%99-%E0%B8%A3%E0%B9%88%E0%B8%B2%E0%B8%87-%E0%B8%9E-%E0%B8%A3-%E0%B8%9A-%E0%B9%80%E0%B8%87%E0%B8%B4%E0%B8%99%E0%B8%97%E0%B8%94%E0%B9%81%E0%B8%97%E0%B8%99-%E0%B8%A1%E0%B8%B8%E0%B9%88%E0%B8%87%E0%B8%A2%E0%B8%81%E0%B8%A3%E0%B8%B0%E0%B8%94%E0%B8%B1%E0%B8%9A%E0%B8%84%E0%B8%A7%E0%B8%B2%E0%B8%A1%E0%B8%84%E0%B8%B8%E0%B9%89%E0%B8%A1%E0%B8%84%E0%B8%A3%E0%B8%AD%E0%B8%87%E0%B8%A5%E0%B8%B9%E0%B8%81%E0%B8%88%E0%B9%89%E0%B8%B2%E0%B8%87%E0%B9%83%E0%B8%AB%E0%B9%89%E0%B8%AA%E0%B8%AD%E0%B8%94%E0%B8%84%E0%B8%A5%E0%B9%89%E0%B8%AD%E0%B8%87%E0%B8%9A%E0%B8%A3%E0%B8%B4%E0%B8%9A%E0%B8%97%E0%B8%9B%E0%B8%B1%E0%B8%88%E0%B8%88%E0%B8%B8%E0%B8%9A%E0%B8%B1%E0%B8%99) followed. Neither is a published new rate. Gazette/Ministry register recheck remains open.",,,,
TH-PEND-04,TH,minimum_wage,"No 2026 general minimum-wage change: the Wage Committee deferred it (June 2026), the 15 September 2026 account concerns 2027 proposals, and the hotel association only sought a court stay of Notice 14 cl.2(1) THB400; Notice 14 stays operative until a Gazette notice or actual court order.",Wage Committee June 2026 meeting record; Ministry account 15 September 2026,https://www.mol.go.th/wp-content/uploads/sites/2/2026/06/1.-3-69.pdf,2026-09-26,,,AWAITING-LAW,"[26 September 2026 instrument-index check] Minimum wages. The Ministry geographic-wage index (https://www.mol.go.th/%E0%B8%AD%E0%B8%B1%E0%B8%95%E0%B8%A3%E0%B8%B2%E0%B8%84%E0%B9%88%E0%B8%B2%E0%B8%88%E0%B9%89%E0%B8%B2%E0%B8%87%E0%B8%82%E0%B8%B1%E0%B9%89%E0%B8%99%E0%B8%95%E0%B9%88%E0%B8%B3) displays Notice 14 as the operative geographic schedule. The Wage Committee's June 2026 meeting record (https://www.mol.go.th/wp-content/uploads/sites/2/2026/06/1.-3-69.pdf) says it unanimously deferred a 2026 general-rate change and notes that the hotel association sought a court stay of Notice 14 cl.2(1)'s THB400 hotel floor; the record reports a request for the Committee's defence, not a granted stay. Require an actual court order before changing that branch. The 15 September 2026 Ministry account (https://www.mol.go.th/news/%E0%B8%A3%E0%B8%AD%E0%B8%87%E0%B8%9B%E0%B8%A5%E0%B8%B1%E0%B8%94%E0%B8%AF%E0%B9%81%E0%B8%A3%E0%B8%87%E0%B8%87%E0%B8%B2%E0%B8%99-%E0%B9%80%E0%B8%9B%E0%B9%87%E0%B8%99%E0%B8%9B%E0%B8%A3%E0%B8%B0%E0%B8%98%E0%B8%B2%E0%B8%99%E0%B8%81%E0%B8%B2%E0%B8%A3%E0%B8%9B%E0%B8%A3%E0%B8%B0%E0%B8%8A%E0%B8%B8%E0%B8%A1%E0%B8%84%E0%B8%93%E0%B8%B0%E0%B8%AD%E0%B8%99%E0%B8%B8%E0%B8%81%E0%B8%A3%E0%B8%A3%E0%B8%A1%E0%B8%81%E0%B8%B2%E0%B8%A3%E0%B8%A7%E0%B8%B4%E0%B8%8A%E0%B8%B2%E0%B8%81%E0%B8%B2%E0%B8%A3%E0%B9%81%E0%B8%A5%E0%B8%B0%E0%B8%81%E0%B8%A5%E0%B8%B1%E0%B9%88%E0%B8%99%E0%B8%81%E0%B8%A3%E0%B8%AD%E0%B8%87-%E0%B8%9B%E0%B8%A3%E0%B8%B0%E0%B8%88%E0%B8%B3%E0%B8%9B%E0%B8%B5%E0%B8%87%E0%B8%9A%E0%B8%9B%E0%B8%A3%E0%B8%B0%E0%B8%A1%E0%B8%B2%E0%B8%93-%E0%B8%9E-%E0%B8%A8-2569) concerns proposals for 2027, not an enacted 2026 replacement. The separate skill-standard index and Gazette Notice 15 are already captured in TH-SKILL-01/02. This index check does not establish that every Gazette provincial or sector notice has been enumerated; authenticated notice-by-notice amendment review is still open.",,,,
TH-PEND-05,TH,other,DLPW electricity-review and chemical/dust drafting meetings (2026) discuss draft OSH rules only; neither establishes a new operative rule.,DLPW 2026 electricity-review meeting; chemical/dust drafting meeting,https://osh.labour.go.th/%E0%B8%81%E0%B8%AD%E0%B8%87%E0%B8%84%E0%B8%A7%E0%B8%B2%E0%B8%A1%E0%B8%9B%E0%B8%A5%E0%B8%AD%E0%B8%94%E0%B8%A0%E0%B8%B1%E0%B8%A2%E0%B9%81%E0%B8%A3%E0%B8%87%E0%B8%87%E0%B8%B2%E0%B8%99-%E0%B8%88-4/,2026-09-26,,,AWAITING-LAW,Recorded from the OSH sector-regulation census (full text under TH-SAFE-01).,,,,
TH-PIT-23,TH,tax,"The 2021 southern-border 3% skilled-worker withholding measure covers income received only through 31 December 2023, so it is no 2025–26 payroll branch; the 2024 regional hiring/investment measure is a business-tax incentive, not a 3% employee withholding selector.",Fiscal Policy Office 2021 southern-border measure s.3.3; RD 2025 southern-border return attachment (s.40(7)/(8) business income only); RD Notification 447 (2024 regional measure),https://www.fpo.go.th/main/getattachment/News/Press-conference/14064/031-2564-%E0%B9%81%E0%B8%96%E0%B8%A5%E0%B8%87%E0%B8%82%E0%B9%88%E0%B8%B2%E0%B8%A7-%E0%B8%81%E0%B8%84-%E0%B8%A1%E0%B8%B2%E0%B8%95%E0%B8%A3%E0%B8%81%E0%B8%B2%E0%B8%A3%E0%B9%80%E0%B8%82%E0%B8%95%E0%B8%9E%E0%B8%B1%E0%B8%92%E0%B8%99%E0%B8%B2%E0%B8%9E%E0%B8%B4%E0%B9%80%E0%B8%A8%E0%B8%A9%E0%B9%80%E0%B8%89%E0%B8%9E%E0%B8%B2%E0%B8%B0%E0%B8%81%E0%B8%B4%E0%B8%88.pdf.aspx,2026-09-26,2021-01-01,2023-12-31,NOT-APPLICABLE,Sourced exclusion; check any later signed extension before treating a payroll 3% branch as current (full index text under TH-PIT-01).,,,,
TH-LATE-01,TH,contribution,"A record dated in a month already settled early is paid as a (YYYY-MM) line of the next period. Social security, withholding tax, the Employee Welfare Fund and severance tax bill it with the month it is paid.",Social Security Act B.E. 2533 s.47 (contribution deducted from wages every time wages are paid); Revenue Code s.50 (withholding at each payment); Labour Protection Act ss.130–131 (Employee Welfare Fund deducted at each wage payment).,https://www.rd.go.th/fileadmin/tax_pdf/pit/2568/Ins91_241268.pdf,2026-10-01,2025-12-01,,IMPLEMENTED,Late recorded work/leave/bonus actual next-period original-month line and paid-month tax/contribution classification are integrated. Full literal source scope implemented; financial/workflow verification has not run. Required original inputs: Actual late records and original settled-period/paid histories; source implementation remains unverified here. ,statutory_contributions:SSO|PIT|EWF|SEVERANCE_TAX.late_line_month,,,
