id,profile,area,provision,citation,url,source_checked,effective_from,effective_to,status,reason,config_path,golden,probe,verified_at
VN-LC01-01,VN,records,"Worker/employer status, recruitment and headcount → lawful hiring, equal treatment, prohibited-practice controls and employer labour-management records",Labour Code 45/2019/QH14 (consolidation 18/VBHN-VPQH of 12 Feb 2026) arts.1–12; December 2025 onward,https://vanban.chinhphu.vn/?docid=217002&pageid=27160,2026-09-29,2025-12-01,,EXTERNAL,"Contract/payroll facts do not evidence recruitment, anti-discrimination, anti-harassment or art.12 management/reporting duties; applicable subsidiary duties are not enumerated. Closure case: Reconcile arts.1–12 and the employer reporting instrument; sample direct hire, disguised employment and headcount changes. (Register status 2026-09-29: No [EXTERNAL 2026-09-29].)",obligations:LABOUR_MANAGEMENT_BOOK,,,
VN-LC01-02,VN,filing,"Employer with workers → initial labour declaration; labour-change reports every six months (before **5 June**) and annually (before **5 December**) through the National Public Service Portal on **Form 01/PLI**, with notice to the district social-insurance office",Decree 145/2020/ND-CP (Official Gazette 1203+1204) art.4(1)–(2); whole scope,https://congbaocdn.chinhphu.vn/CongBaoCP/VanBan/2020/12/32732/33806-1-20201203-1204145-2020-nd-cp.pdf,2026-09-29,2025-12-01,,EXTERNAL-RECORDED,"Configured 2026-10-01 (phase 2, the four live versions): duty type LABOUR_USE_REPORT (the June and December calendar months) in `jurisdiction_settings.duty_types` raises a dated obligation instance whose fulfilment records the authority reference (National Public Service Portal receipt number); owner rule 2026-10-01 (law says “trước ngày 05”): due by the 4th of June and of December. Not raised: the initial declaration within 30 days of starting operations (no start-of-operations event); the post-2025 receiving body still lacks a primary citation. Probe VN-PITFILE-01-1 awaits the Prove phase. Prove phase (2026-10-01): the saved-instance oracle needs the obligation_calendar sweep to run before obligation_instances are read; the harness (tests/e2e/payroll-probe.ts) raises no automation before `saved`. No dated report, form, portal receipt or SI-office notice is generated or retained. Decree 145/2020/ND-CP names the provincial Department of Labour, War Invalids and Social Affairs; the post-2025 successor body and current channel lack a primary citation. Closure case: 4/5 June and 4/5 December submissions, headcount change and portal receipt. (Register status 2026-09-29: No [EXTERNAL 2026-09-29].) Source note (Decree 145/2020): signed scan https://vanban.chinhphu.vn/default.aspx?docid=201967&pageid=27160 has no text layer; Official Gazette 1203+1204 of 28 December 2020 carries one, continued in 1205+1206 https://congbaocdn.chinhphu.vn/CongBaoCP/VanBan/2020/12/32732/33809-1-20201205-1206145-2020-nd-cp.pdf. Coverage review still open: the post-2025 successor to the provincial labour department for OT and labour-change notices.",obligations:LABOUR_USE_REPORT; duty_types:LABOUR_USE_REPORT,,VN-PITFILE-01-1,
VN-LC13-01,VN,other,"Actual work relationship, worker age, duties and term → lawful contract type, written/electronic form and essential terms",Labour Code 45/2019/QH14 (consolidation 18/VBHN-VPQH of 12 Feb 2026) arts.13–24; whole scope,https://vanban.chinhphu.vn/?docid=217002&pageid=27160,2026-09-29,2025-12-01,,PARTIAL,Mapped original contract/probation/suspension/termination/invalidity source facts now require immutable scalar-bound owned FILE evidence; changed dates/results/booleans cannot reuse a document pointer. Source reconciliation 2026-10-03. Integrated: Closed actual lawful kind/form/conclusion/start/end/essential-term review and source checks; native dated terms evidence.. Remaining: Full arts13–24 clause/authority/invalidity and original signed-contract lifecycle not established by reviewed boolean. | Source-only; historical verification unchanged. Initial and saved TERMS same-write scalar proof admission/editor and EXIT trusted snapshot/source editor are integrated; financial/legal residuals above remain.,obligations:LABOUR_CONTRACT,,,
VN-LC20-01,VN,other,"Contract start/end, prior fixed-term renewals, continued work after expiry and worker class → fixed term at most **36 months**; a new contract within **30 days** of expiry or the contract becomes indefinite; only **one** further fixed-term contract, then indefinite. Exceptions: hired directors of state-capital enterprises, art.149(1) older workers, art.151(2) foreign workers, art.177(4) union officers",Labour Code 45/2019/QH14 (Official Gazette 993+994) art.20; whole scope,https://congbaocdn.chinhphu.vn/CongBaoCP/VanBan/2019/11/30232/29070-1-2019993-99445-2019-qh14.pdf,2026-09-29,2025-12-01,,PARTIAL,"Original saved contracts, actual worked continuation, signature and complete original signing-ledger reference/through now have source policy mappings and immutable scalar-bound owned FILE proof through native TERMS/EXIT same-write capture/editor. Missing replacement documents do not prove absence: legal conversion requires qualified complete signing history through original expiry+30, actual continuation and exact original source pins; original contracts and paid history remain unchanged. Remaining: actual same-stint derived classification across notice/SI/UI/pay receivers, full renewal/foreign-permit exceptions and financial consequence reconciliation. Findings alone do not establish lawful class or paid remedy. Source-only; historical evidence retained.",checks:FIXED_TERM_OVER_36_MONTHS_TERMS_CHANGE; checks:FIXED_TERM_OVER_36_MONTHS_EXIT,,VN-LC20-01-1,2026-10-01
VN-LC25-02,VN,wages,"Role class, contract length and probation wage → no probation for contracts under one month (art.24(3), not re-read); once per job; at most **180** days (enterprise manager), **60** (college level or above), **30** (intermediate/technical/clerical), **6 working days** (other); probation wage at least **85%** of the job wage and also at or above the regional minimum; result notified at the end",Labour Code 45/2019/QH14 (Official Gazette 993+994) arts.24–27; whole scope,https://congbaocdn.chinhphu.vn/CongBaoCP/VanBan/2019/11/30232/29070-1-2019993-99445-2019-qh14.pdf,2026-09-29,2025-12-01,,PARTIAL,Mapped original contract/probation/suspension/termination/invalidity source facts now require immutable scalar-bound owned FILE evidence; changed dates/results/booleans cannot reuse a document pointer. Actual probation outcome/end/notice and continued or failed exit findings now bind original owned lifecycle source; existing duration/wage limits retained. Remaining: whole original result-to-contract/actual paid job wage and final settlement source completion. Source-only implementation; historical evidence retained. Initial and saved TERMS same-write scalar proof admission/editor and EXIT trusted snapshot/source editor are integrated; financial/legal residuals above remain.,terms_facts:probation_class; terms_facts:probation_job_wage; checks:PROBATION_TOO_LONG_TERMS_CHANGE; checks:PROBATION_TOO_LONG_EXIT; checks:PROBATION_WAGE_BELOW_85,,VN-LC25-02-1,2026-10-01
VN-LC30-01,VN,wages,Suspension/return dates and ground → salary/benefit treatment and reinstatement duty,Labour Code 45/2019/QH14 (consolidation 18/VBHN-VPQH of 12 Feb 2026) arts.30–33; whole scope,https://vanban.chinhphu.vn/?docid=217002&pageid=27160,2026-09-29,2025-12-01,,PARTIAL,"Mapped original contract/probation/suspension/termination/invalidity source facts now require immutable scalar-bound owned FILE evidence; changed dates/results/booleans cannot reuse a document pointer. Actual Art31 return binds original saved suspended contract validity and admitted contrary agreement/law exception;15day return/reinstatement failures recorded truthfully, unavailable job is not an exception. Remaining: whole suspension grounds/protected outcomes and original contractual pay/insurance restoration reconciliation. Source-only implementation; historical evidence retained. Initial and saved TERMS same-write scalar proof admission/editor and EXIT trusted snapshot/source editor are integrated; financial/legal residuals above remain.",,,,
VN-LC34-01,VN,severance,"Actual legal termination ground, notice, service and contribution history → valid exit, severance/job-loss amount, final pay and document return",Labour Code 45/2019/QH14 (consolidation 18/VBHN-VPQH of 12 Feb 2026) arts.34–48; whole scope,https://vanban.chinhphu.vn/?docid=217002&pageid=27160,2026-09-29,2025-12-01,,PARTIAL,"Mapped original contract/probation/suspension/termination/invalidity source facts now require immutable scalar-bound owned FILE evidence; changed dates/results/booleans cannot reuse a document pointer. Source reconciliation 2026-10-03. Integrated: Actual grounds/notice/protection, severance/jobloss and finalpay deadline sources.. Remaining: Full workforce-plan/consultation/termination finding and returned documents/SI confirmation outcomes not integrated. | Source-only; historical verification unchanged. Initial and saved TERMS same-write scalar proof admission/editor and EXIT trusted snapshot/source editor are integrated; financial/legal residuals above remain.","exit_facts:pension_eligible,absent_five_days; adhoc_catalogue:SEVERANCE_ALLOWANCE,JOB_LOSS_ALLOWANCE","VN audit — who is owed severance and job-loss allowance (Labour Code arts.34, 36(1)(e), 46(1), 47(1))",VN-LC46-02-1; VN-LC46-02-2; VN-LC48-01-1,2026-09-29
VN-LC35-01,VN,notice,"Contract type/term, special job and resignation ground → notice at least **45 days** (indefinite), **30 days** (12–36 months), **3 working days** (under 12 months); aircrew, enterprise managers and seafarers abroad **120 days** or one quarter of a term under 12 months; art.35(2) no-notice grounds including unpaid or late wages (except the art.97(4) case). Unlawful employee termination → no severance, pays half a month's contract wage plus wages for un-noticed days and repays training costs","Labour Code 45/2019/QH14 (Official Gazette 993+994) arts.35,36(2),40 and Decree 145/2020/ND-CP (Official Gazette 1203+1204) art.7; whole scope",https://congbaocdn.chinhphu.vn/CongBaoCP/VanBan/2019/11/30232/29070-1-2019993-99445-2019-qh14.pdf,2026-09-29,2025-12-01,,PARTIAL,"Actual unlawful worker finding/wage/shortnotice/training references now bind an explicit immutable request dossier with owned original approved file bytes/hash, exact fields, person/catalogue/date. Original references/evidence remain required. PARTIAL: native original liability and conserved recovery settlement remain distinct from DISPLAY assessment.",seed/jurisdiction/VN/adhoc_catalogue.json#request_requirements.fact_dossier; src/lib/fact-dossier.ts; src/lib/pay_request_rules.ts; src/data/collection/adhoc_requests,,,
VN-LC48-01,VN,final_pay,"Termination date, employer type and ground → settle all amounts within **14 working days**, extendable to at most **30 days** for a non-individual employer ceasing operation, restructuring/economic reasons, merger/split/sale, or disaster/fire/epidemic; worker claims have priority on dissolution/bankruptcy; employer confirms SI/UI periods and returns original documents",Labour Code 45/2019/QH14 (Official Gazette 993+994) art.48; whole scope,https://congbaocdn.chinhphu.vn/CongBaoCP/VanBan/2019/11/30232/29070-1-2019993-99445-2019-qh14.pdf,2026-09-30,2025-12-01,,PARTIAL,"Mapped original contract/probation/suspension/termination/invalidity source facts now require immutable scalar-bound owned FILE evidence; changed dates/results/booleans cannot reuse a document pointer. Actual native exit admission binds original termination, actual14workingday calendar or source-qualified listed30calendar extension, document return and insurance confirmation; incomplete/late outcomes remain findings. Remaining: original full wage/insurance/severance/CBA priority and actual final payments/insurance completion, employer-funded copies/shipping. Source-only implementation; historical evidence retained. Initial and saved TERMS same-write scalar proof admission/editor and EXIT trusted snapshot/source editor are integrated; financial/legal residuals above remain.",payroll.final_pay_deadlines; exit_facts:final_settlement_extended,"VN audit — the final settlement is due in 14 working days, 30 days only in the art.48(1)(a)–(d) cases",VN-LC46-02-1; VN-LC48-01-1,2026-09-29
VN-LC41-01,VN,severance,"Established unlawful-employer-termination finding, wages, SI/HI/UI and employee election → reinstatement or statutory remedy",Labour Code 45/2019/QH14 (consolidation 18/VBHN-VPQH of 12 Feb 2026) art.41; whole scope,https://vanban.chinhphu.vn/?docid=217002&pageid=27160,2026-09-29,2025-12-01,,PARTIAL,"Actual finding/election/wage/insurance/tax/settlement references bind an explicit immutable original request dossier; exact owned approved file and captured reference identity admitted. Source indemnity/backwage rules retained. PARTIAL: actual reinstatement/no-return outcome, prior severance reversal and completed original insurance/settlement remedies remain incomplete.",seed/jurisdiction/VN/adhoc_catalogue.json#request_requirements.fact_dossier; src/lib/fact-dossier.ts; src/lib/pay_request_rules.ts; src/data/collection/adhoc_requests,,,
VN-LC46-01,VN,severance,"Prior/current contracts, UI-insured years and six adjacent contractual-wage months → severance/job-loss amount",Labour Code 45/2019/QH14 (consolidation 18/VBHN-VPQH of 12 Feb 2026) arts.46–47 and Decree 145/2020/ND-CP art.8; whole scope,https://vanban.chinhphu.vn/?docid=217002&pageid=27160,2026-09-29,2025-12-01,,PARTIAL,Source reconciliation 2026-10-03. Integrated: Six-month separation wage setting and source-complete service/UI/prior-compensated history.. Remaining: Complete original valid-contract exclusions and adjacent six actual contractual-wage chronology admission not established by numeric six-month setting. | Source-only; historical verification unchanged.,"adhoc_catalogue:SEVERANCE_ALLOWANCE,JOB_LOSS_ALLOWANCE; payroll.separation_wage_average_months","Vietnam — severance and job-loss pay the uncovered service on the six-month average, outside PIT, and the 14-working-day settlement clock (Labour Code arts.46–48; Decree 145/2020 art.8; Decree 253/2026 art.8(3)(h))",VN-LC46-02-1; VN-LC46-02-2,2026-09-29
VN-LC46-02,VN,severance,"Service periods, UI-paid time, cash paid in lieu of UI, prior severance paid, pension eligibility and abandonment → count full years; remainder up to 6 months = half year, over 6 months = one year; deduct UI-paid time, in-lieu cash time and service already compensated; no severance for pension-eligible workers or 5+ consecutive working days' unjustified abandonment; job-loss allowance at least **2 months'** wages where countable service is under 24 months",Decree 145/2020/ND-CP (Official Gazette 1203+1204) art.8(1)–(3); whole scope,https://congbaocdn.chinhphu.vn/CongBaoCP/VanBan/2020/12/32732/33806-1-20201203-1204145-2020-nd-cp.pdf,2026-09-29,2025-12-01,,PARTIAL,"Source reconciliation 2026-10-03. Integrated: Actual service/UI/prior-paid span subtraction, half/full-year rounding, jobloss2month minimum and source ledger qualification.. Remaining: Whole original qualified termination/contract service and lawful six-month wage source dependencies remain incomplete. | Source-only; historical verification unchanged.","adhoc_catalogue:SEVERANCE_ALLOWANCE,JOB_LOSS_ALLOWANCE; exit_facts:pension_eligible,absent_five_days","VN audit — severance is half a month per uncovered year, the leftover ≤ 6 months a half year and > 6 a year",VN-LC46-02-1; VN-LC46-02-2,2026-09-29
VN-LC49-01,VN,other,"Court finding of partly/wholly invalid contract and applicable collective/legal wage → corrected terms, arrears, insurance and employee remedy",Labour Code 45/2019/QH14 (consolidation 18/VBHN-VPQH of 12 Feb 2026) arts.49–51; December 2025 onward,https://vanban.chinhphu.vn/?docid=217002&pageid=27160,2026-09-29,2025-12-01,,PARTIAL,"Mapped original contract/probation/suspension/termination/invalidity source facts now require immutable scalar-bound owned FILE evidence; changed dates/results/booleans cannot reuse a document pointer. Actual invalidity decision/date and corrected-or-terminated source remedy, original arrears and insurance references now admitted by native lifecycle source. Remaining: actual retrospective lawful wages/insurance restoration and paid remedies; references/findings alone are not financial completion. Source-only implementation; historical evidence retained. Initial and saved TERMS same-write scalar proof admission/editor and EXIT trusted snapshot/source editor are integrated; financial/legal residuals above remain.",,,,
VN-LC52-01,VN,other,"Licensed labour supplier, permitted job, assignment length and comparable host wages → lawful dispatch, no pay disadvantage and correct employer obligations",Labour Code 45/2019/QH14 (consolidation 18/VBHN-VPQH of 12 Feb 2026) arts.52–58; December 2025 onward,https://vanban.chinhphu.vn/?docid=217002&pageid=27160,2026-09-29,2025-12-01,,PARTIAL,"Source reconciliation 2026-10-03. Integrated: Actual licence/permittedjob/ground,≤12months, injury responsibility/no-subassign and comparator monthly wage checks.. Remaining: Complete supplier/host wage-unit/benefit and assignment obligation/outcome lifecycle not integrated by monthly comparator facts. | Source-only; historical verification unchanged.",,,,
VN-LC59-01,VN,wages,"Annual training plan, apprenticeship type/age/duration, work performed, fee and contract → training pay, no prohibited tuition, reimbursement and annual report",Labour Code 45/2019/QH14 (consolidation 18/VBHN-VPQH of 12 Feb 2026) arts.59–62 as amended by Vocational Education Law 124/2025/QH15 art.43 from January 2026,https://vanban.chinhphu.vn/?docid=217002&pageid=27160,2026-09-29,2025-12-01,,PARTIAL,Source reconciliation 2026-10-03. Integrated: Training age/programme/notuition/practice≤3months/performed-work wage; genuine/disguised/completed placement and payslip source admission.. Remaining: Annual training plan/report and complete actual signed training cost/reimbursement lifecycle missing. | Source-only; historical verification unchanged.,,,,
VN-LC63-01,VN,other,"Workplace dialogue, representative body, bargaining and operative collective agreement → employer process and binding pay/leave terms",Labour Code 45/2019/QH14 (consolidation 18/VBHN-VPQH of 12 Feb 2026) arts.63–89; December 2025 onward,https://vanban.chinhphu.vn/?docid=217002&pageid=27160,2026-09-29,2025-12-01,,PARTIAL,Source reconciliation 2026-10-03. Integrated: Representative election/term/protected termination; actual favorable CBA wage/premium/noncash source preservation.. Remaining: Dialogue/consultation/bargaining/valid CBA conclusion/coverage native process not integrated. | Source-only; historical verification unchanged.,obligations:WORKPLACE_DIALOGUE,,,
VN-LC90-01,VN,wages,"Wage agreement, pay unit, components, frequency and actual work → lawful pay and payslip",Labour Code 45/2019/QH14 (consolidation 18/VBHN-VPQH of 12 Feb 2026) arts.90–96; whole scope,https://vanban.chinhphu.vn/?docid=217002&pageid=27160,2026-09-29,2025-12-01,,PARTIAL,"Source reconciliation 2026-10-03. Integrated: Dated wage/unit/components/frequency, normal time/minimum/payslip and favorable original source terms.. Remaining: Whole consulted/published wage-scale/work-norm applicability and actual product/task norms/results not integrated. | Source-only; historical verification unchanged.",obligations:WAGE_SCALE_AND_NORMS,,VN-LC90-01-1; VN-SI-05-1; VN-LC98-02-2,2026-09-29
VN-LC97-01,VN,wages,"Qualifying late wage, due/paid dates and governing bank rate → statutory delay compensation",Labour Code 45/2019/QH14 (consolidation 18/VBHN-VPQH of 12 Feb 2026) art.97; whole scope,https://vanban.chinhphu.vn/?docid=217002&pageid=27160,2026-09-29,2025-12-01,,VERIFIED,"Every named branch now proven on the saved path: 20-day delay at 4.5% → 49,316 (xuan_job), 14-day delay → no compensation (xuyen_job), force-majeure 20-day delay → 49,316 (xoan2_job) (probe VN-LC97-01-1); golden passes. The 30-day force-majeure ceiling is a recorded sourced exclusion (conduct limit).",adhoc_catalogue:LATE_WAGE_COMPENSATION,"Vietnam — the seeded art.97(4) class pays interest at the payroll bank’s 1-month rate on actual days over 365 for a delay of 15 days or more, force majeure or not (Labour Code art.97(4); Circular 14/2017/TT-NHNN art.4)",VN-LC97-01-1,2026-10-01
VN-LC95-01,VN,wages,"Pay unit, pay period and currency → hourly/daily/weekly pay at least every **15 days**; monthly pay once or twice a month at a fixed time; monthly advances for piece/lump-sum work spanning months; pay in VND (foreign currency allowed for foreign workers); payslip showing wage, OT, night pay and deductions; employer bears account and transfer fees",Labour Code 45/2019/QH14 (Official Gazette 993+994) arts.95–97; whole scope,https://congbaocdn.chinhphu.vn/CongBaoCP/VanBan/2019/11/30232/29070-1-2019993-99445-2019-qh14.pdf,2026-09-29,2025-12-01,,PARTIAL,"Source reconciliation 2026-10-03. Integrated: Actual currency/foreign exception,≤15day short-cadence gap and fixed monthly pay-date checks; payslip components.. Remaining: Piece/lumpsum spanning-month actual monthly advances and employer-paid bank fees lifecycle missing. | Source-only; historical verification unchanged.","obligations:WAGE_PAYMENT_TIMING,WAGE_STATEMENT",,,
VN-LC98-02,VN,overtime,"Day type, OT hours and hourly base → at least **150%** normal day, **200%** weekly rest, **300%** holiday/paid leave (plus the holiday wage for daily-paid workers). Hourly base excludes OT, night premium, holiday/paid-leave pay, art.104 bonuses, shift meals and allowances unrelated to the job; divisor = actual hours worked in the month, capped at the employer's chosen normal days and hours, excluding OT. Piece-rate OT under art.55(2) is separate",Labour Code 45/2019/QH14 (Official Gazette 993+994) art.98(1) and Decree 145/2020/ND-CP (Official Gazette 1203+1204) art.55(1)–(2); whole scope,https://congbaocdn.chinhphu.vn/CongBaoCP/VanBan/2019/11/30232/29070-1-2019993-99445-2019-qh14.pdf,2026-09-29,2025-12-01,,PARTIAL,"Source reconciliation 2026-10-03. Integrated: 150/200/300OT/night plus favorable source coefficients and actual work/current working-day conversion.. Remaining: Explicit sourced capped ordinary divisor for all cadences, piece-result OT and actual holiday policy dependencies incomplete. | Source-only; historical verification unchanged.",work_rules.bands; work_rules.ordinary_divisor_days,"Vietnam — Labour Code art.98(1) prices 150% on a working day, 200% on a rest day, 300% on a holiday",VN-LC98-02-1; VN-LC98-03-1; VN-LC98-02-2,2026-09-29
VN-LC98-03,VN,overtime,"Hours in 22:00–06:00, day type and whether daytime OT preceded on the same day → night work at least **+30%**; night OT = hourly × 150/200/300% + hourly × 30% + 20% × the daytime hourly wage for that day type (100%, or 150% with same-day daytime OT; 200% weekly rest; 300% holiday)","Labour Code 45/2019/QH14 (Official Gazette 993+994) arts.98(2)–(3),106 and Decree 145/2020/ND-CP (Official Gazette 1203+1204) art.57(1); whole scope",https://congbaocdn.chinhphu.vn/CongBaoCP/VanBan/2019/11/30232/29070-1-2019993-99445-2019-qh14.pdf,2026-09-29,2025-12-01,,VERIFIED,"All named branches now probed: plain night work +30% with no OT (NIGHT_WAGE/NIGHT_PREMIUM), night OT with no prior day-time OT (150%+30%+20%×100%), rest-day night OT (200%+30%+20%×200%) and holiday night OT (300%+30%+20%×300%) (VN-LC98-03-1); night OT after day-time OT (VN-LC98-02-1).",work_rules.night_premium,VN audit — a night overtime hour is the day-type rate + 30% + 20% of the day-type rate (Labour Code art.98(3)),VN-LC98-02-1; VN-LC98-03-1,2026-10-01
VN-LC99-01,VN,wages,"Stoppage cause and duration → employer fault: full contract wage; worker fault: none for that worker, co-workers agreed rate not below minimum; utility failure not the employer's fault, disaster, fire, epidemic, enemy action, ordered relocation or economic reasons: agreed pay, with at least the minimum wage for the first **14 working days**. Stoppage not the worker's fault counts for annual leave and severance service","Labour Code 45/2019/QH14 (Official Gazette 993+994) art.99 and Decree 145/2020/ND-CP (Official Gazette 1203+1204) arts.8(3)(a),65(9); whole scope",https://congbaocdn.chinhphu.vn/CongBaoCP/VanBan/2019/11/30232/29070-1-2019993-99445-2019-qh14.pdf,2026-09-29,2025-12-01,,PARTIAL,"Source reconciliation 2026-10-03. Integrated: Four stoppage cause classes, employer-full/worker-none/agreed pay and first14workingday minimum.. Remaining: Annual/severance counted-service ledger dependency incomplete; pending Art65 annual source basis unadopted. | Source-only; historical verification unchanged.","leave_catalogue:STOPPAGE_EMPLOYER_FAULT,STOPPAGE_WORKER_FAULT,STOPPAGE_COWORKER,STOPPAGE_OBJECTIVE","Vietnam — a work stoppage pays by its cause: full wage, nothing, or the agreed rate floored at the minimum wage for the first 14 working days (Labour Code art.99)",VN-SI-02-1; VN-LC99-01-2,2026-09-29
VN-LC101-01,VN,wages,"Agreed advance, civic-duty absence of at least one week, military-service exception or annual-leave start → interest-free wage advance, statutory amount/cap and recovery",Labour Code 45/2019/QH14 (consolidation 18/VBHN-VPQH of 12 Feb 2026) art.101; December 2025 onward,https://vanban.chinhphu.vn/?docid=217002&pageid=27160,2026-09-29,2025-12-01,,PARTIAL,"Actual source/repayment references bind explicit immutable original owned request dossier and exact source facts; agreed/civic/annual advance source, interest-free rule and exclusions retained. PARTIAL: original cash and bounded repayment native loan lifecycle not fully joined.",seed/jurisdiction/VN/adhoc_catalogue.json#request_requirements.fact_dossier; src/lib/fact-dossier.ts; src/lib/pay_request_rules.ts; src/data/collection/adhoc_requests,,,
VN-LC102-01,VN,wages,"Proved damage, reason disclosed, post-SI/HI/UI/PIT monthly wages and earlier deductions → lawful deduction ≤30%","Labour Code 45/2019/QH14 (consolidation 18/VBHN-VPQH of 12 Feb 2026) arts.102,129; whole scope",https://congbaocdn.chinhphu.vn/CongBaoCP/VanBan/2019/11/30232/29070-1-2019993-99445-2019-qh14.pdf,2026-09-30,2025-12-01,,PARTIAL,"Integrated original owned property decision/fault/loss/circumstances/force-majeure admission, exact dated worksite regional wage order and minor-negligence10-floor threshold/3-month lawful wage budget. All four property catalogues require immutable derived original class/decision/cap snapshots; ordinary salary permission cannot bypass property admission. Existing conserved authorization reservations and monthly30% net cap retained. Remaining: full original discharge/paid recovery and authority-restriction lifecycle reconciliation, including actual wage-only mandatory-charge attribution for mixed non-wage payroll. Historical evidence preserved; implementation unverified.",payroll.deduction_ceiling; adhoc_catalogue:PROPERTY_DAMAGE_COMPENSATION,"VN Labour Code art.102(3): compensation deductions at most 30% of the wage paid after SI, HI, UI and PIT",VN-LC102-01-1; VN-LC102-01-2,
VN-LC103-01,VN,wages,"Dated contract, collective agreement and published employer rules → agreed grade progression, allowance, subsidy and incentive pay",Labour Code 45/2019/QH14 (consolidation 18/VBHN-VPQH of 12 Feb 2026) art.103; December 2025 onward,https://vanban.chinhphu.vn/?docid=217002&pageid=27160,2026-09-29,2025-12-01,,PARTIAL,Source reconciliation 2026-10-03. Integrated: Prospective effective promotion/wage source; favorable original/operative wage/premium/noncash actual delivery source.. Remaining: Full grade/allowance/subsidy/incentive conditions to actual earned/due component calculations missing. | Source-only; historical verification unchanged.,,,,
VN-LC104-01,VN,bonus,Bonus policy and representative consultation/publication → valid promised bonus and payroll classification,Labour Code 45/2019/QH14 (consolidation 18/VBHN-VPQH of 12 Feb 2026) art.104; whole scope,https://vanban.chinhphu.vn/?docid=217002&pageid=27160,2026-09-30,2025-12-01,,VERIFIED,"Probe VN-LC104-01-1 (restored 2026-09-30, passing 2026-10-01): a 20,000,000 Tết bonus with the March 2026 salary is PIT income of the month paid (1,740,000) and outside SI/HI/UI and the union base. The published regulation and representative consultation remain a recorded sourced exclusion (employer conduct, evidence NONE).",adhoc_catalogue:BONUS,"Vietnam — a Tết bonus is salary income of the month paid, outside the insurance salary and the union fund",VN-LC104-01-1,2026-10-01
VN-LC104-02,VN,bonus,"Private employer and no contract, collective or regulation term → **sourced exclusion**: no statutory 13th-month or Tet bonus; bonuses are discretionary under an employer regulation published after consulting the worker representative",Labour Code 45/2019/QH14 (Official Gazette 993+994) art.104; whole scope,https://congbaocdn.chinhphu.vn/CongBaoCP/VanBan/2019/11/30232/29070-1-2019993-99445-2019-qh14.pdf,2026-09-29,2025-12-01,,NOT-APPLICABLE,"The exclusion is recorded, but a contract or collective term that makes a bonus binding is not a saved dated input. The Decree 161/2026 public-sector bonus fund was not verified and is outside private scope. Closure case: Private employer without and with a contractual Tet bonus. (Register status 2026-09-29: No [IN-SYSTEM 2026-09-29].)",,,,
VN-LC105-01,VN,hours,Dated **daily** normal-hours arrangement and roster → at most 8 hours/day and 48/week,Labour Code 45/2019/QH14 (consolidation 18/VBHN-VPQH of 12 Feb 2026) art.105(1)–(2); whole scope,https://congbaocdn.chinhphu.vn/CongBaoCP/VanBan/2019/11/30232/29070-1-2019993-99445-2019-qh14.pdf,2026-10-02,2025-12-01,,IMPLEMENTED,Actual daily/weekly arrangement and notification source controls8/10normal hours; weekly NORMAL_HOURS48 limit now declared in all versions and enforced over complete actual dated work/roster compliance weeks. Contractual favorable shorter normal hours retained. Source implemented; historical verification unchanged.,seed/jurisdiction/VN/jurisdiction_settings.json#work_rules.limits.weekly_normal_hours; src/lib/payroll/work.ts; src/lib/datatypes/work_rules.ts,Vietnam — art.105 selects eight daily or ten weekly normal hours in every version; Vietnam — art.105 weekly ten-hour day prices only hour eleven at 150 percent,VN-LC98-02-1; VN-SI-05-1; VN-LC105-01-1,2026-10-02
VN-LC105-02,VN,hours,"Dated **weekly** arrangement and roster → at most 10 normal hours/day and 48/week, then overtime",Labour Code 45/2019/QH14 (consolidation 18/VBHN-VPQH of 12 Feb 2026) art.105(2); whole scope,https://congbaocdn.chinhphu.vn/CongBaoCP/VanBan/2019/11/30232/29070-1-2019993-99445-2019-qh14.pdf,2026-10-02,2025-12-01,,TESTED,"Four live versions declare DAILY/WEEKLY terms, dated notification and the 8/10-hour normal boundary. Two hand-computed goldens pass (parent verification 2026-10-02, parallel-event-vn-tests.log): every-version selection and a four-day ten-hour week at VND100,000/hour with only hour eleven paid at 150% (VND150,000). New saved-path case VN-LC105-02-1 awaits verification. Remaining: actual 49-hour roster-week refusal, changed arrangement terms, notification delivery evidence and art.107 variable-day overtime ceilings. The fixed four-hour daily overtime ceiling is not asserted as correct for a weekly arrangement. [2026-10-02] Dedicated DAILY and WEEKLY production-path probes passed on artifact 8cfb777956fc, including saved arrangement/notification facts, late-notification and 49 contractual-hour refusals, and saved overtime/net amounts. Remaining actual roster-week, delivery and changed-terms branches are unchanged.",terms_facts:normal_hours_arrangement; terms_facts:normal_hours_notified_on; work_rules.normal_hours; checks:NORMAL_WEEK_OVER_48_HOURS; checks:NORMAL_HOURS_NOTIFICATION_REQUIRED,Vietnam — art.105 selects eight daily or ten weekly normal hours in every version; Vietnam — art.105 weekly ten-hour day prices only hour eleven at 150 percent,VN-LC105-02-1,2026-10-02
VN-LC105-03,VN,hours,Notify worker of the selected arrangement before applying it,Labour Code 45/2019/QH14 (consolidation 18/VBHN-VPQH of 12 Feb 2026) art.105(2); whole scope,https://congbaocdn.chinhphu.vn/CongBaoCP/VanBan/2019/11/30232/29070-1-2019993-99445-2019-qh14.pdf,2026-10-02,2025-12-01,,EXTERNAL,"All four versions capture normal_hours_notified_on for an explicit DAILY/WEEKLY arrangement; NORMAL_HOURS_NOTIFICATION_REQUIRED at TERMS_CHANGE compares it against check.date (the terms effective start), refusing a missing or later date. The notification-date golden passed parent serial verification; daily/weekly saved-path refusal probes await verification. A recorded date does not establish notification delivery; that employer duty remains external. Unrecorded arrangement defaults to DAILY. [2026-10-02] Dedicated DAILY and WEEKLY production-path probes passed on artifact 8cfb777956fc, including saved arrangement/notification facts, late-notification and 49 contractual-hour refusals, and saved overtime/net amounts. Remaining actual roster-week, delivery and changed-terms branches are unchanged.",terms_facts:normal_hours_arrangement; terms_facts:normal_hours_notified_on; work_rules.normal_hours; checks:NORMAL_WEEK_OVER_48_HOURS; checks:NORMAL_HOURS_NOTIFICATION_REQUIRED,Vietnam — art.105 notification date cannot follow the terms effective date,VN-LC105-01-1,2026-10-02
VN-LC106-01,VN,hours,"Night window, overtime consent/limits, 200/300-hour category, breaks and weekly rest → correct work limits and premium",Labour Code 45/2019/QH14 (consolidation 18/VBHN-VPQH of 12 Feb 2026) arts.106–110; whole scope,https://vanban.chinhphu.vn/?docid=217002&pageid=27160,2026-09-29,2025-12-01,,PARTIAL,"Actual night22–06/premiums, daily/month/year work limits, breaks/rest and dated prior overtime/holiday consent now consume original recorded work. Missing/exceeded approved plan and missing prior consent are findings; actual owed premium wages are preserved (work_rules.overtime_consent.unplanned_work=FINDING). Remaining: original Art108 competent order/category/worker-risk key-scoped dossier qualification; original industry-specific special limit/exemption and complete statutory rest-source combinations. A bare emergency claim never grants an exception. Source-only; historical evidence retained.",work_rules.breaks; work_rules.limits:weekly_rest; facts:rest_averaged_monthly,"Vietnam — a night hour of rest-day work adds 20% of the rest-day wage (art.98(3)), a night shift owes 45 minutes (art.109(1)), and the statutory holiday on the rest day is 300% (art.98(1)(c))",VN-LC98-02-1; VN-LC98-03-1,2026-09-29
VN-LC107-01,VN,overtime,"Daily arrangement, day type, monthly and annual OT hours, sector and worker consent → OT at most 50% of normal daily hours; normal plus OT at most 12h/day (weekly arrangement or part-time); at most 12h OT on a holiday/rest day; **40h/month**; **200h/year**, or **300h** in art.107(3)/Decree 145/2020/ND-CP art.61 sectors with consent and notice to the provincial labour authority within **15 days** on **Form 02/PLIV**; certain art.58 hours excluded from the totals (art.60(5))",Labour Code 45/2019/QH14 (Official Gazette 993+994) art.107(2)–(3) and Decree 145/2020/ND-CP (Official Gazette 1203+1204) arts.59–62; whole scope,https://congbaocdn.chinhphu.vn/CongBaoCP/VanBan/2019/11/30232/29070-1-2019993-99445-2019-qh14.pdf,2026-09-30,2025-12-01,,PARTIAL,"Actual night22–06/premiums, daily/month/year work limits, breaks/rest and dated prior overtime/holiday consent now consume original recorded work. Missing/exceeded approved plan and missing prior consent are findings; actual owed premium wages are preserved (work_rules.overtime_consent.unplanned_work=FINDING). Remaining: original Art108 competent order/category/worker-risk key-scoped dossier qualification; original industry-specific special limit/exemption and complete statutory rest-source combinations. A bare emergency claim never grants an exception. Source-only; historical evidence retained.","work_rules.limits:daily_ot,monthly_ot,yearly_ot,yearly_ot_sector; facts:overtime_300h_sector; obligations:OVERTIME_CONSENT_AND_LIMITS; work_rules.overtime_unit_hours",Vietnam round 3 I — art.107(1): rest-day and holiday hours enter the 40-hour month,VN-LC98-02-1; VN-LC107-01-1,2026-09-29
VN-LC111-01,VN,rest_holiday,"Calendar, locality and scheduled rest → paid weekly rest and public holidays/substitution",Labour Code 45/2019/QH14 (consolidation 18/VBHN-VPQH of 12 Feb 2026) arts.111–112; whole scope,https://vanban.chinhphu.vn/?docid=217002&pageid=27160,2026-09-29,2025-12-01,,PARTIAL,"Actual PUBLIC precedence and explicit weekly-rest substitution consume paired original holiday/rest/next-WORK roster sources; OFF/holidays/assigned successors are skipped, missing projected roster refuses. Four statutory annual fixed dates retain law provenance and occurrence-aware source windows. Native original Tet/adjacent NationalDay/HungKing qualifications now have explicit substitution flag, immutable owned dossier/file/editor and payroll requalification. Remaining: complete original annual domestic decision/coincidence and closed/pending successor plus paid weekly-rest classification across all supported wage/source combinations. Historical evidence preserved; implementation unverified.","work_rules.holiday_rest_precedence; leave_catalogue:PUBLIC_HOLIDAY,PUBLIC_HOLIDAY_IN_LIEU","Vietnam — a holiday on the rest day is the holiday, its substitute Monday the rest day (Decree 145/2020 art.55(3))",VN-LC98-02-1; VN-LC111-01-1,2026-09-29
VN-LC112-01,VN,rest_holiday,Worker nationality and the Prime Minister's annual holiday decision → 11 paid holiday days; a foreign worker also gets **1** traditional New Year day and **1** national day of their own country; Tet (5 days) and National Day (2 September plus one adjacent day) dates come from the annual decision,Labour Code 45/2019/QH14 (Official Gazette 993+994) art.112(1)–(3); whole scope,https://congbaocdn.chinhphu.vn/CongBaoCP/VanBan/2019/11/30232/29070-1-2019993-99445-2019-qh14.pdf,2026-09-29,2025-12-01,,PARTIAL,"Actual person-bound traditional NewYear/national-day PUBLIC salary roles bind original nationality/passport-or-citizenship evidence, dates/year/publication and immutable source identity. Original owned physical dossier/hash/bytes/observation is admitted by native person_facts and requalified in payroll/world and leave factsOn; no duplicate paid leave pool or encashment. Remaining: source-qualified disposition when foreign roles or another public holiday coincide, and complete original annual domestic holiday decision scope; no substitute date or duplicate salary inferred. Historical verification preserved; implementation unverified.","leave_catalogue:PUBLIC_HOLIDAY,FOREIGN_NATIONAL_LEAVE",,VN-LC112-01-1,2026-09-29
VN-LC113-01,VN,leave,"Worker/job class, service segments, disability and prior years → 12/14/16-day annual entitlement plus seniority and unused-leave pay",Labour Code 45/2019/QH14 (consolidation 18/VBHN-VPQH of 12 Feb 2026) arts.113–114; whole scope,https://vanban.chinhphu.vn/?docid=217002&pageid=27160,2026-09-29,2025-12-01,,PARTIAL,Actual dated official job/disability/identity and same-employer/qualified prior-service source captures now govern12/14/16 plus5year increments; original monthly counted-service book and partial-year numerator/divisor admitted. Remaining: complete original service nonoverlap/State-transition and native unified public calendar source coupling audit; declarations alone do not establish external qualification. Source-only; historical evidence retained.,leave_catalogue:ANNUAL_LEAVE; payroll.vocabularies.work_classification,"Vietnam — the annual-leave cohorts, the seniority ladder and the SI sick bands",VN-LC46-02-1,2026-09-29
VN-LC113-02,VN,leave,"Months worked, counted service and travel → partial-year leave = (entitlement + seniority days) / 12 × months worked; a part month counts if working plus paid-leave days are at least **50%** of its normal days; leave may be split or combined up to **3 years**; road/rail/water travel over 2 days adds travel days from day 3, once a year. Art.65 counts agreed unpaid leave up to 1 month/year, sickness up to 2 months/year, work injury up to 6 months, all maternity, retained probation/apprenticeship and stoppage not the worker's fault","Labour Code 45/2019/QH14 (Official Gazette 993+994) art.113(2),(4),(6) and Decree 145/2020/ND-CP (Official Gazette 1203+1204) arts.65–66; whole scope",https://congbaocdn.chinhphu.vn/CongBaoCP/VanBan/2019/11/30232/29070-1-2019993-99445-2019-qh14.pdf,2026-09-29,2025-12-01,,PARTIAL,"Actual original monthly work/paid/count categories, nonoverlap divisor, Art65 cumulative caps and qualifying retained-service predicates now bound; actual source correction chain/observed cutoff preserved. Split-taking source and combined carry<=3sourceyears typed editor/consumer integrated. Remaining: whole original source-history/normal-calendar coupling and complete carried entitlement reconciliation. Source-only; historical evidence retained.",leave_catalogue:ANNUAL_LEAVE; leave_catalogue:ANNUAL_LEAVE.entitlement.month_counts_when; leave_catalogue:ANNUAL_LEAVE.entitlement.rounding; leave_catalogue:ANNUAL_LEAVE.entitlement.month_share_basis,"Vietnam — the annual-leave cohorts, the seniority ladder and the SI sick bands",VN-LC46-02-1; VN-LC48-01-1,2026-09-29
VN-LC113-03,VN,leave,"Leave date or exit date and contract wage history → holiday, annual and paid personal leave paid at the contract wage at the time of leave; unused annual leave paid **only** on termination or job loss, at the contract wage of the month immediately before the exit month",Labour Code 45/2019/QH14 (Official Gazette 993+994) art.113(3) and Decree 145/2020/ND-CP (Official Gazette 1203+1204) art.67(2)–(3); whole scope,https://congbaocdn.chinhphu.vn/CongBaoCP/VanBan/2019/11/30232/29070-1-2019993-99445-2019-qh14.pdf,2026-09-29,2025-12-01,,PARTIAL,Departure-only lawful statutory encashment bound to original prior-month wage retained; actual once/year road/rail/water third+ travel-day leave and actual agreed wage/fare source configured. Remaining: complete original final unused balance/wage/calendar and actual taking/roundtrip-fare payment source reconciliation. Source-only; historical evidence retained.,work_rules.encashment,VN uses May contract salary and May normal working days for a June exit,VN-LC46-02-1; VN-LC48-01-1,2026-09-29
VN-LC115-02,VN,leave,"Event and relationship → paid: own marriage **3** days, child's marriage **1**, death of a parent (own or spouse's, biological or adoptive), spouse or child **3**; unpaid: **1** day for death of a grandparent or sibling or marriage of a parent or sibling; other unpaid leave by agreement",Labour Code 45/2019/QH14 (Official Gazette 993+994) art.115(1)–(3); whole scope,https://congbaocdn.chinhphu.vn/CongBaoCP/VanBan/2019/11/30232/29070-1-2019993-99445-2019-qh14.pdf,2026-09-30,2025-12-01,,IMPLEMENTED,"Paid3/1/3 and unpaid1day exact statutory personal events now bind canonical identity, own paternal/maternal grandparents or blood siblings, civil/relationship/notification original owned-file proof; pools prevent split duplicate grant and personal leave cannot encash. Other unpaid leave binds actual worker/employer agreement original proof and requested period bounds at admission and payroll. Actual native fact_evidence editor/owned-byte capture, dated person source validation and agreed_period consumer integrated. Source-only; historical verification retained.","leave_catalogue:MARRIAGE_LEAVE,CHILD_MARRIAGE_LEAVE,BEREAVEMENT_LEAVE,BEREAVEMENT_LEAVE_UNPAID","Vietnam — the annual-leave cohorts, the seniority ladder and the SI sick bands",VN-LC115-02-1; VN-LC115-02-2,2026-09-29
VN-LC116-01,VN,hours,Special industry/work and governing ministry schedule → lawful working/rest pattern and resulting wage/leave treatment,Labour Code 45/2019/QH14 (consolidation 18/VBHN-VPQH of 12 Feb 2026) art.116; December 2025 onward,https://vanban.chinhphu.vn/?docid=217002&pageid=27160,2026-09-29,2025-12-01,,GAP,Source reconciliation 2026-10-03. Integrated: . Remaining: No integrated actual industry/ministry instrument selection and special working/rest/pay policy. | Source-only; historical verification unchanged.,,,,
VN-LC118-01,VN,other,"Headcount, internal rules, consultation, registration and proved misconduct/damage → lawful discipline or liability",Labour Code 45/2019/QH14 (consolidation 18/VBHN-VPQH of 12 Feb 2026) arts.117–129; whole scope,https://vanban.chinhphu.vn/?docid=217002&pageid=27160,2026-09-29,2025-12-01,,EXTERNAL,"Workplace-rule publication, procedure, evidence and remedy are external HR duties; a payroll deduction alone cannot satisfy them. Closure case: Effective internal rules, proper hearing and damage cap. (Register status 2026-09-29: No [EXTERNAL 2026-09-29].)",obligations:INTERNAL_LABOUR_RULES,,,
VN-LC130-01,VN,other,"Damage finding, worker complaint and workplace risk → compensation process, appeals and safety program",Labour Code 45/2019/QH14 (consolidation 18/VBHN-VPQH of 12 Feb 2026) arts.130–133; December 2025 onward,https://vanban.chinhphu.vn/?docid=217002&pageid=27160,2026-09-29,2025-12-01,,EXTERNAL,"Damage recovery and complaint handling are external legal processes; no saved decision, appeal or safety-program evidence. Closure case: Damage hearing and appeal; program/training/reporting record. (Register status 2026-09-29: No [EXTERNAL 2026-09-29].)",,,,
VN-LC134-01,VN,leave,"Pregnancy, child age, medical condition and work pattern → protected work/leave, return rights and equal-treatment duties",Labour Code 45/2019/QH14 (consolidation 18/VBHN-VPQH of 12 Feb 2026) arts.134–142; whole scope,https://vanban.chinhphu.vn/?docid=217002&pageid=27160,2026-09-29,2025-12-01,,PARTIAL,"Integrated pregnancy/maternity/nursing termination protection and maternity-return prior-wage checks; actual LC137 taken menstrual/nursing paid breaks and voluntary worked-break wage source rules now configured across all versions. Remaining: original medical work-transfer or reduction decision, qualified night/overtime restriction and complete return-to-original/equivalent-job lifecycle with protected conditions. Historical evidence preserved; implementation unverified.",,,,
VN-LC137-01,VN,hours,"Female worker in her menstrual period → 30 minutes' break a day counted as working time on full contract wage, on at least **3 working days a month** (days agreed, dates notified by the worker); nursing a child under **12 months** → 60 minutes a day on full contract wage. Break not taken and work agreed by the employer → paid **in addition** for the work done in the break (art.80(3)(c), (4)(c)); for the menstrual break that time is not overtime","Labour Code 45/2019/QH14 (Official Gazette 993+994) art.137(4) (Gazette 993+994 of 26 December 2019, p.59, text layer; 2026 consolidation not re-read for this article) and Decree 145/2020/ND-CP (Official Gazette 1203+1204) art.80(3)–(4) (Gazette 1203+1204, pp.70–72); whole scope",https://congbaocdn.chinhphu.vn/CongBaoCP/VanBan/2019/11/30232/29070-1-2019993-99445-2019-qh14.pdf,2026-09-29,2025-12-01,,IMPLEMENTED,"Actual menstrual notice/agreed≥3working-day monthly allocation and nursing birth/raising source,30/60minute standard and evidenced flexible quotas captured. Taken intervals preserve normal wage; actual voluntarily requested/employer-consented fully punched work earns additional contract-hour wage, without menstrual overtime. Native typed editor, source admission, dated payroll cash allocation and frozen actual intervals wired; missing customer notices/agreements/roster/quota/wage evidence refuse. Source implemented; verification unchanged.","seed/jurisdiction/VN/jurisdiction_settings.json#work_day_facts,work_rules.legal_paid_time_rules; src/lib/payroll/legal-paid-time.ts; src/lib/payroll/work.ts; src/data/custom_field/work_rules",,,
VN-LC145-01,VN,hours,"Age, guardian consent, occupation and hours → special minor-worker eligibility and limits",Labour Code 45/2019/QH14 (consolidation 18/VBHN-VPQH of 12 Feb 2026) arts.143–147; whole scope,https://vanban.chinhphu.vn/?docid=217002&pageid=27160,2026-09-29,2025-12-01,,PARTIAL,"Source reconciliation 2026-10-03. Integrated: Guardian/age/role/under13arts permission and weekly20/40,daily/night/OT checks.. Remaining: Original co-signature/permission links,sixmonth medical exams and native minor work/register/school protection lifecycle missing. | Source-only; historical verification unchanged.",checks:MINOR_UNDER_15_HOURS; checks:MINOR_15_TO_18_HOURS,,VN-LC145-01-1,2026-10-01
VN-LC148-01,VN,other,"Statutory retirement age, pension and actual role → older-worker reduced-hours, repeated fixed-term contract, pay/benefit and hazardous-work protection",Labour Code 45/2019/QH14 (consolidation 18/VBHN-VPQH of 12 Feb 2026) arts.148–149; December 2025 onward,https://vanban.chinhphu.vn/?docid=217002&pageid=27160,2026-09-29,2025-12-01,,PARTIAL,"Source reconciliation 2026-10-03. Integrated: Older fixed-term exception and actual hazardous safety source guard.. Remaining: Actual reduced-hour agreement/schedule, pension-wage continuation and full older safety lifecycle incomplete. | Source-only; historical verification unchanged.",,,,
VN-LC150-01,VN,other,"Vietnamese worker abroad or employed by a foreign entity/person in Vietnam → correct governing employment law, recruitment/management and payroll interface",Labour Code 45/2019/QH14 (consolidation 18/VBHN-VPQH of 12 Feb 2026) art.150; December 2025 onward,https://vanban.chinhphu.vn/?docid=217002&pageid=27160,2026-09-29,2025-12-01,,GAP,Source reconciliation 2026-10-03. Integrated: . Remaining: No native actual VN-abroad/foreign-employer-VN governing law/recruitment/pay interface. | Source-only; historical verification unchanged.,,,,
VN-LC151-01,VN,other,"Citizenship, permit/exemption and validity dates → foreign-worker eligibility and employer procedure",Labour Code 45/2019/QH14 (consolidation 18/VBHN-VPQH of 12 Feb 2026) arts.151–157; whole scope,https://vanban.chinhphu.vn/?docid=217002&pageid=27160,2026-09-29,2025-12-01,,EXTERNAL,"Permit scope, exemption, renewal and reporting are external HR obligations without a full saved decision/evidence path. Closure case: Permitted, exempt and expired permit cases. (Register status 2026-09-29: No [EXTERNAL 2026-09-29].)",obligations:FOREIGN_WORK_PERMIT,,,
VN-LC151-02,VN,other,"Foreign worker, permit/exemption application and dates → current work-permit procedure, validity and exemption under Decree 219/2025/ND-CP, replacing the foreign-worker provisions of Decrees 152/2020 and 70/2023",Decree 219/2025/ND-CP; from 7 August 2025,https://vanban.chinhphu.vn/?pageid=27160&docid=214840,2026-09-29,2025-08-07,,EXTERNAL,"The seed FOREIGN_WORK_PERMIT obligation cites Decree 219/2025/ND-CP, but its articles (reported merged demand explanation, provincial People's Committee competence, 10-working-day processing, wider exemptions and the predecessor repeal) were not verified in the 2026-09-28 pass. Permit dates gate art.151(2), SI coverage and PIT residency facts. Closure case: Permit issued before and after 7 August 2025, exemption and expiry. (Register status 2026-09-29: No [SOURCE 2026-09-29].) Round 3 (2026-09-28): Decree 219/2025 split from the Gazette text — ch.I arts.1–6 scope, positions, competent authority, legalisation and e-transactions; ch.II arts.7–17 exemption certificates (art.7 exempt cases); ch.III arts.18–29 permit issue, reissue and extension, art.21 term not over 2 years; ch.IV arts.30–33 revocation, art.31(1) employer returns an expired permit within 15 days with a report; ch.V art.34 transition (Decree 152/2020, 70/2023 and 128/2025 permits run to expiry), art.35 effective 7 August 2025 replacing the Decree 152/2020 foreign-worker content, art.36 authority duties. Employer-actor duties: arts.8–9, 18–20, 22, 24–25, 27–28, 31(1); none is a payroll calculation, and no permit-term or return record exists. Source note (Decree 219/2025): issued and effective 7 August 2025; Gazette https://congbao.chinhphu.vn/van-ban/nghi-dinh-so-219-2025-nd-cp-45798.htm.",obligations:FOREIGN_WORK_PERMIT,,,
VN-LC154-01,VN,other,High-quality digital-technology worker and statutory qualification → correct work-permit exemption decision,"Labour Code 45/2019/QH14 (consolidation 18/VBHN-VPQH of 12 Feb 2026) art.154(8a), inserted by Digital Technology Industry Law 71/2025/QH15 art.49(4) from January 2026",https://vanban.chinhphu.vn/?docid=217002&pageid=27160,2026-09-29,2026-01-01,,EXTERNAL,"The exemption was added to the 2026 consolidated Code; no dated worker qualification, exemption evidence or saved legal decision is mapped. Closure case: Qualified and unqualified foreign specialist at 31 December/1 January. (Register status 2026-09-29: No [IN-SYSTEM 2026-09-29].)",obligations:FOREIGN_WORK_PERMIT,,,
VN-LC158-01,VN,other,"Disability, domestic work, special sector or home-based work → special contract, pay, safety and equal-treatment obligations",Labour Code 45/2019/QH14 (consolidation 18/VBHN-VPQH of 12 Feb 2026) arts.158–167; December 2025 onward,https://vanban.chinhphu.vn/?docid=217002&pageid=27160,2026-09-29,2025-12-01,,PARTIAL,Source reconciliation 2026-10-03. Integrated: Disability night/OT/hazard informed consent and domestic15day notice source.. Remaining: Complete disabled/domestic/home-based/special contract/pay/safety/equal-treatment lifecycle missing. | Source-only; historical verification unchanged.,,,,
VN-LC168-01,VN,contribution,"SI-benefit leave or lawful exclusion from SI/HI/UI and employer-equivalent contributions → no duplicate salary during benefit leave, or cash supplement with wages for non-covered worker",Labour Code 45/2019/QH14 (consolidation 18/VBHN-VPQH of 12 Feb 2026) art.168(2)–(3); December 2025 onward,https://vanban.chinhphu.vn/?docid=217002&pageid=27160,2026-09-30,2025-12-01,,PARTIAL,"Source reconciliation 2026-10-03. Integrated: INSURANCE_EQUIVALENT owed payroll rows preserve separate scheme exclusions and pension HI treatment, actual signing-age/treaty/source facts and UI-only excluded citizen equivalent; native insured leave employer/fund wage allocation prevents assumed duplicate wages.. Remaining: Complete source-bound scheme-by-scheme equivalent for all lawful exclusions/mixed actual contracts and first-contract priority; preserve actual salaried/nonsalaried manager/training distinction.; Bind actual equivalent wage-payment timing and prior equivalent payments; no automatic collection/remittance or fund liability from a generic exclusion label. | Source-only; historical verification unchanged.",allowance_catalogue:INSURANCE_EQUIVALENT; obligations:INSURANCE_EQUIVALENT_PAYMENT,"Vietnam — 2026-09: a pensioner aged 63 is owed SI and UI equivalents, not HI (Labour Code art.168(3); HI Law art.12(2)(a), 13(5)(d); Law 41/2024 art.2(7)(a)); Vietnam — a worker on a probation contract is outside UI from 2026 (Law 74/2025 art.31(2))",VN-LC168-01-1; VN-LC168-01-2; VN-LC169-02-1; VN-UNION-01-2,2026-09-29
VN-LC169-02,VN,other,"Sex and date of birth → normal retirement age: men 60y3m in 2021 rising 3 months/year to **62** (2028); women 55y4m rising 4 months/year to **60** (2035); 2025: men 61y3m, women 56y8m; 2026: men 61y6m, women 57y0m. Early retirement up to 5 years younger in qualifying cases; later retirement by agreement",Labour Code 45/2019/QH14 (consolidation 18/VBHN-VPQH of 12 Feb 2026) art.169 and Decree 135/2020/ND-CP art.4; whole scope,https://datafiles.chinhphu.vn/cpp/files/vbpq/2020/11/135.signed.pdf,2026-09-30,2025-12-01,,PARTIAL,"Normal sex/date retirement schedule retained. Four dated work_rules.retirement_qualification policies now consume actual approved employee DOB, saved contract, owned original immutable scalar assessment/reference bundle and later signed agreement; D135 four quantified early classes and high-qualification/special later classes use5year bounds with actual month-end leap boundaries. Native offboarding source/file/reference editor and qualified/planned/recorded findings are integrated. Remaining: authentic year-only/missing DOB precision and separately qualified other-law pension/special-authority routes; no age-only pension entitlement or inferred retirement completion. Source-only; historical evidence retained.","statutory_contributions:SI,HI,UI (retirement-age eligibility)",VN — a foreign hire is outside insurance by the retirement age of the year the contract was signed (Law 41/2024 art.2(2)(b); Decree 135/2020 art.4),VN-LC169-02-1,
VN-LC179-01,VN,other,"Individual/collective dispute, strike validity and participation → grievance process, no-retaliation duty, stopped-work or strike pay under art.207",Labour Code 45/2019/QH14 (consolidation 18/VBHN-VPQH of 12 Feb 2026) arts.179–211; December 2025 onward,https://vanban.chinhphu.vn/?docid=217002&pageid=27160,2026-09-29,2025-12-01,,PARTIAL,"Source reconciliation 2026-10-03. Integrated: Strike participant unpaid and nonparticipant agreed/minimum stoppage pay source.. Remaining: Lawful dispute/strike finding, grievance/conciliation/arbitration/court/nonretaliation outcomes lifecycle absent. | Source-only; historical verification unchanged.",,,,
VN-LC212-01,VN,other,"Employer size and labour inspection or enforcement notice → cooperation, records, applicable procedure relief and remedies",Labour Code 45/2019/QH14 (consolidation 18/VBHN-VPQH of 12 Feb 2026) arts.212–220; December 2025 onward,https://vanban.chinhphu.vn/?docid=217002&pageid=27160,2026-09-29,2025-12-01,,EXTERNAL,Inspectorate response and art.218 under-10-worker procedure exemptions are external HR duties; applicable regulations and evidence are not linked. Closure case: Nine/ten-worker cases and a dated inspection finding. (Register status 2026-09-29: No [EXTERNAL 2026-09-29].),,,,
VN-PRORATE-01,VN,proration,"Joiner/leaver days and the contract or internal wage rule → **sourced exclusion**: no statute fixes a monthly-salary proration divisor (calendar days, working days or 26); the divisor is a dated contractual input, checked against the OT hourly base, the minimum-wage comparison (daily wage × normal working days) and the SI unpaid-month rule (no SI for a month with 14 or more unpaid working days)","Decree 145/2020/ND-CP (Official Gazette 1203+1204) art.55(1)(a), Decree 293/2025/ND-CP art.4 and Social Insurance Law 41/2024/QH15 arts.33(5),34(3); whole scope",https://congbaocdn.chinhphu.vn/CongBaoCP/VanBan/2020/12/32732/33806-1-20201203-1204145-2020-nd-cp.pdf,2026-09-29,2025-12-01,,PARTIAL,Source reconciliation 2026-10-03. Integrated: Contractual WORKING_DAYS actual period/OT conversion; no fixed26day statute default.. Remaining: Actual signed dated proration rule admission and consistent OT/minimum/14actualunpaidday insurance clocks not proved by contractual=true. | Source-only; historical verification unchanged.,work_rules.proration; work_rules.proration_contractual; work_rules.ordinary_divisor_days,"VN-PRORATE-01 — the default divisor is the period’s normal working days (22,000,000 × 10 ÷ 22)",VN-PRORATE-01-1; VN-LC90-01-1; VN-LC46-02-1; VN-PRORATE-01-2,2026-09-29
VN-MW74-01,VN,minimum_wage,"Covered contract, actual locality, pay unit and normal schedule → 2025 regional monthly/hourly floor",Decree 74/2024/ND-CP arts.1–4; December 2025,https://vanban.chinhphu.vn/?pageid=27160&docid=210536,2026-09-29,2025-12-01,2025-12-31,PARTIAL,"Source reconciliation 2026-10-03. Integrated: Dated2025D74 rates, actual lawful relation/worksite/cadence, weekly/daily alternatives/parttime/job floors.. Remaining: Covered product/task actual normal-time quota/result floor missing; block_below_when excludes PIECE/TASK. | Source-only; historical verification unchanged.",work_rules.wages.by_region; work_rules.wages.hourly_by_region; work_rules.wages.protected_prior_floor,VN audit — the regional minimum wage tables are the decrees’ own,VN-PIT-01-1; VN-MW74-01-1; VN-MW74-01-2; VN-MW74-01-3; VN-MW74-01-4; VN-MW74-01-5; VN-MW74-01-6,2026-09-29
VN-MW293-01,VN,minimum_wage,Contracted worker and covered employer → floor applicability,Decree 293/2025/ND-CP arts.1–2; from January 2026,https://vanban.chinhphu.vn/?docid=215832&pageid=27160,2026-09-29,2026-01-01,,IMPLEMENTED,Source reconciliation 2026-10-03. Integrated: Actual INDEFINITE/FIXED_TERM scope independent INTERN; genuine/disguised/completed training and payslip source guards; probation separate.. Remaining: No implementation residual identified in stated scope; behavioral verification pending. | Source-only; historical verification unchanged.,work_rules.wages.applies_when,,,
VN-MW293-02,VN,minimum_wage,Actual locality/date → one of four monthly/hourly regional rate pairs,"Decree 293/2025/ND-CP art.3(1)–(2), annex; from January 2026",https://vanban.chinhphu.vn/?docid=215832&pageid=27160,2026-09-29,2026-01-01,,IMPLEMENTED,Source reconciliation 2026-10-03. Integrated: Dated2026 monthly5310000/4730000/4140000/3700000 and hourly25500/22700/20000/17800 actual selected region consumed by native floor.. Remaining: No implementation residual identified in stated scope; behavioral verification pending. | Source-only; historical verification unchanged.,work_rules.wages.by_region; work_rules.wages.hourly_by_region; work_rules.wages.protected_prior_floor,VN audit — the regional minimum wage tables are the decrees’ own,VN-MW293-04-1; VN-MW293-02-1; VN-MW293-02-2; VN-MW293-02-3; VN-MW293-02-4,2026-09-29
VN-MW293-03,VN,minimum_wage,"Operating branch, spanning zone, renamed/split/merged predecessor locality → correct region",Decree 293/2025/ND-CP art.3(3); from January 2026,https://vanban.chinhphu.vn/?docid=215832&pageid=27160,2026-09-29,2026-01-01,,IMPLEMENTED,"Source reconciliation 2026-10-03. Integrated: Native actual dated nonoverlapping worksite revisions/source class for branch,spanningzone,renamed/split/merged predecessor and payroll binding.. Remaining: No implementation residual identified in stated scope; behavioral verification pending. | Source-only; historical verification unchanged.",,,,
VN-MW293-04,VN,minimum_wage,Covered monthly/hourly wage and normal hours → payment at or above matching floor,Decree 293/2025/ND-CP art.4(1)–(2); from January 2026,https://vanban.chinhphu.vn/?docid=215832&pageid=27160,2026-09-29,2026-01-01,,IMPLEMENTED,Source reconciliation 2026-10-03. Integrated: Actual monthly/hourly unit floor; parttime whole-source-month normal hours dated evidence and wage floor consumer.. Remaining: No implementation residual identified in stated scope; behavioral verification pending. | Source-only; historical verification unchanged.,work_rules.wages.block_below_when,"VN January hourly and weekly under-floor contracts refuse, and exact floors settle",VN-MW293-04-1; VN-MW293-04-2; VN-MW293-04-3; VN-MW293-02-1,2026-09-29
VN-MW293-05,VN,minimum_wage,"Weekly, daily, product or task wage and normal time → monthly **or** hourly comparison",Decree 293/2025/ND-CP art.4(3); from January 2026,https://vanban.chinhphu.vn/?docid=215832&pageid=27160,2026-09-30,2026-01-01,,PARTIAL,Source reconciliation 2026-10-03. Integrated: Weekly52/12 and daily actual-period monthly OR hourly normal-time alternatives.. Remaining: Product/task result normal-time source floor absent; block_below_when excludes PIECE/TASK. | Source-only; historical verification unchanged.,work_rules.wages.weekly_daily_hourly_alternative; work_rules.wages.weekly_monthly_factor; work_rules.rate_conversions,VN daily wage can satisfy the hourly floor while below the monthly conversion,VN-MW293-05-1,
VN-MW293-06,VN,minimum_wage,"Date and predecessor instrument → 2025/2026 law selection, including repealed locality rules",Decree 293/2025/ND-CP art.5(1)–(3); January 2026 transition,https://vanban.chinhphu.vn/?docid=215832&pageid=27160,2026-09-29,2026-01-01,,IMPLEMENTED,"Source reconciliation 2026-10-03. Integrated: Half-open sealed2025D74→1Jan2026D293 versions, preserved through later version splits.. Remaining: No implementation residual identified in stated scope; behavioral verification pending. | Source-only; historical verification unchanged.",work_rules.wages (version boundary 2026-01-01),VN December 2025 daily hourly boundary uses the earlier decree,VN-PIT-01-1; VN-MW74-01-5; VN-MW74-01-6; VN-MW293-04-2; VN-MW293-04-3,2026-09-29
VN-MW293-07,VN,minimum_wage,"Existing contract/collective terms → retain more favourable wage, overtime, night and in-kind terms",Decree 293/2025/ND-CP art.5(4); from January 2026,https://vanban.chinhphu.vn/?docid=215832&pageid=27160,2026-09-29,2026-01-01,,IMPLEMENTED,Source reconciliation 2026-10-03. Integrated: Required actual NONE/PRESERVE/OTHER_AGREEMENT files; original/operative floor/unit/factor/consent/date preserved; greater favorable OT/night and real noncash item/due/delivered period proof at payslip.. Remaining: No implementation residual identified in stated scope; behavioral verification pending. | Source-only; historical verification unchanged.,,,,
VN-MW293-08,VN,minimum_wage,Pre-2026 hire and qualifying downward _locality_ reclassification → protected 31 December 2025 floor,Decree 293/2025/ND-CP art.5(5); from January 2026 until replacement rule,https://vanban.chinhphu.vn/?docid=215832&pageid=27160,2026-09-30,2026-01-01,,IMPLEMENTED,Source reconciliation 2026-10-03. Integrated: Actual incumbent pre2026/sameworksite downward source prior region selects protected31Dec2025 floor;2026hire excluded; ordinary-job protection retained.. Remaining: No implementation residual identified in stated scope; behavioral verification pending. | Source-only; historical verification unchanged.,work_rules.wages.protected_prior_floor; terms_facts:prior_floor_region; terms_facts:prior_floor_reclassified,"VN incumbent retains a higher 2025 hourly floor, while a January hire uses the new floor",VN-MW293-04-1; VN-MW293-08-1; VN-MW293-08-2,2026-09-29
VN-PIT-01,VN,tax,"Residency, income class, exempt amounts, deductions and remuneration → monthly withholding and annual settlement",PIT Law 04/2007/QH12; December 2025,https://vanban.chinhphu.vn/?classid=1&docid=51258&pageid=27160&typegroupid=3,2026-09-29,2025-12-01,2025-12-31,PARTIAL,Original2025 current-qualified-form ordinary payer/dependent/same-payer/premium sources and immutable native recipient cash are integrated; original seven bands and deductions preserved. Remaining: pre-July2026 TT80 original filing/import; complete special-income/exclusion/source classes and actual ordinary per-occasion tax/report/remittance workflow beyond certified cash. Source implementation only; historical verification preserved.,statutory_contributions:PIT,"Vietnam — the December 2025 version, and the regional cap that moves off it",VN-PIT-01-1; VN-PIT-01-2,2026-09-29
VN-PIT-02,VN,tax,"2026 wages, deductions, ladder and finalization → apply 2026 resident-salary rules for the tax year, despite the general 1 July commencement",PIT Law 109/2025/QH15 art.29 and Decree 253/2026/ND-CP; **resident salary tax year 2026**,https://vanban.chinhphu.vn/?classid=1&docid=216495&pageid=27160,2026-09-29,2026-01-01,,PARTIAL,"Current2026 ordinary annual sources, native original cash, qualified accepted-authority corrections, exact recipient/agency journals and whole vouchers are integrated. Remaining: complete special-income/source/residence combinations and cross-family mixed original voucher purposes; whole provision is broader than the supported ordinary source branches. Source implementation only; historical verification preserved.",statutory_contributions:PIT,Vietnam — monthly PIT withholding on the 1 January 2026 scale,VN-SI-05-1; VN-SI-05-6; VN-SI-05-7,2026-09-29
VN-PIT-03,VN,tax,"Nonresident/short-term pay, exemptions and finalization → correct rate, deductions and payment/reporting","PIT Law 04/2007/QH12 art.26 and Circular 111/2013/TT-BTC art.18(1) (to 30 June 2026); PIT Law 109/2025/QH15 art.21 from 1 July 2026 (art.29(1)), with stated tax-year exceptions (art.29(2) brings forward only the resident salary rules)",https://vanban.chinhphu.vn/?classid=1&docid=216495&pageid=27160,2026-09-30,2026-07-01,,PARTIAL,"Source reconciliation 2026-10-03. Integrated: Existing primary source prerequisite; see exact residual.. Remaining: Nonordinary/short-term actual per-occasion tax assessment, original remittance/form lifecycle and departure/full residence qualification beyond existing rate and certified source capture. | Source-only; historical verification unchanged.",statutory_contributions:PIT,"Vietnam — a dependant deducts 6,200,000 a month, and a non-resident is withheld at 20%",VN-PIT-03-1; VN-PIT-03-2; VN-PIT-01-2,2026-09-29
VN-PIT-04,VN,tax,Prior payer income/tax under an authorized same-system transfer → annual settlement without importing unrelated wages by default,PIT Law 109/2025/QH15 and PIT Law 04/2007/QH12; whole scope,https://vanban.chinhphu.vn/?classid=1&docid=216495&pageid=27160,2026-09-29,2025-12-01,,PARTIAL,"Actual ordinary prior-payer and same-legal-payer receipt/allocation consumers, dependent-payer capture, original premium tax partitions and native recipient correction sources are integrated. Remaining: nonordinary/split/foreign-currency original prior-payer source classes and pre-July2026 original filing imports; missing original client receipts remain distinct input blockers. Source implementation only; historical verification preserved.",statutory_contributions:PIT (opening history),,,
VN-PIT-05,VN,tax,Five annual/monthly marginal brackets and personal/dependant deductions → resident withholding and annual liability,"PIT Law 109/2025/QH15, Resolution 110/2025/UBTVQH15 and Decree 253/2026/ND-CP; resident salary from tax year 2026",https://vanban.chinhphu.vn/?classid=1&docid=216495&pageid=27160,2026-09-29,2026-01-01,,PARTIAL,Source reconciliation 2026-10-03. Integrated: Existing primary source prerequisite; see exact residual.. Remaining: Complete dependant-class/other claimant/all-source eligibility and source-month combinations; full annual correction workflow beyond ordinary liability. | Source-only; historical verification unchanged.,statutory_contributions:PIT,"VN audit — the 2026 monthly PIT table at the 60,000,000 and 100,000,000 rung edges (Law 109/2025 art.9)",VN-SI-05-2; VN-MW293-02-1; VN-MW74-01-1,2026-09-29
VN-PIT-06,VN,tax,"No contract or contract under three months, payment per occasion and permitted commitment → 10% withholding when the statutory threshold applies","Decree 253/2026/ND-CP art.50; from July 2026, with its 2026 tax-year interaction",https://congbao.chinhphu.vn/van-ban/nghi-dinh-so-253-2026-nd-cp-469959.htm,2026-09-29,2025-12-01,,PARTIAL,Source reconciliation 2026-10-03. Integrated: Existing primary source prerequisite; see exact residual.. Remaining: Actual ordinary payment-occasion threshold/commitment/native tax assessment and report/remittance lifecycle. Commitment capture/formula correction is integrated; actual whole ordinary payment lifecycle is not. | Source-only; historical verification unchanged.,payroll.payment_occasion_scheme; payment_facts:*; settlement_facts:*; statutory_contributions:PIT (payment_occasion),VN short-contract withholding prices each documented payment at the dated threshold,VN-PIT-06-1; VN-LC46-02-1; VN-PIT-06-2; VN-PIT-06-3; VN-LC48-01-1,2026-09-29
VN-PIT-07,VN,tax,Recipient genuinely earning independent business income versus employment wages → keep the delegated business-revenue threshold and 30% qualifying **business PIT** reduction separate from the salary withholding mechanism,"Law 09/2026/QH16 arts.1,5(2) and NA Resolution 43/2026/QH16 arts.1(1),2; business-income provisions operative for 2026/2027 tax years",https://congbaocdn.chinhphu.vn/180507251028987904/2026/5/27/cong-bao-so-286-639149513405530832-ngay-27-05-47205_1779843218_signed.pdf,2026-09-29,2026-01-01,,NOT-APPLICABLE,"The signed amendment changes PIT Law 109/2025/QH15 art.7(1) for resident business income, effective for tax year 2026; NA Resolution 43/2026/QH16 reduces qualifying business PIT for 2026–27. Neither is a blanket 30% reduction of employee wage PIT. Recipient legal classification, any employer withholding duty for a contractor and the delegated revenue threshold have not been dispositioned. Closure case: Same individual paid employment salary and separate business invoice; classify each source and prevent wage-rate contamination. (Register status 2026-09-29: No [IN-SYSTEM 2026-09-29].) Round 2 (2026-09-28): no new PIT law since PIT Law 109/2025; Law 09/2026 amends business income only and Resolution 43/2026 reduces business PIT, not wage PIT; nothing to seed. Source note: Law 09/2026 in Official Gazette 286 pp.45–46; Resolution 43/2026 effective 24 August 2026.Source ledger NA Resolution 43/2026/QH16: https://xaydungchinhsach.chinhphu.vn/toan-van-nghi-quyet-so-43-2026-qh16-ve-giam-thue-thu-nhap-ca-nhan-thue-thu-nhap-doanh-nghiep-119260830184758301.htm 'National Assembly Resolution 43/2026/QH16 art.1(1), 30% qualifying business-income PIT reduction for 2026 and 2027, not salary PIT; effective 24 August 2026'",,,,
VN-PIT-08,VN,tax,"Registered, qualifying dependants receive VND6.2m per month; applicable adult and student classes have the VND3m all-source average-income ceiling. The payer retains registration and supporting dossier.","Circular 87/2026/TT-BTC arts.3–4, 6; Decree 253/2026/ND-CP arts.47–48, effective 1 July 2026 with resident wage rules for tax year 2026",https://congbao.chinhphu.vn/van-ban/thong-tu-so-87-2026-tt-btc-470001.htm,2026-09-29,2026-07-01,,PARTIAL,"Original monthly dependent history contains actual class, birth/registration, all-source annual-average income, disability/study/direct-support and signed sole-claimant/payer allocation sources. Minor eligibility now compares the original claim calendar month against eighteenth-birthday month, not an earlier qualification day inside that month. Remaining: complete independently admitted class/other-claimant/all-source-income qualifications, scalar-bound original month decisions and full annual authorization combinations; capture alone is not all-source eligibility. Source-only; historical evidence retained.",statutory_contributions:PIT (eligible_dependents election),"Vietnam — July PIT uses registered eligible dependants, not the employee profile count (Decree 253/2026 arts.47–48)",VN-PIT-08-1,2026-09-29
VN-PIT-09,VN,tax,Night and overtime wages → **fully** exempt (the old law exempted only the premium above normal pay); art.49 health and education deductions are not withheld monthly,"PIT Law 109/2025/QH15 and Decree 253/2026/ND-CP arts.26,49,51(3),69; residents from tax year 2026, nonresidents from 1 July 2026",https://vanban.chinhphu.vn/?classid=1&docid=216495&pageid=27160,2026-10-03,2026-01-01,,VERIFIED,"[SAVED 2026-10-03] All named row branches proved against artifact049d: December2025 ordinary OT and night premium-only tax (PIT326800 and619000); nonresident June2026 premium-only night PIT4400000 versus July2026 full embedded night wage exemption PIT4376087; residentJuly health2m/education3m monthly deduction admission both refuse and ordinary monthly PIT stays209500. Night after daytime OT and pay beyond lawful monthly OT limit also proved; no excess exemption. Seven-case saved batch PASS16.83s, unchanged independent monetary assertions. Actual Host results and refusals retained at realm .tmp/hr-takeover/vn-night/{case}.json; terminal closure-seven-durable.log. Decree253 signedPDF p18 art26(1), pp56–57 art69(1)(a)/70(2) andp39 art51(3) read2026-10-03; full night wage exemption for resident taxyear2026 and nonresident fromJuly2026. Earlier pre-July filed returns retain adjustment atannualfinalisation underart70(2). Source-repaired differentialoracle and originalbytearchive are separate evidence; fifteen adapter scenarios remain pending and are not a condition orclaimed proof of this row closure.",statutory_contributions:PIT,VN-PIT-09 — the December 2025 OT exemption is premium-only; from the 2026 tax year the whole OT wage is outside PIT,VN-PIT-09-1; VN-PIT-09-2; VN-PIT-09-3; VN-PIT-09-4; VN-PIT-09-5; VN-LC107-01-1; VN-LC98-02-1,2026-10-03
VN-PIT-10,VN,tax,"Dated voluntary-pension (and, from 2026, supplementary pension and life insurance) premiums → deducted as paid up to **VND1,000,000 a month** (December 2025, pension products only) or **VND3,000,000 a month** in total, employer and employee shares together (from January 2026)","Circular 111/2013/TT-BTC art.9(2)(b) as replaced by Circular 92/2015/TT-BTC art.15 (December 2025); Decree 253/2026/ND-CP art.46(2)(a) with art.69(1)(a) (tax year 2026, all four 2026 versions)",https://congbaocdn.chinhphu.vn/CongBaoCP/VanBan/2013/8/7822/4293-1-2013563-564-1112013tt-btcpdf,2026-09-29,2025-12-01,,PARTIAL,"Monthly premium capture/cap plus exact provider-share allocation, original currency, competent dispositions, complete vouchers, single/multi-share restatements, actual insurer repayments and annual original salary/premium tax partition consumers are integrated. Remaining: changed provider/product/payer/member or tax-profile transitions and additional different-funder/partial-group sources; actual original receipts/competent decisions remain required, not inferred. Source implementation only; historical verification preserved.",statutory_contributions:PIT (VOLUNTARY_PENSION annual_exempt),"Vietnam — the 3,000,000 voluntary pension cap reaches back to January 2026 under the pre-July versions (Decree 253/2026 art.46(2)(a), art.69(1)(a))",VN-PIT-08-1; VN-PIT-01-1,2026-09-29
VN-PIT-11,VN,tax,"Pay for untaken annual leave → exempt within the conditions and rate of Labour Code 45/2019/QH14 (consolidation 18/VBHN-VPQH of 12 Feb 2026) art.113(3) (payment on leaving the job, at the Decree 145/2020/ND-CP art.67(3) day rate); any excess is taxable. December 2025 (PIT Law 04/2007/QH12, Circular 111/2013/TT-BTC): no such exemption, the pay is taxed",PIT Law 109/2025/QH15 art.4(8) (signed text p.4); Decree 253/2026/ND-CP art.26(2)–(3) (Gazette 402) with art.69(1)(a); residents from tax year 2026,https://vanban.chinhphu.vn/?classid=1&docid=216495&pageid=27160,2026-09-29,2026-01-01,,PARTIAL,"Original wholly unpaid documented employer-excess salary now has explicit REGULAR_WAGE category and exact native immutable ADHOC component partition/tranche/source-tax gross/net/currency allocations, including unpaid LEGACY-to-EVENT_LEDGER admission; known paid partitions unchanged. Original2025 taxable and2026 lawful final-exit exemption seed retained. Remaining: original native lawful ENCASHMENT taxable/exempt partition producer and actual component cash consumer; no whole-event tax ratio or inferred exemption. Source-only; historical evidence retained.",statutory_contributions:PIT (ENCASHMENT base),"Vietnam — a mid-month leaver: final pay on working days, unused leave at the prior month’s wage, exempt for a resident and taxed at 20% for a non-resident before July 2026",VN-LC46-02-1,2026-09-29
VN-PITFILE-01,VN,filing,"Payer, wage PIT withheld and eligibility for quarterly VAT filing → use the then-operative monthly or quarterly salary PIT return and deadline; a pre-July tax-period return retains the **pre-July form even if filed after 1 July**","PIT Law 04/2007/QH12, Tax Administration Law 38/2019/QH14, Decree 126/2020 and Circular 89/2026/TT-BTC art.100(1); 1 December 2025–30 June 2026 tax periods",https://vanban.chinhphu.vn/?classid=1&docid=51258&pageid=27160&typegroupid=3,2026-09-29,2025-12-01,2026-06-30,EXTERNAL-RECORDED,"Configured 2026-10-01 (phase 2, the four live versions): duty type PIT_WITHHOLDING_DECLARATION (monthly, due the 20th of the following month, unless the entity records `pit_quarterly_filer`) and PIT_WITHHOLDING_DECLARATION_QUARTERLY (a quarterly VAT filer, due the last day of the first month of the following quarter) in the December 2025, January and May 2026 versions in `jurisdiction_settings.duty_types` raises a dated obligation instance whose fulfilment records the authority reference (tax authority acceptance notice number); a period before 1 July 2026 is raised under the version then in force, so its duty names the pre-July form even when filed after 1 July. Owner rule 2026-10-01: a return is raised for every period; a period with no salary PIT withheld is WAIVED with that reason. Not captured: the form itself, the payment and the receipt (L2 return not declared). Probes VN-PITFILE-01-1, VN-PITFILE-01-2 await the Prove phase. Prove phase (2026-10-01): the saved-instance oracle needs the obligation_calendar sweep to run before obligation_instances are read; the harness (tests/e2e/payroll-probe.ts) raises no automation before `saved`. The sealed guidance describes the older monthly/quarterly option, but no actual filing, remittance, authority receipt or dated pre-July form selection is saved. Closure case: December 2025 monthly filer, eligible quarterly filer, June/Q2 2026 filed in July on old form and receipt. (Register status 2026-09-29: No [EXTERNAL 2026-09-29].) Source note: Tax Administration Law 38/2019/QH14 is the predecessor to the July 2026 regime; Tax Administration Law 108/2025/QH15 takes effect 1 July 2026 and its transitional effects require full provision review.Source ledger Tax Administration Law 38/2019/QH14: https://vanban.chinhphu.vn/?docid=197312&lang=vi&pageid=27160 'Law on Tax Administration 38/2019/QH14, predecessor to the July 2026 regime'",obligations:PIT_WITHHOLDING_DECLARATION; duty_types:PIT_WITHHOLDING_DECLARATION; duty_types:PIT_WITHHOLDING_DECLARATION_QUARTERLY; facts:pit_quarterly_filer,,VN-PITFILE-01-1; VN-PITFILE-01-2,
VN-PITFILE-02,VN,filing,"Salary payer and tax actually withheld in a quarter → file **05/KK-TNCN quarterly**, by the last day of the first month of the following quarter","Circular 89/2026/TT-BTC art.22(1)(a.1),(a.4), Appendix I item 7.1 and Decree 252/2026/ND-CP art.10; from 1 July 2026",https://datafiles.chinhphu.vn/cpp/files/vbpq/2026/7/89-btc.signed.pdf,2026-09-29,2026-07-01,,EXTERNAL-RECORDED,"Configured 2026-10-01 (phase 2, the four live versions): duty type PIT_WITHHOLDING_DECLARATION in the 1 July 2026 version: quarterly only, due the last day of the first month of the following quarter (Q3 2026 → 31 October 2026) in `jurisdiction_settings.duty_types` raises a dated obligation instance whose fulfilment records the authority reference (tax authority acceptance notice number); the July version raises no monthly return. Probes VN-PITFILE-01-1, VN-PITFILE-01-2 await the Prove phase. Prove phase (2026-10-01): the saved-instance oracle needs the obligation_calendar sweep to run before obligation_instances are read; the harness (tests/e2e/payroll-probe.ts) raises no automation before `saved`. The 2026 sealed employer-duty text cites Tax Administration Law 108/2025/QH15/Decree 252/2026/ND-CP but still offers monthly filing by the following month's 20th because it omits Circular 89/2026/TT-BTC's wage-specific quarterly rule; older versions cite Tax Administration Law 38/2019/QH14/Decree 126. No generated form, remittance or authority acknowledgement exists. Circular 89/2026/TT-BTC removed the monthly period for salary forms 05/KK-TNCN and 02/KK-TNCN; this does not end payroll-period withholding. 2026-09-28 (round 2): Circular 89/2026/TT-BTC art.22(1)(a)(a.1) read visually on signed p.49 — the salary payer declares tax withheld by quarter; the quarterly deadline is Decree 252/2026/ND-CP art.10(3) per the Government transcription. The live 2026-07-01 PIT_WITHHOLDING_DECLARATION now states quarterly only, and it and PIT_ANNUAL_FINALISATION cite Circular 89/2026/TT-BTC and Decree 252/2026/ND-CP instead of luatvietnam.vn; a golden asserts the version text (earlier versions keep the Decree 126/2020 monthly/quarterly option). The 15 September corrigendum was not re-read. Earlier versions correctly cite Tax Administration Law 38/2019/QH14/Decree 126/2020. Closure case: July and September 2026 wages in Q3 return; reject an August monthly 05/KK filing schedule; compare Q3 deadline and paid receipt. Version text: `tests/statutory-golden-vn.test.ts` “from 1 July 2026 the salary PIT return is quarterly only”. (Register status 2026-09-29: No [EXTERNAL 2026-09-29].) Source note (Decree 252/2026): signed, effective 1 July 2026; art.10 filing deadlines; Government transcription https://xaydungchinhsach.chinhphu.vn/quy-dinh-thoi-han-nop-ho-so-khai-thue-119260703120801722.htm. Source note (Circular 89/2026): Tax Authority summary https://xaydungchinhsach.chinhphu.vn/noi-dung-moi-tai-thong-tu-89-2026-tt-btc-giam-thu-tuc-rut-ngan-thoi-gian-tao-thuan-loi-cho-nguoi-nop-thue-119260812152419765.htm; corrigendum https://datafiles.chinhphu.vn/cpp/files/vbpq/2026/9/dinh-chinh-tt-89-2026-btc.signed.pdf (2 scanned pages, corrects art.99(5) form names only).Source ledger Tax Administration Law 108/2025/QH15: https://vanban.chinhphu.vn/?classid=1&docid=216541&orggroupid=1&pageid=27160 'Law on Tax Administration 108/2025/QH15, effective 1 July 2026; transitional effects require full provision review'Source ledger Decree 252/2026/ND-CP: https://datafiles.chinhphu.vn/cpp/files/vbpq/2026/7/252-ndcp.signed.pdf 'Signed Decree 252/2026/ND-CP, effective 1 July 2026; art.10 filing deadlines, with government issuer transcription at https://xaydungchinhsach.chinhphu.vn/quy-dinh-thoi-han-nop-ho-so-khai-thue-119260703120801722.htm'",obligations:PIT_WITHHOLDING_DECLARATION; duty_types:PIT_WITHHOLDING_DECLARATION,Vietnam — from 1 July 2026 the salary PIT return is quarterly only (Circular 89/2026 art.22(1)(a)(a.1); Decree 252/2026 art.10(3)),VN-PITFILE-01-1; VN-PITFILE-01-2,
VN-PITFILE-03,VN,filing,"Payer income and withheld tax, signed **08/UQ-QTT-TNCN** and authorized same-system or reorganization transfer → annual **05/QTT-TNCN** with applicable 05-1/05-2/05-3/BK-QTT-TNCN schedules, whether or not tax was withheld, including former payer income only for the authorized qualifying transfer","Circular 89/2026/TT-BTC art.22(1)(a.2),(b), Appendix I item 7.1 and Decree 252/2026/ND-CP art.10(5); 2026 and later settlements",https://datafiles.chinhphu.vn/cpp/files/vbpq/2026/7/89-btc.signed.pdf,2026-09-29,2026-01-01,,EXTERNAL-RECORDED,"Configured 2026-10-01 (phase 2, the four live versions): duty type PIT_ANNUAL_FINALISATION (each calendar year, due 31 March of the next year) in `jurisdiction_settings.duty_types` raises a dated obligation instance whose fulfilment records the authority reference (tax authority acceptance notice number); Not captured: the 08/UQ-QTT-TNCN authorisations, the schedules and a former payer’s certificate. Probe VN-PITFILE-01-1 awaits the Prove phase. Prove phase (2026-10-01): the saved-instance oracle needs the obligation_calendar sweep to run before obligation_instances are read; the harness (tests/e2e/payroll-probe.ts) raises no automation before `saved`. No signed authorization, former payer withholding certificate, consolidated employer return, dependant/class schedules, saved acceptance or complete third-month deadline path is mapped; a tax calculation alone is not an annual filing. Closure case: No-withholding year, unrelated previous employer and authorized same-system transfer with certificate retrieval. (Register status 2026-09-29: No [EXTERNAL 2026-09-29].)",obligations:PIT_ANNUAL_FINALISATION; duty_types:PIT_ANNUAL_FINALISATION,,VN-PITFILE-01-1,
VN-PITFILE-04,VN,filing,"Branch/worksite province, centralized versus local filing election, each worker's province **at payment time**, and actual wage tax withheld → route return to the competent tax office and, if filed centrally, attach **05-1/PBT-KK-TNCN** to allocate remittance by province without reallocating quarterly provincial tax at annual settlement","Circular 89/2026/TT-BTC art.22(1)(a.3),(a.5), Appendix I item 7.1; from 1 July 2026",https://datafiles.chinhphu.vn/cpp/files/vbpq/2026/7/89-btc.signed.pdf,2026-09-29,2026-07-01,,EXTERNAL,"No dated filing election, worker transfer-at-payment location, province tax allocation, payment receipt or annual no-reallocation evidence exists in the sealed profile. Closure case: One payer with two provinces, transfer between earning and pay dates, central/local elections and annual settlement. (Register status 2026-09-29: No [EXTERNAL 2026-09-29].)",obligations:PIT_WITHHOLDING_DECLARATION,,,
VN-PITFILE-05,VN,filing,"Worker receiving non-withheld embassy/international-organization or foreign-payer wages, unregistered foreign-payer Vietnam-source income, or an ESOP/share transfer → direct quarterly **02/KK-TNCN** and, where required, annual **02/QTT-TNCN** with applicable 02-1/BK-QTT-TNCN at the competent office","Circular 89/2026/TT-BTC art.22(1)(c), Appendix I item 7.1 and Decree 252/2026/ND-CP art.10(5); from 1 July 2026",https://datafiles.chinhphu.vn/cpp/files/vbpq/2026/7/89-btc.signed.pdf,2026-09-29,2026-07-01,,EXTERNAL,"Payer-versus-individual actor, foreign/nonresident and ESOP dispositions, recipient tax office, prior withholding/foreign-tax proof, fourth-month annual deadline and foreign-departure deadline are not captured or filed. Closure case: Embassy pay, overseas salary, nonresident Vietnam work, share transfer and individual annual return. (Register status 2026-09-29: No [EXTERNAL 2026-09-29].)",,,,
VN-PITFILE-06,VN,filing,"Organization withholding tax on worker bonus shares or employee stock-option shares → file/remit **monthly or quarterly with its VAT filing cycle**, with the Appendix I item 7.1 form",Circular 89/2026/TT-BTC art.22(1)(d); from 1 July 2026,https://datafiles.chinhphu.vn/cpp/files/vbpq/2026/7/89-btc.signed.pdf,2026-09-29,2026-07-01,,EXTERNAL,The special share-withholding class and VAT-cycle selector are not mapped; the general quarterly salary rule cannot silently replace this express exception. No form or receipt is saved. Closure case: Identical share transfer under monthly and quarterly VAT cycles; ordinary salary-only control. (Register status 2026-09-29: No [EXTERNAL 2026-09-29].),,,,
VN-PITFILE-07,VN,filing,Tax period before 1 July 2026 → retain the former return form under art.100(1); period from 1 July → use the Circular 89/2026/TT-BTC salary forms indexed in Appendix I; pre-effective authority decisions/notices continue to their own expiry,"Circular 89/2026/TT-BTC arts.99–100, Appendix I item 7.1 and Ministry of Finance corrigendum 2551/QD-BTC; June/July 2026 boundary",https://datafiles.chinhphu.vn/cpp/files/vbpq/2026/7/89-btc.signed.pdf,2026-09-29,2026-07-01,,EXTERNAL-RECORDED,"Configured 2026-10-01 (phase 2): the period-to-form selector is the settings version in force on the tax period’s first day — the December 2025, January and May 2026 versions raise PIT_WITHHOLDING_DECLARATION labelled with the pre-July 05/KK-TNCN form (June and Q2 2026 included, whenever filed), the July 2026 version the Circular 89/2026 quarterly form. Not captured: the completed form and the receipt. Probes VN-PITFILE-01-1 (June 2026), VN-PITFILE-01-2 (Q2 2026) await the Prove phase. Prove phase (2026-10-01): the saved-instance oracle needs the obligation_calendar sweep to run before obligation_instances are read; the harness (tests/e2e/payroll-probe.ts) raises no automation before `saved`. The signed art.100(1) transition and Appendix I wage-form index are source-confirmed, but no dated period-to-form selector, completed form, line-item reconciliation or authority receipt exists. The 15 September corrigendum changes art.99(5) business-income forms, not the salary rule. Closure case: Q2 2026 return filed in July on old form, Q3 return on new form, old authority notice and receipt. (Register status 2026-09-29: No [EXTERNAL 2026-09-29].) Corrigendum Decision 2551/QĐ-BTC of 15 September 2026 (read visually) corrects only art.99(5)’s list of replaced business and lottery forms; art.22 is untouched (no seed effect). The 1 July 2026 seed guidance was updated to quarterly on 2026-09-28.",obligations:PIT_WITHHOLDING_DECLARATION; duty_types:PIT_WITHHOLDING_DECLARATION; duty_types:PIT_WITHHOLDING_DECLARATION_QUARTERLY,,VN-PITFILE-01-1; VN-PITFILE-01-2,
VN-PITFILE-08,VN,filing,"Electronic signature/send time, system acceptance and prescribed **01/TB-TĐT** receipt → determine the legally recognized filing date, including submissions at 00:00:00–23:59:59 on weekends/holidays; distinguish automatic send confirmation from acceptance of a complete valid file","Circular 89/2026/TT-BTC art.11(1),(3)–(4); from 1 July 2026",https://datafiles.chinhphu.vn/cpp/files/vbpq/2026/7/89-btc.signed.pdf,2026-09-29,2026-07-01,,EXTERNAL,"Payroll has no electronic submission, acceptance/rejection response, one-working-day receipt check or audit trail; a computed charge or draft return cannot prove timely filing. The three-working-day response class for refund/relief files needs separate branch evidence. Closure case: Filing signed just before midnight, rejected incomplete return, accepted next working day and retained notice. (Register status 2026-09-29: No [EXTERNAL 2026-09-29].)",,,,
VN-PITFILE-09,VN,filing,"Taxpayer system, payment service, tax-authority system or T-VAN outage at a filing/payment deadline → select the lawful paper/alternative-channel remedy or, for an officially notified tax-authority outage, the next-day/next-working-day timeliness rule",Circular 89/2026/TT-BTC art.12; from 1 July 2026,https://datafiles.chinhphu.vn/cpp/files/vbpq/2026/7/89-btc.signed.pdf,2026-09-29,2026-07-01,,EXTERNAL,"No issuer outage notice, channel failure, fallback filing/payment timestamp or authority acceptance is retained. A self-reported outage alone cannot extend a deadline. Closure case: Taxpayer-side failure versus published tax-system outage on deadline, after-hours outage and timely alternative-channel receipt. (Register status 2026-09-29: No [EXTERNAL 2026-09-29].)",,,,
VN-PITFILE-10,VN,filing,"Employer tax transaction identity, registered email/contact and change date → maintain lawful electronic-tax access and update registered details within **three working days**, or before the next electronic transaction if earlier",Circular 89/2026/TT-BTC art.13(1)–(3); from 1 July 2026,https://datafiles.chinhphu.vn/cpp/files/vbpq/2026/7/89-btc.signed.pdf,2026-09-29,2026-07-01,,EXTERNAL,"No tax account/registration record, 01/ĐK-TĐT change filing, 04/TB-TĐT acceptance notice, tax-ID cessation or reinstatement workflow is mapped. This is an employer filing-access duty, not a wage formula. Closure case: Contact change followed by filing before three days, missed update, dormant tax ID and reinstatement. (Register status 2026-09-29: No [EXTERNAL 2026-09-29].)",obligations:PIT_TAX_REGISTRATION,,,
VN-PITFILE-11,VN,filing,"Understated/overstated or misallocated wage PIT in an accepted prior return, worksite move or authority explanation request → file the prescribed supplementary/explanatory material with competent office and retain correction, remittance and response evidence","Circular 89/2026/TT-BTC art.17(1)–(3),(5)–(7) and Appendix I items 1–2; from 1 July 2026",https://datafiles.chinhphu.vn/cpp/files/vbpq/2026/7/89-btc.signed.pdf,2026-09-29,2026-07-01,,EXTERNAL,"No period-linked amended-return record, earlier filed values, provincial reconciliation, explanation documents or authority response exists. A later payroll adjustment alone cannot establish a corrected tax return. Closure case: Wrong province, amended prior-quarter taxable wage, moved tax office and accepted/rejected explanation. (Register status 2026-09-29: No [EXTERNAL 2026-09-29].)",,,,
VN-PITFILE-12,VN,filing,"Qualifying force majeure and affected filing period → apply for a lawful filing extension at the original receiving tax office, retain its acceptance/refusal **01/TB-GHKT** and use the granted deadline only when valid",Circular 89/2026/TT-BTC art.18 and Tax Administration Law 108/2025/QH15 art.12(4); from 1 July 2026,https://datafiles.chinhphu.vn/cpp/files/vbpq/2026/7/89-btc.signed.pdf,2026-09-29,2026-07-01,,EXTERNAL,"No qualifying event, application, three-working-day authority decision, new due date or completed return is saved. The presence of an extension request alone is not proof that the deadline moved. Closure case: Qualified/unqualified disruption, timely request, rejection and granted deadline with receipt. (Register status 2026-09-29: No [EXTERNAL 2026-09-29].)",,,,
VN-CULT-PIT-01,VN,tax,"Expert/scientist paid salary or wages from a qualifying enterprise cultural activity → PIT exemption for two years, then 50% reduction of tax payable for four years, subject to any more favourable applicable policy","NA Resolution 28/2026/QH16 art.4(4)(c), art.13; from 1 July 2026",https://datafiles.chinhphu.vn/cpp/files/vbpq/2026/4/nq28phattrienvanhoa.pdf,2026-09-29,2026-07-01,,PARTIAL,Actual qualified monthly/annual2/4-year cultural relief sources plus native whole-payment conserved gross/reference/phase allocation and payment-only PIT clauses are integrated. Remaining: full mixed period/annual allocation and competing later delegated-source combinations beyond the supported actual qualified wage-source branches; original accepted dossiers are required inputs. Source implementation only; historical verification preserved.,seed/jurisdiction/VN/statutory_contributions.json;src/lib/annual-recipient-policy.ts;src/lib/recipient-cash-reporting.ts,,,
VN-SI-01,VN,contribution,"Covered domestic/foreign/part-time worker, insured contractual wage, reference ceiling/floor and monthly coverage → employee/employer SI and occupational injury","Social Insurance Law 41/2024/QH15 arts.2,31–34 and Decree 158/2025/ND-CP; whole scope",https://vanban.chinhphu.vn/?pageid=27160&docid=211199,2026-09-30,2025-12-01,,PARTIAL,"Source reconciliation 2026-10-03. Integrated: Payroll SI salary components, rate/floor/cap, civilian State-set/salaried-manager and actual foreign fixed-term/signing-age/treaty exclusions; adopted military/self/top-up retained sources, civilian approved retirement suspension and catch-up/late-segment arithmetic. Native direct-person original liabilities/receipts and actual multi-month schedule/allocation batch are integrated. Manager collector source math is integrated; its mere capture is not a completed company producer policy.. Remaining: Complete actual cross-employer/manager/special-worker priority consumer and matching per-member company producer policies; source math alone does not select an original liability automatically.; Complete military/commune/overseas and mixed qualification/payment channels; original retirement recovery/late-account native settlement remains separate.; Lawful actual training/disguised-employment classification must govern coverage; a blanket INTERN exclusion cannot complete the legal worker scope. | Source-only; historical verification unchanged.","statutory_contributions:SI,HI,UI,UNION_FEE; allowance_catalogue:MEAL_ALLOWANCE,HOUSING","Vietnam — SI, HI, UI and the union fee under the 1 January 2026 version",VN-SI-05-1; VN-LC112-01-1; VN-MW293-04-1; VN-LC169-02-1; VN-LC168-01-2; VN-UNION-01-2; VN-MW293-02-1; VN-PIT-06-3,2026-09-29
VN-SI-02,VN,contribution,"Full unpaid working days, benefit category, early maternity return, agreement and prior base → correct insured month and continuation","Social Insurance Law 41/2024/QH15 arts.33–34,53; whole scope",https://vanban.chinhphu.vn/?pageid=27160&docid=211199,2026-09-29,2025-12-01,,PARTIAL,"Source reconciliation 2026-10-03. Integrated: Whole unpaid-day threshold, actual sickness/maternity elections and continued-base source, early return/category source; actual calendar/roster/partial-day/no-cash absence transport; civilian approved retirement suspension; military sickness/detention/suspension retained source. Direct-person and actual cycle liabilities/receipts are integrated. Original custody catch-up source successor remains unactivated.. Remaining: Activate custody whole episode backsalary/original full principal/terminal correction/known paid allocations; implement actual restoration without repricing paid months.; Complete earlier-than-July2025 original governing custody source lineage and native deferred/catch-up account movement. | Source-only; historical verification unchanged.","statutory_contributions:SI (unpaid-day threshold, benefit-leave elections)",Vietnam — fourteen unpaid working days in the month is a month outside insurance (Law 41/2024 art.33(5)),VN-SI-02-1; VN-UNION-01-2; VN-LC99-01-2; VN-SI-07-1,2026-09-29
VN-SI-03,VN,leave,"Cumulative insured contribution months and prior insured wages, including earlier employers → sickness/maternity/other benefit and employer payroll offset",Social Insurance Law 41/2024/QH15 benefit chapters; whole scope,https://vanban.chinhphu.vn/?pageid=27160&docid=211199,2026-09-29,2025-12-01,,PARTIAL,"Complete original insured-book roster/latest wage/count windows and native case-source admission now bind exact retained prior/current month IDs; actual SI/UI scheme identity enforced, preventing another fund book from qualifying. Maternal carer original wage owner now explicitly selects actual claimant or real separately authorised mother natural person and owned original authority, without fictitious employment. Actual preceding or source-qualified first/resumed participation-month sickness wage selection now binds registered original wage separately from paid contribution counts. Separate MILITARY_SICKNESS native case now consumes original category-d medical/exclusion/full-month/residual-day assessments and original single insured wage, at 100%, without civilian annual quota or employer wage; D157 arts10–11. Remaining: whole same pregnancy/child/event quota across split/interrupted prior awards, original multi-child military care awards, nonemployment claimant and agency settlement lifecycle. Source-only; historical evidence retained.",,,,
VN-SI-04,VN,contribution,"SI/UI late versus evaded amount, due date, each unpaid day and correction date → pay fund principal plus the statutory **0.03% per day** amount, with applicable administrative offence and other consequences separately classified","Social Insurance Law 41/2024/QH15 arts.40–41; from 1 July 2025, so all reviewed months",https://vanban.chinhphu.vn/?pageid=27160&docid=211199,2026-09-29,2025-12-01,,EXTERNAL,"Reclassified 2026-09-30 from GAP: Law 41/2024/QH15 art.40(1) (signed text, Official Gazette 987+988) — the late payer pays the arrears and 0.03% a day on the late SI/UI amount into the funds; art.41(1) the same for evasion. It is an employer-to-fund liability that changes no payslip or HR result. History: No complete aged contribution ledger, late/evasion classification or saved fund-correction result. The due date that starts the 0.03% clock is VN-SI-06. Decree 12/2022/ND-CP art.39(10)(b) still printed a different older remedial interest formula until its September 2026 replacement; the effect of the later/higher Social Insurance Law 41/2024/QH15 law on pre-replacement enforcement orders has not been reconciled against an authoritative transition decision. Closure case: One unpaid December 2025 month, partial payment, continued default across 10 September 2026 and an authority order; compare law and decree remedies without double counting.",,,,
VN-SI-05,VN,contribution,"Covered worker and insured wage → employee SI **8%** (art.33(1)(a)); employer **14%** pension/survivor + **3%** sickness/maternity (art.34(1)) + **0.5%** OA/OD (0.3% on approval); HI **4.5%** (employer 3%, employee 1.5%); UI 1% + 1%. SI floor = the **reference level** (art.31(1)(đ)): 2,340,000, then **2,530,000** from 1 July 2026; ceiling 20 × reference level: 46,800,000, then **50,600,000** (VSS notice ItemID=26780). UI ceiling 20 × regional minimum (106,200,000 Region I in 2026)","Social Insurance Law 41/2024/QH15 arts.31,33,34, Decree 188/2025/ND-CP art.6, Decree 58/2020/ND-CP art.4(1) as amended by Decree 158/2025/ND-CP art.43(2), Decree 374/2025/ND-CP art.4 and Decree 161/2026/ND-CP; from 1 July 2025, ceiling step 1 July 2026",https://vanban.chinhphu.vn/?pageid=27160&docid=211199,2026-09-29,2025-12-01,,VERIFIED,"Every named unproven branch now probed: 0.3% reduced OA rate (VN-SI-05-5), Region II–IV UI caps (VN-MW293-02-2/3/4), the 30 June / 1 July seam (VN-SI-05-6/7), the 50,600,000 July ceiling (VN-SI-05-4); rates, ceiling and rounding (VN-SI-05-1/2/3). The reference-level floor is golden-only and unreachable on a saved path (every covered full-timer is above the regional minimum; a part-timer under it is outside SI, VN-LC168-01-2).","statutory_contributions:SI,HI,UI; facts:occupational_accident_reduced","VN audit — SI and HI stop at 20 × the reference level, one đồng over and exactly on it; Vietnam — the contribution floor is the reference level (calculation-only; Law 41/2024 art.31(1)(đ)); VN audit — the reduced 0.3% accident rate makes the employer SI share 17.3%, on the ceiling too",VN-SI-05-1; VN-SI-05-2; VN-SI-05-3; VN-SI-05-4; VN-SI-05-5; VN-SI-05-6; VN-SI-05-7; VN-MW293-02-2; VN-MW293-02-3; VN-MW293-02-4,2026-10-01
VN-SI-06,VN,filing,Date the worker becomes subject to compulsory SI and contribution month → register within **30 days**; pay monthly contributions by the **last day of the following month** (or of the month after a 3- or 6-month cycle for permitted piece-rate agriculture),"Social Insurance Law 41/2024/QH15 arts.28(1),34(4); from 1 July 2025",https://vanban.chinhphu.vn/?pageid=27160&docid=211199,2026-09-29,2025-12-01,,EXTERNAL-RECORDED,"Configured 2026-10-01 (phase 2, the four live versions): duty type SI_HI_UI_REGISTRATION (on each hire, due 30 days after the first day of service) and SI_HI_UI_MONTHLY_REMITTANCE (on the first run of each wage month, due the last day of the following month) in `jurisdiction_settings.duty_types` raises a dated obligation instance whose fulfilment records the authority reference (VSS receipt number, bank transfer reference); owner rule 2026-10-01: registration is raised on every hire and a hire outside compulsory SI is WAIVED with its reason; no amount is stored (VN run remittances list only floor-rounded schemes). Not configured: the 3- or 6-month cycle for piece-rate agriculture. Probe VN-SI-06-1 awaits the Prove phase. Prove phase (2026-10-01): the saved-instance oracle needs the obligation_calendar sweep to run before obligation_instances are read; the harness (tests/e2e/payroll-probe.ts) raises no automation before `saved`. The seed carries SI_HI_UI_REGISTRATION and SI_HI_UI_MONTHLY_REMITTANCE, but no registration or remittance receipt is saved. Wording is from the issuer transcription, not the signed text. Closure case: Day 30/31 registration and month-end remittance across a holiday. (Register status 2026-09-29: No [EXTERNAL 2026-09-29].)","obligations:SI_HI_UI_REGISTRATION,SI_HI_UI_MONTHLY_REMITTANCE; duty_types:SI_HI_UI_REGISTRATION; duty_types:SI_HI_UI_MONTHLY_REMITTANCE",,VN-SI-06-1,
VN-SI-07,VN,leave,"Insured wage, leave type and days → sickness 75%, daily rate monthly / **24**; annual sickness days 30/40/60 ordinary and 40/50/70 heavy/hazardous (art.43(1)), continuing beyond the maximum at art.45(3) 65/55/50% with no 180-day cap; maternity daily rate /24 for art.51 and art.53(2) cases, /30 for odd birth-leave days; birth lump sum **2 ×** reference level per child (5,060,000 from 1 July 2026); paternity **5** working days, **7** for caesarean or birth before 32 weeks, **10** for twins plus 3 per extra child, **14** for twins by caesarean","Social Insurance Law 41/2024/QH15 arts.43,45,53(2),58(4),59; from 1 July 2025",https://vanban.chinhphu.vn/?pageid=27160&docid=211199,2026-09-29,2025-12-01,,PARTIAL,"Complete original insured-book roster/latest wage/count windows and native case-source admission now bind exact retained prior/current month IDs; actual SI/UI scheme identity enforced, preventing another fund book from qualifying. Maternal carer original wage owner now explicitly selects actual claimant or real separately authorised mother natural person and owned original authority, without fictitious employment. Actual preceding or source-qualified first/resumed participation-month sickness wage selection now binds registered original wage separately from paid contribution counts. Separate MILITARY_SICKNESS native case now consumes original category-d medical/exclusion/full-month/residual-day assessments and original single insured wage, at 100%, without civilian annual quota or employer wage; D157 arts10–11. Remaining: whole same pregnancy/child/event quota across split/interrupted prior awards, original multi-child military care awards, nonemployment claimant and agency settlement lifecycle. Source-only; historical evidence retained.","leave_catalogue:SICK_LEAVE,MATERNITY_LEAVE,PATERNITY_LEAVE","Vietnam — the annual-leave cohorts, the seniority ladder and the SI sick bands",VN-SI-07-1,
VN-HI-01,VN,contribution,Covered worker and contribution base/month → employee/employer health insurance and remittance,"Health Insurance Law (consolidated VBHN-VPQH, incl. Law 51/2024/QH15) consolidation and Decree 188/2025/ND-CP; whole scope",https://congbao.cdnchinhphu.vn/CongBaoCP/VanBan/2025/2/44464/55506-1-2025539-54022-vbhn-vpqh.pdf,2026-09-29,2025-12-01,,PARTIAL,"Source reconciliation 2026-10-03. Integrated: Payroll HI rate/base, civilian custody 50% prior wage and actual no-violation additional-paid salary recovery source; actual foreign fixed-term/treaty exclusions, special-relative employer payer correction, concurrent first-SI-contract source, native citizen part-time worker-only share and nonsalaried-manager original source. Direct-person and actual multi-month cycle assessed source/receipts integrated.. Remaining: Complete source-bound cross-employer and special payer priority plus per-member collector producer activation; original public/third-party payer must remain distinct from covered member.; Connect actual custody recovery/manager/military source liabilities to native unchanged original assessment/credit and actual remittance channels; do not infer registration/credit from assessments. | Source-only; historical verification unchanged.",statutory_contributions:HI,"Vietnam — SI, HI, UI and the union fee under the 1 January 2026 version",VN-SI-05-1; VN-SI-05-2; VN-PRORATE-01-1; VN-LC46-02-1; VN-UNION-01-2; VN-PIT-06-3; VN-LC48-01-1,2026-09-29
VN-UI-01,VN,contribution,"Covered worker, eligible salary, ceiling, entry/exit, contribution period → UI shares, benefit history and remittance",Employment Law 74/2025/QH15 and Decree 374/2025/ND-CP; **from January 2026**,https://vanban.chinhphu.vn/?docid=214560&pageid=27160,2026-09-29,2026-01-01,,PARTIAL,"Source reconciliation 2026-10-03. Integrated: Dated December-2025/new-law UI salary/rates/floor/cap, citizenship, probation/pension qualification and actual civilian/manager exclusions; source wage/FX/suspension elections. Actual monthly contribution and consumed/preserved receipt source math exists. Native UI claimant lifecycle is not inferred from payroll accrual.. Remaining: Complete source-linked earlier employer UI book and native claim/consumed/preserved/HI continuation and remittance lifecycle.; Complete cross-employer contractual priority and lawful employment/training classification consumers. | Source-only; historical verification unchanged.",statutory_contributions:UI,Vietnam — a worker on a probation contract is outside UI from 2026 (Law 74/2025 art.31(2)),VN-SI-05-1; VN-PIT-06-1; VN-LC112-01-1; VN-UI-01-2; VN-MW74-01-1; VN-MW293-02-1,2026-09-29
VN-UI-02,VN,contribution,UI-insured service and employer change → preserved history used by benefits and separation,Employment Law 74/2025/QH15 and Decree 374/2025/ND-CP; from January 2026,https://vanban.chinhphu.vn/?docid=214560&pageid=27160,2026-09-29,2026-01-01,,IMPLEMENTED,"Original complete dated insured-book windows retain prior/current registered employers, exact monthly paid/preserved/consumed allocations and known source roster; native claim admission binds original qualification/wage/count IDs. SEPARATION_SERVICE UI_COVER now consumes exact complete UI window/month IDs and original employer registration/source_company at actual payroll preflight before service subtraction; unreceived accrual/other employer/cash-in-lieu cannot become UI cover. Original preserved/consumed sources and frozen paid outcomes remain immutable. Actual insured-book-windows.ts, insured-service-source.ts, history-assessment.ts and payroll/world.ts consumers integrated. Source-only; historical evidence retained.",,,,
VN-UI-03,VN,contribution,"Exit month or immediately preceding month paid into UI, qualifying sickness/maternity/unpaid leave/contract suspension for at least 14 **working** days, or employer unable to pay UI → classify whether worker is currently contributing for benefit eligibility, using the social-insurance-book confirmation",Decree 374/2025/ND-CP art.3; from 1 January 2026,https://congbaocdn.chinhphu.vn/180507251028987904/2026/1/27/cong-bao-so-48-ngay-23-01-46946signed-17694874955991619007433.pdf,2026-09-29,2026-01-01,,PARTIAL,"Source reconciliation 2026-10-03. Integrated: Exit facts declare agency-confirmed paid exit/preceding month, qualifying sickness/maternity/unpaid/contract suspension >=14 working days, inability finding or NONE; exact exit/preceding month validation and documentary confirmation required. These facts are not a source-linked native eligibility decision.. Remaining: Bind each agency-confirmed eligibility category to the exact current/preceding original monthly book/paid source or actual competent inability finding and consume it in a native claimant decision; a declaration/reference alone does not establish the complete eligibility lifecycle. | Source-only; historical verification unchanged.",,,,
VN-UI-04,VN,contribution,"Covered worker monthly UI wage and employer payroll fund → worker **1%** and employer **1%**; source employer payment from the legally applicable budget/operating fund, without charging the State's separate fund support as an employer share",Decree 374/2025/ND-CP art.4 and Employment Law 74/2025/QH15 arts.33–34; from 1 January 2026,https://congbaocdn.chinhphu.vn/180507251028987904/2026/1/27/cong-bao-so-48-ngay-23-01-46946signed-17694874955991619007433.pdf,2026-09-29,2026-01-01,,PARTIAL,"Source reconciliation 2026-10-03. Integrated: UI worker/employer 1%/1% expressions, lawful disability relief branch and actual employer budget/mixed/business/operating funding declarations; separate State support is not charged as employer UI.. Remaining: Bind actual employer UI disbursement/allocation to its original lawful budget/operating funding source; declaration and 1% calculation alone do not prove which fund paid the original contribution. | Source-only; historical verification unchanged.",statutory_contributions:UI,"Vietnam — SI, HI, UI and the union fee under the 1 January 2026 version",VN-SI-05-1; VN-SI-05-2; VN-MW293-02-2; VN-PIT-06-2,2026-09-29
VN-UI-05,VN,contribution,"Newly hired qualifying disabled worker, actual employment months and disability certificate supplied on UI registration → reduce only the **employer UI share from 1% to 0%** for at most the first 12 months of that hire",Decree 374/2025/ND-CP art.5; from 1 January 2026,https://congbao.chinhphu.vn/van-ban/nghi-dinh-so-374-2025-nd-cp-468724.htm,2026-10-02,2026-01-01,,VERIFIED,"Official Decree374/2025 arts.4(1)–(2),5(1)–(2),45(1) checked2026-10-02. Saved controls prove qualifying registered disabled hire0% employer/1% worker, nonregistered/pre-2026/nondisabled1%+1%, months12/13, early exit before the hire-day anniversary, fourteen unpaid working days and return without extending expiry, delayed registration without moving the hiring anchor, genuine rehire with separate eligibility declaration, uninterrupted renewal without new eligibility, pending agency registration assessed at1%+1% with warning, and missing certificate reference refused at payroll. Two seed defects corrected in every effective version: require REGISTERED status; count the existing hire-month-plus-eleven default independently of anniversary-exact completed service. Owner-delegated rule2026-10-02 (month counting/recruitment distinctions not specified by art.5): hire month and eleven following calendar contribution months, no extension for an unpaid interruption; declaration effective date gates relief, never resets hiring clock; renewal alone is not a new hiring, and genuine rehire after termination needs its own new-hire agency declaration/certificate. Qualification is an employer-recorded legal fact, not inferred from a new contract. January2027 cases prospectively apply the current open-ended sealed law; later amendments reopen this row.",statutory_contributions:UI.elections.disabled_new_hire_relief; statutory_contributions:UI.elections.disability_certificate_reference; employees.disabled,Vietnam — disabled-hire UI relief ends after twelve contribution months; Vietnam — disabled-hire month thirteen early exit does not extend employer UI relief; Vietnam — disability and a separately registered new hire are both required for employer UI relief; Vietnam — employer UI relief requires the filed disability certificate reference; Vietnam — pending UI agency registration cannot obtain the disabled-hire employer reduction,VN-UI-05-1; VN-UI-05-2; VN-UI-05-3; VN-UI-05-4; VN-UI-05-5; VN-UI-05-6; VN-UI-05-7; VN-UI-05-8; VN-UI-05-9; VN-UI-05-10; VN-UI-05-11; VN-UI-05-12; VN-UI-05-13; VN-UI-05-14; VN-UI-05-15,2026-10-02
VN-UI-06,VN,contribution,"Contract termination and unpaid UI balance → employer clears contributions for that worker so the fund can decide benefits, with dated remittance and employment-end evidence",Decree 374/2025/ND-CP art.6; from 1 January 2026,https://congbaocdn.chinhphu.vn/180507251028987904/2026/1/27/cong-bao-so-48-ngay-23-01-46946signed-17694874955991619007433.pdf,2026-09-29,2026-01-01,,EXTERNAL,"No employee-specific aged UI arrears, exit settlement, paid-fund acknowledgement or document handoff is proven; the worker's three-month litigation right for unpaid UI is an external remedy, not a payroll deduction. Closure case: Clean exit, partial arrears, employer insolvency and agency confirmation. (Register status 2026-09-29: No [IN-SYSTEM 2026-09-29].)",obligations:SI_CONFIRMATION_ON_TERMINATION,,,
VN-UI-07,VN,contribution,"State-set versus employer-set salary, contract base/allowances/stable supplements, idle-work wage, part-time hourly/daily/weekly agreed hours or days, and salaried manager class → correct assessed UI monthly wage and coverage threshold",Decree 374/2025/ND-CP art.7(1)–(4); from 1 January 2026,https://congbaocdn.chinhphu.vn/180507251028987904/2026/1/27/cong-bao-so-48-ngay-23-01-46946signed-17694874955991619007433.pdf,2026-09-29,2026-01-01,,PARTIAL,"Source reconciliation 2026-10-03. Integrated: UI assessed_on supports actual contractual stable supplements, State-set five-component equality, idle-work/salaried-manager monthly wage, and hourly/daily/weekly contracted unit rate times actual month units; actual part-time reference threshold and floor/cap. Input evidence is required; monthly source identity is not bound by a dedicated unit-month field.. Remaining: Bind agreed_month_units and special_monthly_wage to the actual assessed calendar-month source/identity so a standing scheme election cannot silently carry another month wage/unit quantity.; Complete applicable actual cross-employer and salaried-versus-nonsalaried manager assessed wage priority; retained current source is not that automatic consumer. | Source-only; historical verification unchanged.",statutory_contributions:UI,,,
VN-UI-08,VN,contribution,"Foreign-currency contract/pay, first or second half-year and official State-owned commercial-bank transfer buying rates on **2 January or 1 July** (next working day if holiday) → convert insured UI wage to VND using the prescribed average rate for that half-year",Decree 374/2025/ND-CP art.7(5); from 1 January 2026,https://congbaocdn.chinhphu.vn/180507251028987904/2026/1/27/cong-bao-so-48-ngay-23-01-46946signed-17694874955991619007433.pdf,2026-09-29,2026-01-01,,PARTIAL,"Source reconciliation 2026-10-03. Integrated: Actual foreign insured wage/currency, transfer-buy bank sum/count, quote day/half-year and FX dossier elections feed prescribed half-year wage conversion; no live FX is guessed.. Remaining: Actual individual official bank quotation register/independent average and next-working-day publication calendar are not native linked producers; existing entered sum/count/dossier is not a complete original quotation roster. | Source-only; historical verification unchanged.",,,,
VN-UI-09,VN,contribution,"Detention or job suspension for at least 14 working days in a UI month → suspend both shares; if full back wages are later paid, pay UI arrears for the suspended months alongside compulsory SI arrears",Decree 374/2025/ND-CP art.7(6); from 1 January 2026,https://congbaocdn.chinhphu.vn/180507251028987904/2026/1/27/cong-bao-so-48-ngay-23-01-46946signed-17694874955991619007433.pdf,2026-09-29,2026-01-01,,PARTIAL,"Integrated actual full/partial custody and pre-2026 non-State month/source arithmetic, immutable whole wage payment gross/cash/tax allocations, original full liability and known credit conservation. Source: jurisdiction_settings history kinds, history-native-gross.ts, history-assessment.ts, statutory-personal-fund.ts and native source_cash_payments. PARTIAL: native agency assessment/principal/fund-remittance producers and terminal restoration workflow remain outside these source recipes; no paid fund receipt inferred.",,,,
VN-UI-10,VN,contribution,"Prior UI months, prior benefits and later agency-confirmed periods across employers → preserve only eligible unused months, apply the over-36-through-144 and over-144 rules and adjust after cancelled/terminated/unclaimed benefits",Decree 374/2025/ND-CP art.8(1)–(8); from 1 January 2026,https://congbaocdn.chinhphu.vn/180507251028987904/2026/1/27/cong-bao-so-48-ngay-23-01-46946signed-17694874955991619007433.pdf,2026-09-29,2026-01-01,,EXTERNAL,"Employer service dates alone cannot derive fund-confirmed contribution history or the decree's preservation arithmetic. Benefit receipt, post-exit confirmations and social-insurance-book record are outside current payroll evidence. Closure case: Prior employer and gaps, 36/37/144/145 months, benefit cancellation and late confirmed month. (Register status 2026-09-29: No [EXTERNAL 2026-09-29].)",,,,
VN-UI-11,VN,other,"Worker claim with lawful employer termination record and agency-confirmed UI wage for the **latest six contributed months** (skip noncontributing gaps) → monthly UI benefit of **60% of the six-month average**, capped at five regional minimum wages at termination",Decree 374/2025/ND-CP arts.14–15; from 1 January 2026,https://congbaocdn.chinhphu.vn/180507251028987904/2026/1/27/cong-bao-so-48-ngay-23-01-46946signed-17694874955991619007433.pdf,2026-09-29,2026-01-01,,EXTERNAL,"No verified six-contributed-month wage history, possibly from earlier employers, claim/termination document, regional cap or agency benefit output exists. Previous employment **salary** is relevant to this benefit only if it falls among those six insured wage months; previous service alone is insufficient. Closure case: Six months spanning two employers and an unpaid gap, capped high wage, employer missing representative and 3-month claim boundary. (Register status 2026-09-29: No [IN-SYSTEM 2026-09-29].)",,,,
VN-UI-12,VN,other,"Remaining training and claim processes, decisions, suspension, restoration, transfer, public-fund and agency provisions → classify each operative employer or payroll-interface clause and record sourced actor-only exclusions","Decree 374/2025/ND-CP arts.1–2,11–13,16–21,27–30,33–42,44–46 and annex; from 1 January 2026",https://congbaocdn.chinhphu.vn/180507251028987904/2026/1/27/cong-bao-so-48-ngay-23-01-46946signed-17694874955991619007433.pdf,2026-09-29,2026-01-01,,PARTIAL,"Source reconciliation 2026-10-03. Integrated: Actual annual participation duty/source receipt and employer notice/information/pending-application declarations; retained UI cancellation/preservation equations. Training support/recovery/unspent/return/balance sources, rosters and original forms/decision/date arithmetic are adopted, not a complete company grant or claimant writer.. Remaining: Complete company-wide once-only training grant/approved worker roster/fund-forwarding/recovery and Form30/31/32 native events with actual response/repayment working-day calendars.; Complete claimant cancellation/suspension/restoration/transfer, real received awards/HI continuation and original pre-2026 transition consumer. | Source-only; historical verification unchanged.",,,,
VN-UI-13,VN,other,"Employer facing covered workforce reductions from qualifying restructuring, economics, disaster or ordered relocation → apply the size-specific 30%/30, 50 or 100 affected-worker threshold, at least 12 UI-paid months in the relevant 24 months, and a 12-month job-retention training plan; potential support is once, at most VND 1 million per person per training month and six months, with excess tuition borne by employer",Decree 374/2025/ND-CP arts.22–24 and 31(1); from 1 January 2026,https://congbaocdn.chinhphu.vn/180507251028987904/2026/1/27/cong-bao-so-48-ngay-23-01-46946signed-17694874955991619007433.pdf,2026-09-29,2026-01-01,,EXTERNAL,"No dated headcount/reduction, cause certificate, fund-paid history, approved 12-month plan or training cost record supports this conditional employer benefit; the form and document set in art.24 is not captured. Closure case: Under/at 200 and 1,000 workers, 29/30/50/100 affected workers, 11/12 paid months, 14/15 training days and six/seven months. (Register status 2026-09-29: No [EXTERNAL 2026-09-29].)",,,,
VN-UI-14,VN,other,"Employer granted job-retention training support → deliver approved training and retain/reassign each worker as planned; transfer support to an external trainer within two working days, settle and report within 45 days of course completion, and notify/repay where plan is abandoned or retention fails, subject to art.25 termination exceptions",Decree 374/2025/ND-CP arts.25–26(5)–(10) and 32(8)–(9); from 1 January 2026,https://congbaocdn.chinhphu.vn/180507251028987904/2026/1/27/cong-bao-so-48-ngay-23-01-46946signed-17694874955991619007433.pdf,2026-09-29,2026-01-01,,EXTERNAL,"No approved-plan-to-worker ledger, support receipts/transfers, training completion, job-retention outcome, exception evidence, report or recovery clock is evidenced; this is an external employer duty and conditional funding mechanism. Closure case: Approved versus abandoned plan, external trainer transfer, lawful dismissal exception, failure to retain and late report/repayment. (Register status 2026-09-29: No [EXTERNAL 2026-09-29].)",,,,
VN-UI-15,VN,filing,"Employer seeking job-retention support → obtain UI-payment confirmation and required commune-chair cause confirmation, then submit the art.24 dossier to the public employment service at head-office locality within six months of qualifying",Decree 374/2025/ND-CP art.26(1)–(2); from 1 January 2026,https://congbaocdn.chinhphu.vn/180507251028987904/2026/1/27/cong-bao-so-48-ngay-23-01-46946signed-17694874955991619007433.pdf,2026-09-29,2026-01-01,,EXTERNAL,"No dated eligibility event, evidence requests, required local certification, dossier or six-month filing clock is recorded. Agency decision and payment deadlines in art.26(3)–(4) belong to the agency, not the employer. Closure case: Six-month deadline across month ends, qualifying/no qualifying cause, missing certificate and head-office locality. (Register status 2026-09-29: No [EXTERNAL 2026-09-29].)",,,,
VN-UI-16,VN,filing,"Covered employer → coordinate UI-policy information with its grassroots union; identify/register eligible UI workers and pay fully/on time; preserve UI records during employment and present them for official inspection; provide contribution information within two working days of worker request; provide exit documents within two working days of termination and confirm UI payment; supply contracts on verification request, report workforce changes, and report prior-year UI participation to the provincial Department of Home Affairs before 15 January",Decree 374/2025/ND-CP art.32(1)–(7); from 1 January 2026,https://congbaocdn.chinhphu.vn/180507251028987904/2026/1/27/cong-bao-so-48-ngay-23-01-46946signed-17694874955991619007433.pdf,2026-09-29,2026-01-01,,EXTERNAL,"Payroll share calculation does not prove union coordination, registration, payment receipt, records/inspection, response clocks, exit certification or external reports. Employer/agency acknowledgements are absent. Closure case: New hire, audit request, worker information request, exit on a holiday, workforce change and 14/15 January report. (Register status 2026-09-29: No [EXTERNAL 2026-09-29].)",obligations:SI_CONFIRMATION_ON_TERMINATION,,,
VN-UI-17,VN,filing,Employer workforce increases or decreases by **at least 50 workers** → notify the public employment service at the workplace under official Form 33,Decree 374/2025/ND-CP art.32(10); from 1 January 2026,https://congbaocdn.chinhphu.vn/180507251028987904/2026/1/27/cong-bao-so-48-ngay-23-01-46946signed-17694874955991619007433.pdf,2026-09-29,2026-01-01,,EXTERNAL,"No dated headcount event, 49/50-worker selector, locality routing, Form 33 or submission evidence is recorded. Closure case: +49/+50 and −49/−50 workers, multiple workplaces and submission receipt. (Register status 2026-09-29: No [EXTERNAL 2026-09-29].)",,,,
VN-UI-18,VN,severance,Separate UI-paid service from employment without required UI for severance/job-loss liability; apply the new decree to undetermined pre-2026 employer training-support and worker benefit applications; retire Decrees 28/2015 and 61/2020 from 1 January 2026 and count statutory day periods under art.45(3),"Decree 374/2025/ND-CP arts.43(1)–(2),(4)–(5),45; January 2026 transition",https://congbaocdn.chinhphu.vn/180507251028987904/2026/1/27/cong-bao-so-48-ngay-23-01-46946signed-17694874955991619007433.pdf,2026-09-29,2026-01-01,,PARTIAL,Exact original UI paid/preserved/consumed book/month/employer-to-SEPARATION_SERVICE UI_COVER bridge now integrated4versions and admitted before actual separation payroll; cash-in-lieu remains independently sourced. Remaining: native undetermined pre2026 worker/employer-training application transition and all applicable art45(3) day/working-day claimant calendars. Source-only; historical evidence retained.,,,,
VN-UI-19,VN,other,"Former worker seeking public employment counselling/job referral supplies the prescribed form and, on the first post-unemployment request, contract-end proof. The public employment service performs counselling and referral; the former employer's exit-document duty is in VN-UI-16. A company operating a licensed employment service needs its separate Decree 352/2025/ND-CP provider classification.",Decree 374/2025/ND-CP arts.9–10 and Decree 352/2025/ND-CP employment-service form; from 1 January 2026,https://congbaocdn.chinhphu.vn/180507251028987904/2026/1/27/cong-bao-so-48-ngay-23-01-46946signed-17694874955991619007433.pdf,2026-09-29,2026-01-01,,EXTERNAL,"The worker/agency process is not an employer payroll amount, but the exit-proof handoff and conditional private-provider branch need dated actor, form and receipt evidence. Decree 352/2025/ND-CP is authenticated but its operative provider articles and amendments have not been reviewed. Closure case: First counselling request with/without exit proof; ordinary employer versus licensed employment-service provider. (Register status 2026-09-29: No [EXTERNAL 2026-09-29].) Decree 374/2025 art.9 explicitly imports the employment-counselling form from Decree 352/2025; its employer/service-provider boundary has not been dispositioned.Source ledger Decree 352/2025/ND-CP: https://congbao.chinhphu.vn/van-ban/nghi-dinh-so-352-2025-nd-cp-468351.htm 'Official Gazette Decree 352/2025/ND-CP on employment services, effective 1 January 2026; cross-referenced by Decree 374 article 9'",,,,
VN-UNION-01,VN,levy,"SI salary fund, organization and membership/election → employer union fund and member dues separately",Trade Union Law 50/2024/QH15 and dated implementing rules; whole scope,https://congbao.chinhphu.vn/van-ban/luat-so-50-2024-qh15-43589.htm,2026-09-29,2025-12-01,,PARTIAL,"Actual member/source proof and distinct capped nonState, uncapped nonbudget public-service and competent fixed nonsalaried/nonSI dues classes are integrated. State-enterprise 0.5% net dues capped at 10% dated reference level now consume exact original contractual BASIC sources and ordered actual SI/HI/UI/PIT cash-charge outcomes, including explicit qualified zero; aliases and mixed/reduced source partitions refuse. Original FILE-backed benefit>=1calendar month and income-waiver intervals must cover the actual assessment; no-income qualification requires actual zero current wages and known original paid-month zero, never missing-ledger zero. Remaining: mixed/negative wage charge attribution, qualified complete-query zero and partial-period waiver allocation, resolved net/higher dues with separately retained increment, public-budget/other classes and original union transfer/reconciliation. Historical evidence preserved; source-only.",seed/jurisdiction/VN/statutory_contributions.json#UNION_DUES; src/lib/payroll/contribution.ts,"Vietnam — union dues stop only for a month unpaid, and a member outside SI pays the set sum (Decision 61/QĐ-TLĐ art.1)",VN-UNION-01-1; VN-UNION-01-2; VN-SI-06-1,2026-09-29
VN-REPORT-01,VN,filing,"Registration, wage/month records and deadlines → declarations, remittances, annual tax finalization and retained evidence","Social Insurance Law 41/2024/QH15, PIT Law 109/2025/QH15, Employment Law 74/2025/QH15 and issuers' forms; whole scope",https://vanban.chinhphu.vn/?pageid=27160&docid=211199,2026-09-29,2025-12-01,,EXTERNAL,"Calculated charges do not file, pay, acknowledge or retain authority returns automatically. SI registration and remittance deadlines are VN-SI-06; the labour-change report is VN-LC01-02; retention is VN-RECORD-01. Each report/form/deadline needs an issuer-level inventory and evidence path. Closure case: Late/new hire, amended wage, final year, remittance receipt. (Register status 2026-09-29: No [EXTERNAL 2026-09-29].)","obligations:SI_HI_UI_CHANGE_DECLARATION,PIT_ANNUAL_FINALISATION,PIT_WITHHOLDING_CERTIFICATE",,,
VN-RECORD-01,VN,records,"Accounting use and year end → archive within 12 months, then retain management-only accounting records **5 years** or directly posted vouchers/statements **10 years** minimum; tax and SI records follow their own rules","Accounting Law 88/2015/QH13 art.41(3),(5)(a)–(b) and Decree 174/2016/ND-CP arts.12(1)–(2), 13(1), 15(1); whole scope",https://congbao.chinhphu.vn/van-ban/luat-so-88-2015-qh13-18393.htm,2026-09-29,2025-12-01,,EXTERNAL,"Official Gazette texts verified 2026-09-29. Four live VN `RECORD_RETENTION` duties now cite the correct articles and distinguish 5/10 years. No saved classification of each payroll sheet or timesheet, archive/destruction record, or tax/SI retention proof exists; VN-DATA-01 remains separate. Closure case: A directly posted payroll voucher versus management-only timesheet at years 5/10, plus archive date and tax/SI controls. (Register status 2026-09-29: No [EXTERNAL 2026-09-29].) Round 7: ACC2015 art.41(3),(5) and D174 arts.12,13,15 read in the Official Gazette; the former seed cited art.12 for a 10-year voucher rule although art.12 is the 5-year management-only class; all four live `RECORD_RETENTION` duties now distinguish the two classes and cite art.13(1). Source note: ACC2015 Official Gazette 1241+1242, effective 1 January 2017; D174 Official Gazette 51+52, effective 1 January 2017, art.15(1) counts from accounting year end.Source ledger Decree 174/2016/ND-CP: https://congbao.chinhphu.vn/van-ban/nghi-dinh-so-174-2016-nd-cp-21879.htm 'Decree 174/2016/NĐ-CP, Official Gazette 51+52 (text layer), effective 1 January 2017: art.12 management-only documents 5 years, art.13(1) directly posted vouchers/financial statements 10 years, art.15(1) counted from accounting year end; read 2026-09-29. Earlier inventory/seed citation to art.12 for the 10-year class was incorrect'",obligations:RECORD_RETENTION,,,
VN-D291-01,VN,filing,"Employer or other holder receives a tax-authority information request for an applicable tax information-exchange treaty/agreement → supply responsive information by the stated deadline; delivery at least five days late is the VND10m–30m offence, separate from ordinary PIT filing sanctions","Decree 291/2026/ND-CP arts.1–2, new Decree 125/2020 art.19a(1); from 21 July 2026",https://datafiles.chinhphu.vn/cpp/files/vbpq/2026/7/291_2026_nd-cp_21072026-signed.signed.pdf,2026-09-29,2026-07-21,,EXTERNAL,"No saved authority request, treaty-purpose flag, due/extension date, disclosed employee-wage records or submission acknowledgement exists; the signed text excludes duplicate punishment for the same conduct under arts.14/15/19. Closure case: Dated request, day 4/5 late and ordinary quarterly wage PIT filing control. (Register status 2026-09-29: No [EXTERNAL 2026-09-29].)",,,,
VN-D291-02,VN,filing,Requested information supplied inaccurately or incompletely → correct/complete it; offence range VND30m–50m,"Decree 291/2026/ND-CP art.2, new art.19a(2),(4); from 21 July 2026",https://datafiles.chinhphu.vn/cpp/files/vbpq/2026/7/291_2026_nd-cp_21072026-signed.signed.pdf,2026-09-29,2026-07-21,,EXTERNAL,"Payroll may hold wage records, but no authority-request verification/correction workflow or evidence of complete, accurate resubmission is mapped. Closure case: One erroneous earnings record, corrected response and authority acknowledgement. (Register status 2026-09-29: No [EXTERNAL 2026-09-29].)",,,,
VN-D291-03,VN,filing,"No information after 15 days from the request or extension deadline, or collusion/concealment obstructing authority collection → VND50m–100m offence; mandatory full/accurate supply for the non-response branch","Decree 291/2026/ND-CP art.2, new art.19a(3)–(4); from 21 July 2026",https://datafiles.chinhphu.vn/cpp/files/vbpq/2026/7/291_2026_nd-cp_21072026-signed.signed.pdf,2026-09-29,2026-07-21,,EXTERNAL,"No request aging/escalation, extension evidence, incident record, remedial submission or employer authority-response path is mapped; collusion is a separate prohibited conduct branch. Closure case: Day-15 boundary, granted extension, failure to respond and collusion case. (Register status 2026-09-29: No [EXTERNAL 2026-09-29].)",,,,
VN-LEAVE-01,VN,leave,"Prenatal exam, pregnancy loss, birth/adoption, sick child, contraception or convalescence and insured history → correct absence, fund/employer pay and contribution month",Social Insurance Law 41/2024/QH15 leave-benefit provisions; whole scope,https://vanban.chinhphu.vn/?pageid=27160&docid=211199,2026-09-29,2025-12-01,,PARTIAL,"Integrated seventeen insured case policies, original book-qualified latest insured wages/count windows and owned event sources. Childcare per-child/year quota now uses complete owned sourcebook, original frozen leave allocations, actual charge-date birth-age limits and per-year grouping; paternity uses original whole-delivery book, exact spouse/delivery identity and preserved ordinary/second-child/multiple bands across requests. Current certified units equal actual frozen charge total; entered prior counters removed. Remaining: other maternal/carer cross-case allocation, original earlier cash receipt reconciliation, competent quota restoration, legacy incomplete native identity/source reconciliation, nonemployment claimant and military multi-child channels. Source-only; historical evidence preserved.",,,,
VN-LEAVE-02,VN,leave,"Start/end of calendar-day versus working-day leave, cross-month and partial month → correct entitlement and salary/insurance treatment",Social Insurance Law 41/2024/QH15 and Labour Code 45/2019/QH14 (consolidation 18/VBHN-VPQH of 12 Feb 2026); whole scope,https://vanban.chinhphu.vn/?pageid=27160&docid=211199,2026-09-29,2025-12-01,,PARTIAL,"Source reconciliation 2026-10-03. Integrated: Native calendar-span versus roster leave charges, real working/calendar periods, delivery-count transport, odd calendar days/whole months, partial-day/gapped charge controls, source no-cash policy and actual employer wage allocation are adopted.. Remaining: Complete actual split/interrupted cross-month same-event case continuity/quota and overlapping prior case/award allocations; current calendar/roster charge validation is per case and does not establish every cross-case continuation. | Source-only; historical verification unchanged.",leave_catalogue:MATERNITY_LEAVE (calendar_months),"VN — a maternity grant of N months ends on the calendar, not after 30 × N days",,
VN-LEAVE-03,VN,leave,"Mother giving birth with **exactly one prior living biological child at the birth**, plus insurance qualification for the allowance → seven months' leave (then one extra month for each additional baby in a multiple birth) and the applicable fund allowance; otherwise ordinary six-month leave applies","Population Law 113/2025/QH15 art.14(1)(a), art.29(1), Labour Code 45/2019/QH14 (consolidation 18/VBHN-VPQH of 12 Feb 2026) art.139(1) and Decree 168/2026/ND-CP art.2(1); **from 1 July 2026**",https://congbao.chinhphu.vn/van-ban/luat-so-113-2025-qh15-468675.htm,2026-09-29,2026-07-01,,PARTIAL,"Source reconciliation 2026-10-03. Integrated: July mother seven-month exactly-one-prior-living-biological-child selector, actual delivery count/additional babies, qualified source wage/benefit amount and ordinary six-month alternative; fetal regimes do not inherit the second-child extension.. Remaining: Complete book-linked actual qualification and correct event-month inclusion/latest wages; bind the actual same biological-child/event identity and prior leave/award allocations across cases. | Source-only; historical verification unchanged.",leave_catalogue:MATERNITY_LEAVE,"Vietnam — the annual-leave cohorts, the seniority ladder and the SI sick bands",,
VN-LEAVE-04,VN,leave,Insured father whose wife had exactly one prior living biological child receives ten working days for the second-child birth; multiple births have their own higher bands.,"Population Law 113/2025/QH15 art.14(1)(a), Decree 168/2026/ND-CP art.2(1) and Social Insurance Law 41/2024/QH15 art.53; from 1 July 2026",https://congbao.chinhphu.vn/van-ban/luat-so-113-2025-qh15-468675.htm,2026-09-29,2026-07-01,,PARTIAL,"Integrated July second-child10-day and ordinary/multiple paternity bands with actual wife/history/insurance wage qualification, original60-day final-start condition and /24 award basis. Native mandatory EVENT quota now reconciles whole original delivery book against approved frozen original leave units across ordinary/fetal cases; owned spouse/delivery identity, immutable book/hash/cutoff and exact current certified units; entered prior-day counter removed. Remaining: competent quota restoration or historical missing identity/source qualification and exact earlier fund award/cash reconciliation across cases; actual scalar-qualified complete biological-child history. Source-only; historical evidence preserved.",leave_catalogue:PATERNITY_LEAVE,Vietnam — a preexisting July paternity entry without the wife’s child history cannot settle (Decree 168/2026 art.2),,
VN-CULT-DAY-01,VN,rest_holiday,"Every 24 November is Vietnam Culture Day; employee scheduled work and ordinary wage → day off at full wage. Resolve the date, roster and actual payment separately from Labour Code art.112's eleven enumerated days.","NA Resolution 28/2026/QH16 art.2(1), art.13; from 1 July 2026, first occurrence 24 November 2026",https://datafiles.chinhphu.vn/cpp/files/vbpq/2026/4/nq28phattrienvanhoa.pdf,2026-09-29,2026-07-01,,IMPLEMENTED,"Annual paid Vietnam Culture Day24November from2026 is integrated in sealed statutory calendar with explicit no weekly-rest substitute; native ANNUAL and optional substitution transport, source admission and actual payroll/work-calendar consumers are wired. Source implementation only; no verification promotion.",seed/jurisdiction/VN/jurisdiction_settings.json:2026-07 statutory_calendar;src/lib/statutory-calendar.ts;src/lib/datatypes/statutory_calendar.ts;src/data/custom_field/statutory_calendar/+definition.ts,,VN-CULT-DAY-01-1,2026-09-29
VN-OSH-01,VN,other,"Job hazard, exposure, workplace assessment and accident/disease → safe-hours limit, prevention, recording, reporting and compensation",OSH Law 84/2015/QH13 and Labour Code 45/2019/QH14 (consolidation 18/VBHN-VPQH of 12 Feb 2026) art.105(3); whole scope,https://vanban.chinhphu.vn/?docid=180606&pageid=27160,2026-09-29,2025-12-01,,EXTERNAL,"Sector/workplace risk and incident evidence are outside current payroll facts; the external safety duties need provision-level mapping. Closure case: Hazardous exposure, accident report and linked employer payment. (Register status 2026-09-29: No [EXTERNAL 2026-09-29].)",obligations:OCCUPATIONAL_HEALTH_CHECK,,,
VN-OSH-02,VN,wages,"Workplace accident or occupational disease → full wage while off work for treatment and rehabilitation (art.38(3)); compensation when not wholly the worker's own fault of at least **1.5 months' wage** for 5–10% capacity loss, plus **0.4 month** per further 1% from 11% to 80%, and at least **30 months' wage** for 81% or more or death (art.38(4)); at least **40%** of that amount where the worker was wholly at fault (art.38(5)); payment within **5 days** of the medical-assessment conclusion or the fatal-accident report (art.38(7))","OSH Law 84/2015/QH13 art.38(3)–(7) (Gazette 871+872, pp.30–31); whole scope",https://vanban.chinhphu.vn/?docid=180606&pageid=27160,2026-09-29,2025-12-01,,PARTIAL,"Source reconciliation 2026-10-03. Integrated: Existing primary source prerequisite; see exact residual.. Remaining: Statutory compensation amount/dossier native adhoc source integrated. Full treatment/rehabilitation absence wage, five-day actual-paid deadline audit, higher agreement/insurer offsets and amended-law source reconciliation remain incomplete. | Source-only; historical verification unchanged.",,,,
VN-UNION-02,VN,other,"Representative body, consultation, collective agreement and payroll terms → lawful consultation/records and more favourable terms",Labour Code 45/2019/QH14 (consolidation 18/VBHN-VPQH of 12 Feb 2026) arts.170–178 and Trade Union Law 50/2024/QH15; whole scope,https://vanban.chinhphu.vn/?docid=217002&pageid=27160,2026-09-29,2025-12-01,,PARTIAL,Source reconciliation 2026-10-03. Integrated: Existing primary source prerequisite; see exact residual.. Remaining: Applicable collective-wage floor source used by invalid-wage pathway is an integrated prerequisite. Representative/consultation/bargaining/operative collective agreement records and full resulting payroll-term lifecycle are incomplete. | Source-only; historical verification unchanged.,obligations:WORKPLACE_DIALOGUE,,,
VN-DATA-01,VN,records,"Employee identity, health, wage and bank data → lawful handling, security and retention",Personal Data Protection Law 91/2025/QH15; from January 2026,https://vanban.chinhphu.vn/?classid=1&docid=214590&pageid=27160&typegroup=,2026-09-29,2026-01-01,,EXTERNAL,"This is an external HR/data duty; payroll rows alone cannot establish purpose, access, retention or worker-rights fulfillment. Closure case: Map each employee-data flow and authority requirement to saved control evidence. (Register status 2026-09-29: No [EXTERNAL 2026-09-29].) Source note: Personal Data Protection Law 91/2025/QH15, https://vanban.chinhphu.vn/?classid=1&docid=214590&pageid=27160&typegroup=.","obligations:PDPL_CONSENT,PDPL_RECRUITMENT_AND_EMPLOYMENT,PDPL_IMPACT_ASSESSMENT,PDPL_BREACH_NOTIFICATION,PDPL_DATA_PROTECTION_PERSONNEL",,,
VN-ENFORCE-01,VN,other,"Wage, working-time, insurance or HR breach and offence date → identify governing offence/remedial duty, correct/pay arrears or contributions and keep authority evidence","Decree 283/2026/ND-CP arts.23–24,68 and other applicable employer-offence provisions; from 10 September 2026, subject to staged provisions",https://datafiles.chinhphu.vn/cpp/files/vbpq/2026/7/283-ndcp.signed.pdf,2026-09-29,2026-09-10,,EXTERNAL,"The 68-article decree replaces Decree 12/2022 with express transitional/staged commencement; its employer offence/remedy branches are not matched one by one to this register or to a saved correction/authority-response path. Sanctions are employer liabilities, not employee payroll deductions. Closure case: Underpayment detected after commencement for a pre-commencement act, late contribution, remedial arrears and staged-provision trigger. (Register status 2026-09-29: No [EXTERNAL 2026-09-29].)",,,,
VN-SCOPE-01,VN,other,"Every applicable primary, subsidiary and local instrument, commencement, transition, exclusion and cross-reference → closed provision denominator",All sources above; whole scope,https://vanban.chinhphu.vn/?docid=217002&pageid=27160,2026-09-29,2025-12-01,,PARTIAL,Source reconciliation 2026-10-03. Integrated: Existing primary source prerequisite; see exact residual.. Remaining: Open source denominator remains; frozen packets and genuine unsolved annual/insured book/royalty transitions cannot be counted as adopted whole-scope implementation. Future/local referenced instruments require actual source classification. | Source-only; historical verification unchanged.,,,,
VN-D261-01,VN,wages,"Employer type, position, approved professional assignment, budget-paid armed-forces status and direct performance → distinguish occupational-allowance eligible staff from rehearsal/performance eligible contract staff",Decree 261/2026/ND-CP arts.1–3; from 1 July 2026,https://datafiles.chinhphu.vn/cpp/files/vbpq/2026/7/261-ndcp.signed.pdf,2026-09-29,2026-07-01,,IMPLEMENTED,Existing implementation classification retained from the pre-cleanup current ledger snapshot; committed legal row and configuration identity restored. Behavioral verification pending.,,,,
VN-D261-02A,VN,wages,"Conductor of orchestra/choir; tuồng, chèo, cải lương, circus, water-puppet, opera or ballet performer; qualifying symphony brass/woodwind performer → occupational-allowance rate **50%, then 60%**","Decree 261/2026/ND-CP art.4(1)(a), (2)(a); 1 July 2026–30 June 2027, then until replacement salary regime",https://datafiles.chinhphu.vn/cpp/files/vbpq/2026/7/261-ndcp.signed.pdf,2026-09-29,2026-07-01,,IMPLEMENTED,Existing implementation classification retained from the pre-cleanup current ledger snapshot; committed legal row and configuration identity restored. Behavioral verification pending.,,,,
VN-D261-02B,VN,wages,"Folk drama/musical, folk song, court dance, traditional/folk instrumental performer; qualifying symphony string/percussion/keyboard or armed-forces ceremonial brass/woodwind performer → **40%, then 50%**","Decree 261/2026/ND-CP art.4(1)(b), (2)(b); same periods",https://datafiles.chinhphu.vn/cpp/files/vbpq/2026/7/261-ndcp.signed.pdf,2026-09-29,2026-07-01,,IMPLEMENTED,Existing implementation classification retained from the pre-cleanup current ledger snapshot; committed legal row and configuration identity restored. Behavioral verification pending.,,,,
VN-D261-02C,VN,wages,"Spoken/physical/mime drama, new song/choir, dry-puppet, folk/contemporary/variety dance or armed-forces ceremonial percussion performer → **30%, then 40%**","Decree 261/2026/ND-CP art.4(1)(c), (2)(c); same periods",https://datafiles.chinhphu.vn/cpp/files/vbpq/2026/7/261-ndcp.signed.pdf,2026-09-29,2026-07-01,,IMPLEMENTED,Existing implementation classification retained from the pre-cleanup current ledger snapshot; committed legal row and configuration identity restored. Behavioral verification pending.,,,,
VN-D261-02D,VN,wages,"Electronic-instrument or electronic/digital sound performer → **20%, then 30%**","Decree 261/2026/ND-CP art.4(1)(d), (2)(d); same periods",https://datafiles.chinhphu.vn/cpp/files/vbpq/2026/7/261-ndcp.signed.pdf,2026-09-29,2026-07-01,,IMPLEMENTED,Existing implementation classification retained from the pre-cleanup current ledger snapshot; committed legal row and configuration identity restored. Behavioral verification pending.,,,,
VN-D261-02E,VN,wages,"Sound, lighting or stage technician, backstage, makeup, costume or prop worker → **20%, then 20%**","Decree 261/2026/ND-CP art.4(1)(đ), (2)(đ); same periods",https://datafiles.chinhphu.vn/cpp/files/vbpq/2026/7/261-ndcp.signed.pdf,2026-09-29,2026-07-01,,IMPLEMENTED,Existing implementation classification retained from the pre-cleanup current ledger snapshot; committed legal row and configuration identity restored. Behavioral verification pending.,,,,
VN-D261-03,VN,wages,Qualifying remote/border/island/minority/disadvantaged location adds five percentage points subject to a 60% cap; People's Artist/Distinguished Artist status has special dated rates; overlapping rates yield the highest one,Decree 261/2026/ND-CP art.4(3)–(5); from 1 July 2026,https://datafiles.chinhphu.vn/cpp/files/vbpq/2026/7/261-ndcp.signed.pdf,2026-09-29,2026-07-01,,IMPLEMENTED,Existing implementation classification retained from the pre-cleanup current ledger snapshot; committed legal row and configuration identity restored. Behavioral verification pending.,,,,
VN-D261-04,VN,wages,"Monthly occupational allowance = statutory base salary × (current rank/grade salary coefficient + leadership-position coefficient if any + excess-seniority percentage coefficient if any) × applicable allowance rate; exclude stated assignment, maternity/SI leave, unpaid absence and suspension periods; pay with salary, outside SI/HI/UI insured base",Decree 261/2026/ND-CP art.4(6)–(8); from 1 July 2026,https://datafiles.chinhphu.vn/cpp/files/vbpq/2026/7/261-ndcp.signed.pdf,2026-09-29,2026-07-01,,IMPLEMENTED,Existing implementation classification retained from the pre-cleanup current ledger snapshot; committed legal row and configuration identity restored. Behavioral verification pending.,,,,
VN-D261-05,VN,wages,"Approved rehearsal sessions and four role classes → per-session rehearsal payment of 7/5/4/3% of statutory base salary, rising to 15/12/8/5% in the second period","Decree 261/2026/ND-CP art.5(1)–(2); 1 July 2026–30 June 2027, then until replacement salary regime",https://datafiles.chinhphu.vn/cpp/files/vbpq/2026/7/261-ndcp.signed.pdf,2026-09-29,2026-07-01,,IMPLEMENTED,Existing implementation classification retained from the pre-cleanup current ledger snapshot; committed legal row and configuration identity restored. Behavioral verification pending.,,,,
VN-D261-06,VN,wages,"Approved preliminary/final rehearsal or performance sessions and four role classes → per-session performance payment of 18/15/10/7% of statutory base salary, rising to 30/25/20/15% in the second period","Decree 261/2026/ND-CP art.5(3)–(4); 1 July 2026–30 June 2027, then until replacement salary regime",https://datafiles.chinhphu.vn/cpp/files/vbpq/2026/7/261-ndcp.signed.pdf,2026-09-29,2026-07-01,,IMPLEMENTED,Existing implementation classification retained from the pre-cleanup current ledger snapshot; committed legal row and configuration identity restored. Behavioral verification pending.,,,,
VN-D261-07,VN,wages,Concurrent roles → highest applicable per-session rate only; approved plan/task and confirmed participation → cash payment outside SI/HI/UI insured base,Decree 261/2026/ND-CP art.5(5)–(7); from 1 July 2026,https://datafiles.chinhphu.vn/cpp/files/vbpq/2026/7/261-ndcp.signed.pdf,2026-09-29,2026-07-01,,IMPLEMENTED,Existing implementation classification retained from the pre-cleanup current ledger snapshot; committed legal row and configuration identity restored. Behavioral verification pending.,,,,
VN-D261-08,VN,wages,"Public-unit/armed-forces funding source, predecessor Decision 14/2015/QD-TTg and outstanding settlement → correct funding, dated repeal, transition of already accrued unpaid/unsettled allowance or session pay, and cessation on future salary-regime change",Decree 261/2026/ND-CP arts.6–8; from 1 July 2026,https://datafiles.chinhphu.vn/cpp/files/vbpq/2026/7/261-ndcp.signed.pdf,2026-09-29,2026-07-01,,PARTIAL,Source reconciliation 2026-10-03. Integrated: Existing primary source prerequisite; see exact residual.. Remaining: Actual unit/funding references and affirmative current salary-regime cessation guard are integrated. Predecessor already accrued/unpaid/unsettled entitlements and original funding transition/settlement producer remain unsupported. | Source-only; historical verification unchanged.,,,,
VN-D261-09,VN,records,"Head of qualifying unit → periodically or on job change review occupational-allowance entitlement, verify assigned/attended sessions, internally control payment, keep records and report annually",Decree 261/2026/ND-CP art.9; from 1 July 2026,https://datafiles.chinhphu.vn/cpp/files/vbpq/2026/7/261-ndcp.signed.pdf,2026-09-29,2026-07-01,,EXTERNAL,"These are employer HR and financial-control actions; no saved review, attendance approval, internal audit or annual report evidence is traced from the product. Closure case: Job reassignment, false attendance, corrected pay and annual report acknowledgement. (Register status 2026-09-29: No [EXTERNAL 2026-09-29].)",,,,
VN-D282-01,VN,wages,"State-selected cultural work, Vietnamese-citizen literary/fine-art/photography author, approved creation days and grade-II step-1 A2.1 public salary equivalent → creation remuneration per day for at most 120 working days; eligible camp food/lodging under separate rules",Decree 282/2026/ND-CP art.14(1)–(3); from 14 July 2026,https://congbaocdn.chinhphu.vn/180507251028987904/2026/7/28/470104-1785228994_v1_1785230347_signed.pdf,2026-09-29,2026-07-14,,EXTERNAL,"No state-selection, author class, approved workday count, dated public salary coefficient or payer evidence is mapped. The separate camp expense schedule and remuneration/PIT classification remain open. This is a conditional state payer duty, not a general private salary rate. Closure case: 119/120/121 approved working days, literary versus visual author, public selection and ordinary private commission. (Register status 2026-09-29: No [EXTERNAL 2026-09-29].)",,,,
VN-D282-02,VN,wages,"Qualifying publicly funded performance program and approved rehearsal/performance sessions → budget covers eligible travel, meals, lodging, props and Decree 261/2026/ND-CP session payments","Decree 282/2026/ND-CP art.15(1)(c),(2)(a); from 14 July 2026",https://congbaocdn.chinhphu.vn/180507251028987904/2026/7/28/470104-1785228994_v1_1785230347_signed.pdf,2026-09-29,2026-07-14,,EXTERNAL,"No program approval, funding source, actual session, expense eligibility or reimbursement/payroll classification is saved and checked; Decree 261/2026/ND-CP remains the cross-referenced payment-rate instrument. Closure case: Free public program with at least five performances, paid private show and one unapproved session. (Register status 2026-09-29: No [EXTERNAL 2026-09-29].)",,,,
VN-D282-03,VN,wages,"Eligible state cultural production, approved full/partial output-based budget, role and completed deliverable → labour/session remuneration under Decree 261/2026/ND-CP, creative royalties under the decree governing the payment date (Decree 287/2026/ND-CP from 1 September 2026) and agreed expert fees where applicable",Decree 282/2026/ND-CP art.16(1)–(2); from 14 July 2026,https://congbaocdn.chinhphu.vn/180507251028987904/2026/7/28/470104-1785228994_v1_1785230347_signed.pdf,2026-09-29,2026-07-14,,EXTERNAL,"No budget-award, output acceptance, participant role, fee agreement or payer record selects the correct dated remuneration instrument; tax/insurance classification of each payment needs its own controlling law. Closure case: Full versus partial award, employee session pay, August/September author royalty and hired domestic/foreign expert. (Register status 2026-09-29: No [EXTERNAL 2026-09-29].)",,,,
VN-D282-04,VN,other,"Public cultural/art/sport unit and candidate's degree, specialist marks or qualifying individual awards → exceptional public-employee intake and appropriate talent-attraction treatment after appointment",Decree 282/2026/ND-CP art.26; from 14 July 2026,https://congbaocdn.chinhphu.vn/180507251028987904/2026/7/28/470104-1785228994_v1_1785230347_signed.pdf,2026-09-29,2026-07-14,,EXTERNAL,"No public-unit, verified qualification/award, appointment or effective-date evidence is linked to grade/pay. Art.26(4)–(5) refers to separate recruitment and talent-remuneration instruments whose amounts and conditions need reconciliation. Private employers are outside this intake rule. Closure case: Qualifying graduate versus near-miss, qualifying award, public appointment and first pay month. (Register status 2026-09-29: No [EXTERNAL 2026-09-29].)",,,,
VN-D282-05,VN,other,"Public traditional-art/circus/dance employee with at least 15 years' direct practice, assessed loss of fitness/role suitability and willingness → approved retraining, listed cost support and suitable reassignment consideration",Decree 282/2026/ND-CP art.27; from 14 July 2026,https://congbaocdn.chinhphu.vn/180507251028987904/2026/7/28/470104-1785228994_v1_1785230347_signed.pdf,2026-09-29,2026-07-14,,EXTERNAL,"No prior cumulative practice, health/skills assessment, employee election, authority-approved plan/budget, training spend or later reassignment evidence exists. Support levels depend on approved program and lawful budget rather than a universal payroll amount. Closure case: Fourteen versus fifteen years, mixed prior service, approved course/travel costs and post-training role. (Register status 2026-09-29: No [EXTERNAL 2026-09-29].)",,,,
VN-D282-06,VN,other,"Eligible cultural-industry/digital-innovation/curation worker or expert, authorized nomination and priority program → approved training support; course length and, for support of at least three months, service commitment of at least twice the training period unless another law governs",Decree 282/2026/ND-CP art.28; from 14 July 2026,https://congbaocdn.chinhphu.vn/180507251028987904/2026/7/28/470104-1785228994_v1_1785230347_signed.pdf,2026-09-29,2026-07-14,,EXTERNAL,"Priority-field list, nomination/selection, approved budget, actual attendance/costs and service-commitment evidence are not mapped. The decree also covers nonemployees, so the payer and employment relationship must be selected first. Closure case: Two- versus three-month course, public versus enterprise nominee, later service and separate statutory exception. (Register status 2026-09-29: No [EXTERNAL 2026-09-29].)",,,,
VN-D282-07,VN,other,"State-project, public-administration and cultural-sector provisions → identify any additional employer, worker or remuneration interface, or record article-level nonapplicability by actor","Decree 282/2026/ND-CP arts.1–13,14(4), unlisted branches of arts.15–16, arts.17–25,29–33; from 14 July 2026",https://congbaocdn.chinhphu.vn/180507251028987904/2026/7/28/470104-1785228994_v1_1785230347_signed.pdf,2026-09-29,2026-07-14,,PARTIAL,Source reconciliation 2026-10-03. Integrated: Existing primary source prerequisite; see exact residual.. Remaining: Cultural source pathways and citations present; operative public/state-project/administrative article-level actor scope and all payroll/remuneration interfaces are not closed. | Source-only; historical verification unchanged.,,,,
VN-D287-01,VN,wages,"State-budget commission/assignment/tender or State-represented copyright/right and written agreement, author/owner/performer roles, derivative work, qualifying encouragement and payment timing → lawful royalty and recipient split",Decree 287/2026/ND-CP arts.1–3; from 1 September 2026,https://datafiles.chinhphu.vn/cpp/files/vbpq/2026/7/287_2026_nd-cp_17072026-signed.signed.pdf,2026-09-29,2026-09-01,,PARTIAL,Source reconciliation 2026-10-03. Integrated: State source original commission/assignment/tender/exploitation/accepted agreement/policy and closed creative award roster; frozen precision-safe DISPLAY gross assessment.. Remaining: Native real income class/recipient cash/timing/split settlement unadopted; creative share not certified tax ownership; DISPLAY not disbursement. | Source-only; historical verification unchanged.,,,,
VN-D287-02,VN,wages,"State-funded film genre, approved production cost, creative role and use/exploitation scope → role-specific percentage/cost royalty or licensed-use amount",Decree 287/2026/ND-CP arts.4–6; from 1 September 2026,https://datafiles.chinhphu.vn/cpp/files/vbpq/2026/7/287_2026_nd-cp_17072026-signed.signed.pdf,2026-09-29,2026-09-01,,PARTIAL,Source reconciliation 2026-10-03. Integrated: Film genre/cost/frame/role/exclusion/encouragement/norm/exploitation tables and accepted actual award roster frozen gross pricing.. Remaining: Native classified liability/tax ownership/immutable recipient disbursement transport unadopted. | Source-only; historical verification unchanged.,,,,
VN-D287-03,VN,wages,"State-funded fine-art or photography work, work cost band, model versus finished work, derivative/usage rights and noncommercial purpose → applicable capped percentage or written-agreement royalty",Decree 287/2026/ND-CP arts.7–8; from 1 September 2026,https://datafiles.chinhphu.vn/cpp/files/vbpq/2026/7/287_2026_nd-cp_17072026-signed.signed.pdf,2026-09-29,2026-09-01,,PARTIAL,"Source reconciliation 2026-10-03. Integrated: Fineart/photo actual costband/model/final/derivative/noncommercial/exploitation and norm/encouragement gross assessments; closed precision-safe roster.. Remaining: Native classified original liability,independent tax ownership and actual cash recipient lifecycle unadopted. | Source-only; historical verification unchanged.",,,,
VN-D287-04,VN,wages,"State-funded stage/performance genre, creative role and approved choice of statutory frame versus performance revenue → royalty, role split and qualifying noncommercial exception",Decree 287/2026/ND-CP arts.9–13; from 1 September 2026,https://datafiles.chinhphu.vn/cpp/files/vbpq/2026/7/287_2026_nd-cp_17072026-signed.signed.pdf,2026-09-29,2026-09-01,,PARTIAL,Source reconciliation 2026-10-03. Integrated: Existing primary source prerequisite; see exact residual.. Remaining: State-funded stage gross contractual/statutory-frame/revenue role calculation source adopted DISPLAY only. Native object/ownership/classification/actual liability/payment/tax/physical access-delivery and completed source ledger remain candidate-only. | Source-only; historical verification unchanged.,,,,
VN-D287-05,VN,wages,"State-funded press work, print/digital/radio/TV medium, approved production price and subsequent State-right exploitation → commissioned royalty and qualifying encouragement or licensed-use floor/exemption",Decree 287/2026/ND-CP arts.14–16; from 1 September 2026,https://datafiles.chinhphu.vn/cpp/files/vbpq/2026/7/287_2026_nd-cp_17072026-signed.signed.pdf,2026-09-29,2026-09-01,,PARTIAL,Source reconciliation 2026-10-03. Integrated: Existing primary source prerequisite; see exact residual.. Remaining: Press medium/cost gross and qualifying written source rules adopted DISPLAY only. Native rights/commission/encouragement fund/fiscal close/unreachable-rightsholder/cash/tax/reporting consumers remain candidate-only. | Source-only; historical verification unchanged.,,,,
VN-D287-06,VN,wages,"State-funded publication, genre, price/circulation, use duration and written author agreement → creation and exploitation royalties under publishing percentage frames",Decree 287/2026/ND-CP arts.17–18; from 1 September 2026,https://datafiles.chinhphu.vn/cpp/files/vbpq/2026/7/287_2026_nd-cp_17072026-signed.signed.pdf,2026-09-29,2026-09-01,,PARTIAL,Source reconciliation 2026-10-03. Integrated: Existing primary source prerequisite; see exact residual.. Remaining: Publishing percentage/price-circulation/duration gross source adopted DISPLAY only. Native object/exploitation/actual recipient liability/payment/tax/delivery/competent local schedule consumer remains candidate-only. | Source-only; historical verification unchanged.,,,,
VN-D287-07,VN,wages,Date of state-funded order/assignment/tender or State-right exploitation and signed agreement → preserve the law at the original event; repeal Decrees 18/2014 and 21/2015 prospectively; apply later referenced-law amendments and competent ministry/province detailed rate schedules,Decree 287/2026/ND-CP arts.19–21; 1 September 2026 transition,https://datafiles.chinhphu.vn/cpp/files/vbpq/2026/7/287_2026_nd-cp_17072026-signed.signed.pdf,2026-09-29,2026-09-01,,PARTIAL,Source reconciliation 2026-10-03. Integrated: Original event-law/agreement dates preserve State commission/exploitation source pricing;D18/2014/D21/2015 predecessor and actual delegated original instruments captured.. Remaining: Original native classified liability/payment/receipt/cross-effective tax transport unadopted;nonzero transition interpretation unresolved. | Source-only; historical verification unchanged.,,,,
VN-D12-01,VN,other,"Employer wage, hours, SI, UI, union, contract or HR offence plus act/end date → apply the then-operative offence and restoration rule; preserve old-law liability when discovered after replacement","Decree 12/2022/ND-CP and amendments; 1 December 2025–9 September 2026 completed acts, with later decisions under Decree 283/2026/ND-CP art.67",https://congbao.chinhphu.vn/van-ban/nghi-dinh-so-12-2022-nd-cp-36716.htm,2026-09-29,2025-12-01,2026-09-09,EXTERNAL,"The Decree 12/2022/ND-CP article and amendment inventory, dated actor and sanction-to-remedy mapping, and authority decision evidence have not been reconciled. Using Decree 283/2026/ND-CP for a completed August act would be wrong. Closure case: Identical offence completed on 9/10 September, and an August completed act discovered in October. (Register status 2026-09-29: No [EXTERNAL 2026-09-29].) Decree 12/2022 context: governs employer labour/SI offence remedies at the 1 December 2025 opening date and acts completed before Decree 283/2026 took effect (D283 art.67(1)); the later schedule cannot be applied retrospectively to a completed old act. The Official Gazette text-layer copy (signed original https://datafiles.chinhphu.vn/cpp/files/vbpq/2022/01/12-2022-nd.signed.pdf) was read for arts.6,17–18,38–41,62–63; art.39(10)(b) specifies twice the previous year’s average SI-fund investment rate for certain SI/UI remedies, while SI2024 arts.40–41 specify 0.03% per day from 1 July 2025; the source hierarchy and applicable period need express resolution, and neither amount may be selected merely because one appears in an older decree.",,,,
VN-D12-02,VN,other,"Individual versus organization, offence date, affected workers and repetitions → correct old fine band, organization multiplier and lawful repeated-act treatment",Decree 12/2022/ND-CP arts.5–6; opening period and completed old acts,https://congbao.chinhphu.vn/van-ban/nghi-dinh-so-12-2022-nd-cp-36716.htm,2026-09-29,2025-12-01,2026-09-09,EXTERNAL,"No dated enforcement finding or actor/status input. Art.6 generally doubles the stated individual fine for a covered organization but lists organization-only exceptions; the 2026 decree has a different exception list and repeated-fund-offence treatment. Closure case: Individual, enterprise and household; one versus repeated old act, compared with Decree 283/2026/ND-CP after 10 September. (Register status 2026-09-29: No [EXTERNAL 2026-09-29].)",,,,
VN-D12-03,VN,other,"Wage-scale publication, payslip, agreed/minimum/OT/night/leave wages, affected-worker band and lawful SI/HI/UI exclusion → correct wage/cash-equivalent remediation plus highest state-commercial-bank non-term deposit rate at sanction time",Decree 12/2022/ND-CP art.17; opening period and completed old acts,https://congbao.chinhphu.vn/van-ban/nghi-dinh-so-12-2022-nd-cp-36716.htm,2026-09-29,2025-12-01,2026-09-09,EXTERNAL,"No authority finding, old-period affected-worker count, sanction-date bank-rate source or arrears/interest payment evidence. This employer remedy is separate from ordinary monthly withholding and from Labour Code 45/2019/QH14 (consolidation 18/VBHN-VPQH of 12 Feb 2026) art.97 delay compensation. Closure case: Ten/eleven underpaid workers, missing wage statement, excluded worker's cash equivalent and dated sanction. (Register status 2026-09-29: No [EXTERNAL 2026-09-29].)",,,,
VN-D12-04,VN,other,"Ordinary/OT hours, consent, annual 200–300-hour notice, breaks and leave → lawful working-time/rest process and response to an established offence",Decree 12/2022/ND-CP art.18; opening period and completed old acts,https://congbao.chinhphu.vn/van-ban/nghi-dinh-so-12-2022-nd-cp-36716.htm,2026-09-29,2025-12-01,2026-09-09,EXTERNAL,"No complete historical roster, worker consent, notice receipt or enforcement record. The signed 2022 text names the then-current labour department for the 200–300-hour notice; any 2025/2026 administrative successor must be established independently. Closure case: 200/201 annual OT hours, missed break, unlawful normal hours and correct receiving agency. (Register status 2026-09-29: No [EXTERNAL 2026-09-29].)",,,,
VN-D12-05,VN,other,"Covered employer, required trade-union fund, amount/due date and authority decision → pay missing principal plus highest state-commercial-bank non-term deposit interest within 30 days after sanction",Decree 12/2022/ND-CP art.38; opening period and completed old acts,https://congbao.chinhphu.vn/van-ban/nghi-dinh-so-12-2022-nd-cp-36716.htm,2026-09-29,2025-12-01,2026-09-09,EXTERNAL,"No fund remittance, deficit, decision or interest-rate history is saved. Art.38(1) distinguishes late, wrong-rate and too-few-covered-worker funding from full nonpayment; later Decree 283/2026/ND-CP art.42 adds distinct branches. Closure case: Wrong base, omitted worker, full nonpayment and sanction on either side of 10 September. (Register status 2026-09-29: No [EXTERNAL 2026-09-29].)",,,,
VN-D12-06,VN,other,"SI/UI participation, insured wage, remittance, concealment and authority order → identify old-decree offence band and lawful fund arrears/remedial amount after the 2024-law commencement",Decree 12/2022/ND-CP art.39(1)–(10) and Social Insurance Law 41/2024/QH15 arts.40–41; reviewed December 2025–September 2026 period,https://congbao.chinhphu.vn/van-ban/nghi-dinh-so-12-2022-nd-cp-36716.htm,2026-09-29,2025-12-01,2026-09-09,EXTERNAL,"Art.39's text includes a twice-prior-year-fund-investment-rate remedy, whereas the later statute says 0.03% per day; cross-rank, repeal and transition effect are unresolved. Some art.39 clauses also cite the repealed 2014 SI Act, so their offence predicates need current-law reconciliation before pricing. Closure case: December 2025 late versus evaded payment, 2024-law rate compared with old-decree text, and September 2026 boundary. (Register status 2026-09-29: No [EXTERNAL 2026-09-29].)",,,,
VN-D12-07,VN,other,"Employer benefit claim, worker job/exit record, injury recovery payment and authority request → accurate claim and prompt worker benefit/document delivery, with restitution for fraud/withholding",Decree 12/2022/ND-CP arts.40–41; opening period and completed old acts,https://congbao.chinhphu.vn/van-ban/nghi-dinh-so-12-2022-nd-cp-36716.htm,2026-09-29,2025-12-01,2026-09-09,EXTERNAL,"No dated claim, fund receipt, five-day onward payment, worker notice, SI book or return-of-benefit evidence. The 2022 clauses cross-reference predecessor SI/UI statutes, so current eligibility and deadlines need reconciliation against Social Insurance Law 41/2024/QH15/Employment Law 74/2025/QH15. Closure case: False claim, recovery benefit held beyond five days, worker exit and employment-change report. (Register status 2026-09-29: No [EXTERNAL 2026-09-29].)",,,,
VN-D12-08,VN,other,"Remaining employer, intermediary, worker, authority and procedural clauses → split each operative obligation and remedial order or record article-level nonapplicability by actor","Decree 12/2022/ND-CP arts.1–4,7–16,19–37,42–64; opening period and completed old acts",https://congbao.chinhphu.vn/van-ban/nghi-dinh-so-12-2022-nd-cp-36716.htm,2026-09-29,2025-12-01,2026-09-09,EXTERNAL,"The official Gazette text was screened for the payroll-impact clauses above, but the remaining employment, OSH, protected-worker, outbound-worker and authority provisions have not been dispositioned branch by branch. Closure case: Article-by-article actor map, current-law cross-references, repeal/amendment history and saved response evidence. (Register status 2026-09-29: No [EXTERNAL 2026-09-29].)",,,,
VN-D283-01,VN,other,"Actor (individual, enterprise, household or listed organization), offence, affected workers and start/end/discovery dates → correct fine scale, repeated-act treatment and old/new-law transition","Decree 283/2026/ND-CP arts.3,7,66–67; from 10 September 2026 except staged clauses",https://datafiles.chinhphu.vn/cpp/files/vbpq/2026/7/283-ndcp.signed.pdf,2026-09-29,2026-09-10,,EXTERNAL,"No actor classification, authority finding or dated offence ledger; organizational doubling and art.7(4)'s one-offence treatment of specified repeated fund nonpayment cannot be inferred from a payslip. Arts.66(2)–(3) defer named authority and foreign-organization clauses. Closure case: Individual versus enterprise; one completed pre-September act, continuing act, and repeated late SI payment. (Register status 2026-09-29: No [EXTERNAL 2026-09-29].) Decree 283/2026 context: checked against the official 100-page signed PDF and Gazette DOCX (https://congbao.chinhphu.vn/van-ban/nghi-dinh-so-283-2026-nd-cp-470103.htm); generally effective 10 September 2026, replacing Decree 12/2022, with staged provisions in art.66; sanction amounts are individual amounts unless art.7(1) lists an organization-only exception, and a covered organization generally faces twice the individual amount; fines, interest and ordered arrears are distinct liabilities and no employer fine is an automatic worker deduction; the offence clauses and cross-referenced duties are not yet a closed branch inventory.",,,,
VN-D283-02,VN,other,"Covered employment-service operator, recruitment/management or foreign-worker actor and duty → comply with applicable licence, registration, worker-management and permit obligations; retain authority correction evidence",Decree 283/2026/ND-CP arts.8–14; from 10 September 2026 subject to art.66(3),https://datafiles.chinhphu.vn/cpp/files/vbpq/2026/7/283-ndcp.signed.pdf,2026-09-29,2026-09-10,,EXTERNAL,"Public employment service, private service business and ordinary employer are distinct actors; no provision-by-provision actor/exclusion ledger or licensing/permit workflow. Art.14 and art.7(2)(e)–(h) await a later decree's commencement. Closure case: Ordinary employer, licensed intermediary and a Vietnamese worker engaged by a foreign organization. (Register status 2026-09-29: No [EXTERNAL 2026-09-29].)",,,,
VN-D283-03,VN,other,"Contract, probation, transfer, termination, labour dispatch, training, dialogue and collective-bargaining events → correct underlying HR action and any ordered reinstatement, pay or reimbursement",Decree 283/2026/ND-CP arts.15–22; from 10 September 2026,https://datafiles.chinhphu.vn/cpp/files/vbpq/2026/7/283-ndcp.signed.pdf,2026-09-29,2026-09-10,,EXTERNAL,"Each offence and restorative order still needs to be matched to the controlling Labour Code branch, employer evidence, amount and saved correction; a generic contract record does not prove process. Closure case: Invalid probation, unlawful termination, dispatch and missing worker dialogue. (Register status 2026-09-29: No [EXTERNAL 2026-09-29].)",,,,
VN-D283-04,VN,other,"Published wage scales/bonus rules, equal-value work, actual wage versus minimum/contract/overtime/night/leave obligations and affected-worker count → correction and full wage plus prescribed interest if ordered","Decree 283/2026/ND-CP art.23(1)–(3),(5)(a); from 10 September 2026",https://datafiles.chinhphu.vn/cpp/files/vbpq/2026/7/283-ndcp.signed.pdf,2026-09-29,2026-09-10,,EXTERNAL,"No authority finding, infringement count, sanction-date rate or arrears workflow. Art.23(5)(a)'s interest is based on the **highest non-term deposit rate published by state commercial banks at sanction time**, not automatically the Labour Code art.97 late-wage rate. Closure case: Missing payslip, 10/11 affected workers, regional minimum underpay and authority order with dated bank rate. (Register status 2026-09-29: No [EXTERNAL 2026-09-29].)",,,,
VN-D283-05,VN,other,"Worker lawfully excluded from SI/HI/UI, pay-period wages, applicable employer-equivalent contribution and affected-worker count → pay missing cash equivalent with prescribed sanction-time interest if ordered","Decree 283/2026/ND-CP art.23(4),(5)(b); from 10 September 2026",https://datafiles.chinhphu.vn/cpp/files/vbpq/2026/7/283-ndcp.signed.pdf,2026-09-29,2026-09-10,,EXTERNAL,"The active `INSURANCE_EQUIVALENT` allowance is now paid without an HR row wherever its eligibility admits the worker (issue 46), but is not proof of lawful exclusion, simultaneous payment, all three scheme shares or corrective interest. Fine bands differ from art.23(2)'s wage bands. Closure case: Uninsured lawful exclusion, partial coverage, 10/11 worker boundary and past underpayment order. (Register status 2026-09-29: No [IN-SYSTEM 2026-09-29].)",allowance_catalogue:INSURANCE_EQUIVALENT,,,
VN-D283-06,VN,other,"Ordinary/OT hours, employee consent, annual 200–300 hour exception notice, breaks, weekly/annual/festival rest and affected-worker count → lawful schedule and authority response",Decree 283/2026/ND-CP art.24; from 10 September 2026,https://datafiles.chinhphu.vn/cpp/files/vbpq/2026/7/283-ndcp.signed.pdf,2026-09-29,2026-09-10,,EXTERNAL,"No complete schedule/consent/notice evidence or per-worker offence reconciliation; the legal pay rule and the separate employer penalty must be represented separately. Closure case: Day 8/10 normal-hours choice, 201st OT hour with notice, missed rest and 10/11 affected workers. (Register status 2026-09-29: No [EXTERNAL 2026-09-29].)",,,,
VN-D283-07,VN,other,"Discipline, suspension, protected female/minor/older/disabled/domestic worker or strike event → lawful HR process and any ordered reinstatement, repayment, treatment or wage remedy",Decree 283/2026/ND-CP arts.25–30; from 10 September 2026,https://datafiles.chinhphu.vn/cpp/files/vbpq/2026/7/283-ndcp.signed.pdf,2026-09-29,2026-09-10,,EXTERNAL,"No complete cohort and decision evidence, restitution ledger or saved correction; many clauses are conduct prohibitions rather than a tax/contribution formula. Closure case: Improper wage fine, suspension refund, protected worker and strike participant. (Register status 2026-09-29: No [EXTERNAL 2026-09-29].)",,,,
VN-D283-08,VN,other,"Hazardous work, OSH reports/training/equipment/monitoring, accident and disease → inspection evidence, claim/compensation and any ordered employer correction",Decree 283/2026/ND-CP arts.31–38; from 10 September 2026,https://datafiles.chinhphu.vn/cpp/files/vbpq/2026/7/283-ndcp.signed.pdf,2026-09-29,2026-09-10,,EXTERNAL,"Sector risk and incident evidence, competent assessor duties and employer payment/remedy clauses are not split to their own actors and saved outcomes. Closure case: Reportable accident, occupational disease, untrained worker and inspection finding. (Register status 2026-09-29: No [EXTERNAL 2026-09-29].)",,,,
VN-D283-09,VN,other,"Representative/union activity, covered payroll, due contribution, late/missing remittance and authority order → protected rights, pay union fund principal and art.42 statutory interest within 30 days of sanction decision",Decree 283/2026/ND-CP arts.39–42; from 10 September 2026,https://datafiles.chinhphu.vn/cpp/files/vbpq/2026/7/283-ndcp.signed.pdf,2026-09-29,2026-09-10,,EXTERNAL,"Representative interference and organization-only fund-use offences need actor separation; no dated union remittance, sanction-rate source or correction evidence exists. Art.42(1)–(2) fine scale is tied to the unpaid fund, not employee wages. Closure case: Late and absent fund payment, full nonpayment, 30-day remedy and organization actor. (Register status 2026-09-29: No [EXTERNAL 2026-09-29].)",,,,
VN-D283-10,VN,other,"SI registration count, contribution wages, due/actual dates, official urging and legal evasion classification → correct late-versus-evasion sanction and fund principal plus 0.03% per day restoration",Decree 283/2026/ND-CP arts.43–44; from 10 September 2026,https://datafiles.chinhphu.vn/cpp/files/vbpq/2026/7/283-ndcp.signed.pdf,2026-09-29,2026-09-10,,EXTERNAL,"No saved regulator finding, 60-day/urging chronology, lawful non-evasion exception or arrears/day calculation. Fine classes distinguish headcount from unpaid sum; organizational doubling is separate. Closure case: Nine/ten registrants, 59/61 days, lower insured base and late-versus-evasion order. (Register status 2026-09-29: No [EXTERNAL 2026-09-29].)",,,,
VN-D283-11,VN,other,"UI registration count, contribution wages, due/actual dates, official urging and legal evasion classification → correct late-versus-evasion sanction and fund principal plus 0.03% per day restoration",Decree 283/2026/ND-CP arts.45–46; from 10 September 2026,https://datafiles.chinhphu.vn/cpp/files/vbpq/2026/7/283-ndcp.signed.pdf,2026-09-29,2026-09-10,,EXTERNAL,"UI has its own count/fine bands and statutory exceptions; no complete dated UI remittance, authority finding, restoration or saved employer liability. Closure case: Nine/ten workers, 59/61 days, understated UI base and continuing underpayment. (Register status 2026-09-29: No [EXTERNAL 2026-09-29].)",,,,
VN-D283-12,VN,other,"Employer benefit-claim documents, injury-only insurance, exit papers, job-change notice, SI book, worker payout and official information request → timely accurate filing/delivery and return of improperly withheld benefits",Decree 283/2026/ND-CP arts.47–48; from 10 September 2026,https://datafiles.chinhphu.vn/cpp/files/vbpq/2026/7/283-ndcp.signed.pdf,2026-09-29,2026-09-10,,EXTERNAL,"No claim-date, two-working-day exit-document, five-day benefit-pass-through, job-change notification, information-response or money-return evidence; worker-only offences must be separated from employer duties. Closure case: Late termination certificate, benefit received but not forwarded, false claim and official request. (Register status 2026-09-29: No [EXTERNAL 2026-09-29].)",,,,
VN-D283-13,VN,other,"Vietnamese employee sent abroad under licensed service, contractor, investor or training arrangement → correct predeparture/contract/fee, worker-protection and ordered refund or compensation duties",Decree 283/2026/ND-CP arts.49–53; from 10 September 2026,https://datafiles.chinhphu.vn/cpp/files/vbpq/2026/7/283-ndcp.signed.pdf,2026-09-29,2026-09-10,,EXTERNAL,"The four sending-organization actors and worker-only art.53 branch are not mapped to employer-of-record and remuneration/fee records; every offence/remedy still needs source-to-output review. Closure case: Licensed placement, own overseas project, foreign training and worker-only breach. (Register status 2026-09-29: No [EXTERNAL 2026-09-29].)",,,,
VN-D283-14,VN,other,"Jurisdiction, enforcement authority, proceeding and decision dates → preserve procedural record, execute applicable remedial order and apply art.67 transition; identify authority-only provisions by actor","Decree 283/2026/ND-CP arts.1–7,54–68; from 10 September 2026 with staged provisions",https://datafiles.chinhphu.vn/cpp/files/vbpq/2026/7/283-ndcp.signed.pdf,2026-09-29,2026-09-10,,EXTERNAL,"No article-level disposition of authority powers or employer execution/appeal interface, no authoritative commencement date for the staged clauses, and no closed mapping of every subsidiary law referenced in offence definitions. Closure case: Completed versus continuing pre-September act, later effective staged clause and executed remedy. (Register status 2026-09-29: No [EXTERNAL 2026-09-29].)",,,,
VN-LATE-01,VN,contribution,"A record dated in a month already settled early is paid as a (YYYY-MM) line of the next period. PIT, social, health and unemployment insurance and the trade-union charges bill it with the month it is paid.","PIT Law 04/2007/QH12 with Circular 111/2013/TT-BTC art.8(2) (taxable employment income arises when the payer pays it); Social Insurance Law 41/2024/QH15 art.31, Health Insurance Law art.14, Employment Law 74/2025/QH15 (contribution on the monthly salary in the labour contract); Trade Union Law 50/2024/QH15.",https://vanban.chinhphu.vn/?classid=1&docid=51258&pageid=27160&typegroupid=3,2026-10-01,2025-12-01,,IMPLEMENTED,"Gated by tests/payroll-run-orderings.test.ts, the 'leave and overtime recorded after the early settlement' and 'an off-cycle bonus after the next period's late lines' cases at a low, middle and high wage: each late line is paid once; an EARNED scheme's two months and year to date equal the combined path to the cent, a later run of the paid month billing the late lines and their top-up as the earned month's (`payslips.adjustments.earned_period`, `payslips.statutory.earned_*`); a PAID scheme's late statutory equals bill(next month incl. the late lines) − bill(next month without them). Those titles are templated per lineage, so no golden is named. Unset is PAID, a lawful cash-basis default. PIT: income is taxed when paid, PAID. SI, HI, UI, UNION_DUES, UNION_FEE: priced on the contract's monthly salary, with no rule moving a late payment into its earned month. Owner-delegated rule (2026-10-01): where the law is silent on the month a late line belongs to, PAID. ",statutory_contributions:SI|HI|UI|PIT|UNION_DUES|UNION_FEE.late_line_month,,,
